filename,date,sample_column_counts,sample_rows,lane_numeric_type_errors,schema_signature,parse_errors,status
d07_text_station_5min_2026_01_01.txt.gz,2026-01-01,"{""52"": 300}",300,0,52|timestamp|station|district|freeway|direction|lane_type|station_length|samples|percent_observed|total_flow|avg_occupancy|avg_speed|lane_1_lane_samples|lane_1_lane_flow|lane_1_lane_occupancy|lane_1_lane_speed|lane_1_lane_observed|lane_2_lane_samples|lane_2_lane_flow|lane_2_lane_occupancy|lane_2_lane_speed|lane_2_lane_observed|lane_3_lane_samples|lane_3_lane_flow|lane_3_lane_occupancy|lane_3_lane_speed|lane_3_lane_observed|lane_4_lane_samples|lane_4_lane_flow|lane_4_lane_occupancy|lane_4_lane_speed|lane_4_lane_observed|lane_5_lane_samples|lane_5_lane_flow|lane_5_lane_occupancy|lane_5_lane_speed|lane_5_lane_observed|lane_6_lane_samples|lane_6_lane_flow|lane_6_lane_occupancy|lane_6_lane_speed|lane_6_lane_observed|lane_7_lane_samples|lane_7_lane_flow|lane_7_lane_occupancy|lane_7_lane_speed|lane_7_lane_observed|lane_8_lane_samples|lane_8_lane_flow|lane_8_lane_occupancy|lane_8_lane_speed|lane_8_lane_observed,0,PASS
d07_text_station_5min_2026_01_02.txt.gz,2026-01-02,"{""52"": 300}",300,0,52|timestamp|station|district|freeway|direction|lane_type|station_length|samples|percent_observed|total_flow|avg_occupancy|avg_speed|lane_1_lane_samples|lane_1_lane_flow|lane_1_lane_occupancy|lane_1_lane_speed|lane_1_lane_observed|lane_2_lane_samples|lane_2_lane_flow|lane_2_lane_occupancy|lane_2_lane_speed|lane_2_lane_observed|lane_3_lane_samples|lane_3_lane_flow|lane_3_lane_occupancy|lane_3_lane_speed|lane_3_lane_observed|lane_4_lane_samples|lane_4_lane_flow|lane_4_lane_occupancy|lane_4_lane_speed|lane_4_lane_observed|lane_5_lane_samples|lane_5_lane_flow|lane_5_lane_occupancy|lane_5_lane_speed|lane_5_lane_observed|lane_6_lane_samples|lane_6_lane_flow|lane_6_lane_occupancy|lane_6_lane_speed|lane_6_lane_observed|lane_7_lane_samples|lane_7_lane_flow|lane_7_lane_occupancy|lane_7_lane_speed|lane_7_lane_observed|lane_8_lane_samples|lane_8_lane_flow|lane_8_lane_occupancy|lane_8_lane_speed|lane_8_lane_observed,0,PASS
d07_text_station_5min_2026_01_03.txt.gz,2026-01-03,"{""52"": 300}",300,0,52|timestamp|station|district|freeway|direction|lane_type|station_length|samples|percent_observed|total_flow|avg_occupancy|avg_speed|lane_1_lane_samples|lane_1_lane_flow|lane_1_lane_occupancy|lane_1_lane_speed|lane_1_lane_observed|lane_2_lane_samples|lane_2_lane_flow|lane_2_lane_occupancy|lane_2_lane_speed|lane_2_lane_observed|lane_3_lane_samples|lane_3_lane_flow|lane_3_lane_occupancy|lane_3_lane_speed|lane_3_lane_observed|lane_4_lane_samples|lane_4_lane_flow|lane_4_lane_occupancy|lane_4_lane_speed|lane_4_lane_observed|lane_5_lane_samples|lane_5_lane_flow|lane_5_lane_occupancy|lane_5_lane_speed|lane_5_lane_observed|lane_6_lane_samples|lane_6_lane_flow|lane_6_lane_occupancy|lane_6_lane_speed|lane_6_lane_observed|lane_7_lane_samples|lane_7_lane_flow|lane_7_lane_occupancy|lane_7_lane_speed|lane_7_lane_observed|lane_8_lane_samples|lane_8_lane_flow|lane_8_lane_occupancy|lane_8_lane_speed|lane_8_lane_observed,0,PASS
d07_text_station_5min_2026_01_04.txt.gz,2026-01-04,"{""52"": 300}",300,0,52|timestamp|station|district|freeway|direction|lane_type|station_length|samples|percent_observed|total_flow|avg_occupancy|avg_speed|lane_1_lane_samples|lane_1_lane_flow|lane_1_lane_occupancy|lane_1_lane_speed|lane_1_lane_observed|lane_2_lane_samples|lane_2_lane_flow|lane_2_lane_occupancy|lane_2_lane_speed|lane_2_lane_observed|lane_3_lane_samples|lane_3_lane_flow|lane_3_lane_occupancy|lane_3_lane_speed|lane_3_lane_observed|lane_4_lane_samples|lane_4_lane_flow|lane_4_lane_occupancy|lane_4_lane_speed|lane_4_lane_observed|lane_5_lane_samples|lane_5_lane_flow|lane_5_lane_occupancy|lane_5_lane_speed|lane_5_lane_observed|lane_6_lane_samples|lane_6_lane_flow|lane_6_lane_occupancy|lane_6_lane_speed|lane_6_lane_observed|lane_7_lane_samples|lane_7_lane_flow|lane_7_lane_occupancy|lane_7_lane_speed|lane_7_lane_observed|lane_8_lane_samples|lane_8_lane_flow|lane_8_lane_occupancy|lane_8_lane_speed|lane_8_lane_observed,0,PASS
d07_text_station_5min_2026_01_05.txt.gz,2026-01-05,"{""52"": 300}",300,0,52|timestamp|station|district|freeway|direction|lane_type|station_length|samples|percent_observed|total_flow|avg_occupancy|avg_speed|lane_1_lane_samples|lane_1_lane_flow|lane_1_lane_occupancy|lane_1_lane_speed|lane_1_lane_observed|lane_2_lane_samples|lane_2_lane_flow|lane_2_lane_occupancy|lane_2_lane_speed|lane_2_lane_observed|lane_3_lane_samples|lane_3_lane_flow|lane_3_lane_occupancy|lane_3_lane_speed|lane_3_lane_observed|lane_4_lane_samples|lane_4_lane_flow|lane_4_lane_occupancy|lane_4_lane_speed|lane_4_lane_observed|lane_5_lane_samples|lane_5_lane_flow|lane_5_lane_occupancy|lane_5_lane_speed|lane_5_lane_observed|lane_6_lane_samples|lane_6_lane_flow|lane_6_lane_occupancy|lane_6_lane_speed|lane_6_lane_observed|lane_7_lane_samples|lane_7_lane_flow|lane_7_lane_occupancy|lane_7_lane_speed|lane_7_lane_observed|lane_8_lane_samples|lane_8_lane_flow|lane_8_lane_occupancy|lane_8_lane_speed|lane_8_lane_observed,0,PASS
d07_text_station_5min_2026_01_06.txt.gz,2026-01-06,"{""52"": 300}",300,0,52|timestamp|station|district|freeway|direction|lane_type|station_length|samples|percent_observed|total_flow|avg_occupancy|avg_speed|lane_1_lane_samples|lane_1_lane_flow|lane_1_lane_occupancy|lane_1_lane_speed|lane_1_lane_observed|lane_2_lane_samples|lane_2_lane_flow|lane_2_lane_occupancy|lane_2_lane_speed|lane_2_lane_observed|lane_3_lane_samples|lane_3_lane_flow|lane_3_lane_occupancy|lane_3_lane_speed|lane_3_lane_observed|lane_4_lane_samples|lane_4_lane_flow|lane_4_lane_occupancy|lane_4_lane_speed|lane_4_lane_observed|lane_5_lane_samples|lane_5_lane_flow|lane_5_lane_occupancy|lane_5_lane_speed|lane_5_lane_observed|lane_6_lane_samples|lane_6_lane_flow|lane_6_lane_occupancy|lane_6_lane_speed|lane_6_lane_observed|lane_7_lane_samples|lane_7_lane_flow|lane_7_lane_occupancy|lane_7_lane_speed|lane_7_lane_observed|lane_8_lane_samples|lane_8_lane_flow|lane_8_lane_occupancy|lane_8_lane_speed|lane_8_lane_observed,0,PASS
d07_text_station_5min_2026_01_07.txt.gz,2026-01-07,"{""52"": 300}",300,0,52|timestamp|station|district|freeway|direction|lane_type|station_length|samples|percent_observed|total_flow|avg_occupancy|avg_speed|lane_1_lane_samples|lane_1_lane_flow|lane_1_lane_occupancy|lane_1_lane_speed|lane_1_lane_observed|lane_2_lane_samples|lane_2_lane_flow|lane_2_lane_occupancy|lane_2_lane_speed|lane_2_lane_observed|lane_3_lane_samples|lane_3_lane_flow|lane_3_lane_occupancy|lane_3_lane_speed|lane_3_lane_observed|lane_4_lane_samples|lane_4_lane_flow|lane_4_lane_occupancy|lane_4_lane_speed|lane_4_lane_observed|lane_5_lane_samples|lane_5_lane_flow|lane_5_lane_occupancy|lane_5_lane_speed|lane_5_lane_observed|lane_6_lane_samples|lane_6_lane_flow|lane_6_lane_occupancy|lane_6_lane_speed|lane_6_lane_observed|lane_7_lane_samples|lane_7_lane_flow|lane_7_lane_occupancy|lane_7_lane_speed|lane_7_lane_observed|lane_8_lane_samples|lane_8_lane_flow|lane_8_lane_occupancy|lane_8_lane_speed|lane_8_lane_observed,0,PASS
d07_text_station_5min_2026_01_08.txt.gz,2026-01-08,"{""52"": 300}",300,0,52|timestamp|station|district|freeway|direction|lane_type|station_length|samples|percent_observed|total_flow|avg_occupancy|avg_speed|lane_1_lane_samples|lane_1_lane_flow|lane_1_lane_occupancy|lane_1_lane_speed|lane_1_lane_observed|lane_2_lane_samples|lane_2_lane_flow|lane_2_lane_occupancy|lane_2_lane_speed|lane_2_lane_observed|lane_3_lane_samples|lane_3_lane_flow|lane_3_lane_occupancy|lane_3_lane_speed|lane_3_lane_observed|lane_4_lane_samples|lane_4_lane_flow|lane_4_lane_occupancy|lane_4_lane_speed|lane_4_lane_observed|lane_5_lane_samples|lane_5_lane_flow|lane_5_lane_occupancy|lane_5_lane_speed|lane_5_lane_observed|lane_6_lane_samples|lane_6_lane_flow|lane_6_lane_occupancy|lane_6_lane_speed|lane_6_lane_observed|lane_7_lane_samples|lane_7_lane_flow|lane_7_lane_occupancy|lane_7_lane_speed|lane_7_lane_observed|lane_8_lane_samples|lane_8_lane_flow|lane_8_lane_occupancy|lane_8_lane_speed|lane_8_lane_observed,0,PASS
d07_text_station_5min_2026_01_09.txt.gz,2026-01-09,"{""52"": 300}",300,0,52|timestamp|station|district|freeway|direction|lane_type|station_length|samples|percent_observed|total_flow|avg_occupancy|avg_speed|lane_1_lane_samples|lane_1_lane_flow|lane_1_lane_occupancy|lane_1_lane_speed|lane_1_lane_observed|lane_2_lane_samples|lane_2_lane_flow|lane_2_lane_occupancy|lane_2_lane_speed|lane_2_lane_observed|lane_3_lane_samples|lane_3_lane_flow|lane_3_lane_occupancy|lane_3_lane_speed|lane_3_lane_observed|lane_4_lane_samples|lane_4_lane_flow|lane_4_lane_occupancy|lane_4_lane_speed|lane_4_lane_observed|lane_5_lane_samples|lane_5_lane_flow|lane_5_lane_occupancy|lane_5_lane_speed|lane_5_lane_observed|lane_6_lane_samples|lane_6_lane_flow|lane_6_lane_occupancy|lane_6_lane_speed|lane_6_lane_observed|lane_7_lane_samples|lane_7_lane_flow|lane_7_lane_occupancy|lane_7_lane_speed|lane_7_lane_observed|lane_8_lane_samples|lane_8_lane_flow|lane_8_lane_occupancy|lane_8_lane_speed|lane_8_lane_observed,0,PASS
d07_text_station_5min_2026_01_10.txt.gz,2026-01-10,"{""52"": 300}",300,0,52|timestamp|station|district|freeway|direction|lane_type|station_length|samples|percent_observed|total_flow|avg_occupancy|avg_speed|lane_1_lane_samples|lane_1_lane_flow|lane_1_lane_occupancy|lane_1_lane_speed|lane_1_lane_observed|lane_2_lane_samples|lane_2_lane_flow|lane_2_lane_occupancy|lane_2_lane_speed|lane_2_lane_observed|lane_3_lane_samples|lane_3_lane_flow|lane_3_lane_occupancy|lane_3_lane_speed|lane_3_lane_observed|lane_4_lane_samples|lane_4_lane_flow|lane_4_lane_occupancy|lane_4_lane_speed|lane_4_lane_observed|lane_5_lane_samples|lane_5_lane_flow|lane_5_lane_occupancy|lane_5_lane_speed|lane_5_lane_observed|lane_6_lane_samples|lane_6_lane_flow|lane_6_lane_occupancy|lane_6_lane_speed|lane_6_lane_observed|lane_7_lane_samples|lane_7_lane_flow|lane_7_lane_occupancy|lane_7_lane_speed|lane_7_lane_observed|lane_8_lane_samples|lane_8_lane_flow|lane_8_lane_occupancy|lane_8_lane_speed|lane_8_lane_observed,0,PASS
d07_text_station_5min_2026_01_11.txt.gz,2026-01-11,"{""52"": 300}",300,0,52|timestamp|station|district|freeway|direction|lane_type|station_length|samples|percent_observed|total_flow|avg_occupancy|avg_speed|lane_1_lane_samples|lane_1_lane_flow|lane_1_lane_occupancy|lane_1_lane_speed|lane_1_lane_observed|lane_2_lane_samples|lane_2_lane_flow|lane_2_lane_occupancy|lane_2_lane_speed|lane_2_lane_observed|lane_3_lane_samples|lane_3_lane_flow|lane_3_lane_occupancy|lane_3_lane_speed|lane_3_lane_observed|lane_4_lane_samples|lane_4_lane_flow|lane_4_lane_occupancy|lane_4_lane_speed|lane_4_lane_observed|lane_5_lane_samples|lane_5_lane_flow|lane_5_lane_occupancy|lane_5_lane_speed|lane_5_lane_observed|lane_6_lane_samples|lane_6_lane_flow|lane_6_lane_occupancy|lane_6_lane_speed|lane_6_lane_observed|lane_7_lane_samples|lane_7_lane_flow|lane_7_lane_occupancy|lane_7_lane_speed|lane_7_lane_observed|lane_8_lane_samples|lane_8_lane_flow|lane_8_lane_occupancy|lane_8_lane_speed|lane_8_lane_observed,0,PASS
d07_text_station_5min_2026_01_12.txt.gz,2026-01-12,"{""52"": 300}",300,0,52|timestamp|station|district|freeway|direction|lane_type|station_length|samples|percent_observed|total_flow|avg_occupancy|avg_speed|lane_1_lane_samples|lane_1_lane_flow|lane_1_lane_occupancy|lane_1_lane_speed|lane_1_lane_observed|lane_2_lane_samples|lane_2_lane_flow|lane_2_lane_occupancy|lane_2_lane_speed|lane_2_lane_observed|lane_3_lane_samples|lane_3_lane_flow|lane_3_lane_occupancy|lane_3_lane_speed|lane_3_lane_observed|lane_4_lane_samples|lane_4_lane_flow|lane_4_lane_occupancy|lane_4_lane_speed|lane_4_lane_observed|lane_5_lane_samples|lane_5_lane_flow|lane_5_lane_occupancy|lane_5_lane_speed|lane_5_lane_observed|lane_6_lane_samples|lane_6_lane_flow|lane_6_lane_occupancy|lane_6_lane_speed|lane_6_lane_observed|lane_7_lane_samples|lane_7_lane_flow|lane_7_lane_occupancy|lane_7_lane_speed|lane_7_lane_observed|lane_8_lane_samples|lane_8_lane_flow|lane_8_lane_occupancy|lane_8_lane_speed|lane_8_lane_observed,0,PASS
d07_text_station_5min_2026_01_13.txt.gz,2026-01-13,"{""52"": 300}",300,0,52|timestamp|station|district|freeway|direction|lane_type|station_length|samples|percent_observed|total_flow|avg_occupancy|avg_speed|lane_1_lane_samples|lane_1_lane_flow|lane_1_lane_occupancy|lane_1_lane_speed|lane_1_lane_observed|lane_2_lane_samples|lane_2_lane_flow|lane_2_lane_occupancy|lane_2_lane_speed|lane_2_lane_observed|lane_3_lane_samples|lane_3_lane_flow|lane_3_lane_occupancy|lane_3_lane_speed|lane_3_lane_observed|lane_4_lane_samples|lane_4_lane_flow|lane_4_lane_occupancy|lane_4_lane_speed|lane_4_lane_observed|lane_5_lane_samples|lane_5_lane_flow|lane_5_lane_occupancy|lane_5_lane_speed|lane_5_lane_observed|lane_6_lane_samples|lane_6_lane_flow|lane_6_lane_occupancy|lane_6_lane_speed|lane_6_lane_observed|lane_7_lane_samples|lane_7_lane_flow|lane_7_lane_occupancy|lane_7_lane_speed|lane_7_lane_observed|lane_8_lane_samples|lane_8_lane_flow|lane_8_lane_occupancy|lane_8_lane_speed|lane_8_lane_observed,0,PASS
d07_text_station_5min_2026_01_14.txt.gz,2026-01-14,"{""52"": 300}",300,0,52|timestamp|station|district|freeway|direction|lane_type|station_length|samples|percent_observed|total_flow|avg_occupancy|avg_speed|lane_1_lane_samples|lane_1_lane_flow|lane_1_lane_occupancy|lane_1_lane_speed|lane_1_lane_observed|lane_2_lane_samples|lane_2_lane_flow|lane_2_lane_occupancy|lane_2_lane_speed|lane_2_lane_observed|lane_3_lane_samples|lane_3_lane_flow|lane_3_lane_occupancy|lane_3_lane_speed|lane_3_lane_observed|lane_4_lane_samples|lane_4_lane_flow|lane_4_lane_occupancy|lane_4_lane_speed|lane_4_lane_observed|lane_5_lane_samples|lane_5_lane_flow|lane_5_lane_occupancy|lane_5_lane_speed|lane_5_lane_observed|lane_6_lane_samples|lane_6_lane_flow|lane_6_lane_occupancy|lane_6_lane_speed|lane_6_lane_observed|lane_7_lane_samples|lane_7_lane_flow|lane_7_lane_occupancy|lane_7_lane_speed|lane_7_lane_observed|lane_8_lane_samples|lane_8_lane_flow|lane_8_lane_occupancy|lane_8_lane_speed|lane_8_lane_observed,0,PASS
d07_text_station_5min_2026_01_15.txt.gz,2026-01-15,"{""52"": 300}",300,0,52|timestamp|station|district|freeway|direction|lane_type|station_length|samples|percent_observed|total_flow|avg_occupancy|avg_speed|lane_1_lane_samples|lane_1_lane_flow|lane_1_lane_occupancy|lane_1_lane_speed|lane_1_lane_observed|lane_2_lane_samples|lane_2_lane_flow|lane_2_lane_occupancy|lane_2_lane_speed|lane_2_lane_observed|lane_3_lane_samples|lane_3_lane_flow|lane_3_lane_occupancy|lane_3_lane_speed|lane_3_lane_observed|lane_4_lane_samples|lane_4_lane_flow|lane_4_lane_occupancy|lane_4_lane_speed|lane_4_lane_observed|lane_5_lane_samples|lane_5_lane_flow|lane_5_lane_occupancy|lane_5_lane_speed|lane_5_lane_observed|lane_6_lane_samples|lane_6_lane_flow|lane_6_lane_occupancy|lane_6_lane_speed|lane_6_lane_observed|lane_7_lane_samples|lane_7_lane_flow|lane_7_lane_occupancy|lane_7_lane_speed|lane_7_lane_observed|lane_8_lane_samples|lane_8_lane_flow|lane_8_lane_occupancy|lane_8_lane_speed|lane_8_lane_observed,0,PASS
d07_text_station_5min_2026_01_16.txt.gz,2026-01-16,"{""52"": 300}",300,0,52|timestamp|station|district|freeway|direction|lane_type|station_length|samples|percent_observed|total_flow|avg_occupancy|avg_speed|lane_1_lane_samples|lane_1_lane_flow|lane_1_lane_occupancy|lane_1_lane_speed|lane_1_lane_observed|lane_2_lane_samples|lane_2_lane_flow|lane_2_lane_occupancy|lane_2_lane_speed|lane_2_lane_observed|lane_3_lane_samples|lane_3_lane_flow|lane_3_lane_occupancy|lane_3_lane_speed|lane_3_lane_observed|lane_4_lane_samples|lane_4_lane_flow|lane_4_lane_occupancy|lane_4_lane_speed|lane_4_lane_observed|lane_5_lane_samples|lane_5_lane_flow|lane_5_lane_occupancy|lane_5_lane_speed|lane_5_lane_observed|lane_6_lane_samples|lane_6_lane_flow|lane_6_lane_occupancy|lane_6_lane_speed|lane_6_lane_observed|lane_7_lane_samples|lane_7_lane_flow|lane_7_lane_occupancy|lane_7_lane_speed|lane_7_lane_observed|lane_8_lane_samples|lane_8_lane_flow|lane_8_lane_occupancy|lane_8_lane_speed|lane_8_lane_observed,0,PASS
d07_text_station_5min_2026_01_17.txt.gz,2026-01-17,"{""52"": 300}",300,0,52|timestamp|station|district|freeway|direction|lane_type|station_length|samples|percent_observed|total_flow|avg_occupancy|avg_speed|lane_1_lane_samples|lane_1_lane_flow|lane_1_lane_occupancy|lane_1_lane_speed|lane_1_lane_observed|lane_2_lane_samples|lane_2_lane_flow|lane_2_lane_occupancy|lane_2_lane_speed|lane_2_lane_observed|lane_3_lane_samples|lane_3_lane_flow|lane_3_lane_occupancy|lane_3_lane_speed|lane_3_lane_observed|lane_4_lane_samples|lane_4_lane_flow|lane_4_lane_occupancy|lane_4_lane_speed|lane_4_lane_observed|lane_5_lane_samples|lane_5_lane_flow|lane_5_lane_occupancy|lane_5_lane_speed|lane_5_lane_observed|lane_6_lane_samples|lane_6_lane_flow|lane_6_lane_occupancy|lane_6_lane_speed|lane_6_lane_observed|lane_7_lane_samples|lane_7_lane_flow|lane_7_lane_occupancy|lane_7_lane_speed|lane_7_lane_observed|lane_8_lane_samples|lane_8_lane_flow|lane_8_lane_occupancy|lane_8_lane_speed|lane_8_lane_observed,0,PASS
d07_text_station_5min_2026_01_18.txt.gz,2026-01-18,"{""52"": 300}",300,0,52|timestamp|station|district|freeway|direction|lane_type|station_length|samples|percent_observed|total_flow|avg_occupancy|avg_speed|lane_1_lane_samples|lane_1_lane_flow|lane_1_lane_occupancy|lane_1_lane_speed|lane_1_lane_observed|lane_2_lane_samples|lane_2_lane_flow|lane_2_lane_occupancy|lane_2_lane_speed|lane_2_lane_observed|lane_3_lane_samples|lane_3_lane_flow|lane_3_lane_occupancy|lane_3_lane_speed|lane_3_lane_observed|lane_4_lane_samples|lane_4_lane_flow|lane_4_lane_occupancy|lane_4_lane_speed|lane_4_lane_observed|lane_5_lane_samples|lane_5_lane_flow|lane_5_lane_occupancy|lane_5_lane_speed|lane_5_lane_observed|lane_6_lane_samples|lane_6_lane_flow|lane_6_lane_occupancy|lane_6_lane_speed|lane_6_lane_observed|lane_7_lane_samples|lane_7_lane_flow|lane_7_lane_occupancy|lane_7_lane_speed|lane_7_lane_observed|lane_8_lane_samples|lane_8_lane_flow|lane_8_lane_occupancy|lane_8_lane_speed|lane_8_lane_observed,0,PASS
d07_text_station_5min_2026_01_19.txt.gz,2026-01-19,"{""52"": 300}",300,0,52|timestamp|station|district|freeway|direction|lane_type|station_length|samples|percent_observed|total_flow|avg_occupancy|avg_speed|lane_1_lane_samples|lane_1_lane_flow|lane_1_lane_occupancy|lane_1_lane_speed|lane_1_lane_observed|lane_2_lane_samples|lane_2_lane_flow|lane_2_lane_occupancy|lane_2_lane_speed|lane_2_lane_observed|lane_3_lane_samples|lane_3_lane_flow|lane_3_lane_occupancy|lane_3_lane_speed|lane_3_lane_observed|lane_4_lane_samples|lane_4_lane_flow|lane_4_lane_occupancy|lane_4_lane_speed|lane_4_lane_observed|lane_5_lane_samples|lane_5_lane_flow|lane_5_lane_occupancy|lane_5_lane_speed|lane_5_lane_observed|lane_6_lane_samples|lane_6_lane_flow|lane_6_lane_occupancy|lane_6_lane_speed|lane_6_lane_observed|lane_7_lane_samples|lane_7_lane_flow|lane_7_lane_occupancy|lane_7_lane_speed|lane_7_lane_observed|lane_8_lane_samples|lane_8_lane_flow|lane_8_lane_occupancy|lane_8_lane_speed|lane_8_lane_observed,0,PASS
d07_text_station_5min_2026_01_20.txt.gz,2026-01-20,"{""52"": 300}",300,0,52|timestamp|station|district|freeway|direction|lane_type|station_length|samples|percent_observed|total_flow|avg_occupancy|avg_speed|lane_1_lane_samples|lane_1_lane_flow|lane_1_lane_occupancy|lane_1_lane_speed|lane_1_lane_observed|lane_2_lane_samples|lane_2_lane_flow|lane_2_lane_occupancy|lane_2_lane_speed|lane_2_lane_observed|lane_3_lane_samples|lane_3_lane_flow|lane_3_lane_occupancy|lane_3_lane_speed|lane_3_lane_observed|lane_4_lane_samples|lane_4_lane_flow|lane_4_lane_occupancy|lane_4_lane_speed|lane_4_lane_observed|lane_5_lane_samples|lane_5_lane_flow|lane_5_lane_occupancy|lane_5_lane_speed|lane_5_lane_observed|lane_6_lane_samples|lane_6_lane_flow|lane_6_lane_occupancy|lane_6_lane_speed|lane_6_lane_observed|lane_7_lane_samples|lane_7_lane_flow|lane_7_lane_occupancy|lane_7_lane_speed|lane_7_lane_observed|lane_8_lane_samples|lane_8_lane_flow|lane_8_lane_occupancy|lane_8_lane_speed|lane_8_lane_observed,0,PASS
d07_text_station_5min_2026_01_21.txt.gz,2026-01-21,"{""52"": 300}",300,0,52|timestamp|station|district|freeway|direction|lane_type|station_length|samples|percent_observed|total_flow|avg_occupancy|avg_speed|lane_1_lane_samples|lane_1_lane_flow|lane_1_lane_occupancy|lane_1_lane_speed|lane_1_lane_observed|lane_2_lane_samples|lane_2_lane_flow|lane_2_lane_occupancy|lane_2_lane_speed|lane_2_lane_observed|lane_3_lane_samples|lane_3_lane_flow|lane_3_lane_occupancy|lane_3_lane_speed|lane_3_lane_observed|lane_4_lane_samples|lane_4_lane_flow|lane_4_lane_occupancy|lane_4_lane_speed|lane_4_lane_observed|lane_5_lane_samples|lane_5_lane_flow|lane_5_lane_occupancy|lane_5_lane_speed|lane_5_lane_observed|lane_6_lane_samples|lane_6_lane_flow|lane_6_lane_occupancy|lane_6_lane_speed|lane_6_lane_observed|lane_7_lane_samples|lane_7_lane_flow|lane_7_lane_occupancy|lane_7_lane_speed|lane_7_lane_observed|lane_8_lane_samples|lane_8_lane_flow|lane_8_lane_occupancy|lane_8_lane_speed|lane_8_lane_observed,0,PASS
d07_text_station_5min_2026_01_22.txt.gz,2026-01-22,"{""52"": 300}",300,0,52|timestamp|station|district|freeway|direction|lane_type|station_length|samples|percent_observed|total_flow|avg_occupancy|avg_speed|lane_1_lane_samples|lane_1_lane_flow|lane_1_lane_occupancy|lane_1_lane_speed|lane_1_lane_observed|lane_2_lane_samples|lane_2_lane_flow|lane_2_lane_occupancy|lane_2_lane_speed|lane_2_lane_observed|lane_3_lane_samples|lane_3_lane_flow|lane_3_lane_occupancy|lane_3_lane_speed|lane_3_lane_observed|lane_4_lane_samples|lane_4_lane_flow|lane_4_lane_occupancy|lane_4_lane_speed|lane_4_lane_observed|lane_5_lane_samples|lane_5_lane_flow|lane_5_lane_occupancy|lane_5_lane_speed|lane_5_lane_observed|lane_6_lane_samples|lane_6_lane_flow|lane_6_lane_occupancy|lane_6_lane_speed|lane_6_lane_observed|lane_7_lane_samples|lane_7_lane_flow|lane_7_lane_occupancy|lane_7_lane_speed|lane_7_lane_observed|lane_8_lane_samples|lane_8_lane_flow|lane_8_lane_occupancy|lane_8_lane_speed|lane_8_lane_observed,0,PASS
d07_text_station_5min_2026_01_24.txt.gz,2026-01-24,"{""52"": 300}",300,0,52|timestamp|station|district|freeway|direction|lane_type|station_length|samples|percent_observed|total_flow|avg_occupancy|avg_speed|lane_1_lane_samples|lane_1_lane_flow|lane_1_lane_occupancy|lane_1_lane_speed|lane_1_lane_observed|lane_2_lane_samples|lane_2_lane_flow|lane_2_lane_occupancy|lane_2_lane_speed|lane_2_lane_observed|lane_3_lane_samples|lane_3_lane_flow|lane_3_lane_occupancy|lane_3_lane_speed|lane_3_lane_observed|lane_4_lane_samples|lane_4_lane_flow|lane_4_lane_occupancy|lane_4_lane_speed|lane_4_lane_observed|lane_5_lane_samples|lane_5_lane_flow|lane_5_lane_occupancy|lane_5_lane_speed|lane_5_lane_observed|lane_6_lane_samples|lane_6_lane_flow|lane_6_lane_occupancy|lane_6_lane_speed|lane_6_lane_observed|lane_7_lane_samples|lane_7_lane_flow|lane_7_lane_occupancy|lane_7_lane_speed|lane_7_lane_observed|lane_8_lane_samples|lane_8_lane_flow|lane_8_lane_occupancy|lane_8_lane_speed|lane_8_lane_observed,0,PASS
d07_text_station_5min_2026_01_25.txt.gz,2026-01-25,"{""52"": 300}",300,0,52|timestamp|station|district|freeway|direction|lane_type|station_length|samples|percent_observed|total_flow|avg_occupancy|avg_speed|lane_1_lane_samples|lane_1_lane_flow|lane_1_lane_occupancy|lane_1_lane_speed|lane_1_lane_observed|lane_2_lane_samples|lane_2_lane_flow|lane_2_lane_occupancy|lane_2_lane_speed|lane_2_lane_observed|lane_3_lane_samples|lane_3_lane_flow|lane_3_lane_occupancy|lane_3_lane_speed|lane_3_lane_observed|lane_4_lane_samples|lane_4_lane_flow|lane_4_lane_occupancy|lane_4_lane_speed|lane_4_lane_observed|lane_5_lane_samples|lane_5_lane_flow|lane_5_lane_occupancy|lane_5_lane_speed|lane_5_lane_observed|lane_6_lane_samples|lane_6_lane_flow|lane_6_lane_occupancy|lane_6_lane_speed|lane_6_lane_observed|lane_7_lane_samples|lane_7_lane_flow|lane_7_lane_occupancy|lane_7_lane_speed|lane_7_lane_observed|lane_8_lane_samples|lane_8_lane_flow|lane_8_lane_occupancy|lane_8_lane_speed|lane_8_lane_observed,0,PASS
d07_text_station_5min_2026_01_26.txt.gz,2026-01-26,"{""52"": 300}",300,0,52|timestamp|station|district|freeway|direction|lane_type|station_length|samples|percent_observed|total_flow|avg_occupancy|avg_speed|lane_1_lane_samples|lane_1_lane_flow|lane_1_lane_occupancy|lane_1_lane_speed|lane_1_lane_observed|lane_2_lane_samples|lane_2_lane_flow|lane_2_lane_occupancy|lane_2_lane_speed|lane_2_lane_observed|lane_3_lane_samples|lane_3_lane_flow|lane_3_lane_occupancy|lane_3_lane_speed|lane_3_lane_observed|lane_4_lane_samples|lane_4_lane_flow|lane_4_lane_occupancy|lane_4_lane_speed|lane_4_lane_observed|lane_5_lane_samples|lane_5_lane_flow|lane_5_lane_occupancy|lane_5_lane_speed|lane_5_lane_observed|lane_6_lane_samples|lane_6_lane_flow|lane_6_lane_occupancy|lane_6_lane_speed|lane_6_lane_observed|lane_7_lane_samples|lane_7_lane_flow|lane_7_lane_occupancy|lane_7_lane_speed|lane_7_lane_observed|lane_8_lane_samples|lane_8_lane_flow|lane_8_lane_occupancy|lane_8_lane_speed|lane_8_lane_observed,0,PASS
d07_text_station_5min_2026_01_27.txt.gz,2026-01-27,"{""52"": 300}",300,0,52|timestamp|station|district|freeway|direction|lane_type|station_length|samples|percent_observed|total_flow|avg_occupancy|avg_speed|lane_1_lane_samples|lane_1_lane_flow|lane_1_lane_occupancy|lane_1_lane_speed|lane_1_lane_observed|lane_2_lane_samples|lane_2_lane_flow|lane_2_lane_occupancy|lane_2_lane_speed|lane_2_lane_observed|lane_3_lane_samples|lane_3_lane_flow|lane_3_lane_occupancy|lane_3_lane_speed|lane_3_lane_observed|lane_4_lane_samples|lane_4_lane_flow|lane_4_lane_occupancy|lane_4_lane_speed|lane_4_lane_observed|lane_5_lane_samples|lane_5_lane_flow|lane_5_lane_occupancy|lane_5_lane_speed|lane_5_lane_observed|lane_6_lane_samples|lane_6_lane_flow|lane_6_lane_occupancy|lane_6_lane_speed|lane_6_lane_observed|lane_7_lane_samples|lane_7_lane_flow|lane_7_lane_occupancy|lane_7_lane_speed|lane_7_lane_observed|lane_8_lane_samples|lane_8_lane_flow|lane_8_lane_occupancy|lane_8_lane_speed|lane_8_lane_observed,0,PASS
d07_text_station_5min_2026_01_28 (1).txt.gz,,"{""52"": 300}",300,0,52|timestamp|station|district|freeway|direction|lane_type|station_length|samples|percent_observed|total_flow|avg_occupancy|avg_speed|lane_1_lane_samples|lane_1_lane_flow|lane_1_lane_occupancy|lane_1_lane_speed|lane_1_lane_observed|lane_2_lane_samples|lane_2_lane_flow|lane_2_lane_occupancy|lane_2_lane_speed|lane_2_lane_observed|lane_3_lane_samples|lane_3_lane_flow|lane_3_lane_occupancy|lane_3_lane_speed|lane_3_lane_observed|lane_4_lane_samples|lane_4_lane_flow|lane_4_lane_occupancy|lane_4_lane_speed|lane_4_lane_observed|lane_5_lane_samples|lane_5_lane_flow|lane_5_lane_occupancy|lane_5_lane_speed|lane_5_lane_observed|lane_6_lane_samples|lane_6_lane_flow|lane_6_lane_occupancy|lane_6_lane_speed|lane_6_lane_observed|lane_7_lane_samples|lane_7_lane_flow|lane_7_lane_occupancy|lane_7_lane_speed|lane_7_lane_observed|lane_8_lane_samples|lane_8_lane_flow|lane_8_lane_occupancy|lane_8_lane_speed|lane_8_lane_observed,,INVALID_FILENAME
d07_text_station_5min_2026_01_28.txt.gz,2026-01-28,"{""52"": 300}",300,0,52|timestamp|station|district|freeway|direction|lane_type|station_length|samples|percent_observed|total_flow|avg_occupancy|avg_speed|lane_1_lane_samples|lane_1_lane_flow|lane_1_lane_occupancy|lane_1_lane_speed|lane_1_lane_observed|lane_2_lane_samples|lane_2_lane_flow|lane_2_lane_occupancy|lane_2_lane_speed|lane_2_lane_observed|lane_3_lane_samples|lane_3_lane_flow|lane_3_lane_occupancy|lane_3_lane_speed|lane_3_lane_observed|lane_4_lane_samples|lane_4_lane_flow|lane_4_lane_occupancy|lane_4_lane_speed|lane_4_lane_observed|lane_5_lane_samples|lane_5_lane_flow|lane_5_lane_occupancy|lane_5_lane_speed|lane_5_lane_observed|lane_6_lane_samples|lane_6_lane_flow|lane_6_lane_occupancy|lane_6_lane_speed|lane_6_lane_observed|lane_7_lane_samples|lane_7_lane_flow|lane_7_lane_occupancy|lane_7_lane_speed|lane_7_lane_observed|lane_8_lane_samples|lane_8_lane_flow|lane_8_lane_occupancy|lane_8_lane_speed|lane_8_lane_observed,0,PASS
d07_text_station_5min_2026_01_29.txt.gz,2026-01-29,"{""52"": 300}",300,0,52|timestamp|station|district|freeway|direction|lane_type|station_length|samples|percent_observed|total_flow|avg_occupancy|avg_speed|lane_1_lane_samples|lane_1_lane_flow|lane_1_lane_occupancy|lane_1_lane_speed|lane_1_lane_observed|lane_2_lane_samples|lane_2_lane_flow|lane_2_lane_occupancy|lane_2_lane_speed|lane_2_lane_observed|lane_3_lane_samples|lane_3_lane_flow|lane_3_lane_occupancy|lane_3_lane_speed|lane_3_lane_observed|lane_4_lane_samples|lane_4_lane_flow|lane_4_lane_occupancy|lane_4_lane_speed|lane_4_lane_observed|lane_5_lane_samples|lane_5_lane_flow|lane_5_lane_occupancy|lane_5_lane_speed|lane_5_lane_observed|lane_6_lane_samples|lane_6_lane_flow|lane_6_lane_occupancy|lane_6_lane_speed|lane_6_lane_observed|lane_7_lane_samples|lane_7_lane_flow|lane_7_lane_occupancy|lane_7_lane_speed|lane_7_lane_observed|lane_8_lane_samples|lane_8_lane_flow|lane_8_lane_occupancy|lane_8_lane_speed|lane_8_lane_observed,0,PASS
d07_text_station_5min_2026_01_30.txt.gz,2026-01-30,"{""52"": 300}",300,0,52|timestamp|station|district|freeway|direction|lane_type|station_length|samples|percent_observed|total_flow|avg_occupancy|avg_speed|lane_1_lane_samples|lane_1_lane_flow|lane_1_lane_occupancy|lane_1_lane_speed|lane_1_lane_observed|lane_2_lane_samples|lane_2_lane_flow|lane_2_lane_occupancy|lane_2_lane_speed|lane_2_lane_observed|lane_3_lane_samples|lane_3_lane_flow|lane_3_lane_occupancy|lane_3_lane_speed|lane_3_lane_observed|lane_4_lane_samples|lane_4_lane_flow|lane_4_lane_occupancy|lane_4_lane_speed|lane_4_lane_observed|lane_5_lane_samples|lane_5_lane_flow|lane_5_lane_occupancy|lane_5_lane_speed|lane_5_lane_observed|lane_6_lane_samples|lane_6_lane_flow|lane_6_lane_occupancy|lane_6_lane_speed|lane_6_lane_observed|lane_7_lane_samples|lane_7_lane_flow|lane_7_lane_occupancy|lane_7_lane_speed|lane_7_lane_observed|lane_8_lane_samples|lane_8_lane_flow|lane_8_lane_occupancy|lane_8_lane_speed|lane_8_lane_observed,0,PASS
d07_text_station_5min_2026_01_31.txt.gz,2026-01-31,"{""52"": 300}",300,0,52|timestamp|station|district|freeway|direction|lane_type|station_length|samples|percent_observed|total_flow|avg_occupancy|avg_speed|lane_1_lane_samples|lane_1_lane_flow|lane_1_lane_occupancy|lane_1_lane_speed|lane_1_lane_observed|lane_2_lane_samples|lane_2_lane_flow|lane_2_lane_occupancy|lane_2_lane_speed|lane_2_lane_observed|lane_3_lane_samples|lane_3_lane_flow|lane_3_lane_occupancy|lane_3_lane_speed|lane_3_lane_observed|lane_4_lane_samples|lane_4_lane_flow|lane_4_lane_occupancy|lane_4_lane_speed|lane_4_lane_observed|lane_5_lane_samples|lane_5_lane_flow|lane_5_lane_occupancy|lane_5_lane_speed|lane_5_lane_observed|lane_6_lane_samples|lane_6_lane_flow|lane_6_lane_occupancy|lane_6_lane_speed|lane_6_lane_observed|lane_7_lane_samples|lane_7_lane_flow|lane_7_lane_occupancy|lane_7_lane_speed|lane_7_lane_observed|lane_8_lane_samples|lane_8_lane_flow|lane_8_lane_occupancy|lane_8_lane_speed|lane_8_lane_observed,0,PASS
d07_text_station_5min_2026_02_02.txt.gz,2026-02-02,"{""52"": 300}",300,0,52|timestamp|station|district|freeway|direction|lane_type|station_length|samples|percent_observed|total_flow|avg_occupancy|avg_speed|lane_1_lane_samples|lane_1_lane_flow|lane_1_lane_occupancy|lane_1_lane_speed|lane_1_lane_observed|lane_2_lane_samples|lane_2_lane_flow|lane_2_lane_occupancy|lane_2_lane_speed|lane_2_lane_observed|lane_3_lane_samples|lane_3_lane_flow|lane_3_lane_occupancy|lane_3_lane_speed|lane_3_lane_observed|lane_4_lane_samples|lane_4_lane_flow|lane_4_lane_occupancy|lane_4_lane_speed|lane_4_lane_observed|lane_5_lane_samples|lane_5_lane_flow|lane_5_lane_occupancy|lane_5_lane_speed|lane_5_lane_observed|lane_6_lane_samples|lane_6_lane_flow|lane_6_lane_occupancy|lane_6_lane_speed|lane_6_lane_observed|lane_7_lane_samples|lane_7_lane_flow|lane_7_lane_occupancy|lane_7_lane_speed|lane_7_lane_observed|lane_8_lane_samples|lane_8_lane_flow|lane_8_lane_occupancy|lane_8_lane_speed|lane_8_lane_observed,0,PASS
d07_text_station_5min_2026_02_03.txt.gz,2026-02-03,"{""52"": 300}",300,0,52|timestamp|station|district|freeway|direction|lane_type|station_length|samples|percent_observed|total_flow|avg_occupancy|avg_speed|lane_1_lane_samples|lane_1_lane_flow|lane_1_lane_occupancy|lane_1_lane_speed|lane_1_lane_observed|lane_2_lane_samples|lane_2_lane_flow|lane_2_lane_occupancy|lane_2_lane_speed|lane_2_lane_observed|lane_3_lane_samples|lane_3_lane_flow|lane_3_lane_occupancy|lane_3_lane_speed|lane_3_lane_observed|lane_4_lane_samples|lane_4_lane_flow|lane_4_lane_occupancy|lane_4_lane_speed|lane_4_lane_observed|lane_5_lane_samples|lane_5_lane_flow|lane_5_lane_occupancy|lane_5_lane_speed|lane_5_lane_observed|lane_6_lane_samples|lane_6_lane_flow|lane_6_lane_occupancy|lane_6_lane_speed|lane_6_lane_observed|lane_7_lane_samples|lane_7_lane_flow|lane_7_lane_occupancy|lane_7_lane_speed|lane_7_lane_observed|lane_8_lane_samples|lane_8_lane_flow|lane_8_lane_occupancy|lane_8_lane_speed|lane_8_lane_observed,0,PASS
d07_text_station_5min_2026_02_04.txt.gz,2026-02-04,"{""52"": 300}",300,0,52|timestamp|station|district|freeway|direction|lane_type|station_length|samples|percent_observed|total_flow|avg_occupancy|avg_speed|lane_1_lane_samples|lane_1_lane_flow|lane_1_lane_occupancy|lane_1_lane_speed|lane_1_lane_observed|lane_2_lane_samples|lane_2_lane_flow|lane_2_lane_occupancy|lane_2_lane_speed|lane_2_lane_observed|lane_3_lane_samples|lane_3_lane_flow|lane_3_lane_occupancy|lane_3_lane_speed|lane_3_lane_observed|lane_4_lane_samples|lane_4_lane_flow|lane_4_lane_occupancy|lane_4_lane_speed|lane_4_lane_observed|lane_5_lane_samples|lane_5_lane_flow|lane_5_lane_occupancy|lane_5_lane_speed|lane_5_lane_observed|lane_6_lane_samples|lane_6_lane_flow|lane_6_lane_occupancy|lane_6_lane_speed|lane_6_lane_observed|lane_7_lane_samples|lane_7_lane_flow|lane_7_lane_occupancy|lane_7_lane_speed|lane_7_lane_observed|lane_8_lane_samples|lane_8_lane_flow|lane_8_lane_occupancy|lane_8_lane_speed|lane_8_lane_observed,0,PASS
d07_text_station_5min_2026_02_05.txt.gz,2026-02-05,"{""52"": 300}",300,0,52|timestamp|station|district|freeway|direction|lane_type|station_length|samples|percent_observed|total_flow|avg_occupancy|avg_speed|lane_1_lane_samples|lane_1_lane_flow|lane_1_lane_occupancy|lane_1_lane_speed|lane_1_lane_observed|lane_2_lane_samples|lane_2_lane_flow|lane_2_lane_occupancy|lane_2_lane_speed|lane_2_lane_observed|lane_3_lane_samples|lane_3_lane_flow|lane_3_lane_occupancy|lane_3_lane_speed|lane_3_lane_observed|lane_4_lane_samples|lane_4_lane_flow|lane_4_lane_occupancy|lane_4_lane_speed|lane_4_lane_observed|lane_5_lane_samples|lane_5_lane_flow|lane_5_lane_occupancy|lane_5_lane_speed|lane_5_lane_observed|lane_6_lane_samples|lane_6_lane_flow|lane_6_lane_occupancy|lane_6_lane_speed|lane_6_lane_observed|lane_7_lane_samples|lane_7_lane_flow|lane_7_lane_occupancy|lane_7_lane_speed|lane_7_lane_observed|lane_8_lane_samples|lane_8_lane_flow|lane_8_lane_occupancy|lane_8_lane_speed|lane_8_lane_observed,0,PASS
d07_text_station_5min_2026_02_07.txt.gz,2026-02-07,"{""52"": 300}",300,0,52|timestamp|station|district|freeway|direction|lane_type|station_length|samples|percent_observed|total_flow|avg_occupancy|avg_speed|lane_1_lane_samples|lane_1_lane_flow|lane_1_lane_occupancy|lane_1_lane_speed|lane_1_lane_observed|lane_2_lane_samples|lane_2_lane_flow|lane_2_lane_occupancy|lane_2_lane_speed|lane_2_lane_observed|lane_3_lane_samples|lane_3_lane_flow|lane_3_lane_occupancy|lane_3_lane_speed|lane_3_lane_observed|lane_4_lane_samples|lane_4_lane_flow|lane_4_lane_occupancy|lane_4_lane_speed|lane_4_lane_observed|lane_5_lane_samples|lane_5_lane_flow|lane_5_lane_occupancy|lane_5_lane_speed|lane_5_lane_observed|lane_6_lane_samples|lane_6_lane_flow|lane_6_lane_occupancy|lane_6_lane_speed|lane_6_lane_observed|lane_7_lane_samples|lane_7_lane_flow|lane_7_lane_occupancy|lane_7_lane_speed|lane_7_lane_observed|lane_8_lane_samples|lane_8_lane_flow|lane_8_lane_occupancy|lane_8_lane_speed|lane_8_lane_observed,0,PASS
d07_text_station_5min_2026_02_08.txt.gz,2026-02-08,"{""52"": 300}",300,0,52|timestamp|station|district|freeway|direction|lane_type|station_length|samples|percent_observed|total_flow|avg_occupancy|avg_speed|lane_1_lane_samples|lane_1_lane_flow|lane_1_lane_occupancy|lane_1_lane_speed|lane_1_lane_observed|lane_2_lane_samples|lane_2_lane_flow|lane_2_lane_occupancy|lane_2_lane_speed|lane_2_lane_observed|lane_3_lane_samples|lane_3_lane_flow|lane_3_lane_occupancy|lane_3_lane_speed|lane_3_lane_observed|lane_4_lane_samples|lane_4_lane_flow|lane_4_lane_occupancy|lane_4_lane_speed|lane_4_lane_observed|lane_5_lane_samples|lane_5_lane_flow|lane_5_lane_occupancy|lane_5_lane_speed|lane_5_lane_observed|lane_6_lane_samples|lane_6_lane_flow|lane_6_lane_occupancy|lane_6_lane_speed|lane_6_lane_observed|lane_7_lane_samples|lane_7_lane_flow|lane_7_lane_occupancy|lane_7_lane_speed|lane_7_lane_observed|lane_8_lane_samples|lane_8_lane_flow|lane_8_lane_occupancy|lane_8_lane_speed|lane_8_lane_observed,0,PASS
d07_text_station_5min_2026_02_09.txt.gz,2026-02-09,"{""52"": 300}",300,0,52|timestamp|station|district|freeway|direction|lane_type|station_length|samples|percent_observed|total_flow|avg_occupancy|avg_speed|lane_1_lane_samples|lane_1_lane_flow|lane_1_lane_occupancy|lane_1_lane_speed|lane_1_lane_observed|lane_2_lane_samples|lane_2_lane_flow|lane_2_lane_occupancy|lane_2_lane_speed|lane_2_lane_observed|lane_3_lane_samples|lane_3_lane_flow|lane_3_lane_occupancy|lane_3_lane_speed|lane_3_lane_observed|lane_4_lane_samples|lane_4_lane_flow|lane_4_lane_occupancy|lane_4_lane_speed|lane_4_lane_observed|lane_5_lane_samples|lane_5_lane_flow|lane_5_lane_occupancy|lane_5_lane_speed|lane_5_lane_observed|lane_6_lane_samples|lane_6_lane_flow|lane_6_lane_occupancy|lane_6_lane_speed|lane_6_lane_observed|lane_7_lane_samples|lane_7_lane_flow|lane_7_lane_occupancy|lane_7_lane_speed|lane_7_lane_observed|lane_8_lane_samples|lane_8_lane_flow|lane_8_lane_occupancy|lane_8_lane_speed|lane_8_lane_observed,0,PASS
d07_text_station_5min_2026_02_10.txt.gz,2026-02-10,"{""52"": 300}",300,0,52|timestamp|station|district|freeway|direction|lane_type|station_length|samples|percent_observed|total_flow|avg_occupancy|avg_speed|lane_1_lane_samples|lane_1_lane_flow|lane_1_lane_occupancy|lane_1_lane_speed|lane_1_lane_observed|lane_2_lane_samples|lane_2_lane_flow|lane_2_lane_occupancy|lane_2_lane_speed|lane_2_lane_observed|lane_3_lane_samples|lane_3_lane_flow|lane_3_lane_occupancy|lane_3_lane_speed|lane_3_lane_observed|lane_4_lane_samples|lane_4_lane_flow|lane_4_lane_occupancy|lane_4_lane_speed|lane_4_lane_observed|lane_5_lane_samples|lane_5_lane_flow|lane_5_lane_occupancy|lane_5_lane_speed|lane_5_lane_observed|lane_6_lane_samples|lane_6_lane_flow|lane_6_lane_occupancy|lane_6_lane_speed|lane_6_lane_observed|lane_7_lane_samples|lane_7_lane_flow|lane_7_lane_occupancy|lane_7_lane_speed|lane_7_lane_observed|lane_8_lane_samples|lane_8_lane_flow|lane_8_lane_occupancy|lane_8_lane_speed|lane_8_lane_observed,0,PASS
d07_text_station_5min_2026_02_11.txt.gz,2026-02-11,"{""52"": 300}",300,0,52|timestamp|station|district|freeway|direction|lane_type|station_length|samples|percent_observed|total_flow|avg_occupancy|avg_speed|lane_1_lane_samples|lane_1_lane_flow|lane_1_lane_occupancy|lane_1_lane_speed|lane_1_lane_observed|lane_2_lane_samples|lane_2_lane_flow|lane_2_lane_occupancy|lane_2_lane_speed|lane_2_lane_observed|lane_3_lane_samples|lane_3_lane_flow|lane_3_lane_occupancy|lane_3_lane_speed|lane_3_lane_observed|lane_4_lane_samples|lane_4_lane_flow|lane_4_lane_occupancy|lane_4_lane_speed|lane_4_lane_observed|lane_5_lane_samples|lane_5_lane_flow|lane_5_lane_occupancy|lane_5_lane_speed|lane_5_lane_observed|lane_6_lane_samples|lane_6_lane_flow|lane_6_lane_occupancy|lane_6_lane_speed|lane_6_lane_observed|lane_7_lane_samples|lane_7_lane_flow|lane_7_lane_occupancy|lane_7_lane_speed|lane_7_lane_observed|lane_8_lane_samples|lane_8_lane_flow|lane_8_lane_occupancy|lane_8_lane_speed|lane_8_lane_observed,0,PASS
d07_text_station_5min_2026_02_12.txt.gz,2026-02-12,"{""52"": 300}",300,0,52|timestamp|station|district|freeway|direction|lane_type|station_length|samples|percent_observed|total_flow|avg_occupancy|avg_speed|lane_1_lane_samples|lane_1_lane_flow|lane_1_lane_occupancy|lane_1_lane_speed|lane_1_lane_observed|lane_2_lane_samples|lane_2_lane_flow|lane_2_lane_occupancy|lane_2_lane_speed|lane_2_lane_observed|lane_3_lane_samples|lane_3_lane_flow|lane_3_lane_occupancy|lane_3_lane_speed|lane_3_lane_observed|lane_4_lane_samples|lane_4_lane_flow|lane_4_lane_occupancy|lane_4_lane_speed|lane_4_lane_observed|lane_5_lane_samples|lane_5_lane_flow|lane_5_lane_occupancy|lane_5_lane_speed|lane_5_lane_observed|lane_6_lane_samples|lane_6_lane_flow|lane_6_lane_occupancy|lane_6_lane_speed|lane_6_lane_observed|lane_7_lane_samples|lane_7_lane_flow|lane_7_lane_occupancy|lane_7_lane_speed|lane_7_lane_observed|lane_8_lane_samples|lane_8_lane_flow|lane_8_lane_occupancy|lane_8_lane_speed|lane_8_lane_observed,0,PASS
d07_text_station_5min_2026_02_13.txt.gz,2026-02-13,"{""52"": 300}",300,0,52|timestamp|station|district|freeway|direction|lane_type|station_length|samples|percent_observed|total_flow|avg_occupancy|avg_speed|lane_1_lane_samples|lane_1_lane_flow|lane_1_lane_occupancy|lane_1_lane_speed|lane_1_lane_observed|lane_2_lane_samples|lane_2_lane_flow|lane_2_lane_occupancy|lane_2_lane_speed|lane_2_lane_observed|lane_3_lane_samples|lane_3_lane_flow|lane_3_lane_occupancy|lane_3_lane_speed|lane_3_lane_observed|lane_4_lane_samples|lane_4_lane_flow|lane_4_lane_occupancy|lane_4_lane_speed|lane_4_lane_observed|lane_5_lane_samples|lane_5_lane_flow|lane_5_lane_occupancy|lane_5_lane_speed|lane_5_lane_observed|lane_6_lane_samples|lane_6_lane_flow|lane_6_lane_occupancy|lane_6_lane_speed|lane_6_lane_observed|lane_7_lane_samples|lane_7_lane_flow|lane_7_lane_occupancy|lane_7_lane_speed|lane_7_lane_observed|lane_8_lane_samples|lane_8_lane_flow|lane_8_lane_occupancy|lane_8_lane_speed|lane_8_lane_observed,0,PASS
d07_text_station_5min_2026_02_14.txt.gz,2026-02-14,"{""52"": 300}",300,0,52|timestamp|station|district|freeway|direction|lane_type|station_length|samples|percent_observed|total_flow|avg_occupancy|avg_speed|lane_1_lane_samples|lane_1_lane_flow|lane_1_lane_occupancy|lane_1_lane_speed|lane_1_lane_observed|lane_2_lane_samples|lane_2_lane_flow|lane_2_lane_occupancy|lane_2_lane_speed|lane_2_lane_observed|lane_3_lane_samples|lane_3_lane_flow|lane_3_lane_occupancy|lane_3_lane_speed|lane_3_lane_observed|lane_4_lane_samples|lane_4_lane_flow|lane_4_lane_occupancy|lane_4_lane_speed|lane_4_lane_observed|lane_5_lane_samples|lane_5_lane_flow|lane_5_lane_occupancy|lane_5_lane_speed|lane_5_lane_observed|lane_6_lane_samples|lane_6_lane_flow|lane_6_lane_occupancy|lane_6_lane_speed|lane_6_lane_observed|lane_7_lane_samples|lane_7_lane_flow|lane_7_lane_occupancy|lane_7_lane_speed|lane_7_lane_observed|lane_8_lane_samples|lane_8_lane_flow|lane_8_lane_occupancy|lane_8_lane_speed|lane_8_lane_observed,0,PASS
d07_text_station_5min_2026_02_15.txt.gz,2026-02-15,"{""52"": 300}",300,0,52|timestamp|station|district|freeway|direction|lane_type|station_length|samples|percent_observed|total_flow|avg_occupancy|avg_speed|lane_1_lane_samples|lane_1_lane_flow|lane_1_lane_occupancy|lane_1_lane_speed|lane_1_lane_observed|lane_2_lane_samples|lane_2_lane_flow|lane_2_lane_occupancy|lane_2_lane_speed|lane_2_lane_observed|lane_3_lane_samples|lane_3_lane_flow|lane_3_lane_occupancy|lane_3_lane_speed|lane_3_lane_observed|lane_4_lane_samples|lane_4_lane_flow|lane_4_lane_occupancy|lane_4_lane_speed|lane_4_lane_observed|lane_5_lane_samples|lane_5_lane_flow|lane_5_lane_occupancy|lane_5_lane_speed|lane_5_lane_observed|lane_6_lane_samples|lane_6_lane_flow|lane_6_lane_occupancy|lane_6_lane_speed|lane_6_lane_observed|lane_7_lane_samples|lane_7_lane_flow|lane_7_lane_occupancy|lane_7_lane_speed|lane_7_lane_observed|lane_8_lane_samples|lane_8_lane_flow|lane_8_lane_occupancy|lane_8_lane_speed|lane_8_lane_observed,0,PASS
d07_text_station_5min_2026_02_16.txt.gz,2026-02-16,"{""52"": 300}",300,0,52|timestamp|station|district|freeway|direction|lane_type|station_length|samples|percent_observed|total_flow|avg_occupancy|avg_speed|lane_1_lane_samples|lane_1_lane_flow|lane_1_lane_occupancy|lane_1_lane_speed|lane_1_lane_observed|lane_2_lane_samples|lane_2_lane_flow|lane_2_lane_occupancy|lane_2_lane_speed|lane_2_lane_observed|lane_3_lane_samples|lane_3_lane_flow|lane_3_lane_occupancy|lane_3_lane_speed|lane_3_lane_observed|lane_4_lane_samples|lane_4_lane_flow|lane_4_lane_occupancy|lane_4_lane_speed|lane_4_lane_observed|lane_5_lane_samples|lane_5_lane_flow|lane_5_lane_occupancy|lane_5_lane_speed|lane_5_lane_observed|lane_6_lane_samples|lane_6_lane_flow|lane_6_lane_occupancy|lane_6_lane_speed|lane_6_lane_observed|lane_7_lane_samples|lane_7_lane_flow|lane_7_lane_occupancy|lane_7_lane_speed|lane_7_lane_observed|lane_8_lane_samples|lane_8_lane_flow|lane_8_lane_occupancy|lane_8_lane_speed|lane_8_lane_observed,0,PASS
d07_text_station_5min_2026_02_17.txt.gz,2026-02-17,"{""52"": 300}",300,0,52|timestamp|station|district|freeway|direction|lane_type|station_length|samples|percent_observed|total_flow|avg_occupancy|avg_speed|lane_1_lane_samples|lane_1_lane_flow|lane_1_lane_occupancy|lane_1_lane_speed|lane_1_lane_observed|lane_2_lane_samples|lane_2_lane_flow|lane_2_lane_occupancy|lane_2_lane_speed|lane_2_lane_observed|lane_3_lane_samples|lane_3_lane_flow|lane_3_lane_occupancy|lane_3_lane_speed|lane_3_lane_observed|lane_4_lane_samples|lane_4_lane_flow|lane_4_lane_occupancy|lane_4_lane_speed|lane_4_lane_observed|lane_5_lane_samples|lane_5_lane_flow|lane_5_lane_occupancy|lane_5_lane_speed|lane_5_lane_observed|lane_6_lane_samples|lane_6_lane_flow|lane_6_lane_occupancy|lane_6_lane_speed|lane_6_lane_observed|lane_7_lane_samples|lane_7_lane_flow|lane_7_lane_occupancy|lane_7_lane_speed|lane_7_lane_observed|lane_8_lane_samples|lane_8_lane_flow|lane_8_lane_occupancy|lane_8_lane_speed|lane_8_lane_observed,0,PASS
d07_text_station_5min_2026_02_18.txt.gz,2026-02-18,"{""52"": 300}",300,0,52|timestamp|station|district|freeway|direction|lane_type|station_length|samples|percent_observed|total_flow|avg_occupancy|avg_speed|lane_1_lane_samples|lane_1_lane_flow|lane_1_lane_occupancy|lane_1_lane_speed|lane_1_lane_observed|lane_2_lane_samples|lane_2_lane_flow|lane_2_lane_occupancy|lane_2_lane_speed|lane_2_lane_observed|lane_3_lane_samples|lane_3_lane_flow|lane_3_lane_occupancy|lane_3_lane_speed|lane_3_lane_observed|lane_4_lane_samples|lane_4_lane_flow|lane_4_lane_occupancy|lane_4_lane_speed|lane_4_lane_observed|lane_5_lane_samples|lane_5_lane_flow|lane_5_lane_occupancy|lane_5_lane_speed|lane_5_lane_observed|lane_6_lane_samples|lane_6_lane_flow|lane_6_lane_occupancy|lane_6_lane_speed|lane_6_lane_observed|lane_7_lane_samples|lane_7_lane_flow|lane_7_lane_occupancy|lane_7_lane_speed|lane_7_lane_observed|lane_8_lane_samples|lane_8_lane_flow|lane_8_lane_occupancy|lane_8_lane_speed|lane_8_lane_observed,0,PASS
d07_text_station_5min_2026_02_19.txt.gz,2026-02-19,"{""52"": 300}",300,0,52|timestamp|station|district|freeway|direction|lane_type|station_length|samples|percent_observed|total_flow|avg_occupancy|avg_speed|lane_1_lane_samples|lane_1_lane_flow|lane_1_lane_occupancy|lane_1_lane_speed|lane_1_lane_observed|lane_2_lane_samples|lane_2_lane_flow|lane_2_lane_occupancy|lane_2_lane_speed|lane_2_lane_observed|lane_3_lane_samples|lane_3_lane_flow|lane_3_lane_occupancy|lane_3_lane_speed|lane_3_lane_observed|lane_4_lane_samples|lane_4_lane_flow|lane_4_lane_occupancy|lane_4_lane_speed|lane_4_lane_observed|lane_5_lane_samples|lane_5_lane_flow|lane_5_lane_occupancy|lane_5_lane_speed|lane_5_lane_observed|lane_6_lane_samples|lane_6_lane_flow|lane_6_lane_occupancy|lane_6_lane_speed|lane_6_lane_observed|lane_7_lane_samples|lane_7_lane_flow|lane_7_lane_occupancy|lane_7_lane_speed|lane_7_lane_observed|lane_8_lane_samples|lane_8_lane_flow|lane_8_lane_occupancy|lane_8_lane_speed|lane_8_lane_observed,0,PASS
d07_text_station_5min_2026_02_20.txt.gz,2026-02-20,"{""52"": 300}",300,0,52|timestamp|station|district|freeway|direction|lane_type|station_length|samples|percent_observed|total_flow|avg_occupancy|avg_speed|lane_1_lane_samples|lane_1_lane_flow|lane_1_lane_occupancy|lane_1_lane_speed|lane_1_lane_observed|lane_2_lane_samples|lane_2_lane_flow|lane_2_lane_occupancy|lane_2_lane_speed|lane_2_lane_observed|lane_3_lane_samples|lane_3_lane_flow|lane_3_lane_occupancy|lane_3_lane_speed|lane_3_lane_observed|lane_4_lane_samples|lane_4_lane_flow|lane_4_lane_occupancy|lane_4_lane_speed|lane_4_lane_observed|lane_5_lane_samples|lane_5_lane_flow|lane_5_lane_occupancy|lane_5_lane_speed|lane_5_lane_observed|lane_6_lane_samples|lane_6_lane_flow|lane_6_lane_occupancy|lane_6_lane_speed|lane_6_lane_observed|lane_7_lane_samples|lane_7_lane_flow|lane_7_lane_occupancy|lane_7_lane_speed|lane_7_lane_observed|lane_8_lane_samples|lane_8_lane_flow|lane_8_lane_occupancy|lane_8_lane_speed|lane_8_lane_observed,0,PASS
d07_text_station_5min_2026_02_21.txt.gz,2026-02-21,"{""52"": 300}",300,0,52|timestamp|station|district|freeway|direction|lane_type|station_length|samples|percent_observed|total_flow|avg_occupancy|avg_speed|lane_1_lane_samples|lane_1_lane_flow|lane_1_lane_occupancy|lane_1_lane_speed|lane_1_lane_observed|lane_2_lane_samples|lane_2_lane_flow|lane_2_lane_occupancy|lane_2_lane_speed|lane_2_lane_observed|lane_3_lane_samples|lane_3_lane_flow|lane_3_lane_occupancy|lane_3_lane_speed|lane_3_lane_observed|lane_4_lane_samples|lane_4_lane_flow|lane_4_lane_occupancy|lane_4_lane_speed|lane_4_lane_observed|lane_5_lane_samples|lane_5_lane_flow|lane_5_lane_occupancy|lane_5_lane_speed|lane_5_lane_observed|lane_6_lane_samples|lane_6_lane_flow|lane_6_lane_occupancy|lane_6_lane_speed|lane_6_lane_observed|lane_7_lane_samples|lane_7_lane_flow|lane_7_lane_occupancy|lane_7_lane_speed|lane_7_lane_observed|lane_8_lane_samples|lane_8_lane_flow|lane_8_lane_occupancy|lane_8_lane_speed|lane_8_lane_observed,0,PASS
d07_text_station_5min_2026_02_22.txt.gz,2026-02-22,"{""52"": 300}",300,0,52|timestamp|station|district|freeway|direction|lane_type|station_length|samples|percent_observed|total_flow|avg_occupancy|avg_speed|lane_1_lane_samples|lane_1_lane_flow|lane_1_lane_occupancy|lane_1_lane_speed|lane_1_lane_observed|lane_2_lane_samples|lane_2_lane_flow|lane_2_lane_occupancy|lane_2_lane_speed|lane_2_lane_observed|lane_3_lane_samples|lane_3_lane_flow|lane_3_lane_occupancy|lane_3_lane_speed|lane_3_lane_observed|lane_4_lane_samples|lane_4_lane_flow|lane_4_lane_occupancy|lane_4_lane_speed|lane_4_lane_observed|lane_5_lane_samples|lane_5_lane_flow|lane_5_lane_occupancy|lane_5_lane_speed|lane_5_lane_observed|lane_6_lane_samples|lane_6_lane_flow|lane_6_lane_occupancy|lane_6_lane_speed|lane_6_lane_observed|lane_7_lane_samples|lane_7_lane_flow|lane_7_lane_occupancy|lane_7_lane_speed|lane_7_lane_observed|lane_8_lane_samples|lane_8_lane_flow|lane_8_lane_occupancy|lane_8_lane_speed|lane_8_lane_observed,0,PASS
d07_text_station_5min_2026_02_23.txt.gz,2026-02-23,"{""52"": 300}",300,0,52|timestamp|station|district|freeway|direction|lane_type|station_length|samples|percent_observed|total_flow|avg_occupancy|avg_speed|lane_1_lane_samples|lane_1_lane_flow|lane_1_lane_occupancy|lane_1_lane_speed|lane_1_lane_observed|lane_2_lane_samples|lane_2_lane_flow|lane_2_lane_occupancy|lane_2_lane_speed|lane_2_lane_observed|lane_3_lane_samples|lane_3_lane_flow|lane_3_lane_occupancy|lane_3_lane_speed|lane_3_lane_observed|lane_4_lane_samples|lane_4_lane_flow|lane_4_lane_occupancy|lane_4_lane_speed|lane_4_lane_observed|lane_5_lane_samples|lane_5_lane_flow|lane_5_lane_occupancy|lane_5_lane_speed|lane_5_lane_observed|lane_6_lane_samples|lane_6_lane_flow|lane_6_lane_occupancy|lane_6_lane_speed|lane_6_lane_observed|lane_7_lane_samples|lane_7_lane_flow|lane_7_lane_occupancy|lane_7_lane_speed|lane_7_lane_observed|lane_8_lane_samples|lane_8_lane_flow|lane_8_lane_occupancy|lane_8_lane_speed|lane_8_lane_observed,0,PASS
d07_text_station_5min_2026_02_24.txt.gz,2026-02-24,"{""52"": 300}",300,0,52|timestamp|station|district|freeway|direction|lane_type|station_length|samples|percent_observed|total_flow|avg_occupancy|avg_speed|lane_1_lane_samples|lane_1_lane_flow|lane_1_lane_occupancy|lane_1_lane_speed|lane_1_lane_observed|lane_2_lane_samples|lane_2_lane_flow|lane_2_lane_occupancy|lane_2_lane_speed|lane_2_lane_observed|lane_3_lane_samples|lane_3_lane_flow|lane_3_lane_occupancy|lane_3_lane_speed|lane_3_lane_observed|lane_4_lane_samples|lane_4_lane_flow|lane_4_lane_occupancy|lane_4_lane_speed|lane_4_lane_observed|lane_5_lane_samples|lane_5_lane_flow|lane_5_lane_occupancy|lane_5_lane_speed|lane_5_lane_observed|lane_6_lane_samples|lane_6_lane_flow|lane_6_lane_occupancy|lane_6_lane_speed|lane_6_lane_observed|lane_7_lane_samples|lane_7_lane_flow|lane_7_lane_occupancy|lane_7_lane_speed|lane_7_lane_observed|lane_8_lane_samples|lane_8_lane_flow|lane_8_lane_occupancy|lane_8_lane_speed|lane_8_lane_observed,0,PASS
d07_text_station_5min_2026_02_25.txt.gz,2026-02-25,"{""52"": 300}",300,0,52|timestamp|station|district|freeway|direction|lane_type|station_length|samples|percent_observed|total_flow|avg_occupancy|avg_speed|lane_1_lane_samples|lane_1_lane_flow|lane_1_lane_occupancy|lane_1_lane_speed|lane_1_lane_observed|lane_2_lane_samples|lane_2_lane_flow|lane_2_lane_occupancy|lane_2_lane_speed|lane_2_lane_observed|lane_3_lane_samples|lane_3_lane_flow|lane_3_lane_occupancy|lane_3_lane_speed|lane_3_lane_observed|lane_4_lane_samples|lane_4_lane_flow|lane_4_lane_occupancy|lane_4_lane_speed|lane_4_lane_observed|lane_5_lane_samples|lane_5_lane_flow|lane_5_lane_occupancy|lane_5_lane_speed|lane_5_lane_observed|lane_6_lane_samples|lane_6_lane_flow|lane_6_lane_occupancy|lane_6_lane_speed|lane_6_lane_observed|lane_7_lane_samples|lane_7_lane_flow|lane_7_lane_occupancy|lane_7_lane_speed|lane_7_lane_observed|lane_8_lane_samples|lane_8_lane_flow|lane_8_lane_occupancy|lane_8_lane_speed|lane_8_lane_observed,0,PASS
d07_text_station_5min_2026_02_26.txt.gz,2026-02-26,"{""52"": 300}",300,0,52|timestamp|station|district|freeway|direction|lane_type|station_length|samples|percent_observed|total_flow|avg_occupancy|avg_speed|lane_1_lane_samples|lane_1_lane_flow|lane_1_lane_occupancy|lane_1_lane_speed|lane_1_lane_observed|lane_2_lane_samples|lane_2_lane_flow|lane_2_lane_occupancy|lane_2_lane_speed|lane_2_lane_observed|lane_3_lane_samples|lane_3_lane_flow|lane_3_lane_occupancy|lane_3_lane_speed|lane_3_lane_observed|lane_4_lane_samples|lane_4_lane_flow|lane_4_lane_occupancy|lane_4_lane_speed|lane_4_lane_observed|lane_5_lane_samples|lane_5_lane_flow|lane_5_lane_occupancy|lane_5_lane_speed|lane_5_lane_observed|lane_6_lane_samples|lane_6_lane_flow|lane_6_lane_occupancy|lane_6_lane_speed|lane_6_lane_observed|lane_7_lane_samples|lane_7_lane_flow|lane_7_lane_occupancy|lane_7_lane_speed|lane_7_lane_observed|lane_8_lane_samples|lane_8_lane_flow|lane_8_lane_occupancy|lane_8_lane_speed|lane_8_lane_observed,0,PASS
d07_text_station_5min_2026_02_27.txt.gz,2026-02-27,"{""52"": 300}",300,0,52|timestamp|station|district|freeway|direction|lane_type|station_length|samples|percent_observed|total_flow|avg_occupancy|avg_speed|lane_1_lane_samples|lane_1_lane_flow|lane_1_lane_occupancy|lane_1_lane_speed|lane_1_lane_observed|lane_2_lane_samples|lane_2_lane_flow|lane_2_lane_occupancy|lane_2_lane_speed|lane_2_lane_observed|lane_3_lane_samples|lane_3_lane_flow|lane_3_lane_occupancy|lane_3_lane_speed|lane_3_lane_observed|lane_4_lane_samples|lane_4_lane_flow|lane_4_lane_occupancy|lane_4_lane_speed|lane_4_lane_observed|lane_5_lane_samples|lane_5_lane_flow|lane_5_lane_occupancy|lane_5_lane_speed|lane_5_lane_observed|lane_6_lane_samples|lane_6_lane_flow|lane_6_lane_occupancy|lane_6_lane_speed|lane_6_lane_observed|lane_7_lane_samples|lane_7_lane_flow|lane_7_lane_occupancy|lane_7_lane_speed|lane_7_lane_observed|lane_8_lane_samples|lane_8_lane_flow|lane_8_lane_occupancy|lane_8_lane_speed|lane_8_lane_observed,0,PASS
d07_text_station_5min_2026_02_28.txt.gz,2026-02-28,"{""52"": 300}",300,0,52|timestamp|station|district|freeway|direction|lane_type|station_length|samples|percent_observed|total_flow|avg_occupancy|avg_speed|lane_1_lane_samples|lane_1_lane_flow|lane_1_lane_occupancy|lane_1_lane_speed|lane_1_lane_observed|lane_2_lane_samples|lane_2_lane_flow|lane_2_lane_occupancy|lane_2_lane_speed|lane_2_lane_observed|lane_3_lane_samples|lane_3_lane_flow|lane_3_lane_occupancy|lane_3_lane_speed|lane_3_lane_observed|lane_4_lane_samples|lane_4_lane_flow|lane_4_lane_occupancy|lane_4_lane_speed|lane_4_lane_observed|lane_5_lane_samples|lane_5_lane_flow|lane_5_lane_occupancy|lane_5_lane_speed|lane_5_lane_observed|lane_6_lane_samples|lane_6_lane_flow|lane_6_lane_occupancy|lane_6_lane_speed|lane_6_lane_observed|lane_7_lane_samples|lane_7_lane_flow|lane_7_lane_occupancy|lane_7_lane_speed|lane_7_lane_observed|lane_8_lane_samples|lane_8_lane_flow|lane_8_lane_occupancy|lane_8_lane_speed|lane_8_lane_observed,0,PASS
d07_text_station_5min_2026_03_01.txt.gz,2026-03-01,"{""52"": 300}",300,0,52|timestamp|station|district|freeway|direction|lane_type|station_length|samples|percent_observed|total_flow|avg_occupancy|avg_speed|lane_1_lane_samples|lane_1_lane_flow|lane_1_lane_occupancy|lane_1_lane_speed|lane_1_lane_observed|lane_2_lane_samples|lane_2_lane_flow|lane_2_lane_occupancy|lane_2_lane_speed|lane_2_lane_observed|lane_3_lane_samples|lane_3_lane_flow|lane_3_lane_occupancy|lane_3_lane_speed|lane_3_lane_observed|lane_4_lane_samples|lane_4_lane_flow|lane_4_lane_occupancy|lane_4_lane_speed|lane_4_lane_observed|lane_5_lane_samples|lane_5_lane_flow|lane_5_lane_occupancy|lane_5_lane_speed|lane_5_lane_observed|lane_6_lane_samples|lane_6_lane_flow|lane_6_lane_occupancy|lane_6_lane_speed|lane_6_lane_observed|lane_7_lane_samples|lane_7_lane_flow|lane_7_lane_occupancy|lane_7_lane_speed|lane_7_lane_observed|lane_8_lane_samples|lane_8_lane_flow|lane_8_lane_occupancy|lane_8_lane_speed|lane_8_lane_observed,0,PASS
d07_text_station_5min_2026_03_02.txt.gz,2026-03-02,"{""52"": 300}",300,0,52|timestamp|station|district|freeway|direction|lane_type|station_length|samples|percent_observed|total_flow|avg_occupancy|avg_speed|lane_1_lane_samples|lane_1_lane_flow|lane_1_lane_occupancy|lane_1_lane_speed|lane_1_lane_observed|lane_2_lane_samples|lane_2_lane_flow|lane_2_lane_occupancy|lane_2_lane_speed|lane_2_lane_observed|lane_3_lane_samples|lane_3_lane_flow|lane_3_lane_occupancy|lane_3_lane_speed|lane_3_lane_observed|lane_4_lane_samples|lane_4_lane_flow|lane_4_lane_occupancy|lane_4_lane_speed|lane_4_lane_observed|lane_5_lane_samples|lane_5_lane_flow|lane_5_lane_occupancy|lane_5_lane_speed|lane_5_lane_observed|lane_6_lane_samples|lane_6_lane_flow|lane_6_lane_occupancy|lane_6_lane_speed|lane_6_lane_observed|lane_7_lane_samples|lane_7_lane_flow|lane_7_lane_occupancy|lane_7_lane_speed|lane_7_lane_observed|lane_8_lane_samples|lane_8_lane_flow|lane_8_lane_occupancy|lane_8_lane_speed|lane_8_lane_observed,0,PASS
d07_text_station_5min_2026_03_03.txt.gz,2026-03-03,"{""52"": 300}",300,0,52|timestamp|station|district|freeway|direction|lane_type|station_length|samples|percent_observed|total_flow|avg_occupancy|avg_speed|lane_1_lane_samples|lane_1_lane_flow|lane_1_lane_occupancy|lane_1_lane_speed|lane_1_lane_observed|lane_2_lane_samples|lane_2_lane_flow|lane_2_lane_occupancy|lane_2_lane_speed|lane_2_lane_observed|lane_3_lane_samples|lane_3_lane_flow|lane_3_lane_occupancy|lane_3_lane_speed|lane_3_lane_observed|lane_4_lane_samples|lane_4_lane_flow|lane_4_lane_occupancy|lane_4_lane_speed|lane_4_lane_observed|lane_5_lane_samples|lane_5_lane_flow|lane_5_lane_occupancy|lane_5_lane_speed|lane_5_lane_observed|lane_6_lane_samples|lane_6_lane_flow|lane_6_lane_occupancy|lane_6_lane_speed|lane_6_lane_observed|lane_7_lane_samples|lane_7_lane_flow|lane_7_lane_occupancy|lane_7_lane_speed|lane_7_lane_observed|lane_8_lane_samples|lane_8_lane_flow|lane_8_lane_occupancy|lane_8_lane_speed|lane_8_lane_observed,0,PASS
d07_text_station_5min_2026_03_04.txt.gz,2026-03-04,"{""52"": 300}",300,0,52|timestamp|station|district|freeway|direction|lane_type|station_length|samples|percent_observed|total_flow|avg_occupancy|avg_speed|lane_1_lane_samples|lane_1_lane_flow|lane_1_lane_occupancy|lane_1_lane_speed|lane_1_lane_observed|lane_2_lane_samples|lane_2_lane_flow|lane_2_lane_occupancy|lane_2_lane_speed|lane_2_lane_observed|lane_3_lane_samples|lane_3_lane_flow|lane_3_lane_occupancy|lane_3_lane_speed|lane_3_lane_observed|lane_4_lane_samples|lane_4_lane_flow|lane_4_lane_occupancy|lane_4_lane_speed|lane_4_lane_observed|lane_5_lane_samples|lane_5_lane_flow|lane_5_lane_occupancy|lane_5_lane_speed|lane_5_lane_observed|lane_6_lane_samples|lane_6_lane_flow|lane_6_lane_occupancy|lane_6_lane_speed|lane_6_lane_observed|lane_7_lane_samples|lane_7_lane_flow|lane_7_lane_occupancy|lane_7_lane_speed|lane_7_lane_observed|lane_8_lane_samples|lane_8_lane_flow|lane_8_lane_occupancy|lane_8_lane_speed|lane_8_lane_observed,0,PASS
d07_text_station_5min_2026_03_05.txt.gz,2026-03-05,"{""52"": 300}",300,0,52|timestamp|station|district|freeway|direction|lane_type|station_length|samples|percent_observed|total_flow|avg_occupancy|avg_speed|lane_1_lane_samples|lane_1_lane_flow|lane_1_lane_occupancy|lane_1_lane_speed|lane_1_lane_observed|lane_2_lane_samples|lane_2_lane_flow|lane_2_lane_occupancy|lane_2_lane_speed|lane_2_lane_observed|lane_3_lane_samples|lane_3_lane_flow|lane_3_lane_occupancy|lane_3_lane_speed|lane_3_lane_observed|lane_4_lane_samples|lane_4_lane_flow|lane_4_lane_occupancy|lane_4_lane_speed|lane_4_lane_observed|lane_5_lane_samples|lane_5_lane_flow|lane_5_lane_occupancy|lane_5_lane_speed|lane_5_lane_observed|lane_6_lane_samples|lane_6_lane_flow|lane_6_lane_occupancy|lane_6_lane_speed|lane_6_lane_observed|lane_7_lane_samples|lane_7_lane_flow|lane_7_lane_occupancy|lane_7_lane_speed|lane_7_lane_observed|lane_8_lane_samples|lane_8_lane_flow|lane_8_lane_occupancy|lane_8_lane_speed|lane_8_lane_observed,0,PASS
d07_text_station_5min_2026_03_06.txt.gz,2026-03-06,"{""52"": 300}",300,0,52|timestamp|station|district|freeway|direction|lane_type|station_length|samples|percent_observed|total_flow|avg_occupancy|avg_speed|lane_1_lane_samples|lane_1_lane_flow|lane_1_lane_occupancy|lane_1_lane_speed|lane_1_lane_observed|lane_2_lane_samples|lane_2_lane_flow|lane_2_lane_occupancy|lane_2_lane_speed|lane_2_lane_observed|lane_3_lane_samples|lane_3_lane_flow|lane_3_lane_occupancy|lane_3_lane_speed|lane_3_lane_observed|lane_4_lane_samples|lane_4_lane_flow|lane_4_lane_occupancy|lane_4_lane_speed|lane_4_lane_observed|lane_5_lane_samples|lane_5_lane_flow|lane_5_lane_occupancy|lane_5_lane_speed|lane_5_lane_observed|lane_6_lane_samples|lane_6_lane_flow|lane_6_lane_occupancy|lane_6_lane_speed|lane_6_lane_observed|lane_7_lane_samples|lane_7_lane_flow|lane_7_lane_occupancy|lane_7_lane_speed|lane_7_lane_observed|lane_8_lane_samples|lane_8_lane_flow|lane_8_lane_occupancy|lane_8_lane_speed|lane_8_lane_observed,0,PASS
d07_text_station_5min_2026_03_07.txt.gz,2026-03-07,"{""52"": 300}",300,0,52|timestamp|station|district|freeway|direction|lane_type|station_length|samples|percent_observed|total_flow|avg_occupancy|avg_speed|lane_1_lane_samples|lane_1_lane_flow|lane_1_lane_occupancy|lane_1_lane_speed|lane_1_lane_observed|lane_2_lane_samples|lane_2_lane_flow|lane_2_lane_occupancy|lane_2_lane_speed|lane_2_lane_observed|lane_3_lane_samples|lane_3_lane_flow|lane_3_lane_occupancy|lane_3_lane_speed|lane_3_lane_observed|lane_4_lane_samples|lane_4_lane_flow|lane_4_lane_occupancy|lane_4_lane_speed|lane_4_lane_observed|lane_5_lane_samples|lane_5_lane_flow|lane_5_lane_occupancy|lane_5_lane_speed|lane_5_lane_observed|lane_6_lane_samples|lane_6_lane_flow|lane_6_lane_occupancy|lane_6_lane_speed|lane_6_lane_observed|lane_7_lane_samples|lane_7_lane_flow|lane_7_lane_occupancy|lane_7_lane_speed|lane_7_lane_observed|lane_8_lane_samples|lane_8_lane_flow|lane_8_lane_occupancy|lane_8_lane_speed|lane_8_lane_observed,0,PASS
d07_text_station_5min_2026_03_08.txt.gz,2026-03-08,"{""52"": 300}",300,0,52|timestamp|station|district|freeway|direction|lane_type|station_length|samples|percent_observed|total_flow|avg_occupancy|avg_speed|lane_1_lane_samples|lane_1_lane_flow|lane_1_lane_occupancy|lane_1_lane_speed|lane_1_lane_observed|lane_2_lane_samples|lane_2_lane_flow|lane_2_lane_occupancy|lane_2_lane_speed|lane_2_lane_observed|lane_3_lane_samples|lane_3_lane_flow|lane_3_lane_occupancy|lane_3_lane_speed|lane_3_lane_observed|lane_4_lane_samples|lane_4_lane_flow|lane_4_lane_occupancy|lane_4_lane_speed|lane_4_lane_observed|lane_5_lane_samples|lane_5_lane_flow|lane_5_lane_occupancy|lane_5_lane_speed|lane_5_lane_observed|lane_6_lane_samples|lane_6_lane_flow|lane_6_lane_occupancy|lane_6_lane_speed|lane_6_lane_observed|lane_7_lane_samples|lane_7_lane_flow|lane_7_lane_occupancy|lane_7_lane_speed|lane_7_lane_observed|lane_8_lane_samples|lane_8_lane_flow|lane_8_lane_occupancy|lane_8_lane_speed|lane_8_lane_observed,0,PASS
d07_text_station_5min_2026_03_09.txt.gz,2026-03-09,"{""52"": 300}",300,0,52|timestamp|station|district|freeway|direction|lane_type|station_length|samples|percent_observed|total_flow|avg_occupancy|avg_speed|lane_1_lane_samples|lane_1_lane_flow|lane_1_lane_occupancy|lane_1_lane_speed|lane_1_lane_observed|lane_2_lane_samples|lane_2_lane_flow|lane_2_lane_occupancy|lane_2_lane_speed|lane_2_lane_observed|lane_3_lane_samples|lane_3_lane_flow|lane_3_lane_occupancy|lane_3_lane_speed|lane_3_lane_observed|lane_4_lane_samples|lane_4_lane_flow|lane_4_lane_occupancy|lane_4_lane_speed|lane_4_lane_observed|lane_5_lane_samples|lane_5_lane_flow|lane_5_lane_occupancy|lane_5_lane_speed|lane_5_lane_observed|lane_6_lane_samples|lane_6_lane_flow|lane_6_lane_occupancy|lane_6_lane_speed|lane_6_lane_observed|lane_7_lane_samples|lane_7_lane_flow|lane_7_lane_occupancy|lane_7_lane_speed|lane_7_lane_observed|lane_8_lane_samples|lane_8_lane_flow|lane_8_lane_occupancy|lane_8_lane_speed|lane_8_lane_observed,0,PASS
d07_text_station_5min_2026_03_10.txt.gz,2026-03-10,"{""52"": 300}",300,0,52|timestamp|station|district|freeway|direction|lane_type|station_length|samples|percent_observed|total_flow|avg_occupancy|avg_speed|lane_1_lane_samples|lane_1_lane_flow|lane_1_lane_occupancy|lane_1_lane_speed|lane_1_lane_observed|lane_2_lane_samples|lane_2_lane_flow|lane_2_lane_occupancy|lane_2_lane_speed|lane_2_lane_observed|lane_3_lane_samples|lane_3_lane_flow|lane_3_lane_occupancy|lane_3_lane_speed|lane_3_lane_observed|lane_4_lane_samples|lane_4_lane_flow|lane_4_lane_occupancy|lane_4_lane_speed|lane_4_lane_observed|lane_5_lane_samples|lane_5_lane_flow|lane_5_lane_occupancy|lane_5_lane_speed|lane_5_lane_observed|lane_6_lane_samples|lane_6_lane_flow|lane_6_lane_occupancy|lane_6_lane_speed|lane_6_lane_observed|lane_7_lane_samples|lane_7_lane_flow|lane_7_lane_occupancy|lane_7_lane_speed|lane_7_lane_observed|lane_8_lane_samples|lane_8_lane_flow|lane_8_lane_occupancy|lane_8_lane_speed|lane_8_lane_observed,0,PASS
d07_text_station_5min_2026_03_11.txt.gz,2026-03-11,"{""52"": 300}",300,0,52|timestamp|station|district|freeway|direction|lane_type|station_length|samples|percent_observed|total_flow|avg_occupancy|avg_speed|lane_1_lane_samples|lane_1_lane_flow|lane_1_lane_occupancy|lane_1_lane_speed|lane_1_lane_observed|lane_2_lane_samples|lane_2_lane_flow|lane_2_lane_occupancy|lane_2_lane_speed|lane_2_lane_observed|lane_3_lane_samples|lane_3_lane_flow|lane_3_lane_occupancy|lane_3_lane_speed|lane_3_lane_observed|lane_4_lane_samples|lane_4_lane_flow|lane_4_lane_occupancy|lane_4_lane_speed|lane_4_lane_observed|lane_5_lane_samples|lane_5_lane_flow|lane_5_lane_occupancy|lane_5_lane_speed|lane_5_lane_observed|lane_6_lane_samples|lane_6_lane_flow|lane_6_lane_occupancy|lane_6_lane_speed|lane_6_lane_observed|lane_7_lane_samples|lane_7_lane_flow|lane_7_lane_occupancy|lane_7_lane_speed|lane_7_lane_observed|lane_8_lane_samples|lane_8_lane_flow|lane_8_lane_occupancy|lane_8_lane_speed|lane_8_lane_observed,0,PASS
d07_text_station_5min_2026_03_12.txt.gz,2026-03-12,"{""52"": 300}",300,0,52|timestamp|station|district|freeway|direction|lane_type|station_length|samples|percent_observed|total_flow|avg_occupancy|avg_speed|lane_1_lane_samples|lane_1_lane_flow|lane_1_lane_occupancy|lane_1_lane_speed|lane_1_lane_observed|lane_2_lane_samples|lane_2_lane_flow|lane_2_lane_occupancy|lane_2_lane_speed|lane_2_lane_observed|lane_3_lane_samples|lane_3_lane_flow|lane_3_lane_occupancy|lane_3_lane_speed|lane_3_lane_observed|lane_4_lane_samples|lane_4_lane_flow|lane_4_lane_occupancy|lane_4_lane_speed|lane_4_lane_observed|lane_5_lane_samples|lane_5_lane_flow|lane_5_lane_occupancy|lane_5_lane_speed|lane_5_lane_observed|lane_6_lane_samples|lane_6_lane_flow|lane_6_lane_occupancy|lane_6_lane_speed|lane_6_lane_observed|lane_7_lane_samples|lane_7_lane_flow|lane_7_lane_occupancy|lane_7_lane_speed|lane_7_lane_observed|lane_8_lane_samples|lane_8_lane_flow|lane_8_lane_occupancy|lane_8_lane_speed|lane_8_lane_observed,0,PASS
d07_text_station_5min_2026_03_13.txt.gz,2026-03-13,"{""52"": 300}",300,0,52|timestamp|station|district|freeway|direction|lane_type|station_length|samples|percent_observed|total_flow|avg_occupancy|avg_speed|lane_1_lane_samples|lane_1_lane_flow|lane_1_lane_occupancy|lane_1_lane_speed|lane_1_lane_observed|lane_2_lane_samples|lane_2_lane_flow|lane_2_lane_occupancy|lane_2_lane_speed|lane_2_lane_observed|lane_3_lane_samples|lane_3_lane_flow|lane_3_lane_occupancy|lane_3_lane_speed|lane_3_lane_observed|lane_4_lane_samples|lane_4_lane_flow|lane_4_lane_occupancy|lane_4_lane_speed|lane_4_lane_observed|lane_5_lane_samples|lane_5_lane_flow|lane_5_lane_occupancy|lane_5_lane_speed|lane_5_lane_observed|lane_6_lane_samples|lane_6_lane_flow|lane_6_lane_occupancy|lane_6_lane_speed|lane_6_lane_observed|lane_7_lane_samples|lane_7_lane_flow|lane_7_lane_occupancy|lane_7_lane_speed|lane_7_lane_observed|lane_8_lane_samples|lane_8_lane_flow|lane_8_lane_occupancy|lane_8_lane_speed|lane_8_lane_observed,0,PASS
d07_text_station_5min_2026_03_14.txt.gz,2026-03-14,"{""52"": 300}",300,0,52|timestamp|station|district|freeway|direction|lane_type|station_length|samples|percent_observed|total_flow|avg_occupancy|avg_speed|lane_1_lane_samples|lane_1_lane_flow|lane_1_lane_occupancy|lane_1_lane_speed|lane_1_lane_observed|lane_2_lane_samples|lane_2_lane_flow|lane_2_lane_occupancy|lane_2_lane_speed|lane_2_lane_observed|lane_3_lane_samples|lane_3_lane_flow|lane_3_lane_occupancy|lane_3_lane_speed|lane_3_lane_observed|lane_4_lane_samples|lane_4_lane_flow|lane_4_lane_occupancy|lane_4_lane_speed|lane_4_lane_observed|lane_5_lane_samples|lane_5_lane_flow|lane_5_lane_occupancy|lane_5_lane_speed|lane_5_lane_observed|lane_6_lane_samples|lane_6_lane_flow|lane_6_lane_occupancy|lane_6_lane_speed|lane_6_lane_observed|lane_7_lane_samples|lane_7_lane_flow|lane_7_lane_occupancy|lane_7_lane_speed|lane_7_lane_observed|lane_8_lane_samples|lane_8_lane_flow|lane_8_lane_occupancy|lane_8_lane_speed|lane_8_lane_observed,0,PASS
d07_text_station_5min_2026_03_15.txt.gz,2026-03-15,"{""52"": 300}",300,0,52|timestamp|station|district|freeway|direction|lane_type|station_length|samples|percent_observed|total_flow|avg_occupancy|avg_speed|lane_1_lane_samples|lane_1_lane_flow|lane_1_lane_occupancy|lane_1_lane_speed|lane_1_lane_observed|lane_2_lane_samples|lane_2_lane_flow|lane_2_lane_occupancy|lane_2_lane_speed|lane_2_lane_observed|lane_3_lane_samples|lane_3_lane_flow|lane_3_lane_occupancy|lane_3_lane_speed|lane_3_lane_observed|lane_4_lane_samples|lane_4_lane_flow|lane_4_lane_occupancy|lane_4_lane_speed|lane_4_lane_observed|lane_5_lane_samples|lane_5_lane_flow|lane_5_lane_occupancy|lane_5_lane_speed|lane_5_lane_observed|lane_6_lane_samples|lane_6_lane_flow|lane_6_lane_occupancy|lane_6_lane_speed|lane_6_lane_observed|lane_7_lane_samples|lane_7_lane_flow|lane_7_lane_occupancy|lane_7_lane_speed|lane_7_lane_observed|lane_8_lane_samples|lane_8_lane_flow|lane_8_lane_occupancy|lane_8_lane_speed|lane_8_lane_observed,0,PASS
d07_text_station_5min_2026_03_16.txt.gz,2026-03-16,"{""52"": 300}",300,0,52|timestamp|station|district|freeway|direction|lane_type|station_length|samples|percent_observed|total_flow|avg_occupancy|avg_speed|lane_1_lane_samples|lane_1_lane_flow|lane_1_lane_occupancy|lane_1_lane_speed|lane_1_lane_observed|lane_2_lane_samples|lane_2_lane_flow|lane_2_lane_occupancy|lane_2_lane_speed|lane_2_lane_observed|lane_3_lane_samples|lane_3_lane_flow|lane_3_lane_occupancy|lane_3_lane_speed|lane_3_lane_observed|lane_4_lane_samples|lane_4_lane_flow|lane_4_lane_occupancy|lane_4_lane_speed|lane_4_lane_observed|lane_5_lane_samples|lane_5_lane_flow|lane_5_lane_occupancy|lane_5_lane_speed|lane_5_lane_observed|lane_6_lane_samples|lane_6_lane_flow|lane_6_lane_occupancy|lane_6_lane_speed|lane_6_lane_observed|lane_7_lane_samples|lane_7_lane_flow|lane_7_lane_occupancy|lane_7_lane_speed|lane_7_lane_observed|lane_8_lane_samples|lane_8_lane_flow|lane_8_lane_occupancy|lane_8_lane_speed|lane_8_lane_observed,0,PASS
d07_text_station_5min_2026_03_17.txt.gz,2026-03-17,"{""52"": 300}",300,0,52|timestamp|station|district|freeway|direction|lane_type|station_length|samples|percent_observed|total_flow|avg_occupancy|avg_speed|lane_1_lane_samples|lane_1_lane_flow|lane_1_lane_occupancy|lane_1_lane_speed|lane_1_lane_observed|lane_2_lane_samples|lane_2_lane_flow|lane_2_lane_occupancy|lane_2_lane_speed|lane_2_lane_observed|lane_3_lane_samples|lane_3_lane_flow|lane_3_lane_occupancy|lane_3_lane_speed|lane_3_lane_observed|lane_4_lane_samples|lane_4_lane_flow|lane_4_lane_occupancy|lane_4_lane_speed|lane_4_lane_observed|lane_5_lane_samples|lane_5_lane_flow|lane_5_lane_occupancy|lane_5_lane_speed|lane_5_lane_observed|lane_6_lane_samples|lane_6_lane_flow|lane_6_lane_occupancy|lane_6_lane_speed|lane_6_lane_observed|lane_7_lane_samples|lane_7_lane_flow|lane_7_lane_occupancy|lane_7_lane_speed|lane_7_lane_observed|lane_8_lane_samples|lane_8_lane_flow|lane_8_lane_occupancy|lane_8_lane_speed|lane_8_lane_observed,0,PASS
d07_text_station_5min_2026_03_18.txt.gz,2026-03-18,"{""52"": 300}",300,0,52|timestamp|station|district|freeway|direction|lane_type|station_length|samples|percent_observed|total_flow|avg_occupancy|avg_speed|lane_1_lane_samples|lane_1_lane_flow|lane_1_lane_occupancy|lane_1_lane_speed|lane_1_lane_observed|lane_2_lane_samples|lane_2_lane_flow|lane_2_lane_occupancy|lane_2_lane_speed|lane_2_lane_observed|lane_3_lane_samples|lane_3_lane_flow|lane_3_lane_occupancy|lane_3_lane_speed|lane_3_lane_observed|lane_4_lane_samples|lane_4_lane_flow|lane_4_lane_occupancy|lane_4_lane_speed|lane_4_lane_observed|lane_5_lane_samples|lane_5_lane_flow|lane_5_lane_occupancy|lane_5_lane_speed|lane_5_lane_observed|lane_6_lane_samples|lane_6_lane_flow|lane_6_lane_occupancy|lane_6_lane_speed|lane_6_lane_observed|lane_7_lane_samples|lane_7_lane_flow|lane_7_lane_occupancy|lane_7_lane_speed|lane_7_lane_observed|lane_8_lane_samples|lane_8_lane_flow|lane_8_lane_occupancy|lane_8_lane_speed|lane_8_lane_observed,0,PASS
d07_text_station_5min_2026_03_19.txt.gz,2026-03-19,"{""52"": 300}",300,0,52|timestamp|station|district|freeway|direction|lane_type|station_length|samples|percent_observed|total_flow|avg_occupancy|avg_speed|lane_1_lane_samples|lane_1_lane_flow|lane_1_lane_occupancy|lane_1_lane_speed|lane_1_lane_observed|lane_2_lane_samples|lane_2_lane_flow|lane_2_lane_occupancy|lane_2_lane_speed|lane_2_lane_observed|lane_3_lane_samples|lane_3_lane_flow|lane_3_lane_occupancy|lane_3_lane_speed|lane_3_lane_observed|lane_4_lane_samples|lane_4_lane_flow|lane_4_lane_occupancy|lane_4_lane_speed|lane_4_lane_observed|lane_5_lane_samples|lane_5_lane_flow|lane_5_lane_occupancy|lane_5_lane_speed|lane_5_lane_observed|lane_6_lane_samples|lane_6_lane_flow|lane_6_lane_occupancy|lane_6_lane_speed|lane_6_lane_observed|lane_7_lane_samples|lane_7_lane_flow|lane_7_lane_occupancy|lane_7_lane_speed|lane_7_lane_observed|lane_8_lane_samples|lane_8_lane_flow|lane_8_lane_occupancy|lane_8_lane_speed|lane_8_lane_observed,0,PASS
d07_text_station_5min_2026_03_20.txt.gz,2026-03-20,"{""52"": 300}",300,0,52|timestamp|station|district|freeway|direction|lane_type|station_length|samples|percent_observed|total_flow|avg_occupancy|avg_speed|lane_1_lane_samples|lane_1_lane_flow|lane_1_lane_occupancy|lane_1_lane_speed|lane_1_lane_observed|lane_2_lane_samples|lane_2_lane_flow|lane_2_lane_occupancy|lane_2_lane_speed|lane_2_lane_observed|lane_3_lane_samples|lane_3_lane_flow|lane_3_lane_occupancy|lane_3_lane_speed|lane_3_lane_observed|lane_4_lane_samples|lane_4_lane_flow|lane_4_lane_occupancy|lane_4_lane_speed|lane_4_lane_observed|lane_5_lane_samples|lane_5_lane_flow|lane_5_lane_occupancy|lane_5_lane_speed|lane_5_lane_observed|lane_6_lane_samples|lane_6_lane_flow|lane_6_lane_occupancy|lane_6_lane_speed|lane_6_lane_observed|lane_7_lane_samples|lane_7_lane_flow|lane_7_lane_occupancy|lane_7_lane_speed|lane_7_lane_observed|lane_8_lane_samples|lane_8_lane_flow|lane_8_lane_occupancy|lane_8_lane_speed|lane_8_lane_observed,0,PASS
d07_text_station_5min_2026_03_21.txt.gz,2026-03-21,"{""52"": 300}",300,0,52|timestamp|station|district|freeway|direction|lane_type|station_length|samples|percent_observed|total_flow|avg_occupancy|avg_speed|lane_1_lane_samples|lane_1_lane_flow|lane_1_lane_occupancy|lane_1_lane_speed|lane_1_lane_observed|lane_2_lane_samples|lane_2_lane_flow|lane_2_lane_occupancy|lane_2_lane_speed|lane_2_lane_observed|lane_3_lane_samples|lane_3_lane_flow|lane_3_lane_occupancy|lane_3_lane_speed|lane_3_lane_observed|lane_4_lane_samples|lane_4_lane_flow|lane_4_lane_occupancy|lane_4_lane_speed|lane_4_lane_observed|lane_5_lane_samples|lane_5_lane_flow|lane_5_lane_occupancy|lane_5_lane_speed|lane_5_lane_observed|lane_6_lane_samples|lane_6_lane_flow|lane_6_lane_occupancy|lane_6_lane_speed|lane_6_lane_observed|lane_7_lane_samples|lane_7_lane_flow|lane_7_lane_occupancy|lane_7_lane_speed|lane_7_lane_observed|lane_8_lane_samples|lane_8_lane_flow|lane_8_lane_occupancy|lane_8_lane_speed|lane_8_lane_observed,0,PASS
d07_text_station_5min_2026_03_22.txt.gz,2026-03-22,"{""52"": 300}",300,0,52|timestamp|station|district|freeway|direction|lane_type|station_length|samples|percent_observed|total_flow|avg_occupancy|avg_speed|lane_1_lane_samples|lane_1_lane_flow|lane_1_lane_occupancy|lane_1_lane_speed|lane_1_lane_observed|lane_2_lane_samples|lane_2_lane_flow|lane_2_lane_occupancy|lane_2_lane_speed|lane_2_lane_observed|lane_3_lane_samples|lane_3_lane_flow|lane_3_lane_occupancy|lane_3_lane_speed|lane_3_lane_observed|lane_4_lane_samples|lane_4_lane_flow|lane_4_lane_occupancy|lane_4_lane_speed|lane_4_lane_observed|lane_5_lane_samples|lane_5_lane_flow|lane_5_lane_occupancy|lane_5_lane_speed|lane_5_lane_observed|lane_6_lane_samples|lane_6_lane_flow|lane_6_lane_occupancy|lane_6_lane_speed|lane_6_lane_observed|lane_7_lane_samples|lane_7_lane_flow|lane_7_lane_occupancy|lane_7_lane_speed|lane_7_lane_observed|lane_8_lane_samples|lane_8_lane_flow|lane_8_lane_occupancy|lane_8_lane_speed|lane_8_lane_observed,0,PASS
d07_text_station_5min_2026_03_23.txt.gz,2026-03-23,"{""52"": 300}",300,0,52|timestamp|station|district|freeway|direction|lane_type|station_length|samples|percent_observed|total_flow|avg_occupancy|avg_speed|lane_1_lane_samples|lane_1_lane_flow|lane_1_lane_occupancy|lane_1_lane_speed|lane_1_lane_observed|lane_2_lane_samples|lane_2_lane_flow|lane_2_lane_occupancy|lane_2_lane_speed|lane_2_lane_observed|lane_3_lane_samples|lane_3_lane_flow|lane_3_lane_occupancy|lane_3_lane_speed|lane_3_lane_observed|lane_4_lane_samples|lane_4_lane_flow|lane_4_lane_occupancy|lane_4_lane_speed|lane_4_lane_observed|lane_5_lane_samples|lane_5_lane_flow|lane_5_lane_occupancy|lane_5_lane_speed|lane_5_lane_observed|lane_6_lane_samples|lane_6_lane_flow|lane_6_lane_occupancy|lane_6_lane_speed|lane_6_lane_observed|lane_7_lane_samples|lane_7_lane_flow|lane_7_lane_occupancy|lane_7_lane_speed|lane_7_lane_observed|lane_8_lane_samples|lane_8_lane_flow|lane_8_lane_occupancy|lane_8_lane_speed|lane_8_lane_observed,0,PASS
d07_text_station_5min_2026_03_24.txt.gz,2026-03-24,"{""52"": 300}",300,0,52|timestamp|station|district|freeway|direction|lane_type|station_length|samples|percent_observed|total_flow|avg_occupancy|avg_speed|lane_1_lane_samples|lane_1_lane_flow|lane_1_lane_occupancy|lane_1_lane_speed|lane_1_lane_observed|lane_2_lane_samples|lane_2_lane_flow|lane_2_lane_occupancy|lane_2_lane_speed|lane_2_lane_observed|lane_3_lane_samples|lane_3_lane_flow|lane_3_lane_occupancy|lane_3_lane_speed|lane_3_lane_observed|lane_4_lane_samples|lane_4_lane_flow|lane_4_lane_occupancy|lane_4_lane_speed|lane_4_lane_observed|lane_5_lane_samples|lane_5_lane_flow|lane_5_lane_occupancy|lane_5_lane_speed|lane_5_lane_observed|lane_6_lane_samples|lane_6_lane_flow|lane_6_lane_occupancy|lane_6_lane_speed|lane_6_lane_observed|lane_7_lane_samples|lane_7_lane_flow|lane_7_lane_occupancy|lane_7_lane_speed|lane_7_lane_observed|lane_8_lane_samples|lane_8_lane_flow|lane_8_lane_occupancy|lane_8_lane_speed|lane_8_lane_observed,0,PASS
d07_text_station_5min_2026_03_25.txt.gz,2026-03-25,"{""52"": 300}",300,0,52|timestamp|station|district|freeway|direction|lane_type|station_length|samples|percent_observed|total_flow|avg_occupancy|avg_speed|lane_1_lane_samples|lane_1_lane_flow|lane_1_lane_occupancy|lane_1_lane_speed|lane_1_lane_observed|lane_2_lane_samples|lane_2_lane_flow|lane_2_lane_occupancy|lane_2_lane_speed|lane_2_lane_observed|lane_3_lane_samples|lane_3_lane_flow|lane_3_lane_occupancy|lane_3_lane_speed|lane_3_lane_observed|lane_4_lane_samples|lane_4_lane_flow|lane_4_lane_occupancy|lane_4_lane_speed|lane_4_lane_observed|lane_5_lane_samples|lane_5_lane_flow|lane_5_lane_occupancy|lane_5_lane_speed|lane_5_lane_observed|lane_6_lane_samples|lane_6_lane_flow|lane_6_lane_occupancy|lane_6_lane_speed|lane_6_lane_observed|lane_7_lane_samples|lane_7_lane_flow|lane_7_lane_occupancy|lane_7_lane_speed|lane_7_lane_observed|lane_8_lane_samples|lane_8_lane_flow|lane_8_lane_occupancy|lane_8_lane_speed|lane_8_lane_observed,0,PASS
d07_text_station_5min_2026_03_26.txt.gz,2026-03-26,"{""52"": 300}",300,0,52|timestamp|station|district|freeway|direction|lane_type|station_length|samples|percent_observed|total_flow|avg_occupancy|avg_speed|lane_1_lane_samples|lane_1_lane_flow|lane_1_lane_occupancy|lane_1_lane_speed|lane_1_lane_observed|lane_2_lane_samples|lane_2_lane_flow|lane_2_lane_occupancy|lane_2_lane_speed|lane_2_lane_observed|lane_3_lane_samples|lane_3_lane_flow|lane_3_lane_occupancy|lane_3_lane_speed|lane_3_lane_observed|lane_4_lane_samples|lane_4_lane_flow|lane_4_lane_occupancy|lane_4_lane_speed|lane_4_lane_observed|lane_5_lane_samples|lane_5_lane_flow|lane_5_lane_occupancy|lane_5_lane_speed|lane_5_lane_observed|lane_6_lane_samples|lane_6_lane_flow|lane_6_lane_occupancy|lane_6_lane_speed|lane_6_lane_observed|lane_7_lane_samples|lane_7_lane_flow|lane_7_lane_occupancy|lane_7_lane_speed|lane_7_lane_observed|lane_8_lane_samples|lane_8_lane_flow|lane_8_lane_occupancy|lane_8_lane_speed|lane_8_lane_observed,0,PASS
d07_text_station_5min_2026_03_27.txt.gz,2026-03-27,"{""52"": 300}",300,0,52|timestamp|station|district|freeway|direction|lane_type|station_length|samples|percent_observed|total_flow|avg_occupancy|avg_speed|lane_1_lane_samples|lane_1_lane_flow|lane_1_lane_occupancy|lane_1_lane_speed|lane_1_lane_observed|lane_2_lane_samples|lane_2_lane_flow|lane_2_lane_occupancy|lane_2_lane_speed|lane_2_lane_observed|lane_3_lane_samples|lane_3_lane_flow|lane_3_lane_occupancy|lane_3_lane_speed|lane_3_lane_observed|lane_4_lane_samples|lane_4_lane_flow|lane_4_lane_occupancy|lane_4_lane_speed|lane_4_lane_observed|lane_5_lane_samples|lane_5_lane_flow|lane_5_lane_occupancy|lane_5_lane_speed|lane_5_lane_observed|lane_6_lane_samples|lane_6_lane_flow|lane_6_lane_occupancy|lane_6_lane_speed|lane_6_lane_observed|lane_7_lane_samples|lane_7_lane_flow|lane_7_lane_occupancy|lane_7_lane_speed|lane_7_lane_observed|lane_8_lane_samples|lane_8_lane_flow|lane_8_lane_occupancy|lane_8_lane_speed|lane_8_lane_observed,0,PASS
d07_text_station_5min_2026_03_28.txt.gz,2026-03-28,"{""52"": 300}",300,0,52|timestamp|station|district|freeway|direction|lane_type|station_length|samples|percent_observed|total_flow|avg_occupancy|avg_speed|lane_1_lane_samples|lane_1_lane_flow|lane_1_lane_occupancy|lane_1_lane_speed|lane_1_lane_observed|lane_2_lane_samples|lane_2_lane_flow|lane_2_lane_occupancy|lane_2_lane_speed|lane_2_lane_observed|lane_3_lane_samples|lane_3_lane_flow|lane_3_lane_occupancy|lane_3_lane_speed|lane_3_lane_observed|lane_4_lane_samples|lane_4_lane_flow|lane_4_lane_occupancy|lane_4_lane_speed|lane_4_lane_observed|lane_5_lane_samples|lane_5_lane_flow|lane_5_lane_occupancy|lane_5_lane_speed|lane_5_lane_observed|lane_6_lane_samples|lane_6_lane_flow|lane_6_lane_occupancy|lane_6_lane_speed|lane_6_lane_observed|lane_7_lane_samples|lane_7_lane_flow|lane_7_lane_occupancy|lane_7_lane_speed|lane_7_lane_observed|lane_8_lane_samples|lane_8_lane_flow|lane_8_lane_occupancy|lane_8_lane_speed|lane_8_lane_observed,0,PASS
d07_text_station_5min_2026_03_29.txt.gz,2026-03-29,"{""52"": 300}",300,0,52|timestamp|station|district|freeway|direction|lane_type|station_length|samples|percent_observed|total_flow|avg_occupancy|avg_speed|lane_1_lane_samples|lane_1_lane_flow|lane_1_lane_occupancy|lane_1_lane_speed|lane_1_lane_observed|lane_2_lane_samples|lane_2_lane_flow|lane_2_lane_occupancy|lane_2_lane_speed|lane_2_lane_observed|lane_3_lane_samples|lane_3_lane_flow|lane_3_lane_occupancy|lane_3_lane_speed|lane_3_lane_observed|lane_4_lane_samples|lane_4_lane_flow|lane_4_lane_occupancy|lane_4_lane_speed|lane_4_lane_observed|lane_5_lane_samples|lane_5_lane_flow|lane_5_lane_occupancy|lane_5_lane_speed|lane_5_lane_observed|lane_6_lane_samples|lane_6_lane_flow|lane_6_lane_occupancy|lane_6_lane_speed|lane_6_lane_observed|lane_7_lane_samples|lane_7_lane_flow|lane_7_lane_occupancy|lane_7_lane_speed|lane_7_lane_observed|lane_8_lane_samples|lane_8_lane_flow|lane_8_lane_occupancy|lane_8_lane_speed|lane_8_lane_observed,0,PASS
d07_text_station_5min_2026_03_30.txt.gz,2026-03-30,"{""52"": 300}",300,0,52|timestamp|station|district|freeway|direction|lane_type|station_length|samples|percent_observed|total_flow|avg_occupancy|avg_speed|lane_1_lane_samples|lane_1_lane_flow|lane_1_lane_occupancy|lane_1_lane_speed|lane_1_lane_observed|lane_2_lane_samples|lane_2_lane_flow|lane_2_lane_occupancy|lane_2_lane_speed|lane_2_lane_observed|lane_3_lane_samples|lane_3_lane_flow|lane_3_lane_occupancy|lane_3_lane_speed|lane_3_lane_observed|lane_4_lane_samples|lane_4_lane_flow|lane_4_lane_occupancy|lane_4_lane_speed|lane_4_lane_observed|lane_5_lane_samples|lane_5_lane_flow|lane_5_lane_occupancy|lane_5_lane_speed|lane_5_lane_observed|lane_6_lane_samples|lane_6_lane_flow|lane_6_lane_occupancy|lane_6_lane_speed|lane_6_lane_observed|lane_7_lane_samples|lane_7_lane_flow|lane_7_lane_occupancy|lane_7_lane_speed|lane_7_lane_observed|lane_8_lane_samples|lane_8_lane_flow|lane_8_lane_occupancy|lane_8_lane_speed|lane_8_lane_observed,0,PASS
d07_text_station_5min_2026_03_31.txt.gz,2026-03-31,"{""52"": 300}",300,0,52|timestamp|station|district|freeway|direction|lane_type|station_length|samples|percent_observed|total_flow|avg_occupancy|avg_speed|lane_1_lane_samples|lane_1_lane_flow|lane_1_lane_occupancy|lane_1_lane_speed|lane_1_lane_observed|lane_2_lane_samples|lane_2_lane_flow|lane_2_lane_occupancy|lane_2_lane_speed|lane_2_lane_observed|lane_3_lane_samples|lane_3_lane_flow|lane_3_lane_occupancy|lane_3_lane_speed|lane_3_lane_observed|lane_4_lane_samples|lane_4_lane_flow|lane_4_lane_occupancy|lane_4_lane_speed|lane_4_lane_observed|lane_5_lane_samples|lane_5_lane_flow|lane_5_lane_occupancy|lane_5_lane_speed|lane_5_lane_observed|lane_6_lane_samples|lane_6_lane_flow|lane_6_lane_occupancy|lane_6_lane_speed|lane_6_lane_observed|lane_7_lane_samples|lane_7_lane_flow|lane_7_lane_occupancy|lane_7_lane_speed|lane_7_lane_observed|lane_8_lane_samples|lane_8_lane_flow|lane_8_lane_occupancy|lane_8_lane_speed|lane_8_lane_observed,0,PASS
d07_text_station_5min_2026_04_01.txt.gz,2026-04-01,"{""52"": 300}",300,0,52|timestamp|station|district|freeway|direction|lane_type|station_length|samples|percent_observed|total_flow|avg_occupancy|avg_speed|lane_1_lane_samples|lane_1_lane_flow|lane_1_lane_occupancy|lane_1_lane_speed|lane_1_lane_observed|lane_2_lane_samples|lane_2_lane_flow|lane_2_lane_occupancy|lane_2_lane_speed|lane_2_lane_observed|lane_3_lane_samples|lane_3_lane_flow|lane_3_lane_occupancy|lane_3_lane_speed|lane_3_lane_observed|lane_4_lane_samples|lane_4_lane_flow|lane_4_lane_occupancy|lane_4_lane_speed|lane_4_lane_observed|lane_5_lane_samples|lane_5_lane_flow|lane_5_lane_occupancy|lane_5_lane_speed|lane_5_lane_observed|lane_6_lane_samples|lane_6_lane_flow|lane_6_lane_occupancy|lane_6_lane_speed|lane_6_lane_observed|lane_7_lane_samples|lane_7_lane_flow|lane_7_lane_occupancy|lane_7_lane_speed|lane_7_lane_observed|lane_8_lane_samples|lane_8_lane_flow|lane_8_lane_occupancy|lane_8_lane_speed|lane_8_lane_observed,0,PASS
d07_text_station_5min_2026_04_02.txt.gz,2026-04-02,"{""52"": 300}",300,0,52|timestamp|station|district|freeway|direction|lane_type|station_length|samples|percent_observed|total_flow|avg_occupancy|avg_speed|lane_1_lane_samples|lane_1_lane_flow|lane_1_lane_occupancy|lane_1_lane_speed|lane_1_lane_observed|lane_2_lane_samples|lane_2_lane_flow|lane_2_lane_occupancy|lane_2_lane_speed|lane_2_lane_observed|lane_3_lane_samples|lane_3_lane_flow|lane_3_lane_occupancy|lane_3_lane_speed|lane_3_lane_observed|lane_4_lane_samples|lane_4_lane_flow|lane_4_lane_occupancy|lane_4_lane_speed|lane_4_lane_observed|lane_5_lane_samples|lane_5_lane_flow|lane_5_lane_occupancy|lane_5_lane_speed|lane_5_lane_observed|lane_6_lane_samples|lane_6_lane_flow|lane_6_lane_occupancy|lane_6_lane_speed|lane_6_lane_observed|lane_7_lane_samples|lane_7_lane_flow|lane_7_lane_occupancy|lane_7_lane_speed|lane_7_lane_observed|lane_8_lane_samples|lane_8_lane_flow|lane_8_lane_occupancy|lane_8_lane_speed|lane_8_lane_observed,0,PASS
d07_text_station_5min_2026_04_03.txt.gz,2026-04-03,"{""52"": 300}",300,0,52|timestamp|station|district|freeway|direction|lane_type|station_length|samples|percent_observed|total_flow|avg_occupancy|avg_speed|lane_1_lane_samples|lane_1_lane_flow|lane_1_lane_occupancy|lane_1_lane_speed|lane_1_lane_observed|lane_2_lane_samples|lane_2_lane_flow|lane_2_lane_occupancy|lane_2_lane_speed|lane_2_lane_observed|lane_3_lane_samples|lane_3_lane_flow|lane_3_lane_occupancy|lane_3_lane_speed|lane_3_lane_observed|lane_4_lane_samples|lane_4_lane_flow|lane_4_lane_occupancy|lane_4_lane_speed|lane_4_lane_observed|lane_5_lane_samples|lane_5_lane_flow|lane_5_lane_occupancy|lane_5_lane_speed|lane_5_lane_observed|lane_6_lane_samples|lane_6_lane_flow|lane_6_lane_occupancy|lane_6_lane_speed|lane_6_lane_observed|lane_7_lane_samples|lane_7_lane_flow|lane_7_lane_occupancy|lane_7_lane_speed|lane_7_lane_observed|lane_8_lane_samples|lane_8_lane_flow|lane_8_lane_occupancy|lane_8_lane_speed|lane_8_lane_observed,0,PASS
d07_text_station_5min_2026_04_04.txt.gz,2026-04-04,"{""52"": 300}",300,0,52|timestamp|station|district|freeway|direction|lane_type|station_length|samples|percent_observed|total_flow|avg_occupancy|avg_speed|lane_1_lane_samples|lane_1_lane_flow|lane_1_lane_occupancy|lane_1_lane_speed|lane_1_lane_observed|lane_2_lane_samples|lane_2_lane_flow|lane_2_lane_occupancy|lane_2_lane_speed|lane_2_lane_observed|lane_3_lane_samples|lane_3_lane_flow|lane_3_lane_occupancy|lane_3_lane_speed|lane_3_lane_observed|lane_4_lane_samples|lane_4_lane_flow|lane_4_lane_occupancy|lane_4_lane_speed|lane_4_lane_observed|lane_5_lane_samples|lane_5_lane_flow|lane_5_lane_occupancy|lane_5_lane_speed|lane_5_lane_observed|lane_6_lane_samples|lane_6_lane_flow|lane_6_lane_occupancy|lane_6_lane_speed|lane_6_lane_observed|lane_7_lane_samples|lane_7_lane_flow|lane_7_lane_occupancy|lane_7_lane_speed|lane_7_lane_observed|lane_8_lane_samples|lane_8_lane_flow|lane_8_lane_occupancy|lane_8_lane_speed|lane_8_lane_observed,0,PASS
d07_text_station_5min_2026_04_05.txt.gz,2026-04-05,"{""52"": 300}",300,0,52|timestamp|station|district|freeway|direction|lane_type|station_length|samples|percent_observed|total_flow|avg_occupancy|avg_speed|lane_1_lane_samples|lane_1_lane_flow|lane_1_lane_occupancy|lane_1_lane_speed|lane_1_lane_observed|lane_2_lane_samples|lane_2_lane_flow|lane_2_lane_occupancy|lane_2_lane_speed|lane_2_lane_observed|lane_3_lane_samples|lane_3_lane_flow|lane_3_lane_occupancy|lane_3_lane_speed|lane_3_lane_observed|lane_4_lane_samples|lane_4_lane_flow|lane_4_lane_occupancy|lane_4_lane_speed|lane_4_lane_observed|lane_5_lane_samples|lane_5_lane_flow|lane_5_lane_occupancy|lane_5_lane_speed|lane_5_lane_observed|lane_6_lane_samples|lane_6_lane_flow|lane_6_lane_occupancy|lane_6_lane_speed|lane_6_lane_observed|lane_7_lane_samples|lane_7_lane_flow|lane_7_lane_occupancy|lane_7_lane_speed|lane_7_lane_observed|lane_8_lane_samples|lane_8_lane_flow|lane_8_lane_occupancy|lane_8_lane_speed|lane_8_lane_observed,0,PASS
d07_text_station_5min_2026_04_06.txt.gz,2026-04-06,"{""52"": 300}",300,0,52|timestamp|station|district|freeway|direction|lane_type|station_length|samples|percent_observed|total_flow|avg_occupancy|avg_speed|lane_1_lane_samples|lane_1_lane_flow|lane_1_lane_occupancy|lane_1_lane_speed|lane_1_lane_observed|lane_2_lane_samples|lane_2_lane_flow|lane_2_lane_occupancy|lane_2_lane_speed|lane_2_lane_observed|lane_3_lane_samples|lane_3_lane_flow|lane_3_lane_occupancy|lane_3_lane_speed|lane_3_lane_observed|lane_4_lane_samples|lane_4_lane_flow|lane_4_lane_occupancy|lane_4_lane_speed|lane_4_lane_observed|lane_5_lane_samples|lane_5_lane_flow|lane_5_lane_occupancy|lane_5_lane_speed|lane_5_lane_observed|lane_6_lane_samples|lane_6_lane_flow|lane_6_lane_occupancy|lane_6_lane_speed|lane_6_lane_observed|lane_7_lane_samples|lane_7_lane_flow|lane_7_lane_occupancy|lane_7_lane_speed|lane_7_lane_observed|lane_8_lane_samples|lane_8_lane_flow|lane_8_lane_occupancy|lane_8_lane_speed|lane_8_lane_observed,0,PASS
d07_text_station_5min_2026_04_11.txt.gz,2026-04-11,"{""52"": 300}",300,0,52|timestamp|station|district|freeway|direction|lane_type|station_length|samples|percent_observed|total_flow|avg_occupancy|avg_speed|lane_1_lane_samples|lane_1_lane_flow|lane_1_lane_occupancy|lane_1_lane_speed|lane_1_lane_observed|lane_2_lane_samples|lane_2_lane_flow|lane_2_lane_occupancy|lane_2_lane_speed|lane_2_lane_observed|lane_3_lane_samples|lane_3_lane_flow|lane_3_lane_occupancy|lane_3_lane_speed|lane_3_lane_observed|lane_4_lane_samples|lane_4_lane_flow|lane_4_lane_occupancy|lane_4_lane_speed|lane_4_lane_observed|lane_5_lane_samples|lane_5_lane_flow|lane_5_lane_occupancy|lane_5_lane_speed|lane_5_lane_observed|lane_6_lane_samples|lane_6_lane_flow|lane_6_lane_occupancy|lane_6_lane_speed|lane_6_lane_observed|lane_7_lane_samples|lane_7_lane_flow|lane_7_lane_occupancy|lane_7_lane_speed|lane_7_lane_observed|lane_8_lane_samples|lane_8_lane_flow|lane_8_lane_occupancy|lane_8_lane_speed|lane_8_lane_observed,0,PASS
d07_text_station_5min_2026_04_12.txt.gz,2026-04-12,"{""52"": 300}",300,0,52|timestamp|station|district|freeway|direction|lane_type|station_length|samples|percent_observed|total_flow|avg_occupancy|avg_speed|lane_1_lane_samples|lane_1_lane_flow|lane_1_lane_occupancy|lane_1_lane_speed|lane_1_lane_observed|lane_2_lane_samples|lane_2_lane_flow|lane_2_lane_occupancy|lane_2_lane_speed|lane_2_lane_observed|lane_3_lane_samples|lane_3_lane_flow|lane_3_lane_occupancy|lane_3_lane_speed|lane_3_lane_observed|lane_4_lane_samples|lane_4_lane_flow|lane_4_lane_occupancy|lane_4_lane_speed|lane_4_lane_observed|lane_5_lane_samples|lane_5_lane_flow|lane_5_lane_occupancy|lane_5_lane_speed|lane_5_lane_observed|lane_6_lane_samples|lane_6_lane_flow|lane_6_lane_occupancy|lane_6_lane_speed|lane_6_lane_observed|lane_7_lane_samples|lane_7_lane_flow|lane_7_lane_occupancy|lane_7_lane_speed|lane_7_lane_observed|lane_8_lane_samples|lane_8_lane_flow|lane_8_lane_occupancy|lane_8_lane_speed|lane_8_lane_observed,0,PASS
d07_text_station_5min_2026_04_13.txt.gz,2026-04-13,"{""52"": 300}",300,0,52|timestamp|station|district|freeway|direction|lane_type|station_length|samples|percent_observed|total_flow|avg_occupancy|avg_speed|lane_1_lane_samples|lane_1_lane_flow|lane_1_lane_occupancy|lane_1_lane_speed|lane_1_lane_observed|lane_2_lane_samples|lane_2_lane_flow|lane_2_lane_occupancy|lane_2_lane_speed|lane_2_lane_observed|lane_3_lane_samples|lane_3_lane_flow|lane_3_lane_occupancy|lane_3_lane_speed|lane_3_lane_observed|lane_4_lane_samples|lane_4_lane_flow|lane_4_lane_occupancy|lane_4_lane_speed|lane_4_lane_observed|lane_5_lane_samples|lane_5_lane_flow|lane_5_lane_occupancy|lane_5_lane_speed|lane_5_lane_observed|lane_6_lane_samples|lane_6_lane_flow|lane_6_lane_occupancy|lane_6_lane_speed|lane_6_lane_observed|lane_7_lane_samples|lane_7_lane_flow|lane_7_lane_occupancy|lane_7_lane_speed|lane_7_lane_observed|lane_8_lane_samples|lane_8_lane_flow|lane_8_lane_occupancy|lane_8_lane_speed|lane_8_lane_observed,0,PASS
d07_text_station_5min_2026_04_15.txt.gz,2026-04-15,"{""52"": 300}",300,0,52|timestamp|station|district|freeway|direction|lane_type|station_length|samples|percent_observed|total_flow|avg_occupancy|avg_speed|lane_1_lane_samples|lane_1_lane_flow|lane_1_lane_occupancy|lane_1_lane_speed|lane_1_lane_observed|lane_2_lane_samples|lane_2_lane_flow|lane_2_lane_occupancy|lane_2_lane_speed|lane_2_lane_observed|lane_3_lane_samples|lane_3_lane_flow|lane_3_lane_occupancy|lane_3_lane_speed|lane_3_lane_observed|lane_4_lane_samples|lane_4_lane_flow|lane_4_lane_occupancy|lane_4_lane_speed|lane_4_lane_observed|lane_5_lane_samples|lane_5_lane_flow|lane_5_lane_occupancy|lane_5_lane_speed|lane_5_lane_observed|lane_6_lane_samples|lane_6_lane_flow|lane_6_lane_occupancy|lane_6_lane_speed|lane_6_lane_observed|lane_7_lane_samples|lane_7_lane_flow|lane_7_lane_occupancy|lane_7_lane_speed|lane_7_lane_observed|lane_8_lane_samples|lane_8_lane_flow|lane_8_lane_occupancy|lane_8_lane_speed|lane_8_lane_observed,0,PASS
d07_text_station_5min_2026_04_16.txt.gz,2026-04-16,"{""52"": 300}",300,0,52|timestamp|station|district|freeway|direction|lane_type|station_length|samples|percent_observed|total_flow|avg_occupancy|avg_speed|lane_1_lane_samples|lane_1_lane_flow|lane_1_lane_occupancy|lane_1_lane_speed|lane_1_lane_observed|lane_2_lane_samples|lane_2_lane_flow|lane_2_lane_occupancy|lane_2_lane_speed|lane_2_lane_observed|lane_3_lane_samples|lane_3_lane_flow|lane_3_lane_occupancy|lane_3_lane_speed|lane_3_lane_observed|lane_4_lane_samples|lane_4_lane_flow|lane_4_lane_occupancy|lane_4_lane_speed|lane_4_lane_observed|lane_5_lane_samples|lane_5_lane_flow|lane_5_lane_occupancy|lane_5_lane_speed|lane_5_lane_observed|lane_6_lane_samples|lane_6_lane_flow|lane_6_lane_occupancy|lane_6_lane_speed|lane_6_lane_observed|lane_7_lane_samples|lane_7_lane_flow|lane_7_lane_occupancy|lane_7_lane_speed|lane_7_lane_observed|lane_8_lane_samples|lane_8_lane_flow|lane_8_lane_occupancy|lane_8_lane_speed|lane_8_lane_observed,0,PASS
d07_text_station_5min_2026_04_18.txt.gz,2026-04-18,"{""52"": 300}",300,0,52|timestamp|station|district|freeway|direction|lane_type|station_length|samples|percent_observed|total_flow|avg_occupancy|avg_speed|lane_1_lane_samples|lane_1_lane_flow|lane_1_lane_occupancy|lane_1_lane_speed|lane_1_lane_observed|lane_2_lane_samples|lane_2_lane_flow|lane_2_lane_occupancy|lane_2_lane_speed|lane_2_lane_observed|lane_3_lane_samples|lane_3_lane_flow|lane_3_lane_occupancy|lane_3_lane_speed|lane_3_lane_observed|lane_4_lane_samples|lane_4_lane_flow|lane_4_lane_occupancy|lane_4_lane_speed|lane_4_lane_observed|lane_5_lane_samples|lane_5_lane_flow|lane_5_lane_occupancy|lane_5_lane_speed|lane_5_lane_observed|lane_6_lane_samples|lane_6_lane_flow|lane_6_lane_occupancy|lane_6_lane_speed|lane_6_lane_observed|lane_7_lane_samples|lane_7_lane_flow|lane_7_lane_occupancy|lane_7_lane_speed|lane_7_lane_observed|lane_8_lane_samples|lane_8_lane_flow|lane_8_lane_occupancy|lane_8_lane_speed|lane_8_lane_observed,0,PASS
d07_text_station_5min_2026_04_19.txt.gz,2026-04-19,"{""52"": 300}",300,0,52|timestamp|station|district|freeway|direction|lane_type|station_length|samples|percent_observed|total_flow|avg_occupancy|avg_speed|lane_1_lane_samples|lane_1_lane_flow|lane_1_lane_occupancy|lane_1_lane_speed|lane_1_lane_observed|lane_2_lane_samples|lane_2_lane_flow|lane_2_lane_occupancy|lane_2_lane_speed|lane_2_lane_observed|lane_3_lane_samples|lane_3_lane_flow|lane_3_lane_occupancy|lane_3_lane_speed|lane_3_lane_observed|lane_4_lane_samples|lane_4_lane_flow|lane_4_lane_occupancy|lane_4_lane_speed|lane_4_lane_observed|lane_5_lane_samples|lane_5_lane_flow|lane_5_lane_occupancy|lane_5_lane_speed|lane_5_lane_observed|lane_6_lane_samples|lane_6_lane_flow|lane_6_lane_occupancy|lane_6_lane_speed|lane_6_lane_observed|lane_7_lane_samples|lane_7_lane_flow|lane_7_lane_occupancy|lane_7_lane_speed|lane_7_lane_observed|lane_8_lane_samples|lane_8_lane_flow|lane_8_lane_occupancy|lane_8_lane_speed|lane_8_lane_observed,0,PASS
d07_text_station_5min_2026_04_20.txt.gz,2026-04-20,"{""52"": 300}",300,0,52|timestamp|station|district|freeway|direction|lane_type|station_length|samples|percent_observed|total_flow|avg_occupancy|avg_speed|lane_1_lane_samples|lane_1_lane_flow|lane_1_lane_occupancy|lane_1_lane_speed|lane_1_lane_observed|lane_2_lane_samples|lane_2_lane_flow|lane_2_lane_occupancy|lane_2_lane_speed|lane_2_lane_observed|lane_3_lane_samples|lane_3_lane_flow|lane_3_lane_occupancy|lane_3_lane_speed|lane_3_lane_observed|lane_4_lane_samples|lane_4_lane_flow|lane_4_lane_occupancy|lane_4_lane_speed|lane_4_lane_observed|lane_5_lane_samples|lane_5_lane_flow|lane_5_lane_occupancy|lane_5_lane_speed|lane_5_lane_observed|lane_6_lane_samples|lane_6_lane_flow|lane_6_lane_occupancy|lane_6_lane_speed|lane_6_lane_observed|lane_7_lane_samples|lane_7_lane_flow|lane_7_lane_occupancy|lane_7_lane_speed|lane_7_lane_observed|lane_8_lane_samples|lane_8_lane_flow|lane_8_lane_occupancy|lane_8_lane_speed|lane_8_lane_observed,0,PASS
d07_text_station_5min_2026_04_21.txt.gz,2026-04-21,"{""52"": 300}",300,0,52|timestamp|station|district|freeway|direction|lane_type|station_length|samples|percent_observed|total_flow|avg_occupancy|avg_speed|lane_1_lane_samples|lane_1_lane_flow|lane_1_lane_occupancy|lane_1_lane_speed|lane_1_lane_observed|lane_2_lane_samples|lane_2_lane_flow|lane_2_lane_occupancy|lane_2_lane_speed|lane_2_lane_observed|lane_3_lane_samples|lane_3_lane_flow|lane_3_lane_occupancy|lane_3_lane_speed|lane_3_lane_observed|lane_4_lane_samples|lane_4_lane_flow|lane_4_lane_occupancy|lane_4_lane_speed|lane_4_lane_observed|lane_5_lane_samples|lane_5_lane_flow|lane_5_lane_occupancy|lane_5_lane_speed|lane_5_lane_observed|lane_6_lane_samples|lane_6_lane_flow|lane_6_lane_occupancy|lane_6_lane_speed|lane_6_lane_observed|lane_7_lane_samples|lane_7_lane_flow|lane_7_lane_occupancy|lane_7_lane_speed|lane_7_lane_observed|lane_8_lane_samples|lane_8_lane_flow|lane_8_lane_occupancy|lane_8_lane_speed|lane_8_lane_observed,0,PASS
d07_text_station_5min_2026_04_22.txt.gz,2026-04-22,"{""52"": 300}",300,0,52|timestamp|station|district|freeway|direction|lane_type|station_length|samples|percent_observed|total_flow|avg_occupancy|avg_speed|lane_1_lane_samples|lane_1_lane_flow|lane_1_lane_occupancy|lane_1_lane_speed|lane_1_lane_observed|lane_2_lane_samples|lane_2_lane_flow|lane_2_lane_occupancy|lane_2_lane_speed|lane_2_lane_observed|lane_3_lane_samples|lane_3_lane_flow|lane_3_lane_occupancy|lane_3_lane_speed|lane_3_lane_observed|lane_4_lane_samples|lane_4_lane_flow|lane_4_lane_occupancy|lane_4_lane_speed|lane_4_lane_observed|lane_5_lane_samples|lane_5_lane_flow|lane_5_lane_occupancy|lane_5_lane_speed|lane_5_lane_observed|lane_6_lane_samples|lane_6_lane_flow|lane_6_lane_occupancy|lane_6_lane_speed|lane_6_lane_observed|lane_7_lane_samples|lane_7_lane_flow|lane_7_lane_occupancy|lane_7_lane_speed|lane_7_lane_observed|lane_8_lane_samples|lane_8_lane_flow|lane_8_lane_occupancy|lane_8_lane_speed|lane_8_lane_observed,0,PASS
d07_text_station_5min_2026_04_23.txt.gz,2026-04-23,"{""52"": 300}",300,0,52|timestamp|station|district|freeway|direction|lane_type|station_length|samples|percent_observed|total_flow|avg_occupancy|avg_speed|lane_1_lane_samples|lane_1_lane_flow|lane_1_lane_occupancy|lane_1_lane_speed|lane_1_lane_observed|lane_2_lane_samples|lane_2_lane_flow|lane_2_lane_occupancy|lane_2_lane_speed|lane_2_lane_observed|lane_3_lane_samples|lane_3_lane_flow|lane_3_lane_occupancy|lane_3_lane_speed|lane_3_lane_observed|lane_4_lane_samples|lane_4_lane_flow|lane_4_lane_occupancy|lane_4_lane_speed|lane_4_lane_observed|lane_5_lane_samples|lane_5_lane_flow|lane_5_lane_occupancy|lane_5_lane_speed|lane_5_lane_observed|lane_6_lane_samples|lane_6_lane_flow|lane_6_lane_occupancy|lane_6_lane_speed|lane_6_lane_observed|lane_7_lane_samples|lane_7_lane_flow|lane_7_lane_occupancy|lane_7_lane_speed|lane_7_lane_observed|lane_8_lane_samples|lane_8_lane_flow|lane_8_lane_occupancy|lane_8_lane_speed|lane_8_lane_observed,0,PASS
d07_text_station_5min_2026_04_24.txt.gz,2026-04-24,"{""52"": 300}",300,0,52|timestamp|station|district|freeway|direction|lane_type|station_length|samples|percent_observed|total_flow|avg_occupancy|avg_speed|lane_1_lane_samples|lane_1_lane_flow|lane_1_lane_occupancy|lane_1_lane_speed|lane_1_lane_observed|lane_2_lane_samples|lane_2_lane_flow|lane_2_lane_occupancy|lane_2_lane_speed|lane_2_lane_observed|lane_3_lane_samples|lane_3_lane_flow|lane_3_lane_occupancy|lane_3_lane_speed|lane_3_lane_observed|lane_4_lane_samples|lane_4_lane_flow|lane_4_lane_occupancy|lane_4_lane_speed|lane_4_lane_observed|lane_5_lane_samples|lane_5_lane_flow|lane_5_lane_occupancy|lane_5_lane_speed|lane_5_lane_observed|lane_6_lane_samples|lane_6_lane_flow|lane_6_lane_occupancy|lane_6_lane_speed|lane_6_lane_observed|lane_7_lane_samples|lane_7_lane_flow|lane_7_lane_occupancy|lane_7_lane_speed|lane_7_lane_observed|lane_8_lane_samples|lane_8_lane_flow|lane_8_lane_occupancy|lane_8_lane_speed|lane_8_lane_observed,0,PASS
d07_text_station_5min_2026_04_25.txt.gz,2026-04-25,"{""52"": 300}",300,0,52|timestamp|station|district|freeway|direction|lane_type|station_length|samples|percent_observed|total_flow|avg_occupancy|avg_speed|lane_1_lane_samples|lane_1_lane_flow|lane_1_lane_occupancy|lane_1_lane_speed|lane_1_lane_observed|lane_2_lane_samples|lane_2_lane_flow|lane_2_lane_occupancy|lane_2_lane_speed|lane_2_lane_observed|lane_3_lane_samples|lane_3_lane_flow|lane_3_lane_occupancy|lane_3_lane_speed|lane_3_lane_observed|lane_4_lane_samples|lane_4_lane_flow|lane_4_lane_occupancy|lane_4_lane_speed|lane_4_lane_observed|lane_5_lane_samples|lane_5_lane_flow|lane_5_lane_occupancy|lane_5_lane_speed|lane_5_lane_observed|lane_6_lane_samples|lane_6_lane_flow|lane_6_lane_occupancy|lane_6_lane_speed|lane_6_lane_observed|lane_7_lane_samples|lane_7_lane_flow|lane_7_lane_occupancy|lane_7_lane_speed|lane_7_lane_observed|lane_8_lane_samples|lane_8_lane_flow|lane_8_lane_occupancy|lane_8_lane_speed|lane_8_lane_observed,0,PASS
d07_text_station_5min_2026_04_26.txt.gz,2026-04-26,"{""52"": 300}",300,0,52|timestamp|station|district|freeway|direction|lane_type|station_length|samples|percent_observed|total_flow|avg_occupancy|avg_speed|lane_1_lane_samples|lane_1_lane_flow|lane_1_lane_occupancy|lane_1_lane_speed|lane_1_lane_observed|lane_2_lane_samples|lane_2_lane_flow|lane_2_lane_occupancy|lane_2_lane_speed|lane_2_lane_observed|lane_3_lane_samples|lane_3_lane_flow|lane_3_lane_occupancy|lane_3_lane_speed|lane_3_lane_observed|lane_4_lane_samples|lane_4_lane_flow|lane_4_lane_occupancy|lane_4_lane_speed|lane_4_lane_observed|lane_5_lane_samples|lane_5_lane_flow|lane_5_lane_occupancy|lane_5_lane_speed|lane_5_lane_observed|lane_6_lane_samples|lane_6_lane_flow|lane_6_lane_occupancy|lane_6_lane_speed|lane_6_lane_observed|lane_7_lane_samples|lane_7_lane_flow|lane_7_lane_occupancy|lane_7_lane_speed|lane_7_lane_observed|lane_8_lane_samples|lane_8_lane_flow|lane_8_lane_occupancy|lane_8_lane_speed|lane_8_lane_observed,0,PASS
d07_text_station_5min_2026_04_27.txt.gz,2026-04-27,"{""52"": 300}",300,0,52|timestamp|station|district|freeway|direction|lane_type|station_length|samples|percent_observed|total_flow|avg_occupancy|avg_speed|lane_1_lane_samples|lane_1_lane_flow|lane_1_lane_occupancy|lane_1_lane_speed|lane_1_lane_observed|lane_2_lane_samples|lane_2_lane_flow|lane_2_lane_occupancy|lane_2_lane_speed|lane_2_lane_observed|lane_3_lane_samples|lane_3_lane_flow|lane_3_lane_occupancy|lane_3_lane_speed|lane_3_lane_observed|lane_4_lane_samples|lane_4_lane_flow|lane_4_lane_occupancy|lane_4_lane_speed|lane_4_lane_observed|lane_5_lane_samples|lane_5_lane_flow|lane_5_lane_occupancy|lane_5_lane_speed|lane_5_lane_observed|lane_6_lane_samples|lane_6_lane_flow|lane_6_lane_occupancy|lane_6_lane_speed|lane_6_lane_observed|lane_7_lane_samples|lane_7_lane_flow|lane_7_lane_occupancy|lane_7_lane_speed|lane_7_lane_observed|lane_8_lane_samples|lane_8_lane_flow|lane_8_lane_occupancy|lane_8_lane_speed|lane_8_lane_observed,0,PASS
d07_text_station_5min_2026_04_28.txt.gz,2026-04-28,"{""52"": 300}",300,0,52|timestamp|station|district|freeway|direction|lane_type|station_length|samples|percent_observed|total_flow|avg_occupancy|avg_speed|lane_1_lane_samples|lane_1_lane_flow|lane_1_lane_occupancy|lane_1_lane_speed|lane_1_lane_observed|lane_2_lane_samples|lane_2_lane_flow|lane_2_lane_occupancy|lane_2_lane_speed|lane_2_lane_observed|lane_3_lane_samples|lane_3_lane_flow|lane_3_lane_occupancy|lane_3_lane_speed|lane_3_lane_observed|lane_4_lane_samples|lane_4_lane_flow|lane_4_lane_occupancy|lane_4_lane_speed|lane_4_lane_observed|lane_5_lane_samples|lane_5_lane_flow|lane_5_lane_occupancy|lane_5_lane_speed|lane_5_lane_observed|lane_6_lane_samples|lane_6_lane_flow|lane_6_lane_occupancy|lane_6_lane_speed|lane_6_lane_observed|lane_7_lane_samples|lane_7_lane_flow|lane_7_lane_occupancy|lane_7_lane_speed|lane_7_lane_observed|lane_8_lane_samples|lane_8_lane_flow|lane_8_lane_occupancy|lane_8_lane_speed|lane_8_lane_observed,0,PASS
d07_text_station_5min_2026_04_29.txt.gz,2026-04-29,"{""52"": 300}",300,0,52|timestamp|station|district|freeway|direction|lane_type|station_length|samples|percent_observed|total_flow|avg_occupancy|avg_speed|lane_1_lane_samples|lane_1_lane_flow|lane_1_lane_occupancy|lane_1_lane_speed|lane_1_lane_observed|lane_2_lane_samples|lane_2_lane_flow|lane_2_lane_occupancy|lane_2_lane_speed|lane_2_lane_observed|lane_3_lane_samples|lane_3_lane_flow|lane_3_lane_occupancy|lane_3_lane_speed|lane_3_lane_observed|lane_4_lane_samples|lane_4_lane_flow|lane_4_lane_occupancy|lane_4_lane_speed|lane_4_lane_observed|lane_5_lane_samples|lane_5_lane_flow|lane_5_lane_occupancy|lane_5_lane_speed|lane_5_lane_observed|lane_6_lane_samples|lane_6_lane_flow|lane_6_lane_occupancy|lane_6_lane_speed|lane_6_lane_observed|lane_7_lane_samples|lane_7_lane_flow|lane_7_lane_occupancy|lane_7_lane_speed|lane_7_lane_observed|lane_8_lane_samples|lane_8_lane_flow|lane_8_lane_occupancy|lane_8_lane_speed|lane_8_lane_observed,0,PASS
d07_text_station_5min_2026_04_30.txt.gz,2026-04-30,"{""52"": 300}",300,0,52|timestamp|station|district|freeway|direction|lane_type|station_length|samples|percent_observed|total_flow|avg_occupancy|avg_speed|lane_1_lane_samples|lane_1_lane_flow|lane_1_lane_occupancy|lane_1_lane_speed|lane_1_lane_observed|lane_2_lane_samples|lane_2_lane_flow|lane_2_lane_occupancy|lane_2_lane_speed|lane_2_lane_observed|lane_3_lane_samples|lane_3_lane_flow|lane_3_lane_occupancy|lane_3_lane_speed|lane_3_lane_observed|lane_4_lane_samples|lane_4_lane_flow|lane_4_lane_occupancy|lane_4_lane_speed|lane_4_lane_observed|lane_5_lane_samples|lane_5_lane_flow|lane_5_lane_occupancy|lane_5_lane_speed|lane_5_lane_observed|lane_6_lane_samples|lane_6_lane_flow|lane_6_lane_occupancy|lane_6_lane_speed|lane_6_lane_observed|lane_7_lane_samples|lane_7_lane_flow|lane_7_lane_occupancy|lane_7_lane_speed|lane_7_lane_observed|lane_8_lane_samples|lane_8_lane_flow|lane_8_lane_occupancy|lane_8_lane_speed|lane_8_lane_observed,0,PASS
d07_text_station_5min_2026_05_01.txt.gz,2026-05-01,"{""52"": 300}",300,0,52|timestamp|station|district|freeway|direction|lane_type|station_length|samples|percent_observed|total_flow|avg_occupancy|avg_speed|lane_1_lane_samples|lane_1_lane_flow|lane_1_lane_occupancy|lane_1_lane_speed|lane_1_lane_observed|lane_2_lane_samples|lane_2_lane_flow|lane_2_lane_occupancy|lane_2_lane_speed|lane_2_lane_observed|lane_3_lane_samples|lane_3_lane_flow|lane_3_lane_occupancy|lane_3_lane_speed|lane_3_lane_observed|lane_4_lane_samples|lane_4_lane_flow|lane_4_lane_occupancy|lane_4_lane_speed|lane_4_lane_observed|lane_5_lane_samples|lane_5_lane_flow|lane_5_lane_occupancy|lane_5_lane_speed|lane_5_lane_observed|lane_6_lane_samples|lane_6_lane_flow|lane_6_lane_occupancy|lane_6_lane_speed|lane_6_lane_observed|lane_7_lane_samples|lane_7_lane_flow|lane_7_lane_occupancy|lane_7_lane_speed|lane_7_lane_observed|lane_8_lane_samples|lane_8_lane_flow|lane_8_lane_occupancy|lane_8_lane_speed|lane_8_lane_observed,0,PASS
d07_text_station_5min_2026_05_02.txt.gz,2026-05-02,"{""52"": 300}",300,0,52|timestamp|station|district|freeway|direction|lane_type|station_length|samples|percent_observed|total_flow|avg_occupancy|avg_speed|lane_1_lane_samples|lane_1_lane_flow|lane_1_lane_occupancy|lane_1_lane_speed|lane_1_lane_observed|lane_2_lane_samples|lane_2_lane_flow|lane_2_lane_occupancy|lane_2_lane_speed|lane_2_lane_observed|lane_3_lane_samples|lane_3_lane_flow|lane_3_lane_occupancy|lane_3_lane_speed|lane_3_lane_observed|lane_4_lane_samples|lane_4_lane_flow|lane_4_lane_occupancy|lane_4_lane_speed|lane_4_lane_observed|lane_5_lane_samples|lane_5_lane_flow|lane_5_lane_occupancy|lane_5_lane_speed|lane_5_lane_observed|lane_6_lane_samples|lane_6_lane_flow|lane_6_lane_occupancy|lane_6_lane_speed|lane_6_lane_observed|lane_7_lane_samples|lane_7_lane_flow|lane_7_lane_occupancy|lane_7_lane_speed|lane_7_lane_observed|lane_8_lane_samples|lane_8_lane_flow|lane_8_lane_occupancy|lane_8_lane_speed|lane_8_lane_observed,0,PASS
d07_text_station_5min_2026_05_03.txt.gz,2026-05-03,"{""52"": 300}",300,0,52|timestamp|station|district|freeway|direction|lane_type|station_length|samples|percent_observed|total_flow|avg_occupancy|avg_speed|lane_1_lane_samples|lane_1_lane_flow|lane_1_lane_occupancy|lane_1_lane_speed|lane_1_lane_observed|lane_2_lane_samples|lane_2_lane_flow|lane_2_lane_occupancy|lane_2_lane_speed|lane_2_lane_observed|lane_3_lane_samples|lane_3_lane_flow|lane_3_lane_occupancy|lane_3_lane_speed|lane_3_lane_observed|lane_4_lane_samples|lane_4_lane_flow|lane_4_lane_occupancy|lane_4_lane_speed|lane_4_lane_observed|lane_5_lane_samples|lane_5_lane_flow|lane_5_lane_occupancy|lane_5_lane_speed|lane_5_lane_observed|lane_6_lane_samples|lane_6_lane_flow|lane_6_lane_occupancy|lane_6_lane_speed|lane_6_lane_observed|lane_7_lane_samples|lane_7_lane_flow|lane_7_lane_occupancy|lane_7_lane_speed|lane_7_lane_observed|lane_8_lane_samples|lane_8_lane_flow|lane_8_lane_occupancy|lane_8_lane_speed|lane_8_lane_observed,0,PASS
d07_text_station_5min_2026_05_08.txt.gz,2026-05-08,"{""52"": 300}",300,0,52|timestamp|station|district|freeway|direction|lane_type|station_length|samples|percent_observed|total_flow|avg_occupancy|avg_speed|lane_1_lane_samples|lane_1_lane_flow|lane_1_lane_occupancy|lane_1_lane_speed|lane_1_lane_observed|lane_2_lane_samples|lane_2_lane_flow|lane_2_lane_occupancy|lane_2_lane_speed|lane_2_lane_observed|lane_3_lane_samples|lane_3_lane_flow|lane_3_lane_occupancy|lane_3_lane_speed|lane_3_lane_observed|lane_4_lane_samples|lane_4_lane_flow|lane_4_lane_occupancy|lane_4_lane_speed|lane_4_lane_observed|lane_5_lane_samples|lane_5_lane_flow|lane_5_lane_occupancy|lane_5_lane_speed|lane_5_lane_observed|lane_6_lane_samples|lane_6_lane_flow|lane_6_lane_occupancy|lane_6_lane_speed|lane_6_lane_observed|lane_7_lane_samples|lane_7_lane_flow|lane_7_lane_occupancy|lane_7_lane_speed|lane_7_lane_observed|lane_8_lane_samples|lane_8_lane_flow|lane_8_lane_occupancy|lane_8_lane_speed|lane_8_lane_observed,0,PASS
d07_text_station_5min_2026_05_09.txt.gz,2026-05-09,"{""52"": 300}",300,0,52|timestamp|station|district|freeway|direction|lane_type|station_length|samples|percent_observed|total_flow|avg_occupancy|avg_speed|lane_1_lane_samples|lane_1_lane_flow|lane_1_lane_occupancy|lane_1_lane_speed|lane_1_lane_observed|lane_2_lane_samples|lane_2_lane_flow|lane_2_lane_occupancy|lane_2_lane_speed|lane_2_lane_observed|lane_3_lane_samples|lane_3_lane_flow|lane_3_lane_occupancy|lane_3_lane_speed|lane_3_lane_observed|lane_4_lane_samples|lane_4_lane_flow|lane_4_lane_occupancy|lane_4_lane_speed|lane_4_lane_observed|lane_5_lane_samples|lane_5_lane_flow|lane_5_lane_occupancy|lane_5_lane_speed|lane_5_lane_observed|lane_6_lane_samples|lane_6_lane_flow|lane_6_lane_occupancy|lane_6_lane_speed|lane_6_lane_observed|lane_7_lane_samples|lane_7_lane_flow|lane_7_lane_occupancy|lane_7_lane_speed|lane_7_lane_observed|lane_8_lane_samples|lane_8_lane_flow|lane_8_lane_occupancy|lane_8_lane_speed|lane_8_lane_observed,0,PASS
d07_text_station_5min_2026_05_10.txt.gz,2026-05-10,"{""52"": 300}",300,0,52|timestamp|station|district|freeway|direction|lane_type|station_length|samples|percent_observed|total_flow|avg_occupancy|avg_speed|lane_1_lane_samples|lane_1_lane_flow|lane_1_lane_occupancy|lane_1_lane_speed|lane_1_lane_observed|lane_2_lane_samples|lane_2_lane_flow|lane_2_lane_occupancy|lane_2_lane_speed|lane_2_lane_observed|lane_3_lane_samples|lane_3_lane_flow|lane_3_lane_occupancy|lane_3_lane_speed|lane_3_lane_observed|lane_4_lane_samples|lane_4_lane_flow|lane_4_lane_occupancy|lane_4_lane_speed|lane_4_lane_observed|lane_5_lane_samples|lane_5_lane_flow|lane_5_lane_occupancy|lane_5_lane_speed|lane_5_lane_observed|lane_6_lane_samples|lane_6_lane_flow|lane_6_lane_occupancy|lane_6_lane_speed|lane_6_lane_observed|lane_7_lane_samples|lane_7_lane_flow|lane_7_lane_occupancy|lane_7_lane_speed|lane_7_lane_observed|lane_8_lane_samples|lane_8_lane_flow|lane_8_lane_occupancy|lane_8_lane_speed|lane_8_lane_observed,0,PASS
d07_text_station_5min_2026_05_11.txt.gz,2026-05-11,"{""52"": 300}",300,0,52|timestamp|station|district|freeway|direction|lane_type|station_length|samples|percent_observed|total_flow|avg_occupancy|avg_speed|lane_1_lane_samples|lane_1_lane_flow|lane_1_lane_occupancy|lane_1_lane_speed|lane_1_lane_observed|lane_2_lane_samples|lane_2_lane_flow|lane_2_lane_occupancy|lane_2_lane_speed|lane_2_lane_observed|lane_3_lane_samples|lane_3_lane_flow|lane_3_lane_occupancy|lane_3_lane_speed|lane_3_lane_observed|lane_4_lane_samples|lane_4_lane_flow|lane_4_lane_occupancy|lane_4_lane_speed|lane_4_lane_observed|lane_5_lane_samples|lane_5_lane_flow|lane_5_lane_occupancy|lane_5_lane_speed|lane_5_lane_observed|lane_6_lane_samples|lane_6_lane_flow|lane_6_lane_occupancy|lane_6_lane_speed|lane_6_lane_observed|lane_7_lane_samples|lane_7_lane_flow|lane_7_lane_occupancy|lane_7_lane_speed|lane_7_lane_observed|lane_8_lane_samples|lane_8_lane_flow|lane_8_lane_occupancy|lane_8_lane_speed|lane_8_lane_observed,0,PASS
d07_text_station_5min_2026_05_12.txt.gz,2026-05-12,"{""52"": 300}",300,0,52|timestamp|station|district|freeway|direction|lane_type|station_length|samples|percent_observed|total_flow|avg_occupancy|avg_speed|lane_1_lane_samples|lane_1_lane_flow|lane_1_lane_occupancy|lane_1_lane_speed|lane_1_lane_observed|lane_2_lane_samples|lane_2_lane_flow|lane_2_lane_occupancy|lane_2_lane_speed|lane_2_lane_observed|lane_3_lane_samples|lane_3_lane_flow|lane_3_lane_occupancy|lane_3_lane_speed|lane_3_lane_observed|lane_4_lane_samples|lane_4_lane_flow|lane_4_lane_occupancy|lane_4_lane_speed|lane_4_lane_observed|lane_5_lane_samples|lane_5_lane_flow|lane_5_lane_occupancy|lane_5_lane_speed|lane_5_lane_observed|lane_6_lane_samples|lane_6_lane_flow|lane_6_lane_occupancy|lane_6_lane_speed|lane_6_lane_observed|lane_7_lane_samples|lane_7_lane_flow|lane_7_lane_occupancy|lane_7_lane_speed|lane_7_lane_observed|lane_8_lane_samples|lane_8_lane_flow|lane_8_lane_occupancy|lane_8_lane_speed|lane_8_lane_observed,0,PASS
d07_text_station_5min_2026_05_13.txt.gz,2026-05-13,"{""52"": 300}",300,0,52|timestamp|station|district|freeway|direction|lane_type|station_length|samples|percent_observed|total_flow|avg_occupancy|avg_speed|lane_1_lane_samples|lane_1_lane_flow|lane_1_lane_occupancy|lane_1_lane_speed|lane_1_lane_observed|lane_2_lane_samples|lane_2_lane_flow|lane_2_lane_occupancy|lane_2_lane_speed|lane_2_lane_observed|lane_3_lane_samples|lane_3_lane_flow|lane_3_lane_occupancy|lane_3_lane_speed|lane_3_lane_observed|lane_4_lane_samples|lane_4_lane_flow|lane_4_lane_occupancy|lane_4_lane_speed|lane_4_lane_observed|lane_5_lane_samples|lane_5_lane_flow|lane_5_lane_occupancy|lane_5_lane_speed|lane_5_lane_observed|lane_6_lane_samples|lane_6_lane_flow|lane_6_lane_occupancy|lane_6_lane_speed|lane_6_lane_observed|lane_7_lane_samples|lane_7_lane_flow|lane_7_lane_occupancy|lane_7_lane_speed|lane_7_lane_observed|lane_8_lane_samples|lane_8_lane_flow|lane_8_lane_occupancy|lane_8_lane_speed|lane_8_lane_observed,0,PASS
d07_text_station_5min_2026_05_14.txt.gz,2026-05-14,"{""52"": 300}",300,0,52|timestamp|station|district|freeway|direction|lane_type|station_length|samples|percent_observed|total_flow|avg_occupancy|avg_speed|lane_1_lane_samples|lane_1_lane_flow|lane_1_lane_occupancy|lane_1_lane_speed|lane_1_lane_observed|lane_2_lane_samples|lane_2_lane_flow|lane_2_lane_occupancy|lane_2_lane_speed|lane_2_lane_observed|lane_3_lane_samples|lane_3_lane_flow|lane_3_lane_occupancy|lane_3_lane_speed|lane_3_lane_observed|lane_4_lane_samples|lane_4_lane_flow|lane_4_lane_occupancy|lane_4_lane_speed|lane_4_lane_observed|lane_5_lane_samples|lane_5_lane_flow|lane_5_lane_occupancy|lane_5_lane_speed|lane_5_lane_observed|lane_6_lane_samples|lane_6_lane_flow|lane_6_lane_occupancy|lane_6_lane_speed|lane_6_lane_observed|lane_7_lane_samples|lane_7_lane_flow|lane_7_lane_occupancy|lane_7_lane_speed|lane_7_lane_observed|lane_8_lane_samples|lane_8_lane_flow|lane_8_lane_occupancy|lane_8_lane_speed|lane_8_lane_observed,0,PASS
d07_text_station_5min_2026_05_15.txt.gz,2026-05-15,"{""52"": 300}",300,0,52|timestamp|station|district|freeway|direction|lane_type|station_length|samples|percent_observed|total_flow|avg_occupancy|avg_speed|lane_1_lane_samples|lane_1_lane_flow|lane_1_lane_occupancy|lane_1_lane_speed|lane_1_lane_observed|lane_2_lane_samples|lane_2_lane_flow|lane_2_lane_occupancy|lane_2_lane_speed|lane_2_lane_observed|lane_3_lane_samples|lane_3_lane_flow|lane_3_lane_occupancy|lane_3_lane_speed|lane_3_lane_observed|lane_4_lane_samples|lane_4_lane_flow|lane_4_lane_occupancy|lane_4_lane_speed|lane_4_lane_observed|lane_5_lane_samples|lane_5_lane_flow|lane_5_lane_occupancy|lane_5_lane_speed|lane_5_lane_observed|lane_6_lane_samples|lane_6_lane_flow|lane_6_lane_occupancy|lane_6_lane_speed|lane_6_lane_observed|lane_7_lane_samples|lane_7_lane_flow|lane_7_lane_occupancy|lane_7_lane_speed|lane_7_lane_observed|lane_8_lane_samples|lane_8_lane_flow|lane_8_lane_occupancy|lane_8_lane_speed|lane_8_lane_observed,0,PASS
d07_text_station_5min_2026_05_16.txt.gz,2026-05-16,"{""52"": 300}",300,0,52|timestamp|station|district|freeway|direction|lane_type|station_length|samples|percent_observed|total_flow|avg_occupancy|avg_speed|lane_1_lane_samples|lane_1_lane_flow|lane_1_lane_occupancy|lane_1_lane_speed|lane_1_lane_observed|lane_2_lane_samples|lane_2_lane_flow|lane_2_lane_occupancy|lane_2_lane_speed|lane_2_lane_observed|lane_3_lane_samples|lane_3_lane_flow|lane_3_lane_occupancy|lane_3_lane_speed|lane_3_lane_observed|lane_4_lane_samples|lane_4_lane_flow|lane_4_lane_occupancy|lane_4_lane_speed|lane_4_lane_observed|lane_5_lane_samples|lane_5_lane_flow|lane_5_lane_occupancy|lane_5_lane_speed|lane_5_lane_observed|lane_6_lane_samples|lane_6_lane_flow|lane_6_lane_occupancy|lane_6_lane_speed|lane_6_lane_observed|lane_7_lane_samples|lane_7_lane_flow|lane_7_lane_occupancy|lane_7_lane_speed|lane_7_lane_observed|lane_8_lane_samples|lane_8_lane_flow|lane_8_lane_occupancy|lane_8_lane_speed|lane_8_lane_observed,0,PASS
d07_text_station_5min_2026_05_17.txt.gz,2026-05-17,"{""52"": 300}",300,0,52|timestamp|station|district|freeway|direction|lane_type|station_length|samples|percent_observed|total_flow|avg_occupancy|avg_speed|lane_1_lane_samples|lane_1_lane_flow|lane_1_lane_occupancy|lane_1_lane_speed|lane_1_lane_observed|lane_2_lane_samples|lane_2_lane_flow|lane_2_lane_occupancy|lane_2_lane_speed|lane_2_lane_observed|lane_3_lane_samples|lane_3_lane_flow|lane_3_lane_occupancy|lane_3_lane_speed|lane_3_lane_observed|lane_4_lane_samples|lane_4_lane_flow|lane_4_lane_occupancy|lane_4_lane_speed|lane_4_lane_observed|lane_5_lane_samples|lane_5_lane_flow|lane_5_lane_occupancy|lane_5_lane_speed|lane_5_lane_observed|lane_6_lane_samples|lane_6_lane_flow|lane_6_lane_occupancy|lane_6_lane_speed|lane_6_lane_observed|lane_7_lane_samples|lane_7_lane_flow|lane_7_lane_occupancy|lane_7_lane_speed|lane_7_lane_observed|lane_8_lane_samples|lane_8_lane_flow|lane_8_lane_occupancy|lane_8_lane_speed|lane_8_lane_observed,0,PASS
d07_text_station_5min_2026_05_18.txt.gz,2026-05-18,"{""52"": 300}",300,0,52|timestamp|station|district|freeway|direction|lane_type|station_length|samples|percent_observed|total_flow|avg_occupancy|avg_speed|lane_1_lane_samples|lane_1_lane_flow|lane_1_lane_occupancy|lane_1_lane_speed|lane_1_lane_observed|lane_2_lane_samples|lane_2_lane_flow|lane_2_lane_occupancy|lane_2_lane_speed|lane_2_lane_observed|lane_3_lane_samples|lane_3_lane_flow|lane_3_lane_occupancy|lane_3_lane_speed|lane_3_lane_observed|lane_4_lane_samples|lane_4_lane_flow|lane_4_lane_occupancy|lane_4_lane_speed|lane_4_lane_observed|lane_5_lane_samples|lane_5_lane_flow|lane_5_lane_occupancy|lane_5_lane_speed|lane_5_lane_observed|lane_6_lane_samples|lane_6_lane_flow|lane_6_lane_occupancy|lane_6_lane_speed|lane_6_lane_observed|lane_7_lane_samples|lane_7_lane_flow|lane_7_lane_occupancy|lane_7_lane_speed|lane_7_lane_observed|lane_8_lane_samples|lane_8_lane_flow|lane_8_lane_occupancy|lane_8_lane_speed|lane_8_lane_observed,0,PASS
d07_text_station_5min_2026_05_19.txt.gz,2026-05-19,"{""52"": 300}",300,0,52|timestamp|station|district|freeway|direction|lane_type|station_length|samples|percent_observed|total_flow|avg_occupancy|avg_speed|lane_1_lane_samples|lane_1_lane_flow|lane_1_lane_occupancy|lane_1_lane_speed|lane_1_lane_observed|lane_2_lane_samples|lane_2_lane_flow|lane_2_lane_occupancy|lane_2_lane_speed|lane_2_lane_observed|lane_3_lane_samples|lane_3_lane_flow|lane_3_lane_occupancy|lane_3_lane_speed|lane_3_lane_observed|lane_4_lane_samples|lane_4_lane_flow|lane_4_lane_occupancy|lane_4_lane_speed|lane_4_lane_observed|lane_5_lane_samples|lane_5_lane_flow|lane_5_lane_occupancy|lane_5_lane_speed|lane_5_lane_observed|lane_6_lane_samples|lane_6_lane_flow|lane_6_lane_occupancy|lane_6_lane_speed|lane_6_lane_observed|lane_7_lane_samples|lane_7_lane_flow|lane_7_lane_occupancy|lane_7_lane_speed|lane_7_lane_observed|lane_8_lane_samples|lane_8_lane_flow|lane_8_lane_occupancy|lane_8_lane_speed|lane_8_lane_observed,0,PASS
d07_text_station_5min_2026_05_20.txt.gz,2026-05-20,"{""52"": 300}",300,0,52|timestamp|station|district|freeway|direction|lane_type|station_length|samples|percent_observed|total_flow|avg_occupancy|avg_speed|lane_1_lane_samples|lane_1_lane_flow|lane_1_lane_occupancy|lane_1_lane_speed|lane_1_lane_observed|lane_2_lane_samples|lane_2_lane_flow|lane_2_lane_occupancy|lane_2_lane_speed|lane_2_lane_observed|lane_3_lane_samples|lane_3_lane_flow|lane_3_lane_occupancy|lane_3_lane_speed|lane_3_lane_observed|lane_4_lane_samples|lane_4_lane_flow|lane_4_lane_occupancy|lane_4_lane_speed|lane_4_lane_observed|lane_5_lane_samples|lane_5_lane_flow|lane_5_lane_occupancy|lane_5_lane_speed|lane_5_lane_observed|lane_6_lane_samples|lane_6_lane_flow|lane_6_lane_occupancy|lane_6_lane_speed|lane_6_lane_observed|lane_7_lane_samples|lane_7_lane_flow|lane_7_lane_occupancy|lane_7_lane_speed|lane_7_lane_observed|lane_8_lane_samples|lane_8_lane_flow|lane_8_lane_occupancy|lane_8_lane_speed|lane_8_lane_observed,0,PASS
d07_text_station_5min_2026_05_21.txt.gz,2026-05-21,"{""52"": 300}",300,0,52|timestamp|station|district|freeway|direction|lane_type|station_length|samples|percent_observed|total_flow|avg_occupancy|avg_speed|lane_1_lane_samples|lane_1_lane_flow|lane_1_lane_occupancy|lane_1_lane_speed|lane_1_lane_observed|lane_2_lane_samples|lane_2_lane_flow|lane_2_lane_occupancy|lane_2_lane_speed|lane_2_lane_observed|lane_3_lane_samples|lane_3_lane_flow|lane_3_lane_occupancy|lane_3_lane_speed|lane_3_lane_observed|lane_4_lane_samples|lane_4_lane_flow|lane_4_lane_occupancy|lane_4_lane_speed|lane_4_lane_observed|lane_5_lane_samples|lane_5_lane_flow|lane_5_lane_occupancy|lane_5_lane_speed|lane_5_lane_observed|lane_6_lane_samples|lane_6_lane_flow|lane_6_lane_occupancy|lane_6_lane_speed|lane_6_lane_observed|lane_7_lane_samples|lane_7_lane_flow|lane_7_lane_occupancy|lane_7_lane_speed|lane_7_lane_observed|lane_8_lane_samples|lane_8_lane_flow|lane_8_lane_occupancy|lane_8_lane_speed|lane_8_lane_observed,0,PASS
d07_text_station_5min_2026_05_22.txt.gz,2026-05-22,"{""52"": 300}",300,0,52|timestamp|station|district|freeway|direction|lane_type|station_length|samples|percent_observed|total_flow|avg_occupancy|avg_speed|lane_1_lane_samples|lane_1_lane_flow|lane_1_lane_occupancy|lane_1_lane_speed|lane_1_lane_observed|lane_2_lane_samples|lane_2_lane_flow|lane_2_lane_occupancy|lane_2_lane_speed|lane_2_lane_observed|lane_3_lane_samples|lane_3_lane_flow|lane_3_lane_occupancy|lane_3_lane_speed|lane_3_lane_observed|lane_4_lane_samples|lane_4_lane_flow|lane_4_lane_occupancy|lane_4_lane_speed|lane_4_lane_observed|lane_5_lane_samples|lane_5_lane_flow|lane_5_lane_occupancy|lane_5_lane_speed|lane_5_lane_observed|lane_6_lane_samples|lane_6_lane_flow|lane_6_lane_occupancy|lane_6_lane_speed|lane_6_lane_observed|lane_7_lane_samples|lane_7_lane_flow|lane_7_lane_occupancy|lane_7_lane_speed|lane_7_lane_observed|lane_8_lane_samples|lane_8_lane_flow|lane_8_lane_occupancy|lane_8_lane_speed|lane_8_lane_observed,0,PASS
d07_text_station_5min_2026_05_23.txt.gz,2026-05-23,"{""52"": 300}",300,0,52|timestamp|station|district|freeway|direction|lane_type|station_length|samples|percent_observed|total_flow|avg_occupancy|avg_speed|lane_1_lane_samples|lane_1_lane_flow|lane_1_lane_occupancy|lane_1_lane_speed|lane_1_lane_observed|lane_2_lane_samples|lane_2_lane_flow|lane_2_lane_occupancy|lane_2_lane_speed|lane_2_lane_observed|lane_3_lane_samples|lane_3_lane_flow|lane_3_lane_occupancy|lane_3_lane_speed|lane_3_lane_observed|lane_4_lane_samples|lane_4_lane_flow|lane_4_lane_occupancy|lane_4_lane_speed|lane_4_lane_observed|lane_5_lane_samples|lane_5_lane_flow|lane_5_lane_occupancy|lane_5_lane_speed|lane_5_lane_observed|lane_6_lane_samples|lane_6_lane_flow|lane_6_lane_occupancy|lane_6_lane_speed|lane_6_lane_observed|lane_7_lane_samples|lane_7_lane_flow|lane_7_lane_occupancy|lane_7_lane_speed|lane_7_lane_observed|lane_8_lane_samples|lane_8_lane_flow|lane_8_lane_occupancy|lane_8_lane_speed|lane_8_lane_observed,0,PASS
d07_text_station_5min_2026_05_24.txt.gz,2026-05-24,"{""52"": 300}",300,0,52|timestamp|station|district|freeway|direction|lane_type|station_length|samples|percent_observed|total_flow|avg_occupancy|avg_speed|lane_1_lane_samples|lane_1_lane_flow|lane_1_lane_occupancy|lane_1_lane_speed|lane_1_lane_observed|lane_2_lane_samples|lane_2_lane_flow|lane_2_lane_occupancy|lane_2_lane_speed|lane_2_lane_observed|lane_3_lane_samples|lane_3_lane_flow|lane_3_lane_occupancy|lane_3_lane_speed|lane_3_lane_observed|lane_4_lane_samples|lane_4_lane_flow|lane_4_lane_occupancy|lane_4_lane_speed|lane_4_lane_observed|lane_5_lane_samples|lane_5_lane_flow|lane_5_lane_occupancy|lane_5_lane_speed|lane_5_lane_observed|lane_6_lane_samples|lane_6_lane_flow|lane_6_lane_occupancy|lane_6_lane_speed|lane_6_lane_observed|lane_7_lane_samples|lane_7_lane_flow|lane_7_lane_occupancy|lane_7_lane_speed|lane_7_lane_observed|lane_8_lane_samples|lane_8_lane_flow|lane_8_lane_occupancy|lane_8_lane_speed|lane_8_lane_observed,0,PASS
d07_text_station_5min_2026_05_25.txt.gz,2026-05-25,"{""52"": 300}",300,0,52|timestamp|station|district|freeway|direction|lane_type|station_length|samples|percent_observed|total_flow|avg_occupancy|avg_speed|lane_1_lane_samples|lane_1_lane_flow|lane_1_lane_occupancy|lane_1_lane_speed|lane_1_lane_observed|lane_2_lane_samples|lane_2_lane_flow|lane_2_lane_occupancy|lane_2_lane_speed|lane_2_lane_observed|lane_3_lane_samples|lane_3_lane_flow|lane_3_lane_occupancy|lane_3_lane_speed|lane_3_lane_observed|lane_4_lane_samples|lane_4_lane_flow|lane_4_lane_occupancy|lane_4_lane_speed|lane_4_lane_observed|lane_5_lane_samples|lane_5_lane_flow|lane_5_lane_occupancy|lane_5_lane_speed|lane_5_lane_observed|lane_6_lane_samples|lane_6_lane_flow|lane_6_lane_occupancy|lane_6_lane_speed|lane_6_lane_observed|lane_7_lane_samples|lane_7_lane_flow|lane_7_lane_occupancy|lane_7_lane_speed|lane_7_lane_observed|lane_8_lane_samples|lane_8_lane_flow|lane_8_lane_occupancy|lane_8_lane_speed|lane_8_lane_observed,0,PASS
d07_text_station_5min_2026_05_26.txt.gz,2026-05-26,"{""52"": 300}",300,0,52|timestamp|station|district|freeway|direction|lane_type|station_length|samples|percent_observed|total_flow|avg_occupancy|avg_speed|lane_1_lane_samples|lane_1_lane_flow|lane_1_lane_occupancy|lane_1_lane_speed|lane_1_lane_observed|lane_2_lane_samples|lane_2_lane_flow|lane_2_lane_occupancy|lane_2_lane_speed|lane_2_lane_observed|lane_3_lane_samples|lane_3_lane_flow|lane_3_lane_occupancy|lane_3_lane_speed|lane_3_lane_observed|lane_4_lane_samples|lane_4_lane_flow|lane_4_lane_occupancy|lane_4_lane_speed|lane_4_lane_observed|lane_5_lane_samples|lane_5_lane_flow|lane_5_lane_occupancy|lane_5_lane_speed|lane_5_lane_observed|lane_6_lane_samples|lane_6_lane_flow|lane_6_lane_occupancy|lane_6_lane_speed|lane_6_lane_observed|lane_7_lane_samples|lane_7_lane_flow|lane_7_lane_occupancy|lane_7_lane_speed|lane_7_lane_observed|lane_8_lane_samples|lane_8_lane_flow|lane_8_lane_occupancy|lane_8_lane_speed|lane_8_lane_observed,0,PASS
d07_text_station_5min_2026_05_27.txt.gz,2026-05-27,"{""52"": 300}",300,0,52|timestamp|station|district|freeway|direction|lane_type|station_length|samples|percent_observed|total_flow|avg_occupancy|avg_speed|lane_1_lane_samples|lane_1_lane_flow|lane_1_lane_occupancy|lane_1_lane_speed|lane_1_lane_observed|lane_2_lane_samples|lane_2_lane_flow|lane_2_lane_occupancy|lane_2_lane_speed|lane_2_lane_observed|lane_3_lane_samples|lane_3_lane_flow|lane_3_lane_occupancy|lane_3_lane_speed|lane_3_lane_observed|lane_4_lane_samples|lane_4_lane_flow|lane_4_lane_occupancy|lane_4_lane_speed|lane_4_lane_observed|lane_5_lane_samples|lane_5_lane_flow|lane_5_lane_occupancy|lane_5_lane_speed|lane_5_lane_observed|lane_6_lane_samples|lane_6_lane_flow|lane_6_lane_occupancy|lane_6_lane_speed|lane_6_lane_observed|lane_7_lane_samples|lane_7_lane_flow|lane_7_lane_occupancy|lane_7_lane_speed|lane_7_lane_observed|lane_8_lane_samples|lane_8_lane_flow|lane_8_lane_occupancy|lane_8_lane_speed|lane_8_lane_observed,0,PASS
d07_text_station_5min_2026_05_28.txt.gz,2026-05-28,"{""52"": 300}",300,0,52|timestamp|station|district|freeway|direction|lane_type|station_length|samples|percent_observed|total_flow|avg_occupancy|avg_speed|lane_1_lane_samples|lane_1_lane_flow|lane_1_lane_occupancy|lane_1_lane_speed|lane_1_lane_observed|lane_2_lane_samples|lane_2_lane_flow|lane_2_lane_occupancy|lane_2_lane_speed|lane_2_lane_observed|lane_3_lane_samples|lane_3_lane_flow|lane_3_lane_occupancy|lane_3_lane_speed|lane_3_lane_observed|lane_4_lane_samples|lane_4_lane_flow|lane_4_lane_occupancy|lane_4_lane_speed|lane_4_lane_observed|lane_5_lane_samples|lane_5_lane_flow|lane_5_lane_occupancy|lane_5_lane_speed|lane_5_lane_observed|lane_6_lane_samples|lane_6_lane_flow|lane_6_lane_occupancy|lane_6_lane_speed|lane_6_lane_observed|lane_7_lane_samples|lane_7_lane_flow|lane_7_lane_occupancy|lane_7_lane_speed|lane_7_lane_observed|lane_8_lane_samples|lane_8_lane_flow|lane_8_lane_occupancy|lane_8_lane_speed|lane_8_lane_observed,0,PASS
d07_text_station_5min_2026_05_29.txt.gz,2026-05-29,"{""52"": 300}",300,0,52|timestamp|station|district|freeway|direction|lane_type|station_length|samples|percent_observed|total_flow|avg_occupancy|avg_speed|lane_1_lane_samples|lane_1_lane_flow|lane_1_lane_occupancy|lane_1_lane_speed|lane_1_lane_observed|lane_2_lane_samples|lane_2_lane_flow|lane_2_lane_occupancy|lane_2_lane_speed|lane_2_lane_observed|lane_3_lane_samples|lane_3_lane_flow|lane_3_lane_occupancy|lane_3_lane_speed|lane_3_lane_observed|lane_4_lane_samples|lane_4_lane_flow|lane_4_lane_occupancy|lane_4_lane_speed|lane_4_lane_observed|lane_5_lane_samples|lane_5_lane_flow|lane_5_lane_occupancy|lane_5_lane_speed|lane_5_lane_observed|lane_6_lane_samples|lane_6_lane_flow|lane_6_lane_occupancy|lane_6_lane_speed|lane_6_lane_observed|lane_7_lane_samples|lane_7_lane_flow|lane_7_lane_occupancy|lane_7_lane_speed|lane_7_lane_observed|lane_8_lane_samples|lane_8_lane_flow|lane_8_lane_occupancy|lane_8_lane_speed|lane_8_lane_observed,0,PASS
d07_text_station_5min_2026_05_30.txt.gz,2026-05-30,"{""52"": 300}",300,0,52|timestamp|station|district|freeway|direction|lane_type|station_length|samples|percent_observed|total_flow|avg_occupancy|avg_speed|lane_1_lane_samples|lane_1_lane_flow|lane_1_lane_occupancy|lane_1_lane_speed|lane_1_lane_observed|lane_2_lane_samples|lane_2_lane_flow|lane_2_lane_occupancy|lane_2_lane_speed|lane_2_lane_observed|lane_3_lane_samples|lane_3_lane_flow|lane_3_lane_occupancy|lane_3_lane_speed|lane_3_lane_observed|lane_4_lane_samples|lane_4_lane_flow|lane_4_lane_occupancy|lane_4_lane_speed|lane_4_lane_observed|lane_5_lane_samples|lane_5_lane_flow|lane_5_lane_occupancy|lane_5_lane_speed|lane_5_lane_observed|lane_6_lane_samples|lane_6_lane_flow|lane_6_lane_occupancy|lane_6_lane_speed|lane_6_lane_observed|lane_7_lane_samples|lane_7_lane_flow|lane_7_lane_occupancy|lane_7_lane_speed|lane_7_lane_observed|lane_8_lane_samples|lane_8_lane_flow|lane_8_lane_occupancy|lane_8_lane_speed|lane_8_lane_observed,0,PASS
d07_text_station_5min_2026_05_31.txt.gz,2026-05-31,"{""52"": 300}",300,0,52|timestamp|station|district|freeway|direction|lane_type|station_length|samples|percent_observed|total_flow|avg_occupancy|avg_speed|lane_1_lane_samples|lane_1_lane_flow|lane_1_lane_occupancy|lane_1_lane_speed|lane_1_lane_observed|lane_2_lane_samples|lane_2_lane_flow|lane_2_lane_occupancy|lane_2_lane_speed|lane_2_lane_observed|lane_3_lane_samples|lane_3_lane_flow|lane_3_lane_occupancy|lane_3_lane_speed|lane_3_lane_observed|lane_4_lane_samples|lane_4_lane_flow|lane_4_lane_occupancy|lane_4_lane_speed|lane_4_lane_observed|lane_5_lane_samples|lane_5_lane_flow|lane_5_lane_occupancy|lane_5_lane_speed|lane_5_lane_observed|lane_6_lane_samples|lane_6_lane_flow|lane_6_lane_occupancy|lane_6_lane_speed|lane_6_lane_observed|lane_7_lane_samples|lane_7_lane_flow|lane_7_lane_occupancy|lane_7_lane_speed|lane_7_lane_observed|lane_8_lane_samples|lane_8_lane_flow|lane_8_lane_occupancy|lane_8_lane_speed|lane_8_lane_observed,0,PASS
d07_text_station_5min_2026_06_01.txt.gz,2026-06-01,"{""52"": 300}",300,0,52|timestamp|station|district|freeway|direction|lane_type|station_length|samples|percent_observed|total_flow|avg_occupancy|avg_speed|lane_1_lane_samples|lane_1_lane_flow|lane_1_lane_occupancy|lane_1_lane_speed|lane_1_lane_observed|lane_2_lane_samples|lane_2_lane_flow|lane_2_lane_occupancy|lane_2_lane_speed|lane_2_lane_observed|lane_3_lane_samples|lane_3_lane_flow|lane_3_lane_occupancy|lane_3_lane_speed|lane_3_lane_observed|lane_4_lane_samples|lane_4_lane_flow|lane_4_lane_occupancy|lane_4_lane_speed|lane_4_lane_observed|lane_5_lane_samples|lane_5_lane_flow|lane_5_lane_occupancy|lane_5_lane_speed|lane_5_lane_observed|lane_6_lane_samples|lane_6_lane_flow|lane_6_lane_occupancy|lane_6_lane_speed|lane_6_lane_observed|lane_7_lane_samples|lane_7_lane_flow|lane_7_lane_occupancy|lane_7_lane_speed|lane_7_lane_observed|lane_8_lane_samples|lane_8_lane_flow|lane_8_lane_occupancy|lane_8_lane_speed|lane_8_lane_observed,0,PASS
d07_text_station_5min_2026_06_02.txt.gz,2026-06-02,"{""52"": 300}",300,0,52|timestamp|station|district|freeway|direction|lane_type|station_length|samples|percent_observed|total_flow|avg_occupancy|avg_speed|lane_1_lane_samples|lane_1_lane_flow|lane_1_lane_occupancy|lane_1_lane_speed|lane_1_lane_observed|lane_2_lane_samples|lane_2_lane_flow|lane_2_lane_occupancy|lane_2_lane_speed|lane_2_lane_observed|lane_3_lane_samples|lane_3_lane_flow|lane_3_lane_occupancy|lane_3_lane_speed|lane_3_lane_observed|lane_4_lane_samples|lane_4_lane_flow|lane_4_lane_occupancy|lane_4_lane_speed|lane_4_lane_observed|lane_5_lane_samples|lane_5_lane_flow|lane_5_lane_occupancy|lane_5_lane_speed|lane_5_lane_observed|lane_6_lane_samples|lane_6_lane_flow|lane_6_lane_occupancy|lane_6_lane_speed|lane_6_lane_observed|lane_7_lane_samples|lane_7_lane_flow|lane_7_lane_occupancy|lane_7_lane_speed|lane_7_lane_observed|lane_8_lane_samples|lane_8_lane_flow|lane_8_lane_occupancy|lane_8_lane_speed|lane_8_lane_observed,0,PASS
d07_text_station_5min_2026_06_03.txt.gz,2026-06-03,"{""52"": 300}",300,0,52|timestamp|station|district|freeway|direction|lane_type|station_length|samples|percent_observed|total_flow|avg_occupancy|avg_speed|lane_1_lane_samples|lane_1_lane_flow|lane_1_lane_occupancy|lane_1_lane_speed|lane_1_lane_observed|lane_2_lane_samples|lane_2_lane_flow|lane_2_lane_occupancy|lane_2_lane_speed|lane_2_lane_observed|lane_3_lane_samples|lane_3_lane_flow|lane_3_lane_occupancy|lane_3_lane_speed|lane_3_lane_observed|lane_4_lane_samples|lane_4_lane_flow|lane_4_lane_occupancy|lane_4_lane_speed|lane_4_lane_observed|lane_5_lane_samples|lane_5_lane_flow|lane_5_lane_occupancy|lane_5_lane_speed|lane_5_lane_observed|lane_6_lane_samples|lane_6_lane_flow|lane_6_lane_occupancy|lane_6_lane_speed|lane_6_lane_observed|lane_7_lane_samples|lane_7_lane_flow|lane_7_lane_occupancy|lane_7_lane_speed|lane_7_lane_observed|lane_8_lane_samples|lane_8_lane_flow|lane_8_lane_occupancy|lane_8_lane_speed|lane_8_lane_observed,0,PASS
d07_text_station_5min_2026_06_04.txt.gz,2026-06-04,"{""52"": 300}",300,0,52|timestamp|station|district|freeway|direction|lane_type|station_length|samples|percent_observed|total_flow|avg_occupancy|avg_speed|lane_1_lane_samples|lane_1_lane_flow|lane_1_lane_occupancy|lane_1_lane_speed|lane_1_lane_observed|lane_2_lane_samples|lane_2_lane_flow|lane_2_lane_occupancy|lane_2_lane_speed|lane_2_lane_observed|lane_3_lane_samples|lane_3_lane_flow|lane_3_lane_occupancy|lane_3_lane_speed|lane_3_lane_observed|lane_4_lane_samples|lane_4_lane_flow|lane_4_lane_occupancy|lane_4_lane_speed|lane_4_lane_observed|lane_5_lane_samples|lane_5_lane_flow|lane_5_lane_occupancy|lane_5_lane_speed|lane_5_lane_observed|lane_6_lane_samples|lane_6_lane_flow|lane_6_lane_occupancy|lane_6_lane_speed|lane_6_lane_observed|lane_7_lane_samples|lane_7_lane_flow|lane_7_lane_occupancy|lane_7_lane_speed|lane_7_lane_observed|lane_8_lane_samples|lane_8_lane_flow|lane_8_lane_occupancy|lane_8_lane_speed|lane_8_lane_observed,0,PASS
d07_text_station_5min_2026_06_05.txt.gz,2026-06-05,"{""52"": 300}",300,0,52|timestamp|station|district|freeway|direction|lane_type|station_length|samples|percent_observed|total_flow|avg_occupancy|avg_speed|lane_1_lane_samples|lane_1_lane_flow|lane_1_lane_occupancy|lane_1_lane_speed|lane_1_lane_observed|lane_2_lane_samples|lane_2_lane_flow|lane_2_lane_occupancy|lane_2_lane_speed|lane_2_lane_observed|lane_3_lane_samples|lane_3_lane_flow|lane_3_lane_occupancy|lane_3_lane_speed|lane_3_lane_observed|lane_4_lane_samples|lane_4_lane_flow|lane_4_lane_occupancy|lane_4_lane_speed|lane_4_lane_observed|lane_5_lane_samples|lane_5_lane_flow|lane_5_lane_occupancy|lane_5_lane_speed|lane_5_lane_observed|lane_6_lane_samples|lane_6_lane_flow|lane_6_lane_occupancy|lane_6_lane_speed|lane_6_lane_observed|lane_7_lane_samples|lane_7_lane_flow|lane_7_lane_occupancy|lane_7_lane_speed|lane_7_lane_observed|lane_8_lane_samples|lane_8_lane_flow|lane_8_lane_occupancy|lane_8_lane_speed|lane_8_lane_observed,0,PASS
d07_text_station_5min_2026_06_06.txt.gz,2026-06-06,"{""52"": 300}",300,0,52|timestamp|station|district|freeway|direction|lane_type|station_length|samples|percent_observed|total_flow|avg_occupancy|avg_speed|lane_1_lane_samples|lane_1_lane_flow|lane_1_lane_occupancy|lane_1_lane_speed|lane_1_lane_observed|lane_2_lane_samples|lane_2_lane_flow|lane_2_lane_occupancy|lane_2_lane_speed|lane_2_lane_observed|lane_3_lane_samples|lane_3_lane_flow|lane_3_lane_occupancy|lane_3_lane_speed|lane_3_lane_observed|lane_4_lane_samples|lane_4_lane_flow|lane_4_lane_occupancy|lane_4_lane_speed|lane_4_lane_observed|lane_5_lane_samples|lane_5_lane_flow|lane_5_lane_occupancy|lane_5_lane_speed|lane_5_lane_observed|lane_6_lane_samples|lane_6_lane_flow|lane_6_lane_occupancy|lane_6_lane_speed|lane_6_lane_observed|lane_7_lane_samples|lane_7_lane_flow|lane_7_lane_occupancy|lane_7_lane_speed|lane_7_lane_observed|lane_8_lane_samples|lane_8_lane_flow|lane_8_lane_occupancy|lane_8_lane_speed|lane_8_lane_observed,0,PASS
d07_text_station_5min_2026_06_07.txt.gz,2026-06-07,"{""52"": 300}",300,0,52|timestamp|station|district|freeway|direction|lane_type|station_length|samples|percent_observed|total_flow|avg_occupancy|avg_speed|lane_1_lane_samples|lane_1_lane_flow|lane_1_lane_occupancy|lane_1_lane_speed|lane_1_lane_observed|lane_2_lane_samples|lane_2_lane_flow|lane_2_lane_occupancy|lane_2_lane_speed|lane_2_lane_observed|lane_3_lane_samples|lane_3_lane_flow|lane_3_lane_occupancy|lane_3_lane_speed|lane_3_lane_observed|lane_4_lane_samples|lane_4_lane_flow|lane_4_lane_occupancy|lane_4_lane_speed|lane_4_lane_observed|lane_5_lane_samples|lane_5_lane_flow|lane_5_lane_occupancy|lane_5_lane_speed|lane_5_lane_observed|lane_6_lane_samples|lane_6_lane_flow|lane_6_lane_occupancy|lane_6_lane_speed|lane_6_lane_observed|lane_7_lane_samples|lane_7_lane_flow|lane_7_lane_occupancy|lane_7_lane_speed|lane_7_lane_observed|lane_8_lane_samples|lane_8_lane_flow|lane_8_lane_occupancy|lane_8_lane_speed|lane_8_lane_observed,0,PASS
d07_text_station_5min_2026_06_08.txt.gz,2026-06-08,"{""52"": 300}",300,0,52|timestamp|station|district|freeway|direction|lane_type|station_length|samples|percent_observed|total_flow|avg_occupancy|avg_speed|lane_1_lane_samples|lane_1_lane_flow|lane_1_lane_occupancy|lane_1_lane_speed|lane_1_lane_observed|lane_2_lane_samples|lane_2_lane_flow|lane_2_lane_occupancy|lane_2_lane_speed|lane_2_lane_observed|lane_3_lane_samples|lane_3_lane_flow|lane_3_lane_occupancy|lane_3_lane_speed|lane_3_lane_observed|lane_4_lane_samples|lane_4_lane_flow|lane_4_lane_occupancy|lane_4_lane_speed|lane_4_lane_observed|lane_5_lane_samples|lane_5_lane_flow|lane_5_lane_occupancy|lane_5_lane_speed|lane_5_lane_observed|lane_6_lane_samples|lane_6_lane_flow|lane_6_lane_occupancy|lane_6_lane_speed|lane_6_lane_observed|lane_7_lane_samples|lane_7_lane_flow|lane_7_lane_occupancy|lane_7_lane_speed|lane_7_lane_observed|lane_8_lane_samples|lane_8_lane_flow|lane_8_lane_occupancy|lane_8_lane_speed|lane_8_lane_observed,0,PASS
d07_text_station_5min_2026_06_09.txt.gz,2026-06-09,"{""52"": 300}",300,0,52|timestamp|station|district|freeway|direction|lane_type|station_length|samples|percent_observed|total_flow|avg_occupancy|avg_speed|lane_1_lane_samples|lane_1_lane_flow|lane_1_lane_occupancy|lane_1_lane_speed|lane_1_lane_observed|lane_2_lane_samples|lane_2_lane_flow|lane_2_lane_occupancy|lane_2_lane_speed|lane_2_lane_observed|lane_3_lane_samples|lane_3_lane_flow|lane_3_lane_occupancy|lane_3_lane_speed|lane_3_lane_observed|lane_4_lane_samples|lane_4_lane_flow|lane_4_lane_occupancy|lane_4_lane_speed|lane_4_lane_observed|lane_5_lane_samples|lane_5_lane_flow|lane_5_lane_occupancy|lane_5_lane_speed|lane_5_lane_observed|lane_6_lane_samples|lane_6_lane_flow|lane_6_lane_occupancy|lane_6_lane_speed|lane_6_lane_observed|lane_7_lane_samples|lane_7_lane_flow|lane_7_lane_occupancy|lane_7_lane_speed|lane_7_lane_observed|lane_8_lane_samples|lane_8_lane_flow|lane_8_lane_occupancy|lane_8_lane_speed|lane_8_lane_observed,0,PASS
d07_text_station_5min_2026_06_10.txt.gz,2026-06-10,"{""52"": 300}",300,0,52|timestamp|station|district|freeway|direction|lane_type|station_length|samples|percent_observed|total_flow|avg_occupancy|avg_speed|lane_1_lane_samples|lane_1_lane_flow|lane_1_lane_occupancy|lane_1_lane_speed|lane_1_lane_observed|lane_2_lane_samples|lane_2_lane_flow|lane_2_lane_occupancy|lane_2_lane_speed|lane_2_lane_observed|lane_3_lane_samples|lane_3_lane_flow|lane_3_lane_occupancy|lane_3_lane_speed|lane_3_lane_observed|lane_4_lane_samples|lane_4_lane_flow|lane_4_lane_occupancy|lane_4_lane_speed|lane_4_lane_observed|lane_5_lane_samples|lane_5_lane_flow|lane_5_lane_occupancy|lane_5_lane_speed|lane_5_lane_observed|lane_6_lane_samples|lane_6_lane_flow|lane_6_lane_occupancy|lane_6_lane_speed|lane_6_lane_observed|lane_7_lane_samples|lane_7_lane_flow|lane_7_lane_occupancy|lane_7_lane_speed|lane_7_lane_observed|lane_8_lane_samples|lane_8_lane_flow|lane_8_lane_occupancy|lane_8_lane_speed|lane_8_lane_observed,0,PASS
d07_text_station_5min_2026_06_11.txt.gz,2026-06-11,"{""52"": 300}",300,0,52|timestamp|station|district|freeway|direction|lane_type|station_length|samples|percent_observed|total_flow|avg_occupancy|avg_speed|lane_1_lane_samples|lane_1_lane_flow|lane_1_lane_occupancy|lane_1_lane_speed|lane_1_lane_observed|lane_2_lane_samples|lane_2_lane_flow|lane_2_lane_occupancy|lane_2_lane_speed|lane_2_lane_observed|lane_3_lane_samples|lane_3_lane_flow|lane_3_lane_occupancy|lane_3_lane_speed|lane_3_lane_observed|lane_4_lane_samples|lane_4_lane_flow|lane_4_lane_occupancy|lane_4_lane_speed|lane_4_lane_observed|lane_5_lane_samples|lane_5_lane_flow|lane_5_lane_occupancy|lane_5_lane_speed|lane_5_lane_observed|lane_6_lane_samples|lane_6_lane_flow|lane_6_lane_occupancy|lane_6_lane_speed|lane_6_lane_observed|lane_7_lane_samples|lane_7_lane_flow|lane_7_lane_occupancy|lane_7_lane_speed|lane_7_lane_observed|lane_8_lane_samples|lane_8_lane_flow|lane_8_lane_occupancy|lane_8_lane_speed|lane_8_lane_observed,0,PASS
d07_text_station_5min_2026_06_12.txt.gz,2026-06-12,"{""52"": 300}",300,0,52|timestamp|station|district|freeway|direction|lane_type|station_length|samples|percent_observed|total_flow|avg_occupancy|avg_speed|lane_1_lane_samples|lane_1_lane_flow|lane_1_lane_occupancy|lane_1_lane_speed|lane_1_lane_observed|lane_2_lane_samples|lane_2_lane_flow|lane_2_lane_occupancy|lane_2_lane_speed|lane_2_lane_observed|lane_3_lane_samples|lane_3_lane_flow|lane_3_lane_occupancy|lane_3_lane_speed|lane_3_lane_observed|lane_4_lane_samples|lane_4_lane_flow|lane_4_lane_occupancy|lane_4_lane_speed|lane_4_lane_observed|lane_5_lane_samples|lane_5_lane_flow|lane_5_lane_occupancy|lane_5_lane_speed|lane_5_lane_observed|lane_6_lane_samples|lane_6_lane_flow|lane_6_lane_occupancy|lane_6_lane_speed|lane_6_lane_observed|lane_7_lane_samples|lane_7_lane_flow|lane_7_lane_occupancy|lane_7_lane_speed|lane_7_lane_observed|lane_8_lane_samples|lane_8_lane_flow|lane_8_lane_occupancy|lane_8_lane_speed|lane_8_lane_observed,0,PASS
d07_text_station_5min_2026_06_13.txt.gz,2026-06-13,"{""52"": 300}",300,0,52|timestamp|station|district|freeway|direction|lane_type|station_length|samples|percent_observed|total_flow|avg_occupancy|avg_speed|lane_1_lane_samples|lane_1_lane_flow|lane_1_lane_occupancy|lane_1_lane_speed|lane_1_lane_observed|lane_2_lane_samples|lane_2_lane_flow|lane_2_lane_occupancy|lane_2_lane_speed|lane_2_lane_observed|lane_3_lane_samples|lane_3_lane_flow|lane_3_lane_occupancy|lane_3_lane_speed|lane_3_lane_observed|lane_4_lane_samples|lane_4_lane_flow|lane_4_lane_occupancy|lane_4_lane_speed|lane_4_lane_observed|lane_5_lane_samples|lane_5_lane_flow|lane_5_lane_occupancy|lane_5_lane_speed|lane_5_lane_observed|lane_6_lane_samples|lane_6_lane_flow|lane_6_lane_occupancy|lane_6_lane_speed|lane_6_lane_observed|lane_7_lane_samples|lane_7_lane_flow|lane_7_lane_occupancy|lane_7_lane_speed|lane_7_lane_observed|lane_8_lane_samples|lane_8_lane_flow|lane_8_lane_occupancy|lane_8_lane_speed|lane_8_lane_observed,0,PASS
d07_text_station_5min_2026_06_14.txt.gz,2026-06-14,"{""52"": 300}",300,0,52|timestamp|station|district|freeway|direction|lane_type|station_length|samples|percent_observed|total_flow|avg_occupancy|avg_speed|lane_1_lane_samples|lane_1_lane_flow|lane_1_lane_occupancy|lane_1_lane_speed|lane_1_lane_observed|lane_2_lane_samples|lane_2_lane_flow|lane_2_lane_occupancy|lane_2_lane_speed|lane_2_lane_observed|lane_3_lane_samples|lane_3_lane_flow|lane_3_lane_occupancy|lane_3_lane_speed|lane_3_lane_observed|lane_4_lane_samples|lane_4_lane_flow|lane_4_lane_occupancy|lane_4_lane_speed|lane_4_lane_observed|lane_5_lane_samples|lane_5_lane_flow|lane_5_lane_occupancy|lane_5_lane_speed|lane_5_lane_observed|lane_6_lane_samples|lane_6_lane_flow|lane_6_lane_occupancy|lane_6_lane_speed|lane_6_lane_observed|lane_7_lane_samples|lane_7_lane_flow|lane_7_lane_occupancy|lane_7_lane_speed|lane_7_lane_observed|lane_8_lane_samples|lane_8_lane_flow|lane_8_lane_occupancy|lane_8_lane_speed|lane_8_lane_observed,0,PASS
d07_text_station_5min_2026_06_15.txt.gz,2026-06-15,"{""52"": 300}",300,0,52|timestamp|station|district|freeway|direction|lane_type|station_length|samples|percent_observed|total_flow|avg_occupancy|avg_speed|lane_1_lane_samples|lane_1_lane_flow|lane_1_lane_occupancy|lane_1_lane_speed|lane_1_lane_observed|lane_2_lane_samples|lane_2_lane_flow|lane_2_lane_occupancy|lane_2_lane_speed|lane_2_lane_observed|lane_3_lane_samples|lane_3_lane_flow|lane_3_lane_occupancy|lane_3_lane_speed|lane_3_lane_observed|lane_4_lane_samples|lane_4_lane_flow|lane_4_lane_occupancy|lane_4_lane_speed|lane_4_lane_observed|lane_5_lane_samples|lane_5_lane_flow|lane_5_lane_occupancy|lane_5_lane_speed|lane_5_lane_observed|lane_6_lane_samples|lane_6_lane_flow|lane_6_lane_occupancy|lane_6_lane_speed|lane_6_lane_observed|lane_7_lane_samples|lane_7_lane_flow|lane_7_lane_occupancy|lane_7_lane_speed|lane_7_lane_observed|lane_8_lane_samples|lane_8_lane_flow|lane_8_lane_occupancy|lane_8_lane_speed|lane_8_lane_observed,0,PASS
d07_text_station_5min_2026_06_16.txt.gz,2026-06-16,"{""52"": 300}",300,0,52|timestamp|station|district|freeway|direction|lane_type|station_length|samples|percent_observed|total_flow|avg_occupancy|avg_speed|lane_1_lane_samples|lane_1_lane_flow|lane_1_lane_occupancy|lane_1_lane_speed|lane_1_lane_observed|lane_2_lane_samples|lane_2_lane_flow|lane_2_lane_occupancy|lane_2_lane_speed|lane_2_lane_observed|lane_3_lane_samples|lane_3_lane_flow|lane_3_lane_occupancy|lane_3_lane_speed|lane_3_lane_observed|lane_4_lane_samples|lane_4_lane_flow|lane_4_lane_occupancy|lane_4_lane_speed|lane_4_lane_observed|lane_5_lane_samples|lane_5_lane_flow|lane_5_lane_occupancy|lane_5_lane_speed|lane_5_lane_observed|lane_6_lane_samples|lane_6_lane_flow|lane_6_lane_occupancy|lane_6_lane_speed|lane_6_lane_observed|lane_7_lane_samples|lane_7_lane_flow|lane_7_lane_occupancy|lane_7_lane_speed|lane_7_lane_observed|lane_8_lane_samples|lane_8_lane_flow|lane_8_lane_occupancy|lane_8_lane_speed|lane_8_lane_observed,0,PASS
d07_text_station_5min_2026_06_17.txt.gz,2026-06-17,"{""52"": 300}",300,0,52|timestamp|station|district|freeway|direction|lane_type|station_length|samples|percent_observed|total_flow|avg_occupancy|avg_speed|lane_1_lane_samples|lane_1_lane_flow|lane_1_lane_occupancy|lane_1_lane_speed|lane_1_lane_observed|lane_2_lane_samples|lane_2_lane_flow|lane_2_lane_occupancy|lane_2_lane_speed|lane_2_lane_observed|lane_3_lane_samples|lane_3_lane_flow|lane_3_lane_occupancy|lane_3_lane_speed|lane_3_lane_observed|lane_4_lane_samples|lane_4_lane_flow|lane_4_lane_occupancy|lane_4_lane_speed|lane_4_lane_observed|lane_5_lane_samples|lane_5_lane_flow|lane_5_lane_occupancy|lane_5_lane_speed|lane_5_lane_observed|lane_6_lane_samples|lane_6_lane_flow|lane_6_lane_occupancy|lane_6_lane_speed|lane_6_lane_observed|lane_7_lane_samples|lane_7_lane_flow|lane_7_lane_occupancy|lane_7_lane_speed|lane_7_lane_observed|lane_8_lane_samples|lane_8_lane_flow|lane_8_lane_occupancy|lane_8_lane_speed|lane_8_lane_observed,0,PASS
d07_text_station_5min_2026_06_18.txt.gz,2026-06-18,"{""52"": 300}",300,0,52|timestamp|station|district|freeway|direction|lane_type|station_length|samples|percent_observed|total_flow|avg_occupancy|avg_speed|lane_1_lane_samples|lane_1_lane_flow|lane_1_lane_occupancy|lane_1_lane_speed|lane_1_lane_observed|lane_2_lane_samples|lane_2_lane_flow|lane_2_lane_occupancy|lane_2_lane_speed|lane_2_lane_observed|lane_3_lane_samples|lane_3_lane_flow|lane_3_lane_occupancy|lane_3_lane_speed|lane_3_lane_observed|lane_4_lane_samples|lane_4_lane_flow|lane_4_lane_occupancy|lane_4_lane_speed|lane_4_lane_observed|lane_5_lane_samples|lane_5_lane_flow|lane_5_lane_occupancy|lane_5_lane_speed|lane_5_lane_observed|lane_6_lane_samples|lane_6_lane_flow|lane_6_lane_occupancy|lane_6_lane_speed|lane_6_lane_observed|lane_7_lane_samples|lane_7_lane_flow|lane_7_lane_occupancy|lane_7_lane_speed|lane_7_lane_observed|lane_8_lane_samples|lane_8_lane_flow|lane_8_lane_occupancy|lane_8_lane_speed|lane_8_lane_observed,0,PASS
d07_text_station_5min_2026_06_19.txt.gz,2026-06-19,"{""52"": 300}",300,0,52|timestamp|station|district|freeway|direction|lane_type|station_length|samples|percent_observed|total_flow|avg_occupancy|avg_speed|lane_1_lane_samples|lane_1_lane_flow|lane_1_lane_occupancy|lane_1_lane_speed|lane_1_lane_observed|lane_2_lane_samples|lane_2_lane_flow|lane_2_lane_occupancy|lane_2_lane_speed|lane_2_lane_observed|lane_3_lane_samples|lane_3_lane_flow|lane_3_lane_occupancy|lane_3_lane_speed|lane_3_lane_observed|lane_4_lane_samples|lane_4_lane_flow|lane_4_lane_occupancy|lane_4_lane_speed|lane_4_lane_observed|lane_5_lane_samples|lane_5_lane_flow|lane_5_lane_occupancy|lane_5_lane_speed|lane_5_lane_observed|lane_6_lane_samples|lane_6_lane_flow|lane_6_lane_occupancy|lane_6_lane_speed|lane_6_lane_observed|lane_7_lane_samples|lane_7_lane_flow|lane_7_lane_occupancy|lane_7_lane_speed|lane_7_lane_observed|lane_8_lane_samples|lane_8_lane_flow|lane_8_lane_occupancy|lane_8_lane_speed|lane_8_lane_observed,0,PASS
d07_text_station_5min_2026_06_20.txt.gz,2026-06-20,"{""52"": 300}",300,0,52|timestamp|station|district|freeway|direction|lane_type|station_length|samples|percent_observed|total_flow|avg_occupancy|avg_speed|lane_1_lane_samples|lane_1_lane_flow|lane_1_lane_occupancy|lane_1_lane_speed|lane_1_lane_observed|lane_2_lane_samples|lane_2_lane_flow|lane_2_lane_occupancy|lane_2_lane_speed|lane_2_lane_observed|lane_3_lane_samples|lane_3_lane_flow|lane_3_lane_occupancy|lane_3_lane_speed|lane_3_lane_observed|lane_4_lane_samples|lane_4_lane_flow|lane_4_lane_occupancy|lane_4_lane_speed|lane_4_lane_observed|lane_5_lane_samples|lane_5_lane_flow|lane_5_lane_occupancy|lane_5_lane_speed|lane_5_lane_observed|lane_6_lane_samples|lane_6_lane_flow|lane_6_lane_occupancy|lane_6_lane_speed|lane_6_lane_observed|lane_7_lane_samples|lane_7_lane_flow|lane_7_lane_occupancy|lane_7_lane_speed|lane_7_lane_observed|lane_8_lane_samples|lane_8_lane_flow|lane_8_lane_occupancy|lane_8_lane_speed|lane_8_lane_observed,0,PASS
d07_text_station_5min_2026_06_21.txt.gz,2026-06-21,"{""52"": 300}",300,0,52|timestamp|station|district|freeway|direction|lane_type|station_length|samples|percent_observed|total_flow|avg_occupancy|avg_speed|lane_1_lane_samples|lane_1_lane_flow|lane_1_lane_occupancy|lane_1_lane_speed|lane_1_lane_observed|lane_2_lane_samples|lane_2_lane_flow|lane_2_lane_occupancy|lane_2_lane_speed|lane_2_lane_observed|lane_3_lane_samples|lane_3_lane_flow|lane_3_lane_occupancy|lane_3_lane_speed|lane_3_lane_observed|lane_4_lane_samples|lane_4_lane_flow|lane_4_lane_occupancy|lane_4_lane_speed|lane_4_lane_observed|lane_5_lane_samples|lane_5_lane_flow|lane_5_lane_occupancy|lane_5_lane_speed|lane_5_lane_observed|lane_6_lane_samples|lane_6_lane_flow|lane_6_lane_occupancy|lane_6_lane_speed|lane_6_lane_observed|lane_7_lane_samples|lane_7_lane_flow|lane_7_lane_occupancy|lane_7_lane_speed|lane_7_lane_observed|lane_8_lane_samples|lane_8_lane_flow|lane_8_lane_occupancy|lane_8_lane_speed|lane_8_lane_observed,0,PASS
d07_text_station_5min_2026_06_22.txt.gz,2026-06-22,"{""52"": 300}",300,0,52|timestamp|station|district|freeway|direction|lane_type|station_length|samples|percent_observed|total_flow|avg_occupancy|avg_speed|lane_1_lane_samples|lane_1_lane_flow|lane_1_lane_occupancy|lane_1_lane_speed|lane_1_lane_observed|lane_2_lane_samples|lane_2_lane_flow|lane_2_lane_occupancy|lane_2_lane_speed|lane_2_lane_observed|lane_3_lane_samples|lane_3_lane_flow|lane_3_lane_occupancy|lane_3_lane_speed|lane_3_lane_observed|lane_4_lane_samples|lane_4_lane_flow|lane_4_lane_occupancy|lane_4_lane_speed|lane_4_lane_observed|lane_5_lane_samples|lane_5_lane_flow|lane_5_lane_occupancy|lane_5_lane_speed|lane_5_lane_observed|lane_6_lane_samples|lane_6_lane_flow|lane_6_lane_occupancy|lane_6_lane_speed|lane_6_lane_observed|lane_7_lane_samples|lane_7_lane_flow|lane_7_lane_occupancy|lane_7_lane_speed|lane_7_lane_observed|lane_8_lane_samples|lane_8_lane_flow|lane_8_lane_occupancy|lane_8_lane_speed|lane_8_lane_observed,0,PASS
d07_text_station_5min_2026_06_23.txt.gz,2026-06-23,"{""52"": 300}",300,0,52|timestamp|station|district|freeway|direction|lane_type|station_length|samples|percent_observed|total_flow|avg_occupancy|avg_speed|lane_1_lane_samples|lane_1_lane_flow|lane_1_lane_occupancy|lane_1_lane_speed|lane_1_lane_observed|lane_2_lane_samples|lane_2_lane_flow|lane_2_lane_occupancy|lane_2_lane_speed|lane_2_lane_observed|lane_3_lane_samples|lane_3_lane_flow|lane_3_lane_occupancy|lane_3_lane_speed|lane_3_lane_observed|lane_4_lane_samples|lane_4_lane_flow|lane_4_lane_occupancy|lane_4_lane_speed|lane_4_lane_observed|lane_5_lane_samples|lane_5_lane_flow|lane_5_lane_occupancy|lane_5_lane_speed|lane_5_lane_observed|lane_6_lane_samples|lane_6_lane_flow|lane_6_lane_occupancy|lane_6_lane_speed|lane_6_lane_observed|lane_7_lane_samples|lane_7_lane_flow|lane_7_lane_occupancy|lane_7_lane_speed|lane_7_lane_observed|lane_8_lane_samples|lane_8_lane_flow|lane_8_lane_occupancy|lane_8_lane_speed|lane_8_lane_observed,0,PASS
d07_text_station_5min_2026_06_24.txt.gz,2026-06-24,"{""52"": 300}",300,0,52|timestamp|station|district|freeway|direction|lane_type|station_length|samples|percent_observed|total_flow|avg_occupancy|avg_speed|lane_1_lane_samples|lane_1_lane_flow|lane_1_lane_occupancy|lane_1_lane_speed|lane_1_lane_observed|lane_2_lane_samples|lane_2_lane_flow|lane_2_lane_occupancy|lane_2_lane_speed|lane_2_lane_observed|lane_3_lane_samples|lane_3_lane_flow|lane_3_lane_occupancy|lane_3_lane_speed|lane_3_lane_observed|lane_4_lane_samples|lane_4_lane_flow|lane_4_lane_occupancy|lane_4_lane_speed|lane_4_lane_observed|lane_5_lane_samples|lane_5_lane_flow|lane_5_lane_occupancy|lane_5_lane_speed|lane_5_lane_observed|lane_6_lane_samples|lane_6_lane_flow|lane_6_lane_occupancy|lane_6_lane_speed|lane_6_lane_observed|lane_7_lane_samples|lane_7_lane_flow|lane_7_lane_occupancy|lane_7_lane_speed|lane_7_lane_observed|lane_8_lane_samples|lane_8_lane_flow|lane_8_lane_occupancy|lane_8_lane_speed|lane_8_lane_observed,0,PASS
d07_text_station_5min_2026_06_25.txt.gz,2026-06-25,"{""52"": 300}",300,0,52|timestamp|station|district|freeway|direction|lane_type|station_length|samples|percent_observed|total_flow|avg_occupancy|avg_speed|lane_1_lane_samples|lane_1_lane_flow|lane_1_lane_occupancy|lane_1_lane_speed|lane_1_lane_observed|lane_2_lane_samples|lane_2_lane_flow|lane_2_lane_occupancy|lane_2_lane_speed|lane_2_lane_observed|lane_3_lane_samples|lane_3_lane_flow|lane_3_lane_occupancy|lane_3_lane_speed|lane_3_lane_observed|lane_4_lane_samples|lane_4_lane_flow|lane_4_lane_occupancy|lane_4_lane_speed|lane_4_lane_observed|lane_5_lane_samples|lane_5_lane_flow|lane_5_lane_occupancy|lane_5_lane_speed|lane_5_lane_observed|lane_6_lane_samples|lane_6_lane_flow|lane_6_lane_occupancy|lane_6_lane_speed|lane_6_lane_observed|lane_7_lane_samples|lane_7_lane_flow|lane_7_lane_occupancy|lane_7_lane_speed|lane_7_lane_observed|lane_8_lane_samples|lane_8_lane_flow|lane_8_lane_occupancy|lane_8_lane_speed|lane_8_lane_observed,0,PASS
d07_text_station_5min_2026_06_26.txt.gz,2026-06-26,"{""52"": 300}",300,0,52|timestamp|station|district|freeway|direction|lane_type|station_length|samples|percent_observed|total_flow|avg_occupancy|avg_speed|lane_1_lane_samples|lane_1_lane_flow|lane_1_lane_occupancy|lane_1_lane_speed|lane_1_lane_observed|lane_2_lane_samples|lane_2_lane_flow|lane_2_lane_occupancy|lane_2_lane_speed|lane_2_lane_observed|lane_3_lane_samples|lane_3_lane_flow|lane_3_lane_occupancy|lane_3_lane_speed|lane_3_lane_observed|lane_4_lane_samples|lane_4_lane_flow|lane_4_lane_occupancy|lane_4_lane_speed|lane_4_lane_observed|lane_5_lane_samples|lane_5_lane_flow|lane_5_lane_occupancy|lane_5_lane_speed|lane_5_lane_observed|lane_6_lane_samples|lane_6_lane_flow|lane_6_lane_occupancy|lane_6_lane_speed|lane_6_lane_observed|lane_7_lane_samples|lane_7_lane_flow|lane_7_lane_occupancy|lane_7_lane_speed|lane_7_lane_observed|lane_8_lane_samples|lane_8_lane_flow|lane_8_lane_occupancy|lane_8_lane_speed|lane_8_lane_observed,0,PASS
d07_text_station_5min_2026_06_27.txt.gz,2026-06-27,"{""52"": 300}",300,0,52|timestamp|station|district|freeway|direction|lane_type|station_length|samples|percent_observed|total_flow|avg_occupancy|avg_speed|lane_1_lane_samples|lane_1_lane_flow|lane_1_lane_occupancy|lane_1_lane_speed|lane_1_lane_observed|lane_2_lane_samples|lane_2_lane_flow|lane_2_lane_occupancy|lane_2_lane_speed|lane_2_lane_observed|lane_3_lane_samples|lane_3_lane_flow|lane_3_lane_occupancy|lane_3_lane_speed|lane_3_lane_observed|lane_4_lane_samples|lane_4_lane_flow|lane_4_lane_occupancy|lane_4_lane_speed|lane_4_lane_observed|lane_5_lane_samples|lane_5_lane_flow|lane_5_lane_occupancy|lane_5_lane_speed|lane_5_lane_observed|lane_6_lane_samples|lane_6_lane_flow|lane_6_lane_occupancy|lane_6_lane_speed|lane_6_lane_observed|lane_7_lane_samples|lane_7_lane_flow|lane_7_lane_occupancy|lane_7_lane_speed|lane_7_lane_observed|lane_8_lane_samples|lane_8_lane_flow|lane_8_lane_occupancy|lane_8_lane_speed|lane_8_lane_observed,0,PASS
d07_text_station_5min_2026_06_28.txt.gz,2026-06-28,"{""52"": 300}",300,0,52|timestamp|station|district|freeway|direction|lane_type|station_length|samples|percent_observed|total_flow|avg_occupancy|avg_speed|lane_1_lane_samples|lane_1_lane_flow|lane_1_lane_occupancy|lane_1_lane_speed|lane_1_lane_observed|lane_2_lane_samples|lane_2_lane_flow|lane_2_lane_occupancy|lane_2_lane_speed|lane_2_lane_observed|lane_3_lane_samples|lane_3_lane_flow|lane_3_lane_occupancy|lane_3_lane_speed|lane_3_lane_observed|lane_4_lane_samples|lane_4_lane_flow|lane_4_lane_occupancy|lane_4_lane_speed|lane_4_lane_observed|lane_5_lane_samples|lane_5_lane_flow|lane_5_lane_occupancy|lane_5_lane_speed|lane_5_lane_observed|lane_6_lane_samples|lane_6_lane_flow|lane_6_lane_occupancy|lane_6_lane_speed|lane_6_lane_observed|lane_7_lane_samples|lane_7_lane_flow|lane_7_lane_occupancy|lane_7_lane_speed|lane_7_lane_observed|lane_8_lane_samples|lane_8_lane_flow|lane_8_lane_occupancy|lane_8_lane_speed|lane_8_lane_observed,0,PASS
d07_text_station_5min_2026_06_29.txt.gz,2026-06-29,"{""52"": 300}",300,0,52|timestamp|station|district|freeway|direction|lane_type|station_length|samples|percent_observed|total_flow|avg_occupancy|avg_speed|lane_1_lane_samples|lane_1_lane_flow|lane_1_lane_occupancy|lane_1_lane_speed|lane_1_lane_observed|lane_2_lane_samples|lane_2_lane_flow|lane_2_lane_occupancy|lane_2_lane_speed|lane_2_lane_observed|lane_3_lane_samples|lane_3_lane_flow|lane_3_lane_occupancy|lane_3_lane_speed|lane_3_lane_observed|lane_4_lane_samples|lane_4_lane_flow|lane_4_lane_occupancy|lane_4_lane_speed|lane_4_lane_observed|lane_5_lane_samples|lane_5_lane_flow|lane_5_lane_occupancy|lane_5_lane_speed|lane_5_lane_observed|lane_6_lane_samples|lane_6_lane_flow|lane_6_lane_occupancy|lane_6_lane_speed|lane_6_lane_observed|lane_7_lane_samples|lane_7_lane_flow|lane_7_lane_occupancy|lane_7_lane_speed|lane_7_lane_observed|lane_8_lane_samples|lane_8_lane_flow|lane_8_lane_occupancy|lane_8_lane_speed|lane_8_lane_observed,0,PASS
d07_text_station_5min_2026_07_01.txt.gz,2026-07-01,"{""52"": 300}",300,0,52|timestamp|station|district|freeway|direction|lane_type|station_length|samples|percent_observed|total_flow|avg_occupancy|avg_speed|lane_1_lane_samples|lane_1_lane_flow|lane_1_lane_occupancy|lane_1_lane_speed|lane_1_lane_observed|lane_2_lane_samples|lane_2_lane_flow|lane_2_lane_occupancy|lane_2_lane_speed|lane_2_lane_observed|lane_3_lane_samples|lane_3_lane_flow|lane_3_lane_occupancy|lane_3_lane_speed|lane_3_lane_observed|lane_4_lane_samples|lane_4_lane_flow|lane_4_lane_occupancy|lane_4_lane_speed|lane_4_lane_observed|lane_5_lane_samples|lane_5_lane_flow|lane_5_lane_occupancy|lane_5_lane_speed|lane_5_lane_observed|lane_6_lane_samples|lane_6_lane_flow|lane_6_lane_occupancy|lane_6_lane_speed|lane_6_lane_observed|lane_7_lane_samples|lane_7_lane_flow|lane_7_lane_occupancy|lane_7_lane_speed|lane_7_lane_observed|lane_8_lane_samples|lane_8_lane_flow|lane_8_lane_occupancy|lane_8_lane_speed|lane_8_lane_observed,0,PASS
d07_text_station_5min_2026_07_02.txt.gz,2026-07-02,"{""52"": 300}",300,0,52|timestamp|station|district|freeway|direction|lane_type|station_length|samples|percent_observed|total_flow|avg_occupancy|avg_speed|lane_1_lane_samples|lane_1_lane_flow|lane_1_lane_occupancy|lane_1_lane_speed|lane_1_lane_observed|lane_2_lane_samples|lane_2_lane_flow|lane_2_lane_occupancy|lane_2_lane_speed|lane_2_lane_observed|lane_3_lane_samples|lane_3_lane_flow|lane_3_lane_occupancy|lane_3_lane_speed|lane_3_lane_observed|lane_4_lane_samples|lane_4_lane_flow|lane_4_lane_occupancy|lane_4_lane_speed|lane_4_lane_observed|lane_5_lane_samples|lane_5_lane_flow|lane_5_lane_occupancy|lane_5_lane_speed|lane_5_lane_observed|lane_6_lane_samples|lane_6_lane_flow|lane_6_lane_occupancy|lane_6_lane_speed|lane_6_lane_observed|lane_7_lane_samples|lane_7_lane_flow|lane_7_lane_occupancy|lane_7_lane_speed|lane_7_lane_observed|lane_8_lane_samples|lane_8_lane_flow|lane_8_lane_occupancy|lane_8_lane_speed|lane_8_lane_observed,0,PASS
d07_text_station_5min_2026_07_03.txt.gz,2026-07-03,"{""52"": 300}",300,0,52|timestamp|station|district|freeway|direction|lane_type|station_length|samples|percent_observed|total_flow|avg_occupancy|avg_speed|lane_1_lane_samples|lane_1_lane_flow|lane_1_lane_occupancy|lane_1_lane_speed|lane_1_lane_observed|lane_2_lane_samples|lane_2_lane_flow|lane_2_lane_occupancy|lane_2_lane_speed|lane_2_lane_observed|lane_3_lane_samples|lane_3_lane_flow|lane_3_lane_occupancy|lane_3_lane_speed|lane_3_lane_observed|lane_4_lane_samples|lane_4_lane_flow|lane_4_lane_occupancy|lane_4_lane_speed|lane_4_lane_observed|lane_5_lane_samples|lane_5_lane_flow|lane_5_lane_occupancy|lane_5_lane_speed|lane_5_lane_observed|lane_6_lane_samples|lane_6_lane_flow|lane_6_lane_occupancy|lane_6_lane_speed|lane_6_lane_observed|lane_7_lane_samples|lane_7_lane_flow|lane_7_lane_occupancy|lane_7_lane_speed|lane_7_lane_observed|lane_8_lane_samples|lane_8_lane_flow|lane_8_lane_occupancy|lane_8_lane_speed|lane_8_lane_observed,0,PASS
d07_text_station_5min_2026_07_04.txt.gz,2026-07-04,"{""52"": 300}",300,0,52|timestamp|station|district|freeway|direction|lane_type|station_length|samples|percent_observed|total_flow|avg_occupancy|avg_speed|lane_1_lane_samples|lane_1_lane_flow|lane_1_lane_occupancy|lane_1_lane_speed|lane_1_lane_observed|lane_2_lane_samples|lane_2_lane_flow|lane_2_lane_occupancy|lane_2_lane_speed|lane_2_lane_observed|lane_3_lane_samples|lane_3_lane_flow|lane_3_lane_occupancy|lane_3_lane_speed|lane_3_lane_observed|lane_4_lane_samples|lane_4_lane_flow|lane_4_lane_occupancy|lane_4_lane_speed|lane_4_lane_observed|lane_5_lane_samples|lane_5_lane_flow|lane_5_lane_occupancy|lane_5_lane_speed|lane_5_lane_observed|lane_6_lane_samples|lane_6_lane_flow|lane_6_lane_occupancy|lane_6_lane_speed|lane_6_lane_observed|lane_7_lane_samples|lane_7_lane_flow|lane_7_lane_occupancy|lane_7_lane_speed|lane_7_lane_observed|lane_8_lane_samples|lane_8_lane_flow|lane_8_lane_occupancy|lane_8_lane_speed|lane_8_lane_observed,0,PASS
d07_text_station_5min_2026_07_05.txt.gz,2026-07-05,"{""52"": 300}",300,0,52|timestamp|station|district|freeway|direction|lane_type|station_length|samples|percent_observed|total_flow|avg_occupancy|avg_speed|lane_1_lane_samples|lane_1_lane_flow|lane_1_lane_occupancy|lane_1_lane_speed|lane_1_lane_observed|lane_2_lane_samples|lane_2_lane_flow|lane_2_lane_occupancy|lane_2_lane_speed|lane_2_lane_observed|lane_3_lane_samples|lane_3_lane_flow|lane_3_lane_occupancy|lane_3_lane_speed|lane_3_lane_observed|lane_4_lane_samples|lane_4_lane_flow|lane_4_lane_occupancy|lane_4_lane_speed|lane_4_lane_observed|lane_5_lane_samples|lane_5_lane_flow|lane_5_lane_occupancy|lane_5_lane_speed|lane_5_lane_observed|lane_6_lane_samples|lane_6_lane_flow|lane_6_lane_occupancy|lane_6_lane_speed|lane_6_lane_observed|lane_7_lane_samples|lane_7_lane_flow|lane_7_lane_occupancy|lane_7_lane_speed|lane_7_lane_observed|lane_8_lane_samples|lane_8_lane_flow|lane_8_lane_occupancy|lane_8_lane_speed|lane_8_lane_observed,0,PASS
d07_text_station_5min_2026_07_06.txt.gz,2026-07-06,"{""52"": 300}",300,0,52|timestamp|station|district|freeway|direction|lane_type|station_length|samples|percent_observed|total_flow|avg_occupancy|avg_speed|lane_1_lane_samples|lane_1_lane_flow|lane_1_lane_occupancy|lane_1_lane_speed|lane_1_lane_observed|lane_2_lane_samples|lane_2_lane_flow|lane_2_lane_occupancy|lane_2_lane_speed|lane_2_lane_observed|lane_3_lane_samples|lane_3_lane_flow|lane_3_lane_occupancy|lane_3_lane_speed|lane_3_lane_observed|lane_4_lane_samples|lane_4_lane_flow|lane_4_lane_occupancy|lane_4_lane_speed|lane_4_lane_observed|lane_5_lane_samples|lane_5_lane_flow|lane_5_lane_occupancy|lane_5_lane_speed|lane_5_lane_observed|lane_6_lane_samples|lane_6_lane_flow|lane_6_lane_occupancy|lane_6_lane_speed|lane_6_lane_observed|lane_7_lane_samples|lane_7_lane_flow|lane_7_lane_occupancy|lane_7_lane_speed|lane_7_lane_observed|lane_8_lane_samples|lane_8_lane_flow|lane_8_lane_occupancy|lane_8_lane_speed|lane_8_lane_observed,0,PASS
d07_text_station_5min_2026_07_07.txt.gz,2026-07-07,"{""52"": 300}",300,0,52|timestamp|station|district|freeway|direction|lane_type|station_length|samples|percent_observed|total_flow|avg_occupancy|avg_speed|lane_1_lane_samples|lane_1_lane_flow|lane_1_lane_occupancy|lane_1_lane_speed|lane_1_lane_observed|lane_2_lane_samples|lane_2_lane_flow|lane_2_lane_occupancy|lane_2_lane_speed|lane_2_lane_observed|lane_3_lane_samples|lane_3_lane_flow|lane_3_lane_occupancy|lane_3_lane_speed|lane_3_lane_observed|lane_4_lane_samples|lane_4_lane_flow|lane_4_lane_occupancy|lane_4_lane_speed|lane_4_lane_observed|lane_5_lane_samples|lane_5_lane_flow|lane_5_lane_occupancy|lane_5_lane_speed|lane_5_lane_observed|lane_6_lane_samples|lane_6_lane_flow|lane_6_lane_occupancy|lane_6_lane_speed|lane_6_lane_observed|lane_7_lane_samples|lane_7_lane_flow|lane_7_lane_occupancy|lane_7_lane_speed|lane_7_lane_observed|lane_8_lane_samples|lane_8_lane_flow|lane_8_lane_occupancy|lane_8_lane_speed|lane_8_lane_observed,0,PASS
d07_text_station_5min_2026_07_08.txt.gz,2026-07-08,"{""52"": 300}",300,0,52|timestamp|station|district|freeway|direction|lane_type|station_length|samples|percent_observed|total_flow|avg_occupancy|avg_speed|lane_1_lane_samples|lane_1_lane_flow|lane_1_lane_occupancy|lane_1_lane_speed|lane_1_lane_observed|lane_2_lane_samples|lane_2_lane_flow|lane_2_lane_occupancy|lane_2_lane_speed|lane_2_lane_observed|lane_3_lane_samples|lane_3_lane_flow|lane_3_lane_occupancy|lane_3_lane_speed|lane_3_lane_observed|lane_4_lane_samples|lane_4_lane_flow|lane_4_lane_occupancy|lane_4_lane_speed|lane_4_lane_observed|lane_5_lane_samples|lane_5_lane_flow|lane_5_lane_occupancy|lane_5_lane_speed|lane_5_lane_observed|lane_6_lane_samples|lane_6_lane_flow|lane_6_lane_occupancy|lane_6_lane_speed|lane_6_lane_observed|lane_7_lane_samples|lane_7_lane_flow|lane_7_lane_occupancy|lane_7_lane_speed|lane_7_lane_observed|lane_8_lane_samples|lane_8_lane_flow|lane_8_lane_occupancy|lane_8_lane_speed|lane_8_lane_observed,0,PASS
d07_text_station_5min_2026_07_09.txt.gz,2026-07-09,"{""52"": 300}",300,0,52|timestamp|station|district|freeway|direction|lane_type|station_length|samples|percent_observed|total_flow|avg_occupancy|avg_speed|lane_1_lane_samples|lane_1_lane_flow|lane_1_lane_occupancy|lane_1_lane_speed|lane_1_lane_observed|lane_2_lane_samples|lane_2_lane_flow|lane_2_lane_occupancy|lane_2_lane_speed|lane_2_lane_observed|lane_3_lane_samples|lane_3_lane_flow|lane_3_lane_occupancy|lane_3_lane_speed|lane_3_lane_observed|lane_4_lane_samples|lane_4_lane_flow|lane_4_lane_occupancy|lane_4_lane_speed|lane_4_lane_observed|lane_5_lane_samples|lane_5_lane_flow|lane_5_lane_occupancy|lane_5_lane_speed|lane_5_lane_observed|lane_6_lane_samples|lane_6_lane_flow|lane_6_lane_occupancy|lane_6_lane_speed|lane_6_lane_observed|lane_7_lane_samples|lane_7_lane_flow|lane_7_lane_occupancy|lane_7_lane_speed|lane_7_lane_observed|lane_8_lane_samples|lane_8_lane_flow|lane_8_lane_occupancy|lane_8_lane_speed|lane_8_lane_observed,0,PASS
d07_text_station_5min_2026_07_10.txt.gz,2026-07-10,"{""52"": 300}",300,0,52|timestamp|station|district|freeway|direction|lane_type|station_length|samples|percent_observed|total_flow|avg_occupancy|avg_speed|lane_1_lane_samples|lane_1_lane_flow|lane_1_lane_occupancy|lane_1_lane_speed|lane_1_lane_observed|lane_2_lane_samples|lane_2_lane_flow|lane_2_lane_occupancy|lane_2_lane_speed|lane_2_lane_observed|lane_3_lane_samples|lane_3_lane_flow|lane_3_lane_occupancy|lane_3_lane_speed|lane_3_lane_observed|lane_4_lane_samples|lane_4_lane_flow|lane_4_lane_occupancy|lane_4_lane_speed|lane_4_lane_observed|lane_5_lane_samples|lane_5_lane_flow|lane_5_lane_occupancy|lane_5_lane_speed|lane_5_lane_observed|lane_6_lane_samples|lane_6_lane_flow|lane_6_lane_occupancy|lane_6_lane_speed|lane_6_lane_observed|lane_7_lane_samples|lane_7_lane_flow|lane_7_lane_occupancy|lane_7_lane_speed|lane_7_lane_observed|lane_8_lane_samples|lane_8_lane_flow|lane_8_lane_occupancy|lane_8_lane_speed|lane_8_lane_observed,0,PASS
d07_text_station_5min_2026_07_11.txt.gz,2026-07-11,"{""52"": 300}",300,0,52|timestamp|station|district|freeway|direction|lane_type|station_length|samples|percent_observed|total_flow|avg_occupancy|avg_speed|lane_1_lane_samples|lane_1_lane_flow|lane_1_lane_occupancy|lane_1_lane_speed|lane_1_lane_observed|lane_2_lane_samples|lane_2_lane_flow|lane_2_lane_occupancy|lane_2_lane_speed|lane_2_lane_observed|lane_3_lane_samples|lane_3_lane_flow|lane_3_lane_occupancy|lane_3_lane_speed|lane_3_lane_observed|lane_4_lane_samples|lane_4_lane_flow|lane_4_lane_occupancy|lane_4_lane_speed|lane_4_lane_observed|lane_5_lane_samples|lane_5_lane_flow|lane_5_lane_occupancy|lane_5_lane_speed|lane_5_lane_observed|lane_6_lane_samples|lane_6_lane_flow|lane_6_lane_occupancy|lane_6_lane_speed|lane_6_lane_observed|lane_7_lane_samples|lane_7_lane_flow|lane_7_lane_occupancy|lane_7_lane_speed|lane_7_lane_observed|lane_8_lane_samples|lane_8_lane_flow|lane_8_lane_occupancy|lane_8_lane_speed|lane_8_lane_observed,0,PASS
d07_text_station_5min_2026_07_12.txt.gz,2026-07-12,"{""52"": 300}",300,0,52|timestamp|station|district|freeway|direction|lane_type|station_length|samples|percent_observed|total_flow|avg_occupancy|avg_speed|lane_1_lane_samples|lane_1_lane_flow|lane_1_lane_occupancy|lane_1_lane_speed|lane_1_lane_observed|lane_2_lane_samples|lane_2_lane_flow|lane_2_lane_occupancy|lane_2_lane_speed|lane_2_lane_observed|lane_3_lane_samples|lane_3_lane_flow|lane_3_lane_occupancy|lane_3_lane_speed|lane_3_lane_observed|lane_4_lane_samples|lane_4_lane_flow|lane_4_lane_occupancy|lane_4_lane_speed|lane_4_lane_observed|lane_5_lane_samples|lane_5_lane_flow|lane_5_lane_occupancy|lane_5_lane_speed|lane_5_lane_observed|lane_6_lane_samples|lane_6_lane_flow|lane_6_lane_occupancy|lane_6_lane_speed|lane_6_lane_observed|lane_7_lane_samples|lane_7_lane_flow|lane_7_lane_occupancy|lane_7_lane_speed|lane_7_lane_observed|lane_8_lane_samples|lane_8_lane_flow|lane_8_lane_occupancy|lane_8_lane_speed|lane_8_lane_observed,0,PASS
d07_text_station_5min_2026_07_13.txt.gz,2026-07-13,"{""52"": 300}",300,0,52|timestamp|station|district|freeway|direction|lane_type|station_length|samples|percent_observed|total_flow|avg_occupancy|avg_speed|lane_1_lane_samples|lane_1_lane_flow|lane_1_lane_occupancy|lane_1_lane_speed|lane_1_lane_observed|lane_2_lane_samples|lane_2_lane_flow|lane_2_lane_occupancy|lane_2_lane_speed|lane_2_lane_observed|lane_3_lane_samples|lane_3_lane_flow|lane_3_lane_occupancy|lane_3_lane_speed|lane_3_lane_observed|lane_4_lane_samples|lane_4_lane_flow|lane_4_lane_occupancy|lane_4_lane_speed|lane_4_lane_observed|lane_5_lane_samples|lane_5_lane_flow|lane_5_lane_occupancy|lane_5_lane_speed|lane_5_lane_observed|lane_6_lane_samples|lane_6_lane_flow|lane_6_lane_occupancy|lane_6_lane_speed|lane_6_lane_observed|lane_7_lane_samples|lane_7_lane_flow|lane_7_lane_occupancy|lane_7_lane_speed|lane_7_lane_observed|lane_8_lane_samples|lane_8_lane_flow|lane_8_lane_occupancy|lane_8_lane_speed|lane_8_lane_observed,0,PASS
d07_text_station_5min_2026_07_14.txt.gz,2026-07-14,"{""52"": 300}",300,0,52|timestamp|station|district|freeway|direction|lane_type|station_length|samples|percent_observed|total_flow|avg_occupancy|avg_speed|lane_1_lane_samples|lane_1_lane_flow|lane_1_lane_occupancy|lane_1_lane_speed|lane_1_lane_observed|lane_2_lane_samples|lane_2_lane_flow|lane_2_lane_occupancy|lane_2_lane_speed|lane_2_lane_observed|lane_3_lane_samples|lane_3_lane_flow|lane_3_lane_occupancy|lane_3_lane_speed|lane_3_lane_observed|lane_4_lane_samples|lane_4_lane_flow|lane_4_lane_occupancy|lane_4_lane_speed|lane_4_lane_observed|lane_5_lane_samples|lane_5_lane_flow|lane_5_lane_occupancy|lane_5_lane_speed|lane_5_lane_observed|lane_6_lane_samples|lane_6_lane_flow|lane_6_lane_occupancy|lane_6_lane_speed|lane_6_lane_observed|lane_7_lane_samples|lane_7_lane_flow|lane_7_lane_occupancy|lane_7_lane_speed|lane_7_lane_observed|lane_8_lane_samples|lane_8_lane_flow|lane_8_lane_occupancy|lane_8_lane_speed|lane_8_lane_observed,0,PASS
d07_text_station_5min_2026_07_15.txt.gz,2026-07-15,"{""52"": 300}",300,0,52|timestamp|station|district|freeway|direction|lane_type|station_length|samples|percent_observed|total_flow|avg_occupancy|avg_speed|lane_1_lane_samples|lane_1_lane_flow|lane_1_lane_occupancy|lane_1_lane_speed|lane_1_lane_observed|lane_2_lane_samples|lane_2_lane_flow|lane_2_lane_occupancy|lane_2_lane_speed|lane_2_lane_observed|lane_3_lane_samples|lane_3_lane_flow|lane_3_lane_occupancy|lane_3_lane_speed|lane_3_lane_observed|lane_4_lane_samples|lane_4_lane_flow|lane_4_lane_occupancy|lane_4_lane_speed|lane_4_lane_observed|lane_5_lane_samples|lane_5_lane_flow|lane_5_lane_occupancy|lane_5_lane_speed|lane_5_lane_observed|lane_6_lane_samples|lane_6_lane_flow|lane_6_lane_occupancy|lane_6_lane_speed|lane_6_lane_observed|lane_7_lane_samples|lane_7_lane_flow|lane_7_lane_occupancy|lane_7_lane_speed|lane_7_lane_observed|lane_8_lane_samples|lane_8_lane_flow|lane_8_lane_occupancy|lane_8_lane_speed|lane_8_lane_observed,0,PASS
d07_text_station_5min_2026_07_16.txt.gz,2026-07-16,"{""52"": 300}",300,0,52|timestamp|station|district|freeway|direction|lane_type|station_length|samples|percent_observed|total_flow|avg_occupancy|avg_speed|lane_1_lane_samples|lane_1_lane_flow|lane_1_lane_occupancy|lane_1_lane_speed|lane_1_lane_observed|lane_2_lane_samples|lane_2_lane_flow|lane_2_lane_occupancy|lane_2_lane_speed|lane_2_lane_observed|lane_3_lane_samples|lane_3_lane_flow|lane_3_lane_occupancy|lane_3_lane_speed|lane_3_lane_observed|lane_4_lane_samples|lane_4_lane_flow|lane_4_lane_occupancy|lane_4_lane_speed|lane_4_lane_observed|lane_5_lane_samples|lane_5_lane_flow|lane_5_lane_occupancy|lane_5_lane_speed|lane_5_lane_observed|lane_6_lane_samples|lane_6_lane_flow|lane_6_lane_occupancy|lane_6_lane_speed|lane_6_lane_observed|lane_7_lane_samples|lane_7_lane_flow|lane_7_lane_occupancy|lane_7_lane_speed|lane_7_lane_observed|lane_8_lane_samples|lane_8_lane_flow|lane_8_lane_occupancy|lane_8_lane_speed|lane_8_lane_observed,0,PASS
d07_text_station_5min_2026_07_17.txt.gz,2026-07-17,"{""52"": 300}",300,0,52|timestamp|station|district|freeway|direction|lane_type|station_length|samples|percent_observed|total_flow|avg_occupancy|avg_speed|lane_1_lane_samples|lane_1_lane_flow|lane_1_lane_occupancy|lane_1_lane_speed|lane_1_lane_observed|lane_2_lane_samples|lane_2_lane_flow|lane_2_lane_occupancy|lane_2_lane_speed|lane_2_lane_observed|lane_3_lane_samples|lane_3_lane_flow|lane_3_lane_occupancy|lane_3_lane_speed|lane_3_lane_observed|lane_4_lane_samples|lane_4_lane_flow|lane_4_lane_occupancy|lane_4_lane_speed|lane_4_lane_observed|lane_5_lane_samples|lane_5_lane_flow|lane_5_lane_occupancy|lane_5_lane_speed|lane_5_lane_observed|lane_6_lane_samples|lane_6_lane_flow|lane_6_lane_occupancy|lane_6_lane_speed|lane_6_lane_observed|lane_7_lane_samples|lane_7_lane_flow|lane_7_lane_occupancy|lane_7_lane_speed|lane_7_lane_observed|lane_8_lane_samples|lane_8_lane_flow|lane_8_lane_occupancy|lane_8_lane_speed|lane_8_lane_observed,0,PASS
d07_text_station_5min_2026_07_18.txt.gz,2026-07-18,"{""52"": 300}",300,0,52|timestamp|station|district|freeway|direction|lane_type|station_length|samples|percent_observed|total_flow|avg_occupancy|avg_speed|lane_1_lane_samples|lane_1_lane_flow|lane_1_lane_occupancy|lane_1_lane_speed|lane_1_lane_observed|lane_2_lane_samples|lane_2_lane_flow|lane_2_lane_occupancy|lane_2_lane_speed|lane_2_lane_observed|lane_3_lane_samples|lane_3_lane_flow|lane_3_lane_occupancy|lane_3_lane_speed|lane_3_lane_observed|lane_4_lane_samples|lane_4_lane_flow|lane_4_lane_occupancy|lane_4_lane_speed|lane_4_lane_observed|lane_5_lane_samples|lane_5_lane_flow|lane_5_lane_occupancy|lane_5_lane_speed|lane_5_lane_observed|lane_6_lane_samples|lane_6_lane_flow|lane_6_lane_occupancy|lane_6_lane_speed|lane_6_lane_observed|lane_7_lane_samples|lane_7_lane_flow|lane_7_lane_occupancy|lane_7_lane_speed|lane_7_lane_observed|lane_8_lane_samples|lane_8_lane_flow|lane_8_lane_occupancy|lane_8_lane_speed|lane_8_lane_observed,0,PASS
d07_text_station_5min_2026_07_19.txt.gz,2026-07-19,"{""52"": 300}",300,0,52|timestamp|station|district|freeway|direction|lane_type|station_length|samples|percent_observed|total_flow|avg_occupancy|avg_speed|lane_1_lane_samples|lane_1_lane_flow|lane_1_lane_occupancy|lane_1_lane_speed|lane_1_lane_observed|lane_2_lane_samples|lane_2_lane_flow|lane_2_lane_occupancy|lane_2_lane_speed|lane_2_lane_observed|lane_3_lane_samples|lane_3_lane_flow|lane_3_lane_occupancy|lane_3_lane_speed|lane_3_lane_observed|lane_4_lane_samples|lane_4_lane_flow|lane_4_lane_occupancy|lane_4_lane_speed|lane_4_lane_observed|lane_5_lane_samples|lane_5_lane_flow|lane_5_lane_occupancy|lane_5_lane_speed|lane_5_lane_observed|lane_6_lane_samples|lane_6_lane_flow|lane_6_lane_occupancy|lane_6_lane_speed|lane_6_lane_observed|lane_7_lane_samples|lane_7_lane_flow|lane_7_lane_occupancy|lane_7_lane_speed|lane_7_lane_observed|lane_8_lane_samples|lane_8_lane_flow|lane_8_lane_occupancy|lane_8_lane_speed|lane_8_lane_observed,0,PASS
d07_text_station_5min_2026_07_20.txt.gz,2026-07-20,"{""52"": 300}",300,0,52|timestamp|station|district|freeway|direction|lane_type|station_length|samples|percent_observed|total_flow|avg_occupancy|avg_speed|lane_1_lane_samples|lane_1_lane_flow|lane_1_lane_occupancy|lane_1_lane_speed|lane_1_lane_observed|lane_2_lane_samples|lane_2_lane_flow|lane_2_lane_occupancy|lane_2_lane_speed|lane_2_lane_observed|lane_3_lane_samples|lane_3_lane_flow|lane_3_lane_occupancy|lane_3_lane_speed|lane_3_lane_observed|lane_4_lane_samples|lane_4_lane_flow|lane_4_lane_occupancy|lane_4_lane_speed|lane_4_lane_observed|lane_5_lane_samples|lane_5_lane_flow|lane_5_lane_occupancy|lane_5_lane_speed|lane_5_lane_observed|lane_6_lane_samples|lane_6_lane_flow|lane_6_lane_occupancy|lane_6_lane_speed|lane_6_lane_observed|lane_7_lane_samples|lane_7_lane_flow|lane_7_lane_occupancy|lane_7_lane_speed|lane_7_lane_observed|lane_8_lane_samples|lane_8_lane_flow|lane_8_lane_occupancy|lane_8_lane_speed|lane_8_lane_observed,0,PASS
d07_text_station_5min_2026_07_21.txt.gz,2026-07-21,"{""52"": 300}",300,0,52|timestamp|station|district|freeway|direction|lane_type|station_length|samples|percent_observed|total_flow|avg_occupancy|avg_speed|lane_1_lane_samples|lane_1_lane_flow|lane_1_lane_occupancy|lane_1_lane_speed|lane_1_lane_observed|lane_2_lane_samples|lane_2_lane_flow|lane_2_lane_occupancy|lane_2_lane_speed|lane_2_lane_observed|lane_3_lane_samples|lane_3_lane_flow|lane_3_lane_occupancy|lane_3_lane_speed|lane_3_lane_observed|lane_4_lane_samples|lane_4_lane_flow|lane_4_lane_occupancy|lane_4_lane_speed|lane_4_lane_observed|lane_5_lane_samples|lane_5_lane_flow|lane_5_lane_occupancy|lane_5_lane_speed|lane_5_lane_observed|lane_6_lane_samples|lane_6_lane_flow|lane_6_lane_occupancy|lane_6_lane_speed|lane_6_lane_observed|lane_7_lane_samples|lane_7_lane_flow|lane_7_lane_occupancy|lane_7_lane_speed|lane_7_lane_observed|lane_8_lane_samples|lane_8_lane_flow|lane_8_lane_occupancy|lane_8_lane_speed|lane_8_lane_observed,0,PASS
d07_text_station_5min_2026_07_22.txt.gz,2026-07-22,"{""52"": 300}",300,0,52|timestamp|station|district|freeway|direction|lane_type|station_length|samples|percent_observed|total_flow|avg_occupancy|avg_speed|lane_1_lane_samples|lane_1_lane_flow|lane_1_lane_occupancy|lane_1_lane_speed|lane_1_lane_observed|lane_2_lane_samples|lane_2_lane_flow|lane_2_lane_occupancy|lane_2_lane_speed|lane_2_lane_observed|lane_3_lane_samples|lane_3_lane_flow|lane_3_lane_occupancy|lane_3_lane_speed|lane_3_lane_observed|lane_4_lane_samples|lane_4_lane_flow|lane_4_lane_occupancy|lane_4_lane_speed|lane_4_lane_observed|lane_5_lane_samples|lane_5_lane_flow|lane_5_lane_occupancy|lane_5_lane_speed|lane_5_lane_observed|lane_6_lane_samples|lane_6_lane_flow|lane_6_lane_occupancy|lane_6_lane_speed|lane_6_lane_observed|lane_7_lane_samples|lane_7_lane_flow|lane_7_lane_occupancy|lane_7_lane_speed|lane_7_lane_observed|lane_8_lane_samples|lane_8_lane_flow|lane_8_lane_occupancy|lane_8_lane_speed|lane_8_lane_observed,0,PASS
d07_text_station_5min_2026_07_25 (1).txt.gz,,"{""52"": 300}",300,0,52|timestamp|station|district|freeway|direction|lane_type|station_length|samples|percent_observed|total_flow|avg_occupancy|avg_speed|lane_1_lane_samples|lane_1_lane_flow|lane_1_lane_occupancy|lane_1_lane_speed|lane_1_lane_observed|lane_2_lane_samples|lane_2_lane_flow|lane_2_lane_occupancy|lane_2_lane_speed|lane_2_lane_observed|lane_3_lane_samples|lane_3_lane_flow|lane_3_lane_occupancy|lane_3_lane_speed|lane_3_lane_observed|lane_4_lane_samples|lane_4_lane_flow|lane_4_lane_occupancy|lane_4_lane_speed|lane_4_lane_observed|lane_5_lane_samples|lane_5_lane_flow|lane_5_lane_occupancy|lane_5_lane_speed|lane_5_lane_observed|lane_6_lane_samples|lane_6_lane_flow|lane_6_lane_occupancy|lane_6_lane_speed|lane_6_lane_observed|lane_7_lane_samples|lane_7_lane_flow|lane_7_lane_occupancy|lane_7_lane_speed|lane_7_lane_observed|lane_8_lane_samples|lane_8_lane_flow|lane_8_lane_occupancy|lane_8_lane_speed|lane_8_lane_observed,,INVALID_FILENAME
d07_text_station_5min_2026_07_25.txt.gz,2026-07-25,"{""52"": 300}",300,0,52|timestamp|station|district|freeway|direction|lane_type|station_length|samples|percent_observed|total_flow|avg_occupancy|avg_speed|lane_1_lane_samples|lane_1_lane_flow|lane_1_lane_occupancy|lane_1_lane_speed|lane_1_lane_observed|lane_2_lane_samples|lane_2_lane_flow|lane_2_lane_occupancy|lane_2_lane_speed|lane_2_lane_observed|lane_3_lane_samples|lane_3_lane_flow|lane_3_lane_occupancy|lane_3_lane_speed|lane_3_lane_observed|lane_4_lane_samples|lane_4_lane_flow|lane_4_lane_occupancy|lane_4_lane_speed|lane_4_lane_observed|lane_5_lane_samples|lane_5_lane_flow|lane_5_lane_occupancy|lane_5_lane_speed|lane_5_lane_observed|lane_6_lane_samples|lane_6_lane_flow|lane_6_lane_occupancy|lane_6_lane_speed|lane_6_lane_observed|lane_7_lane_samples|lane_7_lane_flow|lane_7_lane_occupancy|lane_7_lane_speed|lane_7_lane_observed|lane_8_lane_samples|lane_8_lane_flow|lane_8_lane_occupancy|lane_8_lane_speed|lane_8_lane_observed,0,PASS
d07_text_station_5min_2026_07_26.txt.gz,2026-07-26,"{""52"": 300}",300,0,52|timestamp|station|district|freeway|direction|lane_type|station_length|samples|percent_observed|total_flow|avg_occupancy|avg_speed|lane_1_lane_samples|lane_1_lane_flow|lane_1_lane_occupancy|lane_1_lane_speed|lane_1_lane_observed|lane_2_lane_samples|lane_2_lane_flow|lane_2_lane_occupancy|lane_2_lane_speed|lane_2_lane_observed|lane_3_lane_samples|lane_3_lane_flow|lane_3_lane_occupancy|lane_3_lane_speed|lane_3_lane_observed|lane_4_lane_samples|lane_4_lane_flow|lane_4_lane_occupancy|lane_4_lane_speed|lane_4_lane_observed|lane_5_lane_samples|lane_5_lane_flow|lane_5_lane_occupancy|lane_5_lane_speed|lane_5_lane_observed|lane_6_lane_samples|lane_6_lane_flow|lane_6_lane_occupancy|lane_6_lane_speed|lane_6_lane_observed|lane_7_lane_samples|lane_7_lane_flow|lane_7_lane_occupancy|lane_7_lane_speed|lane_7_lane_observed|lane_8_lane_samples|lane_8_lane_flow|lane_8_lane_occupancy|lane_8_lane_speed|lane_8_lane_observed,0,PASS
d07_text_station_5min_2026_07_27.txt.gz,2026-07-27,"{""52"": 300}",300,0,52|timestamp|station|district|freeway|direction|lane_type|station_length|samples|percent_observed|total_flow|avg_occupancy|avg_speed|lane_1_lane_samples|lane_1_lane_flow|lane_1_lane_occupancy|lane_1_lane_speed|lane_1_lane_observed|lane_2_lane_samples|lane_2_lane_flow|lane_2_lane_occupancy|lane_2_lane_speed|lane_2_lane_observed|lane_3_lane_samples|lane_3_lane_flow|lane_3_lane_occupancy|lane_3_lane_speed|lane_3_lane_observed|lane_4_lane_samples|lane_4_lane_flow|lane_4_lane_occupancy|lane_4_lane_speed|lane_4_lane_observed|lane_5_lane_samples|lane_5_lane_flow|lane_5_lane_occupancy|lane_5_lane_speed|lane_5_lane_observed|lane_6_lane_samples|lane_6_lane_flow|lane_6_lane_occupancy|lane_6_lane_speed|lane_6_lane_observed|lane_7_lane_samples|lane_7_lane_flow|lane_7_lane_occupancy|lane_7_lane_speed|lane_7_lane_observed|lane_8_lane_samples|lane_8_lane_flow|lane_8_lane_occupancy|lane_8_lane_speed|lane_8_lane_observed,0,PASS
d07_text_station_5min_2026_07_28.txt.gz,2026-07-28,"{""52"": 300}",300,0,52|timestamp|station|district|freeway|direction|lane_type|station_length|samples|percent_observed|total_flow|avg_occupancy|avg_speed|lane_1_lane_samples|lane_1_lane_flow|lane_1_lane_occupancy|lane_1_lane_speed|lane_1_lane_observed|lane_2_lane_samples|lane_2_lane_flow|lane_2_lane_occupancy|lane_2_lane_speed|lane_2_lane_observed|lane_3_lane_samples|lane_3_lane_flow|lane_3_lane_occupancy|lane_3_lane_speed|lane_3_lane_observed|lane_4_lane_samples|lane_4_lane_flow|lane_4_lane_occupancy|lane_4_lane_speed|lane_4_lane_observed|lane_5_lane_samples|lane_5_lane_flow|lane_5_lane_occupancy|lane_5_lane_speed|lane_5_lane_observed|lane_6_lane_samples|lane_6_lane_flow|lane_6_lane_occupancy|lane_6_lane_speed|lane_6_lane_observed|lane_7_lane_samples|lane_7_lane_flow|lane_7_lane_occupancy|lane_7_lane_speed|lane_7_lane_observed|lane_8_lane_samples|lane_8_lane_flow|lane_8_lane_occupancy|lane_8_lane_speed|lane_8_lane_observed,0,PASS
d07_text_station_5min_2026_07_29.txt.gz,2026-07-29,"{""52"": 300}",300,0,52|timestamp|station|district|freeway|direction|lane_type|station_length|samples|percent_observed|total_flow|avg_occupancy|avg_speed|lane_1_lane_samples|lane_1_lane_flow|lane_1_lane_occupancy|lane_1_lane_speed|lane_1_lane_observed|lane_2_lane_samples|lane_2_lane_flow|lane_2_lane_occupancy|lane_2_lane_speed|lane_2_lane_observed|lane_3_lane_samples|lane_3_lane_flow|lane_3_lane_occupancy|lane_3_lane_speed|lane_3_lane_observed|lane_4_lane_samples|lane_4_lane_flow|lane_4_lane_occupancy|lane_4_lane_speed|lane_4_lane_observed|lane_5_lane_samples|lane_5_lane_flow|lane_5_lane_occupancy|lane_5_lane_speed|lane_5_lane_observed|lane_6_lane_samples|lane_6_lane_flow|lane_6_lane_occupancy|lane_6_lane_speed|lane_6_lane_observed|lane_7_lane_samples|lane_7_lane_flow|lane_7_lane_occupancy|lane_7_lane_speed|lane_7_lane_observed|lane_8_lane_samples|lane_8_lane_flow|lane_8_lane_occupancy|lane_8_lane_speed|lane_8_lane_observed,0,PASS
d07_text_station_5min_2026_07_30.txt.gz,2026-07-30,"{""52"": 300}",300,0,52|timestamp|station|district|freeway|direction|lane_type|station_length|samples|percent_observed|total_flow|avg_occupancy|avg_speed|lane_1_lane_samples|lane_1_lane_flow|lane_1_lane_occupancy|lane_1_lane_speed|lane_1_lane_observed|lane_2_lane_samples|lane_2_lane_flow|lane_2_lane_occupancy|lane_2_lane_speed|lane_2_lane_observed|lane_3_lane_samples|lane_3_lane_flow|lane_3_lane_occupancy|lane_3_lane_speed|lane_3_lane_observed|lane_4_lane_samples|lane_4_lane_flow|lane_4_lane_occupancy|lane_4_lane_speed|lane_4_lane_observed|lane_5_lane_samples|lane_5_lane_flow|lane_5_lane_occupancy|lane_5_lane_speed|lane_5_lane_observed|lane_6_lane_samples|lane_6_lane_flow|lane_6_lane_occupancy|lane_6_lane_speed|lane_6_lane_observed|lane_7_lane_samples|lane_7_lane_flow|lane_7_lane_occupancy|lane_7_lane_speed|lane_7_lane_observed|lane_8_lane_samples|lane_8_lane_flow|lane_8_lane_occupancy|lane_8_lane_speed|lane_8_lane_observed,0,PASS
d07_text_station_5min_2026_07_31.txt.gz,2026-07-31,"{""52"": 300}",300,0,52|timestamp|station|district|freeway|direction|lane_type|station_length|samples|percent_observed|total_flow|avg_occupancy|avg_speed|lane_1_lane_samples|lane_1_lane_flow|lane_1_lane_occupancy|lane_1_lane_speed|lane_1_lane_observed|lane_2_lane_samples|lane_2_lane_flow|lane_2_lane_occupancy|lane_2_lane_speed|lane_2_lane_observed|lane_3_lane_samples|lane_3_lane_flow|lane_3_lane_occupancy|lane_3_lane_speed|lane_3_lane_observed|lane_4_lane_samples|lane_4_lane_flow|lane_4_lane_occupancy|lane_4_lane_speed|lane_4_lane_observed|lane_5_lane_samples|lane_5_lane_flow|lane_5_lane_occupancy|lane_5_lane_speed|lane_5_lane_observed|lane_6_lane_samples|lane_6_lane_flow|lane_6_lane_occupancy|lane_6_lane_speed|lane_6_lane_observed|lane_7_lane_samples|lane_7_lane_flow|lane_7_lane_occupancy|lane_7_lane_speed|lane_7_lane_observed|lane_8_lane_samples|lane_8_lane_flow|lane_8_lane_occupancy|lane_8_lane_speed|lane_8_lane_observed,0,PASS
d07_text_station_5min_2026_08_01.txt.gz,2026-08-01,"{""52"": 300}",300,0,52|timestamp|station|district|freeway|direction|lane_type|station_length|samples|percent_observed|total_flow|avg_occupancy|avg_speed|lane_1_lane_samples|lane_1_lane_flow|lane_1_lane_occupancy|lane_1_lane_speed|lane_1_lane_observed|lane_2_lane_samples|lane_2_lane_flow|lane_2_lane_occupancy|lane_2_lane_speed|lane_2_lane_observed|lane_3_lane_samples|lane_3_lane_flow|lane_3_lane_occupancy|lane_3_lane_speed|lane_3_lane_observed|lane_4_lane_samples|lane_4_lane_flow|lane_4_lane_occupancy|lane_4_lane_speed|lane_4_lane_observed|lane_5_lane_samples|lane_5_lane_flow|lane_5_lane_occupancy|lane_5_lane_speed|lane_5_lane_observed|lane_6_lane_samples|lane_6_lane_flow|lane_6_lane_occupancy|lane_6_lane_speed|lane_6_lane_observed|lane_7_lane_samples|lane_7_lane_flow|lane_7_lane_occupancy|lane_7_lane_speed|lane_7_lane_observed|lane_8_lane_samples|lane_8_lane_flow|lane_8_lane_occupancy|lane_8_lane_speed|lane_8_lane_observed,0,PASS
d07_text_station_5min_2026_08_02.txt.gz,2026-08-02,"{""52"": 300}",300,0,52|timestamp|station|district|freeway|direction|lane_type|station_length|samples|percent_observed|total_flow|avg_occupancy|avg_speed|lane_1_lane_samples|lane_1_lane_flow|lane_1_lane_occupancy|lane_1_lane_speed|lane_1_lane_observed|lane_2_lane_samples|lane_2_lane_flow|lane_2_lane_occupancy|lane_2_lane_speed|lane_2_lane_observed|lane_3_lane_samples|lane_3_lane_flow|lane_3_lane_occupancy|lane_3_lane_speed|lane_3_lane_observed|lane_4_lane_samples|lane_4_lane_flow|lane_4_lane_occupancy|lane_4_lane_speed|lane_4_lane_observed|lane_5_lane_samples|lane_5_lane_flow|lane_5_lane_occupancy|lane_5_lane_speed|lane_5_lane_observed|lane_6_lane_samples|lane_6_lane_flow|lane_6_lane_occupancy|lane_6_lane_speed|lane_6_lane_observed|lane_7_lane_samples|lane_7_lane_flow|lane_7_lane_occupancy|lane_7_lane_speed|lane_7_lane_observed|lane_8_lane_samples|lane_8_lane_flow|lane_8_lane_occupancy|lane_8_lane_speed|lane_8_lane_observed,0,PASS
d07_text_station_5min_2026_08_03.txt.gz,2026-08-03,"{""52"": 300}",300,0,52|timestamp|station|district|freeway|direction|lane_type|station_length|samples|percent_observed|total_flow|avg_occupancy|avg_speed|lane_1_lane_samples|lane_1_lane_flow|lane_1_lane_occupancy|lane_1_lane_speed|lane_1_lane_observed|lane_2_lane_samples|lane_2_lane_flow|lane_2_lane_occupancy|lane_2_lane_speed|lane_2_lane_observed|lane_3_lane_samples|lane_3_lane_flow|lane_3_lane_occupancy|lane_3_lane_speed|lane_3_lane_observed|lane_4_lane_samples|lane_4_lane_flow|lane_4_lane_occupancy|lane_4_lane_speed|lane_4_lane_observed|lane_5_lane_samples|lane_5_lane_flow|lane_5_lane_occupancy|lane_5_lane_speed|lane_5_lane_observed|lane_6_lane_samples|lane_6_lane_flow|lane_6_lane_occupancy|lane_6_lane_speed|lane_6_lane_observed|lane_7_lane_samples|lane_7_lane_flow|lane_7_lane_occupancy|lane_7_lane_speed|lane_7_lane_observed|lane_8_lane_samples|lane_8_lane_flow|lane_8_lane_occupancy|lane_8_lane_speed|lane_8_lane_observed,0,PASS
d07_text_station_5min_2026_08_04.txt.gz,2026-08-04,"{""52"": 300}",300,0,52|timestamp|station|district|freeway|direction|lane_type|station_length|samples|percent_observed|total_flow|avg_occupancy|avg_speed|lane_1_lane_samples|lane_1_lane_flow|lane_1_lane_occupancy|lane_1_lane_speed|lane_1_lane_observed|lane_2_lane_samples|lane_2_lane_flow|lane_2_lane_occupancy|lane_2_lane_speed|lane_2_lane_observed|lane_3_lane_samples|lane_3_lane_flow|lane_3_lane_occupancy|lane_3_lane_speed|lane_3_lane_observed|lane_4_lane_samples|lane_4_lane_flow|lane_4_lane_occupancy|lane_4_lane_speed|lane_4_lane_observed|lane_5_lane_samples|lane_5_lane_flow|lane_5_lane_occupancy|lane_5_lane_speed|lane_5_lane_observed|lane_6_lane_samples|lane_6_lane_flow|lane_6_lane_occupancy|lane_6_lane_speed|lane_6_lane_observed|lane_7_lane_samples|lane_7_lane_flow|lane_7_lane_occupancy|lane_7_lane_speed|lane_7_lane_observed|lane_8_lane_samples|lane_8_lane_flow|lane_8_lane_occupancy|lane_8_lane_speed|lane_8_lane_observed,0,PASS
d07_text_station_5min_2026_08_05.txt.gz,2026-08-05,"{""52"": 300}",300,0,52|timestamp|station|district|freeway|direction|lane_type|station_length|samples|percent_observed|total_flow|avg_occupancy|avg_speed|lane_1_lane_samples|lane_1_lane_flow|lane_1_lane_occupancy|lane_1_lane_speed|lane_1_lane_observed|lane_2_lane_samples|lane_2_lane_flow|lane_2_lane_occupancy|lane_2_lane_speed|lane_2_lane_observed|lane_3_lane_samples|lane_3_lane_flow|lane_3_lane_occupancy|lane_3_lane_speed|lane_3_lane_observed|lane_4_lane_samples|lane_4_lane_flow|lane_4_lane_occupancy|lane_4_lane_speed|lane_4_lane_observed|lane_5_lane_samples|lane_5_lane_flow|lane_5_lane_occupancy|lane_5_lane_speed|lane_5_lane_observed|lane_6_lane_samples|lane_6_lane_flow|lane_6_lane_occupancy|lane_6_lane_speed|lane_6_lane_observed|lane_7_lane_samples|lane_7_lane_flow|lane_7_lane_occupancy|lane_7_lane_speed|lane_7_lane_observed|lane_8_lane_samples|lane_8_lane_flow|lane_8_lane_occupancy|lane_8_lane_speed|lane_8_lane_observed,0,PASS
d07_text_station_5min_2026_08_06.txt.gz,2026-08-06,"{""52"": 300}",300,0,52|timestamp|station|district|freeway|direction|lane_type|station_length|samples|percent_observed|total_flow|avg_occupancy|avg_speed|lane_1_lane_samples|lane_1_lane_flow|lane_1_lane_occupancy|lane_1_lane_speed|lane_1_lane_observed|lane_2_lane_samples|lane_2_lane_flow|lane_2_lane_occupancy|lane_2_lane_speed|lane_2_lane_observed|lane_3_lane_samples|lane_3_lane_flow|lane_3_lane_occupancy|lane_3_lane_speed|lane_3_lane_observed|lane_4_lane_samples|lane_4_lane_flow|lane_4_lane_occupancy|lane_4_lane_speed|lane_4_lane_observed|lane_5_lane_samples|lane_5_lane_flow|lane_5_lane_occupancy|lane_5_lane_speed|lane_5_lane_observed|lane_6_lane_samples|lane_6_lane_flow|lane_6_lane_occupancy|lane_6_lane_speed|lane_6_lane_observed|lane_7_lane_samples|lane_7_lane_flow|lane_7_lane_occupancy|lane_7_lane_speed|lane_7_lane_observed|lane_8_lane_samples|lane_8_lane_flow|lane_8_lane_occupancy|lane_8_lane_speed|lane_8_lane_observed,0,PASS
d07_text_station_5min_2026_08_07.txt.gz,2026-08-07,"{""52"": 300}",300,0,52|timestamp|station|district|freeway|direction|lane_type|station_length|samples|percent_observed|total_flow|avg_occupancy|avg_speed|lane_1_lane_samples|lane_1_lane_flow|lane_1_lane_occupancy|lane_1_lane_speed|lane_1_lane_observed|lane_2_lane_samples|lane_2_lane_flow|lane_2_lane_occupancy|lane_2_lane_speed|lane_2_lane_observed|lane_3_lane_samples|lane_3_lane_flow|lane_3_lane_occupancy|lane_3_lane_speed|lane_3_lane_observed|lane_4_lane_samples|lane_4_lane_flow|lane_4_lane_occupancy|lane_4_lane_speed|lane_4_lane_observed|lane_5_lane_samples|lane_5_lane_flow|lane_5_lane_occupancy|lane_5_lane_speed|lane_5_lane_observed|lane_6_lane_samples|lane_6_lane_flow|lane_6_lane_occupancy|lane_6_lane_speed|lane_6_lane_observed|lane_7_lane_samples|lane_7_lane_flow|lane_7_lane_occupancy|lane_7_lane_speed|lane_7_lane_observed|lane_8_lane_samples|lane_8_lane_flow|lane_8_lane_occupancy|lane_8_lane_speed|lane_8_lane_observed,0,PASS
d07_text_station_5min_2026_08_08.txt.gz,2026-08-08,"{""52"": 300}",300,0,52|timestamp|station|district|freeway|direction|lane_type|station_length|samples|percent_observed|total_flow|avg_occupancy|avg_speed|lane_1_lane_samples|lane_1_lane_flow|lane_1_lane_occupancy|lane_1_lane_speed|lane_1_lane_observed|lane_2_lane_samples|lane_2_lane_flow|lane_2_lane_occupancy|lane_2_lane_speed|lane_2_lane_observed|lane_3_lane_samples|lane_3_lane_flow|lane_3_lane_occupancy|lane_3_lane_speed|lane_3_lane_observed|lane_4_lane_samples|lane_4_lane_flow|lane_4_lane_occupancy|lane_4_lane_speed|lane_4_lane_observed|lane_5_lane_samples|lane_5_lane_flow|lane_5_lane_occupancy|lane_5_lane_speed|lane_5_lane_observed|lane_6_lane_samples|lane_6_lane_flow|lane_6_lane_occupancy|lane_6_lane_speed|lane_6_lane_observed|lane_7_lane_samples|lane_7_lane_flow|lane_7_lane_occupancy|lane_7_lane_speed|lane_7_lane_observed|lane_8_lane_samples|lane_8_lane_flow|lane_8_lane_occupancy|lane_8_lane_speed|lane_8_lane_observed,0,PASS
d07_text_station_5min_2026_08_09.txt.gz,2026-08-09,"{""52"": 300}",300,0,52|timestamp|station|district|freeway|direction|lane_type|station_length|samples|percent_observed|total_flow|avg_occupancy|avg_speed|lane_1_lane_samples|lane_1_lane_flow|lane_1_lane_occupancy|lane_1_lane_speed|lane_1_lane_observed|lane_2_lane_samples|lane_2_lane_flow|lane_2_lane_occupancy|lane_2_lane_speed|lane_2_lane_observed|lane_3_lane_samples|lane_3_lane_flow|lane_3_lane_occupancy|lane_3_lane_speed|lane_3_lane_observed|lane_4_lane_samples|lane_4_lane_flow|lane_4_lane_occupancy|lane_4_lane_speed|lane_4_lane_observed|lane_5_lane_samples|lane_5_lane_flow|lane_5_lane_occupancy|lane_5_lane_speed|lane_5_lane_observed|lane_6_lane_samples|lane_6_lane_flow|lane_6_lane_occupancy|lane_6_lane_speed|lane_6_lane_observed|lane_7_lane_samples|lane_7_lane_flow|lane_7_lane_occupancy|lane_7_lane_speed|lane_7_lane_observed|lane_8_lane_samples|lane_8_lane_flow|lane_8_lane_occupancy|lane_8_lane_speed|lane_8_lane_observed,0,PASS
d07_text_station_5min_2026_08_10.txt.gz,2026-08-10,"{""52"": 300}",300,0,52|timestamp|station|district|freeway|direction|lane_type|station_length|samples|percent_observed|total_flow|avg_occupancy|avg_speed|lane_1_lane_samples|lane_1_lane_flow|lane_1_lane_occupancy|lane_1_lane_speed|lane_1_lane_observed|lane_2_lane_samples|lane_2_lane_flow|lane_2_lane_occupancy|lane_2_lane_speed|lane_2_lane_observed|lane_3_lane_samples|lane_3_lane_flow|lane_3_lane_occupancy|lane_3_lane_speed|lane_3_lane_observed|lane_4_lane_samples|lane_4_lane_flow|lane_4_lane_occupancy|lane_4_lane_speed|lane_4_lane_observed|lane_5_lane_samples|lane_5_lane_flow|lane_5_lane_occupancy|lane_5_lane_speed|lane_5_lane_observed|lane_6_lane_samples|lane_6_lane_flow|lane_6_lane_occupancy|lane_6_lane_speed|lane_6_lane_observed|lane_7_lane_samples|lane_7_lane_flow|lane_7_lane_occupancy|lane_7_lane_speed|lane_7_lane_observed|lane_8_lane_samples|lane_8_lane_flow|lane_8_lane_occupancy|lane_8_lane_speed|lane_8_lane_observed,0,PASS
d07_text_station_5min_2026_08_11.txt.gz,2026-08-11,"{""52"": 300}",300,0,52|timestamp|station|district|freeway|direction|lane_type|station_length|samples|percent_observed|total_flow|avg_occupancy|avg_speed|lane_1_lane_samples|lane_1_lane_flow|lane_1_lane_occupancy|lane_1_lane_speed|lane_1_lane_observed|lane_2_lane_samples|lane_2_lane_flow|lane_2_lane_occupancy|lane_2_lane_speed|lane_2_lane_observed|lane_3_lane_samples|lane_3_lane_flow|lane_3_lane_occupancy|lane_3_lane_speed|lane_3_lane_observed|lane_4_lane_samples|lane_4_lane_flow|lane_4_lane_occupancy|lane_4_lane_speed|lane_4_lane_observed|lane_5_lane_samples|lane_5_lane_flow|lane_5_lane_occupancy|lane_5_lane_speed|lane_5_lane_observed|lane_6_lane_samples|lane_6_lane_flow|lane_6_lane_occupancy|lane_6_lane_speed|lane_6_lane_observed|lane_7_lane_samples|lane_7_lane_flow|lane_7_lane_occupancy|lane_7_lane_speed|lane_7_lane_observed|lane_8_lane_samples|lane_8_lane_flow|lane_8_lane_occupancy|lane_8_lane_speed|lane_8_lane_observed,0,PASS
d07_text_station_5min_2026_08_12.txt.gz,2026-08-12,"{""52"": 300}",300,0,52|timestamp|station|district|freeway|direction|lane_type|station_length|samples|percent_observed|total_flow|avg_occupancy|avg_speed|lane_1_lane_samples|lane_1_lane_flow|lane_1_lane_occupancy|lane_1_lane_speed|lane_1_lane_observed|lane_2_lane_samples|lane_2_lane_flow|lane_2_lane_occupancy|lane_2_lane_speed|lane_2_lane_observed|lane_3_lane_samples|lane_3_lane_flow|lane_3_lane_occupancy|lane_3_lane_speed|lane_3_lane_observed|lane_4_lane_samples|lane_4_lane_flow|lane_4_lane_occupancy|lane_4_lane_speed|lane_4_lane_observed|lane_5_lane_samples|lane_5_lane_flow|lane_5_lane_occupancy|lane_5_lane_speed|lane_5_lane_observed|lane_6_lane_samples|lane_6_lane_flow|lane_6_lane_occupancy|lane_6_lane_speed|lane_6_lane_observed|lane_7_lane_samples|lane_7_lane_flow|lane_7_lane_occupancy|lane_7_lane_speed|lane_7_lane_observed|lane_8_lane_samples|lane_8_lane_flow|lane_8_lane_occupancy|lane_8_lane_speed|lane_8_lane_observed,0,PASS
d07_text_station_5min_2026_08_13.txt.gz,2026-08-13,"{""52"": 300}",300,0,52|timestamp|station|district|freeway|direction|lane_type|station_length|samples|percent_observed|total_flow|avg_occupancy|avg_speed|lane_1_lane_samples|lane_1_lane_flow|lane_1_lane_occupancy|lane_1_lane_speed|lane_1_lane_observed|lane_2_lane_samples|lane_2_lane_flow|lane_2_lane_occupancy|lane_2_lane_speed|lane_2_lane_observed|lane_3_lane_samples|lane_3_lane_flow|lane_3_lane_occupancy|lane_3_lane_speed|lane_3_lane_observed|lane_4_lane_samples|lane_4_lane_flow|lane_4_lane_occupancy|lane_4_lane_speed|lane_4_lane_observed|lane_5_lane_samples|lane_5_lane_flow|lane_5_lane_occupancy|lane_5_lane_speed|lane_5_lane_observed|lane_6_lane_samples|lane_6_lane_flow|lane_6_lane_occupancy|lane_6_lane_speed|lane_6_lane_observed|lane_7_lane_samples|lane_7_lane_flow|lane_7_lane_occupancy|lane_7_lane_speed|lane_7_lane_observed|lane_8_lane_samples|lane_8_lane_flow|lane_8_lane_occupancy|lane_8_lane_speed|lane_8_lane_observed,0,PASS
d07_text_station_5min_2026_08_14.txt.gz,2026-08-14,"{""52"": 300}",300,0,52|timestamp|station|district|freeway|direction|lane_type|station_length|samples|percent_observed|total_flow|avg_occupancy|avg_speed|lane_1_lane_samples|lane_1_lane_flow|lane_1_lane_occupancy|lane_1_lane_speed|lane_1_lane_observed|lane_2_lane_samples|lane_2_lane_flow|lane_2_lane_occupancy|lane_2_lane_speed|lane_2_lane_observed|lane_3_lane_samples|lane_3_lane_flow|lane_3_lane_occupancy|lane_3_lane_speed|lane_3_lane_observed|lane_4_lane_samples|lane_4_lane_flow|lane_4_lane_occupancy|lane_4_lane_speed|lane_4_lane_observed|lane_5_lane_samples|lane_5_lane_flow|lane_5_lane_occupancy|lane_5_lane_speed|lane_5_lane_observed|lane_6_lane_samples|lane_6_lane_flow|lane_6_lane_occupancy|lane_6_lane_speed|lane_6_lane_observed|lane_7_lane_samples|lane_7_lane_flow|lane_7_lane_occupancy|lane_7_lane_speed|lane_7_lane_observed|lane_8_lane_samples|lane_8_lane_flow|lane_8_lane_occupancy|lane_8_lane_speed|lane_8_lane_observed,0,PASS
d07_text_station_5min_2026_08_15.txt.gz,2026-08-15,"{""52"": 300}",300,0,52|timestamp|station|district|freeway|direction|lane_type|station_length|samples|percent_observed|total_flow|avg_occupancy|avg_speed|lane_1_lane_samples|lane_1_lane_flow|lane_1_lane_occupancy|lane_1_lane_speed|lane_1_lane_observed|lane_2_lane_samples|lane_2_lane_flow|lane_2_lane_occupancy|lane_2_lane_speed|lane_2_lane_observed|lane_3_lane_samples|lane_3_lane_flow|lane_3_lane_occupancy|lane_3_lane_speed|lane_3_lane_observed|lane_4_lane_samples|lane_4_lane_flow|lane_4_lane_occupancy|lane_4_lane_speed|lane_4_lane_observed|lane_5_lane_samples|lane_5_lane_flow|lane_5_lane_occupancy|lane_5_lane_speed|lane_5_lane_observed|lane_6_lane_samples|lane_6_lane_flow|lane_6_lane_occupancy|lane_6_lane_speed|lane_6_lane_observed|lane_7_lane_samples|lane_7_lane_flow|lane_7_lane_occupancy|lane_7_lane_speed|lane_7_lane_observed|lane_8_lane_samples|lane_8_lane_flow|lane_8_lane_occupancy|lane_8_lane_speed|lane_8_lane_observed,0,PASS
d07_text_station_5min_2026_08_16.txt.gz,2026-08-16,"{""52"": 300}",300,0,52|timestamp|station|district|freeway|direction|lane_type|station_length|samples|percent_observed|total_flow|avg_occupancy|avg_speed|lane_1_lane_samples|lane_1_lane_flow|lane_1_lane_occupancy|lane_1_lane_speed|lane_1_lane_observed|lane_2_lane_samples|lane_2_lane_flow|lane_2_lane_occupancy|lane_2_lane_speed|lane_2_lane_observed|lane_3_lane_samples|lane_3_lane_flow|lane_3_lane_occupancy|lane_3_lane_speed|lane_3_lane_observed|lane_4_lane_samples|lane_4_lane_flow|lane_4_lane_occupancy|lane_4_lane_speed|lane_4_lane_observed|lane_5_lane_samples|lane_5_lane_flow|lane_5_lane_occupancy|lane_5_lane_speed|lane_5_lane_observed|lane_6_lane_samples|lane_6_lane_flow|lane_6_lane_occupancy|lane_6_lane_speed|lane_6_lane_observed|lane_7_lane_samples|lane_7_lane_flow|lane_7_lane_occupancy|lane_7_lane_speed|lane_7_lane_observed|lane_8_lane_samples|lane_8_lane_flow|lane_8_lane_occupancy|lane_8_lane_speed|lane_8_lane_observed,0,PASS
d07_text_station_5min_2026_08_18.txt.gz,2026-08-18,"{""52"": 300}",300,0,52|timestamp|station|district|freeway|direction|lane_type|station_length|samples|percent_observed|total_flow|avg_occupancy|avg_speed|lane_1_lane_samples|lane_1_lane_flow|lane_1_lane_occupancy|lane_1_lane_speed|lane_1_lane_observed|lane_2_lane_samples|lane_2_lane_flow|lane_2_lane_occupancy|lane_2_lane_speed|lane_2_lane_observed|lane_3_lane_samples|lane_3_lane_flow|lane_3_lane_occupancy|lane_3_lane_speed|lane_3_lane_observed|lane_4_lane_samples|lane_4_lane_flow|lane_4_lane_occupancy|lane_4_lane_speed|lane_4_lane_observed|lane_5_lane_samples|lane_5_lane_flow|lane_5_lane_occupancy|lane_5_lane_speed|lane_5_lane_observed|lane_6_lane_samples|lane_6_lane_flow|lane_6_lane_occupancy|lane_6_lane_speed|lane_6_lane_observed|lane_7_lane_samples|lane_7_lane_flow|lane_7_lane_occupancy|lane_7_lane_speed|lane_7_lane_observed|lane_8_lane_samples|lane_8_lane_flow|lane_8_lane_occupancy|lane_8_lane_speed|lane_8_lane_observed,0,PASS
d07_text_station_5min_2026_08_19.txt.gz,2026-08-19,"{""52"": 300}",300,0,52|timestamp|station|district|freeway|direction|lane_type|station_length|samples|percent_observed|total_flow|avg_occupancy|avg_speed|lane_1_lane_samples|lane_1_lane_flow|lane_1_lane_occupancy|lane_1_lane_speed|lane_1_lane_observed|lane_2_lane_samples|lane_2_lane_flow|lane_2_lane_occupancy|lane_2_lane_speed|lane_2_lane_observed|lane_3_lane_samples|lane_3_lane_flow|lane_3_lane_occupancy|lane_3_lane_speed|lane_3_lane_observed|lane_4_lane_samples|lane_4_lane_flow|lane_4_lane_occupancy|lane_4_lane_speed|lane_4_lane_observed|lane_5_lane_samples|lane_5_lane_flow|lane_5_lane_occupancy|lane_5_lane_speed|lane_5_lane_observed|lane_6_lane_samples|lane_6_lane_flow|lane_6_lane_occupancy|lane_6_lane_speed|lane_6_lane_observed|lane_7_lane_samples|lane_7_lane_flow|lane_7_lane_occupancy|lane_7_lane_speed|lane_7_lane_observed|lane_8_lane_samples|lane_8_lane_flow|lane_8_lane_occupancy|lane_8_lane_speed|lane_8_lane_observed,0,PASS
d07_text_station_5min_2026_08_20.txt.gz,2026-08-20,"{""52"": 300}",300,0,52|timestamp|station|district|freeway|direction|lane_type|station_length|samples|percent_observed|total_flow|avg_occupancy|avg_speed|lane_1_lane_samples|lane_1_lane_flow|lane_1_lane_occupancy|lane_1_lane_speed|lane_1_lane_observed|lane_2_lane_samples|lane_2_lane_flow|lane_2_lane_occupancy|lane_2_lane_speed|lane_2_lane_observed|lane_3_lane_samples|lane_3_lane_flow|lane_3_lane_occupancy|lane_3_lane_speed|lane_3_lane_observed|lane_4_lane_samples|lane_4_lane_flow|lane_4_lane_occupancy|lane_4_lane_speed|lane_4_lane_observed|lane_5_lane_samples|lane_5_lane_flow|lane_5_lane_occupancy|lane_5_lane_speed|lane_5_lane_observed|lane_6_lane_samples|lane_6_lane_flow|lane_6_lane_occupancy|lane_6_lane_speed|lane_6_lane_observed|lane_7_lane_samples|lane_7_lane_flow|lane_7_lane_occupancy|lane_7_lane_speed|lane_7_lane_observed|lane_8_lane_samples|lane_8_lane_flow|lane_8_lane_occupancy|lane_8_lane_speed|lane_8_lane_observed,0,PASS
d07_text_station_5min_2026_08_21.txt.gz,2026-08-21,"{""52"": 300}",300,0,52|timestamp|station|district|freeway|direction|lane_type|station_length|samples|percent_observed|total_flow|avg_occupancy|avg_speed|lane_1_lane_samples|lane_1_lane_flow|lane_1_lane_occupancy|lane_1_lane_speed|lane_1_lane_observed|lane_2_lane_samples|lane_2_lane_flow|lane_2_lane_occupancy|lane_2_lane_speed|lane_2_lane_observed|lane_3_lane_samples|lane_3_lane_flow|lane_3_lane_occupancy|lane_3_lane_speed|lane_3_lane_observed|lane_4_lane_samples|lane_4_lane_flow|lane_4_lane_occupancy|lane_4_lane_speed|lane_4_lane_observed|lane_5_lane_samples|lane_5_lane_flow|lane_5_lane_occupancy|lane_5_lane_speed|lane_5_lane_observed|lane_6_lane_samples|lane_6_lane_flow|lane_6_lane_occupancy|lane_6_lane_speed|lane_6_lane_observed|lane_7_lane_samples|lane_7_lane_flow|lane_7_lane_occupancy|lane_7_lane_speed|lane_7_lane_observed|lane_8_lane_samples|lane_8_lane_flow|lane_8_lane_occupancy|lane_8_lane_speed|lane_8_lane_observed,0,PASS
d07_text_station_5min_2026_08_22.txt.gz,2026-08-22,"{""52"": 300}",300,0,52|timestamp|station|district|freeway|direction|lane_type|station_length|samples|percent_observed|total_flow|avg_occupancy|avg_speed|lane_1_lane_samples|lane_1_lane_flow|lane_1_lane_occupancy|lane_1_lane_speed|lane_1_lane_observed|lane_2_lane_samples|lane_2_lane_flow|lane_2_lane_occupancy|lane_2_lane_speed|lane_2_lane_observed|lane_3_lane_samples|lane_3_lane_flow|lane_3_lane_occupancy|lane_3_lane_speed|lane_3_lane_observed|lane_4_lane_samples|lane_4_lane_flow|lane_4_lane_occupancy|lane_4_lane_speed|lane_4_lane_observed|lane_5_lane_samples|lane_5_lane_flow|lane_5_lane_occupancy|lane_5_lane_speed|lane_5_lane_observed|lane_6_lane_samples|lane_6_lane_flow|lane_6_lane_occupancy|lane_6_lane_speed|lane_6_lane_observed|lane_7_lane_samples|lane_7_lane_flow|lane_7_lane_occupancy|lane_7_lane_speed|lane_7_lane_observed|lane_8_lane_samples|lane_8_lane_flow|lane_8_lane_occupancy|lane_8_lane_speed|lane_8_lane_observed,0,PASS
d07_text_station_5min_2026_08_23 (1).txt.gz,,"{""52"": 300}",300,0,52|timestamp|station|district|freeway|direction|lane_type|station_length|samples|percent_observed|total_flow|avg_occupancy|avg_speed|lane_1_lane_samples|lane_1_lane_flow|lane_1_lane_occupancy|lane_1_lane_speed|lane_1_lane_observed|lane_2_lane_samples|lane_2_lane_flow|lane_2_lane_occupancy|lane_2_lane_speed|lane_2_lane_observed|lane_3_lane_samples|lane_3_lane_flow|lane_3_lane_occupancy|lane_3_lane_speed|lane_3_lane_observed|lane_4_lane_samples|lane_4_lane_flow|lane_4_lane_occupancy|lane_4_lane_speed|lane_4_lane_observed|lane_5_lane_samples|lane_5_lane_flow|lane_5_lane_occupancy|lane_5_lane_speed|lane_5_lane_observed|lane_6_lane_samples|lane_6_lane_flow|lane_6_lane_occupancy|lane_6_lane_speed|lane_6_lane_observed|lane_7_lane_samples|lane_7_lane_flow|lane_7_lane_occupancy|lane_7_lane_speed|lane_7_lane_observed|lane_8_lane_samples|lane_8_lane_flow|lane_8_lane_occupancy|lane_8_lane_speed|lane_8_lane_observed,,INVALID_FILENAME
d07_text_station_5min_2026_08_23.txt.gz,2026-08-23,"{""52"": 300}",300,0,52|timestamp|station|district|freeway|direction|lane_type|station_length|samples|percent_observed|total_flow|avg_occupancy|avg_speed|lane_1_lane_samples|lane_1_lane_flow|lane_1_lane_occupancy|lane_1_lane_speed|lane_1_lane_observed|lane_2_lane_samples|lane_2_lane_flow|lane_2_lane_occupancy|lane_2_lane_speed|lane_2_lane_observed|lane_3_lane_samples|lane_3_lane_flow|lane_3_lane_occupancy|lane_3_lane_speed|lane_3_lane_observed|lane_4_lane_samples|lane_4_lane_flow|lane_4_lane_occupancy|lane_4_lane_speed|lane_4_lane_observed|lane_5_lane_samples|lane_5_lane_flow|lane_5_lane_occupancy|lane_5_lane_speed|lane_5_lane_observed|lane_6_lane_samples|lane_6_lane_flow|lane_6_lane_occupancy|lane_6_lane_speed|lane_6_lane_observed|lane_7_lane_samples|lane_7_lane_flow|lane_7_lane_occupancy|lane_7_lane_speed|lane_7_lane_observed|lane_8_lane_samples|lane_8_lane_flow|lane_8_lane_occupancy|lane_8_lane_speed|lane_8_lane_observed,0,PASS
d07_text_station_5min_2026_08_24 (1).txt.gz,,"{""52"": 300}",300,0,52|timestamp|station|district|freeway|direction|lane_type|station_length|samples|percent_observed|total_flow|avg_occupancy|avg_speed|lane_1_lane_samples|lane_1_lane_flow|lane_1_lane_occupancy|lane_1_lane_speed|lane_1_lane_observed|lane_2_lane_samples|lane_2_lane_flow|lane_2_lane_occupancy|lane_2_lane_speed|lane_2_lane_observed|lane_3_lane_samples|lane_3_lane_flow|lane_3_lane_occupancy|lane_3_lane_speed|lane_3_lane_observed|lane_4_lane_samples|lane_4_lane_flow|lane_4_lane_occupancy|lane_4_lane_speed|lane_4_lane_observed|lane_5_lane_samples|lane_5_lane_flow|lane_5_lane_occupancy|lane_5_lane_speed|lane_5_lane_observed|lane_6_lane_samples|lane_6_lane_flow|lane_6_lane_occupancy|lane_6_lane_speed|lane_6_lane_observed|lane_7_lane_samples|lane_7_lane_flow|lane_7_lane_occupancy|lane_7_lane_speed|lane_7_lane_observed|lane_8_lane_samples|lane_8_lane_flow|lane_8_lane_occupancy|lane_8_lane_speed|lane_8_lane_observed,,INVALID_FILENAME
d07_text_station_5min_2026_08_24.txt.gz,2026-08-24,"{""52"": 300}",300,0,52|timestamp|station|district|freeway|direction|lane_type|station_length|samples|percent_observed|total_flow|avg_occupancy|avg_speed|lane_1_lane_samples|lane_1_lane_flow|lane_1_lane_occupancy|lane_1_lane_speed|lane_1_lane_observed|lane_2_lane_samples|lane_2_lane_flow|lane_2_lane_occupancy|lane_2_lane_speed|lane_2_lane_observed|lane_3_lane_samples|lane_3_lane_flow|lane_3_lane_occupancy|lane_3_lane_speed|lane_3_lane_observed|lane_4_lane_samples|lane_4_lane_flow|lane_4_lane_occupancy|lane_4_lane_speed|lane_4_lane_observed|lane_5_lane_samples|lane_5_lane_flow|lane_5_lane_occupancy|lane_5_lane_speed|lane_5_lane_observed|lane_6_lane_samples|lane_6_lane_flow|lane_6_lane_occupancy|lane_6_lane_speed|lane_6_lane_observed|lane_7_lane_samples|lane_7_lane_flow|lane_7_lane_occupancy|lane_7_lane_speed|lane_7_lane_observed|lane_8_lane_samples|lane_8_lane_flow|lane_8_lane_occupancy|lane_8_lane_speed|lane_8_lane_observed,0,PASS
d07_text_station_5min_2026_08_25.txt.gz,2026-08-25,"{""52"": 300}",300,0,52|timestamp|station|district|freeway|direction|lane_type|station_length|samples|percent_observed|total_flow|avg_occupancy|avg_speed|lane_1_lane_samples|lane_1_lane_flow|lane_1_lane_occupancy|lane_1_lane_speed|lane_1_lane_observed|lane_2_lane_samples|lane_2_lane_flow|lane_2_lane_occupancy|lane_2_lane_speed|lane_2_lane_observed|lane_3_lane_samples|lane_3_lane_flow|lane_3_lane_occupancy|lane_3_lane_speed|lane_3_lane_observed|lane_4_lane_samples|lane_4_lane_flow|lane_4_lane_occupancy|lane_4_lane_speed|lane_4_lane_observed|lane_5_lane_samples|lane_5_lane_flow|lane_5_lane_occupancy|lane_5_lane_speed|lane_5_lane_observed|lane_6_lane_samples|lane_6_lane_flow|lane_6_lane_occupancy|lane_6_lane_speed|lane_6_lane_observed|lane_7_lane_samples|lane_7_lane_flow|lane_7_lane_occupancy|lane_7_lane_speed|lane_7_lane_observed|lane_8_lane_samples|lane_8_lane_flow|lane_8_lane_occupancy|lane_8_lane_speed|lane_8_lane_observed,0,PASS
d07_text_station_5min_2026_08_27.txt.gz,2026-08-27,"{""52"": 300}",300,0,52|timestamp|station|district|freeway|direction|lane_type|station_length|samples|percent_observed|total_flow|avg_occupancy|avg_speed|lane_1_lane_samples|lane_1_lane_flow|lane_1_lane_occupancy|lane_1_lane_speed|lane_1_lane_observed|lane_2_lane_samples|lane_2_lane_flow|lane_2_lane_occupancy|lane_2_lane_speed|lane_2_lane_observed|lane_3_lane_samples|lane_3_lane_flow|lane_3_lane_occupancy|lane_3_lane_speed|lane_3_lane_observed|lane_4_lane_samples|lane_4_lane_flow|lane_4_lane_occupancy|lane_4_lane_speed|lane_4_lane_observed|lane_5_lane_samples|lane_5_lane_flow|lane_5_lane_occupancy|lane_5_lane_speed|lane_5_lane_observed|lane_6_lane_samples|lane_6_lane_flow|lane_6_lane_occupancy|lane_6_lane_speed|lane_6_lane_observed|lane_7_lane_samples|lane_7_lane_flow|lane_7_lane_occupancy|lane_7_lane_speed|lane_7_lane_observed|lane_8_lane_samples|lane_8_lane_flow|lane_8_lane_occupancy|lane_8_lane_speed|lane_8_lane_observed,0,PASS
d07_text_station_5min_2026_08_28.txt.gz,2026-08-28,"{""52"": 300}",300,0,52|timestamp|station|district|freeway|direction|lane_type|station_length|samples|percent_observed|total_flow|avg_occupancy|avg_speed|lane_1_lane_samples|lane_1_lane_flow|lane_1_lane_occupancy|lane_1_lane_speed|lane_1_lane_observed|lane_2_lane_samples|lane_2_lane_flow|lane_2_lane_occupancy|lane_2_lane_speed|lane_2_lane_observed|lane_3_lane_samples|lane_3_lane_flow|lane_3_lane_occupancy|lane_3_lane_speed|lane_3_lane_observed|lane_4_lane_samples|lane_4_lane_flow|lane_4_lane_occupancy|lane_4_lane_speed|lane_4_lane_observed|lane_5_lane_samples|lane_5_lane_flow|lane_5_lane_occupancy|lane_5_lane_speed|lane_5_lane_observed|lane_6_lane_samples|lane_6_lane_flow|lane_6_lane_occupancy|lane_6_lane_speed|lane_6_lane_observed|lane_7_lane_samples|lane_7_lane_flow|lane_7_lane_occupancy|lane_7_lane_speed|lane_7_lane_observed|lane_8_lane_samples|lane_8_lane_flow|lane_8_lane_occupancy|lane_8_lane_speed|lane_8_lane_observed,0,PASS
d07_text_station_5min_2026_08_29.txt.gz,2026-08-29,"{""52"": 300}",300,0,52|timestamp|station|district|freeway|direction|lane_type|station_length|samples|percent_observed|total_flow|avg_occupancy|avg_speed|lane_1_lane_samples|lane_1_lane_flow|lane_1_lane_occupancy|lane_1_lane_speed|lane_1_lane_observed|lane_2_lane_samples|lane_2_lane_flow|lane_2_lane_occupancy|lane_2_lane_speed|lane_2_lane_observed|lane_3_lane_samples|lane_3_lane_flow|lane_3_lane_occupancy|lane_3_lane_speed|lane_3_lane_observed|lane_4_lane_samples|lane_4_lane_flow|lane_4_lane_occupancy|lane_4_lane_speed|lane_4_lane_observed|lane_5_lane_samples|lane_5_lane_flow|lane_5_lane_occupancy|lane_5_lane_speed|lane_5_lane_observed|lane_6_lane_samples|lane_6_lane_flow|lane_6_lane_occupancy|lane_6_lane_speed|lane_6_lane_observed|lane_7_lane_samples|lane_7_lane_flow|lane_7_lane_occupancy|lane_7_lane_speed|lane_7_lane_observed|lane_8_lane_samples|lane_8_lane_flow|lane_8_lane_occupancy|lane_8_lane_speed|lane_8_lane_observed,0,PASS
d07_text_station_5min_2026_08_30.txt.gz,2026-08-30,"{""52"": 300}",300,0,52|timestamp|station|district|freeway|direction|lane_type|station_length|samples|percent_observed|total_flow|avg_occupancy|avg_speed|lane_1_lane_samples|lane_1_lane_flow|lane_1_lane_occupancy|lane_1_lane_speed|lane_1_lane_observed|lane_2_lane_samples|lane_2_lane_flow|lane_2_lane_occupancy|lane_2_lane_speed|lane_2_lane_observed|lane_3_lane_samples|lane_3_lane_flow|lane_3_lane_occupancy|lane_3_lane_speed|lane_3_lane_observed|lane_4_lane_samples|lane_4_lane_flow|lane_4_lane_occupancy|lane_4_lane_speed|lane_4_lane_observed|lane_5_lane_samples|lane_5_lane_flow|lane_5_lane_occupancy|lane_5_lane_speed|lane_5_lane_observed|lane_6_lane_samples|lane_6_lane_flow|lane_6_lane_occupancy|lane_6_lane_speed|lane_6_lane_observed|lane_7_lane_samples|lane_7_lane_flow|lane_7_lane_occupancy|lane_7_lane_speed|lane_7_lane_observed|lane_8_lane_samples|lane_8_lane_flow|lane_8_lane_occupancy|lane_8_lane_speed|lane_8_lane_observed,0,PASS
d07_text_station_5min_2026_08_31.txt.gz,2026-08-31,"{""52"": 300}",300,0,52|timestamp|station|district|freeway|direction|lane_type|station_length|samples|percent_observed|total_flow|avg_occupancy|avg_speed|lane_1_lane_samples|lane_1_lane_flow|lane_1_lane_occupancy|lane_1_lane_speed|lane_1_lane_observed|lane_2_lane_samples|lane_2_lane_flow|lane_2_lane_occupancy|lane_2_lane_speed|lane_2_lane_observed|lane_3_lane_samples|lane_3_lane_flow|lane_3_lane_occupancy|lane_3_lane_speed|lane_3_lane_observed|lane_4_lane_samples|lane_4_lane_flow|lane_4_lane_occupancy|lane_4_lane_speed|lane_4_lane_observed|lane_5_lane_samples|lane_5_lane_flow|lane_5_lane_occupancy|lane_5_lane_speed|lane_5_lane_observed|lane_6_lane_samples|lane_6_lane_flow|lane_6_lane_occupancy|lane_6_lane_speed|lane_6_lane_observed|lane_7_lane_samples|lane_7_lane_flow|lane_7_lane_occupancy|lane_7_lane_speed|lane_7_lane_observed|lane_8_lane_samples|lane_8_lane_flow|lane_8_lane_occupancy|lane_8_lane_speed|lane_8_lane_observed,0,PASS
