source_path,relative_path,filename,extension,size_bytes,size_mib,modified_time,sha256,likely_category,large_file,duplicate_candidate,review_required,notes
<SOURCE_ROOT>/Caltrans PeMS/00_DATA_AUDIT/00_README/README.md,Caltrans PeMS/00_DATA_AUDIT/00_README/README.md,README.md,.md,232,0.000221,2026-09-22T12:31:13,92fb7ea1a4f48e9f8bba260bad69d1d2447b6cd81d00e1183597e86202675979,01_raw_data,False,False,,
<SOURCE_ROOT>/Caltrans PeMS/00_DATA_AUDIT/01_FILE_INVENTORY/file_sha256_manifest.csv,Caltrans PeMS/00_DATA_AUDIT/01_FILE_INVENTORY/file_sha256_manifest.csv,file_sha256_manifest.csv,.csv,37405,0.035672,2026-09-22T13:15:03,76f0ff4e9a8e3b84da16326c175ee2bf180da309816b49a7839845c8601a32b5,01_raw_data,False,False,,
<SOURCE_ROOT>/Caltrans PeMS/00_DATA_AUDIT/01_FILE_INVENTORY/raw_file_inventory.csv,Caltrans PeMS/00_DATA_AUDIT/01_FILE_INVENTORY/raw_file_inventory.csv,raw_file_inventory.csv,.csv,75877,0.072362,2026-09-22T12:31:13,26c3b1873e3dfade98847b97d10267e0866842939678307a101a651baf7fc474,01_raw_data,False,False,,
<SOURCE_ROOT>/Caltrans PeMS/00_DATA_AUDIT/01_FILE_INVENTORY/raw_file_inventory.xlsx,Caltrans PeMS/00_DATA_AUDIT/01_FILE_INVENTORY/raw_file_inventory.xlsx,raw_file_inventory.xlsx,.xlsx,27976,0.02668,2026-09-22T12:56:13,e30674c02d2b8da57634ef1d6bbefc757978001fa1814a50f025e677df2be92e,01_raw_data,False,False,,
<SOURCE_ROOT>/Caltrans PeMS/00_DATA_AUDIT/01_FILE_INVENTORY/raw_file_inventory.xlsx.inspect.ndjson,Caltrans PeMS/00_DATA_AUDIT/01_FILE_INVENTORY/raw_file_inventory.xlsx.inspect.ndjson,raw_file_inventory.xlsx.inspect.ndjson,.ndjson,848801,0.80948,2026-09-22T12:56:13,74241c93faa608a305d2e9c1db62104e26dc19ee8ce40ea9840bc66d49a79889,01_raw_data,False,False,,
<SOURCE_ROOT>/Caltrans PeMS/00_DATA_AUDIT/02_GZIP_INTEGRITY/gzip_integrity_audit.csv,Caltrans PeMS/00_DATA_AUDIT/02_GZIP_INTEGRITY/gzip_integrity_audit.csv,gzip_integrity_audit.csv,.csv,21589,0.020589,2026-09-22T13:15:03,552d993d1e7e390c66ed538680653e149393a7fff50d0d0633fb458e0dbf2468,01_raw_data,False,False,,
<SOURCE_ROOT>/Caltrans PeMS/00_DATA_AUDIT/03_SCHEMA_AUDIT/schema_by_file.csv,Caltrans PeMS/00_DATA_AUDIT/03_SCHEMA_AUDIT/schema_by_file.csv,schema_by_file.csv,.csv,228675,0.218081,2026-09-22T12:53:30,10de461be5801e977cdcad5912984c8cd24ecdeae321bc10a257ab4fc1961e44,01_raw_data,False,False,,
<SOURCE_ROOT>/Caltrans PeMS/00_DATA_AUDIT/03_SCHEMA_AUDIT/schema_variation_report.md,Caltrans PeMS/00_DATA_AUDIT/03_SCHEMA_AUDIT/schema_variation_report.md,schema_variation_report.md,.md,137,0.000131,2026-09-22T12:53:30,be0e35ee270a554797a55b10308fa4b7c916857910a6e112f046647852023e6f,01_raw_data,False,False,,
<SOURCE_ROOT>/Caltrans PeMS/00_DATA_AUDIT/03_SCHEMA_AUDIT/station_5min_field_dictionary.csv,Caltrans PeMS/00_DATA_AUDIT/03_SCHEMA_AUDIT/station_5min_field_dictionary.csv,station_5min_field_dictionary.csv,.csv,8136,0.007759,2026-09-22T12:53:30,4a9d4920b63902aa24731ff95a658665fab24b6bf983072ec4ad1cf46a9f43fd,01_raw_data,False,False,,
<SOURCE_ROOT>/Caltrans PeMS/00_DATA_AUDIT/04_DATE_COMPLETENESS/date_completeness_by_month.csv,Caltrans PeMS/00_DATA_AUDIT/04_DATE_COMPLETENESS/date_completeness_by_month.csv,date_completeness_by_month.csv,.csv,413,0.000394,2026-09-22T13:15:03,c827ff94b85152cbc144f6aafe422f92a5085a462c6723f5a12d388cda0f9c17,01_raw_data,False,False,,
<SOURCE_ROOT>/Caltrans PeMS/00_DATA_AUDIT/05_TEMPORAL_QC/daily_temporal_summary.csv,Caltrans PeMS/00_DATA_AUDIT/05_TEMPORAL_QC/daily_temporal_summary.csv,daily_temporal_summary.csv,.csv,49909,0.047597,2026-09-22T12:53:30,badfb26698c75b27f46bc2ea241e420f1205654702b0598701a1822444855349,01_raw_data,False,False,,
<SOURCE_ROOT>/Caltrans PeMS/00_DATA_AUDIT/05_TEMPORAL_QC/dst_transition_audit.csv,Caltrans PeMS/00_DATA_AUDIT/05_TEMPORAL_QC/dst_transition_audit.csv,dst_transition_audit.csv,.csv,405,0.000386,2026-09-22T12:53:30,679d811cc483c3482b9dba852afb28fcea60fe654d425f8739e397d041e09951,01_raw_data,False,False,,
<SOURCE_ROOT>/Caltrans PeMS/00_DATA_AUDIT/05_TEMPORAL_QC/duplicate_station_timestamp.csv,Caltrans PeMS/00_DATA_AUDIT/05_TEMPORAL_QC/duplicate_station_timestamp.csv,duplicate_station_timestamp.csv,.csv,43,4.1e-05,2026-09-22T12:53:30,8e6179be9b6bb5317ef2a62cbebc0f115bddb374d18011d4b2703b7c39b6b37b,01_raw_data,False,False,,
<SOURCE_ROOT>/Caltrans PeMS/00_DATA_AUDIT/05_TEMPORAL_QC/station_temporal_completeness.csv,Caltrans PeMS/00_DATA_AUDIT/05_TEMPORAL_QC/station_temporal_completeness.csv,station_temporal_completeness.csv,.csv,133699,0.127505,2026-09-22T12:53:57,43603efef6797682da44ed3276b92848bfffa853d27f35282ceea9c0322dd11e,01_raw_data,False,False,,
<SOURCE_ROOT>/Caltrans PeMS/00_DATA_AUDIT/06_STATION_QC/daily_station_counts.csv,Caltrans PeMS/00_DATA_AUDIT/06_STATION_QC/daily_station_counts.csv,daily_station_counts.csv,.csv,10547,0.010058,2026-09-22T12:53:30,2c6650b9aad87e2a11729dc3e1c1b2e3ffff0cc344a2a675d3b1ccc2a6eacfcc,01_raw_data,False,False,,
<SOURCE_ROOT>/Caltrans PeMS/00_DATA_AUDIT/06_STATION_QC/district_distribution.csv,Caltrans PeMS/00_DATA_AUDIT/06_STATION_QC/district_distribution.csv,district_distribution.csv,.csv,48,4.6e-05,2026-09-22T12:53:30,f030f482d07e0db976115822f55e4ccb48d7994087b65d0450bd89ef07ed4790,01_raw_data,False,False,,
<SOURCE_ROOT>/Caltrans PeMS/00_DATA_AUDIT/06_STATION_QC/lane_type_distribution.csv,Caltrans PeMS/00_DATA_AUDIT/06_STATION_QC/lane_type_distribution.csv,lane_type_distribution.csv,.csv,206,0.000196,2026-09-22T12:53:30,d0a1ba860fc6df878cc19bc7216d344600181c63510835e961809135eea4c0c6,01_raw_data,False,False,,
<SOURCE_ROOT>/Caltrans PeMS/00_DATA_AUDIT/06_STATION_QC/largest_ml_station_count_changes.csv,Caltrans PeMS/00_DATA_AUDIT/06_STATION_QC/largest_ml_station_count_changes.csv,largest_ml_station_count_changes.csv,.csv,1059,0.00101,2026-09-22T12:53:30,ad7649aabcea70034dd5bc3e5d6b197225d77d6d88172f86e9f6be6e59bd26f9,01_raw_data,False,False,,
<SOURCE_ROOT>/Caltrans PeMS/00_DATA_AUDIT/06_STATION_QC/non_district_7_records.csv,Caltrans PeMS/00_DATA_AUDIT/06_STATION_QC/non_district_7_records.csv,non_district_7_records.csv,.csv,40,3.8e-05,2026-09-22T12:53:30,0ca13565a5c34d3544a407e95d3dc6127d970c092223c4c86bf4bde3d0cd2d8e,01_raw_data,False,False,,
<SOURCE_ROOT>/Caltrans PeMS/00_DATA_AUDIT/07_TRAFFIC_VARIABLE_QC/traffic_value_anomaly_inventory.csv,Caltrans PeMS/00_DATA_AUDIT/07_TRAFFIC_VARIABLE_QC/traffic_value_anomaly_inventory.csv,traffic_value_anomaly_inventory.csv,.csv,58,5.5e-05,2026-09-22T12:53:30,40701e166a9f5229bb9e8b216746b79ebd8534a98f855fe264fdc843de80b772,01_raw_data,False,False,,
<SOURCE_ROOT>/Caltrans PeMS/00_DATA_AUDIT/07_TRAFFIC_VARIABLE_QC/traffic_value_anomaly_summary.csv,Caltrans PeMS/00_DATA_AUDIT/07_TRAFFIC_VARIABLE_QC/traffic_value_anomaly_summary.csv,traffic_value_anomaly_summary.csv,.csv,27,2.6e-05,2026-09-22T12:53:30,9bc1aeb399acf481e84b82efc8ca2b771ba58bbc71b9cb820978fcb9a4a9733a,01_raw_data,False,False,,
<SOURCE_ROOT>/Caltrans PeMS/00_DATA_AUDIT/07_TRAFFIC_VARIABLE_QC/traffic_variable_statistics.csv,Caltrans PeMS/00_DATA_AUDIT/07_TRAFFIC_VARIABLE_QC/traffic_variable_statistics.csv,traffic_variable_statistics.csv,.csv,162863,0.155318,2026-09-22T12:53:30,67229cde7d6e5e662e6d60e3b9faef5eb1ef06321f021d5a01b15db3c5a53993,01_raw_data,False,False,,
<SOURCE_ROOT>/Caltrans PeMS/00_DATA_AUDIT/08_PERCENT_OBSERVED_QC/observed_pct_vs_variable_availability.csv,Caltrans PeMS/00_DATA_AUDIT/08_PERCENT_OBSERVED_QC/observed_pct_vs_variable_availability.csv,observed_pct_vs_variable_availability.csv,.csv,372,0.000355,2026-09-22T12:53:30,bd7698285e0d5cf3f4ef4761588cd14b0cb16910cf0120537a319a75f6ff9b65,01_raw_data,False,False,,
<SOURCE_ROOT>/Caltrans PeMS/00_DATA_AUDIT/08_PERCENT_OBSERVED_QC/percent_observed_distribution.csv,Caltrans PeMS/00_DATA_AUDIT/08_PERCENT_OBSERVED_QC/percent_observed_distribution.csv,percent_observed_distribution.csv,.csv,336,0.00032,2026-09-22T12:53:30,d72d6d3691492f419fe6e01be15652a60d3c819544271c5512b04d358d348968,01_raw_data,False,False,,
<SOURCE_ROOT>/Caltrans PeMS/00_DATA_AUDIT/08_PERCENT_OBSERVED_QC/station_percent_observed_profile.csv,Caltrans PeMS/00_DATA_AUDIT/08_PERCENT_OBSERVED_QC/station_percent_observed_profile.csv,station_percent_observed_profile.csv,.csv,144332,0.137646,2026-09-22T12:53:57,80e97904bff6f43992850903e7c598b5b68a28020e610f388a05fd78f683a9bf,01_raw_data,False,False,,
<SOURCE_ROOT>/Caltrans PeMS/00_DATA_AUDIT/09_METADATA_MATCH/metadata_inventory.csv,Caltrans PeMS/00_DATA_AUDIT/09_METADATA_MATCH/metadata_inventory.csv,metadata_inventory.csv,.csv,882,0.000841,2026-09-22T12:54:26,3f53a4777573d7fdbef91207a937e8af9228cc736922dc07a227cd67d9e5b90f,01_raw_data,False,False,,
<SOURCE_ROOT>/Caltrans PeMS/00_DATA_AUDIT/09_METADATA_MATCH/metadata_schema.csv,Caltrans PeMS/00_DATA_AUDIT/09_METADATA_MATCH/metadata_schema.csv,metadata_schema.csv,.csv,523,0.000499,2026-09-22T12:54:26,b1c9de70d1be87cc4596737c9be847e48a3d7284ef45b8db9e7e823e9ff58b11,01_raw_data,False,False,,
<SOURCE_ROOT>/Caltrans PeMS/00_DATA_AUDIT/09_METADATA_MATCH/metadata_snapshot_comparison.csv,Caltrans PeMS/00_DATA_AUDIT/09_METADATA_MATCH/metadata_snapshot_comparison.csv,metadata_snapshot_comparison.csv,.csv,229882,0.219233,2026-09-22T12:54:26,81ec1ca6e09a3ddab35fcb472a829b1e3ad6fe35d92930b3b7be3dfeb978a1d5,01_raw_data,False,False,,
<SOURCE_ROOT>/Caltrans PeMS/00_DATA_AUDIT/09_METADATA_MATCH/station_metadata_join_audit.csv,Caltrans PeMS/00_DATA_AUDIT/09_METADATA_MATCH/station_metadata_join_audit.csv,station_metadata_join_audit.csv,.csv,226324,0.215839,2026-09-22T12:54:26,00061de2f868d08db337d120b8c6102316a8cb3743bfbd4ae9ba8e755603ef1d,01_raw_data,False,False,,
<SOURCE_ROOT>/Caltrans PeMS/00_DATA_AUDIT/10_RESEARCH_READINESS/decision_gating_feature_variation.csv,Caltrans PeMS/00_DATA_AUDIT/10_RESEARCH_READINESS/decision_gating_feature_variation.csv,decision_gating_feature_variation.csv,.csv,750,0.000715,2026-09-22T12:55:18,e7a2b51b2d88df4e413c4d7bbaf0121aa1fff46fed0f256aa289f10c3638f8a2,02_training_data,False,False,,
<SOURCE_ROOT>/Caltrans PeMS/00_DATA_AUDIT/10_RESEARCH_READINESS/forecast_target_quality_audit.csv,Caltrans PeMS/00_DATA_AUDIT/10_RESEARCH_READINESS/forecast_target_quality_audit.csv,forecast_target_quality_audit.csv,.csv,30504,0.029091,2026-09-22T12:55:18,e39a4d9aefe18d3f136ab1a5d0dd99a5d80984974a9bfe0c7972cc24bce5cc78,02_training_data,False,False,,
<SOURCE_ROOT>/Caltrans PeMS/00_DATA_AUDIT/10_RESEARCH_READINESS/ml_candidate_station_pool.csv,Caltrans PeMS/00_DATA_AUDIT/10_RESEARCH_READINESS/ml_candidate_station_pool.csv,ml_candidate_station_pool.csv,.csv,243472,0.232193,2026-09-22T12:54:26,c982030efcf7151162c7360059c23a7f60cc649378d6bd72df4643f7311862cd,01_raw_data,False,False,,
<SOURCE_ROOT>/Caltrans PeMS/00_DATA_AUDIT/10_RESEARCH_READINESS/readiness_assessment.csv,Caltrans PeMS/00_DATA_AUDIT/10_RESEARCH_READINESS/readiness_assessment.csv,readiness_assessment.csv,.csv,402,0.000383,2026-09-22T12:55:18,912edcfb6031f1bc5cf5c81955342a2b2ab393918656e33e8513ebc52a572a7a,01_raw_data,False,False,,
<SOURCE_ROOT>/Caltrans PeMS/00_DATA_AUDIT/11_SUMMARY_TABLES/daily_data_summary.csv,Caltrans PeMS/00_DATA_AUDIT/11_SUMMARY_TABLES/daily_data_summary.csv,daily_data_summary.csv,.csv,55759,0.053176,2026-09-22T12:53:57,ec03fefde3418c144475a806466b97b75ea01392b3f447c909715e8eb3e751a7,08_table_data,False,False,,
<SOURCE_ROOT>/Caltrans PeMS/00_DATA_AUDIT/11_SUMMARY_TABLES/final_terminal_summary.txt,Caltrans PeMS/00_DATA_AUDIT/11_SUMMARY_TABLES/final_terminal_summary.txt,final_terminal_summary.txt,.txt,2400,0.002289,2026-09-22T12:55:18,14f6bc2df8d74d67138b376b18c100488a40371197a22111d4a7b16b09b733c5,08_table_data,False,False,,
<SOURCE_ROOT>/Caltrans PeMS/00_DATA_AUDIT/11_SUMMARY_TABLES/monthly_data_summary.csv,Caltrans PeMS/00_DATA_AUDIT/11_SUMMARY_TABLES/monthly_data_summary.csv,monthly_data_summary.csv,.csv,953,0.000909,2026-09-22T12:54:26,04b8fc4b8864fc90646e21551270f324fe788cb4b390e85001be01ee2ec2aebf,08_table_data,False,False,,
<SOURCE_ROOT>/Caltrans PeMS/00_DATA_AUDIT/11_SUMMARY_TABLES/quantity_reconciliation.csv,Caltrans PeMS/00_DATA_AUDIT/11_SUMMARY_TABLES/quantity_reconciliation.csv,quantity_reconciliation.csv,.csv,140,0.000134,2026-09-22T12:55:18,777f39806ab2fcf1b88e1f7b5a23499496ad2bee2aeaefba314181bc38240832,08_table_data,False,False,,
<SOURCE_ROOT>/Caltrans PeMS/00_DATA_AUDIT/12_LOGS/pems_audit.log,Caltrans PeMS/00_DATA_AUDIT/12_LOGS/pems_audit.log,pems_audit.log,.log,151257,0.14425,2026-09-22T12:55:18,adb8bf93473749ab4b337ae828110d989f568d6a1c24383683b21b27dfde5fd3,01_raw_data,False,False,,
<SOURCE_ROOT>/Caltrans PeMS/00_DATA_AUDIT/13_PERCENT_OBSERVED_SEMANTICS.zip,Caltrans PeMS/00_DATA_AUDIT/13_PERCENT_OBSERVED_SEMANTICS.zip,13_PERCENT_OBSERVED_SEMANTICS.zip,.zip,299234444,285.372204,2026-09-22T13:47:45,d9cb5887bcac793478281a368e7d35a0bd14b1ace76ebcd04aa701542fb4d7bd,01_raw_data,True,False,,
<SOURCE_ROOT>/Caltrans PeMS/00_DATA_AUDIT/13_PERCENT_OBSERVED_SEMANTICS/99_TEMP/2026-01-01.npz,Caltrans PeMS/00_DATA_AUDIT/13_PERCENT_OBSERVED_SEMANTICS/99_TEMP/2026-01-01.npz,2026-01-01.npz,.npz,1406108,1.340969,2026-09-22T13:26:31,ab0d7e75534b62ae0b1b9ecf0844bba18cd4ea6eaf07dbfd51af7c1bff20b107,01_raw_data,False,False,,
<SOURCE_ROOT>/Caltrans PeMS/00_DATA_AUDIT/13_PERCENT_OBSERVED_SEMANTICS/99_TEMP/2026-01-02.npz,Caltrans PeMS/00_DATA_AUDIT/13_PERCENT_OBSERVED_SEMANTICS/99_TEMP/2026-01-02.npz,2026-01-02.npz,.npz,1421556,1.355701,2026-09-22T13:26:31,c651ba8cf1a46d507a33045d3bfde37dd38eab74fd0c4115c874a9318a88fef1,01_raw_data,False,False,,
<SOURCE_ROOT>/Caltrans PeMS/00_DATA_AUDIT/13_PERCENT_OBSERVED_SEMANTICS/99_TEMP/2026-01-03.npz,Caltrans PeMS/00_DATA_AUDIT/13_PERCENT_OBSERVED_SEMANTICS/99_TEMP/2026-01-03.npz,2026-01-03.npz,.npz,1406647,1.341483,2026-09-22T13:26:31,4ed9c9cfbac9de9fc1d8e42a5cea60a359aa833d4c831c43d7bcd252d8303e0d,01_raw_data,False,False,,
<SOURCE_ROOT>/Caltrans PeMS/00_DATA_AUDIT/13_PERCENT_OBSERVED_SEMANTICS/99_TEMP/2026-01-04.npz,Caltrans PeMS/00_DATA_AUDIT/13_PERCENT_OBSERVED_SEMANTICS/99_TEMP/2026-01-04.npz,2026-01-04.npz,.npz,1350123,1.287578,2026-09-22T13:26:31,e80510d910bd5dc5e8afd5a23150cf2d707cb15cfc2f04fe31af823c9f32fd43,01_raw_data,False,False,,
<SOURCE_ROOT>/Caltrans PeMS/00_DATA_AUDIT/13_PERCENT_OBSERVED_SEMANTICS/99_TEMP/2026-01-05.npz,Caltrans PeMS/00_DATA_AUDIT/13_PERCENT_OBSERVED_SEMANTICS/99_TEMP/2026-01-05.npz,2026-01-05.npz,.npz,1473283,1.405032,2026-09-22T13:26:35,b258debd7d555b06631f15391930864e49d6fc016520fa6eec74e3fb5db2277e,01_raw_data,False,False,,
<SOURCE_ROOT>/Caltrans PeMS/00_DATA_AUDIT/13_PERCENT_OBSERVED_SEMANTICS/99_TEMP/2026-01-06.npz,Caltrans PeMS/00_DATA_AUDIT/13_PERCENT_OBSERVED_SEMANTICS/99_TEMP/2026-01-06.npz,2026-01-06.npz,.npz,1491615,1.422515,2026-09-22T13:26:35,75c5d7f67ec867a5701a95e46167ac5a73a026870ebd7fb816fa8ac694280c03,01_raw_data,False,False,,
<SOURCE_ROOT>/Caltrans PeMS/00_DATA_AUDIT/13_PERCENT_OBSERVED_SEMANTICS/99_TEMP/2026-01-07.npz,Caltrans PeMS/00_DATA_AUDIT/13_PERCENT_OBSERVED_SEMANTICS/99_TEMP/2026-01-07.npz,2026-01-07.npz,.npz,1513826,1.443697,2026-09-22T13:26:35,d9e1fd2730e22244089c6533a8cf02d835ac0c7ac3354bd92e6098cd4fbe2487,01_raw_data,False,False,,
<SOURCE_ROOT>/Caltrans PeMS/00_DATA_AUDIT/13_PERCENT_OBSERVED_SEMANTICS/99_TEMP/2026-01-08.npz,Caltrans PeMS/00_DATA_AUDIT/13_PERCENT_OBSERVED_SEMANTICS/99_TEMP/2026-01-08.npz,2026-01-08.npz,.npz,1514046,1.443907,2026-09-22T13:26:35,d1c1bd354c1973e485466f99f949f7fe9cf573bc21f8475631c662f92a25c27e,01_raw_data,False,False,,
<SOURCE_ROOT>/Caltrans PeMS/00_DATA_AUDIT/13_PERCENT_OBSERVED_SEMANTICS/99_TEMP/2026-01-09.npz,Caltrans PeMS/00_DATA_AUDIT/13_PERCENT_OBSERVED_SEMANTICS/99_TEMP/2026-01-09.npz,2026-01-09.npz,.npz,1490352,1.42131,2026-09-22T13:26:39,73ff4cd699c1747ff5051a8912816f21121464cb6345ba0933c90e1ad5978671,01_raw_data,False,False,,
<SOURCE_ROOT>/Caltrans PeMS/00_DATA_AUDIT/13_PERCENT_OBSERVED_SEMANTICS/99_TEMP/2026-01-10.npz,Caltrans PeMS/00_DATA_AUDIT/13_PERCENT_OBSERVED_SEMANTICS/99_TEMP/2026-01-10.npz,2026-01-10.npz,.npz,1423010,1.357088,2026-09-22T13:26:39,9fb9896e448e193bd31b9f33f78491d40159ff629e1b237be7cd7cbf26c7008e,01_raw_data,False,False,,
<SOURCE_ROOT>/Caltrans PeMS/00_DATA_AUDIT/13_PERCENT_OBSERVED_SEMANTICS/99_TEMP/2026-01-11.npz,Caltrans PeMS/00_DATA_AUDIT/13_PERCENT_OBSERVED_SEMANTICS/99_TEMP/2026-01-11.npz,2026-01-11.npz,.npz,1372236,1.308666,2026-09-22T13:26:39,0362f79d4180f55d4d7e8bfe191eab543fe458e2b78be1ca7d87bc6da05345ed,01_raw_data,False,False,,
<SOURCE_ROOT>/Caltrans PeMS/00_DATA_AUDIT/13_PERCENT_OBSERVED_SEMANTICS/99_TEMP/2026-01-12.npz,Caltrans PeMS/00_DATA_AUDIT/13_PERCENT_OBSERVED_SEMANTICS/99_TEMP/2026-01-12.npz,2026-01-12.npz,.npz,1488280,1.419334,2026-09-22T13:26:39,46731bb011ed2689cf7b50f44ef835d493658ead47f47591193c5a7aee1b9835,01_raw_data,False,False,,
<SOURCE_ROOT>/Caltrans PeMS/00_DATA_AUDIT/13_PERCENT_OBSERVED_SEMANTICS/99_TEMP/2026-01-13.npz,Caltrans PeMS/00_DATA_AUDIT/13_PERCENT_OBSERVED_SEMANTICS/99_TEMP/2026-01-13.npz,2026-01-13.npz,.npz,1473521,1.405259,2026-09-22T13:26:42,a0c755ff9fd1351dd40b287c879f1559afe195270d31c20a87d5457870291b98,01_raw_data,False,False,,
<SOURCE_ROOT>/Caltrans PeMS/00_DATA_AUDIT/13_PERCENT_OBSERVED_SEMANTICS/99_TEMP/2026-01-14.npz,Caltrans PeMS/00_DATA_AUDIT/13_PERCENT_OBSERVED_SEMANTICS/99_TEMP/2026-01-14.npz,2026-01-14.npz,.npz,1408824,1.343559,2026-09-22T13:26:42,ba51e56480ecccbe8909df6bce8d06fa63121945e30c8f3bf8018665ab31c31d,01_raw_data,False,False,,
<SOURCE_ROOT>/Caltrans PeMS/00_DATA_AUDIT/13_PERCENT_OBSERVED_SEMANTICS/99_TEMP/2026-01-15.npz,Caltrans PeMS/00_DATA_AUDIT/13_PERCENT_OBSERVED_SEMANTICS/99_TEMP/2026-01-15.npz,2026-01-15.npz,.npz,1466074,1.398157,2026-09-22T13:26:42,68d99b88b51a94dc613cd07d8b3572a115a0e8d75508ef8a6413fe321828c6a4,01_raw_data,False,False,,
<SOURCE_ROOT>/Caltrans PeMS/00_DATA_AUDIT/13_PERCENT_OBSERVED_SEMANTICS/99_TEMP/2026-01-16.npz,Caltrans PeMS/00_DATA_AUDIT/13_PERCENT_OBSERVED_SEMANTICS/99_TEMP/2026-01-16.npz,2026-01-16.npz,.npz,1484771,1.415988,2026-09-22T13:26:42,a0721f281ee647e3d5d9b2bbbb1174052398b0ab6cfe5efa881eb2389ba58b5f,01_raw_data,False,False,,
<SOURCE_ROOT>/Caltrans PeMS/00_DATA_AUDIT/13_PERCENT_OBSERVED_SEMANTICS/99_TEMP/2026-01-17.npz,Caltrans PeMS/00_DATA_AUDIT/13_PERCENT_OBSERVED_SEMANTICS/99_TEMP/2026-01-17.npz,2026-01-17.npz,.npz,1423013,1.357091,2026-09-22T13:26:46,c058d7d5571160c4087df897b24bf7f18ae8529603a122bfae8707095cb4d6c3,01_raw_data,False,False,,
<SOURCE_ROOT>/Caltrans PeMS/00_DATA_AUDIT/13_PERCENT_OBSERVED_SEMANTICS/99_TEMP/2026-01-18.npz,Caltrans PeMS/00_DATA_AUDIT/13_PERCENT_OBSERVED_SEMANTICS/99_TEMP/2026-01-18.npz,2026-01-18.npz,.npz,1334480,1.272659,2026-09-22T13:26:46,9781c8bb25dee40824110f4803ecfd69ba136da3766d4953fbb01f4289b4b44a,01_raw_data,False,False,,
<SOURCE_ROOT>/Caltrans PeMS/00_DATA_AUDIT/13_PERCENT_OBSERVED_SEMANTICS/99_TEMP/2026-01-19.npz,Caltrans PeMS/00_DATA_AUDIT/13_PERCENT_OBSERVED_SEMANTICS/99_TEMP/2026-01-19.npz,2026-01-19.npz,.npz,1410019,1.344699,2026-09-22T13:26:46,db938956f7c8556440278858b4bf7d4b1f4139be7f69bd01b23d6aa7bd492fe1,01_raw_data,False,False,,
<SOURCE_ROOT>/Caltrans PeMS/00_DATA_AUDIT/13_PERCENT_OBSERVED_SEMANTICS/99_TEMP/2026-01-20.npz,Caltrans PeMS/00_DATA_AUDIT/13_PERCENT_OBSERVED_SEMANTICS/99_TEMP/2026-01-20.npz,2026-01-20.npz,.npz,1466228,1.398304,2026-09-22T13:26:46,c96eb4a6495f309c60bee09ef5398a0fc17d3a301f727f9e5287a13782a0fbbd,01_raw_data,False,False,,
<SOURCE_ROOT>/Caltrans PeMS/00_DATA_AUDIT/13_PERCENT_OBSERVED_SEMANTICS/99_TEMP/2026-01-21.npz,Caltrans PeMS/00_DATA_AUDIT/13_PERCENT_OBSERVED_SEMANTICS/99_TEMP/2026-01-21.npz,2026-01-21.npz,.npz,1468464,1.400436,2026-09-22T13:26:50,d0ab06565823f665e33eb92b18725668dd0c9b31ccaab295e05434d68f6c9bec,01_raw_data,False,False,,
<SOURCE_ROOT>/Caltrans PeMS/00_DATA_AUDIT/13_PERCENT_OBSERVED_SEMANTICS/99_TEMP/2026-01-22.npz,Caltrans PeMS/00_DATA_AUDIT/13_PERCENT_OBSERVED_SEMANTICS/99_TEMP/2026-01-22.npz,2026-01-22.npz,.npz,1432384,1.366028,2026-09-22T13:26:50,d049fdfa77f61df5e43ae00c281efd51c3ce3cb127bbe7b601d36e2fd71dc987,01_raw_data,False,False,,
<SOURCE_ROOT>/Caltrans PeMS/00_DATA_AUDIT/13_PERCENT_OBSERVED_SEMANTICS/99_TEMP/2026-01-23.npz,Caltrans PeMS/00_DATA_AUDIT/13_PERCENT_OBSERVED_SEMANTICS/99_TEMP/2026-01-23.npz,2026-01-23.npz,.npz,1436657,1.370103,2026-09-22T13:26:50,f9b5834ccafc99792b322f64bf2e8bbf7aebe5fdde7f359149d1e1e7537e0b18,01_raw_data,False,False,,
<SOURCE_ROOT>/Caltrans PeMS/00_DATA_AUDIT/13_PERCENT_OBSERVED_SEMANTICS/99_TEMP/2026-01-24.npz,Caltrans PeMS/00_DATA_AUDIT/13_PERCENT_OBSERVED_SEMANTICS/99_TEMP/2026-01-24.npz,2026-01-24.npz,.npz,1352340,1.289692,2026-09-22T13:26:50,bc0fffcab0b055f225aa8e8287b217276711d4fc18423acf26efe8bf84b740b4,01_raw_data,False,False,,
<SOURCE_ROOT>/Caltrans PeMS/00_DATA_AUDIT/13_PERCENT_OBSERVED_SEMANTICS/99_TEMP/2026-01-25.npz,Caltrans PeMS/00_DATA_AUDIT/13_PERCENT_OBSERVED_SEMANTICS/99_TEMP/2026-01-25.npz,2026-01-25.npz,.npz,1325025,1.263642,2026-09-22T13:26:54,1cee08d7579c52cbddeba2a2d09d05258cd0a97a88cc75b020515f2a3d4b1357,01_raw_data,False,False,,
<SOURCE_ROOT>/Caltrans PeMS/00_DATA_AUDIT/13_PERCENT_OBSERVED_SEMANTICS/99_TEMP/2026-01-26.npz,Caltrans PeMS/00_DATA_AUDIT/13_PERCENT_OBSERVED_SEMANTICS/99_TEMP/2026-01-26.npz,2026-01-26.npz,.npz,1406044,1.340908,2026-09-22T13:26:54,0b88d4f3c2bc49fabd4b89e4fe1a3dd7e3ce69fdbe2f5c07205878cd40303afb,01_raw_data,False,False,,
<SOURCE_ROOT>/Caltrans PeMS/00_DATA_AUDIT/13_PERCENT_OBSERVED_SEMANTICS/99_TEMP/2026-01-27.npz,Caltrans PeMS/00_DATA_AUDIT/13_PERCENT_OBSERVED_SEMANTICS/99_TEMP/2026-01-27.npz,2026-01-27.npz,.npz,1437828,1.37122,2026-09-22T13:26:53,0eec59c7ffd3940d7f5be5e4a8d4f8dc1efd90b856cfada3d83dc99a3cb3ca0e,01_raw_data,False,False,,
<SOURCE_ROOT>/Caltrans PeMS/00_DATA_AUDIT/13_PERCENT_OBSERVED_SEMANTICS/99_TEMP/2026-01-28.npz,Caltrans PeMS/00_DATA_AUDIT/13_PERCENT_OBSERVED_SEMANTICS/99_TEMP/2026-01-28.npz,2026-01-28.npz,.npz,1417740,1.352062,2026-09-22T13:26:54,30c5bc53722cf6647f1c8551d8b4cc817292b0d4a4448eb1aa1ea77d848a4cea,01_raw_data,False,False,,
<SOURCE_ROOT>/Caltrans PeMS/00_DATA_AUDIT/13_PERCENT_OBSERVED_SEMANTICS/99_TEMP/2026-01-29.npz,Caltrans PeMS/00_DATA_AUDIT/13_PERCENT_OBSERVED_SEMANTICS/99_TEMP/2026-01-29.npz,2026-01-29.npz,.npz,1456178,1.38872,2026-09-22T13:26:58,590aa0d92a693157c593fba90bba6c6c2278a97fbde90056ab849b65ae6de342,01_raw_data,False,False,,
<SOURCE_ROOT>/Caltrans PeMS/00_DATA_AUDIT/13_PERCENT_OBSERVED_SEMANTICS/99_TEMP/2026-01-30.npz,Caltrans PeMS/00_DATA_AUDIT/13_PERCENT_OBSERVED_SEMANTICS/99_TEMP/2026-01-30.npz,2026-01-30.npz,.npz,1418182,1.352484,2026-09-22T13:26:57,0786103948b01264eec551b3f84521f8dee72849f56e723b2ae73933f4016f1f,01_raw_data,False,False,,
<SOURCE_ROOT>/Caltrans PeMS/00_DATA_AUDIT/13_PERCENT_OBSERVED_SEMANTICS/99_TEMP/2026-01-31.npz,Caltrans PeMS/00_DATA_AUDIT/13_PERCENT_OBSERVED_SEMANTICS/99_TEMP/2026-01-31.npz,2026-01-31.npz,.npz,1379480,1.315575,2026-09-22T13:26:57,de886acd7e632236dfd588d5ded6f53b22b89b7fe95494eb1572166e00460b20,01_raw_data,False,False,,
<SOURCE_ROOT>/Caltrans PeMS/00_DATA_AUDIT/13_PERCENT_OBSERVED_SEMANTICS/99_TEMP/2026-02-01.npz,Caltrans PeMS/00_DATA_AUDIT/13_PERCENT_OBSERVED_SEMANTICS/99_TEMP/2026-02-01.npz,2026-02-01.npz,.npz,1319090,1.257982,2026-09-22T13:26:57,ebc461a2f12419e6f850dbdae581eadead4a4afd7dd4bb791606bf1883812cb0,01_raw_data,False,False,,
<SOURCE_ROOT>/Caltrans PeMS/00_DATA_AUDIT/13_PERCENT_OBSERVED_SEMANTICS/99_TEMP/2026-02-02.npz,Caltrans PeMS/00_DATA_AUDIT/13_PERCENT_OBSERVED_SEMANTICS/99_TEMP/2026-02-02.npz,2026-02-02.npz,.npz,1405953,1.340821,2026-09-22T13:27:01,eef579e4feca6f6104baab9e4e348a730f0273d20af37658c877fdc9ab551c6a,01_raw_data,False,False,,
<SOURCE_ROOT>/Caltrans PeMS/00_DATA_AUDIT/13_PERCENT_OBSERVED_SEMANTICS/99_TEMP/2026-02-03.npz,Caltrans PeMS/00_DATA_AUDIT/13_PERCENT_OBSERVED_SEMANTICS/99_TEMP/2026-02-03.npz,2026-02-03.npz,.npz,1419541,1.35378,2026-09-22T13:27:01,0fd6ff8774f8403ac808b415304100a0a157ba3edaba4231424adfc635378402,01_raw_data,False,False,,
<SOURCE_ROOT>/Caltrans PeMS/00_DATA_AUDIT/13_PERCENT_OBSERVED_SEMANTICS/99_TEMP/2026-02-04.npz,Caltrans PeMS/00_DATA_AUDIT/13_PERCENT_OBSERVED_SEMANTICS/99_TEMP/2026-02-04.npz,2026-02-04.npz,.npz,1431891,1.365558,2026-09-22T13:27:01,a1f27bdbfef7a8310a48a2ca27b7920686486d625fc94e6da144224c00b4d33b,01_raw_data,False,False,,
<SOURCE_ROOT>/Caltrans PeMS/00_DATA_AUDIT/13_PERCENT_OBSERVED_SEMANTICS/99_TEMP/2026-02-05.npz,Caltrans PeMS/00_DATA_AUDIT/13_PERCENT_OBSERVED_SEMANTICS/99_TEMP/2026-02-05.npz,2026-02-05.npz,.npz,1403510,1.338491,2026-09-22T13:27:01,8eb0006288d5f692c89754bc9d7ff3b1ebd94ce33a56f3d618ca8ffb1dd47766,01_raw_data,False,False,,
<SOURCE_ROOT>/Caltrans PeMS/00_DATA_AUDIT/13_PERCENT_OBSERVED_SEMANTICS/99_TEMP/2026-02-06.npz,Caltrans PeMS/00_DATA_AUDIT/13_PERCENT_OBSERVED_SEMANTICS/99_TEMP/2026-02-06.npz,2026-02-06.npz,.npz,1407488,1.342285,2026-09-22T13:27:05,2f661b4cc6ee70fdeef870af6dd150e2108860d2f88f4a0c602a95483d627c22,01_raw_data,False,False,,
<SOURCE_ROOT>/Caltrans PeMS/00_DATA_AUDIT/13_PERCENT_OBSERVED_SEMANTICS/99_TEMP/2026-02-07.npz,Caltrans PeMS/00_DATA_AUDIT/13_PERCENT_OBSERVED_SEMANTICS/99_TEMP/2026-02-07.npz,2026-02-07.npz,.npz,1361748,1.298664,2026-09-22T13:27:05,5beef5324fde265ae4fcf1020173979a6dc7798f16306f39f34085718fb54f78,01_raw_data,False,False,,
<SOURCE_ROOT>/Caltrans PeMS/00_DATA_AUDIT/13_PERCENT_OBSERVED_SEMANTICS/99_TEMP/2026-02-08.npz,Caltrans PeMS/00_DATA_AUDIT/13_PERCENT_OBSERVED_SEMANTICS/99_TEMP/2026-02-08.npz,2026-02-08.npz,.npz,1301444,1.241154,2026-09-22T13:27:05,a7d55e988bc230e90c440b29d0a591e70d819e6c806d372041c31c2c207df80e,01_raw_data,False,False,,
<SOURCE_ROOT>/Caltrans PeMS/00_DATA_AUDIT/13_PERCENT_OBSERVED_SEMANTICS/99_TEMP/2026-02-09.npz,Caltrans PeMS/00_DATA_AUDIT/13_PERCENT_OBSERVED_SEMANTICS/99_TEMP/2026-02-09.npz,2026-02-09.npz,.npz,1378790,1.314917,2026-09-22T13:27:05,7105507fdcd46612ac04e109c1e67dc8349e50511b3e37cc77578149c6045d7d,01_raw_data,False,False,,
<SOURCE_ROOT>/Caltrans PeMS/00_DATA_AUDIT/13_PERCENT_OBSERVED_SEMANTICS/99_TEMP/2026-02-10.npz,Caltrans PeMS/00_DATA_AUDIT/13_PERCENT_OBSERVED_SEMANTICS/99_TEMP/2026-02-10.npz,2026-02-10.npz,.npz,1409137,1.343858,2026-09-22T13:27:09,832d3dd4f377f4959ee9b3454ba2d777deaa2f5d9e594f852f57916284d59294,01_raw_data,False,False,,
<SOURCE_ROOT>/Caltrans PeMS/00_DATA_AUDIT/13_PERCENT_OBSERVED_SEMANTICS/99_TEMP/2026-02-11.npz,Caltrans PeMS/00_DATA_AUDIT/13_PERCENT_OBSERVED_SEMANTICS/99_TEMP/2026-02-11.npz,2026-02-11.npz,.npz,1414596,1.349064,2026-09-22T13:27:09,fc1b8225919220fc02dd0842352108372f4f3b1dd6a5573c738bda7e807d3a32,01_raw_data,False,False,,
<SOURCE_ROOT>/Caltrans PeMS/00_DATA_AUDIT/13_PERCENT_OBSERVED_SEMANTICS/99_TEMP/2026-02-12.npz,Caltrans PeMS/00_DATA_AUDIT/13_PERCENT_OBSERVED_SEMANTICS/99_TEMP/2026-02-12.npz,2026-02-12.npz,.npz,1397190,1.332464,2026-09-22T13:27:08,2b5fe237c9447e0c8c2391c3dee929766e998f2786bf7d6fbd91f4d77cd1ba99,01_raw_data,False,False,,
<SOURCE_ROOT>/Caltrans PeMS/00_DATA_AUDIT/13_PERCENT_OBSERVED_SEMANTICS/99_TEMP/2026-02-13.npz,Caltrans PeMS/00_DATA_AUDIT/13_PERCENT_OBSERVED_SEMANTICS/99_TEMP/2026-02-13.npz,2026-02-13.npz,.npz,1300754,1.240496,2026-09-22T13:27:08,51bf0d6914f86d9a76f85db89c6b21edbab3f9a5d5c2d762432410f0ebd52be7,01_raw_data,False,False,,
<SOURCE_ROOT>/Caltrans PeMS/00_DATA_AUDIT/13_PERCENT_OBSERVED_SEMANTICS/99_TEMP/2026-02-14.npz,Caltrans PeMS/00_DATA_AUDIT/13_PERCENT_OBSERVED_SEMANTICS/99_TEMP/2026-02-14.npz,2026-02-14.npz,.npz,1330226,1.268602,2026-09-22T13:27:12,7373be7cf1b11f36493e669a902673ca9c7295f8baa68d071851347d305409ba,01_raw_data,False,False,,
<SOURCE_ROOT>/Caltrans PeMS/00_DATA_AUDIT/13_PERCENT_OBSERVED_SEMANTICS/99_TEMP/2026-02-15.npz,Caltrans PeMS/00_DATA_AUDIT/13_PERCENT_OBSERVED_SEMANTICS/99_TEMP/2026-02-15.npz,2026-02-15.npz,.npz,1279615,1.220336,2026-09-22T13:27:12,ca1b4740857c49e3d23193988ef70b3da69cece2ea3fbdac5f5a50c8598cd8f2,01_raw_data,False,False,,
<SOURCE_ROOT>/Caltrans PeMS/00_DATA_AUDIT/13_PERCENT_OBSERVED_SEMANTICS/99_TEMP/2026-02-16.npz,Caltrans PeMS/00_DATA_AUDIT/13_PERCENT_OBSERVED_SEMANTICS/99_TEMP/2026-02-16.npz,2026-02-16.npz,.npz,1363305,1.300149,2026-09-22T13:27:12,c099a89635f9028d2e964f56e48eeee343cf9798b245cd073d7aa0a7640666e6,01_raw_data,False,False,,
<SOURCE_ROOT>/Caltrans PeMS/00_DATA_AUDIT/13_PERCENT_OBSERVED_SEMANTICS/99_TEMP/2026-02-17.npz,Caltrans PeMS/00_DATA_AUDIT/13_PERCENT_OBSERVED_SEMANTICS/99_TEMP/2026-02-17.npz,2026-02-17.npz,.npz,1427310,1.361189,2026-09-22T13:27:12,1ff26b74a6fe1a4927bf28ec51601cecbc3cee5632ae1341f7e88d68878dd62e,01_raw_data,False,False,,
<SOURCE_ROOT>/Caltrans PeMS/00_DATA_AUDIT/13_PERCENT_OBSERVED_SEMANTICS/99_TEMP/2026-02-18.npz,Caltrans PeMS/00_DATA_AUDIT/13_PERCENT_OBSERVED_SEMANTICS/99_TEMP/2026-02-18.npz,2026-02-18.npz,.npz,1386971,1.322719,2026-09-22T13:27:16,423de33cb8b5c112f809c6e66a5471371cd211953f3eabd4deb97defc1f3ac21,01_raw_data,False,False,,
<SOURCE_ROOT>/Caltrans PeMS/00_DATA_AUDIT/13_PERCENT_OBSERVED_SEMANTICS/99_TEMP/2026-02-19.npz,Caltrans PeMS/00_DATA_AUDIT/13_PERCENT_OBSERVED_SEMANTICS/99_TEMP/2026-02-19.npz,2026-02-19.npz,.npz,1387028,1.322773,2026-09-22T13:27:16,4df8f43cd957627e51559336c48552a00ab2b9328f090b9d0b30b7e594cdfef9,01_raw_data,False,False,,
<SOURCE_ROOT>/Caltrans PeMS/00_DATA_AUDIT/13_PERCENT_OBSERVED_SEMANTICS/99_TEMP/2026-02-20.npz,Caltrans PeMS/00_DATA_AUDIT/13_PERCENT_OBSERVED_SEMANTICS/99_TEMP/2026-02-20.npz,2026-02-20.npz,.npz,1386605,1.32237,2026-09-22T13:27:16,70c6f90885385a919cad30bc82fe4f97091d963ab8ff810865bd0b8390dca2c8,01_raw_data,False,False,,
<SOURCE_ROOT>/Caltrans PeMS/00_DATA_AUDIT/13_PERCENT_OBSERVED_SEMANTICS/99_TEMP/2026-02-21.npz,Caltrans PeMS/00_DATA_AUDIT/13_PERCENT_OBSERVED_SEMANTICS/99_TEMP/2026-02-21.npz,2026-02-21.npz,.npz,1320749,1.259564,2026-09-22T13:27:16,ad3a58f9448db98f54f06aa5bf1094e5c26dd640fbe4d87cb966f6e2e2fdbe05,01_raw_data,False,False,,
<SOURCE_ROOT>/Caltrans PeMS/00_DATA_AUDIT/13_PERCENT_OBSERVED_SEMANTICS/99_TEMP/2026-02-22.npz,Caltrans PeMS/00_DATA_AUDIT/13_PERCENT_OBSERVED_SEMANTICS/99_TEMP/2026-02-22.npz,2026-02-22.npz,.npz,1271772,1.212856,2026-09-22T13:27:20,e6ade641025169d90fbe3d3094480e6e5cf9687ad7db4407ea9c7f381a7cac8a,01_raw_data,False,False,,
<SOURCE_ROOT>/Caltrans PeMS/00_DATA_AUDIT/13_PERCENT_OBSERVED_SEMANTICS/99_TEMP/2026-02-23.npz,Caltrans PeMS/00_DATA_AUDIT/13_PERCENT_OBSERVED_SEMANTICS/99_TEMP/2026-02-23.npz,2026-02-23.npz,.npz,1353535,1.290832,2026-09-22T13:27:20,c1315d0ad343f3118d968f95ed4a38d61a0a359f4913135de16abad31c149fef,01_raw_data,False,False,,
<SOURCE_ROOT>/Caltrans PeMS/00_DATA_AUDIT/13_PERCENT_OBSERVED_SEMANTICS/99_TEMP/2026-02-24.npz,Caltrans PeMS/00_DATA_AUDIT/13_PERCENT_OBSERVED_SEMANTICS/99_TEMP/2026-02-24.npz,2026-02-24.npz,.npz,1385718,1.321524,2026-09-22T13:27:20,a2406564e934e32cad76c6f1aba05f68320808730d7a6987d777636c2cf4005e,01_raw_data,False,False,,
<SOURCE_ROOT>/Caltrans PeMS/00_DATA_AUDIT/13_PERCENT_OBSERVED_SEMANTICS/99_TEMP/2026-02-25.npz,Caltrans PeMS/00_DATA_AUDIT/13_PERCENT_OBSERVED_SEMANTICS/99_TEMP/2026-02-25.npz,2026-02-25.npz,.npz,1396918,1.332205,2026-09-22T13:27:20,86bc2ea3223eaf12ed94f0e04ca21bb3612cc349e1392ad06052efc532cbadde,01_raw_data,False,False,,
<SOURCE_ROOT>/Caltrans PeMS/00_DATA_AUDIT/13_PERCENT_OBSERVED_SEMANTICS/99_TEMP/2026-02-26.npz,Caltrans PeMS/00_DATA_AUDIT/13_PERCENT_OBSERVED_SEMANTICS/99_TEMP/2026-02-26.npz,2026-02-26.npz,.npz,1348412,1.285946,2026-09-22T13:27:24,a422180eb4915ae817784f14b092c06ec7bd1f3088ac923a0e1a1ebbde3a393d,01_raw_data,False,False,,
<SOURCE_ROOT>/Caltrans PeMS/00_DATA_AUDIT/13_PERCENT_OBSERVED_SEMANTICS/99_TEMP/2026-02-27.npz,Caltrans PeMS/00_DATA_AUDIT/13_PERCENT_OBSERVED_SEMANTICS/99_TEMP/2026-02-27.npz,2026-02-27.npz,.npz,896623,0.855086,2026-09-22T13:27:23,1768addd6c444d410afa08056c53d4da98173ceb7b7e23174d758686ed628189,01_raw_data,False,False,,
<SOURCE_ROOT>/Caltrans PeMS/00_DATA_AUDIT/13_PERCENT_OBSERVED_SEMANTICS/99_TEMP/2026-02-28.npz,Caltrans PeMS/00_DATA_AUDIT/13_PERCENT_OBSERVED_SEMANTICS/99_TEMP/2026-02-28.npz,2026-02-28.npz,.npz,989800,0.943947,2026-09-22T13:27:23,7aeca4c983bcc87eb360d46c400e6dab12c2d473eba7f9b384d752ae5c1f139a,01_raw_data,False,False,,
<SOURCE_ROOT>/Caltrans PeMS/00_DATA_AUDIT/13_PERCENT_OBSERVED_SEMANTICS/99_TEMP/2026-03-01.npz,Caltrans PeMS/00_DATA_AUDIT/13_PERCENT_OBSERVED_SEMANTICS/99_TEMP/2026-03-01.npz,2026-03-01.npz,.npz,1254656,1.196533,2026-09-22T13:27:23,8f8afa5f0be0c9a41962200cf1978a0ce7eb96e77d2533491caee62e56b08555,01_raw_data,False,False,,
<SOURCE_ROOT>/Caltrans PeMS/00_DATA_AUDIT/13_PERCENT_OBSERVED_SEMANTICS/99_TEMP/2026-03-02.npz,Caltrans PeMS/00_DATA_AUDIT/13_PERCENT_OBSERVED_SEMANTICS/99_TEMP/2026-03-02.npz,2026-03-02.npz,.npz,1367460,1.304111,2026-09-22T13:27:27,40eff06a741b2ffb5e6073fb83e5cda2f01e7443456dcab651ba68d77e6583c5,01_raw_data,False,False,,
<SOURCE_ROOT>/Caltrans PeMS/00_DATA_AUDIT/13_PERCENT_OBSERVED_SEMANTICS/99_TEMP/2026-03-03.npz,Caltrans PeMS/00_DATA_AUDIT/13_PERCENT_OBSERVED_SEMANTICS/99_TEMP/2026-03-03.npz,2026-03-03.npz,.npz,1376311,1.312552,2026-09-22T13:27:27,f874edcfa71ec3c0272779821a5285b63b0e83768705eb6465b9b43040e51d86,01_raw_data,False,False,,
<SOURCE_ROOT>/Caltrans PeMS/00_DATA_AUDIT/13_PERCENT_OBSERVED_SEMANTICS/99_TEMP/2026-03-04.npz,Caltrans PeMS/00_DATA_AUDIT/13_PERCENT_OBSERVED_SEMANTICS/99_TEMP/2026-03-04.npz,2026-03-04.npz,.npz,1392840,1.328316,2026-09-22T13:27:27,a97ffb2947ab8bc59d2231552d2a1dd1e812cf75b9741706df5ba3c6a191ce85,01_raw_data,False,False,,
<SOURCE_ROOT>/Caltrans PeMS/00_DATA_AUDIT/13_PERCENT_OBSERVED_SEMANTICS/99_TEMP/2026-03-05.npz,Caltrans PeMS/00_DATA_AUDIT/13_PERCENT_OBSERVED_SEMANTICS/99_TEMP/2026-03-05.npz,2026-03-05.npz,.npz,1411980,1.346569,2026-09-22T13:27:27,80545efc55be2f8068f708ae5925d1c7307b6b992fe0300f644618c017e0c193,01_raw_data,False,False,,
<SOURCE_ROOT>/Caltrans PeMS/00_DATA_AUDIT/13_PERCENT_OBSERVED_SEMANTICS/99_TEMP/2026-03-06.npz,Caltrans PeMS/00_DATA_AUDIT/13_PERCENT_OBSERVED_SEMANTICS/99_TEMP/2026-03-06.npz,2026-03-06.npz,.npz,1381172,1.317188,2026-09-22T13:27:31,9bc4edbf16950bae42389cd0e8467c3f03992a2146e303a30b2dd89769a19895,01_raw_data,False,False,,
<SOURCE_ROOT>/Caltrans PeMS/00_DATA_AUDIT/13_PERCENT_OBSERVED_SEMANTICS/99_TEMP/2026-03-07.npz,Caltrans PeMS/00_DATA_AUDIT/13_PERCENT_OBSERVED_SEMANTICS/99_TEMP/2026-03-07.npz,2026-03-07.npz,.npz,1323097,1.261804,2026-09-22T13:27:31,7270cc849e0ab5bca90d6453f9e176080cc6d7c6a1c62d42f767cfcb36523036,01_raw_data,False,False,,
<SOURCE_ROOT>/Caltrans PeMS/00_DATA_AUDIT/13_PERCENT_OBSERVED_SEMANTICS/99_TEMP/2026-03-08.npz,Caltrans PeMS/00_DATA_AUDIT/13_PERCENT_OBSERVED_SEMANTICS/99_TEMP/2026-03-08.npz,2026-03-08.npz,.npz,1211207,1.155097,2026-09-22T13:27:31,c2e673598269ccc5c861f0dc7bbea34ffc737d6ca0c2a6b884202cf5ce9e3a59,01_raw_data,False,False,,
<SOURCE_ROOT>/Caltrans PeMS/00_DATA_AUDIT/13_PERCENT_OBSERVED_SEMANTICS/99_TEMP/2026-03-09.npz,Caltrans PeMS/00_DATA_AUDIT/13_PERCENT_OBSERVED_SEMANTICS/99_TEMP/2026-03-09.npz,2026-03-09.npz,.npz,1351468,1.28886,2026-09-22T13:27:31,9fc09345b9f94f3e7c45f75876616b66837b077fbb649badfae38c16bcba04d5,01_raw_data,False,False,,
<SOURCE_ROOT>/Caltrans PeMS/00_DATA_AUDIT/13_PERCENT_OBSERVED_SEMANTICS/99_TEMP/2026-03-10.npz,Caltrans PeMS/00_DATA_AUDIT/13_PERCENT_OBSERVED_SEMANTICS/99_TEMP/2026-03-10.npz,2026-03-10.npz,.npz,1394812,1.330196,2026-09-22T13:27:35,07e5109ee9bd88bf243e33fcb69d5bc54f7ad253feb74b2cb9769324f69a9162,01_raw_data,False,False,,
<SOURCE_ROOT>/Caltrans PeMS/00_DATA_AUDIT/13_PERCENT_OBSERVED_SEMANTICS/99_TEMP/2026-03-11.npz,Caltrans PeMS/00_DATA_AUDIT/13_PERCENT_OBSERVED_SEMANTICS/99_TEMP/2026-03-11.npz,2026-03-11.npz,.npz,1358627,1.295688,2026-09-22T13:27:35,58ba0ff835b3b64b5c1e150589b26b26ad7f4c97ff89245c9469fd4a1b510655,01_raw_data,False,False,,
<SOURCE_ROOT>/Caltrans PeMS/00_DATA_AUDIT/13_PERCENT_OBSERVED_SEMANTICS/99_TEMP/2026-03-12.npz,Caltrans PeMS/00_DATA_AUDIT/13_PERCENT_OBSERVED_SEMANTICS/99_TEMP/2026-03-12.npz,2026-03-12.npz,.npz,1347240,1.284828,2026-09-22T13:27:34,1bd029f5651a82750d6035368fcba551cbc39bdc1142f105ff5f84bb2c5b17f5,01_raw_data,False,False,,
<SOURCE_ROOT>/Caltrans PeMS/00_DATA_AUDIT/13_PERCENT_OBSERVED_SEMANTICS/99_TEMP/2026-03-13.npz,Caltrans PeMS/00_DATA_AUDIT/13_PERCENT_OBSERVED_SEMANTICS/99_TEMP/2026-03-13.npz,2026-03-13.npz,.npz,1213251,1.157046,2026-09-22T13:27:34,f3dcc91077d18bb3a54075b2e7986c7112e474142d59d212aaff24350e91223d,01_raw_data,False,False,,
<SOURCE_ROOT>/Caltrans PeMS/00_DATA_AUDIT/13_PERCENT_OBSERVED_SEMANTICS/99_TEMP/2026-03-14.npz,Caltrans PeMS/00_DATA_AUDIT/13_PERCENT_OBSERVED_SEMANTICS/99_TEMP/2026-03-14.npz,2026-03-14.npz,.npz,1121802,1.069834,2026-09-22T13:27:38,34dd0acacc7d8ea331209b434353dcb163cec4390fabf42933f0c744909d8e7b,01_raw_data,False,False,,
<SOURCE_ROOT>/Caltrans PeMS/00_DATA_AUDIT/13_PERCENT_OBSERVED_SEMANTICS/99_TEMP/2026-03-15.npz,Caltrans PeMS/00_DATA_AUDIT/13_PERCENT_OBSERVED_SEMANTICS/99_TEMP/2026-03-15.npz,2026-03-15.npz,.npz,1068159,1.018676,2026-09-22T13:27:38,03c0e292cfc458a59a2acee6f411d71b220fafe610590267acafe04d118c2e41,01_raw_data,False,False,,
<SOURCE_ROOT>/Caltrans PeMS/00_DATA_AUDIT/13_PERCENT_OBSERVED_SEMANTICS/99_TEMP/2026-03-16.npz,Caltrans PeMS/00_DATA_AUDIT/13_PERCENT_OBSERVED_SEMANTICS/99_TEMP/2026-03-16.npz,2026-03-16.npz,.npz,1214333,1.158078,2026-09-22T13:27:38,00995d6803b349befe4bda130f6c2db6218e9a43cf456ff587a0803fa6594292,01_raw_data,False,False,,
<SOURCE_ROOT>/Caltrans PeMS/00_DATA_AUDIT/13_PERCENT_OBSERVED_SEMANTICS/99_TEMP/2026-03-17.npz,Caltrans PeMS/00_DATA_AUDIT/13_PERCENT_OBSERVED_SEMANTICS/99_TEMP/2026-03-17.npz,2026-03-17.npz,.npz,1265382,1.206762,2026-09-22T13:27:38,dfb815561b258a3f2a7a3fb1c5e74fcb5e8e1bae5817f94b74db1e2a80f2353b,01_raw_data,False,False,,
<SOURCE_ROOT>/Caltrans PeMS/00_DATA_AUDIT/13_PERCENT_OBSERVED_SEMANTICS/99_TEMP/2026-03-18.npz,Caltrans PeMS/00_DATA_AUDIT/13_PERCENT_OBSERVED_SEMANTICS/99_TEMP/2026-03-18.npz,2026-03-18.npz,.npz,1263741,1.205197,2026-09-22T13:27:42,90e7c8aa60aabb57029ec7cadf28ca1170c4270ee9ac8f8646e935b66d437e97,01_raw_data,False,False,,
<SOURCE_ROOT>/Caltrans PeMS/00_DATA_AUDIT/13_PERCENT_OBSERVED_SEMANTICS/99_TEMP/2026-03-19.npz,Caltrans PeMS/00_DATA_AUDIT/13_PERCENT_OBSERVED_SEMANTICS/99_TEMP/2026-03-19.npz,2026-03-19.npz,.npz,1263161,1.204644,2026-09-22T13:27:42,e62cd63b0e9a6ff903ac82bf44d825a7cad7cc3c7ba0074bfec9673f5d57c35b,01_raw_data,False,False,,
<SOURCE_ROOT>/Caltrans PeMS/00_DATA_AUDIT/13_PERCENT_OBSERVED_SEMANTICS/99_TEMP/2026-03-20.npz,Caltrans PeMS/00_DATA_AUDIT/13_PERCENT_OBSERVED_SEMANTICS/99_TEMP/2026-03-20.npz,2026-03-20.npz,.npz,1241658,1.184137,2026-09-22T13:27:42,6b4cafc1e8f76f76d3d2396b02a926b803ba7a18d30e3f82b419eebc519c5ed3,01_raw_data,False,False,,
<SOURCE_ROOT>/Caltrans PeMS/00_DATA_AUDIT/13_PERCENT_OBSERVED_SEMANTICS/99_TEMP/2026-03-21.npz,Caltrans PeMS/00_DATA_AUDIT/13_PERCENT_OBSERVED_SEMANTICS/99_TEMP/2026-03-21.npz,2026-03-21.npz,.npz,1160333,1.10658,2026-09-22T13:27:42,63a37038a3e2947fd87cc40d5af9caf0948707bf30b297b1058e2d7a6ff43b9d,01_raw_data,False,False,,
<SOURCE_ROOT>/Caltrans PeMS/00_DATA_AUDIT/13_PERCENT_OBSERVED_SEMANTICS/99_TEMP/2026-03-22.npz,Caltrans PeMS/00_DATA_AUDIT/13_PERCENT_OBSERVED_SEMANTICS/99_TEMP/2026-03-22.npz,2026-03-22.npz,.npz,1117060,1.065311,2026-09-22T13:27:46,3b398b95dc014edf3ca79bbc219b5a2658f49258b45918f63fbd3de2b723ce1b,01_raw_data,False,False,,
<SOURCE_ROOT>/Caltrans PeMS/00_DATA_AUDIT/13_PERCENT_OBSERVED_SEMANTICS/99_TEMP/2026-03-23.npz,Caltrans PeMS/00_DATA_AUDIT/13_PERCENT_OBSERVED_SEMANTICS/99_TEMP/2026-03-23.npz,2026-03-23.npz,.npz,1233074,1.175951,2026-09-22T13:27:46,b71e5b4fbcdd8bca4d83c8ae812a49136517427d2364eabbf0d473567e0fda36,01_raw_data,False,False,,
<SOURCE_ROOT>/Caltrans PeMS/00_DATA_AUDIT/13_PERCENT_OBSERVED_SEMANTICS/99_TEMP/2026-03-24.npz,Caltrans PeMS/00_DATA_AUDIT/13_PERCENT_OBSERVED_SEMANTICS/99_TEMP/2026-03-24.npz,2026-03-24.npz,.npz,1245988,1.188267,2026-09-22T13:27:45,ae10d4100010544f09c3abb47e8e248d392135fc791043e123b885d84f98c93a,01_raw_data,False,False,,
<SOURCE_ROOT>/Caltrans PeMS/00_DATA_AUDIT/13_PERCENT_OBSERVED_SEMANTICS/99_TEMP/2026-03-25.npz,Caltrans PeMS/00_DATA_AUDIT/13_PERCENT_OBSERVED_SEMANTICS/99_TEMP/2026-03-25.npz,2026-03-25.npz,.npz,1240842,1.183359,2026-09-22T13:27:46,e9a28ce22a0435a0d8fa5c80c7d601ca348efab4901e9a5aecf8434f11cb3817,01_raw_data,False,False,,
<SOURCE_ROOT>/Caltrans PeMS/00_DATA_AUDIT/13_PERCENT_OBSERVED_SEMANTICS/99_TEMP/2026-03-26.npz,Caltrans PeMS/00_DATA_AUDIT/13_PERCENT_OBSERVED_SEMANTICS/99_TEMP/2026-03-26.npz,2026-03-26.npz,.npz,1207819,1.151866,2026-09-22T13:27:49,fa0ed74e5866a2526e1588123ee19c7a720358c99898e92df15b350c9b39491e,01_raw_data,False,False,,
<SOURCE_ROOT>/Caltrans PeMS/00_DATA_AUDIT/13_PERCENT_OBSERVED_SEMANTICS/99_TEMP/2026-03-27.npz,Caltrans PeMS/00_DATA_AUDIT/13_PERCENT_OBSERVED_SEMANTICS/99_TEMP/2026-03-27.npz,2026-03-27.npz,.npz,1218680,1.162224,2026-09-22T13:27:50,82580a9a06496e889e30f8223b21742539ea405509ea5c5e753e4f307d3ad499,01_raw_data,False,False,,
<SOURCE_ROOT>/Caltrans PeMS/00_DATA_AUDIT/13_PERCENT_OBSERVED_SEMANTICS/99_TEMP/2026-03-28.npz,Caltrans PeMS/00_DATA_AUDIT/13_PERCENT_OBSERVED_SEMANTICS/99_TEMP/2026-03-28.npz,2026-03-28.npz,.npz,1178264,1.12368,2026-09-22T13:27:49,e20855dd180e4a9d5ed274f4db7ae00e8ae46e898e2b8a33ff63b184395a2656,01_raw_data,False,False,,
<SOURCE_ROOT>/Caltrans PeMS/00_DATA_AUDIT/13_PERCENT_OBSERVED_SEMANTICS/99_TEMP/2026-03-29.npz,Caltrans PeMS/00_DATA_AUDIT/13_PERCENT_OBSERVED_SEMANTICS/99_TEMP/2026-03-29.npz,2026-03-29.npz,.npz,1155934,1.102385,2026-09-22T13:27:49,6f11fa22c0ab3f84336634d33bafa20fed04658d7038a1dc1330e679018b8bf1,01_raw_data,False,False,,
<SOURCE_ROOT>/Caltrans PeMS/00_DATA_AUDIT/13_PERCENT_OBSERVED_SEMANTICS/99_TEMP/2026-03-30.npz,Caltrans PeMS/00_DATA_AUDIT/13_PERCENT_OBSERVED_SEMANTICS/99_TEMP/2026-03-30.npz,2026-03-30.npz,.npz,1204729,1.148919,2026-09-22T13:27:53,834db59a972efecda3c25408dd8935fcba71fb4c04e4b0826692888f21fe0e9d,01_raw_data,False,False,,
<SOURCE_ROOT>/Caltrans PeMS/00_DATA_AUDIT/13_PERCENT_OBSERVED_SEMANTICS/99_TEMP/2026-03-31.npz,Caltrans PeMS/00_DATA_AUDIT/13_PERCENT_OBSERVED_SEMANTICS/99_TEMP/2026-03-31.npz,2026-03-31.npz,.npz,1222694,1.166052,2026-09-22T13:27:53,fd708ab53f1972cb9c254315b89deed619f53871c0195f7bb090f9caf4ba648e,01_raw_data,False,False,,
<SOURCE_ROOT>/Caltrans PeMS/00_DATA_AUDIT/13_PERCENT_OBSERVED_SEMANTICS/99_TEMP/2026-04-01.npz,Caltrans PeMS/00_DATA_AUDIT/13_PERCENT_OBSERVED_SEMANTICS/99_TEMP/2026-04-01.npz,2026-04-01.npz,.npz,1264872,1.206276,2026-09-22T13:27:53,a8b609ba378208ea0853335cc2cf8f82592519579d82a5a2e3d7633bf98f91af,01_raw_data,False,False,,
<SOURCE_ROOT>/Caltrans PeMS/00_DATA_AUDIT/13_PERCENT_OBSERVED_SEMANTICS/99_TEMP/2026-04-02.npz,Caltrans PeMS/00_DATA_AUDIT/13_PERCENT_OBSERVED_SEMANTICS/99_TEMP/2026-04-02.npz,2026-04-02.npz,.npz,1221098,1.16453,2026-09-22T13:27:53,ac24e91492149e488c3e6a4a23453892328ba3c5fb5d45cc9842b52d9690a893,01_raw_data,False,False,,
<SOURCE_ROOT>/Caltrans PeMS/00_DATA_AUDIT/13_PERCENT_OBSERVED_SEMANTICS/99_TEMP/2026-04-03.npz,Caltrans PeMS/00_DATA_AUDIT/13_PERCENT_OBSERVED_SEMANTICS/99_TEMP/2026-04-03.npz,2026-04-03.npz,.npz,1232551,1.175452,2026-09-22T13:27:57,c93b07d969b5bc53f8fbc9c9a745f0a7d3b1674559475d8aa8cd418289b868db,01_raw_data,False,False,,
<SOURCE_ROOT>/Caltrans PeMS/00_DATA_AUDIT/13_PERCENT_OBSERVED_SEMANTICS/99_TEMP/2026-04-04.npz,Caltrans PeMS/00_DATA_AUDIT/13_PERCENT_OBSERVED_SEMANTICS/99_TEMP/2026-04-04.npz,2026-04-04.npz,.npz,1193678,1.13838,2026-09-22T13:27:57,6b9640d5b3982e998ed611436b73098fd5f9d12ad32c103ab825a9534c5b6c22,01_raw_data,False,False,,
<SOURCE_ROOT>/Caltrans PeMS/00_DATA_AUDIT/13_PERCENT_OBSERVED_SEMANTICS/99_TEMP/2026-04-05.npz,Caltrans PeMS/00_DATA_AUDIT/13_PERCENT_OBSERVED_SEMANTICS/99_TEMP/2026-04-05.npz,2026-04-05.npz,.npz,1148650,1.095438,2026-09-22T13:27:57,3bb38f2ecb4c6387cd7c31c16719c36c787adc355251ced58e23baac3665f94c,01_raw_data,False,False,,
<SOURCE_ROOT>/Caltrans PeMS/00_DATA_AUDIT/13_PERCENT_OBSERVED_SEMANTICS/99_TEMP/2026-04-06.npz,Caltrans PeMS/00_DATA_AUDIT/13_PERCENT_OBSERVED_SEMANTICS/99_TEMP/2026-04-06.npz,2026-04-06.npz,.npz,1207606,1.151663,2026-09-22T13:27:57,374d501e16b457db49710ae5b47acdc2b9b38cd74aa450a5485e0edca453d5ea,01_raw_data,False,False,,
<SOURCE_ROOT>/Caltrans PeMS/00_DATA_AUDIT/13_PERCENT_OBSERVED_SEMANTICS/99_TEMP/2026-04-07.npz,Caltrans PeMS/00_DATA_AUDIT/13_PERCENT_OBSERVED_SEMANTICS/99_TEMP/2026-04-07.npz,2026-04-07.npz,.npz,1224871,1.168128,2026-09-22T13:28:01,fdf577d446f343709ba8042d55eb002527e1dbc019036decfcc128c57bf5aabc,01_raw_data,False,False,,
<SOURCE_ROOT>/Caltrans PeMS/00_DATA_AUDIT/13_PERCENT_OBSERVED_SEMANTICS/99_TEMP/2026-04-08.npz,Caltrans PeMS/00_DATA_AUDIT/13_PERCENT_OBSERVED_SEMANTICS/99_TEMP/2026-04-08.npz,2026-04-08.npz,.npz,1252477,1.194455,2026-09-22T13:28:01,ae44ca45177d4bb42199bda9edd4a2f5ced04217054c5c9a2b00173b002a25dc,01_raw_data,False,False,,
<SOURCE_ROOT>/Caltrans PeMS/00_DATA_AUDIT/13_PERCENT_OBSERVED_SEMANTICS/99_TEMP/2026-04-09.npz,Caltrans PeMS/00_DATA_AUDIT/13_PERCENT_OBSERVED_SEMANTICS/99_TEMP/2026-04-09.npz,2026-04-09.npz,.npz,1225190,1.168432,2026-09-22T13:28:00,4bf4b877167eee0a60a85e1a718eee4e762aec93574551b2899d445a11917a39,01_raw_data,False,False,,
<SOURCE_ROOT>/Caltrans PeMS/00_DATA_AUDIT/13_PERCENT_OBSERVED_SEMANTICS/99_TEMP/2026-04-10.npz,Caltrans PeMS/00_DATA_AUDIT/13_PERCENT_OBSERVED_SEMANTICS/99_TEMP/2026-04-10.npz,2026-04-10.npz,.npz,1238346,1.180979,2026-09-22T13:28:01,5875122844bb49c167c0144fea8077257eded5456994580e84587661f58c0616,01_raw_data,False,False,,
<SOURCE_ROOT>/Caltrans PeMS/00_DATA_AUDIT/13_PERCENT_OBSERVED_SEMANTICS/99_TEMP/2026-04-11.npz,Caltrans PeMS/00_DATA_AUDIT/13_PERCENT_OBSERVED_SEMANTICS/99_TEMP/2026-04-11.npz,2026-04-11.npz,.npz,1185454,1.130537,2026-09-22T13:28:04,51a8c2ccf7d64e214fc3d0c490829f20125a86d6daea7bffc58c4a0aab9913db,01_raw_data,False,False,,
<SOURCE_ROOT>/Caltrans PeMS/00_DATA_AUDIT/13_PERCENT_OBSERVED_SEMANTICS/99_TEMP/2026-04-12.npz,Caltrans PeMS/00_DATA_AUDIT/13_PERCENT_OBSERVED_SEMANTICS/99_TEMP/2026-04-12.npz,2026-04-12.npz,.npz,1130304,1.077942,2026-09-22T13:28:05,846cc128974473ddcee82056827630783ddca698c15cd932c334ae8424c4f830,01_raw_data,False,False,,
<SOURCE_ROOT>/Caltrans PeMS/00_DATA_AUDIT/13_PERCENT_OBSERVED_SEMANTICS/99_TEMP/2026-04-13.npz,Caltrans PeMS/00_DATA_AUDIT/13_PERCENT_OBSERVED_SEMANTICS/99_TEMP/2026-04-13.npz,2026-04-13.npz,.npz,1225612,1.168835,2026-09-22T13:28:04,3a66a0e231f47a22ba5afb23a582438394ee436ad1a82c6f32ce1b007e8a8a68,01_raw_data,False,False,,
<SOURCE_ROOT>/Caltrans PeMS/00_DATA_AUDIT/13_PERCENT_OBSERVED_SEMANTICS/99_TEMP/2026-04-14.npz,Caltrans PeMS/00_DATA_AUDIT/13_PERCENT_OBSERVED_SEMANTICS/99_TEMP/2026-04-14.npz,2026-04-14.npz,.npz,1242829,1.185254,2026-09-22T13:28:04,d9f32898e710c2e0ad18e958def4dbd91fc5e016a0ed5c7b5acaf2a3f14c5b88,01_raw_data,False,False,,
<SOURCE_ROOT>/Caltrans PeMS/00_DATA_AUDIT/13_PERCENT_OBSERVED_SEMANTICS/99_TEMP/2026-04-15.npz,Caltrans PeMS/00_DATA_AUDIT/13_PERCENT_OBSERVED_SEMANTICS/99_TEMP/2026-04-15.npz,2026-04-15.npz,.npz,1230416,1.173416,2026-09-22T13:28:08,baeba6e469649c0d4cf2998557232564d8d8fa8a176250c3ce9699397e06bf50,01_raw_data,False,False,,
<SOURCE_ROOT>/Caltrans PeMS/00_DATA_AUDIT/13_PERCENT_OBSERVED_SEMANTICS/99_TEMP/2026-04-16.npz,Caltrans PeMS/00_DATA_AUDIT/13_PERCENT_OBSERVED_SEMANTICS/99_TEMP/2026-04-16.npz,2026-04-16.npz,.npz,1253374,1.195311,2026-09-22T13:28:08,4c65f64f3aece1e96eede4967aef0272fa640c6ee21432e20ff122bbce050c85,01_raw_data,False,False,,
<SOURCE_ROOT>/Caltrans PeMS/00_DATA_AUDIT/13_PERCENT_OBSERVED_SEMANTICS/99_TEMP/2026-04-17.npz,Caltrans PeMS/00_DATA_AUDIT/13_PERCENT_OBSERVED_SEMANTICS/99_TEMP/2026-04-17.npz,2026-04-17.npz,.npz,1208521,1.152535,2026-09-22T13:28:08,3fc03ba60b5f17d061d28be243c9de123470962a086f15fbafda0a598521c651,01_raw_data,False,False,,
<SOURCE_ROOT>/Caltrans PeMS/00_DATA_AUDIT/13_PERCENT_OBSERVED_SEMANTICS/99_TEMP/2026-04-18.npz,Caltrans PeMS/00_DATA_AUDIT/13_PERCENT_OBSERVED_SEMANTICS/99_TEMP/2026-04-18.npz,2026-04-18.npz,.npz,1184346,1.12948,2026-09-22T13:28:08,3e1bccb797e257f82bd4107158d8742c371835846f0558c87fae7200153025db,01_raw_data,False,False,,
<SOURCE_ROOT>/Caltrans PeMS/00_DATA_AUDIT/13_PERCENT_OBSERVED_SEMANTICS/99_TEMP/2026-04-19.npz,Caltrans PeMS/00_DATA_AUDIT/13_PERCENT_OBSERVED_SEMANTICS/99_TEMP/2026-04-19.npz,2026-04-19.npz,.npz,1109670,1.058264,2026-09-22T13:28:12,e6bccccffc2604234fbc99c5521a67101506b77454b81959bd797995d6066459,01_raw_data,False,False,,
<SOURCE_ROOT>/Caltrans PeMS/00_DATA_AUDIT/13_PERCENT_OBSERVED_SEMANTICS/99_TEMP/2026-04-20.npz,Caltrans PeMS/00_DATA_AUDIT/13_PERCENT_OBSERVED_SEMANTICS/99_TEMP/2026-04-20.npz,2026-04-20.npz,.npz,1225004,1.168255,2026-09-22T13:28:12,29bbbe0052e6662fec9d5b0040b79cac1f1ad43b2ae9dbeb6243441ebf4e10d6,01_raw_data,False,False,,
<SOURCE_ROOT>/Caltrans PeMS/00_DATA_AUDIT/13_PERCENT_OBSERVED_SEMANTICS/99_TEMP/2026-04-21.npz,Caltrans PeMS/00_DATA_AUDIT/13_PERCENT_OBSERVED_SEMANTICS/99_TEMP/2026-04-21.npz,2026-04-21.npz,.npz,1238779,1.181392,2026-09-22T13:28:12,652d13446ffbd0821c00a9c4f8a5a5ed081d2dcc408b7ca4109b1d47cff2144c,01_raw_data,False,False,,
<SOURCE_ROOT>/Caltrans PeMS/00_DATA_AUDIT/13_PERCENT_OBSERVED_SEMANTICS/99_TEMP/2026-04-22.npz,Caltrans PeMS/00_DATA_AUDIT/13_PERCENT_OBSERVED_SEMANTICS/99_TEMP/2026-04-22.npz,2026-04-22.npz,.npz,1270657,1.211793,2026-09-22T13:28:12,1ad4be70ce615077ff0cf33b120ec80a5543024270bcabf6c695d8631b9f9335,01_raw_data,False,False,,
<SOURCE_ROOT>/Caltrans PeMS/00_DATA_AUDIT/13_PERCENT_OBSERVED_SEMANTICS/99_TEMP/2026-04-23.npz,Caltrans PeMS/00_DATA_AUDIT/13_PERCENT_OBSERVED_SEMANTICS/99_TEMP/2026-04-23.npz,2026-04-23.npz,.npz,1245587,1.187884,2026-09-22T13:28:16,33592ce5c095cad778e0f5dcb4c0a0209321ea8c096421062ea282b3bc293913,01_raw_data,False,False,,
<SOURCE_ROOT>/Caltrans PeMS/00_DATA_AUDIT/13_PERCENT_OBSERVED_SEMANTICS/99_TEMP/2026-04-24.npz,Caltrans PeMS/00_DATA_AUDIT/13_PERCENT_OBSERVED_SEMANTICS/99_TEMP/2026-04-24.npz,2026-04-24.npz,.npz,1245963,1.188243,2026-09-22T13:28:16,b3bb61b19e7ecaa0831a4dc5e8e4d9a695af612b33ebc5fd8acc7dc1492b6d61,01_raw_data,False,False,,
<SOURCE_ROOT>/Caltrans PeMS/00_DATA_AUDIT/13_PERCENT_OBSERVED_SEMANTICS/99_TEMP/2026-04-25.npz,Caltrans PeMS/00_DATA_AUDIT/13_PERCENT_OBSERVED_SEMANTICS/99_TEMP/2026-04-25.npz,2026-04-25.npz,.npz,1174520,1.12011,2026-09-22T13:28:15,3bb94f6d22a7e038f2033a7f8d88bba6f0f256e4734c89547d9a5ccc224bddfc,01_raw_data,False,False,,
<SOURCE_ROOT>/Caltrans PeMS/00_DATA_AUDIT/13_PERCENT_OBSERVED_SEMANTICS/99_TEMP/2026-04-26.npz,Caltrans PeMS/00_DATA_AUDIT/13_PERCENT_OBSERVED_SEMANTICS/99_TEMP/2026-04-26.npz,2026-04-26.npz,.npz,1142520,1.089592,2026-09-22T13:28:15,5494ed458b4bcd69f0a05e2fd5ec34ebf07b0ea30ddab38ec58c28ccb2d99f43,01_raw_data,False,False,,
<SOURCE_ROOT>/Caltrans PeMS/00_DATA_AUDIT/13_PERCENT_OBSERVED_SEMANTICS/99_TEMP/2026-04-27.npz,Caltrans PeMS/00_DATA_AUDIT/13_PERCENT_OBSERVED_SEMANTICS/99_TEMP/2026-04-27.npz,2026-04-27.npz,.npz,1223985,1.167283,2026-09-22T13:28:19,aaa56795fb88694a308001bc2fcba39b341f0a963a406813528b67626e86cc9d,01_raw_data,False,False,,
<SOURCE_ROOT>/Caltrans PeMS/00_DATA_AUDIT/13_PERCENT_OBSERVED_SEMANTICS/99_TEMP/2026-04-28.npz,Caltrans PeMS/00_DATA_AUDIT/13_PERCENT_OBSERVED_SEMANTICS/99_TEMP/2026-04-28.npz,2026-04-28.npz,.npz,1247805,1.19,2026-09-22T13:28:19,241b84c0ab347555f30f81f30bfb079c87dbbb7b725432f1af92b6906bbb9bb8,01_raw_data,False,False,,
<SOURCE_ROOT>/Caltrans PeMS/00_DATA_AUDIT/13_PERCENT_OBSERVED_SEMANTICS/99_TEMP/2026-04-29.npz,Caltrans PeMS/00_DATA_AUDIT/13_PERCENT_OBSERVED_SEMANTICS/99_TEMP/2026-04-29.npz,2026-04-29.npz,.npz,1269711,1.210891,2026-09-22T13:28:19,24b690162c31a3894137b2822385121771b0c235bd68017c15150abb2d788e32,01_raw_data,False,False,,
<SOURCE_ROOT>/Caltrans PeMS/00_DATA_AUDIT/13_PERCENT_OBSERVED_SEMANTICS/99_TEMP/2026-04-30.npz,Caltrans PeMS/00_DATA_AUDIT/13_PERCENT_OBSERVED_SEMANTICS/99_TEMP/2026-04-30.npz,2026-04-30.npz,.npz,1256648,1.198433,2026-09-22T13:28:19,e6c159b45959d00c73ce8cfb2c521323f5d3af31a010984b53f6713723dee467,01_raw_data,False,False,,
<SOURCE_ROOT>/Caltrans PeMS/00_DATA_AUDIT/13_PERCENT_OBSERVED_SEMANTICS/99_TEMP/2026-05-01.npz,Caltrans PeMS/00_DATA_AUDIT/13_PERCENT_OBSERVED_SEMANTICS/99_TEMP/2026-05-01.npz,2026-05-01.npz,.npz,1249858,1.191957,2026-09-22T13:28:23,8529cb42a69bfbd35ff6ac07a7e41b4844e73db4e28c1dc9d42f150bc559a7e0,01_raw_data,False,False,,
<SOURCE_ROOT>/Caltrans PeMS/00_DATA_AUDIT/13_PERCENT_OBSERVED_SEMANTICS/99_TEMP/2026-05-02.npz,Caltrans PeMS/00_DATA_AUDIT/13_PERCENT_OBSERVED_SEMANTICS/99_TEMP/2026-05-02.npz,2026-05-02.npz,.npz,1189842,1.134722,2026-09-22T13:28:23,acdf360b28153d1bc18835cc8c268fe89877a248b9d4272647f0eda0bffd0e2c,01_raw_data,False,False,,
<SOURCE_ROOT>/Caltrans PeMS/00_DATA_AUDIT/13_PERCENT_OBSERVED_SEMANTICS/99_TEMP/2026-05-03.npz,Caltrans PeMS/00_DATA_AUDIT/13_PERCENT_OBSERVED_SEMANTICS/99_TEMP/2026-05-03.npz,2026-05-03.npz,.npz,1133158,1.080664,2026-09-22T13:28:23,d8e21351d6fdfee56bd38daa04510b472766f0fda852f589bfef746debd41030,01_raw_data,False,False,,
<SOURCE_ROOT>/Caltrans PeMS/00_DATA_AUDIT/13_PERCENT_OBSERVED_SEMANTICS/99_TEMP/2026-05-04.npz,Caltrans PeMS/00_DATA_AUDIT/13_PERCENT_OBSERVED_SEMANTICS/99_TEMP/2026-05-04.npz,2026-05-04.npz,.npz,1216862,1.16049,2026-09-22T13:28:23,4bac9f542a490e0d319254000f3ef10aea4680784d6a14583b46d8ee3b245902,01_raw_data,False,False,,
<SOURCE_ROOT>/Caltrans PeMS/00_DATA_AUDIT/13_PERCENT_OBSERVED_SEMANTICS/99_TEMP/2026-05-05.npz,Caltrans PeMS/00_DATA_AUDIT/13_PERCENT_OBSERVED_SEMANTICS/99_TEMP/2026-05-05.npz,2026-05-05.npz,.npz,1219937,1.163423,2026-09-22T13:28:27,fdb73d54842371970ed4de63ebe7758d87b1255669ff42f4a424986bbe2375a1,01_raw_data,False,False,,
<SOURCE_ROOT>/Caltrans PeMS/00_DATA_AUDIT/13_PERCENT_OBSERVED_SEMANTICS/99_TEMP/2026-05-06.npz,Caltrans PeMS/00_DATA_AUDIT/13_PERCENT_OBSERVED_SEMANTICS/99_TEMP/2026-05-06.npz,2026-05-06.npz,.npz,1231883,1.174815,2026-09-22T13:28:27,a0e5baba4cf5a8478483dc702191bce83df94fee527a3ad7c58c5711d2bc7cbc,01_raw_data,False,False,,
<SOURCE_ROOT>/Caltrans PeMS/00_DATA_AUDIT/13_PERCENT_OBSERVED_SEMANTICS/99_TEMP/2026-05-07.npz,Caltrans PeMS/00_DATA_AUDIT/13_PERCENT_OBSERVED_SEMANTICS/99_TEMP/2026-05-07.npz,2026-05-07.npz,.npz,1221146,1.164576,2026-09-22T13:28:26,9a4fccc2543ebd11b5bbe95f907df370b765505450b81b6297e48216d06b0853,01_raw_data,False,False,,
<SOURCE_ROOT>/Caltrans PeMS/00_DATA_AUDIT/13_PERCENT_OBSERVED_SEMANTICS/99_TEMP/2026-05-08.npz,Caltrans PeMS/00_DATA_AUDIT/13_PERCENT_OBSERVED_SEMANTICS/99_TEMP/2026-05-08.npz,2026-05-08.npz,.npz,1219148,1.16267,2026-09-22T13:28:27,56cd64f9638cc6d1a6a7aeede3ce6ba7a690e5e9f840c8790cf38433a4d101fa,01_raw_data,False,False,,
<SOURCE_ROOT>/Caltrans PeMS/00_DATA_AUDIT/13_PERCENT_OBSERVED_SEMANTICS/99_TEMP/2026-05-09.npz,Caltrans PeMS/00_DATA_AUDIT/13_PERCENT_OBSERVED_SEMANTICS/99_TEMP/2026-05-09.npz,2026-05-09.npz,.npz,1204474,1.148676,2026-09-22T13:28:30,79570ee39bbcfb0c438f3d810ea864595f7b813ffcf5e99e2adf33b440e4f915,01_raw_data,False,False,,
<SOURCE_ROOT>/Caltrans PeMS/00_DATA_AUDIT/13_PERCENT_OBSERVED_SEMANTICS/99_TEMP/2026-05-10.npz,Caltrans PeMS/00_DATA_AUDIT/13_PERCENT_OBSERVED_SEMANTICS/99_TEMP/2026-05-10.npz,2026-05-10.npz,.npz,1067150,1.017714,2026-09-22T13:28:30,b6b68623cfcc4117cafddcb3366e7c318f1bb88f56ccf642cdf34d92a8f12f65,01_raw_data,False,False,,
<SOURCE_ROOT>/Caltrans PeMS/00_DATA_AUDIT/13_PERCENT_OBSERVED_SEMANTICS/99_TEMP/2026-05-11.npz,Caltrans PeMS/00_DATA_AUDIT/13_PERCENT_OBSERVED_SEMANTICS/99_TEMP/2026-05-11.npz,2026-05-11.npz,.npz,1181831,1.127082,2026-09-22T13:28:30,fed08d1ec6251c137ac2a0665b060b986d1908a47e59918569674ca752df01e3,01_raw_data,False,False,,
<SOURCE_ROOT>/Caltrans PeMS/00_DATA_AUDIT/13_PERCENT_OBSERVED_SEMANTICS/99_TEMP/2026-05-12.npz,Caltrans PeMS/00_DATA_AUDIT/13_PERCENT_OBSERVED_SEMANTICS/99_TEMP/2026-05-12.npz,2026-05-12.npz,.npz,1252507,1.194484,2026-09-22T13:28:30,ee282483c6391d5455ec3aa275cdf56e20f9c9e5e6ef48b21be5ebeb726b6171,01_raw_data,False,False,,
<SOURCE_ROOT>/Caltrans PeMS/00_DATA_AUDIT/13_PERCENT_OBSERVED_SEMANTICS/99_TEMP/2026-05-13.npz,Caltrans PeMS/00_DATA_AUDIT/13_PERCENT_OBSERVED_SEMANTICS/99_TEMP/2026-05-13.npz,2026-05-13.npz,.npz,1231519,1.174468,2026-09-22T13:28:34,e821f94e914bfafcf018c494e4cb1841da537c3b189a9099aa38be26e0c6bc04,01_raw_data,False,False,,
<SOURCE_ROOT>/Caltrans PeMS/00_DATA_AUDIT/13_PERCENT_OBSERVED_SEMANTICS/99_TEMP/2026-05-14.npz,Caltrans PeMS/00_DATA_AUDIT/13_PERCENT_OBSERVED_SEMANTICS/99_TEMP/2026-05-14.npz,2026-05-14.npz,.npz,1244652,1.186993,2026-09-22T13:28:34,37b456bd7f2b84e18e33fa7e4ecd423eef13b812fa17f42ac502a7ce2a44c9c8,01_raw_data,False,False,,
<SOURCE_ROOT>/Caltrans PeMS/00_DATA_AUDIT/13_PERCENT_OBSERVED_SEMANTICS/99_TEMP/2026-05-15.npz,Caltrans PeMS/00_DATA_AUDIT/13_PERCENT_OBSERVED_SEMANTICS/99_TEMP/2026-05-15.npz,2026-05-15.npz,.npz,1203894,1.148123,2026-09-22T13:28:34,af8be26261f2c367bd2c968cf91b7fb744fa1359c47a399b51c8ca904b1665b2,01_raw_data,False,False,,
<SOURCE_ROOT>/Caltrans PeMS/00_DATA_AUDIT/13_PERCENT_OBSERVED_SEMANTICS/99_TEMP/2026-05-16.npz,Caltrans PeMS/00_DATA_AUDIT/13_PERCENT_OBSERVED_SEMANTICS/99_TEMP/2026-05-16.npz,2026-05-16.npz,.npz,1227507,1.170642,2026-09-22T13:28:34,b3fe42ca921738a9a42bc4512f1b429d0b4fdef0449cc0d3fcfd6ce10f70ce71,01_raw_data,False,False,,
<SOURCE_ROOT>/Caltrans PeMS/00_DATA_AUDIT/13_PERCENT_OBSERVED_SEMANTICS/99_TEMP/2026-05-17.npz,Caltrans PeMS/00_DATA_AUDIT/13_PERCENT_OBSERVED_SEMANTICS/99_TEMP/2026-05-17.npz,2026-05-17.npz,.npz,1170873,1.116632,2026-09-22T13:28:38,9492dfbcc16dcf53347015497533c6766763d86ba991ea34db191fe56ebb4899,01_raw_data,False,False,,
<SOURCE_ROOT>/Caltrans PeMS/00_DATA_AUDIT/13_PERCENT_OBSERVED_SEMANTICS/99_TEMP/2026-05-18.npz,Caltrans PeMS/00_DATA_AUDIT/13_PERCENT_OBSERVED_SEMANTICS/99_TEMP/2026-05-18.npz,2026-05-18.npz,.npz,1268368,1.20961,2026-09-22T13:28:38,642c1b9b9e303d8a78a75ca0340f155993d4daf347bb29bda54958b880b8402b,01_raw_data,False,False,,
<SOURCE_ROOT>/Caltrans PeMS/00_DATA_AUDIT/13_PERCENT_OBSERVED_SEMANTICS/99_TEMP/2026-05-19.npz,Caltrans PeMS/00_DATA_AUDIT/13_PERCENT_OBSERVED_SEMANTICS/99_TEMP/2026-05-19.npz,2026-05-19.npz,.npz,1270850,1.211977,2026-09-22T13:28:37,348527dd935220a5ac5307dfa533a60d0d58b9b0ab20673914ec9614aa669eba,01_raw_data,False,False,,
<SOURCE_ROOT>/Caltrans PeMS/00_DATA_AUDIT/13_PERCENT_OBSERVED_SEMANTICS/99_TEMP/2026-05-20.npz,Caltrans PeMS/00_DATA_AUDIT/13_PERCENT_OBSERVED_SEMANTICS/99_TEMP/2026-05-20.npz,2026-05-20.npz,.npz,1279362,1.220095,2026-09-22T13:28:38,41406a5507839c35cd3edc098de265faf5a3a893a1e91d428f5c982edc6bfa3d,01_raw_data,False,False,,
<SOURCE_ROOT>/Caltrans PeMS/00_DATA_AUDIT/13_PERCENT_OBSERVED_SEMANTICS/99_TEMP/2026-05-21.npz,Caltrans PeMS/00_DATA_AUDIT/13_PERCENT_OBSERVED_SEMANTICS/99_TEMP/2026-05-21.npz,2026-05-21.npz,.npz,1256336,1.198135,2026-09-22T13:28:41,4093f84eec77b5ec60f88d206633e97879acce6f5fbf042769e0081e07c1ee36,01_raw_data,False,False,,
<SOURCE_ROOT>/Caltrans PeMS/00_DATA_AUDIT/13_PERCENT_OBSERVED_SEMANTICS/99_TEMP/2026-05-22.npz,Caltrans PeMS/00_DATA_AUDIT/13_PERCENT_OBSERVED_SEMANTICS/99_TEMP/2026-05-22.npz,2026-05-22.npz,.npz,1232547,1.175448,2026-09-22T13:28:42,962219e6b33e677d3fa55f9aab83eaee528efd756266c98460968aa99642d95f,01_raw_data,False,False,,
<SOURCE_ROOT>/Caltrans PeMS/00_DATA_AUDIT/13_PERCENT_OBSERVED_SEMANTICS/99_TEMP/2026-05-23.npz,Caltrans PeMS/00_DATA_AUDIT/13_PERCENT_OBSERVED_SEMANTICS/99_TEMP/2026-05-23.npz,2026-05-23.npz,.npz,1169160,1.114998,2026-09-22T13:28:41,74606de6fda259176a452f472ef38d6f1d4b7e4ed03756220f04f186c7785a09,01_raw_data,False,False,,
<SOURCE_ROOT>/Caltrans PeMS/00_DATA_AUDIT/13_PERCENT_OBSERVED_SEMANTICS/99_TEMP/2026-05-24.npz,Caltrans PeMS/00_DATA_AUDIT/13_PERCENT_OBSERVED_SEMANTICS/99_TEMP/2026-05-24.npz,2026-05-24.npz,.npz,1125532,1.073391,2026-09-22T13:28:41,f5bb428672ba65bac89c7f0c629989c9692ad6454a6ba06224e2ae19299838d9,01_raw_data,False,False,,
<SOURCE_ROOT>/Caltrans PeMS/00_DATA_AUDIT/13_PERCENT_OBSERVED_SEMANTICS/99_TEMP/2026-05-25.npz,Caltrans PeMS/00_DATA_AUDIT/13_PERCENT_OBSERVED_SEMANTICS/99_TEMP/2026-05-25.npz,2026-05-25.npz,.npz,1188185,1.133142,2026-09-22T13:28:45,626199b4ec8556bb98bd0ea616a9cea5b9fab1151a94f2f245e388469cb17cce,01_raw_data,False,False,,
<SOURCE_ROOT>/Caltrans PeMS/00_DATA_AUDIT/13_PERCENT_OBSERVED_SEMANTICS/99_TEMP/2026-05-26.npz,Caltrans PeMS/00_DATA_AUDIT/13_PERCENT_OBSERVED_SEMANTICS/99_TEMP/2026-05-26.npz,2026-05-26.npz,.npz,1030197,0.982472,2026-09-22T13:28:45,b983638a0c1495b5d6507f2d71f617ffc8579031965b3a84640de3fa04167949,01_raw_data,False,False,,
<SOURCE_ROOT>/Caltrans PeMS/00_DATA_AUDIT/13_PERCENT_OBSERVED_SEMANTICS/99_TEMP/2026-05-27.npz,Caltrans PeMS/00_DATA_AUDIT/13_PERCENT_OBSERVED_SEMANTICS/99_TEMP/2026-05-27.npz,2026-05-27.npz,.npz,900663,0.858939,2026-09-22T13:28:45,acf4f83fa12d29fdd4da0ade3c17912f2171d898eca8bd49cf4f45916ccc9e65,01_raw_data,False,False,,
<SOURCE_ROOT>/Caltrans PeMS/00_DATA_AUDIT/13_PERCENT_OBSERVED_SEMANTICS/99_TEMP/2026-05-28.npz,Caltrans PeMS/00_DATA_AUDIT/13_PERCENT_OBSERVED_SEMANTICS/99_TEMP/2026-05-28.npz,2026-05-28.npz,.npz,1088588,1.038158,2026-09-22T13:28:45,3aaf71cc39b327b266bab197abd1bad6cde00b294aedd4d5fdefd8079809b208,01_raw_data,False,False,,
<SOURCE_ROOT>/Caltrans PeMS/00_DATA_AUDIT/13_PERCENT_OBSERVED_SEMANTICS/99_TEMP/2026-05-29.npz,Caltrans PeMS/00_DATA_AUDIT/13_PERCENT_OBSERVED_SEMANTICS/99_TEMP/2026-05-29.npz,2026-05-29.npz,.npz,1235802,1.178553,2026-09-22T13:28:49,cdba62e204a5b33f04aa03c57c949bae4f264321e354847db781bea4839adc77,01_raw_data,False,False,,
<SOURCE_ROOT>/Caltrans PeMS/00_DATA_AUDIT/13_PERCENT_OBSERVED_SEMANTICS/99_TEMP/2026-05-30.npz,Caltrans PeMS/00_DATA_AUDIT/13_PERCENT_OBSERVED_SEMANTICS/99_TEMP/2026-05-30.npz,2026-05-30.npz,.npz,1230206,1.173216,2026-09-22T13:28:49,e8e499b1b30b029f0946c5d37b3431a4b715bd0f616c3bad5db60af2847cd423,01_raw_data,False,False,,
<SOURCE_ROOT>/Caltrans PeMS/00_DATA_AUDIT/13_PERCENT_OBSERVED_SEMANTICS/99_TEMP/2026-05-31.npz,Caltrans PeMS/00_DATA_AUDIT/13_PERCENT_OBSERVED_SEMANTICS/99_TEMP/2026-05-31.npz,2026-05-31.npz,.npz,1167224,1.113152,2026-09-22T13:28:48,b391ea8050119383fe5a21f95395df5bcce74474b25837179a113fd587f74d17,01_raw_data,False,False,,
<SOURCE_ROOT>/Caltrans PeMS/00_DATA_AUDIT/13_PERCENT_OBSERVED_SEMANTICS/99_TEMP/2026-06-01.npz,Caltrans PeMS/00_DATA_AUDIT/13_PERCENT_OBSERVED_SEMANTICS/99_TEMP/2026-06-01.npz,2026-06-01.npz,.npz,1255663,1.197494,2026-09-22T13:28:49,50543ad3a99ed6dca2cf2d2c85d5df537f23949602573eef2569a0e4795214f2,01_raw_data,False,False,,
<SOURCE_ROOT>/Caltrans PeMS/00_DATA_AUDIT/13_PERCENT_OBSERVED_SEMANTICS/99_TEMP/2026-06-02.npz,Caltrans PeMS/00_DATA_AUDIT/13_PERCENT_OBSERVED_SEMANTICS/99_TEMP/2026-06-02.npz,2026-06-02.npz,.npz,1269056,1.210266,2026-09-22T13:28:53,448cd4670cdcb8a8b2903267d34520453b6c1f542a10065b5cf27721c9ad40ca,01_raw_data,False,False,,
<SOURCE_ROOT>/Caltrans PeMS/00_DATA_AUDIT/13_PERCENT_OBSERVED_SEMANTICS/99_TEMP/2026-06-03.npz,Caltrans PeMS/00_DATA_AUDIT/13_PERCENT_OBSERVED_SEMANTICS/99_TEMP/2026-06-03.npz,2026-06-03.npz,.npz,1267981,1.209241,2026-09-22T13:28:53,0770f6dab49ded4e332f04fa65f3520d709df6b3885a890d9275ff9c3facac09,01_raw_data,False,False,,
<SOURCE_ROOT>/Caltrans PeMS/00_DATA_AUDIT/13_PERCENT_OBSERVED_SEMANTICS/99_TEMP/2026-06-04.npz,Caltrans PeMS/00_DATA_AUDIT/13_PERCENT_OBSERVED_SEMANTICS/99_TEMP/2026-06-04.npz,2026-06-04.npz,.npz,1256788,1.198566,2026-09-22T13:28:52,9617753c39a1827c4d366e11c6168d464a16739c2c5cda8288a212b9ccb56dce,01_raw_data,False,False,,
<SOURCE_ROOT>/Caltrans PeMS/00_DATA_AUDIT/13_PERCENT_OBSERVED_SEMANTICS/99_TEMP/2026-06-05.npz,Caltrans PeMS/00_DATA_AUDIT/13_PERCENT_OBSERVED_SEMANTICS/99_TEMP/2026-06-05.npz,2026-06-05.npz,.npz,1249772,1.191875,2026-09-22T13:28:52,3b75ae45e549b2b94a8fb40f091f489671278efb91d6a297dffc3d91b6a7e19d,01_raw_data,False,False,,
<SOURCE_ROOT>/Caltrans PeMS/00_DATA_AUDIT/13_PERCENT_OBSERVED_SEMANTICS/99_TEMP/2026-06-06.npz,Caltrans PeMS/00_DATA_AUDIT/13_PERCENT_OBSERVED_SEMANTICS/99_TEMP/2026-06-06.npz,2026-06-06.npz,.npz,1214219,1.157969,2026-09-22T13:28:56,53bd92d47ac8b4d0bed4c199ba940e12ed617f0ee5afa5dd979931f4bb0d5a46,01_raw_data,False,False,,
<SOURCE_ROOT>/Caltrans PeMS/00_DATA_AUDIT/13_PERCENT_OBSERVED_SEMANTICS/99_TEMP/2026-06-07.npz,Caltrans PeMS/00_DATA_AUDIT/13_PERCENT_OBSERVED_SEMANTICS/99_TEMP/2026-06-07.npz,2026-06-07.npz,.npz,1166702,1.112654,2026-09-22T13:28:56,bbfbb6216a170ec3d1305153d06a429a7c98f4119a282fb3a86d8625efb880fc,01_raw_data,False,False,,
<SOURCE_ROOT>/Caltrans PeMS/00_DATA_AUDIT/13_PERCENT_OBSERVED_SEMANTICS/99_TEMP/2026-06-08.npz,Caltrans PeMS/00_DATA_AUDIT/13_PERCENT_OBSERVED_SEMANTICS/99_TEMP/2026-06-08.npz,2026-06-08.npz,.npz,1251490,1.193514,2026-09-22T13:28:56,8de30fe998482e08903201edd0e1ee0c1d7792e557955198bf8ddeeff6909c7f,01_raw_data,False,False,,
<SOURCE_ROOT>/Caltrans PeMS/00_DATA_AUDIT/13_PERCENT_OBSERVED_SEMANTICS/99_TEMP/2026-06-09.npz,Caltrans PeMS/00_DATA_AUDIT/13_PERCENT_OBSERVED_SEMANTICS/99_TEMP/2026-06-09.npz,2026-06-09.npz,.npz,1261769,1.203317,2026-09-22T13:28:56,72a94a8e8c260a6d3e725285a55bb725ed5ddee8c12306de18bdd42773119dd0,01_raw_data,False,False,,
<SOURCE_ROOT>/Caltrans PeMS/00_DATA_AUDIT/13_PERCENT_OBSERVED_SEMANTICS/99_TEMP/2026-06-10.npz,Caltrans PeMS/00_DATA_AUDIT/13_PERCENT_OBSERVED_SEMANTICS/99_TEMP/2026-06-10.npz,2026-06-10.npz,.npz,1260673,1.202271,2026-09-22T13:29:00,e67d13a6a7ef6b6b5dd3792dc973e1d2281b2156052616a443a2d595c4e1b87c,01_raw_data,False,False,,
<SOURCE_ROOT>/Caltrans PeMS/00_DATA_AUDIT/13_PERCENT_OBSERVED_SEMANTICS/99_TEMP/2026-06-11.npz,Caltrans PeMS/00_DATA_AUDIT/13_PERCENT_OBSERVED_SEMANTICS/99_TEMP/2026-06-11.npz,2026-06-11.npz,.npz,1260185,1.201806,2026-09-22T13:29:00,aca80d83f28cc0a52e7334a1d0b254b963ee6d7c552f991d051517134e2c3c71,01_raw_data,False,False,,
<SOURCE_ROOT>/Caltrans PeMS/00_DATA_AUDIT/13_PERCENT_OBSERVED_SEMANTICS/99_TEMP/2026-06-12.npz,Caltrans PeMS/00_DATA_AUDIT/13_PERCENT_OBSERVED_SEMANTICS/99_TEMP/2026-06-12.npz,2026-06-12.npz,.npz,1254554,1.196436,2026-09-22T13:29:00,d033b7288410f88f53ef75bb7787a6f22d6933507dad254520bbe6b99dbb77ae,01_raw_data,False,False,,
<SOURCE_ROOT>/Caltrans PeMS/00_DATA_AUDIT/13_PERCENT_OBSERVED_SEMANTICS/99_TEMP/2026-06-13.npz,Caltrans PeMS/00_DATA_AUDIT/13_PERCENT_OBSERVED_SEMANTICS/99_TEMP/2026-06-13.npz,2026-06-13.npz,.npz,1211999,1.155852,2026-09-22T13:29:00,265e7f6cd569fdfafd5476e54d305e4c7189f15ae61a441d9c8440a0e3ca004a,01_raw_data,False,False,,
<SOURCE_ROOT>/Caltrans PeMS/00_DATA_AUDIT/13_PERCENT_OBSERVED_SEMANTICS/99_TEMP/2026-06-14.npz,Caltrans PeMS/00_DATA_AUDIT/13_PERCENT_OBSERVED_SEMANTICS/99_TEMP/2026-06-14.npz,2026-06-14.npz,.npz,1162205,1.108365,2026-09-22T13:29:04,3b849717dd6cb28625faf2b4e33749d8536bfa673d9802df4cff480c814d371a,01_raw_data,False,False,,
<SOURCE_ROOT>/Caltrans PeMS/00_DATA_AUDIT/13_PERCENT_OBSERVED_SEMANTICS/99_TEMP/2026-06-15.npz,Caltrans PeMS/00_DATA_AUDIT/13_PERCENT_OBSERVED_SEMANTICS/99_TEMP/2026-06-15.npz,2026-06-15.npz,.npz,1254196,1.196095,2026-09-22T13:29:04,6083c638b95ea87fff3233fb9d57f085a93f1399a806a4eb5e5658a529f3a049,01_raw_data,False,False,,
<SOURCE_ROOT>/Caltrans PeMS/00_DATA_AUDIT/13_PERCENT_OBSERVED_SEMANTICS/99_TEMP/2026-06-16.npz,Caltrans PeMS/00_DATA_AUDIT/13_PERCENT_OBSERVED_SEMANTICS/99_TEMP/2026-06-16.npz,2026-06-16.npz,.npz,1260068,1.201694,2026-09-22T13:29:03,8df5cb9d3d0d231efd418c7390b3bab7142b5ed3eacf533ed34de64495b052f7,01_raw_data,False,False,,
<SOURCE_ROOT>/Caltrans PeMS/00_DATA_AUDIT/13_PERCENT_OBSERVED_SEMANTICS/99_TEMP/2026-06-17.npz,Caltrans PeMS/00_DATA_AUDIT/13_PERCENT_OBSERVED_SEMANTICS/99_TEMP/2026-06-17.npz,2026-06-17.npz,.npz,1272052,1.213123,2026-09-22T13:29:04,58bbfc5563fd7a96e8becf287a2b26e0b8bc302817871641bb6f6cac9b937443,01_raw_data,False,False,,
<SOURCE_ROOT>/Caltrans PeMS/00_DATA_AUDIT/13_PERCENT_OBSERVED_SEMANTICS/99_TEMP/2026-06-18.npz,Caltrans PeMS/00_DATA_AUDIT/13_PERCENT_OBSERVED_SEMANTICS/99_TEMP/2026-06-18.npz,2026-06-18.npz,.npz,1254922,1.196787,2026-09-22T13:29:07,4a0feca0d734216286dd3b059f3f31666636b58633c79c2136def6fb00bd5919,01_raw_data,False,False,,
<SOURCE_ROOT>/Caltrans PeMS/00_DATA_AUDIT/13_PERCENT_OBSERVED_SEMANTICS/99_TEMP/2026-06-19.npz,Caltrans PeMS/00_DATA_AUDIT/13_PERCENT_OBSERVED_SEMANTICS/99_TEMP/2026-06-19.npz,2026-06-19.npz,.npz,1222014,1.165403,2026-09-22T13:29:08,495070ba438e28ee5c9aeeb381a6320ba62b44b837b855e33faf389fcfde9451,01_raw_data,False,False,,
<SOURCE_ROOT>/Caltrans PeMS/00_DATA_AUDIT/13_PERCENT_OBSERVED_SEMANTICS/99_TEMP/2026-06-20.npz,Caltrans PeMS/00_DATA_AUDIT/13_PERCENT_OBSERVED_SEMANTICS/99_TEMP/2026-06-20.npz,2026-06-20.npz,.npz,1168287,1.114165,2026-09-22T13:29:07,0a5ad4a1964ccb4d4a274cd1cbb8a8305efbc44a1cd219fc0f5afc370d3735d4,01_raw_data,False,False,,
<SOURCE_ROOT>/Caltrans PeMS/00_DATA_AUDIT/13_PERCENT_OBSERVED_SEMANTICS/99_TEMP/2026-06-21.npz,Caltrans PeMS/00_DATA_AUDIT/13_PERCENT_OBSERVED_SEMANTICS/99_TEMP/2026-06-21.npz,2026-06-21.npz,.npz,1137010,1.084337,2026-09-22T13:29:07,139e19f5ca9ca2b63396934905656b55f7a0b1a7a8a974b042ceb07327c8cbe1,01_raw_data,False,False,,
<SOURCE_ROOT>/Caltrans PeMS/00_DATA_AUDIT/13_PERCENT_OBSERVED_SEMANTICS/99_TEMP/2026-06-22.npz,Caltrans PeMS/00_DATA_AUDIT/13_PERCENT_OBSERVED_SEMANTICS/99_TEMP/2026-06-22.npz,2026-06-22.npz,.npz,1211583,1.155456,2026-09-22T13:29:11,1767bd54a4943759c343b1eeb4de68a45cc0affc6b32474a2bd84efe9e4dba8d,01_raw_data,False,False,,
<SOURCE_ROOT>/Caltrans PeMS/00_DATA_AUDIT/13_PERCENT_OBSERVED_SEMANTICS/99_TEMP/2026-06-23.npz,Caltrans PeMS/00_DATA_AUDIT/13_PERCENT_OBSERVED_SEMANTICS/99_TEMP/2026-06-23.npz,2026-06-23.npz,.npz,1218198,1.161764,2026-09-22T13:29:11,8ee014df78c2249e2546c203dcc8a2328e47e241969f864e23536c52765b729e,01_raw_data,False,False,,
<SOURCE_ROOT>/Caltrans PeMS/00_DATA_AUDIT/13_PERCENT_OBSERVED_SEMANTICS/99_TEMP/2026-06-24.npz,Caltrans PeMS/00_DATA_AUDIT/13_PERCENT_OBSERVED_SEMANTICS/99_TEMP/2026-06-24.npz,2026-06-24.npz,.npz,1206924,1.151012,2026-09-22T13:29:11,1c8d7b1da4bc4fbf26592e7bd7ff1febb3c92fd0642d6bd515fb68d0874b1470,01_raw_data,False,False,,
<SOURCE_ROOT>/Caltrans PeMS/00_DATA_AUDIT/13_PERCENT_OBSERVED_SEMANTICS/99_TEMP/2026-06-25.npz,Caltrans PeMS/00_DATA_AUDIT/13_PERCENT_OBSERVED_SEMANTICS/99_TEMP/2026-06-25.npz,2026-06-25.npz,.npz,1200777,1.14515,2026-09-22T13:29:11,693a2f736b83b2a1670e574f58acd87ba5ca49d3c8f9d1d719dc31ec9f51d0b8,01_raw_data,False,False,,
<SOURCE_ROOT>/Caltrans PeMS/00_DATA_AUDIT/13_PERCENT_OBSERVED_SEMANTICS/99_TEMP/2026-06-26.npz,Caltrans PeMS/00_DATA_AUDIT/13_PERCENT_OBSERVED_SEMANTICS/99_TEMP/2026-06-26.npz,2026-06-26.npz,.npz,1191352,1.136162,2026-09-22T13:29:15,49157397a1cef67239168fefdee2428a5c92f2e1874fa88a7bbe6875ac64c4c1,01_raw_data,False,False,,
<SOURCE_ROOT>/Caltrans PeMS/00_DATA_AUDIT/13_PERCENT_OBSERVED_SEMANTICS/99_TEMP/2026-06-27.npz,Caltrans PeMS/00_DATA_AUDIT/13_PERCENT_OBSERVED_SEMANTICS/99_TEMP/2026-06-27.npz,2026-06-27.npz,.npz,1157303,1.10369,2026-09-22T13:29:15,5bef402a6651e00012915ad48e5c1ed313cb996823174e7b75e973131c21d6b3,01_raw_data,False,False,,
<SOURCE_ROOT>/Caltrans PeMS/00_DATA_AUDIT/13_PERCENT_OBSERVED_SEMANTICS/99_TEMP/2026-06-28.npz,Caltrans PeMS/00_DATA_AUDIT/13_PERCENT_OBSERVED_SEMANTICS/99_TEMP/2026-06-28.npz,2026-06-28.npz,.npz,1115234,1.06357,2026-09-22T13:29:14,9f334aaac649e3a5286690509a0406af4ea9016237ab0f42a60f7ba1e95342bd,01_raw_data,False,False,,
<SOURCE_ROOT>/Caltrans PeMS/00_DATA_AUDIT/13_PERCENT_OBSERVED_SEMANTICS/99_TEMP/2026-06-29.npz,Caltrans PeMS/00_DATA_AUDIT/13_PERCENT_OBSERVED_SEMANTICS/99_TEMP/2026-06-29.npz,2026-06-29.npz,.npz,1174727,1.120307,2026-09-22T13:29:15,6c6c1d22084cd768c62ffda7ca26f349541b88c5e92cb15f7b3fafc5941b3e3d,01_raw_data,False,False,,
<SOURCE_ROOT>/Caltrans PeMS/00_DATA_AUDIT/13_PERCENT_OBSERVED_SEMANTICS/99_TEMP/2026-06-30.npz,Caltrans PeMS/00_DATA_AUDIT/13_PERCENT_OBSERVED_SEMANTICS/99_TEMP/2026-06-30.npz,2026-06-30.npz,.npz,1192365,1.137128,2026-09-22T13:29:19,5c624c1259c2d71860ad0b19bb82aee4ccbf731aaa0475ae522ba81c83d8e170,01_raw_data,False,False,,
<SOURCE_ROOT>/Caltrans PeMS/00_DATA_AUDIT/13_PERCENT_OBSERVED_SEMANTICS/99_TEMP/2026-07-01.npz,Caltrans PeMS/00_DATA_AUDIT/13_PERCENT_OBSERVED_SEMANTICS/99_TEMP/2026-07-01.npz,2026-07-01.npz,.npz,1221683,1.165088,2026-09-22T13:29:19,fe0eca16c6eb236564333d54c6bd59f03e87d4ec833719cc97a05ebc5c58ca26,01_raw_data,False,False,,
<SOURCE_ROOT>/Caltrans PeMS/00_DATA_AUDIT/13_PERCENT_OBSERVED_SEMANTICS/99_TEMP/2026-07-02.npz,Caltrans PeMS/00_DATA_AUDIT/13_PERCENT_OBSERVED_SEMANTICS/99_TEMP/2026-07-02.npz,2026-07-02.npz,.npz,1220692,1.164143,2026-09-22T13:29:18,138340bf8f83bf7f13fcfe97936647ad66f7df68df9205dace9c8eb080642962,01_raw_data,False,False,,
<SOURCE_ROOT>/Caltrans PeMS/00_DATA_AUDIT/13_PERCENT_OBSERVED_SEMANTICS/99_TEMP/2026-07-03.npz,Caltrans PeMS/00_DATA_AUDIT/13_PERCENT_OBSERVED_SEMANTICS/99_TEMP/2026-07-03.npz,2026-07-03.npz,.npz,1171749,1.117467,2026-09-22T13:29:18,1a6c2a1cc8b2f71f8601ec2354640d68c33d16cf0a7c22c3851871641e253fcd,01_raw_data,False,False,,
<SOURCE_ROOT>/Caltrans PeMS/00_DATA_AUDIT/13_PERCENT_OBSERVED_SEMANTICS/99_TEMP/2026-07-04.npz,Caltrans PeMS/00_DATA_AUDIT/13_PERCENT_OBSERVED_SEMANTICS/99_TEMP/2026-07-04.npz,2026-07-04.npz,.npz,1124993,1.072877,2026-09-22T13:29:22,44ae19dc57d6162dcb5379e703cdf2f802717cca34a1c1901f66a01e715e2511,01_raw_data,False,False,,
<SOURCE_ROOT>/Caltrans PeMS/00_DATA_AUDIT/13_PERCENT_OBSERVED_SEMANTICS/99_TEMP/2026-07-05.npz,Caltrans PeMS/00_DATA_AUDIT/13_PERCENT_OBSERVED_SEMANTICS/99_TEMP/2026-07-05.npz,2026-07-05.npz,.npz,1093091,1.042453,2026-09-22T13:29:22,0abdf7f1957a01a6a341fc9f6857c7d2c3d240e595040b8b6e82f859efceb037,01_raw_data,False,False,,
<SOURCE_ROOT>/Caltrans PeMS/00_DATA_AUDIT/13_PERCENT_OBSERVED_SEMANTICS/99_TEMP/2026-07-06.npz,Caltrans PeMS/00_DATA_AUDIT/13_PERCENT_OBSERVED_SEMANTICS/99_TEMP/2026-07-06.npz,2026-07-06.npz,.npz,1187246,1.132246,2026-09-22T13:29:22,32d5f923ec725d27899b93ae671e3a76e0558a78bbc4dbc4fd343849c5bddec9,01_raw_data,False,False,,
<SOURCE_ROOT>/Caltrans PeMS/00_DATA_AUDIT/13_PERCENT_OBSERVED_SEMANTICS/99_TEMP/2026-07-07.npz,Caltrans PeMS/00_DATA_AUDIT/13_PERCENT_OBSERVED_SEMANTICS/99_TEMP/2026-07-07.npz,2026-07-07.npz,.npz,1198134,1.14263,2026-09-22T13:29:22,ce7a6cf47a4351e5076f204872546fbd3327585fdfe9e7832c548b8171b5c499,01_raw_data,False,False,,
<SOURCE_ROOT>/Caltrans PeMS/00_DATA_AUDIT/13_PERCENT_OBSERVED_SEMANTICS/99_TEMP/2026-07-08.npz,Caltrans PeMS/00_DATA_AUDIT/13_PERCENT_OBSERVED_SEMANTICS/99_TEMP/2026-07-08.npz,2026-07-08.npz,.npz,1222117,1.165502,2026-09-22T13:29:26,3947a222a2573df491798392f59a672a42dd32b9fdd9bbf75f01ff28684c9994,01_raw_data,False,False,,
<SOURCE_ROOT>/Caltrans PeMS/00_DATA_AUDIT/13_PERCENT_OBSERVED_SEMANTICS/99_TEMP/2026-07-09.npz,Caltrans PeMS/00_DATA_AUDIT/13_PERCENT_OBSERVED_SEMANTICS/99_TEMP/2026-07-09.npz,2026-07-09.npz,.npz,1230425,1.173425,2026-09-22T13:29:26,62aa17e99b72d05f44462286e2f3a167fef0202a8afb448c094b8a879f6532fa,01_raw_data,False,False,,
<SOURCE_ROOT>/Caltrans PeMS/00_DATA_AUDIT/13_PERCENT_OBSERVED_SEMANTICS/99_TEMP/2026-07-10.npz,Caltrans PeMS/00_DATA_AUDIT/13_PERCENT_OBSERVED_SEMANTICS/99_TEMP/2026-07-10.npz,2026-07-10.npz,.npz,1228656,1.171738,2026-09-22T13:29:26,3c5308a452f57943ebbe9268c8307ab3e316c609fb4d30ecd4477d8982cb3e9e,01_raw_data,False,False,,
<SOURCE_ROOT>/Caltrans PeMS/00_DATA_AUDIT/13_PERCENT_OBSERVED_SEMANTICS/99_TEMP/2026-07-11.npz,Caltrans PeMS/00_DATA_AUDIT/13_PERCENT_OBSERVED_SEMANTICS/99_TEMP/2026-07-11.npz,2026-07-11.npz,.npz,1176521,1.122018,2026-09-22T13:29:26,35b6edea4d93c8ac85693ff521d9a716ae99dc31cf6a2073fac65da5ee7b05ec,01_raw_data,False,False,,
<SOURCE_ROOT>/Caltrans PeMS/00_DATA_AUDIT/13_PERCENT_OBSERVED_SEMANTICS/99_TEMP/2026-07-12.npz,Caltrans PeMS/00_DATA_AUDIT/13_PERCENT_OBSERVED_SEMANTICS/99_TEMP/2026-07-12.npz,2026-07-12.npz,.npz,1115018,1.063364,2026-09-22T13:29:30,679544f7ccbb750b230131157c4efa5f2161f5cc64e3c2a36f9e44f55cf149f9,01_raw_data,False,False,,
<SOURCE_ROOT>/Caltrans PeMS/00_DATA_AUDIT/13_PERCENT_OBSERVED_SEMANTICS/99_TEMP/2026-07-13.npz,Caltrans PeMS/00_DATA_AUDIT/13_PERCENT_OBSERVED_SEMANTICS/99_TEMP/2026-07-13.npz,2026-07-13.npz,.npz,1226997,1.170156,2026-09-22T13:29:30,4322766021a42b30b602eb985623f78497bd3503ef9906f9479e5de2fc8b9d92,01_raw_data,False,False,,
<SOURCE_ROOT>/Caltrans PeMS/00_DATA_AUDIT/13_PERCENT_OBSERVED_SEMANTICS/99_TEMP/2026-07-14.npz,Caltrans PeMS/00_DATA_AUDIT/13_PERCENT_OBSERVED_SEMANTICS/99_TEMP/2026-07-14.npz,2026-07-14.npz,.npz,1216295,1.159949,2026-09-22T13:29:29,401c6e362855f9d0e3ba49b5a8196b255c88039ae23be91d447a8fdc265fbb82,01_raw_data,False,False,,
<SOURCE_ROOT>/Caltrans PeMS/00_DATA_AUDIT/13_PERCENT_OBSERVED_SEMANTICS/99_TEMP/2026-07-15.npz,Caltrans PeMS/00_DATA_AUDIT/13_PERCENT_OBSERVED_SEMANTICS/99_TEMP/2026-07-15.npz,2026-07-15.npz,.npz,1213868,1.157635,2026-09-22T13:29:30,233bda109ada525071319588ce92bb17d85ecd5c24fc3c48c310fbeb8485f50a,01_raw_data,False,False,,
<SOURCE_ROOT>/Caltrans PeMS/00_DATA_AUDIT/13_PERCENT_OBSERVED_SEMANTICS/99_TEMP/2026-07-16.npz,Caltrans PeMS/00_DATA_AUDIT/13_PERCENT_OBSERVED_SEMANTICS/99_TEMP/2026-07-16.npz,2026-07-16.npz,.npz,1205387,1.149547,2026-09-22T13:29:33,0c41f7bfcbeb8f37488ad1765b90c6ccaa4b0ee9b975ae24a68417fd815ca041,01_raw_data,False,False,,
<SOURCE_ROOT>/Caltrans PeMS/00_DATA_AUDIT/13_PERCENT_OBSERVED_SEMANTICS/99_TEMP/2026-07-17.npz,Caltrans PeMS/00_DATA_AUDIT/13_PERCENT_OBSERVED_SEMANTICS/99_TEMP/2026-07-17.npz,2026-07-17.npz,.npz,1200738,1.145113,2026-09-22T13:29:34,7a01048c27fd0d34c8bf5fb5d772d24630e1551edf56f2ec84600e49b25183f8,01_raw_data,False,False,,
<SOURCE_ROOT>/Caltrans PeMS/00_DATA_AUDIT/13_PERCENT_OBSERVED_SEMANTICS/99_TEMP/2026-07-18.npz,Caltrans PeMS/00_DATA_AUDIT/13_PERCENT_OBSERVED_SEMANTICS/99_TEMP/2026-07-18.npz,2026-07-18.npz,.npz,1180433,1.125749,2026-09-22T13:29:33,f5fd84a6791d2908fc603ded1e21fea836da8580c7979dcca5b0b6b08187df2d,01_raw_data,False,False,,
<SOURCE_ROOT>/Caltrans PeMS/00_DATA_AUDIT/13_PERCENT_OBSERVED_SEMANTICS/99_TEMP/2026-07-19.npz,Caltrans PeMS/00_DATA_AUDIT/13_PERCENT_OBSERVED_SEMANTICS/99_TEMP/2026-07-19.npz,2026-07-19.npz,.npz,1129453,1.07713,2026-09-22T13:29:34,9c8704d2d30f240fad1dbbbbe20fa360df338c68979cc55523c4bde775ee7703,01_raw_data,False,False,,
<SOURCE_ROOT>/Caltrans PeMS/00_DATA_AUDIT/13_PERCENT_OBSERVED_SEMANTICS/99_TEMP/2026-07-20.npz,Caltrans PeMS/00_DATA_AUDIT/13_PERCENT_OBSERVED_SEMANTICS/99_TEMP/2026-07-20.npz,2026-07-20.npz,.npz,1215545,1.159234,2026-09-22T13:29:37,cf6007887aa5db529da7f365eacfaa08823c0a02253ba3b4e566e40e1f6f68c5,01_raw_data,False,False,,
<SOURCE_ROOT>/Caltrans PeMS/00_DATA_AUDIT/13_PERCENT_OBSERVED_SEMANTICS/99_TEMP/2026-07-21.npz,Caltrans PeMS/00_DATA_AUDIT/13_PERCENT_OBSERVED_SEMANTICS/99_TEMP/2026-07-21.npz,2026-07-21.npz,.npz,1241523,1.184009,2026-09-22T13:29:37,66cc7aa86278dd30b60f36d2bbd93aa94e12aeb9f811f1c05a745cf3475af5b7,01_raw_data,False,False,,
<SOURCE_ROOT>/Caltrans PeMS/00_DATA_AUDIT/13_PERCENT_OBSERVED_SEMANTICS/99_TEMP/2026-07-22.npz,Caltrans PeMS/00_DATA_AUDIT/13_PERCENT_OBSERVED_SEMANTICS/99_TEMP/2026-07-22.npz,2026-07-22.npz,.npz,1253676,1.195599,2026-09-22T13:29:37,dd730d735d0b453a4a98e471502a78e4bfd281b47ad4d21149ec8be33a4f9d26,01_raw_data,False,False,,
<SOURCE_ROOT>/Caltrans PeMS/00_DATA_AUDIT/13_PERCENT_OBSERVED_SEMANTICS/99_TEMP/2026-07-23.npz,Caltrans PeMS/00_DATA_AUDIT/13_PERCENT_OBSERVED_SEMANTICS/99_TEMP/2026-07-23.npz,2026-07-23.npz,.npz,1247028,1.189259,2026-09-22T13:29:37,2cba64d812e6894950c734f41c16879ece575639709fab1dd7211e821efc7250,01_raw_data,False,False,,
<SOURCE_ROOT>/Caltrans PeMS/00_DATA_AUDIT/13_PERCENT_OBSERVED_SEMANTICS/99_TEMP/2026-07-24.npz,Caltrans PeMS/00_DATA_AUDIT/13_PERCENT_OBSERVED_SEMANTICS/99_TEMP/2026-07-24.npz,2026-07-24.npz,.npz,1237414,1.18009,2026-09-22T13:29:41,47fe53fa1ec39c9ab5a785fa9ecbefad11f87fca2ebc91049edb70ac6c8c78d4,01_raw_data,False,False,,
<SOURCE_ROOT>/Caltrans PeMS/00_DATA_AUDIT/13_PERCENT_OBSERVED_SEMANTICS/99_TEMP/2026-07-25.npz,Caltrans PeMS/00_DATA_AUDIT/13_PERCENT_OBSERVED_SEMANTICS/99_TEMP/2026-07-25.npz,2026-07-25.npz,.npz,1222627,1.165988,2026-09-22T13:29:41,8d95f6fc43dcda49badf1928a5cdc49196b8b51b0c765339a7696f36b77ecbcc,01_raw_data,False,False,,
<SOURCE_ROOT>/Caltrans PeMS/00_DATA_AUDIT/13_PERCENT_OBSERVED_SEMANTICS/99_TEMP/2026-07-26.npz,Caltrans PeMS/00_DATA_AUDIT/13_PERCENT_OBSERVED_SEMANTICS/99_TEMP/2026-07-26.npz,2026-07-26.npz,.npz,1169266,1.115099,2026-09-22T13:29:41,000f0f06314806894108122acb61df24bbb80a9bfac16ad52b2d6e1e2019784a,01_raw_data,False,False,,
<SOURCE_ROOT>/Caltrans PeMS/00_DATA_AUDIT/13_PERCENT_OBSERVED_SEMANTICS/99_TEMP/2026-07-27.npz,Caltrans PeMS/00_DATA_AUDIT/13_PERCENT_OBSERVED_SEMANTICS/99_TEMP/2026-07-27.npz,2026-07-27.npz,.npz,1263376,1.204849,2026-09-22T13:29:41,c3d4738e7174da07ac4ab76023ee410ae3decb7d21f22723a6ec8c8c23567b8c,01_raw_data,False,False,,
<SOURCE_ROOT>/Caltrans PeMS/00_DATA_AUDIT/13_PERCENT_OBSERVED_SEMANTICS/99_TEMP/2026-07-28.npz,Caltrans PeMS/00_DATA_AUDIT/13_PERCENT_OBSERVED_SEMANTICS/99_TEMP/2026-07-28.npz,2026-07-28.npz,.npz,1246690,1.188936,2026-09-22T13:29:45,82d854b390351cf2df1946bdc1833dae086d35a169a57ed0cf96a84e4bc5ac85,01_raw_data,False,False,,
<SOURCE_ROOT>/Caltrans PeMS/00_DATA_AUDIT/13_PERCENT_OBSERVED_SEMANTICS/99_TEMP/2026-07-29.npz,Caltrans PeMS/00_DATA_AUDIT/13_PERCENT_OBSERVED_SEMANTICS/99_TEMP/2026-07-29.npz,2026-07-29.npz,.npz,1234627,1.177432,2026-09-22T13:29:45,a18a3e921cbaae0bb10356d05707c662240a4b178fd5d5f6a2c1ae9200425745,01_raw_data,False,False,,
<SOURCE_ROOT>/Caltrans PeMS/00_DATA_AUDIT/13_PERCENT_OBSERVED_SEMANTICS/99_TEMP/2026-07-30.npz,Caltrans PeMS/00_DATA_AUDIT/13_PERCENT_OBSERVED_SEMANTICS/99_TEMP/2026-07-30.npz,2026-07-30.npz,.npz,1226602,1.169779,2026-09-22T13:29:44,7c308f7eb1512c6b212220cd63601c0af404e15683dfdb99ed654a6bf978485d,01_raw_data,False,False,,
<SOURCE_ROOT>/Caltrans PeMS/00_DATA_AUDIT/13_PERCENT_OBSERVED_SEMANTICS/99_TEMP/2026-07-31.npz,Caltrans PeMS/00_DATA_AUDIT/13_PERCENT_OBSERVED_SEMANTICS/99_TEMP/2026-07-31.npz,2026-07-31.npz,.npz,1215527,1.159217,2026-09-22T13:29:45,f597b295594f7251199d4d8f4d83ba49e7e8706ca8066593c8dd69377f0c3299,01_raw_data,False,False,,
<SOURCE_ROOT>/Caltrans PeMS/00_DATA_AUDIT/13_PERCENT_OBSERVED_SEMANTICS/99_TEMP/2026-08-01.npz,Caltrans PeMS/00_DATA_AUDIT/13_PERCENT_OBSERVED_SEMANTICS/99_TEMP/2026-08-01.npz,2026-08-01.npz,.npz,1193466,1.138178,2026-09-22T13:29:48,f95712affe4e879c8529d9459260e260f6617fa91d6c41f7c43f7255f296497d,01_raw_data,False,False,,
<SOURCE_ROOT>/Caltrans PeMS/00_DATA_AUDIT/13_PERCENT_OBSERVED_SEMANTICS/99_TEMP/2026-08-02.npz,Caltrans PeMS/00_DATA_AUDIT/13_PERCENT_OBSERVED_SEMANTICS/99_TEMP/2026-08-02.npz,2026-08-02.npz,.npz,1135428,1.082829,2026-09-22T13:29:49,eeff557416014a68d1f774e1f62d26996bb77e41f469568daf7f7df9af0f8558,01_raw_data,False,False,,
<SOURCE_ROOT>/Caltrans PeMS/00_DATA_AUDIT/13_PERCENT_OBSERVED_SEMANTICS/99_TEMP/2026-08-03.npz,Caltrans PeMS/00_DATA_AUDIT/13_PERCENT_OBSERVED_SEMANTICS/99_TEMP/2026-08-03.npz,2026-08-03.npz,.npz,1227352,1.170494,2026-09-22T13:29:48,fe0e9b78199d90003a8decbb1e3fc879a1da7275da3b7a07a28ffb559991c657,01_raw_data,False,False,,
<SOURCE_ROOT>/Caltrans PeMS/00_DATA_AUDIT/13_PERCENT_OBSERVED_SEMANTICS/99_TEMP/2026-08-04.npz,Caltrans PeMS/00_DATA_AUDIT/13_PERCENT_OBSERVED_SEMANTICS/99_TEMP/2026-08-04.npz,2026-08-04.npz,.npz,1204741,1.148931,2026-09-22T13:29:48,f7a618e991c68f88678f2f0c5c7015af4f7b874f075df0213fab53fbea8aafd2,01_raw_data,False,False,,
<SOURCE_ROOT>/Caltrans PeMS/00_DATA_AUDIT/13_PERCENT_OBSERVED_SEMANTICS/99_TEMP/2026-08-05.npz,Caltrans PeMS/00_DATA_AUDIT/13_PERCENT_OBSERVED_SEMANTICS/99_TEMP/2026-08-05.npz,2026-08-05.npz,.npz,1197071,1.141616,2026-09-22T13:29:52,e83378612481c7bffa4bb411a8ea0d51882f27e849b4f1178794c31c29aa3670,01_raw_data,False,False,,
<SOURCE_ROOT>/Caltrans PeMS/00_DATA_AUDIT/13_PERCENT_OBSERVED_SEMANTICS/99_TEMP/2026-08-06.npz,Caltrans PeMS/00_DATA_AUDIT/13_PERCENT_OBSERVED_SEMANTICS/99_TEMP/2026-08-06.npz,2026-08-06.npz,.npz,1212016,1.155869,2026-09-22T13:29:52,96ceb996767c08a548daa242aa4edb6d4ff2119873766b1319f813378a66329e,01_raw_data,False,False,,
<SOURCE_ROOT>/Caltrans PeMS/00_DATA_AUDIT/13_PERCENT_OBSERVED_SEMANTICS/99_TEMP/2026-08-07.npz,Caltrans PeMS/00_DATA_AUDIT/13_PERCENT_OBSERVED_SEMANTICS/99_TEMP/2026-08-07.npz,2026-08-07.npz,.npz,1201380,1.145725,2026-09-22T13:29:52,1f15f186a986e49ee5112d7e40e7f5b3a56423cbf4eff248c7256f5313c4b544,01_raw_data,False,False,,
<SOURCE_ROOT>/Caltrans PeMS/00_DATA_AUDIT/13_PERCENT_OBSERVED_SEMANTICS/99_TEMP/2026-08-08.npz,Caltrans PeMS/00_DATA_AUDIT/13_PERCENT_OBSERVED_SEMANTICS/99_TEMP/2026-08-08.npz,2026-08-08.npz,.npz,1170333,1.116117,2026-09-22T13:29:52,d6b1155d531a64e38e3f4d07167b9df8cf0c07dad6007d80a206622f090256bd,01_raw_data,False,False,,
<SOURCE_ROOT>/Caltrans PeMS/00_DATA_AUDIT/13_PERCENT_OBSERVED_SEMANTICS/99_TEMP/2026-08-09.npz,Caltrans PeMS/00_DATA_AUDIT/13_PERCENT_OBSERVED_SEMANTICS/99_TEMP/2026-08-09.npz,2026-08-09.npz,.npz,1131755,1.079326,2026-09-22T13:29:56,02144400bb85a4f39e0943b1661b895dabdc943c1552138e8755d52872773f90,01_raw_data,False,False,,
<SOURCE_ROOT>/Caltrans PeMS/00_DATA_AUDIT/13_PERCENT_OBSERVED_SEMANTICS/99_TEMP/2026-08-10.npz,Caltrans PeMS/00_DATA_AUDIT/13_PERCENT_OBSERVED_SEMANTICS/99_TEMP/2026-08-10.npz,2026-08-10.npz,.npz,1216015,1.159682,2026-09-22T13:29:56,abbb6493af36e41da2f4b3f77a15818d96599e00310b3da57efb04c36c216673,01_raw_data,False,False,,
<SOURCE_ROOT>/Caltrans PeMS/00_DATA_AUDIT/13_PERCENT_OBSERVED_SEMANTICS/99_TEMP/2026-08-11.npz,Caltrans PeMS/00_DATA_AUDIT/13_PERCENT_OBSERVED_SEMANTICS/99_TEMP/2026-08-11.npz,2026-08-11.npz,.npz,1227178,1.170328,2026-09-22T13:29:56,31a047519afa7e3fd0d9a8dc88876cd47140fd9ebc839c4d50ca8f29aa8d57b1,01_raw_data,False,False,,
<SOURCE_ROOT>/Caltrans PeMS/00_DATA_AUDIT/13_PERCENT_OBSERVED_SEMANTICS/99_TEMP/2026-08-12.npz,Caltrans PeMS/00_DATA_AUDIT/13_PERCENT_OBSERVED_SEMANTICS/99_TEMP/2026-08-12.npz,2026-08-12.npz,.npz,1205416,1.149574,2026-09-22T13:29:56,15bcef4b987049b2c18d77c84d5faf11234b52fd540aa950848131fa1dca6a9e,01_raw_data,False,False,,
<SOURCE_ROOT>/Caltrans PeMS/00_DATA_AUDIT/13_PERCENT_OBSERVED_SEMANTICS/99_TEMP/2026-08-13.npz,Caltrans PeMS/00_DATA_AUDIT/13_PERCENT_OBSERVED_SEMANTICS/99_TEMP/2026-08-13.npz,2026-08-13.npz,.npz,1187250,1.13225,2026-09-22T13:30:00,79389409fc7e4649cf7fb06fc2cd79b210d48317566bc3cc49f9703b2cf1d024,01_raw_data,False,False,,
<SOURCE_ROOT>/Caltrans PeMS/00_DATA_AUDIT/13_PERCENT_OBSERVED_SEMANTICS/99_TEMP/2026-08-14.npz,Caltrans PeMS/00_DATA_AUDIT/13_PERCENT_OBSERVED_SEMANTICS/99_TEMP/2026-08-14.npz,2026-08-14.npz,.npz,1230584,1.173576,2026-09-22T13:30:00,c77c482ef572ecec2243ebe39e47d91b26ab3d709392967ed2b38d317527026d,01_raw_data,False,False,,
<SOURCE_ROOT>/Caltrans PeMS/00_DATA_AUDIT/13_PERCENT_OBSERVED_SEMANTICS/99_TEMP/2026-08-15.npz,Caltrans PeMS/00_DATA_AUDIT/13_PERCENT_OBSERVED_SEMANTICS/99_TEMP/2026-08-15.npz,2026-08-15.npz,.npz,1210334,1.154264,2026-09-22T13:29:59,c65eeb09d6193c324c968c515c21bd88424ba73193eb700786fa247b1c9c4909,01_raw_data,False,False,,
<SOURCE_ROOT>/Caltrans PeMS/00_DATA_AUDIT/13_PERCENT_OBSERVED_SEMANTICS/99_TEMP/2026-08-16.npz,Caltrans PeMS/00_DATA_AUDIT/13_PERCENT_OBSERVED_SEMANTICS/99_TEMP/2026-08-16.npz,2026-08-16.npz,.npz,1157684,1.104053,2026-09-22T13:30:00,ad2828086de4cb73a7110af669ac78652fd683f52799be97d1b487e70e2eb02e,01_raw_data,False,False,,
<SOURCE_ROOT>/Caltrans PeMS/00_DATA_AUDIT/13_PERCENT_OBSERVED_SEMANTICS/99_TEMP/2026-08-17.npz,Caltrans PeMS/00_DATA_AUDIT/13_PERCENT_OBSERVED_SEMANTICS/99_TEMP/2026-08-17.npz,2026-08-17.npz,.npz,1244236,1.186596,2026-09-22T13:30:04,6262768b8f2edb18a24bd85174225aecf49cdd4fa35b33ae6e7d69dcd7ebb15b,01_raw_data,False,False,,
<SOURCE_ROOT>/Caltrans PeMS/00_DATA_AUDIT/13_PERCENT_OBSERVED_SEMANTICS/99_TEMP/2026-08-18.npz,Caltrans PeMS/00_DATA_AUDIT/13_PERCENT_OBSERVED_SEMANTICS/99_TEMP/2026-08-18.npz,2026-08-18.npz,.npz,1255575,1.19741,2026-09-22T13:30:04,71c545ce53a6b537abe5844d4bf72bc63632e5a5902d53ff02bb53b5cdca03b2,01_raw_data,False,False,,
<SOURCE_ROOT>/Caltrans PeMS/00_DATA_AUDIT/13_PERCENT_OBSERVED_SEMANTICS/99_TEMP/2026-08-19.npz,Caltrans PeMS/00_DATA_AUDIT/13_PERCENT_OBSERVED_SEMANTICS/99_TEMP/2026-08-19.npz,2026-08-19.npz,.npz,1238929,1.181535,2026-09-22T13:30:03,466be42e13efc9fa41a079eea435f646f63f19c354354383f4eb776852ef869b,01_raw_data,False,False,,
<SOURCE_ROOT>/Caltrans PeMS/00_DATA_AUDIT/13_PERCENT_OBSERVED_SEMANTICS/99_TEMP/2026-08-20.npz,Caltrans PeMS/00_DATA_AUDIT/13_PERCENT_OBSERVED_SEMANTICS/99_TEMP/2026-08-20.npz,2026-08-20.npz,.npz,1238623,1.181243,2026-09-22T13:30:03,82023635471a7f8872303f364467fb01e3a232435200b64cbc209848ed2a6dcb,01_raw_data,False,False,,
<SOURCE_ROOT>/Caltrans PeMS/00_DATA_AUDIT/13_PERCENT_OBSERVED_SEMANTICS/99_TEMP/2026-08-21.npz,Caltrans PeMS/00_DATA_AUDIT/13_PERCENT_OBSERVED_SEMANTICS/99_TEMP/2026-08-21.npz,2026-08-21.npz,.npz,1233704,1.176552,2026-09-22T13:30:07,8aa87b0f7a0a0dace3c862c5ebd1713dc8f5b8cb36fa2042b382cbdcd3a95cc1,01_raw_data,False,False,,
<SOURCE_ROOT>/Caltrans PeMS/00_DATA_AUDIT/13_PERCENT_OBSERVED_SEMANTICS/99_TEMP/2026-08-22.npz,Caltrans PeMS/00_DATA_AUDIT/13_PERCENT_OBSERVED_SEMANTICS/99_TEMP/2026-08-22.npz,2026-08-22.npz,.npz,1214717,1.158444,2026-09-22T13:30:07,c1fd52f8932157a1f548a30dcbe4dd1c7bd1469f1288e167337dc8e34baebc3d,01_raw_data,False,False,,
<SOURCE_ROOT>/Caltrans PeMS/00_DATA_AUDIT/13_PERCENT_OBSERVED_SEMANTICS/99_TEMP/2026-08-23.npz,Caltrans PeMS/00_DATA_AUDIT/13_PERCENT_OBSERVED_SEMANTICS/99_TEMP/2026-08-23.npz,2026-08-23.npz,.npz,1164938,1.110971,2026-09-22T13:30:07,2cb2de4717a7dec257482c7500f2a202940201c32336d7ca65263423b648880a,01_raw_data,False,False,,
<SOURCE_ROOT>/Caltrans PeMS/00_DATA_AUDIT/13_PERCENT_OBSERVED_SEMANTICS/99_TEMP/2026-08-24.npz,Caltrans PeMS/00_DATA_AUDIT/13_PERCENT_OBSERVED_SEMANTICS/99_TEMP/2026-08-24.npz,2026-08-24.npz,.npz,1254548,1.19643,2026-09-22T13:30:07,2083458a17c3e0240d36a5850ea9ab95a7309586f717d25f542cb9a2a3b9de36,01_raw_data,False,False,,
<SOURCE_ROOT>/Caltrans PeMS/00_DATA_AUDIT/13_PERCENT_OBSERVED_SEMANTICS/99_TEMP/2026-08-25.npz,Caltrans PeMS/00_DATA_AUDIT/13_PERCENT_OBSERVED_SEMANTICS/99_TEMP/2026-08-25.npz,2026-08-25.npz,.npz,1253049,1.195001,2026-09-22T13:30:11,e880cfec825209582a9775038a1b7ac65ba62d0996971f1c468086367b0f49cc,01_raw_data,False,False,,
<SOURCE_ROOT>/Caltrans PeMS/00_DATA_AUDIT/13_PERCENT_OBSERVED_SEMANTICS/99_TEMP/2026-08-26.npz,Caltrans PeMS/00_DATA_AUDIT/13_PERCENT_OBSERVED_SEMANTICS/99_TEMP/2026-08-26.npz,2026-08-26.npz,.npz,1225864,1.169075,2026-09-22T13:30:11,d3ed90535324bcb8f9a6432c9dd56599e75b6792136a15aac1c419e608b42f0a,01_raw_data,False,False,,
<SOURCE_ROOT>/Caltrans PeMS/00_DATA_AUDIT/13_PERCENT_OBSERVED_SEMANTICS/99_TEMP/2026-08-27.npz,Caltrans PeMS/00_DATA_AUDIT/13_PERCENT_OBSERVED_SEMANTICS/99_TEMP/2026-08-27.npz,2026-08-27.npz,.npz,1236752,1.179459,2026-09-22T13:30:11,2d1a992a31981bf87c5727db2e29355e461f5490e0fcf5b7ef11c5b8e29433c6,01_raw_data,False,False,,
<SOURCE_ROOT>/Caltrans PeMS/00_DATA_AUDIT/13_PERCENT_OBSERVED_SEMANTICS/99_TEMP/2026-08-28.npz,Caltrans PeMS/00_DATA_AUDIT/13_PERCENT_OBSERVED_SEMANTICS/99_TEMP/2026-08-28.npz,2026-08-28.npz,.npz,1222072,1.165459,2026-09-22T13:30:11,7e95625dce914e72c6aa98b27f58c26f2fd220df63a250c44b8ac67ed42916c8,01_raw_data,False,False,,
<SOURCE_ROOT>/Caltrans PeMS/00_DATA_AUDIT/13_PERCENT_OBSERVED_SEMANTICS/99_TEMP/2026-08-29.npz,Caltrans PeMS/00_DATA_AUDIT/13_PERCENT_OBSERVED_SEMANTICS/99_TEMP/2026-08-29.npz,2026-08-29.npz,.npz,1154507,1.101024,2026-09-22T13:30:14,d1bd71229fa5aaab4a3c489b1086d27ae229e9c0e33cc8f45e2d81377479d6bd,01_raw_data,False,False,,
<SOURCE_ROOT>/Caltrans PeMS/00_DATA_AUDIT/13_PERCENT_OBSERVED_SEMANTICS/99_TEMP/2026-08-30.npz,Caltrans PeMS/00_DATA_AUDIT/13_PERCENT_OBSERVED_SEMANTICS/99_TEMP/2026-08-30.npz,2026-08-30.npz,.npz,811716,0.774113,2026-09-22T13:30:15,2dd7838d8bf34645ace7c2c138264ed0d29620f03f502087017ff5689214f209,01_raw_data,False,False,,
<SOURCE_ROOT>/Caltrans PeMS/00_DATA_AUDIT/13_PERCENT_OBSERVED_SEMANTICS/99_TEMP/2026-08-31.npz,Caltrans PeMS/00_DATA_AUDIT/13_PERCENT_OBSERVED_SEMANTICS/99_TEMP/2026-08-31.npz,2026-08-31.npz,.npz,857009,0.817307,2026-09-22T13:30:14,c49c32158ecce64d5c200a69bfb407ff3b83892d9c03000219ef9ec1d7bdde81,01_raw_data,False,False,,
<SOURCE_ROOT>/Caltrans PeMS/00_DATA_AUDIT/13_PERCENT_OBSERVED_SEMANTICS/99_TEMP/preview_02_Official_Definitions.png,Caltrans PeMS/00_DATA_AUDIT/13_PERCENT_OBSERVED_SEMANTICS/99_TEMP/preview_02_Official_Definitions.png,preview_02_Official_Definitions.png,.png,94317,0.089948,2026-09-22T13:39:00,6b2a2492c9b6b646bbf7c877a2f231b94c904cadf04872ca3643c0b6d29e62a4,01_raw_data,False,False,,
<SOURCE_ROOT>/Caltrans PeMS/00_DATA_AUDIT/13_PERCENT_OBSERVED_SEMANTICS/99_TEMP/preview_03_Month.png,Caltrans PeMS/00_DATA_AUDIT/13_PERCENT_OBSERVED_SEMANTICS/99_TEMP/preview_03_Month.png,preview_03_Month.png,.png,37615,0.035872,2026-09-22T13:39:00,14ad89f899f178bacc34fea7d4acf563e8f3ca6d4fab4aa78392679b58010938,01_raw_data,False,False,,
<SOURCE_ROOT>/Caltrans PeMS/00_DATA_AUDIT/13_PERCENT_OBSERVED_SEMANTICS/99_TEMP/preview_04_Day.png,Caltrans PeMS/00_DATA_AUDIT/13_PERCENT_OBSERVED_SEMANTICS/99_TEMP/preview_04_Day.png,preview_04_Day.png,.png,37845,0.036092,2026-09-22T13:39:00,350f0cf1a22579fdc4f682f9c14b76e34d8055e7d1bea3f4e131978c2470816e,01_raw_data,False,False,,
<SOURCE_ROOT>/Caltrans PeMS/00_DATA_AUDIT/13_PERCENT_OBSERVED_SEMANTICS/99_TEMP/preview_05_Station.png,Caltrans PeMS/00_DATA_AUDIT/13_PERCENT_OBSERVED_SEMANTICS/99_TEMP/preview_05_Station.png,preview_05_Station.png,.png,29391,0.028029,2026-09-22T13:39:00,ccc3463615be08a7052532dc2f35e929d845da414033cd6158a0bb682d7db630,01_raw_data,False,False,,
<SOURCE_ROOT>/Caltrans PeMS/00_DATA_AUDIT/13_PERCENT_OBSERVED_SEMANTICS/99_TEMP/preview_06_Freeway_Direction.png,Caltrans PeMS/00_DATA_AUDIT/13_PERCENT_OBSERVED_SEMANTICS/99_TEMP/preview_06_Freeway_Direction.png,preview_06_Freeway_Direction.png,.png,33137,0.031602,2026-09-22T13:39:00,13ab01e2a4a12e8c78e43c4d42fd251a36e54e3469544ebc63a0a57f7b08de07,01_raw_data,False,False,,
<SOURCE_ROOT>/Caltrans PeMS/00_DATA_AUDIT/13_PERCENT_OBSERVED_SEMANTICS/99_TEMP/preview_07_Samples.png,Caltrans PeMS/00_DATA_AUDIT/13_PERCENT_OBSERVED_SEMANTICS/99_TEMP/preview_07_Samples.png,preview_07_Samples.png,.png,19826,0.018908,2026-09-22T13:39:00,7584ebc0be364178d2cc0bde39cdbb26cf57ba6ede17ead4dab61d011c664549,01_raw_data,False,False,,
<SOURCE_ROOT>/Caltrans PeMS/00_DATA_AUDIT/13_PERCENT_OBSERVED_SEMANTICS/99_TEMP/preview_08_ZeroObserved.png,Caltrans PeMS/00_DATA_AUDIT/13_PERCENT_OBSERVED_SEMANTICS/99_TEMP/preview_08_ZeroObserved.png,preview_08_ZeroObserved.png,.png,23039,0.021972,2026-09-22T13:39:00,8bb2cc009e81d45cafef4442b64672da0e302cbff51a43f38b79ba38d6dd8967,01_raw_data,False,False,,
<SOURCE_ROOT>/Caltrans PeMS/00_DATA_AUDIT/13_PERCENT_OBSERVED_SEMANTICS/99_TEMP/preview_09_H30_Target.png,Caltrans PeMS/00_DATA_AUDIT/13_PERCENT_OBSERVED_SEMANTICS/99_TEMP/preview_09_H30_Target.png,preview_09_H30_Target.png,.png,27625,0.026345,2026-09-22T13:39:00,1fab616b25b433f9c733390a65b2baa39f3b983f01fcb45464070820dcaf7852,02_training_data,False,False,,
<SOURCE_ROOT>/Caltrans PeMS/00_DATA_AUDIT/13_PERCENT_OBSERVED_SEMANTICS/99_TEMP/preview_10_H60_Target.png,Caltrans PeMS/00_DATA_AUDIT/13_PERCENT_OBSERVED_SEMANTICS/99_TEMP/preview_10_H60_Target.png,preview_10_H60_Target.png,.png,28040,0.026741,2026-09-22T13:39:01,ccf1c13c352723d0a42e96f4a3cadae87ee6b15a451e0a3b622fa31f2adf4302,02_training_data,False,False,,
<SOURCE_ROOT>/Caltrans PeMS/00_DATA_AUDIT/13_PERCENT_OBSERVED_SEMANTICS/99_TEMP/preview_11_Threshold_Sensitivity.png,Caltrans PeMS/00_DATA_AUDIT/13_PERCENT_OBSERVED_SEMANTICS/99_TEMP/preview_11_Threshold_Sensitivity.png,preview_11_Threshold_Sensitivity.png,.png,34404,0.03281,2026-09-22T13:39:01,2f43ea5b8f50470a1bd5b6768de48a451d61cf2a9d7b0f18b4e6587b1a7bc4b2,01_raw_data,False,False,,
<SOURCE_ROOT>/Caltrans PeMS/00_DATA_AUDIT/13_PERCENT_OBSERVED_SEMANTICS/99_TEMP/preview_12_Stable_Stations.png,Caltrans PeMS/00_DATA_AUDIT/13_PERCENT_OBSERVED_SEMANTICS/99_TEMP/preview_12_Stable_Stations.png,preview_12_Stable_Stations.png,.png,32846,0.031324,2026-09-22T13:39:01,85aae7710944efb607006c6cc18b025a691a8d34d3835c5e04cd58e049ff57c3,01_raw_data,False,False,,
<SOURCE_ROOT>/Caltrans PeMS/00_DATA_AUDIT/13_PERCENT_OBSERVED_SEMANTICS/99_TEMP/preview_13_Feasibility.png,Caltrans PeMS/00_DATA_AUDIT/13_PERCENT_OBSERVED_SEMANTICS/99_TEMP/preview_13_Feasibility.png,preview_13_Feasibility.png,.png,35018,0.033396,2026-09-22T13:39:01,8480d72b67452212b4bf64402179455acdc2fe8494087d3205d818429438f107,01_raw_data,False,False,,
<SOURCE_ROOT>/Caltrans PeMS/00_DATA_AUDIT/13_PERCENT_OBSERVED_SEMANTICS/99_TEMP/preview_14_Risks.png,Caltrans PeMS/00_DATA_AUDIT/13_PERCENT_OBSERVED_SEMANTICS/99_TEMP/preview_14_Risks.png,preview_14_Risks.png,.png,36081,0.03441,2026-09-22T13:39:01,58af63c9edecace7857b44854c85e93a96559600ec0c9327a0137fc4e2110f3a,01_raw_data,False,False,,
<SOURCE_ROOT>/Caltrans PeMS/00_DATA_AUDIT/13_PERCENT_OBSERVED_SEMANTICS/99_TEMP/step0b_summary_preview.png,Caltrans PeMS/00_DATA_AUDIT/13_PERCENT_OBSERVED_SEMANTICS/99_TEMP/step0b_summary_preview.png,step0b_summary_preview.png,.png,62481,0.059587,2026-09-22T13:39:00,6ee03ac34260af8bb1e843b75809a4cf79970556cf1397bb019d4c1158f9f649,01_raw_data,False,False,,
<SOURCE_ROOT>/Caltrans PeMS/00_DATA_AUDIT/13_PERCENT_OBSERVED_SEMANTICS/candidate_design_C_input_strata.csv,Caltrans PeMS/00_DATA_AUDIT/13_PERCENT_OBSERVED_SEMANTICS/candidate_design_C_input_strata.csv,candidate_design_C_input_strata.csv,.csv,1140,0.001087,2026-09-22T13:37:56,318d7318db79172c9c3116a48a029090228cdd613ab2b6128dec3d4880cda2f3,01_raw_data,False,False,,
<SOURCE_ROOT>/Caltrans PeMS/00_DATA_AUDIT/13_PERCENT_OBSERVED_SEMANTICS/canonical_243_files.csv,Caltrans PeMS/00_DATA_AUDIT/13_PERCENT_OBSERVED_SEMANTICS/canonical_243_files.csv,canonical_243_files.csv,.csv,42321,0.04036,2026-09-22T13:26:23,5a77e4fc6452570974216d662f0a6e4e2ddb1ff7d601bb0344bb829867a3ad90,01_raw_data,False,False,,
<SOURCE_ROOT>/Caltrans PeMS/00_DATA_AUDIT/13_PERCENT_OBSERVED_SEMANTICS/excluded_duplicate_files.csv,Caltrans PeMS/00_DATA_AUDIT/13_PERCENT_OBSERVED_SEMANTICS/excluded_duplicate_files.csv,excluded_duplicate_files.csv,.csv,789,0.000752,2026-09-22T13:26:23,056ac857cde3d262c2bc69f68c284dfb1f362b5cdd4c96a64299456f3055a5c5,01_raw_data,False,False,,
<SOURCE_ROOT>/Caltrans PeMS/00_DATA_AUDIT/13_PERCENT_OBSERVED_SEMANTICS/forecast_target_alignment_by_day.csv,Caltrans PeMS/00_DATA_AUDIT/13_PERCENT_OBSERVED_SEMANTICS/forecast_target_alignment_by_day.csv,forecast_target_alignment_by_day.csv,.csv,15149,0.014447,2026-09-22T13:37:56,89859adb10c855ce4b4596fba1454044cc5a440711745f86be94a880390d0a77,02_training_data,False,False,,
<SOURCE_ROOT>/Caltrans PeMS/00_DATA_AUDIT/13_PERCENT_OBSERVED_SEMANTICS/forecast_target_percent_observed_distribution.csv,Caltrans PeMS/00_DATA_AUDIT/13_PERCENT_OBSERVED_SEMANTICS/forecast_target_percent_observed_distribution.csv,forecast_target_percent_observed_distribution.csv,.csv,772,0.000736,2026-09-22T13:37:56,facaebb61ec5de91ddb32f7b8c690381c359fbc0f2f5cd8da954fd9c2a0e7048,02_training_data,False,False,,
<SOURCE_ROOT>/Caltrans PeMS/00_DATA_AUDIT/13_PERCENT_OBSERVED_SEMANTICS/ground_truth_threshold_sensitivity.csv,Caltrans PeMS/00_DATA_AUDIT/13_PERCENT_OBSERVED_SEMANTICS/ground_truth_threshold_sensitivity.csv,ground_truth_threshold_sensitivity.csv,.csv,808,0.000771,2026-09-22T13:37:56,8d7449c1eabe9e9ea8da6d155475344e05c0282fef00243d0044f3fe65f13921,01_raw_data,False,False,,
<SOURCE_ROOT>/Caltrans PeMS/00_DATA_AUDIT/13_PERCENT_OBSERVED_SEMANTICS/metadata_stable_station_comparison.csv,Caltrans PeMS/00_DATA_AUDIT/13_PERCENT_OBSERVED_SEMANTICS/metadata_stable_station_comparison.csv,metadata_stable_station_comparison.csv,.csv,654,0.000624,2026-09-22T13:37:56,23d59ce85553c22d00c71fcd1e3884044b916048ce5f640604a848e46f23d77d,01_raw_data,False,False,,
<SOURCE_ROOT>/Caltrans PeMS/00_DATA_AUDIT/13_PERCENT_OBSERVED_SEMANTICS/official_field_definition_audit.md,Caltrans PeMS/00_DATA_AUDIT/13_PERCENT_OBSERVED_SEMANTICS/official_field_definition_audit.md,official_field_definition_audit.md,.md,4011,0.003825,2026-09-22T13:33:58,d705bb31be05e9d804e160127d39ac942e4aa6c81080213e1771380cfaf865bf,01_raw_data,False,False,,
<SOURCE_ROOT>/Caltrans PeMS/00_DATA_AUDIT/13_PERCENT_OBSERVED_SEMANTICS/official_field_definitions.csv,Caltrans PeMS/00_DATA_AUDIT/13_PERCENT_OBSERVED_SEMANTICS/official_field_definitions.csv,official_field_definitions.csv,.csv,2762,0.002634,2026-09-22T13:33:58,0637056233252cfbd7e4a23d25645b0ec37f93eede9b7ceb1768fc0688163933,01_raw_data,False,False,,
<SOURCE_ROOT>/Caltrans PeMS/00_DATA_AUDIT/13_PERCENT_OBSERVED_SEMANTICS/percent_observed_by_day.csv,Caltrans PeMS/00_DATA_AUDIT/13_PERCENT_OBSERVED_SEMANTICS/percent_observed_by_day.csv,percent_observed_by_day.csv,.csv,18995,0.018115,2026-09-22T13:37:56,c33c8edfa1bca5a4bf9323d8d3610b4883398e0574c2a1773515444b2d94c83b,01_raw_data,False,False,,
<SOURCE_ROOT>/Caltrans PeMS/00_DATA_AUDIT/13_PERCENT_OBSERVED_SEMANTICS/percent_observed_by_freeway_direction.csv,Caltrans PeMS/00_DATA_AUDIT/13_PERCENT_OBSERVED_SEMANTICS/percent_observed_by_freeway_direction.csv,percent_observed_by_freeway_direction.csv,.csv,2321,0.002213,2026-09-22T13:37:56,ee3c7dbe06c75f8c881dc1d155558d9d9c057c25486db72d8cb8b292167a0e10,01_raw_data,False,False,,
<SOURCE_ROOT>/Caltrans PeMS/00_DATA_AUDIT/13_PERCENT_OBSERVED_SEMANTICS/percent_observed_by_month.csv,Caltrans PeMS/00_DATA_AUDIT/13_PERCENT_OBSERVED_SEMANTICS/percent_observed_by_month.csv,percent_observed_by_month.csv,.csv,785,0.000749,2026-09-22T13:37:56,ec1a01b2a3019174665471dbab797e82b5f5d8638a042a63348c7f136afb3c9c,01_raw_data,False,False,,
<SOURCE_ROOT>/Caltrans PeMS/00_DATA_AUDIT/13_PERCENT_OBSERVED_SEMANTICS/percent_observed_by_station.csv,Caltrans PeMS/00_DATA_AUDIT/13_PERCENT_OBSERVED_SEMANTICS/percent_observed_by_station.csv,percent_observed_by_station.csv,.csv,211184,0.201401,2026-09-22T13:37:56,75582f50976b9f0618fc26f8d39d140d9932030a62e621094a8bf3df9be659b6,01_raw_data,False,False,,
<SOURCE_ROOT>/Caltrans PeMS/00_DATA_AUDIT/13_PERCENT_OBSERVED_SEMANTICS/percent_observed_global_distribution.csv,Caltrans PeMS/00_DATA_AUDIT/13_PERCENT_OBSERVED_SEMANTICS/percent_observed_global_distribution.csv,percent_observed_global_distribution.csv,.csv,328,0.000313,2026-09-22T13:37:56,a9d6abfbb2f7acdd8b0f1c2e6a7bef125cbe36b8f7af4ff6ea5fa5790ec43139,01_raw_data,False,False,,
<SOURCE_ROOT>/Caltrans PeMS/00_DATA_AUDIT/13_PERCENT_OBSERVED_SEMANTICS/percent_observed_vs_samples.csv,Caltrans PeMS/00_DATA_AUDIT/13_PERCENT_OBSERVED_SEMANTICS/percent_observed_vs_samples.csv,percent_observed_vs_samples.csv,.csv,397,0.000379,2026-09-22T13:37:56,0578b26dd1613957903fc22105966872139890e464b98faf6ebb4263226f9d4e,01_raw_data,False,False,,
<SOURCE_ROOT>/Caltrans PeMS/00_DATA_AUDIT/13_PERCENT_OBSERVED_SEMANTICS/perfect_repeat_runs_by_station.csv,Caltrans PeMS/00_DATA_AUDIT/13_PERCENT_OBSERVED_SEMANTICS/perfect_repeat_runs_by_station.csv,perfect_repeat_runs_by_station.csv,.csv,141744,0.135178,2026-09-22T13:37:56,6c2d24c9152c31d3c05c39b4cf7e8be07064ea97b4605a9f68935bc5874d4532,01_raw_data,False,False,,
<SOURCE_ROOT>/Caltrans PeMS/00_DATA_AUDIT/13_PERCENT_OBSERVED_SEMANTICS/station_high_observation_target_availability.csv,Caltrans PeMS/00_DATA_AUDIT/13_PERCENT_OBSERVED_SEMANTICS/station_high_observation_target_availability.csv,station_high_observation_target_availability.csv,.csv,81997,0.078198,2026-09-22T13:37:56,733db12b1835cc9554d7ffe17196803ded243f43851c4075c5c07bbec9df22e1,02_training_data,False,False,,
<SOURCE_ROOT>/Caltrans PeMS/00_DATA_AUDIT/13_PERCENT_OBSERVED_SEMANTICS/station_identity_issues.csv,Caltrans PeMS/00_DATA_AUDIT/13_PERCENT_OBSERVED_SEMANTICS/station_identity_issues.csv,station_identity_issues.csv,.csv,63,6e-05,2026-09-22T13:37:56,eced354289eeb3d37e31c5ba20f4daddc0062680d1dc26f0570604b076ec9c82,01_raw_data,False,False,,
<SOURCE_ROOT>/Caltrans PeMS/00_DATA_AUDIT/13_PERCENT_OBSERVED_SEMANTICS/station_target_availability_distribution.csv,Caltrans PeMS/00_DATA_AUDIT/13_PERCENT_OBSERVED_SEMANTICS/station_target_availability_distribution.csv,station_target_availability_distribution.csv,.csv,524,0.0005,2026-09-22T13:37:56,de11bc1dca7532243162e80e5a4345b374eb920bee8d8669fe80ab649c6f4759,02_training_data,False,False,,
<SOURCE_ROOT>/Caltrans PeMS/00_DATA_AUDIT/13_PERCENT_OBSERVED_SEMANTICS/step0b_feasibility.csv,Caltrans PeMS/00_DATA_AUDIT/13_PERCENT_OBSERVED_SEMANTICS/step0b_feasibility.csv,step0b_feasibility.csv,.csv,462,0.000441,2026-09-22T13:37:56,ac71138bf89d6b8ff38b6edcd89362ad9f52ef7e062f4e3e8dd301b5503c5991,01_raw_data,False,False,,
<SOURCE_ROOT>/Caltrans PeMS/00_DATA_AUDIT/13_PERCENT_OBSERVED_SEMANTICS/Step0B_final_terminal_summary.txt,Caltrans PeMS/00_DATA_AUDIT/13_PERCENT_OBSERVED_SEMANTICS/Step0B_final_terminal_summary.txt,Step0B_final_terminal_summary.txt,.txt,1846,0.00176,2026-09-22T13:37:56,33c784f267616a2a0a541cbde0a42cf81927911c3bd7ab0c25cf1d3d49746537,01_raw_data,False,False,,
<SOURCE_ROOT>/Caltrans PeMS/00_DATA_AUDIT/13_PERCENT_OBSERVED_SEMANTICS/Step0B_PercentObserved_and_GroundTruth_Audit.md,Caltrans PeMS/00_DATA_AUDIT/13_PERCENT_OBSERVED_SEMANTICS/Step0B_PercentObserved_and_GroundTruth_Audit.md,Step0B_PercentObserved_and_GroundTruth_Audit.md,.md,6692,0.006382,2026-09-22T13:37:56,a22db8600de44f17a2faf1efeb0e9f0aff782774b7a1075b04d4925ab912a79f,01_raw_data,False,False,,
<SOURCE_ROOT>/Caltrans PeMS/00_DATA_AUDIT/13_PERCENT_OBSERVED_SEMANTICS/Step0B_PercentObserved_Audit.xlsx,Caltrans PeMS/00_DATA_AUDIT/13_PERCENT_OBSERVED_SEMANTICS/Step0B_PercentObserved_Audit.xlsx,Step0B_PercentObserved_Audit.xlsx,.xlsx,180165,0.171819,2026-09-22T13:39:03,5fca63d6aa856ace99174c122273f399aa406ee5ef50b644c062a395e92fb7f6,01_raw_data,False,False,,
<SOURCE_ROOT>/Caltrans PeMS/00_DATA_AUDIT/13_PERCENT_OBSERVED_SEMANTICS/Step0B_PercentObserved_Audit.xlsx.inspect.ndjson,Caltrans PeMS/00_DATA_AUDIT/13_PERCENT_OBSERVED_SEMANTICS/Step0B_PercentObserved_Audit.xlsx.inspect.ndjson,Step0B_PercentObserved_Audit.xlsx.inspect.ndjson,.ndjson,11646087,11.106574,2026-09-22T13:39:03,3fb401887588f4d7b330d5b2ee2afc29aed7c3edcfdd8b64a2a7befbc9ae2e3d,01_raw_data,False,False,,
<SOURCE_ROOT>/Caltrans PeMS/00_DATA_AUDIT/13_PERCENT_OBSERVED_SEMANTICS/Step0B_results.json,Caltrans PeMS/00_DATA_AUDIT/13_PERCENT_OBSERVED_SEMANTICS/Step0B_results.json,Step0B_results.json,.json,1773,0.001691,2026-09-22T13:37:56,395b80a3e4595d0001ec060bb4bfd47a0e509c9753477ffe29403a8ace2292cf,01_raw_data,False,False,,
<SOURCE_ROOT>/Caltrans PeMS/00_DATA_AUDIT/13_PERCENT_OBSERVED_SEMANTICS/step0b_risks.csv,Caltrans PeMS/00_DATA_AUDIT/13_PERCENT_OBSERVED_SEMANTICS/step0b_risks.csv,step0b_risks.csv,.csv,634,0.000605,2026-09-22T13:37:56,7b902028f9b7ceb17e02bef0bed0791c45ac6d7d2a9d9c01e891615684b7f8bd,01_raw_data,False,False,,
<SOURCE_ROOT>/Caltrans PeMS/00_DATA_AUDIT/13_PERCENT_OBSERVED_SEMANTICS/zero_observed_variable_comparison.csv,Caltrans PeMS/00_DATA_AUDIT/13_PERCENT_OBSERVED_SEMANTICS/zero_observed_variable_comparison.csv,zero_observed_variable_comparison.csv,.csv,905,0.000863,2026-09-22T13:37:56,bc38056e2dbd5d492d73d30915dc8c5ef1658f3f4f7644932025766facf52187,01_raw_data,False,False,,
<SOURCE_ROOT>/Caltrans PeMS/00_DATA_AUDIT/14_STEP0C_CHRONOLOGICAL_SPLIT/Step0C_manifest.csv,Caltrans PeMS/00_DATA_AUDIT/14_STEP0C_CHRONOLOGICAL_SPLIT/Step0C_manifest.csv,Step0C_manifest.csv,.csv,685,0.000653,2026-09-22T14:16:16,c11ef04657688615fe5a995f58cc336a750a5528216e82b3ce697fcdb669db51,01_raw_data,False,False,,
<SOURCE_ROOT>/Caltrans PeMS/00_DATA_AUDIT/14_STEP0C_CHRONOLOGICAL_SPLIT/step0c_quality_cohorts.csv,Caltrans PeMS/00_DATA_AUDIT/14_STEP0C_CHRONOLOGICAL_SPLIT/step0c_quality_cohorts.csv,step0c_quality_cohorts.csv,.csv,896,0.000854,2026-09-22T14:16:16,1dcb76c043562099928d32555a62ea2805dd5eb428a3e9aea7ab107eaa507911,01_raw_data,False,False,,
<SOURCE_ROOT>/Caltrans PeMS/00_DATA_AUDIT/14_STEP0C_CHRONOLOGICAL_SPLIT/step0c_readiness.json,Caltrans PeMS/00_DATA_AUDIT/14_STEP0C_CHRONOLOGICAL_SPLIT/step0c_readiness.json,step0c_readiness.json,.json,32166,0.030676,2026-09-22T14:16:16,0c2bec123f66b864766e0482656251017ddd2269fa320cd090343d578602d846,01_raw_data,False,False,,
<SOURCE_ROOT>/Caltrans PeMS/00_DATA_AUDIT/14_STEP0C_CHRONOLOGICAL_SPLIT/step0c_run.log,Caltrans PeMS/00_DATA_AUDIT/14_STEP0C_CHRONOLOGICAL_SPLIT/step0c_run.log,step0c_run.log,.log,18666,0.017801,2026-09-22T14:16:16,2d5ebf8504db268b18b1ae8bfc8b4caca0d70492c4d2a697601a94440e59e0c5,01_raw_data,False,False,,
<SOURCE_ROOT>/Caltrans PeMS/00_DATA_AUDIT/14_STEP0C_CHRONOLOGICAL_SPLIT/step0c_split_summary.csv,Caltrans PeMS/00_DATA_AUDIT/14_STEP0C_CHRONOLOGICAL_SPLIT/step0c_split_summary.csv,step0c_split_summary.csv,.csv,960,0.000916,2026-09-22T14:16:16,d58943412d2724f7de5545791eb1cfb328c5e50fa17b74c37abf68477ec55cd6,01_raw_data,False,False,,
<SOURCE_ROOT>/Caltrans PeMS/00_DATA_AUDIT/14_STEP0C_CHRONOLOGICAL_SPLIT/step0c_station_coverage.csv,Caltrans PeMS/00_DATA_AUDIT/14_STEP0C_CHRONOLOGICAL_SPLIT/step0c_station_coverage.csv,step0c_station_coverage.csv,.csv,33836,0.032269,2026-09-22T14:16:16,35d574c43e66aed6b75a71396868cfdd3c89671a7e41203505e8aac5011e5307,01_raw_data,False,False,,
<SOURCE_ROOT>/Caltrans PeMS/00_DATA_AUDIT/99_TEMP/00493add566935d6.json,Caltrans PeMS/00_DATA_AUDIT/99_TEMP/00493add566935d6.json,00493add566935d6.json,.json,5853509,5.582341,2026-09-22T12:40:02,6054458022de8f9be4cdb8bd18eb2e74b6cbee2b18696d8c1a73de04debffba1,01_raw_data,False,False,,
<SOURCE_ROOT>/Caltrans PeMS/00_DATA_AUDIT/99_TEMP/031831d01585b557.json,Caltrans PeMS/00_DATA_AUDIT/99_TEMP/031831d01585b557.json,031831d01585b557.json,.json,5851783,5.580695,2026-09-22T12:42:29,26c972b5f259b3e252a19b8dbcd7613ffac7cb61aea49a70c292f13815d9d6cf,01_raw_data,False,False,,
<SOURCE_ROOT>/Caltrans PeMS/00_DATA_AUDIT/99_TEMP/0382df0feb967388.json,Caltrans PeMS/00_DATA_AUDIT/99_TEMP/0382df0feb967388.json,0382df0feb967388.json,.json,5918274,5.644106,2026-09-22T12:46:28,e3e59bfdd99176765b0c58c6469ffbe816294743fdbbe0e9b1dc21fdea2692c7,01_raw_data,False,False,,
<SOURCE_ROOT>/Caltrans PeMS/00_DATA_AUDIT/99_TEMP/041a7297e653df6f.json,Caltrans PeMS/00_DATA_AUDIT/99_TEMP/041a7297e653df6f.json,041a7297e653df6f.json,.json,5855371,5.584117,2026-09-22T12:43:26,cb9ca908a3d9c0f38936a9ee8def025ed672abceb9e6054781118fe701141be4,01_raw_data,False,False,,
<SOURCE_ROOT>/Caltrans PeMS/00_DATA_AUDIT/99_TEMP/0605aae3e367b234.json,Caltrans PeMS/00_DATA_AUDIT/99_TEMP/0605aae3e367b234.json,0605aae3e367b234.json,.json,5921866,5.647532,2026-09-22T12:36:20,884e7d8fa449d7968c8a87d33d30f84916a73d9274cd9df0cdac7fb8d8264012,01_raw_data,False,False,,
<SOURCE_ROOT>/Caltrans PeMS/00_DATA_AUDIT/99_TEMP/07b05c8e748d6005.json,Caltrans PeMS/00_DATA_AUDIT/99_TEMP/07b05c8e748d6005.json,07b05c8e748d6005.json,.json,5846152,5.575325,2026-09-22T12:39:40,42e2d5ba066991e2bd6bcbdf25f48f64e92161d19cbd642fbc7fd05bae45d682,01_raw_data,False,False,,
<SOURCE_ROOT>/Caltrans PeMS/00_DATA_AUDIT/99_TEMP/0bd68696ff3fcb73.json,Caltrans PeMS/00_DATA_AUDIT/99_TEMP/0bd68696ff3fcb73.json,0bd68696ff3fcb73.json,.json,5925585,5.651078,2026-09-22T12:44:53,d576a099471d8b3b923116ddc5ebea90eef3be95e9dee032eb621ead2d3031f5,01_raw_data,False,False,,
<SOURCE_ROOT>/Caltrans PeMS/00_DATA_AUDIT/99_TEMP/0c3f9d1eed199c47.json,Caltrans PeMS/00_DATA_AUDIT/99_TEMP/0c3f9d1eed199c47.json,0c3f9d1eed199c47.json,.json,5915103,5.641082,2026-09-22T12:44:54,f7b805256fd1a023201d740f114e58418bc7fc7415544a80b2c5fa54b09c4c6e,01_raw_data,False,False,,
<SOURCE_ROOT>/Caltrans PeMS/00_DATA_AUDIT/99_TEMP/0cb8c6d6ff5e4397.json,Caltrans PeMS/00_DATA_AUDIT/99_TEMP/0cb8c6d6ff5e4397.json,0cb8c6d6ff5e4397.json,.json,5856321,5.585023,2026-09-22T12:42:52,b0deb861af9e2e590218da40c995b5d74f26b0e658c8385278167ee075c83ddc,01_raw_data,False,False,,
<SOURCE_ROOT>/Caltrans PeMS/00_DATA_AUDIT/99_TEMP/0f122ee27b073bfa.json,Caltrans PeMS/00_DATA_AUDIT/99_TEMP/0f122ee27b073bfa.json,0f122ee27b073bfa.json,.json,5934941,5.660001,2026-09-22T12:36:09,e181afa5745afd2b8f3a821f1cff531c20a2e0f61afd9a0a26c8b5cd8fe58d92,01_raw_data,False,False,,
<SOURCE_ROOT>/Caltrans PeMS/00_DATA_AUDIT/99_TEMP/0f1ca84e540eec30.json,Caltrans PeMS/00_DATA_AUDIT/99_TEMP/0f1ca84e540eec30.json,0f1ca84e540eec30.json,.json,5896117,5.622975,2026-09-22T12:36:42,7086dcdec9a2658f04cbbcb00f4992aff4809d6c9d19bf63559cc1283f703009,01_raw_data,False,False,,
<SOURCE_ROOT>/Caltrans PeMS/00_DATA_AUDIT/99_TEMP/107af891a311bbbd.json,Caltrans PeMS/00_DATA_AUDIT/99_TEMP/107af891a311bbbd.json,107af891a311bbbd.json,.json,5859281,5.587846,2026-09-22T12:39:18,3a531a10afcfcf43e2d30646535a4e616bc34acfae17c47135767f3344f77bcc,01_raw_data,False,False,,
<SOURCE_ROOT>/Caltrans PeMS/00_DATA_AUDIT/99_TEMP/110908b3ff3badc4.json,Caltrans PeMS/00_DATA_AUDIT/99_TEMP/110908b3ff3badc4.json,110908b3ff3badc4.json,.json,5856155,5.584865,2026-09-22T12:43:46,baacc6e8bdb446bb60d88910a3ba84c3aede704e0798cbd2664b9e6317d0c195,01_raw_data,False,False,,
<SOURCE_ROOT>/Caltrans PeMS/00_DATA_AUDIT/99_TEMP/110d8d83864da575.json,Caltrans PeMS/00_DATA_AUDIT/99_TEMP/110d8d83864da575.json,110d8d83864da575.json,.json,5840456,5.569893,2026-09-22T12:41:57,a107718a8d278db96ec0376b55697c7523f27ea6f6c97b0b2f946ede05aca817,01_raw_data,False,False,,
<SOURCE_ROOT>/Caltrans PeMS/00_DATA_AUDIT/99_TEMP/1339c4b9e39f54d7.json,Caltrans PeMS/00_DATA_AUDIT/99_TEMP/1339c4b9e39f54d7.json,1339c4b9e39f54d7.json,.json,5814277,5.544927,2026-09-22T12:39:07,bd0c54fbe2baf004bc612cdae3d445d8ce2d662e424eb13c7e0984c483a204e3,01_raw_data,False,False,,
<SOURCE_ROOT>/Caltrans PeMS/00_DATA_AUDIT/99_TEMP/13c0759afd654ac6.json,Caltrans PeMS/00_DATA_AUDIT/99_TEMP/13c0759afd654ac6.json,13c0759afd654ac6.json,.json,5842802,5.57213,2026-09-22T12:38:11,7a550a5b4cf1e1ec2c10d33082ddf5dd991111daae3e9c8cf7b13fc500aeba0b,01_raw_data,False,False,,
<SOURCE_ROOT>/Caltrans PeMS/00_DATA_AUDIT/99_TEMP/1417635f97003300.json,Caltrans PeMS/00_DATA_AUDIT/99_TEMP/1417635f97003300.json,1417635f97003300.json,.json,5838513,5.56804,2026-09-22T12:44:02,85dd4faa50e27d8753447adbd9e97b8b900c6c2e6a0de0ffdd8f9635c9172aa3,01_raw_data,False,False,,
<SOURCE_ROOT>/Caltrans PeMS/00_DATA_AUDIT/99_TEMP/16b6d2b446a5d49f.json,Caltrans PeMS/00_DATA_AUDIT/99_TEMP/16b6d2b446a5d49f.json,16b6d2b446a5d49f.json,.json,5910895,5.637069,2026-09-22T12:36:54,9af5227c8e1e7dcd3d4d455531ce91330d57f4ef08c9235418fbb7dcc7ecac13,01_raw_data,False,False,,
<SOURCE_ROOT>/Caltrans PeMS/00_DATA_AUDIT/99_TEMP/192782c792135aad.json,Caltrans PeMS/00_DATA_AUDIT/99_TEMP/192782c792135aad.json,192782c792135aad.json,.json,5855242,5.583994,2026-09-22T12:41:33,bcc8a48da4161bc707b49225d43f3e325abfc74bb97043ee56d9570fed7f0fe0,01_raw_data,False,False,,
<SOURCE_ROOT>/Caltrans PeMS/00_DATA_AUDIT/99_TEMP/198e596e243170ff.json,Caltrans PeMS/00_DATA_AUDIT/99_TEMP/198e596e243170ff.json,198e596e243170ff.json,.json,5831569,5.561418,2026-09-22T12:41:56,17f9e62051ccd536bf0cc92c02ae55aa48be1f47ad3c4760ce0e78fcda087b34,01_raw_data,False,False,,
<SOURCE_ROOT>/Caltrans PeMS/00_DATA_AUDIT/99_TEMP/19ff9b7ede6b285d.json,Caltrans PeMS/00_DATA_AUDIT/99_TEMP/19ff9b7ede6b285d.json,19ff9b7ede6b285d.json,.json,5906762,5.633127,2026-09-22T12:45:44,151091ec3a6a58695b1693df227e3f8d5e2db300dd2e64d421c78e62a3790144,01_raw_data,False,False,,
<SOURCE_ROOT>/Caltrans PeMS/00_DATA_AUDIT/99_TEMP/1c5a93b853b43994.json,Caltrans PeMS/00_DATA_AUDIT/99_TEMP/1c5a93b853b43994.json,1c5a93b853b43994.json,.json,5855461,5.584203,2026-09-22T12:44:19,93af968b1c775d8005aedecaea5ddf8ae016cd60f2d72ca8bd05e8b9bb4f52b8,01_raw_data,False,False,,
<SOURCE_ROOT>/Caltrans PeMS/00_DATA_AUDIT/99_TEMP/1d41859942348748.json,Caltrans PeMS/00_DATA_AUDIT/99_TEMP/1d41859942348748.json,1d41859942348748.json,.json,5877218,5.604952,2026-09-22T12:38:00,d6faa31159901811ab9ecac48cbfa8d721040488e2459963d4b5388195958eda,01_raw_data,False,False,,
<SOURCE_ROOT>/Caltrans PeMS/00_DATA_AUDIT/99_TEMP/1dbf34b55c5a2f11.json,Caltrans PeMS/00_DATA_AUDIT/99_TEMP/1dbf34b55c5a2f11.json,1dbf34b55c5a2f11.json,.json,5922737,5.648362,2026-09-22T12:36:20,0e3edc74505fa7076ef48486a3f5965a5b558da9eb695ed7564dc136cf9f174d,01_raw_data,False,False,,
<SOURCE_ROOT>/Caltrans PeMS/00_DATA_AUDIT/99_TEMP/1df9f62bd0d60a9e.json,Caltrans PeMS/00_DATA_AUDIT/99_TEMP/1df9f62bd0d60a9e.json,1df9f62bd0d60a9e.json,.json,5846265,5.575433,2026-09-22T12:41:11,051744b15f4172d64c92e8ec9c6f8b65a844aa2ba5654af18400216bc6ba46d4,01_raw_data,False,False,,
<SOURCE_ROOT>/Caltrans PeMS/00_DATA_AUDIT/99_TEMP/1ff1615600269725.json,Caltrans PeMS/00_DATA_AUDIT/99_TEMP/1ff1615600269725.json,1ff1615600269725.json,.json,5908073,5.634377,2026-09-22T12:37:05,9f8aa38663b945f50c2532380456bdbfec9c91dddb447f451278e63932a7ed8f,01_raw_data,False,False,,
<SOURCE_ROOT>/Caltrans PeMS/00_DATA_AUDIT/99_TEMP/20763cc2c1905ce9.json,Caltrans PeMS/00_DATA_AUDIT/99_TEMP/20763cc2c1905ce9.json,20763cc2c1905ce9.json,.json,5833199,5.562972,2026-09-22T12:40:48,4226a3cfe189e16571414935d8c73c8dc3a923764644d7628c2364f27e461aed,01_raw_data,False,False,,
<SOURCE_ROOT>/Caltrans PeMS/00_DATA_AUDIT/99_TEMP/2101296188cc0dd4.json,Caltrans PeMS/00_DATA_AUDIT/99_TEMP/2101296188cc0dd4.json,2101296188cc0dd4.json,.json,5859063,5.587638,2026-09-22T12:41:34,5db60fc677a261508aed468b1682602a87bbdc59177c650a6f35c3e55baa5080,01_raw_data,False,False,,
<SOURCE_ROOT>/Caltrans PeMS/00_DATA_AUDIT/99_TEMP/210e5aeaf408cd80.json,Caltrans PeMS/00_DATA_AUDIT/99_TEMP/210e5aeaf408cd80.json,210e5aeaf408cd80.json,.json,5879065,5.606713,2026-09-22T12:41:44,4d75bdb4fe5b16b99bf9f33a72f7f1ae9c1ae62360b6ae2601d97f86b9c2af1c,01_raw_data,False,False,,
<SOURCE_ROOT>/Caltrans PeMS/00_DATA_AUDIT/99_TEMP/215e31374d78fde7.json,Caltrans PeMS/00_DATA_AUDIT/99_TEMP/215e31374d78fde7.json,215e31374d78fde7.json,.json,5841193,5.570596,2026-09-22T12:42:19,5622157929771021e8d5b8fd184187fef6e97946204cb68f0f3b554003cd3378,01_raw_data,False,False,,
<SOURCE_ROOT>/Caltrans PeMS/00_DATA_AUDIT/99_TEMP/21bdb24e0bf67b34.json,Caltrans PeMS/00_DATA_AUDIT/99_TEMP/21bdb24e0bf67b34.json,21bdb24e0bf67b34.json,.json,5845782,5.574972,2026-09-22T12:40:02,6419ea80259a98d9aa9b24fbb0b0747c3ec7f1ab1b7f41e76d14ea7f18dc09bc,01_raw_data,False,False,,
<SOURCE_ROOT>/Caltrans PeMS/00_DATA_AUDIT/99_TEMP/224431fd42fe852d.json,Caltrans PeMS/00_DATA_AUDIT/99_TEMP/224431fd42fe852d.json,224431fd42fe852d.json,.json,5906060,5.632458,2026-09-22T12:37:48,cddedd628196014823484e5f847866f9d13286038b4ba9b63eca4b8d4be420dd,01_raw_data,False,False,,
<SOURCE_ROOT>/Caltrans PeMS/00_DATA_AUDIT/99_TEMP/227dafd3282defed.json,Caltrans PeMS/00_DATA_AUDIT/99_TEMP/227dafd3282defed.json,227dafd3282defed.json,.json,5927373,5.652783,2026-09-22T12:44:55,e1ec1651f17dbe4f337712f5153e23cdfc2c5cb2df154ffe1807c5434597ae60,01_raw_data,False,False,,
<SOURCE_ROOT>/Caltrans PeMS/00_DATA_AUDIT/99_TEMP/22fb9476d8e9bc1f.json,Caltrans PeMS/00_DATA_AUDIT/99_TEMP/22fb9476d8e9bc1f.json,22fb9476d8e9bc1f.json,.json,5851985,5.580888,2026-09-22T12:39:29,105ae0682e133181a68f6ad9b8c9ef64727badc4e45ccd5207b3e8f6f6410284,01_raw_data,False,False,,
<SOURCE_ROOT>/Caltrans PeMS/00_DATA_AUDIT/99_TEMP/2562de35287bd449.json,Caltrans PeMS/00_DATA_AUDIT/99_TEMP/2562de35287bd449.json,2562de35287bd449.json,.json,5833475,5.563235,2026-09-22T12:43:47,b43f955fd03abfe413f81e4a05e5c2e25dd68e55ac5a1949d964bb5641161cf5,01_raw_data,False,False,,
<SOURCE_ROOT>/Caltrans PeMS/00_DATA_AUDIT/99_TEMP/259defed9d3faf3b.json,Caltrans PeMS/00_DATA_AUDIT/99_TEMP/259defed9d3faf3b.json,259defed9d3faf3b.json,.json,5860672,5.589172,2026-09-22T12:38:46,1883f34b645202f77dd79d093878c7f139d1cd4cf0533e7e3c30a9de24ae7153,01_raw_data,False,False,,
<SOURCE_ROOT>/Caltrans PeMS/00_DATA_AUDIT/99_TEMP/299ce11caa0da65f.json,Caltrans PeMS/00_DATA_AUDIT/99_TEMP/299ce11caa0da65f.json,299ce11caa0da65f.json,.json,5861040,5.589523,2026-09-22T12:40:36,498eef56ca1e2f4ba6acbd2c853848fb2bc9f39ec112d6573ba22e1a616de220,01_raw_data,False,False,,
<SOURCE_ROOT>/Caltrans PeMS/00_DATA_AUDIT/99_TEMP/2b41c1be9146c1dc.json,Caltrans PeMS/00_DATA_AUDIT/99_TEMP/2b41c1be9146c1dc.json,2b41c1be9146c1dc.json,.json,5841713,5.571092,2026-09-22T12:39:29,4035fb9a0e5f0cabb8c53b38d6c2f1ab73a336536a57480c55cebc8a057d9938,01_raw_data,False,False,,
<SOURCE_ROOT>/Caltrans PeMS/00_DATA_AUDIT/99_TEMP/2b7e1c6f0aca1f3b.json,Caltrans PeMS/00_DATA_AUDIT/99_TEMP/2b7e1c6f0aca1f3b.json,2b7e1c6f0aca1f3b.json,.json,5901223,5.627845,2026-09-22T12:37:37,8d9b198072a8c2bc8c4dcfa01f9a75bce3697a35b7839007590458dbe90293a6,01_raw_data,False,False,,
<SOURCE_ROOT>/Caltrans PeMS/00_DATA_AUDIT/99_TEMP/2fda9fde3ebf2f8b.json,Caltrans PeMS/00_DATA_AUDIT/99_TEMP/2fda9fde3ebf2f8b.json,2fda9fde3ebf2f8b.json,.json,5855341,5.584088,2026-09-22T12:43:04,3bb29a6dc893f5c19669246a884170f2f7e5ee423047ddf9330aae679e5fb170,01_raw_data,False,False,,
<SOURCE_ROOT>/Caltrans PeMS/00_DATA_AUDIT/99_TEMP/2ffe83c1d8d713a6.json,Caltrans PeMS/00_DATA_AUDIT/99_TEMP/2ffe83c1d8d713a6.json,2ffe83c1d8d713a6.json,.json,5859649,5.588197,2026-09-22T12:40:26,518122072c92bef82826986687079b5886657bfc96b9e7ab296dcbb1df7e8cef,01_raw_data,False,False,,
<SOURCE_ROOT>/Caltrans PeMS/00_DATA_AUDIT/99_TEMP/313b3421e9f8be17.json,Caltrans PeMS/00_DATA_AUDIT/99_TEMP/313b3421e9f8be17.json,313b3421e9f8be17.json,.json,5913705,5.639749,2026-09-22T12:36:43,0bca2aaa204df0090842a8ff83bbbd8c5f3b601aa57b94e175ab30b660b87a65,01_raw_data,False,False,,
<SOURCE_ROOT>/Caltrans PeMS/00_DATA_AUDIT/99_TEMP/32c6e2355f6c4974.json,Caltrans PeMS/00_DATA_AUDIT/99_TEMP/32c6e2355f6c4974.json,32c6e2355f6c4974.json,.json,5851123,5.580066,2026-09-22T12:42:30,999e3d82da141db640ddb0d62e7711f3fb2f312a8b4a61c1efd23490dc2a5f3f,01_raw_data,False,False,,
<SOURCE_ROOT>/Caltrans PeMS/00_DATA_AUDIT/99_TEMP/32ec18b92bb2fe44.json,Caltrans PeMS/00_DATA_AUDIT/99_TEMP/32ec18b92bb2fe44.json,32ec18b92bb2fe44.json,.json,5853794,5.582613,2026-09-22T12:40:47,12b9eda7c5051db5c663eab9bffde5ed5fbf4d708862a23dc89602fa58d28019,01_raw_data,False,False,,
<SOURCE_ROOT>/Caltrans PeMS/00_DATA_AUDIT/99_TEMP/33fb95d7d24e8fdc.json,Caltrans PeMS/00_DATA_AUDIT/99_TEMP/33fb95d7d24e8fdc.json,33fb95d7d24e8fdc.json,.json,5860269,5.588788,2026-09-22T12:39:41,218efcbdd70d07fa13fd957655be2e1d520e652b3b624c14a43bf49bb8b5304d,01_raw_data,False,False,,
<SOURCE_ROOT>/Caltrans PeMS/00_DATA_AUDIT/99_TEMP/3533000e23e77d37.json,Caltrans PeMS/00_DATA_AUDIT/99_TEMP/3533000e23e77d37.json,3533000e23e77d37.json,.json,5835008,5.564697,2026-09-22T12:41:22,bffd68fe43067cb6d138bc1f8e39e7fa9c82224a081851a734489b1012e9cb6f,01_raw_data,False,False,,
<SOURCE_ROOT>/Caltrans PeMS/00_DATA_AUDIT/99_TEMP/36a27cea70745b0c.json,Caltrans PeMS/00_DATA_AUDIT/99_TEMP/36a27cea70745b0c.json,36a27cea70745b0c.json,.json,5858623,5.587218,2026-09-22T12:38:01,2d18de431368a384e0f27d23b931868743064b50b03aa5cd7093e44f5c723b60,01_raw_data,False,False,,
<SOURCE_ROOT>/Caltrans PeMS/00_DATA_AUDIT/99_TEMP/375a8e6f39e2d8f3.json,Caltrans PeMS/00_DATA_AUDIT/99_TEMP/375a8e6f39e2d8f3.json,375a8e6f39e2d8f3.json,.json,5836855,5.566459,2026-09-22T12:42:43,60d94906d791c4d012b92fc70268d26287b3f95be241770ce836ab945714de3b,01_raw_data,False,False,,
<SOURCE_ROOT>/Caltrans PeMS/00_DATA_AUDIT/99_TEMP/38110597585977a5.json,Caltrans PeMS/00_DATA_AUDIT/99_TEMP/38110597585977a5.json,38110597585977a5.json,.json,5706938,5.44256,2026-09-22T12:38:35,c49de16964dbb0920611d31a42919a53ec2d53a2c057114eff4305bbd112b82d,01_raw_data,False,False,,
<SOURCE_ROOT>/Caltrans PeMS/00_DATA_AUDIT/99_TEMP/385a70a43ae74802.json,Caltrans PeMS/00_DATA_AUDIT/99_TEMP/385a70a43ae74802.json,385a70a43ae74802.json,.json,5863014,5.591406,2026-09-22T12:38:22,3789307721cf7dce4365097d4666ab8d3e406982d20ff4868ad548a5146d4637,01_raw_data,False,False,,
<SOURCE_ROOT>/Caltrans PeMS/00_DATA_AUDIT/99_TEMP/38d0bc0f43d8035d.json,Caltrans PeMS/00_DATA_AUDIT/99_TEMP/38d0bc0f43d8035d.json,38d0bc0f43d8035d.json,.json,5913347,5.639407,2026-09-22T12:45:17,57189c318cbab1cfef2b41b5889be58c135bc128336b5c07664d6b3a8d303fa5,01_raw_data,False,False,,
<SOURCE_ROOT>/Caltrans PeMS/00_DATA_AUDIT/99_TEMP/38dae900da5c6353.json,Caltrans PeMS/00_DATA_AUDIT/99_TEMP/38dae900da5c6353.json,38dae900da5c6353.json,.json,373954,0.35663,2026-09-22T12:46:11,08ea37608705cc3ba249f77205f83b6fa5531460caeac67ee3721c9359e80e24,01_raw_data,False,False,,
<SOURCE_ROOT>/Caltrans PeMS/00_DATA_AUDIT/99_TEMP/3960e3b086c62b99.json,Caltrans PeMS/00_DATA_AUDIT/99_TEMP/3960e3b086c62b99.json,3960e3b086c62b99.json,.json,5922380,5.648022,2026-09-22T12:36:09,4614dfb5f518ab558d3a3aefe1b86afb41c1ce9055da3693c5cc6696c66dfa31,01_raw_data,False,False,,
<SOURCE_ROOT>/Caltrans PeMS/00_DATA_AUDIT/99_TEMP/3d5e8254047829b3.json,Caltrans PeMS/00_DATA_AUDIT/99_TEMP/3d5e8254047829b3.json,3d5e8254047829b3.json,.json,5851322,5.580256,2026-09-22T12:43:15,04bfbee32e66ebb0ed8cfc91ada09b43529133c9f9bd460637bc1dd5106db7a7,01_raw_data,False,False,,
<SOURCE_ROOT>/Caltrans PeMS/00_DATA_AUDIT/99_TEMP/3ed5c4130a1766c1.json,Caltrans PeMS/00_DATA_AUDIT/99_TEMP/3ed5c4130a1766c1.json,3ed5c4130a1766c1.json,.json,5919745,5.645509,2026-09-22T12:45:40,d66ee17d7909b5bd09b6ef4b36692d4b028ce3c2449d4b9b7f5f63066980dc3e,01_raw_data,False,False,,
<SOURCE_ROOT>/Caltrans PeMS/00_DATA_AUDIT/99_TEMP/3f602493d628c013.json,Caltrans PeMS/00_DATA_AUDIT/99_TEMP/3f602493d628c013.json,3f602493d628c013.json,.json,5896277,5.623128,2026-09-22T12:46:25,e712264246d77f8d4d1da20d1050f2a01dba76a6e61461bc2b06ed49bbd427f8,01_raw_data,False,False,,
<SOURCE_ROOT>/Caltrans PeMS/00_DATA_AUDIT/99_TEMP/4104f4238a5f4267.json,Caltrans PeMS/00_DATA_AUDIT/99_TEMP/4104f4238a5f4267.json,4104f4238a5f4267.json,.json,5888469,5.615682,2026-09-22T12:45:29,828c81a9a64f9e2fa09dfe57e5f7fcc89f1e938215f4e2f6121bfba125766f7d,01_raw_data,False,False,,
<SOURCE_ROOT>/Caltrans PeMS/00_DATA_AUDIT/99_TEMP/432668469b4ddedf.json,Caltrans PeMS/00_DATA_AUDIT/99_TEMP/432668469b4ddedf.json,432668469b4ddedf.json,.json,5916979,5.642871,2026-09-22T12:46:14,cccda7d852217d254b97ed7d1748601bf5ccf785e0ee9596f7863d8f41e627df,01_raw_data,False,False,,
<SOURCE_ROOT>/Caltrans PeMS/00_DATA_AUDIT/99_TEMP/45011c83aa8de30f.json,Caltrans PeMS/00_DATA_AUDIT/99_TEMP/45011c83aa8de30f.json,45011c83aa8de30f.json,.json,5616627,5.356433,2026-09-22T12:38:57,9151872929d9873f1d16b36507149c8c34457476ad7399a27a2d80d7645b3c41,01_raw_data,False,False,,
<SOURCE_ROOT>/Caltrans PeMS/00_DATA_AUDIT/99_TEMP/45484512ad6b1941.json,Caltrans PeMS/00_DATA_AUDIT/99_TEMP/45484512ad6b1941.json,45484512ad6b1941.json,.json,5906586,5.632959,2026-09-22T12:45:28,e9fd8b38020e019749b3bc1c09fdc8bd5aa256b6027a4ce7d9b72c5fa47360d9,01_raw_data,False,False,,
<SOURCE_ROOT>/Caltrans PeMS/00_DATA_AUDIT/99_TEMP/45c21b550d5cfac6.json,Caltrans PeMS/00_DATA_AUDIT/99_TEMP/45c21b550d5cfac6.json,45c21b550d5cfac6.json,.json,5853742,5.582563,2026-09-22T12:39:07,9637638065fa1db16df123d731f39fc0ab38fd5df6c4bc7dbc953f3356dfea03,01_raw_data,False,False,,
<SOURCE_ROOT>/Caltrans PeMS/00_DATA_AUDIT/99_TEMP/49ca8ca316ff09de.json,Caltrans PeMS/00_DATA_AUDIT/99_TEMP/49ca8ca316ff09de.json,49ca8ca316ff09de.json,.json,5843804,5.573086,2026-09-22T12:39:53,613aca2c0ae2c7486baa065caf29bf7bf202aa60a4c3e41424215d822aa378cd,01_raw_data,False,False,,
<SOURCE_ROOT>/Caltrans PeMS/00_DATA_AUDIT/99_TEMP/4d8eeeff895fe451.json,Caltrans PeMS/00_DATA_AUDIT/99_TEMP/4d8eeeff895fe451.json,4d8eeeff895fe451.json,.json,5916648,5.642555,2026-09-22T12:46:07,4669df83b33ea4dde2192f63d5364958384932076acd4d67f1923d3c5d2f4e9b,01_raw_data,False,False,,
<SOURCE_ROOT>/Caltrans PeMS/00_DATA_AUDIT/99_TEMP/4db8c5c41b7e67e2.json,Caltrans PeMS/00_DATA_AUDIT/99_TEMP/4db8c5c41b7e67e2.json,4db8c5c41b7e67e2.json,.json,5922649,5.648278,2026-09-22T12:36:20,cf434b5e27593195ad157d7866b61510769abb51dc4ed0080c4b29e59258b349,01_raw_data,False,False,,
<SOURCE_ROOT>/Caltrans PeMS/00_DATA_AUDIT/99_TEMP/4f05b8816b7f9daf.json,Caltrans PeMS/00_DATA_AUDIT/99_TEMP/4f05b8816b7f9daf.json,4f05b8816b7f9daf.json,.json,5846237,5.575406,2026-09-22T12:43:28,f0ec3cc80ed8a5dcb186a01de933b01d1fa56a8cf99f1af98e8a6f03006b87fe,01_raw_data,False,False,,
<SOURCE_ROOT>/Caltrans PeMS/00_DATA_AUDIT/99_TEMP/502bc9c779c16046.json,Caltrans PeMS/00_DATA_AUDIT/99_TEMP/502bc9c779c16046.json,502bc9c779c16046.json,.json,5838299,5.567836,2026-09-22T12:38:33,a80bb018b34f41d8246455bdaab7b4eeaa093bfafc66af86e05e99749e698c22,01_raw_data,False,False,,
<SOURCE_ROOT>/Caltrans PeMS/00_DATA_AUDIT/99_TEMP/505711ffc69b7320.json,Caltrans PeMS/00_DATA_AUDIT/99_TEMP/505711ffc69b7320.json,505711ffc69b7320.json,.json,5889446,5.616613,2026-09-22T12:37:39,e74899f3dca45e85da6724aba4e506a1004087969c36dd611cba655494b30b57,01_raw_data,False,False,,
<SOURCE_ROOT>/Caltrans PeMS/00_DATA_AUDIT/99_TEMP/509c53ee394ec876.json,Caltrans PeMS/00_DATA_AUDIT/99_TEMP/509c53ee394ec876.json,509c53ee394ec876.json,.json,5853273,5.582116,2026-09-22T12:41:13,6c27f8f0109171bfdc008f7f6e2410fdd9ae60a92edebd4acfc8eb6fba1e20f6,01_raw_data,False,False,,
<SOURCE_ROOT>/Caltrans PeMS/00_DATA_AUDIT/99_TEMP/511d30454de3de87.json,Caltrans PeMS/00_DATA_AUDIT/99_TEMP/511d30454de3de87.json,511d30454de3de87.json,.json,5831780,5.561619,2026-09-22T12:42:39,151751a7329a63226c649dcc21fc75418ac84412d049f9ad1b359c2a7a841c94,01_raw_data,False,False,,
<SOURCE_ROOT>/Caltrans PeMS/00_DATA_AUDIT/99_TEMP/51b60372f188f59b.json,Caltrans PeMS/00_DATA_AUDIT/99_TEMP/51b60372f188f59b.json,51b60372f188f59b.json,.json,5863040,5.591431,2026-09-22T12:39:40,e7a0ba41e4e706f4979b96f1351a23f6cac61d9c3235bb5f2fe65744134cf0e7,01_raw_data,False,False,,
<SOURCE_ROOT>/Caltrans PeMS/00_DATA_AUDIT/99_TEMP/5294f18baa022f44.json,Caltrans PeMS/00_DATA_AUDIT/99_TEMP/5294f18baa022f44.json,5294f18baa022f44.json,.json,5916392,5.642311,2026-09-22T12:45:52,a3a3cb5fafc1368e4f98214fac36241ba12002b0420d91e85622a4c58559c997,01_raw_data,False,False,,
<SOURCE_ROOT>/Caltrans PeMS/00_DATA_AUDIT/99_TEMP/5320c4daee5346b0.json,Caltrans PeMS/00_DATA_AUDIT/99_TEMP/5320c4daee5346b0.json,5320c4daee5346b0.json,.json,5868818,5.596941,2026-09-22T12:41:45,c581996c3d8b07224f787416c78c8701a94c00c5f8afdfb103d7e896c9bb27fa,01_raw_data,False,False,,
<SOURCE_ROOT>/Caltrans PeMS/00_DATA_AUDIT/99_TEMP/57f4f9fedfc19193.json,Caltrans PeMS/00_DATA_AUDIT/99_TEMP/57f4f9fedfc19193.json,57f4f9fedfc19193.json,.json,5851204,5.580143,2026-09-22T12:42:18,8b6342268dec3f9683131c7265d4b0035b5f6862ddfacc01d3a2340791c6a0ed,01_raw_data,False,False,,
<SOURCE_ROOT>/Caltrans PeMS/00_DATA_AUDIT/99_TEMP/5bd0917762c4a567.json,Caltrans PeMS/00_DATA_AUDIT/99_TEMP/5bd0917762c4a567.json,5bd0917762c4a567.json,.json,5919263,5.645049,2026-09-22T12:46:01,bb0e0dff0f3cabe440fea5cce6db30d36da73c7db84a22a18e0880d60a960121,01_raw_data,False,False,,
<SOURCE_ROOT>/Caltrans PeMS/00_DATA_AUDIT/99_TEMP/5cb67e3f8a725180.json,Caltrans PeMS/00_DATA_AUDIT/99_TEMP/5cb67e3f8a725180.json,5cb67e3f8a725180.json,.json,5837005,5.566602,2026-09-22T12:41:12,12f2b9fc8c1c7d2d895aafe3f9c9befe943a2693f06836647012b6c430511be3,01_raw_data,False,False,,
<SOURCE_ROOT>/Caltrans PeMS/00_DATA_AUDIT/99_TEMP/5d7e7256f5bd474d.json,Caltrans PeMS/00_DATA_AUDIT/99_TEMP/5d7e7256f5bd474d.json,5d7e7256f5bd474d.json,.json,5860052,5.588581,2026-09-22T12:43:51,32d2c7524bff6c88855dc88fefd45e6a6655162dce08eb904309fcbc943ee941,01_raw_data,False,False,,
<SOURCE_ROOT>/Caltrans PeMS/00_DATA_AUDIT/99_TEMP/5e97251906bfc8f2.json,Caltrans PeMS/00_DATA_AUDIT/99_TEMP/5e97251906bfc8f2.json,5e97251906bfc8f2.json,.json,5909575,5.63581,2026-09-22T12:46:03,9abe1331bd30a72a8507477d9f03312c3b7874d772f152a90a1474e82cfc8d0a,01_raw_data,False,False,,
<SOURCE_ROOT>/Caltrans PeMS/00_DATA_AUDIT/99_TEMP/6032cb769c5142e4.json,Caltrans PeMS/00_DATA_AUDIT/99_TEMP/6032cb769c5142e4.json,6032cb769c5142e4.json,.json,5841415,5.570807,2026-09-22T12:40:25,e32041ce5f5edd2dd72ce8ae5b91ba04180a5b6abbb74ef917cfe5d46bc54323,01_raw_data,False,False,,
<SOURCE_ROOT>/Caltrans PeMS/00_DATA_AUDIT/99_TEMP/60789a20e97bfc92.json,Caltrans PeMS/00_DATA_AUDIT/99_TEMP/60789a20e97bfc92.json,60789a20e97bfc92.json,.json,5855315,5.584064,2026-09-22T12:43:17,6ce646fe73b8d6e76dd13e1be74f17d8f3b60e845b867e41fde060e5a01fdcf7,01_raw_data,False,False,,
<SOURCE_ROOT>/Caltrans PeMS/00_DATA_AUDIT/99_TEMP/61c2c5d0e5251530.json,Caltrans PeMS/00_DATA_AUDIT/99_TEMP/61c2c5d0e5251530.json,61c2c5d0e5251530.json,.json,5869849,5.597924,2026-09-22T12:38:56,99136a6a8cad9760419258ba0b87d6940e0ba4b3b74b8bf6d746c37538ca986e,01_raw_data,False,False,,
<SOURCE_ROOT>/Caltrans PeMS/00_DATA_AUDIT/99_TEMP/622c61d58707eb16.json,Caltrans PeMS/00_DATA_AUDIT/99_TEMP/622c61d58707eb16.json,622c61d58707eb16.json,.json,5926576,5.652023,2026-09-22T12:35:57,325a86254ecbb631c485a08690387c1b01169bec3b39998982f3669119a86c1e,01_raw_data,False,False,,
<SOURCE_ROOT>/Caltrans PeMS/00_DATA_AUDIT/99_TEMP/6252d6e13762115c.json,Caltrans PeMS/00_DATA_AUDIT/99_TEMP/6252d6e13762115c.json,6252d6e13762115c.json,.json,5907489,5.633821,2026-09-22T12:44:32,36ac5fbe12df597521c7aaa137ff2fe9d06c21b7d10a301de0970b67400a361f,01_raw_data,False,False,,
<SOURCE_ROOT>/Caltrans PeMS/00_DATA_AUDIT/99_TEMP/63384648c026368a.json,Caltrans PeMS/00_DATA_AUDIT/99_TEMP/63384648c026368a.json,63384648c026368a.json,.json,5860116,5.588642,2026-09-22T12:40:36,daca1382f7093e3221a78af0f36748b312a3d12406eadca60e12dfe81a7b663c,01_raw_data,False,False,,
<SOURCE_ROOT>/Caltrans PeMS/00_DATA_AUDIT/99_TEMP/6392b79ffe1d3f7c.json,Caltrans PeMS/00_DATA_AUDIT/99_TEMP/6392b79ffe1d3f7c.json,6392b79ffe1d3f7c.json,.json,5909730,5.635958,2026-09-22T12:45:33,f30742dfe3b384841e63cb3b2ce5f11ae98f4a111d45e3ef3c4b76376495879b,01_raw_data,False,False,,
<SOURCE_ROOT>/Caltrans PeMS/00_DATA_AUDIT/99_TEMP/680a0e3572565327.json,Caltrans PeMS/00_DATA_AUDIT/99_TEMP/680a0e3572565327.json,680a0e3572565327.json,.json,5895043,5.621951,2026-09-22T12:44:33,a332e1b92c1a5dda42c82b290ffa2ed227511e8b018718a56c7047e726654f3e,01_raw_data,False,False,,
<SOURCE_ROOT>/Caltrans PeMS/00_DATA_AUDIT/99_TEMP/697a99e088e1f8cc.json,Caltrans PeMS/00_DATA_AUDIT/99_TEMP/697a99e088e1f8cc.json,697a99e088e1f8cc.json,.json,5889865,5.617013,2026-09-22T12:37:27,6aad355bbf42576903023664fd29e286b66bbef6cd3626ccc534612dfab80e03,01_raw_data,False,False,,
<SOURCE_ROOT>/Caltrans PeMS/00_DATA_AUDIT/99_TEMP/69e5a42ea5ba1023.json,Caltrans PeMS/00_DATA_AUDIT/99_TEMP/69e5a42ea5ba1023.json,69e5a42ea5ba1023.json,.json,5855205,5.583959,2026-09-22T12:39:19,8f689654b7300e1444cf6da9ba3834d025b7a92af03b7a7b6108c2b09f86aea7,01_raw_data,False,False,,
<SOURCE_ROOT>/Caltrans PeMS/00_DATA_AUDIT/99_TEMP/6aa85fe182a215b7.json,Caltrans PeMS/00_DATA_AUDIT/99_TEMP/6aa85fe182a215b7.json,6aa85fe182a215b7.json,.json,5911751,5.637885,2026-09-22T12:45:41,abcb54605eb0621fe5297f6c1f973b749cad3ed2ab965d287b13be1dceb86ea0,01_raw_data,False,False,,
<SOURCE_ROOT>/Caltrans PeMS/00_DATA_AUDIT/99_TEMP/6c97eddf48220839.json,Caltrans PeMS/00_DATA_AUDIT/99_TEMP/6c97eddf48220839.json,6c97eddf48220839.json,.json,5868317,5.596463,2026-09-22T12:39:18,9f64a106ae61bed6058db35c8bd4a333f3270b78db1772d8af747a694be191b2,01_raw_data,False,False,,
<SOURCE_ROOT>/Caltrans PeMS/00_DATA_AUDIT/99_TEMP/6dba6b09b3be2535.json,Caltrans PeMS/00_DATA_AUDIT/99_TEMP/6dba6b09b3be2535.json,6dba6b09b3be2535.json,.json,5900744,5.627388,2026-09-22T12:36:54,60c0c244daf5a794a1cfe0b0254de5ae14a778b5f78cc031a64eb936818051cf,01_raw_data,False,False,,
<SOURCE_ROOT>/Caltrans PeMS/00_DATA_AUDIT/99_TEMP/6e4a9cbdf602ce5c.json,Caltrans PeMS/00_DATA_AUDIT/99_TEMP/6e4a9cbdf602ce5c.json,6e4a9cbdf602ce5c.json,.json,5912056,5.638176,2026-09-22T12:37:38,c3c459506e39306bbb05b0f3cf9d3aabbd8ae952312cc447ff92432f91559add,01_raw_data,False,False,,
<SOURCE_ROOT>/Caltrans PeMS/00_DATA_AUDIT/99_TEMP/6ecc73259e88241c.json,Caltrans PeMS/00_DATA_AUDIT/99_TEMP/6ecc73259e88241c.json,6ecc73259e88241c.json,.json,5917727,5.643584,2026-09-22T12:35:57,36adb70119b4a91cc1903965e12fb0e7de65223b43dc37573b562d49df32d16d,01_raw_data,False,False,,
<SOURCE_ROOT>/Caltrans PeMS/00_DATA_AUDIT/99_TEMP/6ef69b24f0b3f063.json,Caltrans PeMS/00_DATA_AUDIT/99_TEMP/6ef69b24f0b3f063.json,6ef69b24f0b3f063.json,.json,5852726,5.581594,2026-09-22T12:40:58,74a653c5d4cf5a0e8a0f427282e5e2d4dc685168ec0596f1dd71d55a877897d1,01_raw_data,False,False,,
<SOURCE_ROOT>/Caltrans PeMS/00_DATA_AUDIT/99_TEMP/759c023b847b3d0e.json,Caltrans PeMS/00_DATA_AUDIT/99_TEMP/759c023b847b3d0e.json,759c023b847b3d0e.json,.json,5759996,5.49316,2026-09-22T12:46:38,ee27f777fb769f610d223d660d1e4cd0991c10d781144b2e359d67cd77bc07dd,01_raw_data,False,False,,
<SOURCE_ROOT>/Caltrans PeMS/00_DATA_AUDIT/99_TEMP/75e637e5e7de7375.json,Caltrans PeMS/00_DATA_AUDIT/99_TEMP/75e637e5e7de7375.json,75e637e5e7de7375.json,.json,5920222,5.645964,2026-09-22T12:36:31,d4904dbbdbdf4bced91f9ce14079178a15efe31ccd718e5bb96b01ee515a16e5,01_raw_data,False,False,,
<SOURCE_ROOT>/Caltrans PeMS/00_DATA_AUDIT/99_TEMP/774afcbf16a03343.json,Caltrans PeMS/00_DATA_AUDIT/99_TEMP/774afcbf16a03343.json,774afcbf16a03343.json,.json,5899091,5.625812,2026-09-22T12:37:04,1f41930fe2ccaaf514423ad580f93438ef297e3c7e151a2f4f264b63a5edb5fc,01_raw_data,False,False,,
<SOURCE_ROOT>/Caltrans PeMS/00_DATA_AUDIT/99_TEMP/774b76ebd26c2624.json,Caltrans PeMS/00_DATA_AUDIT/99_TEMP/774b76ebd26c2624.json,774b76ebd26c2624.json,.json,5863704,5.592064,2026-09-22T12:38:44,63cadd4c07df3af0f204c95727c5900c729637e79c6c4949b4bc9a9154399d93,01_raw_data,False,False,,
<SOURCE_ROOT>/Caltrans PeMS/00_DATA_AUDIT/99_TEMP/77897296941505b4.json,Caltrans PeMS/00_DATA_AUDIT/99_TEMP/77897296941505b4.json,77897296941505b4.json,.json,5749999,5.483626,2026-09-22T12:46:23,35101ea2ed9aed175b2bb94f995becaf5bc3b78dcb8281a8adf9141821324eef,01_raw_data,False,False,,
<SOURCE_ROOT>/Caltrans PeMS/00_DATA_AUDIT/99_TEMP/795922fa8bd586c3.json,Caltrans PeMS/00_DATA_AUDIT/99_TEMP/795922fa8bd586c3.json,795922fa8bd586c3.json,.json,352729,0.336389,2026-09-22T12:46:01,9b88a222cc23b7ae751bd5f760a2dc4a591e18edb4d8e680ac07fb7d9eb630eb,01_raw_data,False,False,,
<SOURCE_ROOT>/Caltrans PeMS/00_DATA_AUDIT/99_TEMP/79febdb1f7e99a30.json,Caltrans PeMS/00_DATA_AUDIT/99_TEMP/79febdb1f7e99a30.json,79febdb1f7e99a30.json,.json,5851413,5.580342,2026-09-22T12:44:20,a05a60d3e2e94e820ceafc5daad8e25980c56e139f8cb83ee51dd651beb607f3,01_raw_data,False,False,,
<SOURCE_ROOT>/Caltrans PeMS/00_DATA_AUDIT/99_TEMP/7aebe83845a5ee55.json,Caltrans PeMS/00_DATA_AUDIT/99_TEMP/7aebe83845a5ee55.json,7aebe83845a5ee55.json,.json,5841143,5.570548,2026-09-22T12:40:48,89fa726ad23c21cecb2891a79ed4891ed0ee9e620a9f235204936b5a279f03d7,01_raw_data,False,False,,
<SOURCE_ROOT>/Caltrans PeMS/00_DATA_AUDIT/99_TEMP/7b721853b66eb0e6.json,Caltrans PeMS/00_DATA_AUDIT/99_TEMP/7b721853b66eb0e6.json,7b721853b66eb0e6.json,.json,5890142,5.617277,2026-09-22T12:37:59,3a5e937e869e2d4ee367b64053e62bfcdc3f8a57d977779fa61af95ec5f03353,01_raw_data,False,False,,
<SOURCE_ROOT>/Caltrans PeMS/00_DATA_AUDIT/99_TEMP/7cebb70e930faa3c.json,Caltrans PeMS/00_DATA_AUDIT/99_TEMP/7cebb70e930faa3c.json,7cebb70e930faa3c.json,.json,5834910,5.564604,2026-09-22T12:43:37,d5bac1e0540229e991a2deb676d854c049d90eb63b8defadb5180c6382b16e9a,01_raw_data,False,False,,
<SOURCE_ROOT>/Caltrans PeMS/00_DATA_AUDIT/99_TEMP/7e86f35f9d9bb7f9.json,Caltrans PeMS/00_DATA_AUDIT/99_TEMP/7e86f35f9d9bb7f9.json,7e86f35f9d9bb7f9.json,.json,5851451,5.580379,2026-09-22T12:43:59,9177f9304022de4d9056b35053c3a006dbaab06ee5235bb24030e1da88563eeb,01_raw_data,False,False,,
<SOURCE_ROOT>/Caltrans PeMS/00_DATA_AUDIT/99_TEMP/7ec072dbf7e9b6ad.json,Caltrans PeMS/00_DATA_AUDIT/99_TEMP/7ec072dbf7e9b6ad.json,7ec072dbf7e9b6ad.json,.json,5854946,5.583712,2026-09-22T12:42:28,8d3c509da173ca2100dad8e7ecb9733d4c7fa043e4e6248bda10515da19cb707,01_raw_data,False,False,,
<SOURCE_ROOT>/Caltrans PeMS/00_DATA_AUDIT/99_TEMP/7f761926e8553212.json,Caltrans PeMS/00_DATA_AUDIT/99_TEMP/7f761926e8553212.json,7f761926e8553212.json,.json,5858153,5.58677,2026-09-22T12:41:00,8cebae24b9eab581271a9eb2e4b64809cc133d0b62b9faa79703a5da3c44736f,01_raw_data,False,False,,
<SOURCE_ROOT>/Caltrans PeMS/00_DATA_AUDIT/99_TEMP/814eaab02b4cd02f.json,Caltrans PeMS/00_DATA_AUDIT/99_TEMP/814eaab02b4cd02f.json,814eaab02b4cd02f.json,.json,5898782,5.625517,2026-09-22T12:37:15,0709cb88dfda0aad643be4babfb57c511e0b5d632aa9085b533f99d4c9cd5821,01_raw_data,False,False,,
<SOURCE_ROOT>/Caltrans PeMS/00_DATA_AUDIT/99_TEMP/8360f0982d4904c8.json,Caltrans PeMS/00_DATA_AUDIT/99_TEMP/8360f0982d4904c8.json,8360f0982d4904c8.json,.json,5864721,5.593034,2026-09-22T12:38:24,9a7504f78c00e7a364d8ccc01728f562396d66c7e43f2a8fed1888fde1a0cf20,01_raw_data,False,False,,
<SOURCE_ROOT>/Caltrans PeMS/00_DATA_AUDIT/99_TEMP/840d760d5f874d7c.json,Caltrans PeMS/00_DATA_AUDIT/99_TEMP/840d760d5f874d7c.json,840d760d5f874d7c.json,.json,5849508,5.578526,2026-09-22T12:40:13,225c5f97012e64eb2dda6b91b89883479d4924041d76c435dcd36f9830589e29,01_raw_data,False,False,,
<SOURCE_ROOT>/Caltrans PeMS/00_DATA_AUDIT/99_TEMP/844a36d3454fa630.json,Caltrans PeMS/00_DATA_AUDIT/99_TEMP/844a36d3454fa630.json,844a36d3454fa630.json,.json,5842936,5.572258,2026-09-22T12:42:51,7ce873eb8b8504a04a2c09839434a0473fcf2a67492d478caaafb007ed21ad19,01_raw_data,False,False,,
<SOURCE_ROOT>/Caltrans PeMS/00_DATA_AUDIT/99_TEMP/85b16c965732f645.json,Caltrans PeMS/00_DATA_AUDIT/99_TEMP/85b16c965732f645.json,85b16c965732f645.json,.json,5906259,5.632648,2026-09-22T12:44:58,b0a1d5378a8ff1a41141ebbdd9f1ae3488f6a54c3a2f9f4aba7d2396d3dd8a9b,01_raw_data,False,False,,
<SOURCE_ROOT>/Caltrans PeMS/00_DATA_AUDIT/99_TEMP/860833b0c6db0f95.json,Caltrans PeMS/00_DATA_AUDIT/99_TEMP/860833b0c6db0f95.json,860833b0c6db0f95.json,.json,5851488,5.580414,2026-09-22T12:43:02,d74c6194cd35b27fcf70cc5a31dc524df8e61935440c2bfb32d9cf98662654e7,01_raw_data,False,False,,
<SOURCE_ROOT>/Caltrans PeMS/00_DATA_AUDIT/99_TEMP/86f849e1b18e892e.json,Caltrans PeMS/00_DATA_AUDIT/99_TEMP/86f849e1b18e892e.json,86f849e1b18e892e.json,.json,5854444,5.583233,2026-09-22T12:38:11,e93de83c64f59f33868d7740a2dc5e6203f11d7a3d73ba93d787178aa756710b,01_raw_data,False,False,,
<SOURCE_ROOT>/Caltrans PeMS/00_DATA_AUDIT/99_TEMP/8840727dd9024f96.json,Caltrans PeMS/00_DATA_AUDIT/99_TEMP/8840727dd9024f96.json,8840727dd9024f96.json,.json,5899422,5.626127,2026-09-22T12:45:27,e4bcf3082b52d81a2f347c3583b5050164741bb110f5546e4600b3cbd6eb2e85,01_raw_data,False,False,,
<SOURCE_ROOT>/Caltrans PeMS/00_DATA_AUDIT/99_TEMP/889e166b088993cf.json,Caltrans PeMS/00_DATA_AUDIT/99_TEMP/889e166b088993cf.json,889e166b088993cf.json,.json,5915860,5.641804,2026-09-22T12:45:05,b6df1b6e2bea3b3e230a345a154b02cc8269e63e8fbcb383d7d32dd4c071dd39,01_raw_data,False,False,,
<SOURCE_ROOT>/Caltrans PeMS/00_DATA_AUDIT/99_TEMP/88fd73396c9edc27.json,Caltrans PeMS/00_DATA_AUDIT/99_TEMP/88fd73396c9edc27.json,88fd73396c9edc27.json,.json,5887412,5.614674,2026-09-22T12:36:54,c87dd8323c24b4129bc1d47935e177c761416c442b3a7a77067bba2bb41aa1bb,01_raw_data,False,False,,
<SOURCE_ROOT>/Caltrans PeMS/00_DATA_AUDIT/99_TEMP/893f3b290c0c052c.json,Caltrans PeMS/00_DATA_AUDIT/99_TEMP/893f3b290c0c052c.json,893f3b290c0c052c.json,.json,5843221,5.57253,2026-09-22T12:43:35,6036a39ee246de4624fa4c1e243d91280e0a10959b41788348b48820a6eeff21,01_raw_data,False,False,,
<SOURCE_ROOT>/Caltrans PeMS/00_DATA_AUDIT/99_TEMP/897a0b20b4e92718.json,Caltrans PeMS/00_DATA_AUDIT/99_TEMP/897a0b20b4e92718.json,897a0b20b4e92718.json,.json,5909198,5.63545,2026-09-22T12:45:18,d6bc686e54479d2f24f73dbdd417de38dad33db4b3a32a1cb7d8e0d254bc8965,01_raw_data,False,False,,
<SOURCE_ROOT>/Caltrans PeMS/00_DATA_AUDIT/99_TEMP/8b795a4913d6b829.json,Caltrans PeMS/00_DATA_AUDIT/99_TEMP/8b795a4913d6b829.json,8b795a4913d6b829.json,.json,5911845,5.637975,2026-09-22T12:45:55,705ebecce2453eb7083781d1214dc58ac954642ab8067dbb7c98b336a0808e87,01_raw_data,False,False,,
<SOURCE_ROOT>/Caltrans PeMS/00_DATA_AUDIT/99_TEMP/8d4fa2a09a2d1057.json,Caltrans PeMS/00_DATA_AUDIT/99_TEMP/8d4fa2a09a2d1057.json,8d4fa2a09a2d1057.json,.json,5852603,5.581477,2026-09-22T12:40:59,cc81bb312754d4f03067b35adcfc486f1c78fa8628567c9fde5097be4402f0de,01_raw_data,False,False,,
<SOURCE_ROOT>/Caltrans PeMS/00_DATA_AUDIT/99_TEMP/8e18fd66cfe5c593.json,Caltrans PeMS/00_DATA_AUDIT/99_TEMP/8e18fd66cfe5c593.json,8e18fd66cfe5c593.json,.json,5846512,5.575668,2026-09-22T12:43:36,448d3c4b45ab65d053fb4757a2974e6aa1850fb6b75ca8b10b287dffc0475160,01_raw_data,False,False,,
<SOURCE_ROOT>/Caltrans PeMS/00_DATA_AUDIT/99_TEMP/8fac1a53b162b216.json,Caltrans PeMS/00_DATA_AUDIT/99_TEMP/8fac1a53b162b216.json,8fac1a53b162b216.json,.json,5919248,5.645035,2026-09-22T12:44:43,2a7e97f0f3dfcdb0d4acf3b2a944dccefd294504aa5329eb6b21c24d066738de,01_raw_data,False,False,,
<SOURCE_ROOT>/Caltrans PeMS/00_DATA_AUDIT/99_TEMP/91a65e4775862a1a.json,Caltrans PeMS/00_DATA_AUDIT/99_TEMP/91a65e4775862a1a.json,91a65e4775862a1a.json,.json,5852995,5.581851,2026-09-22T12:43:25,b63a6d2a4d7ee3b6eda3fbb8fbe60544fbc864e6c15968dfd8c5f81f5306169a,01_raw_data,False,False,,
<SOURCE_ROOT>/Caltrans PeMS/00_DATA_AUDIT/99_TEMP/92c0bf9b279d1a10.json,Caltrans PeMS/00_DATA_AUDIT/99_TEMP/92c0bf9b279d1a10.json,92c0bf9b279d1a10.json,.json,5896229,5.623082,2026-09-22T12:37:16,4dc8101f226d2197102c32b8dc90910b803756bb4adc95a89a7bf3e0328bc6f3,01_raw_data,False,False,,
<SOURCE_ROOT>/Caltrans PeMS/00_DATA_AUDIT/99_TEMP/93395667598568e9.json,Caltrans PeMS/00_DATA_AUDIT/99_TEMP/93395667598568e9.json,93395667598568e9.json,.json,5850981,5.57993,2026-09-22T12:41:11,e68c20f62894d3f6e5a7969418836a63d9f44046a72009dd84721fd2b9a46cc8,01_raw_data,False,False,,
<SOURCE_ROOT>/Caltrans PeMS/00_DATA_AUDIT/99_TEMP/94084af910d83eba.json,Caltrans PeMS/00_DATA_AUDIT/99_TEMP/94084af910d83eba.json,94084af910d83eba.json,.json,5836073,5.565713,2026-09-22T12:40:37,a62d3a679ed3e404363b07ea2bec275206c8b592211255b9a32c097f2495ae1e,01_raw_data,False,False,,
<SOURCE_ROOT>/Caltrans PeMS/00_DATA_AUDIT/99_TEMP/959c9ea1280578e5.json,Caltrans PeMS/00_DATA_AUDIT/99_TEMP/959c9ea1280578e5.json,959c9ea1280578e5.json,.json,5914485,5.640492,2026-09-22T12:36:53,cdc11699e734dce509eea0a7a2709a81e4b506d6c70a5c0c0f3868e440829c0d,01_raw_data,False,False,,
<SOURCE_ROOT>/Caltrans PeMS/00_DATA_AUDIT/99_TEMP/95a639f8edc70f47.json,Caltrans PeMS/00_DATA_AUDIT/99_TEMP/95a639f8edc70f47.json,95a639f8edc70f47.json,.json,5865585,5.593858,2026-09-22T12:38:22,92905ec66349395970c288fd8aa8c6b120a43cc4e8dca548ea328fb9f4405cf9,01_raw_data,False,False,,
<SOURCE_ROOT>/Caltrans PeMS/00_DATA_AUDIT/99_TEMP/97d388018ecde1dd.json,Caltrans PeMS/00_DATA_AUDIT/99_TEMP/97d388018ecde1dd.json,97d388018ecde1dd.json,.json,5903940,5.630436,2026-09-22T12:36:20,e8a2479374b80890d9d971180011b057dc56b5f42527c96232b52e69d0cc933e,01_raw_data,False,False,,
<SOURCE_ROOT>/Caltrans PeMS/00_DATA_AUDIT/99_TEMP/982b65bfd69bab3a.json,Caltrans PeMS/00_DATA_AUDIT/99_TEMP/982b65bfd69bab3a.json,982b65bfd69bab3a.json,.json,5908519,5.634803,2026-09-22T12:44:35,67f11f0dd5c608f3a6254c14eb1b234b1a9640f58c1f82df09feb6e416adc549,01_raw_data,False,False,,
<SOURCE_ROOT>/Caltrans PeMS/00_DATA_AUDIT/99_TEMP/9831eece2df4e779.json,Caltrans PeMS/00_DATA_AUDIT/99_TEMP/9831eece2df4e779.json,9831eece2df4e779.json,.json,5854106,5.582911,2026-09-22T12:39:40,737de8ec2523114c77ba00a1c3ae6dd9d4acc7227b3bd13f85fad98a275035ad,01_raw_data,False,False,,
<SOURCE_ROOT>/Caltrans PeMS/00_DATA_AUDIT/99_TEMP/98ef7768d40f7545.json,Caltrans PeMS/00_DATA_AUDIT/99_TEMP/98ef7768d40f7545.json,98ef7768d40f7545.json,.json,5849937,5.578935,2026-09-22T12:41:01,3d315c1b030500d5bae181ba2bdeefbb5372720d999ecdb6dd7b2389a61b7e82,01_raw_data,False,False,,
<SOURCE_ROOT>/Caltrans PeMS/00_DATA_AUDIT/99_TEMP/9958da070218bce2.json,Caltrans PeMS/00_DATA_AUDIT/99_TEMP/9958da070218bce2.json,9958da070218bce2.json,.json,5851608,5.580528,2026-09-22T12:40:02,7cefca0ed4996521bf6359ca34f0d86efc52f86a60c0ede0aee56f93a71ab1d7,01_raw_data,False,False,,
<SOURCE_ROOT>/Caltrans PeMS/00_DATA_AUDIT/99_TEMP/99bf63111ed86cdb.json,Caltrans PeMS/00_DATA_AUDIT/99_TEMP/99bf63111ed86cdb.json,99bf63111ed86cdb.json,.json,5846294,5.57546,2026-09-22T12:40:35,03b1bf472d5beb9ff69df17a22a570fc692321ed68d4009b9f2f48e407125fac,01_raw_data,False,False,,
<SOURCE_ROOT>/Caltrans PeMS/00_DATA_AUDIT/99_TEMP/99cd109239c9b0d1.json,Caltrans PeMS/00_DATA_AUDIT/99_TEMP/99cd109239c9b0d1.json,99cd109239c9b0d1.json,.json,5778350,5.510664,2026-09-22T12:42:06,d5a61bb17d20d2d8a778e4a4950807b4df9b41c6d2d4f18d7dd7e8a1eecb7ab8,01_raw_data,False,False,,
<SOURCE_ROOT>/Caltrans PeMS/00_DATA_AUDIT/99_TEMP/9a52fecb7a94d0e6.json,Caltrans PeMS/00_DATA_AUDIT/99_TEMP/9a52fecb7a94d0e6.json,9a52fecb7a94d0e6.json,.json,5916385,5.642304,2026-09-22T12:45:10,c055d46c0f892583d135a0118f1ff51663de05fcd4c351fe116844f8fc47af94,01_raw_data,False,False,,
<SOURCE_ROOT>/Caltrans PeMS/00_DATA_AUDIT/99_TEMP/9cf66252f182b159.json,Caltrans PeMS/00_DATA_AUDIT/99_TEMP/9cf66252f182b159.json,9cf66252f182b159.json,.json,5890260,5.61739,2026-09-22T12:37:26,32e782ecf0b38de55c5200aff8be75f7d1aa06691a63aeb81e4902e9e655066e,01_raw_data,False,False,,
<SOURCE_ROOT>/Caltrans PeMS/00_DATA_AUDIT/99_TEMP/9d6dcbd236f8f9d9.json,Caltrans PeMS/00_DATA_AUDIT/99_TEMP/9d6dcbd236f8f9d9.json,9d6dcbd236f8f9d9.json,.json,5863631,5.591994,2026-09-22T12:38:00,352563aee255c99cb8f5246c690b8dacd4b961dd19660e168e94d8f92e0167d6,01_raw_data,False,False,,
<SOURCE_ROOT>/Caltrans PeMS/00_DATA_AUDIT/99_TEMP/a0b874046be5c18c.json,Caltrans PeMS/00_DATA_AUDIT/99_TEMP/a0b874046be5c18c.json,a0b874046be5c18c.json,.json,5869881,5.597955,2026-09-22T12:41:46,3a62b8c7c570960581451d8f462c5f118b89b26d4051012c6f66bc0404b60024,01_raw_data,False,False,,
<SOURCE_ROOT>/Caltrans PeMS/00_DATA_AUDIT/99_TEMP/a17177ad54510f29.json,Caltrans PeMS/00_DATA_AUDIT/99_TEMP/a17177ad54510f29.json,a17177ad54510f29.json,.json,5861455,5.589919,2026-09-22T12:40:49,995489e0ad2db4ea1c338410ae239e0457904ce083632438375844e952b32f1e,01_raw_data,False,False,,
<SOURCE_ROOT>/Caltrans PeMS/00_DATA_AUDIT/99_TEMP/a3f5ef065b6dbc56.json,Caltrans PeMS/00_DATA_AUDIT/99_TEMP/a3f5ef065b6dbc56.json,a3f5ef065b6dbc56.json,.json,5876978,5.604723,2026-09-22T12:38:56,899ef06d168a98b097341d73ded01f2b7326b0e2cf2a5ee230674e78179a01fc,01_raw_data,False,False,,
<SOURCE_ROOT>/Caltrans PeMS/00_DATA_AUDIT/99_TEMP/a6ad74c1a0dfb623.json,Caltrans PeMS/00_DATA_AUDIT/99_TEMP/a6ad74c1a0dfb623.json,a6ad74c1a0dfb623.json,.json,5847542,5.576651,2026-09-22T12:37:49,37ec3e4eb9b46c8d90e9b91162ddc26fc0a90849e9e8667dddbb6d65ed75cf79,01_raw_data,False,False,,
<SOURCE_ROOT>/Caltrans PeMS/00_DATA_AUDIT/99_TEMP/a6b43886a70d6c6b.json,Caltrans PeMS/00_DATA_AUDIT/99_TEMP/a6b43886a70d6c6b.json,a6b43886a70d6c6b.json,.json,5833483,5.563243,2026-09-22T12:39:07,527da65b2c5c60f9085a35bb2992e6cbdd0b38ab370df5b6cad4a4003b0b82aa,01_raw_data,False,False,,
<SOURCE_ROOT>/Caltrans PeMS/00_DATA_AUDIT/99_TEMP/a8558683f2e01b81.json,Caltrans PeMS/00_DATA_AUDIT/99_TEMP/a8558683f2e01b81.json,a8558683f2e01b81.json,.json,5832573,5.562375,2026-09-22T12:44:09,b49bf183b534a919ee6f5cd41ba84e8d22a846a9d811b0a2656177f02d0cf21b,01_raw_data,False,False,,
<SOURCE_ROOT>/Caltrans PeMS/00_DATA_AUDIT/99_TEMP/aa3b7ddcc9be4c14.json,Caltrans PeMS/00_DATA_AUDIT/99_TEMP/aa3b7ddcc9be4c14.json,aa3b7ddcc9be4c14.json,.json,5893007,5.620009,2026-09-22T12:45:06,969cddedeceb2c31f032217d9ada8fe0d67cbbac448f06b7b921c1777547683c,01_raw_data,False,False,,
<SOURCE_ROOT>/Caltrans PeMS/00_DATA_AUDIT/99_TEMP/abf9567f5838304c.json,Caltrans PeMS/00_DATA_AUDIT/99_TEMP/abf9567f5838304c.json,abf9567f5838304c.json,.json,5831814,5.561651,2026-09-22T12:40:13,336157ff95f879ac2d5163a9a87cb9b1a5c8baf32609830f1d584d2deeff0ce6,01_raw_data,False,False,,
<SOURCE_ROOT>/Caltrans PeMS/00_DATA_AUDIT/99_TEMP/ac5cf04d99a6cc8a.json,Caltrans PeMS/00_DATA_AUDIT/99_TEMP/ac5cf04d99a6cc8a.json,ac5cf04d99a6cc8a.json,.json,5847989,5.577077,2026-09-22T12:42:41,1d8a187fb4646bc8f219a8f3ce650db639dee9f180ee6f03e308cd2f1f627cab,01_raw_data,False,False,,
<SOURCE_ROOT>/Caltrans PeMS/00_DATA_AUDIT/99_TEMP/afb5fdb274e97368.json,Caltrans PeMS/00_DATA_AUDIT/99_TEMP/afb5fdb274e97368.json,afb5fdb274e97368.json,.json,5915464,5.641426,2026-09-22T12:36:31,6a1397e6e7965f11e846626ccd4939ced5167694f3900a0828e0c7532b0ddea7,01_raw_data,False,False,,
<SOURCE_ROOT>/Caltrans PeMS/00_DATA_AUDIT/99_TEMP/b04bd89056354855.json,Caltrans PeMS/00_DATA_AUDIT/99_TEMP/b04bd89056354855.json,b04bd89056354855.json,.json,5850564,5.579533,2026-09-22T12:42:54,e239665b6c604971eff5f0a3aed8d5b1fe574f774ca42f973304935e356209f0,01_raw_data,False,False,,
<SOURCE_ROOT>/Caltrans PeMS/00_DATA_AUDIT/99_TEMP/b06b54dbca5fe395.json,Caltrans PeMS/00_DATA_AUDIT/99_TEMP/b06b54dbca5fe395.json,b06b54dbca5fe395.json,.json,5921822,5.64749,2026-09-22T12:45:51,66d9efd4ce114505622582e8b756da816cf7441dec798eb53ed519e94032d3fa,01_raw_data,False,False,,
<SOURCE_ROOT>/Caltrans PeMS/00_DATA_AUDIT/99_TEMP/b22091d11f3a53bc.json,Caltrans PeMS/00_DATA_AUDIT/99_TEMP/b22091d11f3a53bc.json,b22091d11f3a53bc.json,.json,5911162,5.637323,2026-09-22T12:46:22,b5e6235e8260ecdc9bf9a235c0e364c89a90116c67c682a61cdb106184739973,01_raw_data,False,False,,
<SOURCE_ROOT>/Caltrans PeMS/00_DATA_AUDIT/99_TEMP/b476d2d1daf43f7d.json,Caltrans PeMS/00_DATA_AUDIT/99_TEMP/b476d2d1daf43f7d.json,b476d2d1daf43f7d.json,.json,5835734,5.56539,2026-09-22T12:40:15,4d684f79c1d186dbc0382ccd12b085c3618d23cd251f0f77fa583f27cdfe6687,01_raw_data,False,False,,
<SOURCE_ROOT>/Caltrans PeMS/00_DATA_AUDIT/99_TEMP/b4ec5ed41ddc221f.json,Caltrans PeMS/00_DATA_AUDIT/99_TEMP/b4ec5ed41ddc221f.json,b4ec5ed41ddc221f.json,.json,5834502,5.564215,2026-09-22T12:43:06,1cd73036590725421eb9fa07b6039c4248524ba633387bf31231df2cf93533f9,01_raw_data,False,False,,
<SOURCE_ROOT>/Caltrans PeMS/00_DATA_AUDIT/99_TEMP/b52e7015ca4eb814.json,Caltrans PeMS/00_DATA_AUDIT/99_TEMP/b52e7015ca4eb814.json,b52e7015ca4eb814.json,.json,5897497,5.624291,2026-09-22T12:45:50,9ea2fa35820a6116608b8d8e79cd9047f594b30f22a44d79092d46e9f9b1d4c8,01_raw_data,False,False,,
<SOURCE_ROOT>/Caltrans PeMS/00_DATA_AUDIT/99_TEMP/b55d0ec96110488e.json,Caltrans PeMS/00_DATA_AUDIT/99_TEMP/b55d0ec96110488e.json,b55d0ec96110488e.json,.json,5899752,5.626442,2026-09-22T12:37:15,f0dd445db89727ef0d437edc6f7672640e3fc2051854f5107c772ff7db05a3c2,01_raw_data,False,False,,
<SOURCE_ROOT>/Caltrans PeMS/00_DATA_AUDIT/99_TEMP/b5985e7b0a49c4c2.json,Caltrans PeMS/00_DATA_AUDIT/99_TEMP/b5985e7b0a49c4c2.json,b5985e7b0a49c4c2.json,.json,5909481,5.63572,2026-09-22T12:36:31,6694ca3c811bc8361c5175fbbd89939edd1c9d8c50d455e5556988333a797100,01_raw_data,False,False,,
<SOURCE_ROOT>/Caltrans PeMS/00_DATA_AUDIT/99_TEMP/b5bdf72ed7fd2639.json,Caltrans PeMS/00_DATA_AUDIT/99_TEMP/b5bdf72ed7fd2639.json,b5bdf72ed7fd2639.json,.json,5847091,5.576221,2026-09-22T12:39:51,1e5aaea28911fe51b2ad0fd9870a524f77c13278a6597e45c735b338046e6e74,01_raw_data,False,False,,
<SOURCE_ROOT>/Caltrans PeMS/00_DATA_AUDIT/99_TEMP/b5f3e7ebe266dc4d.json,Caltrans PeMS/00_DATA_AUDIT/99_TEMP/b5f3e7ebe266dc4d.json,b5f3e7ebe266dc4d.json,.json,5894915,5.621829,2026-09-22T12:46:18,c22bc8de52d76ed8d576c86913a32d4604c6c3df5eefb9bcced4737581c14b7c,01_raw_data,False,False,,
<SOURCE_ROOT>/Caltrans PeMS/00_DATA_AUDIT/99_TEMP/b66cec8364101304.json,Caltrans PeMS/00_DATA_AUDIT/99_TEMP/b66cec8364101304.json,b66cec8364101304.json,.json,365549,0.348615,2026-09-22T12:44:43,ac694f8c6021181c27bd09a4a6ed25b014f43c3e7f3a22a4938d62ed13921b7e,01_raw_data,False,False,,
<SOURCE_ROOT>/Caltrans PeMS/00_DATA_AUDIT/99_TEMP/b67b3253ae96434a.json,Caltrans PeMS/00_DATA_AUDIT/99_TEMP/b67b3253ae96434a.json,b67b3253ae96434a.json,.json,5852566,5.581442,2026-09-22T12:42:32,78872fd8ffc6043d896ce6e9a9d1cfb35151d650b1cef91777f60944ab2ebcd5,01_raw_data,False,False,,
<SOURCE_ROOT>/Caltrans PeMS/00_DATA_AUDIT/99_TEMP/b6ffc7d5a3591e80.json,Caltrans PeMS/00_DATA_AUDIT/99_TEMP/b6ffc7d5a3591e80.json,b6ffc7d5a3591e80.json,.json,5906681,5.63305,2026-09-22T12:36:43,e50f0b1b486246db55137b48f3400134bd6bba1adbfe1ad93234df3773ed09d0,01_raw_data,False,False,,
<SOURCE_ROOT>/Caltrans PeMS/00_DATA_AUDIT/99_TEMP/b992208ce83b9e3a.json,Caltrans PeMS/00_DATA_AUDIT/99_TEMP/b992208ce83b9e3a.json,b992208ce83b9e3a.json,.json,5853205,5.582051,2026-09-22T12:42:17,66c316092c9e13f25390559d170c74d58e1c67235a956930caae57a2cc7d628b,01_raw_data,False,False,,
<SOURCE_ROOT>/Caltrans PeMS/00_DATA_AUDIT/99_TEMP/bc0037b007433c76.json,Caltrans PeMS/00_DATA_AUDIT/99_TEMP/bc0037b007433c76.json,bc0037b007433c76.json,.json,5827370,5.557413,2026-09-22T12:38:22,f019c0b0fe96a56e8d0db4ef6afd7d217b27d97eeeb4a6a660a5258b628191ab,01_raw_data,False,False,,
<SOURCE_ROOT>/Caltrans PeMS/00_DATA_AUDIT/99_TEMP/bd416f73984f513b.json,Caltrans PeMS/00_DATA_AUDIT/99_TEMP/bd416f73984f513b.json,bd416f73984f513b.json,.json,5854084,5.58289,2026-09-22T12:39:29,f1ceaa5003b0d381a0ab887901fae83bc488b4599063f2a2c99f936f538f383f,01_raw_data,False,False,,
<SOURCE_ROOT>/Caltrans PeMS/00_DATA_AUDIT/99_TEMP/bd89080d03abb08a.json,Caltrans PeMS/00_DATA_AUDIT/99_TEMP/bd89080d03abb08a.json,bd89080d03abb08a.json,.json,5855438,5.584181,2026-09-22T12:40:25,ebc220941db1dd8b21c771c069afa20e21b00b948e88700308c69b07cbdf1fe7,01_raw_data,False,False,,
<SOURCE_ROOT>/Caltrans PeMS/00_DATA_AUDIT/99_TEMP/beb8dc1e3d20e498.json,Caltrans PeMS/00_DATA_AUDIT/99_TEMP/beb8dc1e3d20e498.json,beb8dc1e3d20e498.json,.json,5862165,5.590596,2026-09-22T12:39:18,13689db30590e8a45e4aa4d3e029e53913025e2941238d52fef3090015e10a43,01_raw_data,False,False,,
<SOURCE_ROOT>/Caltrans PeMS/00_DATA_AUDIT/99_TEMP/c3a04c3fd545fb2b.json,Caltrans PeMS/00_DATA_AUDIT/99_TEMP/c3a04c3fd545fb2b.json,c3a04c3fd545fb2b.json,.json,5850449,5.579423,2026-09-22T12:42:40,112aea96b263dfb89f21230ffcc1528fefdf6bc7f9cfea7e46a0828a529b1284,01_raw_data,False,False,,
<SOURCE_ROOT>/Caltrans PeMS/00_DATA_AUDIT/99_TEMP/c3cfa2961d4e0313.json,Caltrans PeMS/00_DATA_AUDIT/99_TEMP/c3cfa2961d4e0313.json,c3cfa2961d4e0313.json,.json,5845571,5.574771,2026-09-22T12:44:11,cb41fe90a5849a9b026d24697908bdfa39b3f753dfdf8508a6a2149d7d386cfa,01_raw_data,False,False,,
<SOURCE_ROOT>/Caltrans PeMS/00_DATA_AUDIT/99_TEMP/c4fb6b6adaaad149.json,Caltrans PeMS/00_DATA_AUDIT/99_TEMP/c4fb6b6adaaad149.json,c4fb6b6adaaad149.json,.json,5918333,5.644162,2026-09-22T12:46:12,fbad8cc697564daf1da6f6206ceb8d15ebfc1101ca44853ec47d07c57dcb1e51,01_raw_data,False,False,,
<SOURCE_ROOT>/Caltrans PeMS/00_DATA_AUDIT/99_TEMP/c5b6f8ac94881119.json,Caltrans PeMS/00_DATA_AUDIT/99_TEMP/c5b6f8ac94881119.json,c5b6f8ac94881119.json,.json,5906597,5.63297,2026-09-22T12:37:16,9dcf8b8b358e7c8e8e5429852451b7dec3b79799fe1ac94683358b8d0373332f,01_raw_data,False,False,,
<SOURCE_ROOT>/Caltrans PeMS/00_DATA_AUDIT/99_TEMP/c5bda7decd5be9f8.json,Caltrans PeMS/00_DATA_AUDIT/99_TEMP/c5bda7decd5be9f8.json,c5bda7decd5be9f8.json,.json,5915294,5.641264,2026-09-22T12:44:47,57fc4aaa406fc8211b365c7f0d3e1789d012f6ebc5e3e10b8d8db235f25fd714,01_raw_data,False,False,,
<SOURCE_ROOT>/Caltrans PeMS/00_DATA_AUDIT/99_TEMP/c61e623df1c51832.json,Caltrans PeMS/00_DATA_AUDIT/99_TEMP/c61e623df1c51832.json,c61e623df1c51832.json,.json,5924181,5.649739,2026-09-22T12:36:31,f1e710aae655b039a7690658bda21edb74d1ec6f3467b57e89056b4222418d16,01_raw_data,False,False,,
<SOURCE_ROOT>/Caltrans PeMS/00_DATA_AUDIT/99_TEMP/c66db9f663d630b3.json,Caltrans PeMS/00_DATA_AUDIT/99_TEMP/c66db9f663d630b3.json,c66db9f663d630b3.json,.json,5857651,5.586291,2026-09-22T12:41:55,44e9d7c919fde66e7c7d08a1a1d042f69d83bb38e08c0f1003eec7ec483e45c9,01_raw_data,False,False,,
<SOURCE_ROOT>/Caltrans PeMS/00_DATA_AUDIT/99_TEMP/c7cb2f0fd2a2feb8.json,Caltrans PeMS/00_DATA_AUDIT/99_TEMP/c7cb2f0fd2a2feb8.json,c7cb2f0fd2a2feb8.json,.json,5852135,5.581031,2026-09-22T12:43:40,1d87c8e2a4f03737c2334a38bc6466a8a2d2dd4df0c2f6513eb5fda786a423ca,01_raw_data,False,False,,
<SOURCE_ROOT>/Caltrans PeMS/00_DATA_AUDIT/99_TEMP/c816ba10a5615743.json,Caltrans PeMS/00_DATA_AUDIT/99_TEMP/c816ba10a5615743.json,c816ba10a5615743.json,.json,5880574,5.608152,2026-09-22T12:38:12,349ff105fd2fdf4bcfae8cfa8bf013db2060da621fe036e6ed5ec240589ce5df,01_raw_data,False,False,,
<SOURCE_ROOT>/Caltrans PeMS/00_DATA_AUDIT/99_TEMP/cb28a266594bdf90.json,Caltrans PeMS/00_DATA_AUDIT/99_TEMP/cb28a266594bdf90.json,cb28a266594bdf90.json,.json,5928317,5.653684,2026-09-22T12:36:09,1e153d875c0335c10947b729a90dbc30ea5529c1944918ab75c2c3e996da02bf,01_raw_data,False,False,,
<SOURCE_ROOT>/Caltrans PeMS/00_DATA_AUDIT/99_TEMP/cb63d123726d0b8a.json,Caltrans PeMS/00_DATA_AUDIT/99_TEMP/cb63d123726d0b8a.json,cb63d123726d0b8a.json,.json,5910714,5.636896,2026-09-22T12:35:57,cd44077f50750f1be1ce448111844c55c958c64f39aa2d9a741471b67015fe26,01_raw_data,False,False,,
<SOURCE_ROOT>/Caltrans PeMS/00_DATA_AUDIT/99_TEMP/cc3cedda445a05d6.json,Caltrans PeMS/00_DATA_AUDIT/99_TEMP/cc3cedda445a05d6.json,cc3cedda445a05d6.json,.json,5902231,5.628806,2026-09-22T12:35:57,ef04311606fd35b763bc226272b08956af19775074f0dbf4859752e8f9ca2bea,01_raw_data,False,False,,
<SOURCE_ROOT>/Caltrans PeMS/00_DATA_AUDIT/99_TEMP/ce3b76afd6134002.json,Caltrans PeMS/00_DATA_AUDIT/99_TEMP/ce3b76afd6134002.json,ce3b76afd6134002.json,.json,5851952,5.580856,2026-09-22T12:43:24,10bb7bdfb95aac7c74473e3f7c321e0937911bbcb32fc6e15a3d20be580909b3,01_raw_data,False,False,,
<SOURCE_ROOT>/Caltrans PeMS/00_DATA_AUDIT/99_TEMP/d100990ce9f777fe.json,Caltrans PeMS/00_DATA_AUDIT/99_TEMP/d100990ce9f777fe.json,d100990ce9f777fe.json,.json,5860165,5.588689,2026-09-22T12:44:08,606646cf412aed1beb113848f164810cab015d1b058fef831bfcf3569084f097,01_raw_data,False,False,,
<SOURCE_ROOT>/Caltrans PeMS/00_DATA_AUDIT/99_TEMP/d537b02b84a11ccf.json,Caltrans PeMS/00_DATA_AUDIT/99_TEMP/d537b02b84a11ccf.json,d537b02b84a11ccf.json,.json,5911568,5.637711,2026-09-22T12:45:16,343a5911498258efe6ad127ac67f4089dc46117188d7f5e5fc4ab569246d1dbe,01_raw_data,False,False,,
<SOURCE_ROOT>/Caltrans PeMS/00_DATA_AUDIT/99_TEMP/d59004890d8ead17.json,Caltrans PeMS/00_DATA_AUDIT/99_TEMP/d59004890d8ead17.json,d59004890d8ead17.json,.json,5846585,5.575738,2026-09-22T12:41:23,8c370f34fa863b58f29a62d46b6e5fa0d6981628be915a98b4745989caf07d61,01_raw_data,False,False,,
<SOURCE_ROOT>/Caltrans PeMS/00_DATA_AUDIT/99_TEMP/d67a52ac2c6eb1aa.json,Caltrans PeMS/00_DATA_AUDIT/99_TEMP/d67a52ac2c6eb1aa.json,d67a52ac2c6eb1aa.json,.json,5873529,5.601434,2026-09-22T12:38:34,021452ceaffb9361a0eafd65b3f5677f439b6ac67293d80ed863d7f8327af1b3,01_raw_data,False,False,,
<SOURCE_ROOT>/Caltrans PeMS/00_DATA_AUDIT/99_TEMP/d6e2229e63e906cc.json,Caltrans PeMS/00_DATA_AUDIT/99_TEMP/d6e2229e63e906cc.json,d6e2229e63e906cc.json,.json,5869684,5.597767,2026-09-22T12:38:44,0772a545d0999135d7e35856f49d6e633990d625fd9ec6740a9c39735ef60cc6,01_raw_data,False,False,,
<SOURCE_ROOT>/Caltrans PeMS/00_DATA_AUDIT/99_TEMP/d8a9130a3f3c1411.json,Caltrans PeMS/00_DATA_AUDIT/99_TEMP/d8a9130a3f3c1411.json,d8a9130a3f3c1411.json,.json,5837469,5.567044,2026-09-22T12:42:09,e8be2dc050d805bc052fca976ed7e2cdc4899b5d3e5a38b6b938f6acfc9f020e,01_raw_data,False,False,,
<SOURCE_ROOT>/Caltrans PeMS/00_DATA_AUDIT/99_TEMP/d8b6a922cb13b7b8.json,Caltrans PeMS/00_DATA_AUDIT/99_TEMP/d8b6a922cb13b7b8.json,d8b6a922cb13b7b8.json,.json,5911079,5.637244,2026-09-22T12:37:05,5fa01c54bc77f594b502aab32458a8d046de2bacd87f835f7f5d4f5a921c5f21,01_raw_data,False,False,,
<SOURCE_ROOT>/Caltrans PeMS/00_DATA_AUDIT/99_TEMP/d925cfcbc13e5685.json,Caltrans PeMS/00_DATA_AUDIT/99_TEMP/d925cfcbc13e5685.json,d925cfcbc13e5685.json,.json,5716117,5.451314,2026-09-22T12:42:08,ec4af7348f43b5217c96705147db141c4589a03a4b2084dbe88c8ba0836c9e14,01_raw_data,False,False,,
<SOURCE_ROOT>/Caltrans PeMS/00_DATA_AUDIT/99_TEMP/d930bd7c5ffa0c60.json,Caltrans PeMS/00_DATA_AUDIT/99_TEMP/d930bd7c5ffa0c60.json,d930bd7c5ffa0c60.json,.json,5856346,5.585047,2026-09-22T12:37:48,03432fb349db1d69323f599e037e8483481b0a5785c5710b489815a2547b14db,01_raw_data,False,False,,
<SOURCE_ROOT>/Caltrans PeMS/00_DATA_AUDIT/99_TEMP/d97668488592794d.json,Caltrans PeMS/00_DATA_AUDIT/99_TEMP/d97668488592794d.json,d97668488592794d.json,.json,5855951,5.58467,2026-09-22T12:40:13,1f971573ce14ac875cbc46a272c95e3b7ef01a3b9d5194871b8419a13342dba2,01_raw_data,False,False,,
<SOURCE_ROOT>/Caltrans PeMS/00_DATA_AUDIT/99_TEMP/da5d603977fc267a.json,Caltrans PeMS/00_DATA_AUDIT/99_TEMP/da5d603977fc267a.json,da5d603977fc267a.json,.json,5902266,5.628839,2026-09-22T12:37:28,13420c0bc6d8e8d57b19aa8f5cd8550c538e828a3e76d686119663bec8f67331,01_raw_data,False,False,,
<SOURCE_ROOT>/Caltrans PeMS/00_DATA_AUDIT/99_TEMP/daad9228b85c2867.json,Caltrans PeMS/00_DATA_AUDIT/99_TEMP/daad9228b85c2867.json,daad9228b85c2867.json,.json,5865504,5.593781,2026-09-22T12:38:55,1fc93b8d53b8a81caf6658bd64bce0484841d8e2b6df8976a04fc1e43b61dd56,01_raw_data,False,False,,
<SOURCE_ROOT>/Caltrans PeMS/00_DATA_AUDIT/99_TEMP/dd9ce3560bbde1e1.json,Caltrans PeMS/00_DATA_AUDIT/99_TEMP/dd9ce3560bbde1e1.json,dd9ce3560bbde1e1.json,.json,5851593,5.580514,2026-09-22T12:41:24,b5d2ad598e834b61e82a799b53e9bb12a5ce784efcd2a96b4be07e6cc1e0f5c8,01_raw_data,False,False,,
<SOURCE_ROOT>/Caltrans PeMS/00_DATA_AUDIT/99_TEMP/dd9cf00def30dc90.json,Caltrans PeMS/00_DATA_AUDIT/99_TEMP/dd9cf00def30dc90.json,dd9cf00def30dc90.json,.json,5858793,5.58738,2026-09-22T12:40:24,b4f1d25b8ab3a49eb30088185e0f457669d8bb557aa05dc9cfd3bcacde8b18b7,01_raw_data,False,False,,
<SOURCE_ROOT>/Caltrans PeMS/00_DATA_AUDIT/99_TEMP/de72d6f35e807ec0.json,Caltrans PeMS/00_DATA_AUDIT/99_TEMP/de72d6f35e807ec0.json,de72d6f35e807ec0.json,.json,5857009,5.585679,2026-09-22T12:44:22,a84d5b331c2fef5126f5791ea5460ca03eeb141b3561e3aa8bb40c2090a7ca14,01_raw_data,False,False,,
<SOURCE_ROOT>/Caltrans PeMS/00_DATA_AUDIT/99_TEMP/df380604451347ba.json,Caltrans PeMS/00_DATA_AUDIT/99_TEMP/df380604451347ba.json,df380604451347ba.json,.json,5850555,5.579524,2026-09-22T12:42:21,13c0d36aea610dd548139771bad85f7988658ff08d3460dd504d85fc6ebe15d9,01_raw_data,False,False,,
<SOURCE_ROOT>/Caltrans PeMS/00_DATA_AUDIT/99_TEMP/dfc464ac16367362.json,Caltrans PeMS/00_DATA_AUDIT/99_TEMP/dfc464ac16367362.json,dfc464ac16367362.json,.json,5902978,5.629519,2026-09-22T12:45:06,074b8dac2092ba44fba12024d28d826385ef20a828fa478f23b8a3393f31a485,01_raw_data,False,False,,
<SOURCE_ROOT>/Caltrans PeMS/00_DATA_AUDIT/99_TEMP/dfe8091c9b0a5bf9.json,Caltrans PeMS/00_DATA_AUDIT/99_TEMP/dfe8091c9b0a5bf9.json,dfe8091c9b0a5bf9.json,.json,373452,0.356152,2026-09-22T12:37:04,e834d8391f5f118c18ee784e55110ad64ade1333c65ebaaa5479f1125e2e6c2b,01_raw_data,False,False,,
<SOURCE_ROOT>/Caltrans PeMS/00_DATA_AUDIT/99_TEMP/e0238f9640ddff7b.json,Caltrans PeMS/00_DATA_AUDIT/99_TEMP/e0238f9640ddff7b.json,e0238f9640ddff7b.json,.json,5858697,5.587289,2026-09-22T12:38:45,0f9febcd4a8aae4d9845188fbdac241f86b8baddf0271e44ddfdae12bc07f0f4,01_raw_data,False,False,,
<SOURCE_ROOT>/Caltrans PeMS/00_DATA_AUDIT/99_TEMP/e06fee697ef79a51.json,Caltrans PeMS/00_DATA_AUDIT/99_TEMP/e06fee697ef79a51.json,e06fee697ef79a51.json,.json,5839698,5.56917,2026-09-22T12:39:51,e831a37ec439117d60d0ccc9aab73d2f9823d176213c0af2cadc59ff53c3e76b,01_raw_data,False,False,,
<SOURCE_ROOT>/Caltrans PeMS/00_DATA_AUDIT/99_TEMP/e18da9e55d47b16e.json,Caltrans PeMS/00_DATA_AUDIT/99_TEMP/e18da9e55d47b16e.json,e18da9e55d47b16e.json,.json,5852168,5.581062,2026-09-22T12:41:47,278c4f95fe07965c1039830f2a7e8c985d958319981fb62253351e71267d570b,01_raw_data,False,False,,
<SOURCE_ROOT>/Caltrans PeMS/00_DATA_AUDIT/99_TEMP/e1c3f86bf6855461.json,Caltrans PeMS/00_DATA_AUDIT/99_TEMP/e1c3f86bf6855461.json,e1c3f86bf6855461.json,.json,5919105,5.644898,2026-09-22T12:44:42,f6d1c633bb07ae943f0828d4d45800ca0e01374598803929112999439d958e9e,01_raw_data,False,False,,
<SOURCE_ROOT>/Caltrans PeMS/00_DATA_AUDIT/99_TEMP/e279f9a5005ccc5a.json,Caltrans PeMS/00_DATA_AUDIT/99_TEMP/e279f9a5005ccc5a.json,e279f9a5005ccc5a.json,.json,5888068,5.615299,2026-09-22T12:37:26,d7e8c42f05bbbedf6f500b6adc544e2bb6f94d49fb754439a1897eba8aaf8d2c,01_raw_data,False,False,,
<SOURCE_ROOT>/Caltrans PeMS/00_DATA_AUDIT/99_TEMP/e2fb036a77da8a00.json,Caltrans PeMS/00_DATA_AUDIT/99_TEMP/e2fb036a77da8a00.json,e2fb036a77da8a00.json,.json,5790434,5.522188,2026-09-22T12:42:07,9010e95c09bfd9bd1892ae9929a691b03fb474115631f96ce405c0048160f443,01_raw_data,False,False,,
<SOURCE_ROOT>/Caltrans PeMS/00_DATA_AUDIT/99_TEMP/e3b73dde6d98bf3f.json,Caltrans PeMS/00_DATA_AUDIT/99_TEMP/e3b73dde6d98bf3f.json,e3b73dde6d98bf3f.json,.json,5851540,5.580463,2026-09-22T12:43:13,78a37a25c76bb7cb3f7602142b1130dce15ec966c6c8bfe14f8c618babe5395f,01_raw_data,False,False,,
<SOURCE_ROOT>/Caltrans PeMS/00_DATA_AUDIT/99_TEMP/e42cf059197472d4.json,Caltrans PeMS/00_DATA_AUDIT/99_TEMP/e42cf059197472d4.json,e42cf059197472d4.json,.json,5909599,5.635833,2026-09-22T12:45:21,805800b299f28fbdee782c4b138b34b8e085d0ea3721c1b76b704a57f89d83a2,01_raw_data,False,False,,
<SOURCE_ROOT>/Caltrans PeMS/00_DATA_AUDIT/99_TEMP/e47183debcb28bc2.json,Caltrans PeMS/00_DATA_AUDIT/99_TEMP/e47183debcb28bc2.json,e47183debcb28bc2.json,.json,5870353,5.598405,2026-09-22T12:41:34,656eefda1afd5ad7fe15040fb2ea5aff2583a6820eabe5ea2d7e27cb4a94fd9a,01_raw_data,False,False,,
<SOURCE_ROOT>/Caltrans PeMS/00_DATA_AUDIT/99_TEMP/e50603ad4d85796c.json,Caltrans PeMS/00_DATA_AUDIT/99_TEMP/e50603ad4d85796c.json,e50603ad4d85796c.json,.json,5849964,5.57896,2026-09-22T12:42:50,e3702015f2e0ec6d5f30206c3eb6fa306357429e3ec793d87fd9e0127c456c4c,01_raw_data,False,False,,
<SOURCE_ROOT>/Caltrans PeMS/00_DATA_AUDIT/99_TEMP/e5a5e9cdb5cff5fe.json,Caltrans PeMS/00_DATA_AUDIT/99_TEMP/e5a5e9cdb5cff5fe.json,e5a5e9cdb5cff5fe.json,.json,5857327,5.585982,2026-09-22T12:43:02,5277c811441317e7c6a9e34a0cf6d63aee87e7c7262bbe9c5c668f27a9861f42,01_raw_data,False,False,,
<SOURCE_ROOT>/Caltrans PeMS/00_DATA_AUDIT/99_TEMP/e5ca949b4b5987a0.json,Caltrans PeMS/00_DATA_AUDIT/99_TEMP/e5ca949b4b5987a0.json,e5ca949b4b5987a0.json,.json,5862315,5.590739,2026-09-22T12:44:24,50aec08ea34fc0aeaa5e874045ef6a86116817bbb55da2a813bb9b0d28921c63,01_raw_data,False,False,,
<SOURCE_ROOT>/Caltrans PeMS/00_DATA_AUDIT/99_TEMP/e740e3d6ac18d610.json,Caltrans PeMS/00_DATA_AUDIT/99_TEMP/e740e3d6ac18d610.json,e740e3d6ac18d610.json,.json,5916856,5.642754,2026-09-22T12:36:42,90e9c1ec944c02cc88c5b9849b64e372d8cee318710b60c7eaff59c6c63287f4,01_raw_data,False,False,,
<SOURCE_ROOT>/Caltrans PeMS/00_DATA_AUDIT/99_TEMP/e98d0638f61e6354.json,Caltrans PeMS/00_DATA_AUDIT/99_TEMP/e98d0638f61e6354.json,e98d0638f61e6354.json,.json,5896133,5.622991,2026-09-22T12:37:37,6bf080813d1b41f504fa124062c9b9649c92a540cd52d6000ab091ed1bc0efed,01_raw_data,False,False,,
<SOURCE_ROOT>/Caltrans PeMS/00_DATA_AUDIT/99_TEMP/ea8e7d1499dac4b8.json,Caltrans PeMS/00_DATA_AUDIT/99_TEMP/ea8e7d1499dac4b8.json,ea8e7d1499dac4b8.json,.json,5905372,5.631802,2026-09-22T12:37:50,7799a6dd238f9568496c1fe64a518eb860d22dc9d4245de1453f64778341f3c8,01_raw_data,False,False,,
<SOURCE_ROOT>/Caltrans PeMS/00_DATA_AUDIT/99_TEMP/eacd77db04a9ccbe.json,Caltrans PeMS/00_DATA_AUDIT/99_TEMP/eacd77db04a9ccbe.json,eacd77db04a9ccbe.json,.json,5856618,5.585306,2026-09-22T12:41:22,81886669ba3c60765089f07284de243a47fe06450d3116586ab684a798dafbed,01_raw_data,False,False,,
<SOURCE_ROOT>/Caltrans PeMS/00_DATA_AUDIT/99_TEMP/eae6e0b373ea7095.json,Caltrans PeMS/00_DATA_AUDIT/99_TEMP/eae6e0b373ea7095.json,eae6e0b373ea7095.json,.json,5931676,5.656887,2026-09-22T12:36:09,180fc5c3cb4ae63162e9ceccadd243f9b9ae16196d2a1de58e26c7e5d8cc0349,01_raw_data,False,False,,
<SOURCE_ROOT>/Caltrans PeMS/00_DATA_AUDIT/99_TEMP/eb1b5eb63c2571f8.json,Caltrans PeMS/00_DATA_AUDIT/99_TEMP/eb1b5eb63c2571f8.json,eb1b5eb63c2571f8.json,.json,5828908,5.55888,2026-09-22T12:43:13,256dd52781d8f7a1aedd3cf831197fd3d5ad5e141be5c43d01455a1cacb06164,01_raw_data,False,False,,
<SOURCE_ROOT>/Caltrans PeMS/00_DATA_AUDIT/99_TEMP/ebf542c9dab6103f.json,Caltrans PeMS/00_DATA_AUDIT/99_TEMP/ebf542c9dab6103f.json,ebf542c9dab6103f.json,.json,5854531,5.583316,2026-09-22T12:38:11,2e89807f12ce8546b01ffe22edbdf416f4b9a3ea5aa9505360fd717bd3bdee76,01_raw_data,False,False,,
<SOURCE_ROOT>/Caltrans PeMS/00_DATA_AUDIT/99_TEMP/eda4cf46d083e1af.json,Caltrans PeMS/00_DATA_AUDIT/99_TEMP/eda4cf46d083e1af.json,eda4cf46d083e1af.json,.json,5853183,5.58203,2026-09-22T12:39:51,5b021853e6505afda778385e3313be87946b006b60e8935e9dde9471b1f66d33,01_raw_data,False,False,,
<SOURCE_ROOT>/Caltrans PeMS/00_DATA_AUDIT/99_TEMP/ee53d70b71fed3ba.json,Caltrans PeMS/00_DATA_AUDIT/99_TEMP/ee53d70b71fed3ba.json,ee53d70b71fed3ba.json,.json,5877395,5.605121,2026-09-22T12:40:04,d6848f996a7da2d12ba1c99a7738b021fb643e488b2899215fa0019c9746001a,01_raw_data,False,False,,
<SOURCE_ROOT>/Caltrans PeMS/00_DATA_AUDIT/99_TEMP/executive_preview.png,Caltrans PeMS/00_DATA_AUDIT/99_TEMP/executive_preview.png,executive_preview.png,.png,63803,0.060847,2026-09-22T12:56:10,5705069772aa0a686538dfc739dc61510054e6310ef1c5a14f3db8f4634aaaba,01_raw_data,False,False,,
<SOURCE_ROOT>/Caltrans PeMS/00_DATA_AUDIT/99_TEMP/f0c99709dd11dcde.json,Caltrans PeMS/00_DATA_AUDIT/99_TEMP/f0c99709dd11dcde.json,f0c99709dd11dcde.json,.json,5909282,5.63553,2026-09-22T12:44:30,fe4e354bf12b3909b7ef72de8a9e70990e4c9533b783db6712f06f65fcbe779a,01_raw_data,False,False,,
<SOURCE_ROOT>/Caltrans PeMS/00_DATA_AUDIT/99_TEMP/f160faff430165a0.json,Caltrans PeMS/00_DATA_AUDIT/99_TEMP/f160faff430165a0.json,f160faff430165a0.json,.json,5859376,5.587936,2026-09-22T12:41:36,e3c33639d17407c77682e142bdffeb69de81fadd899b4615d86f82b45562f7f8,01_raw_data,False,False,,
<SOURCE_ROOT>/Caltrans PeMS/00_DATA_AUDIT/99_TEMP/f288a69eaceef1d5.json,Caltrans PeMS/00_DATA_AUDIT/99_TEMP/f288a69eaceef1d5.json,f288a69eaceef1d5.json,.json,5866494,5.594725,2026-09-22T12:39:08,9558f5dc3bdbfa80a51c111385250bada3fe77357fea208c30b2247814fa9b3f,01_raw_data,False,False,,
<SOURCE_ROOT>/Caltrans PeMS/00_DATA_AUDIT/99_TEMP/f3866dafa4cd8861.json,Caltrans PeMS/00_DATA_AUDIT/99_TEMP/f3866dafa4cd8861.json,f3866dafa4cd8861.json,.json,5852780,5.581646,2026-09-22T12:39:30,7a5abea9cbf9056e01a8fbaa073c691c25444e4abe4c61f9f93a75c4f048b9b2,01_raw_data,False,False,,
<SOURCE_ROOT>/Caltrans PeMS/00_DATA_AUDIT/99_TEMP/f459489323158150.json,Caltrans PeMS/00_DATA_AUDIT/99_TEMP/f459489323158150.json,f459489323158150.json,.json,5855690,5.584421,2026-09-22T12:44:13,7e80cbf5ba425e2fb6e7784c40feb95187079941511126ddd75a4406b2e3198d,01_raw_data,False,False,,
<SOURCE_ROOT>/Caltrans PeMS/00_DATA_AUDIT/99_TEMP/f49a03e779392a8d.json,Caltrans PeMS/00_DATA_AUDIT/99_TEMP/f49a03e779392a8d.json,f49a03e779392a8d.json,.json,5843885,5.573163,2026-09-22T12:43:48,e21ce63818d81a72e1153c44fc72de9056717ee485bee2c5cc27e140843d0123,01_raw_data,False,False,,
<SOURCE_ROOT>/Caltrans PeMS/00_DATA_AUDIT/99_TEMP/f4c0a54c06baf096.json,Caltrans PeMS/00_DATA_AUDIT/99_TEMP/f4c0a54c06baf096.json,f4c0a54c06baf096.json,.json,5851205,5.580144,2026-09-22T12:43:57,4283e8968dfd56d7544992d7e6309dee8c92634d18ed8a2483dfa7443a1d7f0b,01_raw_data,False,False,,
<SOURCE_ROOT>/Caltrans PeMS/00_DATA_AUDIT/99_TEMP/f538055cf9d2c11c.json,Caltrans PeMS/00_DATA_AUDIT/99_TEMP/f538055cf9d2c11c.json,f538055cf9d2c11c.json,.json,5913601,5.639649,2026-09-22T12:45:39,3d9d6291b370ca96b618b1342a5df9fc079629b989f70fb685b308f6f983fb8c,01_raw_data,False,False,,
<SOURCE_ROOT>/Caltrans PeMS/00_DATA_AUDIT/99_TEMP/f7f77e9dc7aec79a.json,Caltrans PeMS/00_DATA_AUDIT/99_TEMP/f7f77e9dc7aec79a.json,f7f77e9dc7aec79a.json,.json,5852867,5.581729,2026-09-22T12:43:58,7ae485b8ebfcb5d7a9da4fd37dc164853e43a6bde822a130f1331a92a68563aa,01_raw_data,False,False,,
<SOURCE_ROOT>/Caltrans PeMS/00_DATA_AUDIT/99_TEMP/fc69e9a6806e11b9.json,Caltrans PeMS/00_DATA_AUDIT/99_TEMP/fc69e9a6806e11b9.json,fc69e9a6806e11b9.json,.json,5867949,5.596112,2026-09-22T12:41:58,ad7a373dc3278a2fa87eaf739fcbbd39df27b8a118d33297618fd95f70f8477c,01_raw_data,False,False,,
<SOURCE_ROOT>/Caltrans PeMS/00_DATA_AUDIT/99_TEMP/ffb1ef636d832963.json,Caltrans PeMS/00_DATA_AUDIT/99_TEMP/ffb1ef636d832963.json,ffb1ef636d832963.json,.json,5857060,5.585728,2026-09-22T12:38:33,3701afaf52137773285568f1e4fe3345a0c9a40eb0ebc95daf3493feea0c87b8,01_raw_data,False,False,,
<SOURCE_ROOT>/Caltrans PeMS/00_DATA_AUDIT/PeMS_Data_Integrity_and_Research_Readiness_Report.md,Caltrans PeMS/00_DATA_AUDIT/PeMS_Data_Integrity_and_Research_Readiness_Report.md,PeMS_Data_Integrity_and_Research_Readiness_Report.md,.md,5482,0.005228,2026-09-22T12:55:18,0753f282e7229e371f9bb951f06ec3b7153e14ebd73ff225337779c885a90fc4,01_raw_data,False,False,,
<SOURCE_ROOT>/Caltrans PeMS/00_DATA_AUDIT/PeMS_Data_Integrity_Audit_2026.xlsx,Caltrans PeMS/00_DATA_AUDIT/PeMS_Data_Integrity_Audit_2026.xlsx,PeMS_Data_Integrity_Audit_2026.xlsx,.xlsx,380591,0.36296,2026-09-22T12:56:13,a47e40d3be06b737b5cc06b467c35fb66e5508afd8ad5fd68b4424c0f73b9680,01_raw_data,False,False,,
<SOURCE_ROOT>/Caltrans PeMS/00_DATA_AUDIT/PeMS_Data_Integrity_Audit_2026.xlsx.inspect.ndjson,Caltrans PeMS/00_DATA_AUDIT/PeMS_Data_Integrity_Audit_2026.xlsx.inspect.ndjson,PeMS_Data_Integrity_Audit_2026.xlsx.inspect.ndjson,.ndjson,22667331,21.617251,2026-09-22T12:56:13,ca8a3332a157182c895ce99fb75bc6dddf694547ff13aade1f4e111b3856bd92,01_raw_data,False,False,,
<SOURCE_ROOT>/Caltrans PeMS/00_DATA_AUDIT/research_readiness.json,Caltrans PeMS/00_DATA_AUDIT/research_readiness.json,research_readiness.json,.json,4628,0.004414,2026-09-22T13:15:03,a567b0134af63661470558045261f64efc4b59feac10e7057d8a31e44aac1e5b,01_raw_data,False,False,,
<SOURCE_ROOT>/Caltrans PeMS/01_DOWNLOADED_ORIGINAL/2026_01/d07_text_station_5min_2026_01_01.txt.gz,Caltrans PeMS/01_DOWNLOADED_ORIGINAL/2026_01/d07_text_station_5min_2026_01_01.txt.gz,d07_text_station_5min_2026_01_01.txt.gz,.gz,20809436,19.845425,2026-09-22T12:09:42,a4719efe9b36ff548d9b890a33b61dcd25ebb506540048be6e361c8d45759956,01_raw_data,False,False,,
<SOURCE_ROOT>/Caltrans PeMS/01_DOWNLOADED_ORIGINAL/2026_01/d07_text_station_5min_2026_01_02.txt.gz,Caltrans PeMS/01_DOWNLOADED_ORIGINAL/2026_01/d07_text_station_5min_2026_01_02.txt.gz,d07_text_station_5min_2026_01_02.txt.gz,.gz,20783823,19.820998,2026-09-22T12:10:10,70d7cd4bfec92b5e38b1dfdd8b6b3b809e3e11045d05998b22ef670561837c1a,01_raw_data,False,False,,
<SOURCE_ROOT>/Caltrans PeMS/01_DOWNLOADED_ORIGINAL/2026_01/d07_text_station_5min_2026_01_03.txt.gz,Caltrans PeMS/01_DOWNLOADED_ORIGINAL/2026_01/d07_text_station_5min_2026_01_03.txt.gz,d07_text_station_5min_2026_01_03.txt.gz,.gz,20752330,19.790964,2026-09-22T12:09:50,e31b75ad3271b75a74831d32fe1a1106b31704c1239a1808f5589d8bec331aa4,01_raw_data,False,False,,
<SOURCE_ROOT>/Caltrans PeMS/01_DOWNLOADED_ORIGINAL/2026_01/d07_text_station_5min_2026_01_04.txt.gz,Caltrans PeMS/01_DOWNLOADED_ORIGINAL/2026_01/d07_text_station_5min_2026_01_04.txt.gz,d07_text_station_5min_2026_01_04.txt.gz,.gz,20602691,19.648257,2026-09-22T12:09:52,234bf7ce4e01e10444c20529c9f9102d1495860b578d7e4137294313c2428cb6,01_raw_data,False,False,,
<SOURCE_ROOT>/Caltrans PeMS/01_DOWNLOADED_ORIGINAL/2026_01/d07_text_station_5min_2026_01_05.txt.gz,Caltrans PeMS/01_DOWNLOADED_ORIGINAL/2026_01/d07_text_station_5min_2026_01_05.txt.gz,d07_text_station_5min_2026_01_05.txt.gz,.gz,20930327,19.960715,2026-09-22T12:09:53,5589fb4445c13d54e9a25b839198c7bec001bdaf94146890d6e2fffa409478a0,01_raw_data,False,False,,
<SOURCE_ROOT>/Caltrans PeMS/01_DOWNLOADED_ORIGINAL/2026_01/d07_text_station_5min_2026_01_06.txt.gz,Caltrans PeMS/01_DOWNLOADED_ORIGINAL/2026_01/d07_text_station_5min_2026_01_06.txt.gz,d07_text_station_5min_2026_01_06.txt.gz,.gz,21008530,20.035295,2026-09-22T12:09:56,47147ddd8176ef720f4162871489684bd82a0cef2f7b98ced60c0936a35d30f5,01_raw_data,False,False,,
<SOURCE_ROOT>/Caltrans PeMS/01_DOWNLOADED_ORIGINAL/2026_01/d07_text_station_5min_2026_01_07.txt.gz,Caltrans PeMS/01_DOWNLOADED_ORIGINAL/2026_01/d07_text_station_5min_2026_01_07.txt.gz,d07_text_station_5min_2026_01_07.txt.gz,.gz,21219059,20.236072,2026-09-22T12:09:52,debab8264cf8e6cc7f9de5bed954c118efc36a1ad096900e9a4a4a2586a77a2f,01_raw_data,False,False,,
<SOURCE_ROOT>/Caltrans PeMS/01_DOWNLOADED_ORIGINAL/2026_01/d07_text_station_5min_2026_01_08.txt.gz,Caltrans PeMS/01_DOWNLOADED_ORIGINAL/2026_01/d07_text_station_5min_2026_01_08.txt.gz,d07_text_station_5min_2026_01_08.txt.gz,.gz,21286297,20.300195,2026-09-22T12:09:54,f1b9e6869bf1188b66f38cf0bff3ad706bfad782ce87b246558999b620f78228,01_raw_data,False,False,,
<SOURCE_ROOT>/Caltrans PeMS/01_DOWNLOADED_ORIGINAL/2026_01/d07_text_station_5min_2026_01_09.txt.gz,Caltrans PeMS/01_DOWNLOADED_ORIGINAL/2026_01/d07_text_station_5min_2026_01_09.txt.gz,d07_text_station_5min_2026_01_09.txt.gz,.gz,21065375,20.089507,2026-09-22T12:09:56,08e1604dfe1aa550e6873e545cfac6cb754995c47aa031669b58ee6e66500c9d,01_raw_data,False,False,,
<SOURCE_ROOT>/Caltrans PeMS/01_DOWNLOADED_ORIGINAL/2026_01/d07_text_station_5min_2026_01_10.txt.gz,Caltrans PeMS/01_DOWNLOADED_ORIGINAL/2026_01/d07_text_station_5min_2026_01_10.txt.gz,d07_text_station_5min_2026_01_10.txt.gz,.gz,21039195,20.06454,2026-09-22T12:10:00,c53df9f7dbb364efc1a0da19bcce8ec6a4d48c85082fcc9649a08f5defda3c36,01_raw_data,False,False,,
<SOURCE_ROOT>/Caltrans PeMS/01_DOWNLOADED_ORIGINAL/2026_01/d07_text_station_5min_2026_01_11.txt.gz,Caltrans PeMS/01_DOWNLOADED_ORIGINAL/2026_01/d07_text_station_5min_2026_01_11.txt.gz,d07_text_station_5min_2026_01_11.txt.gz,.gz,20667472,19.710037,2026-09-22T12:09:58,a759cf827fd2d778bf2f5391f631d432ad9666d183ade92313e43eff03618bff,01_raw_data,False,False,,
<SOURCE_ROOT>/Caltrans PeMS/01_DOWNLOADED_ORIGINAL/2026_01/d07_text_station_5min_2026_01_12.txt.gz,Caltrans PeMS/01_DOWNLOADED_ORIGINAL/2026_01/d07_text_station_5min_2026_01_12.txt.gz,d07_text_station_5min_2026_01_12.txt.gz,.gz,21091576,20.114494,2026-09-22T12:10:01,e4ebc032d907f1f1ade50b7b7fdaa3cdd48b60e9ddd4714f3e30bdcdea28c378,01_raw_data,False,False,,
<SOURCE_ROOT>/Caltrans PeMS/01_DOWNLOADED_ORIGINAL/2026_01/d07_text_station_5min_2026_01_13.txt.gz,Caltrans PeMS/01_DOWNLOADED_ORIGINAL/2026_01/d07_text_station_5min_2026_01_13.txt.gz,d07_text_station_5min_2026_01_13.txt.gz,.gz,21063000,20.087242,2026-09-22T12:10:02,81fbe3a9fc17d6e583d187171bbc760ffe5a4f85bc5f47c51f40af9feda9098e,01_raw_data,False,False,,
<SOURCE_ROOT>/Caltrans PeMS/01_DOWNLOADED_ORIGINAL/2026_01/d07_text_station_5min_2026_01_14.txt.gz,Caltrans PeMS/01_DOWNLOADED_ORIGINAL/2026_01/d07_text_station_5min_2026_01_14.txt.gz,d07_text_station_5min_2026_01_14.txt.gz,.gz,20990942,20.018522,2026-09-22T12:10:02,abcfd5cea32b6d1656d25b77de372d42fa7893985b91a4b0a03be44ade0e0bf5,01_raw_data,False,False,,
<SOURCE_ROOT>/Caltrans PeMS/01_DOWNLOADED_ORIGINAL/2026_01/d07_text_station_5min_2026_01_15.txt.gz,Caltrans PeMS/01_DOWNLOADED_ORIGINAL/2026_01/d07_text_station_5min_2026_01_15.txt.gz,d07_text_station_5min_2026_01_15.txt.gz,.gz,20638132,19.682056,2026-09-22T12:10:03,ce1275c90d26941525204b916e1c3923ac91df9d5de67e2a2bcdae9b7dde9241,01_raw_data,False,False,,
<SOURCE_ROOT>/Caltrans PeMS/01_DOWNLOADED_ORIGINAL/2026_01/d07_text_station_5min_2026_01_16.txt.gz,Caltrans PeMS/01_DOWNLOADED_ORIGINAL/2026_01/d07_text_station_5min_2026_01_16.txt.gz,d07_text_station_5min_2026_01_16.txt.gz,.gz,20895641,19.927636,2026-09-22T12:10:04,f13ef49e90da343ff1de2c6d6230b07e58ba3b6c8f0caa61cfa34ebc7c69af54,01_raw_data,False,False,,
<SOURCE_ROOT>/Caltrans PeMS/01_DOWNLOADED_ORIGINAL/2026_01/d07_text_station_5min_2026_01_17.txt.gz,Caltrans PeMS/01_DOWNLOADED_ORIGINAL/2026_01/d07_text_station_5min_2026_01_17.txt.gz,d07_text_station_5min_2026_01_17.txt.gz,.gz,20683818,19.725626,2026-09-22T12:10:05,fb753ae2879a14a948b9d1f8724e57b9faa606c7a2add2cb952a079793c0667e,01_raw_data,False,False,,
<SOURCE_ROOT>/Caltrans PeMS/01_DOWNLOADED_ORIGINAL/2026_01/d07_text_station_5min_2026_01_18.txt.gz,Caltrans PeMS/01_DOWNLOADED_ORIGINAL/2026_01/d07_text_station_5min_2026_01_18.txt.gz,d07_text_station_5min_2026_01_18.txt.gz,.gz,20411573,19.465993,2026-09-22T12:10:08,ecc50a30b090a5dba0b815453ad626c94223fee3990b9f3e21af66e02ebefabc,01_raw_data,False,False,,
<SOURCE_ROOT>/Caltrans PeMS/01_DOWNLOADED_ORIGINAL/2026_01/d07_text_station_5min_2026_01_19.txt.gz,Caltrans PeMS/01_DOWNLOADED_ORIGINAL/2026_01/d07_text_station_5min_2026_01_19.txt.gz,d07_text_station_5min_2026_01_19.txt.gz,.gz,20542517,19.590871,2026-09-22T12:10:09,c50054e374d50c1938e821a1ed551cd54dc219644e976c625647d9a0a7bd4a44,01_raw_data,False,False,,
<SOURCE_ROOT>/Caltrans PeMS/01_DOWNLOADED_ORIGINAL/2026_01/d07_text_station_5min_2026_01_20.txt.gz,Caltrans PeMS/01_DOWNLOADED_ORIGINAL/2026_01/d07_text_station_5min_2026_01_20.txt.gz,d07_text_station_5min_2026_01_20.txt.gz,.gz,20621965,19.666638,2026-09-22T12:10:11,da178170b7ce62e35f07d107379e815fb7fb0e98e6941ccecf112ee658316d1c,01_raw_data,False,False,,
<SOURCE_ROOT>/Caltrans PeMS/01_DOWNLOADED_ORIGINAL/2026_01/d07_text_station_5min_2026_01_21.txt.gz,Caltrans PeMS/01_DOWNLOADED_ORIGINAL/2026_01/d07_text_station_5min_2026_01_21.txt.gz,d07_text_station_5min_2026_01_21.txt.gz,.gz,20778039,19.815482,2026-09-22T12:10:10,3aab332715f9df3ff962d8fdfbe6bd778fb5d023064cca65d457da4f9197c470,01_raw_data,False,False,,
<SOURCE_ROOT>/Caltrans PeMS/01_DOWNLOADED_ORIGINAL/2026_01/d07_text_station_5min_2026_01_22.txt.gz,Caltrans PeMS/01_DOWNLOADED_ORIGINAL/2026_01/d07_text_station_5min_2026_01_22.txt.gz,d07_text_station_5min_2026_01_22.txt.gz,.gz,20759092,19.797413,2026-09-22T12:10:11,484888a41ba190a93b1240054d05eac43cc228b4689101ca034d0399ab1ece20,01_raw_data,False,False,,
<SOURCE_ROOT>/Caltrans PeMS/01_DOWNLOADED_ORIGINAL/2026_01/d07_text_station_5min_2026_01_23.txt.gz,Caltrans PeMS/01_DOWNLOADED_ORIGINAL/2026_01/d07_text_station_5min_2026_01_23.txt.gz,d07_text_station_5min_2026_01_23.txt.gz,.gz,20622116,19.666782,2026-09-22T13:04:23,0fc743c568d412e5cf9168deba73deb1293a871879c55919ae7ed64776f01ff7,01_raw_data,False,False,,
<SOURCE_ROOT>/Caltrans PeMS/01_DOWNLOADED_ORIGINAL/2026_01/d07_text_station_5min_2026_01_24.txt.gz,Caltrans PeMS/01_DOWNLOADED_ORIGINAL/2026_01/d07_text_station_5min_2026_01_24.txt.gz,d07_text_station_5min_2026_01_24.txt.gz,.gz,20459256,19.511467,2026-09-22T12:10:14,c56bd524bfe83e2359e8a43dba22483929a7bfe41fe2f42f7d4d1e93c2632e51,01_raw_data,False,False,,
<SOURCE_ROOT>/Caltrans PeMS/01_DOWNLOADED_ORIGINAL/2026_01/d07_text_station_5min_2026_01_25.txt.gz,Caltrans PeMS/01_DOWNLOADED_ORIGINAL/2026_01/d07_text_station_5min_2026_01_25.txt.gz,d07_text_station_5min_2026_01_25.txt.gz,.gz,20107683,19.176181,2026-09-22T12:10:13,45d992bf96597024c89ed6ad61358ba3f464535117c4534d61e4057418dbdca1,01_raw_data,False,False,,
<SOURCE_ROOT>/Caltrans PeMS/01_DOWNLOADED_ORIGINAL/2026_01/d07_text_station_5min_2026_01_26.txt.gz,Caltrans PeMS/01_DOWNLOADED_ORIGINAL/2026_01/d07_text_station_5min_2026_01_26.txt.gz,d07_text_station_5min_2026_01_26.txt.gz,.gz,20531632,19.58049,2026-09-22T12:10:15,68a8411ae95f826de0d3ddbf81281bc48e5c94011be619461df9045dd869db94,01_raw_data,False,False,,
<SOURCE_ROOT>/Caltrans PeMS/01_DOWNLOADED_ORIGINAL/2026_01/d07_text_station_5min_2026_01_27.txt.gz,Caltrans PeMS/01_DOWNLOADED_ORIGINAL/2026_01/d07_text_station_5min_2026_01_27.txt.gz,d07_text_station_5min_2026_01_27.txt.gz,.gz,20448874,19.501566,2026-09-22T12:10:16,312d3336312d9f7a06c8fd18081c7824d1a996b4a18ec61f9746ddf61d4cbd70,01_raw_data,False,False,,
<SOURCE_ROOT>/Caltrans PeMS/01_DOWNLOADED_ORIGINAL/2026_01/d07_text_station_5min_2026_01_28.txt.gz,Caltrans PeMS/01_DOWNLOADED_ORIGINAL/2026_01/d07_text_station_5min_2026_01_28.txt.gz,d07_text_station_5min_2026_01_28.txt.gz,.gz,20593947,19.639918,2026-09-22T12:10:27,b70e10a5aaea0898f760ff213875e5d201eb863792edf60a81dad239f8d10ab7,01_raw_data,False,False,,
<SOURCE_ROOT>/Caltrans PeMS/01_DOWNLOADED_ORIGINAL/2026_01/d07_text_station_5min_2026_01_29.txt.gz,Caltrans PeMS/01_DOWNLOADED_ORIGINAL/2026_01/d07_text_station_5min_2026_01_29.txt.gz,d07_text_station_5min_2026_01_29.txt.gz,.gz,20606854,19.652227,2026-09-22T12:10:27,3d6266ba123ba047c0606161d7fd3e714c7263b95e158cf6b8903174f371034e,01_raw_data,False,False,,
<SOURCE_ROOT>/Caltrans PeMS/01_DOWNLOADED_ORIGINAL/2026_01/d07_text_station_5min_2026_01_30.txt.gz,Caltrans PeMS/01_DOWNLOADED_ORIGINAL/2026_01/d07_text_station_5min_2026_01_30.txt.gz,d07_text_station_5min_2026_01_30.txt.gz,.gz,20722748,19.762753,2026-09-22T12:10:29,a4f46af1a2e081ee7e0c0a7372485cd6a437c81b9cf0c661c900cacc7f6b73a2,01_raw_data,False,False,,
<SOURCE_ROOT>/Caltrans PeMS/01_DOWNLOADED_ORIGINAL/2026_01/d07_text_station_5min_2026_01_31.txt.gz,Caltrans PeMS/01_DOWNLOADED_ORIGINAL/2026_01/d07_text_station_5min_2026_01_31.txt.gz,d07_text_station_5min_2026_01_31.txt.gz,.gz,20352355,19.409518,2026-09-22T12:10:27,b63e3b961e5c741479ec5b731f24f21b35229c033bf15566f7bd672503c47359,01_raw_data,False,False,,
<SOURCE_ROOT>/Caltrans PeMS/01_DOWNLOADED_ORIGINAL/2026_02/d07_text_station_5min_2026_02_01.txt.gz,Caltrans PeMS/01_DOWNLOADED_ORIGINAL/2026_02/d07_text_station_5min_2026_02_01.txt.gz,d07_text_station_5min_2026_02_01.txt.gz,.gz,19993522,19.067308,2026-09-22T13:04:29,0e0ecf9c73188ffe4e89971862b01c238bf63542daeba4693a3d93fa052ba39f,01_raw_data,False,False,,
<SOURCE_ROOT>/Caltrans PeMS/01_DOWNLOADED_ORIGINAL/2026_02/d07_text_station_5min_2026_02_02.txt.gz,Caltrans PeMS/01_DOWNLOADED_ORIGINAL/2026_02/d07_text_station_5min_2026_02_02.txt.gz,d07_text_station_5min_2026_02_02.txt.gz,.gz,20449038,19.501722,2026-09-22T12:11:31,b8e16bd8f163dd166b2e9d2c37021077d2539469e9dded0ae4c6321cab3c255f,01_raw_data,False,False,,
<SOURCE_ROOT>/Caltrans PeMS/01_DOWNLOADED_ORIGINAL/2026_02/d07_text_station_5min_2026_02_03.txt.gz,Caltrans PeMS/01_DOWNLOADED_ORIGINAL/2026_02/d07_text_station_5min_2026_02_03.txt.gz,d07_text_station_5min_2026_02_03.txt.gz,.gz,20457700,19.509983,2026-09-22T12:11:32,9c08f3d3ae0ef50278679b44e69789feffdcfb3217f6f2fa7217ed423845690b,01_raw_data,False,False,,
<SOURCE_ROOT>/Caltrans PeMS/01_DOWNLOADED_ORIGINAL/2026_02/d07_text_station_5min_2026_02_04.txt.gz,Caltrans PeMS/01_DOWNLOADED_ORIGINAL/2026_02/d07_text_station_5min_2026_02_04.txt.gz,d07_text_station_5min_2026_02_04.txt.gz,.gz,20503050,19.553232,2026-09-22T12:11:33,f3dac4018eedab2de63d5c5901b2d83c204e8d8fa253c78a9747d572771a75a3,01_raw_data,False,False,,
<SOURCE_ROOT>/Caltrans PeMS/01_DOWNLOADED_ORIGINAL/2026_02/d07_text_station_5min_2026_02_05.txt.gz,Caltrans PeMS/01_DOWNLOADED_ORIGINAL/2026_02/d07_text_station_5min_2026_02_05.txt.gz,d07_text_station_5min_2026_02_05.txt.gz,.gz,20512513,19.562257,2026-09-22T12:11:34,854411b63162cff93ef7f886dd8a6c35b17b6ecbe6abeffa82dd83aa9f9ca5ed,01_raw_data,False,False,,
<SOURCE_ROOT>/Caltrans PeMS/01_DOWNLOADED_ORIGINAL/2026_02/d07_text_station_5min_2026_02_06.txt.gz,Caltrans PeMS/01_DOWNLOADED_ORIGINAL/2026_02/d07_text_station_5min_2026_02_06.txt.gz,d07_text_station_5min_2026_02_06.txt.gz,.gz,20583065,19.62954,2026-09-22T13:11:11,bff19963ad64d3566bae004386d63835f44a2662f45221454d100adf043c4b88,01_raw_data,False,False,,
<SOURCE_ROOT>/Caltrans PeMS/01_DOWNLOADED_ORIGINAL/2026_02/d07_text_station_5min_2026_02_07.txt.gz,Caltrans PeMS/01_DOWNLOADED_ORIGINAL/2026_02/d07_text_station_5min_2026_02_07.txt.gz,d07_text_station_5min_2026_02_07.txt.gz,.gz,20369174,19.425558,2026-09-22T12:11:35,28aba04fc38848215151c6bd3b9fde4666d17a46360c556a22088763c11db5f1,01_raw_data,False,False,,
<SOURCE_ROOT>/Caltrans PeMS/01_DOWNLOADED_ORIGINAL/2026_02/d07_text_station_5min_2026_02_08.txt.gz,Caltrans PeMS/01_DOWNLOADED_ORIGINAL/2026_02/d07_text_station_5min_2026_02_08.txt.gz,d07_text_station_5min_2026_02_08.txt.gz,.gz,20070966,19.141165,2026-09-22T12:11:35,4bd01a83247f2f916d402b0b64fdca99f16829602ae600dae251a73f18c97f37,01_raw_data,False,False,,
<SOURCE_ROOT>/Caltrans PeMS/01_DOWNLOADED_ORIGINAL/2026_02/d07_text_station_5min_2026_02_09.txt.gz,Caltrans PeMS/01_DOWNLOADED_ORIGINAL/2026_02/d07_text_station_5min_2026_02_09.txt.gz,d07_text_station_5min_2026_02_09.txt.gz,.gz,20326514,19.384874,2026-09-22T12:11:36,3794aa5afbb6c3807499ffb667bf19bd834016c3907a83d9bf5e5f62a85c0a5f,01_raw_data,False,False,,
<SOURCE_ROOT>/Caltrans PeMS/01_DOWNLOADED_ORIGINAL/2026_02/d07_text_station_5min_2026_02_10.txt.gz,Caltrans PeMS/01_DOWNLOADED_ORIGINAL/2026_02/d07_text_station_5min_2026_02_10.txt.gz,d07_text_station_5min_2026_02_10.txt.gz,.gz,20325224,19.383644,2026-09-22T12:11:42,fc0c581120adfdf35b95ac0767581f9f4cdb666e35f1f86196b2abfd8df809ec,01_raw_data,False,False,,
<SOURCE_ROOT>/Caltrans PeMS/01_DOWNLOADED_ORIGINAL/2026_02/d07_text_station_5min_2026_02_11.txt.gz,Caltrans PeMS/01_DOWNLOADED_ORIGINAL/2026_02/d07_text_station_5min_2026_02_11.txt.gz,d07_text_station_5min_2026_02_11.txt.gz,.gz,20328243,19.386523,2026-09-22T12:11:44,1daf37e56992d21b3cb813ac440c9068df7a4a80af07cfbfd438669e8deac3e2,01_raw_data,False,False,,
<SOURCE_ROOT>/Caltrans PeMS/01_DOWNLOADED_ORIGINAL/2026_02/d07_text_station_5min_2026_02_12.txt.gz,Caltrans PeMS/01_DOWNLOADED_ORIGINAL/2026_02/d07_text_station_5min_2026_02_12.txt.gz,d07_text_station_5min_2026_02_12.txt.gz,.gz,20295634,19.355425,2026-09-22T12:11:46,15c71ad2b62fba2e92545251c29aa7c8e5861013c2ef65e116ee7dfbb59fcaa9,01_raw_data,False,False,,
<SOURCE_ROOT>/Caltrans PeMS/01_DOWNLOADED_ORIGINAL/2026_02/d07_text_station_5min_2026_02_13.txt.gz,Caltrans PeMS/01_DOWNLOADED_ORIGINAL/2026_02/d07_text_station_5min_2026_02_13.txt.gz,d07_text_station_5min_2026_02_13.txt.gz,.gz,20022758,19.09519,2026-09-22T12:11:50,d9c1968d8eaec1f658a0ae6f1fec87be8b3f1a23ec5809a6b5a4a299c7e3a761,01_raw_data,False,False,,
<SOURCE_ROOT>/Caltrans PeMS/01_DOWNLOADED_ORIGINAL/2026_02/d07_text_station_5min_2026_02_14.txt.gz,Caltrans PeMS/01_DOWNLOADED_ORIGINAL/2026_02/d07_text_station_5min_2026_02_14.txt.gz,d07_text_station_5min_2026_02_14.txt.gz,.gz,19725851,18.812037,2026-09-22T12:11:52,ecf5c65db2cd7d88a9f9d08cb031fc82850f8b5c910d3e45b3eb3bd36671cb45,01_raw_data,False,False,,
<SOURCE_ROOT>/Caltrans PeMS/01_DOWNLOADED_ORIGINAL/2026_02/d07_text_station_5min_2026_02_15.txt.gz,Caltrans PeMS/01_DOWNLOADED_ORIGINAL/2026_02/d07_text_station_5min_2026_02_15.txt.gz,d07_text_station_5min_2026_02_15.txt.gz,.gz,19594442,18.686716,2026-09-22T12:11:53,d884ef3f1bac24e145f324d38e2172dcd8910a964edaf25c7855ef47f014c436,01_raw_data,False,False,,
<SOURCE_ROOT>/Caltrans PeMS/01_DOWNLOADED_ORIGINAL/2026_02/d07_text_station_5min_2026_02_16.txt.gz,Caltrans PeMS/01_DOWNLOADED_ORIGINAL/2026_02/d07_text_station_5min_2026_02_16.txt.gz,d07_text_station_5min_2026_02_16.txt.gz,.gz,19828499,18.90993,2026-09-22T12:11:52,b88ee2f60903b8126548dc91b4753356e9f4652fa796d6b1e19b1b56893b1d85,01_raw_data,False,False,,
<SOURCE_ROOT>/Caltrans PeMS/01_DOWNLOADED_ORIGINAL/2026_02/d07_text_station_5min_2026_02_17.txt.gz,Caltrans PeMS/01_DOWNLOADED_ORIGINAL/2026_02/d07_text_station_5min_2026_02_17.txt.gz,d07_text_station_5min_2026_02_17.txt.gz,.gz,20087221,19.156667,2026-09-22T12:11:55,04df4072d9c71d8eb8de0fe7a7ad265be5c626fdecac1b36380cfec60847fa5d,01_raw_data,False,False,,
<SOURCE_ROOT>/Caltrans PeMS/01_DOWNLOADED_ORIGINAL/2026_02/d07_text_station_5min_2026_02_18.txt.gz,Caltrans PeMS/01_DOWNLOADED_ORIGINAL/2026_02/d07_text_station_5min_2026_02_18.txt.gz,d07_text_station_5min_2026_02_18.txt.gz,.gz,20088727,19.158103,2026-09-22T12:11:54,66d385f7c0032230f3216855f26432ddcc3ca993b58c537786d793ceba2b8555,01_raw_data,False,False,,
<SOURCE_ROOT>/Caltrans PeMS/01_DOWNLOADED_ORIGINAL/2026_02/d07_text_station_5min_2026_02_19.txt.gz,Caltrans PeMS/01_DOWNLOADED_ORIGINAL/2026_02/d07_text_station_5min_2026_02_19.txt.gz,d07_text_station_5min_2026_02_19.txt.gz,.gz,19894414,18.972792,2026-09-22T12:11:55,486d1c59c4dbc121813242e99849d206bff285c8327fb90c44f5a80a822526c3,01_raw_data,False,False,,
<SOURCE_ROOT>/Caltrans PeMS/01_DOWNLOADED_ORIGINAL/2026_02/d07_text_station_5min_2026_02_20.txt.gz,Caltrans PeMS/01_DOWNLOADED_ORIGINAL/2026_02/d07_text_station_5min_2026_02_20.txt.gz,d07_text_station_5min_2026_02_20.txt.gz,.gz,20074480,19.144516,2026-09-22T12:11:58,362cea054c574e908b2eb5054485e426e3c36fe0403a05ad1e01ea9ba44496c4,01_raw_data,False,False,,
<SOURCE_ROOT>/Caltrans PeMS/01_DOWNLOADED_ORIGINAL/2026_02/d07_text_station_5min_2026_02_21.txt.gz,Caltrans PeMS/01_DOWNLOADED_ORIGINAL/2026_02/d07_text_station_5min_2026_02_21.txt.gz,d07_text_station_5min_2026_02_21.txt.gz,.gz,19689553,18.777421,2026-09-22T12:11:58,acd87a9dfca592727123870960526f6c1f529a5421e52cabbfe3c9cb024c88a5,01_raw_data,False,False,,
<SOURCE_ROOT>/Caltrans PeMS/01_DOWNLOADED_ORIGINAL/2026_02/d07_text_station_5min_2026_02_22.txt.gz,Caltrans PeMS/01_DOWNLOADED_ORIGINAL/2026_02/d07_text_station_5min_2026_02_22.txt.gz,d07_text_station_5min_2026_02_22.txt.gz,.gz,19445125,18.544316,2026-09-22T12:12:04,fa713c64f6067bdf3517938ce95e2bfeb8ccf59fd0ab2bc17fddf8deeba0e92c,01_raw_data,False,False,,
<SOURCE_ROOT>/Caltrans PeMS/01_DOWNLOADED_ORIGINAL/2026_02/d07_text_station_5min_2026_02_23.txt.gz,Caltrans PeMS/01_DOWNLOADED_ORIGINAL/2026_02/d07_text_station_5min_2026_02_23.txt.gz,d07_text_station_5min_2026_02_23.txt.gz,.gz,19764276,18.848682,2026-09-22T12:12:05,433084634a41cb5007f1d50b9d63e10bfb60aca4830546fb240fda4828fe12f3,01_raw_data,False,False,,
<SOURCE_ROOT>/Caltrans PeMS/01_DOWNLOADED_ORIGINAL/2026_02/d07_text_station_5min_2026_02_24.txt.gz,Caltrans PeMS/01_DOWNLOADED_ORIGINAL/2026_02/d07_text_station_5min_2026_02_24.txt.gz,d07_text_station_5min_2026_02_24.txt.gz,.gz,19912425,18.989968,2026-09-22T12:12:06,22f9ef037e119d0c37bb1bee6e2ba8c22db911cff0db2f000ea4c76532e58031,01_raw_data,False,False,,
<SOURCE_ROOT>/Caltrans PeMS/01_DOWNLOADED_ORIGINAL/2026_02/d07_text_station_5min_2026_02_25.txt.gz,Caltrans PeMS/01_DOWNLOADED_ORIGINAL/2026_02/d07_text_station_5min_2026_02_25.txt.gz,d07_text_station_5min_2026_02_25.txt.gz,.gz,19910169,18.987817,2026-09-22T12:12:07,52e30c417b0338c3f275d702120224585748bbaccb4da6133a8643d63ff9e3ce,01_raw_data,False,False,,
<SOURCE_ROOT>/Caltrans PeMS/01_DOWNLOADED_ORIGINAL/2026_02/d07_text_station_5min_2026_02_26.txt.gz,Caltrans PeMS/01_DOWNLOADED_ORIGINAL/2026_02/d07_text_station_5min_2026_02_26.txt.gz,d07_text_station_5min_2026_02_26.txt.gz,.gz,19694716,18.782345,2026-09-22T12:12:06,b8635a86471a4ddcfcffcc3840aeb72af74f55c2d467ca266d4a833ce3bcbe18,01_raw_data,False,False,,
<SOURCE_ROOT>/Caltrans PeMS/01_DOWNLOADED_ORIGINAL/2026_02/d07_text_station_5min_2026_02_27.txt.gz,Caltrans PeMS/01_DOWNLOADED_ORIGINAL/2026_02/d07_text_station_5min_2026_02_27.txt.gz,d07_text_station_5min_2026_02_27.txt.gz,.gz,18549653,17.690328,2026-09-22T12:12:09,3f1c8acfb8886791ce46adead3a4d98b31f76cf4bc8f7a8d7207e40ee8069651,01_raw_data,False,False,,
<SOURCE_ROOT>/Caltrans PeMS/01_DOWNLOADED_ORIGINAL/2026_02/d07_text_station_5min_2026_02_28.txt.gz,Caltrans PeMS/01_DOWNLOADED_ORIGINAL/2026_02/d07_text_station_5min_2026_02_28.txt.gz,d07_text_station_5min_2026_02_28.txt.gz,.gz,16779889,16.002549,2026-09-22T12:12:11,846de375f27f5d7582a5fd434bf7b675b2af83b6f67d49a9216e86aa6041c4bd,01_raw_data,False,False,,
<SOURCE_ROOT>/Caltrans PeMS/01_DOWNLOADED_ORIGINAL/2026_03/d07_text_station_5min_2026_03_01.txt.gz,Caltrans PeMS/01_DOWNLOADED_ORIGINAL/2026_03/d07_text_station_5min_2026_03_01.txt.gz,d07_text_station_5min_2026_03_01.txt.gz,.gz,19102149,18.217229,2026-09-22T12:12:33,e3d6c277373bf34467364f12f7c0e3b17d2f81c2db82ff6e7c910c8d8c2d71ba,01_raw_data,False,False,,
<SOURCE_ROOT>/Caltrans PeMS/01_DOWNLOADED_ORIGINAL/2026_03/d07_text_station_5min_2026_03_02.txt.gz,Caltrans PeMS/01_DOWNLOADED_ORIGINAL/2026_03/d07_text_station_5min_2026_03_02.txt.gz,d07_text_station_5min_2026_03_02.txt.gz,.gz,19424644,18.524784,2026-09-22T12:12:35,88863aac6fed151bb84fd84cffa0375f0a0ae263770f44598e374bfc4860532d,01_raw_data,False,False,,
<SOURCE_ROOT>/Caltrans PeMS/01_DOWNLOADED_ORIGINAL/2026_03/d07_text_station_5min_2026_03_03.txt.gz,Caltrans PeMS/01_DOWNLOADED_ORIGINAL/2026_03/d07_text_station_5min_2026_03_03.txt.gz,d07_text_station_5min_2026_03_03.txt.gz,.gz,19530902,18.62612,2026-09-22T12:12:36,8a3ce2ab070b7f26c11a03b873bbf94edcea0bc9480f1240e5a49afbc04b6e63,01_raw_data,False,False,,
<SOURCE_ROOT>/Caltrans PeMS/01_DOWNLOADED_ORIGINAL/2026_03/d07_text_station_5min_2026_03_04.txt.gz,Caltrans PeMS/01_DOWNLOADED_ORIGINAL/2026_03/d07_text_station_5min_2026_03_04.txt.gz,d07_text_station_5min_2026_03_04.txt.gz,.gz,19582538,18.675364,2026-09-22T12:12:37,c5867b4fcce2dbd2420906111f11b3316f6c0fe5da50825311c41d61b68de3dc,01_raw_data,False,False,,
<SOURCE_ROOT>/Caltrans PeMS/01_DOWNLOADED_ORIGINAL/2026_03/d07_text_station_5min_2026_03_05.txt.gz,Caltrans PeMS/01_DOWNLOADED_ORIGINAL/2026_03/d07_text_station_5min_2026_03_05.txt.gz,d07_text_station_5min_2026_03_05.txt.gz,.gz,19730337,18.816316,2026-09-22T12:12:36,ada078bedfb475d5e15927f7964e03f10bfa094e43bf521647e5b53d7c6f9cab,01_raw_data,False,False,,
<SOURCE_ROOT>/Caltrans PeMS/01_DOWNLOADED_ORIGINAL/2026_03/d07_text_station_5min_2026_03_06.txt.gz,Caltrans PeMS/01_DOWNLOADED_ORIGINAL/2026_03/d07_text_station_5min_2026_03_06.txt.gz,d07_text_station_5min_2026_03_06.txt.gz,.gz,19686567,18.774573,2026-09-22T12:12:37,dd3c0c7301852bf81d8f510b67ebfb29a59dbd84429aeca55d95a27015104846,01_raw_data,False,False,,
<SOURCE_ROOT>/Caltrans PeMS/01_DOWNLOADED_ORIGINAL/2026_03/d07_text_station_5min_2026_03_07.txt.gz,Caltrans PeMS/01_DOWNLOADED_ORIGINAL/2026_03/d07_text_station_5min_2026_03_07.txt.gz,d07_text_station_5min_2026_03_07.txt.gz,.gz,19429761,18.529664,2026-09-22T12:12:38,9df70c149f885674358f918c50ff5aec3d1ad705409cfd3261dbce6cc9bb0526,01_raw_data,False,False,,
<SOURCE_ROOT>/Caltrans PeMS/01_DOWNLOADED_ORIGINAL/2026_03/d07_text_station_5min_2026_03_08.txt.gz,Caltrans PeMS/01_DOWNLOADED_ORIGINAL/2026_03/d07_text_station_5min_2026_03_08.txt.gz,d07_text_station_5min_2026_03_08.txt.gz,.gz,18560354,17.700533,2026-09-22T12:12:39,31d4044277d69fa85a81d869436baa99f9cb7d5f761e572a3ff869efe1dc757c,01_raw_data,False,False,,
<SOURCE_ROOT>/Caltrans PeMS/01_DOWNLOADED_ORIGINAL/2026_03/d07_text_station_5min_2026_03_09.txt.gz,Caltrans PeMS/01_DOWNLOADED_ORIGINAL/2026_03/d07_text_station_5min_2026_03_09.txt.gz,d07_text_station_5min_2026_03_09.txt.gz,.gz,19498518,18.595236,2026-09-22T12:12:40,0f7b2ec142520111bd3f3836ec3b45f01167ef3747c9c963ce7bce4f532c1ebd,01_raw_data,False,False,,
<SOURCE_ROOT>/Caltrans PeMS/01_DOWNLOADED_ORIGINAL/2026_03/d07_text_station_5min_2026_03_10.txt.gz,Caltrans PeMS/01_DOWNLOADED_ORIGINAL/2026_03/d07_text_station_5min_2026_03_10.txt.gz,d07_text_station_5min_2026_03_10.txt.gz,.gz,19728254,18.814329,2026-09-22T12:12:43,dbf4a7bbf7a2779725e47d913428a5c59fc65c1bda34386a8f1516908fd0d1d1,01_raw_data,False,False,,
<SOURCE_ROOT>/Caltrans PeMS/01_DOWNLOADED_ORIGINAL/2026_03/d07_text_station_5min_2026_03_11.txt.gz,Caltrans PeMS/01_DOWNLOADED_ORIGINAL/2026_03/d07_text_station_5min_2026_03_11.txt.gz,d07_text_station_5min_2026_03_11.txt.gz,.gz,19693874,18.781542,2026-09-22T12:12:44,4d17b00875fab69d74842535b2d46c8ff1b7758c7b572e00a54f098502e198aa,01_raw_data,False,False,,
<SOURCE_ROOT>/Caltrans PeMS/01_DOWNLOADED_ORIGINAL/2026_03/d07_text_station_5min_2026_03_12.txt.gz,Caltrans PeMS/01_DOWNLOADED_ORIGINAL/2026_03/d07_text_station_5min_2026_03_12.txt.gz,d07_text_station_5min_2026_03_12.txt.gz,.gz,19508665,18.604913,2026-09-22T12:12:46,f2e2a9bae0e2cb6da6b28a97ea1a139cfd5226a77c7f65a0e7c30b0e857754af,01_raw_data,False,False,,
<SOURCE_ROOT>/Caltrans PeMS/01_DOWNLOADED_ORIGINAL/2026_03/d07_text_station_5min_2026_03_13.txt.gz,Caltrans PeMS/01_DOWNLOADED_ORIGINAL/2026_03/d07_text_station_5min_2026_03_13.txt.gz,d07_text_station_5min_2026_03_13.txt.gz,.gz,19282771,18.389483,2026-09-22T12:12:45,6071930dd9a97fb041d0481940a1a2957d84269c158dbcdd49830c1adc202072,01_raw_data,False,False,,
<SOURCE_ROOT>/Caltrans PeMS/01_DOWNLOADED_ORIGINAL/2026_03/d07_text_station_5min_2026_03_14.txt.gz,Caltrans PeMS/01_DOWNLOADED_ORIGINAL/2026_03/d07_text_station_5min_2026_03_14.txt.gz,d07_text_station_5min_2026_03_14.txt.gz,.gz,18121439,17.281951,2026-09-22T12:12:46,77384561ffab57ec3ef4389553f6508ea84532faaa13dbf668db95befda2634c,01_raw_data,False,False,,
<SOURCE_ROOT>/Caltrans PeMS/01_DOWNLOADED_ORIGINAL/2026_03/d07_text_station_5min_2026_03_15.txt.gz,Caltrans PeMS/01_DOWNLOADED_ORIGINAL/2026_03/d07_text_station_5min_2026_03_15.txt.gz,d07_text_station_5min_2026_03_15.txt.gz,.gz,17824307,16.998584,2026-09-22T12:12:49,fd1bdbfa8ef4755b1f3814cbef9f66d018350fe43e2a7fe4cec272549abead8e,01_raw_data,False,False,,
<SOURCE_ROOT>/Caltrans PeMS/01_DOWNLOADED_ORIGINAL/2026_03/d07_text_station_5min_2026_03_16.txt.gz,Caltrans PeMS/01_DOWNLOADED_ORIGINAL/2026_03/d07_text_station_5min_2026_03_16.txt.gz,d07_text_station_5min_2026_03_16.txt.gz,.gz,18704034,17.837557,2026-09-22T12:12:47,f3a5e00d72e1233d8ef999f75e751f1da28135153800b1a6af05630601b3ff68,01_raw_data,False,False,,
<SOURCE_ROOT>/Caltrans PeMS/01_DOWNLOADED_ORIGINAL/2026_03/d07_text_station_5min_2026_03_17.txt.gz,Caltrans PeMS/01_DOWNLOADED_ORIGINAL/2026_03/d07_text_station_5min_2026_03_17.txt.gz,d07_text_station_5min_2026_03_17.txt.gz,.gz,18795011,17.924319,2026-09-22T12:12:50,b20d969ad9ae447d423a552eecb0cbb0b695c8c8eebf2955665990bb2be0ebe7,01_raw_data,False,False,,
<SOURCE_ROOT>/Caltrans PeMS/01_DOWNLOADED_ORIGINAL/2026_03/d07_text_station_5min_2026_03_18.txt.gz,Caltrans PeMS/01_DOWNLOADED_ORIGINAL/2026_03/d07_text_station_5min_2026_03_18.txt.gz,d07_text_station_5min_2026_03_18.txt.gz,.gz,18841877,17.969014,2026-09-22T12:12:55,77509ebf4331438b68577b835c45a131502b38bd183b40b1fae67905b6cf3672,01_raw_data,False,False,,
<SOURCE_ROOT>/Caltrans PeMS/01_DOWNLOADED_ORIGINAL/2026_03/d07_text_station_5min_2026_03_19.txt.gz,Caltrans PeMS/01_DOWNLOADED_ORIGINAL/2026_03/d07_text_station_5min_2026_03_19.txt.gz,d07_text_station_5min_2026_03_19.txt.gz,.gz,18945648,18.067978,2026-09-22T12:12:57,520cf0d4d4a7d9c697f1b5b4a75e9b74c79ca1f90d57477b2b85f3460065e64b,01_raw_data,False,False,,
<SOURCE_ROOT>/Caltrans PeMS/01_DOWNLOADED_ORIGINAL/2026_03/d07_text_station_5min_2026_03_20.txt.gz,Caltrans PeMS/01_DOWNLOADED_ORIGINAL/2026_03/d07_text_station_5min_2026_03_20.txt.gz,d07_text_station_5min_2026_03_20.txt.gz,.gz,18808340,17.937031,2026-09-22T12:12:57,cc90c6e9b0b9c20efa79c34156aa4659961e96992878a8cf57366b74862e14ee,01_raw_data,False,False,,
<SOURCE_ROOT>/Caltrans PeMS/01_DOWNLOADED_ORIGINAL/2026_03/d07_text_station_5min_2026_03_21.txt.gz,Caltrans PeMS/01_DOWNLOADED_ORIGINAL/2026_03/d07_text_station_5min_2026_03_21.txt.gz,d07_text_station_5min_2026_03_21.txt.gz,.gz,18556239,17.696609,2026-09-22T12:12:59,4e3b4fc743748a136d218006a22d7b9fb212d4ae7f37ecae28760276b45f920e,01_raw_data,False,False,,
<SOURCE_ROOT>/Caltrans PeMS/01_DOWNLOADED_ORIGINAL/2026_03/d07_text_station_5min_2026_03_22.txt.gz,Caltrans PeMS/01_DOWNLOADED_ORIGINAL/2026_03/d07_text_station_5min_2026_03_22.txt.gz,d07_text_station_5min_2026_03_22.txt.gz,.gz,18239128,17.394188,2026-09-22T12:12:59,7ef1a196604fc34584944bdf01a6a9e3a1ea0eebeebea72faf2fc151e803ee98,01_raw_data,False,False,,
<SOURCE_ROOT>/Caltrans PeMS/01_DOWNLOADED_ORIGINAL/2026_03/d07_text_station_5min_2026_03_23.txt.gz,Caltrans PeMS/01_DOWNLOADED_ORIGINAL/2026_03/d07_text_station_5min_2026_03_23.txt.gz,d07_text_station_5min_2026_03_23.txt.gz,.gz,18707342,17.840712,2026-09-22T12:13:00,da22cc87c63c6005e68e61db80979db03487750745a4b881bbc27a0e35e5263d,01_raw_data,False,False,,
<SOURCE_ROOT>/Caltrans PeMS/01_DOWNLOADED_ORIGINAL/2026_03/d07_text_station_5min_2026_03_24.txt.gz,Caltrans PeMS/01_DOWNLOADED_ORIGINAL/2026_03/d07_text_station_5min_2026_03_24.txt.gz,d07_text_station_5min_2026_03_24.txt.gz,.gz,18713891,17.846957,2026-09-22T12:13:01,57c369866345d84702db6bacfcbdf3eab6d952582a2806e5cb47232c5058c708,01_raw_data,False,False,,
<SOURCE_ROOT>/Caltrans PeMS/01_DOWNLOADED_ORIGINAL/2026_03/d07_text_station_5min_2026_03_25.txt.gz,Caltrans PeMS/01_DOWNLOADED_ORIGINAL/2026_03/d07_text_station_5min_2026_03_25.txt.gz,d07_text_station_5min_2026_03_25.txt.gz,.gz,18792920,17.922325,2026-09-22T12:13:03,62e2d911bcd725ea43c61a3a46f6dda0710ac978b94d33e3b924e96425d0d2b5,01_raw_data,False,False,,
<SOURCE_ROOT>/Caltrans PeMS/01_DOWNLOADED_ORIGINAL/2026_03/d07_text_station_5min_2026_03_26.txt.gz,Caltrans PeMS/01_DOWNLOADED_ORIGINAL/2026_03/d07_text_station_5min_2026_03_26.txt.gz,d07_text_station_5min_2026_03_26.txt.gz,.gz,18727578,17.86001,2026-09-22T12:13:03,f4e56cf8f75ab43ebc188268ac30d6f9b925bfaf2ed3e2286a182916cf8252af,01_raw_data,False,False,,
<SOURCE_ROOT>/Caltrans PeMS/01_DOWNLOADED_ORIGINAL/2026_03/d07_text_station_5min_2026_03_27.txt.gz,Caltrans PeMS/01_DOWNLOADED_ORIGINAL/2026_03/d07_text_station_5min_2026_03_27.txt.gz,d07_text_station_5min_2026_03_27.txt.gz,.gz,18570704,17.710403,2026-09-22T12:13:04,9f2fd0d0a1a516a770dc15cb5dfad2a790d42b14bd61775c88aba0e3e0ecf4e0,01_raw_data,False,False,,
<SOURCE_ROOT>/Caltrans PeMS/01_DOWNLOADED_ORIGINAL/2026_03/d07_text_station_5min_2026_03_28.txt.gz,Caltrans PeMS/01_DOWNLOADED_ORIGINAL/2026_03/d07_text_station_5min_2026_03_28.txt.gz,d07_text_station_5min_2026_03_28.txt.gz,.gz,18535956,17.677265,2026-09-22T12:13:05,43b6575d0f45fcdca14c1a7c467733b7f36922fe7ab7310ca5d0d6be95a5619e,01_raw_data,False,False,,
<SOURCE_ROOT>/Caltrans PeMS/01_DOWNLOADED_ORIGINAL/2026_03/d07_text_station_5min_2026_03_29.txt.gz,Caltrans PeMS/01_DOWNLOADED_ORIGINAL/2026_03/d07_text_station_5min_2026_03_29.txt.gz,d07_text_station_5min_2026_03_29.txt.gz,.gz,18427579,17.573909,2026-09-22T12:13:06,c6a9eea1224828f713225b4f48f62e7e790346587a39f7c72b9f4977ab648e5b,01_raw_data,False,False,,
<SOURCE_ROOT>/Caltrans PeMS/01_DOWNLOADED_ORIGINAL/2026_03/d07_text_station_5min_2026_03_30.txt.gz,Caltrans PeMS/01_DOWNLOADED_ORIGINAL/2026_03/d07_text_station_5min_2026_03_30.txt.gz,d07_text_station_5min_2026_03_30.txt.gz,.gz,18626970,17.764063,2026-09-22T12:13:07,bb926dd17b2f5236d1452ea140ff2540de6651b87687084f40ccabdb5a2d897e,01_raw_data,False,False,,
<SOURCE_ROOT>/Caltrans PeMS/01_DOWNLOADED_ORIGINAL/2026_03/d07_text_station_5min_2026_03_31.txt.gz,Caltrans PeMS/01_DOWNLOADED_ORIGINAL/2026_03/d07_text_station_5min_2026_03_31.txt.gz,d07_text_station_5min_2026_03_31.txt.gz,.gz,18660909,17.79643,2026-09-22T12:13:07,e9ab76ef0b9885aa7789d7cdfcb1dbe1281ea2a44a06f41856c45af3eba2fe1b,01_raw_data,False,False,,
<SOURCE_ROOT>/Caltrans PeMS/01_DOWNLOADED_ORIGINAL/2026_04/d07_text_station_5min_2026_04_01.txt.gz,Caltrans PeMS/01_DOWNLOADED_ORIGINAL/2026_04/d07_text_station_5min_2026_04_01.txt.gz,d07_text_station_5min_2026_04_01.txt.gz,.gz,18876051,18.001605,2026-09-22T12:13:25,c8be1c2024c894105215b8bcfc34b25ca9427197272669fe57655de7f89cdb1f,01_raw_data,False,False,,
<SOURCE_ROOT>/Caltrans PeMS/01_DOWNLOADED_ORIGINAL/2026_04/d07_text_station_5min_2026_04_02.txt.gz,Caltrans PeMS/01_DOWNLOADED_ORIGINAL/2026_04/d07_text_station_5min_2026_04_02.txt.gz,d07_text_station_5min_2026_04_02.txt.gz,.gz,18776761,17.906915,2026-09-22T12:13:27,14720ae994c8b5284601c72a129cee3c89145def98d4c920b0fcb3d5ab4a309f,01_raw_data,False,False,,
<SOURCE_ROOT>/Caltrans PeMS/01_DOWNLOADED_ORIGINAL/2026_04/d07_text_station_5min_2026_04_03.txt.gz,Caltrans PeMS/01_DOWNLOADED_ORIGINAL/2026_04/d07_text_station_5min_2026_04_03.txt.gz,d07_text_station_5min_2026_04_03.txt.gz,.gz,18821837,17.949903,2026-09-22T12:13:28,a32c56d2b8fbc627ef4bd755f4e72744959390f494527ff61d9a48a4c4e7ee77,01_raw_data,False,False,,
<SOURCE_ROOT>/Caltrans PeMS/01_DOWNLOADED_ORIGINAL/2026_04/d07_text_station_5min_2026_04_04.txt.gz,Caltrans PeMS/01_DOWNLOADED_ORIGINAL/2026_04/d07_text_station_5min_2026_04_04.txt.gz,d07_text_station_5min_2026_04_04.txt.gz,.gz,18767466,17.89805,2026-09-22T12:13:31,bedaa4e1a763b380e96e385885960c64454ffa6aa92b4820ac10633f7e3574a5,01_raw_data,False,False,,
<SOURCE_ROOT>/Caltrans PeMS/01_DOWNLOADED_ORIGINAL/2026_04/d07_text_station_5min_2026_04_05.txt.gz,Caltrans PeMS/01_DOWNLOADED_ORIGINAL/2026_04/d07_text_station_5min_2026_04_05.txt.gz,d07_text_station_5min_2026_04_05.txt.gz,.gz,18526922,17.66865,2026-09-22T12:13:33,218a1f7a3fe7c86497646a14561b633b4b12efde208eb457643f60e36efc274c,01_raw_data,False,False,,
<SOURCE_ROOT>/Caltrans PeMS/01_DOWNLOADED_ORIGINAL/2026_04/d07_text_station_5min_2026_04_06.txt.gz,Caltrans PeMS/01_DOWNLOADED_ORIGINAL/2026_04/d07_text_station_5min_2026_04_06.txt.gz,d07_text_station_5min_2026_04_06.txt.gz,.gz,18800732,17.929775,2026-09-22T12:13:34,bc4c99336e8014e806911d606072037f7adade274d941189d85f366a1982900f,01_raw_data,False,False,,
<SOURCE_ROOT>/Caltrans PeMS/01_DOWNLOADED_ORIGINAL/2026_04/d07_text_station_5min_2026_04_07.txt.gz,Caltrans PeMS/01_DOWNLOADED_ORIGINAL/2026_04/d07_text_station_5min_2026_04_07.txt.gz,d07_text_station_5min_2026_04_07.txt.gz,.gz,18664652,17.799999,2026-09-22T13:04:34,f11d1e0a3b76c3a9cc547c8bc4fedbfe16ccdb77257e39f55923c72f777b1790,01_raw_data,False,False,,
<SOURCE_ROOT>/Caltrans PeMS/01_DOWNLOADED_ORIGINAL/2026_04/d07_text_station_5min_2026_04_08.txt.gz,Caltrans PeMS/01_DOWNLOADED_ORIGINAL/2026_04/d07_text_station_5min_2026_04_08.txt.gz,d07_text_station_5min_2026_04_08.txt.gz,.gz,18859034,17.985376,2026-09-22T13:04:39,f57115c563827da51a085782da0ca371a1190b417f0e1f0fed4b3d8f0580639e,01_raw_data,False,False,,
<SOURCE_ROOT>/Caltrans PeMS/01_DOWNLOADED_ORIGINAL/2026_04/d07_text_station_5min_2026_04_09.txt.gz,Caltrans PeMS/01_DOWNLOADED_ORIGINAL/2026_04/d07_text_station_5min_2026_04_09.txt.gz,d07_text_station_5min_2026_04_09.txt.gz,.gz,18687871,17.822143,2026-09-22T13:04:45,17dc494781b0d8e09841fb41a283e72d75ec4f9c71865e1cb06aa0aa9a234116,01_raw_data,False,False,,
<SOURCE_ROOT>/Caltrans PeMS/01_DOWNLOADED_ORIGINAL/2026_04/d07_text_station_5min_2026_04_10.txt.gz,Caltrans PeMS/01_DOWNLOADED_ORIGINAL/2026_04/d07_text_station_5min_2026_04_10.txt.gz,d07_text_station_5min_2026_04_10.txt.gz,.gz,18686091,17.820445,2026-09-22T13:04:46,bb927ae394781d538c210acef264d1a6ae4ecf2a086c139ff8b59085bb7efe97,01_raw_data,False,False,,
<SOURCE_ROOT>/Caltrans PeMS/01_DOWNLOADED_ORIGINAL/2026_04/d07_text_station_5min_2026_04_11.txt.gz,Caltrans PeMS/01_DOWNLOADED_ORIGINAL/2026_04/d07_text_station_5min_2026_04_11.txt.gz,d07_text_station_5min_2026_04_11.txt.gz,.gz,18684342,17.818777,2026-09-22T12:13:38,b0b12894c763dae78c3e9405be8c5d825ec445354124564f2008f87d2a1acb72,01_raw_data,False,False,,
<SOURCE_ROOT>/Caltrans PeMS/01_DOWNLOADED_ORIGINAL/2026_04/d07_text_station_5min_2026_04_12.txt.gz,Caltrans PeMS/01_DOWNLOADED_ORIGINAL/2026_04/d07_text_station_5min_2026_04_12.txt.gz,d07_text_station_5min_2026_04_12.txt.gz,.gz,18308571,17.460414,2026-09-22T12:13:36,293d44e2c7d26316cc6d730755dee951b4e7703e3a69bded9d884783d7d01425,01_raw_data,False,False,,
<SOURCE_ROOT>/Caltrans PeMS/01_DOWNLOADED_ORIGINAL/2026_04/d07_text_station_5min_2026_04_13.txt.gz,Caltrans PeMS/01_DOWNLOADED_ORIGINAL/2026_04/d07_text_station_5min_2026_04_13.txt.gz,d07_text_station_5min_2026_04_13.txt.gz,.gz,18735136,17.867218,2026-09-22T12:13:38,ef7f98c42d2ff5593f2e4580750d546fd53028182ef7d32a51fb7ecc040a8810,01_raw_data,False,False,,
<SOURCE_ROOT>/Caltrans PeMS/01_DOWNLOADED_ORIGINAL/2026_04/d07_text_station_5min_2026_04_14.txt.gz,Caltrans PeMS/01_DOWNLOADED_ORIGINAL/2026_04/d07_text_station_5min_2026_04_14.txt.gz,d07_text_station_5min_2026_04_14.txt.gz,.gz,18644401,17.780686,2026-09-22T13:04:49,c986b15006207dc927ba4a4c0fc84d7ddc1481609f6c363ebdbd20fa65cc49f9,01_raw_data,False,False,,
<SOURCE_ROOT>/Caltrans PeMS/01_DOWNLOADED_ORIGINAL/2026_04/d07_text_station_5min_2026_04_15.txt.gz,Caltrans PeMS/01_DOWNLOADED_ORIGINAL/2026_04/d07_text_station_5min_2026_04_15.txt.gz,d07_text_station_5min_2026_04_15.txt.gz,.gz,18751636,17.882954,2026-09-22T12:13:40,adeb144309eabf60ef2183ce75098b4b729453b8127628170a5e013602ad9f67,01_raw_data,False,False,,
<SOURCE_ROOT>/Caltrans PeMS/01_DOWNLOADED_ORIGINAL/2026_04/d07_text_station_5min_2026_04_16.txt.gz,Caltrans PeMS/01_DOWNLOADED_ORIGINAL/2026_04/d07_text_station_5min_2026_04_16.txt.gz,d07_text_station_5min_2026_04_16.txt.gz,.gz,18734821,17.866918,2026-09-22T12:13:40,cebb3feffc6cacf31dd1b1c9446020d4214c32567783a1d286dc1b97cbf27495,01_raw_data,False,False,,
<SOURCE_ROOT>/Caltrans PeMS/01_DOWNLOADED_ORIGINAL/2026_04/d07_text_station_5min_2026_04_17.txt.gz,Caltrans PeMS/01_DOWNLOADED_ORIGINAL/2026_04/d07_text_station_5min_2026_04_17.txt.gz,d07_text_station_5min_2026_04_17.txt.gz,.gz,18748759,17.88021,2026-09-22T13:04:57,2d5f2f7cc528d122adc0dc45189adc5b158cbfecbb0a993f0ee9fa900d945e65,01_raw_data,False,False,,
<SOURCE_ROOT>/Caltrans PeMS/01_DOWNLOADED_ORIGINAL/2026_04/d07_text_station_5min_2026_04_18.txt.gz,Caltrans PeMS/01_DOWNLOADED_ORIGINAL/2026_04/d07_text_station_5min_2026_04_18.txt.gz,d07_text_station_5min_2026_04_18.txt.gz,.gz,18451605,17.596822,2026-09-22T12:13:42,3e2737d1360fc246735b6bf0bcd16df2c2bd665511471f41e1968c5c11ef6021,01_raw_data,False,False,,
<SOURCE_ROOT>/Caltrans PeMS/01_DOWNLOADED_ORIGINAL/2026_04/d07_text_station_5min_2026_04_19.txt.gz,Caltrans PeMS/01_DOWNLOADED_ORIGINAL/2026_04/d07_text_station_5min_2026_04_19.txt.gz,d07_text_station_5min_2026_04_19.txt.gz,.gz,18393486,17.541395,2026-09-22T12:13:42,418686eed22e869d40d3ef65e3389ccfdb388108d970b52ef04449a14567e96f,01_raw_data,False,False,,
<SOURCE_ROOT>/Caltrans PeMS/01_DOWNLOADED_ORIGINAL/2026_04/d07_text_station_5min_2026_04_20.txt.gz,Caltrans PeMS/01_DOWNLOADED_ORIGINAL/2026_04/d07_text_station_5min_2026_04_20.txt.gz,d07_text_station_5min_2026_04_20.txt.gz,.gz,18553925,17.694402,2026-09-22T12:13:44,64e64ecf6be8a28b5b7276f93bf2d2e59bfe4d17800e8e9f0ec13e05d421d835,01_raw_data,False,False,,
<SOURCE_ROOT>/Caltrans PeMS/01_DOWNLOADED_ORIGINAL/2026_04/d07_text_station_5min_2026_04_21.txt.gz,Caltrans PeMS/01_DOWNLOADED_ORIGINAL/2026_04/d07_text_station_5min_2026_04_21.txt.gz,d07_text_station_5min_2026_04_21.txt.gz,.gz,18755528,17.886665,2026-09-22T12:13:45,35742af262201984071e5ce3fcba6fb80a2a94847bdab78f23c8ed1e16963509,01_raw_data,False,False,,
<SOURCE_ROOT>/Caltrans PeMS/01_DOWNLOADED_ORIGINAL/2026_04/d07_text_station_5min_2026_04_22.txt.gz,Caltrans PeMS/01_DOWNLOADED_ORIGINAL/2026_04/d07_text_station_5min_2026_04_22.txt.gz,d07_text_station_5min_2026_04_22.txt.gz,.gz,18809142,17.937796,2026-09-22T12:13:47,332017e3e3fca90e63dc40024fef7c98981c59e100c75caba92e983686599e5b,01_raw_data,False,False,,
<SOURCE_ROOT>/Caltrans PeMS/01_DOWNLOADED_ORIGINAL/2026_04/d07_text_station_5min_2026_04_23.txt.gz,Caltrans PeMS/01_DOWNLOADED_ORIGINAL/2026_04/d07_text_station_5min_2026_04_23.txt.gz,d07_text_station_5min_2026_04_23.txt.gz,.gz,18756450,17.887545,2026-09-22T12:13:47,ee68a521466df398e333e8571e9610c600b60a075ed53c4b10174d38d33dc8d8,01_raw_data,False,False,,
<SOURCE_ROOT>/Caltrans PeMS/01_DOWNLOADED_ORIGINAL/2026_04/d07_text_station_5min_2026_04_24.txt.gz,Caltrans PeMS/01_DOWNLOADED_ORIGINAL/2026_04/d07_text_station_5min_2026_04_24.txt.gz,d07_text_station_5min_2026_04_24.txt.gz,.gz,18650758,17.786749,2026-09-22T12:13:50,4d5b947e95282e5b537bd4a207a9b765bd0503e6bf9f6dcb890ac579a70e2ed5,01_raw_data,False,False,,
<SOURCE_ROOT>/Caltrans PeMS/01_DOWNLOADED_ORIGINAL/2026_04/d07_text_station_5min_2026_04_25.txt.gz,Caltrans PeMS/01_DOWNLOADED_ORIGINAL/2026_04/d07_text_station_5min_2026_04_25.txt.gz,d07_text_station_5min_2026_04_25.txt.gz,.gz,18619827,17.757251,2026-09-22T12:13:52,4ed2342ad5e6dc0377ac049469af6e9aef5cae0ab1cd3d6ebd4127422b047e32,01_raw_data,False,False,,
<SOURCE_ROOT>/Caltrans PeMS/01_DOWNLOADED_ORIGINAL/2026_04/d07_text_station_5min_2026_04_26.txt.gz,Caltrans PeMS/01_DOWNLOADED_ORIGINAL/2026_04/d07_text_station_5min_2026_04_26.txt.gz,d07_text_station_5min_2026_04_26.txt.gz,.gz,18238532,17.39362,2026-09-22T12:13:52,f2ab57d3e1efec96e495ec26e31b23d7d3a74d87acf3bf7576630e0922c3b068,01_raw_data,False,False,,
<SOURCE_ROOT>/Caltrans PeMS/01_DOWNLOADED_ORIGINAL/2026_04/d07_text_station_5min_2026_04_27.txt.gz,Caltrans PeMS/01_DOWNLOADED_ORIGINAL/2026_04/d07_text_station_5min_2026_04_27.txt.gz,d07_text_station_5min_2026_04_27.txt.gz,.gz,18572104,17.711739,2026-09-22T12:13:53,654dd757cfe1f3acdbb7ed52f19a5cd1d48f196ee7dc51e258e2c483e3d22530,01_raw_data,False,False,,
<SOURCE_ROOT>/Caltrans PeMS/01_DOWNLOADED_ORIGINAL/2026_04/d07_text_station_5min_2026_04_28.txt.gz,Caltrans PeMS/01_DOWNLOADED_ORIGINAL/2026_04/d07_text_station_5min_2026_04_28.txt.gz,d07_text_station_5min_2026_04_28.txt.gz,.gz,18634705,17.77144,2026-09-22T12:14:04,11405db2d2b2042b6658ea608cf2ed6251205155cc6944771d4457783e99eee1,01_raw_data,False,False,,
<SOURCE_ROOT>/Caltrans PeMS/01_DOWNLOADED_ORIGINAL/2026_04/d07_text_station_5min_2026_04_29.txt.gz,Caltrans PeMS/01_DOWNLOADED_ORIGINAL/2026_04/d07_text_station_5min_2026_04_29.txt.gz,d07_text_station_5min_2026_04_29.txt.gz,.gz,18744028,17.875698,2026-09-22T12:13:55,d12c84ff3023e72f2a2fa21f8e00102b5bc91a0e625d0e323df355be84c18137,01_raw_data,False,False,,
<SOURCE_ROOT>/Caltrans PeMS/01_DOWNLOADED_ORIGINAL/2026_04/d07_text_station_5min_2026_04_30.txt.gz,Caltrans PeMS/01_DOWNLOADED_ORIGINAL/2026_04/d07_text_station_5min_2026_04_30.txt.gz,d07_text_station_5min_2026_04_30.txt.gz,.gz,18654003,17.789844,2026-09-22T12:13:54,f99b72750cdaa61afef417d958370f8cf35c76e93858e8e16be32f2f5b34881d,01_raw_data,False,False,,
<SOURCE_ROOT>/Caltrans PeMS/01_DOWNLOADED_ORIGINAL/2026_05/d07_text_station_5min_2026_05_01.txt.gz,Caltrans PeMS/01_DOWNLOADED_ORIGINAL/2026_05/d07_text_station_5min_2026_05_01.txt.gz,d07_text_station_5min_2026_05_01.txt.gz,.gz,18699900,17.833614,2026-09-22T12:14:32,6b25ff0d549baec4667d5a66984bb4bd7c3e0b93dd469ff46c1a05f218f8e973,01_raw_data,False,False,,
<SOURCE_ROOT>/Caltrans PeMS/01_DOWNLOADED_ORIGINAL/2026_05/d07_text_station_5min_2026_05_02.txt.gz,Caltrans PeMS/01_DOWNLOADED_ORIGINAL/2026_05/d07_text_station_5min_2026_05_02.txt.gz,d07_text_station_5min_2026_05_02.txt.gz,.gz,18509101,17.651654,2026-09-22T12:14:33,053d6a08e74f01697bcea797742f5ece1b5529bde4c7c1fe655783f74e8c6385,01_raw_data,False,False,,
<SOURCE_ROOT>/Caltrans PeMS/01_DOWNLOADED_ORIGINAL/2026_05/d07_text_station_5min_2026_05_03.txt.gz,Caltrans PeMS/01_DOWNLOADED_ORIGINAL/2026_05/d07_text_station_5min_2026_05_03.txt.gz,d07_text_station_5min_2026_05_03.txt.gz,.gz,18304881,17.456895,2026-09-22T12:14:34,b6cbc41c2dc756a8370d32309b089153b7744f4ac22a8321412a663682813b82,01_raw_data,False,False,,
<SOURCE_ROOT>/Caltrans PeMS/01_DOWNLOADED_ORIGINAL/2026_05/d07_text_station_5min_2026_05_04.txt.gz,Caltrans PeMS/01_DOWNLOADED_ORIGINAL/2026_05/d07_text_station_5min_2026_05_04.txt.gz,d07_text_station_5min_2026_05_04.txt.gz,.gz,18568179,17.707995,2026-09-22T13:05:01,5f570b6f6c15125e0fb837da6ee551dcb358d95015cd9b9b5c80d13b4d34a34a,01_raw_data,False,False,,
<SOURCE_ROOT>/Caltrans PeMS/01_DOWNLOADED_ORIGINAL/2026_05/d07_text_station_5min_2026_05_05.txt.gz,Caltrans PeMS/01_DOWNLOADED_ORIGINAL/2026_05/d07_text_station_5min_2026_05_05.txt.gz,d07_text_station_5min_2026_05_05.txt.gz,.gz,18513401,17.655755,2026-09-22T13:11:17,62f4fe27b48620d98762d2d2fa37c010b064870268181e9e7ccd766a0371f42c,01_raw_data,False,False,,
<SOURCE_ROOT>/Caltrans PeMS/01_DOWNLOADED_ORIGINAL/2026_05/d07_text_station_5min_2026_05_06.txt.gz,Caltrans PeMS/01_DOWNLOADED_ORIGINAL/2026_05/d07_text_station_5min_2026_05_06.txt.gz,d07_text_station_5min_2026_05_06.txt.gz,.gz,18544683,17.685588,2026-09-22T13:05:14,6793107b21bba14d95b8781636b94fbfb49c237e317c050b9de448ab69d3039b,01_raw_data,False,False,,
<SOURCE_ROOT>/Caltrans PeMS/01_DOWNLOADED_ORIGINAL/2026_05/d07_text_station_5min_2026_05_07.txt.gz,Caltrans PeMS/01_DOWNLOADED_ORIGINAL/2026_05/d07_text_station_5min_2026_05_07.txt.gz,d07_text_station_5min_2026_05_07.txt.gz,.gz,18766557,17.897183,2026-09-22T13:05:19,fb0034086bc5c9fa33aeb57a5e655e905e17d22a74b3bb62ab7fe2d879edf77b,01_raw_data,False,False,,
<SOURCE_ROOT>/Caltrans PeMS/01_DOWNLOADED_ORIGINAL/2026_05/d07_text_station_5min_2026_05_08.txt.gz,Caltrans PeMS/01_DOWNLOADED_ORIGINAL/2026_05/d07_text_station_5min_2026_05_08.txt.gz,d07_text_station_5min_2026_05_08.txt.gz,.gz,18576812,17.716228,2026-09-22T12:14:40,e5ee3efe6fee7edfe142fcdad47383853e7699d6ae68f3557615f5e5494bdf2d,01_raw_data,False,False,,
<SOURCE_ROOT>/Caltrans PeMS/01_DOWNLOADED_ORIGINAL/2026_05/d07_text_station_5min_2026_05_09.txt.gz,Caltrans PeMS/01_DOWNLOADED_ORIGINAL/2026_05/d07_text_station_5min_2026_05_09.txt.gz,d07_text_station_5min_2026_05_09.txt.gz,.gz,18614567,17.752234,2026-09-22T12:14:42,8bf07644d734ce07acaba8e927a95505b9f6fcbc3894167e72bb4f2c918cab84,01_raw_data,False,False,,
<SOURCE_ROOT>/Caltrans PeMS/01_DOWNLOADED_ORIGINAL/2026_05/d07_text_station_5min_2026_05_10.txt.gz,Caltrans PeMS/01_DOWNLOADED_ORIGINAL/2026_05/d07_text_station_5min_2026_05_10.txt.gz,d07_text_station_5min_2026_05_10.txt.gz,.gz,18392700,17.540646,2026-09-22T12:14:43,0445598ee808010c44b42435e1f65a0619e3f16eeb1e5ec6e675307a9faa2f73,01_raw_data,False,False,,
<SOURCE_ROOT>/Caltrans PeMS/01_DOWNLOADED_ORIGINAL/2026_05/d07_text_station_5min_2026_05_11.txt.gz,Caltrans PeMS/01_DOWNLOADED_ORIGINAL/2026_05/d07_text_station_5min_2026_05_11.txt.gz,d07_text_station_5min_2026_05_11.txt.gz,.gz,18240856,17.395836,2026-09-22T12:14:42,abf58eceba38f6f09bd854b4e8310021d533b5ec922c02b9531746f8e82fb659,01_raw_data,False,False,,
<SOURCE_ROOT>/Caltrans PeMS/01_DOWNLOADED_ORIGINAL/2026_05/d07_text_station_5min_2026_05_12.txt.gz,Caltrans PeMS/01_DOWNLOADED_ORIGINAL/2026_05/d07_text_station_5min_2026_05_12.txt.gz,d07_text_station_5min_2026_05_12.txt.gz,.gz,18596484,17.734989,2026-09-22T12:14:45,67192c249b388e74df2a4f1bb255a5e851ea2c0fe255e4ac3c8b39c9dacecae4,01_raw_data,False,False,,
<SOURCE_ROOT>/Caltrans PeMS/01_DOWNLOADED_ORIGINAL/2026_05/d07_text_station_5min_2026_05_13.txt.gz,Caltrans PeMS/01_DOWNLOADED_ORIGINAL/2026_05/d07_text_station_5min_2026_05_13.txt.gz,d07_text_station_5min_2026_05_13.txt.gz,.gz,18738568,17.870491,2026-09-22T12:14:44,b31e05493625e1a579ade5afbf30d8b9a34c554c4c05a3cbf221ca7b42c39285,01_raw_data,False,False,,
<SOURCE_ROOT>/Caltrans PeMS/01_DOWNLOADED_ORIGINAL/2026_05/d07_text_station_5min_2026_05_14.txt.gz,Caltrans PeMS/01_DOWNLOADED_ORIGINAL/2026_05/d07_text_station_5min_2026_05_14.txt.gz,d07_text_station_5min_2026_05_14.txt.gz,.gz,18671030,17.806082,2026-09-22T12:14:45,5bb2631efb965a2956aee196f3c97949a7b3db6ccf8d24642c042cfe983eb881,01_raw_data,False,False,,
<SOURCE_ROOT>/Caltrans PeMS/01_DOWNLOADED_ORIGINAL/2026_05/d07_text_station_5min_2026_05_15.txt.gz,Caltrans PeMS/01_DOWNLOADED_ORIGINAL/2026_05/d07_text_station_5min_2026_05_15.txt.gz,d07_text_station_5min_2026_05_15.txt.gz,.gz,18770140,17.9006,2026-09-22T12:14:46,73c8768fdb7ef6e22905715ed0d72980dd8b560b0b889b5d8b7b7c02201720ec,01_raw_data,False,False,,
<SOURCE_ROOT>/Caltrans PeMS/01_DOWNLOADED_ORIGINAL/2026_05/d07_text_station_5min_2026_05_16.txt.gz,Caltrans PeMS/01_DOWNLOADED_ORIGINAL/2026_05/d07_text_station_5min_2026_05_16.txt.gz,d07_text_station_5min_2026_05_16.txt.gz,.gz,18983537,18.104112,2026-09-22T12:14:47,b5de13cf79f89e94212c0a5b6366b8fb8a817570d790605c57faf0fbc15a1f27,01_raw_data,False,False,,
<SOURCE_ROOT>/Caltrans PeMS/01_DOWNLOADED_ORIGINAL/2026_05/d07_text_station_5min_2026_05_17.txt.gz,Caltrans PeMS/01_DOWNLOADED_ORIGINAL/2026_05/d07_text_station_5min_2026_05_17.txt.gz,d07_text_station_5min_2026_05_17.txt.gz,.gz,18826476,17.954327,2026-09-22T12:14:48,ad443fe3390445852f7ce65af3965b42da0a01cb06b34dbb3c6b9d31d8b58faa,01_raw_data,False,False,,
<SOURCE_ROOT>/Caltrans PeMS/01_DOWNLOADED_ORIGINAL/2026_05/d07_text_station_5min_2026_05_18.txt.gz,Caltrans PeMS/01_DOWNLOADED_ORIGINAL/2026_05/d07_text_station_5min_2026_05_18.txt.gz,d07_text_station_5min_2026_05_18.txt.gz,.gz,19112951,18.22753,2026-09-22T12:14:50,36c2bd7478bc4ad587e2e570a47a74298624791aade1fa6bda78206607873cf6,01_raw_data,False,False,,
<SOURCE_ROOT>/Caltrans PeMS/01_DOWNLOADED_ORIGINAL/2026_05/d07_text_station_5min_2026_05_19.txt.gz,Caltrans PeMS/01_DOWNLOADED_ORIGINAL/2026_05/d07_text_station_5min_2026_05_19.txt.gz,d07_text_station_5min_2026_05_19.txt.gz,.gz,19061685,18.178639,2026-09-22T12:14:54,2072dfb7c2570a4f092340a5f8842a3d73c77ca7ffdc2528684a3ee461dde52b,01_raw_data,False,False,,
<SOURCE_ROOT>/Caltrans PeMS/01_DOWNLOADED_ORIGINAL/2026_05/d07_text_station_5min_2026_05_20.txt.gz,Caltrans PeMS/01_DOWNLOADED_ORIGINAL/2026_05/d07_text_station_5min_2026_05_20.txt.gz,d07_text_station_5min_2026_05_20.txt.gz,.gz,19093977,18.209435,2026-09-22T12:14:57,55393ab9c9680f0028ed0db58d800feb307aee70267260965b2665fe285f0b35,01_raw_data,False,False,,
<SOURCE_ROOT>/Caltrans PeMS/01_DOWNLOADED_ORIGINAL/2026_05/d07_text_station_5min_2026_05_21.txt.gz,Caltrans PeMS/01_DOWNLOADED_ORIGINAL/2026_05/d07_text_station_5min_2026_05_21.txt.gz,d07_text_station_5min_2026_05_21.txt.gz,.gz,19232576,18.341614,2026-09-22T12:14:58,20f9efbcbfeabfaa468b7ce3374a342170458c06a0ef7cae46ce7398446c6d15,01_raw_data,False,False,,
<SOURCE_ROOT>/Caltrans PeMS/01_DOWNLOADED_ORIGINAL/2026_05/d07_text_station_5min_2026_05_22.txt.gz,Caltrans PeMS/01_DOWNLOADED_ORIGINAL/2026_05/d07_text_station_5min_2026_05_22.txt.gz,d07_text_station_5min_2026_05_22.txt.gz,.gz,19025067,18.143718,2026-09-22T12:15:03,1f45b77f6b3e6ea2709ab1b1c302465d2fa8f2954978dfe74a4cabe27f9f8832,01_raw_data,False,False,,
<SOURCE_ROOT>/Caltrans PeMS/01_DOWNLOADED_ORIGINAL/2026_05/d07_text_station_5min_2026_05_23.txt.gz,Caltrans PeMS/01_DOWNLOADED_ORIGINAL/2026_05/d07_text_station_5min_2026_05_23.txt.gz,d07_text_station_5min_2026_05_23.txt.gz,.gz,18870115,17.995944,2026-09-22T12:15:05,175e06a871f5dbada187615f2d8e30746f239e73588cac173ef81a81a58b2fc7,01_raw_data,False,False,,
<SOURCE_ROOT>/Caltrans PeMS/01_DOWNLOADED_ORIGINAL/2026_05/d07_text_station_5min_2026_05_24.txt.gz,Caltrans PeMS/01_DOWNLOADED_ORIGINAL/2026_05/d07_text_station_5min_2026_05_24.txt.gz,d07_text_station_5min_2026_05_24.txt.gz,.gz,18633342,17.77014,2026-09-22T12:15:06,b6b16d2ca06139138e360d93666beabe959db6884738ea8113d2f9461bfe755a,01_raw_data,False,False,,
<SOURCE_ROOT>/Caltrans PeMS/01_DOWNLOADED_ORIGINAL/2026_05/d07_text_station_5min_2026_05_25.txt.gz,Caltrans PeMS/01_DOWNLOADED_ORIGINAL/2026_05/d07_text_station_5min_2026_05_25.txt.gz,d07_text_station_5min_2026_05_25.txt.gz,.gz,18681171,17.815753,2026-09-22T12:15:05,d6ba64a28713407122fb6dd3b0ff5f7bff1a1feec7180e398ad11667cc458406,01_raw_data,False,False,,
<SOURCE_ROOT>/Caltrans PeMS/01_DOWNLOADED_ORIGINAL/2026_05/d07_text_station_5min_2026_05_26.txt.gz,Caltrans PeMS/01_DOWNLOADED_ORIGINAL/2026_05/d07_text_station_5min_2026_05_26.txt.gz,d07_text_station_5min_2026_05_26.txt.gz,.gz,16147421,15.399381,2026-09-22T12:15:08,45bae164f648139c515e8d3bc0061154fb43093ce81716033c02cce060bbfb26,01_raw_data,False,False,,
<SOURCE_ROOT>/Caltrans PeMS/01_DOWNLOADED_ORIGINAL/2026_05/d07_text_station_5min_2026_05_27.txt.gz,Caltrans PeMS/01_DOWNLOADED_ORIGINAL/2026_05/d07_text_station_5min_2026_05_27.txt.gz,d07_text_station_5min_2026_05_27.txt.gz,.gz,14574456,13.899284,2026-09-22T12:15:06,6e36cab414748e1193e42dffa3ca2e9fa88dd66015c6341484c8301b1e128ede,01_raw_data,False,False,,
<SOURCE_ROOT>/Caltrans PeMS/01_DOWNLOADED_ORIGINAL/2026_05/d07_text_station_5min_2026_05_28.txt.gz,Caltrans PeMS/01_DOWNLOADED_ORIGINAL/2026_05/d07_text_station_5min_2026_05_28.txt.gz,d07_text_station_5min_2026_05_28.txt.gz,.gz,16581120,15.812988,2026-09-22T12:15:08,28f3a1bcf66ce3cd0c10d172f28e620232bd8ff6d8ad768dd7fe5b83aa5a8149,01_raw_data,False,False,,
<SOURCE_ROOT>/Caltrans PeMS/01_DOWNLOADED_ORIGINAL/2026_05/d07_text_station_5min_2026_05_29.txt.gz,Caltrans PeMS/01_DOWNLOADED_ORIGINAL/2026_05/d07_text_station_5min_2026_05_29.txt.gz,d07_text_station_5min_2026_05_29.txt.gz,.gz,18676792,17.811577,2026-09-22T12:15:09,1f76eca633d9b190f7b9a15896372ef59d910a57ab612676af120f21f21b037f,01_raw_data,False,False,,
<SOURCE_ROOT>/Caltrans PeMS/01_DOWNLOADED_ORIGINAL/2026_05/d07_text_station_5min_2026_05_30.txt.gz,Caltrans PeMS/01_DOWNLOADED_ORIGINAL/2026_05/d07_text_station_5min_2026_05_30.txt.gz,d07_text_station_5min_2026_05_30.txt.gz,.gz,18767713,17.898286,2026-09-22T12:15:09,8498e699fbf7c469baf150cbde1362cd3fd419bba0ab1bf37bbf1c06340c1df3,01_raw_data,False,False,,
<SOURCE_ROOT>/Caltrans PeMS/01_DOWNLOADED_ORIGINAL/2026_05/d07_text_station_5min_2026_05_31.txt.gz,Caltrans PeMS/01_DOWNLOADED_ORIGINAL/2026_05/d07_text_station_5min_2026_05_31.txt.gz,d07_text_station_5min_2026_05_31.txt.gz,.gz,18498318,17.641371,2026-09-22T12:15:11,9a78e8fc532d6582a4e614db569fcd902dad587fe0b0d0443374e271d04be11d,01_raw_data,False,False,,
<SOURCE_ROOT>/Caltrans PeMS/01_DOWNLOADED_ORIGINAL/2026_06/d07_text_station_5min_2026_06_01.txt.gz,Caltrans PeMS/01_DOWNLOADED_ORIGINAL/2026_06/d07_text_station_5min_2026_06_01.txt.gz,d07_text_station_5min_2026_06_01.txt.gz,.gz,18750588,17.881954,2026-09-22T12:15:40,020ad33f6d635d14629208cd507b7be8a6f7fa82954efeeaa77217532f1c2cbf,01_raw_data,False,False,,
<SOURCE_ROOT>/Caltrans PeMS/01_DOWNLOADED_ORIGINAL/2026_06/d07_text_station_5min_2026_06_02.txt.gz,Caltrans PeMS/01_DOWNLOADED_ORIGINAL/2026_06/d07_text_station_5min_2026_06_02.txt.gz,d07_text_station_5min_2026_06_02.txt.gz,.gz,18726280,17.858772,2026-09-22T12:15:41,7660f8815e1288aeb157d4a5d0a5a82a21965f52fa0e1b11fae7fa6f0307f253,01_raw_data,False,False,,
<SOURCE_ROOT>/Caltrans PeMS/01_DOWNLOADED_ORIGINAL/2026_06/d07_text_station_5min_2026_06_03.txt.gz,Caltrans PeMS/01_DOWNLOADED_ORIGINAL/2026_06/d07_text_station_5min_2026_06_03.txt.gz,d07_text_station_5min_2026_06_03.txt.gz,.gz,18758025,17.889047,2026-09-22T12:15:42,432f45da976877a49e0c62eeee4c189c7b79d3ef6bfff45ec28835a2cc5b8a01,01_raw_data,False,False,,
<SOURCE_ROOT>/Caltrans PeMS/01_DOWNLOADED_ORIGINAL/2026_06/d07_text_station_5min_2026_06_04.txt.gz,Caltrans PeMS/01_DOWNLOADED_ORIGINAL/2026_06/d07_text_station_5min_2026_06_04.txt.gz,d07_text_station_5min_2026_06_04.txt.gz,.gz,18792961,17.922364,2026-09-22T12:15:43,b1772810b9dddd4fb946be020ec4404783f542bf4cbdfd166b5f300389ead144,01_raw_data,False,False,,
<SOURCE_ROOT>/Caltrans PeMS/01_DOWNLOADED_ORIGINAL/2026_06/d07_text_station_5min_2026_06_05.txt.gz,Caltrans PeMS/01_DOWNLOADED_ORIGINAL/2026_06/d07_text_station_5min_2026_06_05.txt.gz,d07_text_station_5min_2026_06_05.txt.gz,.gz,18745790,17.877378,2026-09-22T12:15:42,d4d600c6736f017dc2a189d894f5235f95fb3aadfe8ee57f56ce91b3105e777f,01_raw_data,False,False,,
<SOURCE_ROOT>/Caltrans PeMS/01_DOWNLOADED_ORIGINAL/2026_06/d07_text_station_5min_2026_06_06.txt.gz,Caltrans PeMS/01_DOWNLOADED_ORIGINAL/2026_06/d07_text_station_5min_2026_06_06.txt.gz,d07_text_station_5min_2026_06_06.txt.gz,.gz,18473973,17.618154,2026-09-22T12:15:43,4273f394673b6dd7ecf14c76ca27883a42185da7619419d1a6fc69a1b9e2e815,01_raw_data,False,False,,
<SOURCE_ROOT>/Caltrans PeMS/01_DOWNLOADED_ORIGINAL/2026_06/d07_text_station_5min_2026_06_07.txt.gz,Caltrans PeMS/01_DOWNLOADED_ORIGINAL/2026_06/d07_text_station_5min_2026_06_07.txt.gz,d07_text_station_5min_2026_06_07.txt.gz,.gz,18431927,17.578055,2026-09-22T12:15:44,0b47ecf3ffd2f614d25c3795736c6c806d54ec1d66cde4e20f91b737a1f593fd,01_raw_data,False,False,,
<SOURCE_ROOT>/Caltrans PeMS/01_DOWNLOADED_ORIGINAL/2026_06/d07_text_station_5min_2026_06_08.txt.gz,Caltrans PeMS/01_DOWNLOADED_ORIGINAL/2026_06/d07_text_station_5min_2026_06_08.txt.gz,d07_text_station_5min_2026_06_08.txt.gz,.gz,18718163,17.851031,2026-09-22T12:15:45,a1244243b9fca13acb5c1f8d34ca0eadbe5edc72235b97c05b774286e6c6d056,01_raw_data,False,False,,
<SOURCE_ROOT>/Caltrans PeMS/01_DOWNLOADED_ORIGINAL/2026_06/d07_text_station_5min_2026_06_09.txt.gz,Caltrans PeMS/01_DOWNLOADED_ORIGINAL/2026_06/d07_text_station_5min_2026_06_09.txt.gz,d07_text_station_5min_2026_06_09.txt.gz,.gz,18696943,17.830794,2026-09-22T12:15:46,5362ca13ff517c58b6dc23efdd6ce5c886e893639b9b25e55a022d8b4e9db039,01_raw_data,False,False,,
<SOURCE_ROOT>/Caltrans PeMS/01_DOWNLOADED_ORIGINAL/2026_06/d07_text_station_5min_2026_06_10.txt.gz,Caltrans PeMS/01_DOWNLOADED_ORIGINAL/2026_06/d07_text_station_5min_2026_06_10.txt.gz,d07_text_station_5min_2026_06_10.txt.gz,.gz,18702512,17.836105,2026-09-22T12:15:47,b8b73900b08f1fdfd88f73b72f4b1d17746809fbb2f75e8c10f6c8f66d07e3a0,01_raw_data,False,False,,
<SOURCE_ROOT>/Caltrans PeMS/01_DOWNLOADED_ORIGINAL/2026_06/d07_text_station_5min_2026_06_11.txt.gz,Caltrans PeMS/01_DOWNLOADED_ORIGINAL/2026_06/d07_text_station_5min_2026_06_11.txt.gz,d07_text_station_5min_2026_06_11.txt.gz,.gz,18748985,17.880425,2026-09-22T12:15:48,ec1aceb90f9c813941ff8ae5a700de89d548c6e00ee9852bd6b4535dc43bf5c1,01_raw_data,False,False,,
<SOURCE_ROOT>/Caltrans PeMS/01_DOWNLOADED_ORIGINAL/2026_06/d07_text_station_5min_2026_06_12.txt.gz,Caltrans PeMS/01_DOWNLOADED_ORIGINAL/2026_06/d07_text_station_5min_2026_06_12.txt.gz,d07_text_station_5min_2026_06_12.txt.gz,.gz,18798716,17.927853,2026-09-22T12:15:50,86f560c641e3c2cc9565359047fe050f10d8fcad8f59c70e5f97b9bf5d58162b,01_raw_data,False,False,,
<SOURCE_ROOT>/Caltrans PeMS/01_DOWNLOADED_ORIGINAL/2026_06/d07_text_station_5min_2026_06_13.txt.gz,Caltrans PeMS/01_DOWNLOADED_ORIGINAL/2026_06/d07_text_station_5min_2026_06_13.txt.gz,d07_text_station_5min_2026_06_13.txt.gz,.gz,18668305,17.803483,2026-09-22T12:15:55,15031a80ee8e9839d72cad0acd72fd1e94074aaaaa7d4d8ec5a42ce08019aec6,01_raw_data,False,False,,
<SOURCE_ROOT>/Caltrans PeMS/01_DOWNLOADED_ORIGINAL/2026_06/d07_text_station_5min_2026_06_14.txt.gz,Caltrans PeMS/01_DOWNLOADED_ORIGINAL/2026_06/d07_text_station_5min_2026_06_14.txt.gz,d07_text_station_5min_2026_06_14.txt.gz,.gz,18390090,17.538157,2026-09-22T12:15:55,5615891771b2a4b4391080936671eba64ef078d86f5e77438e5d1e2be67ddede,01_raw_data,False,False,,
<SOURCE_ROOT>/Caltrans PeMS/01_DOWNLOADED_ORIGINAL/2026_06/d07_text_station_5min_2026_06_15.txt.gz,Caltrans PeMS/01_DOWNLOADED_ORIGINAL/2026_06/d07_text_station_5min_2026_06_15.txt.gz,d07_text_station_5min_2026_06_15.txt.gz,.gz,18776125,17.906308,2026-09-22T12:15:56,280d78e2462da4b2e54de18d0efa0b4491f4966cc1c87b3b8c657bb2acad7115,01_raw_data,False,False,,
<SOURCE_ROOT>/Caltrans PeMS/01_DOWNLOADED_ORIGINAL/2026_06/d07_text_station_5min_2026_06_16.txt.gz,Caltrans PeMS/01_DOWNLOADED_ORIGINAL/2026_06/d07_text_station_5min_2026_06_16.txt.gz,d07_text_station_5min_2026_06_16.txt.gz,.gz,18736212,17.868244,2026-09-22T12:15:57,26326bf3d11c6fbf319b3a3f30e27091b666e6141e55d54224f1cbcf748b91c0,01_raw_data,False,False,,
<SOURCE_ROOT>/Caltrans PeMS/01_DOWNLOADED_ORIGINAL/2026_06/d07_text_station_5min_2026_06_17.txt.gz,Caltrans PeMS/01_DOWNLOADED_ORIGINAL/2026_06/d07_text_station_5min_2026_06_17.txt.gz,d07_text_station_5min_2026_06_17.txt.gz,.gz,18814510,17.942915,2026-09-22T12:15:59,c21b0cf6336b87929da1f80f3ea001f0be721e7c44db29991a872dc801be2e2f,01_raw_data,False,False,,
<SOURCE_ROOT>/Caltrans PeMS/01_DOWNLOADED_ORIGINAL/2026_06/d07_text_station_5min_2026_06_18.txt.gz,Caltrans PeMS/01_DOWNLOADED_ORIGINAL/2026_06/d07_text_station_5min_2026_06_18.txt.gz,d07_text_station_5min_2026_06_18.txt.gz,.gz,18794938,17.92425,2026-09-22T12:15:58,f9b4c56c51f1924ccbfed2762e945d59e5fb6940f16453fac88cb554b0d521d1,01_raw_data,False,False,,
<SOURCE_ROOT>/Caltrans PeMS/01_DOWNLOADED_ORIGINAL/2026_06/d07_text_station_5min_2026_06_19.txt.gz,Caltrans PeMS/01_DOWNLOADED_ORIGINAL/2026_06/d07_text_station_5min_2026_06_19.txt.gz,d07_text_station_5min_2026_06_19.txt.gz,.gz,18589161,17.728005,2026-09-22T12:15:59,dd69296f1a33203b9095d6efe6298f7ba519939118667a660f8c6797aee6e468,01_raw_data,False,False,,
<SOURCE_ROOT>/Caltrans PeMS/01_DOWNLOADED_ORIGINAL/2026_06/d07_text_station_5min_2026_06_20.txt.gz,Caltrans PeMS/01_DOWNLOADED_ORIGINAL/2026_06/d07_text_station_5min_2026_06_20.txt.gz,d07_text_station_5min_2026_06_20.txt.gz,.gz,18387802,17.535975,2026-09-22T12:16:00,ae1f84f02ecc70b076e4142111f8c509bce2d51d05f936782539a04ca0d6375d,01_raw_data,False,False,,
<SOURCE_ROOT>/Caltrans PeMS/01_DOWNLOADED_ORIGINAL/2026_06/d07_text_station_5min_2026_06_21.txt.gz,Caltrans PeMS/01_DOWNLOADED_ORIGINAL/2026_06/d07_text_station_5min_2026_06_21.txt.gz,d07_text_station_5min_2026_06_21.txt.gz,.gz,18216242,17.372362,2026-09-22T12:16:01,2074f17c7814fba93a92774c53c648ec40ec20424da6c9507684bcb6b4eb0710,01_raw_data,False,False,,
<SOURCE_ROOT>/Caltrans PeMS/01_DOWNLOADED_ORIGINAL/2026_06/d07_text_station_5min_2026_06_22.txt.gz,Caltrans PeMS/01_DOWNLOADED_ORIGINAL/2026_06/d07_text_station_5min_2026_06_22.txt.gz,d07_text_station_5min_2026_06_22.txt.gz,.gz,18435395,17.581363,2026-09-22T12:16:02,6c56ef6b6afd3f4813208b92aad4262e4e342e3e3019bf3876b33e834fb9bd62,01_raw_data,False,False,,
<SOURCE_ROOT>/Caltrans PeMS/01_DOWNLOADED_ORIGINAL/2026_06/d07_text_station_5min_2026_06_23.txt.gz,Caltrans PeMS/01_DOWNLOADED_ORIGINAL/2026_06/d07_text_station_5min_2026_06_23.txt.gz,d07_text_station_5min_2026_06_23.txt.gz,.gz,18380646,17.52915,2026-09-22T12:16:10,5f5246349ca2e1db1d50c677f38dcdd3325e9a399e72e4b2fb0aa6c5829acf8e,01_raw_data,False,False,,
<SOURCE_ROOT>/Caltrans PeMS/01_DOWNLOADED_ORIGINAL/2026_06/d07_text_station_5min_2026_06_24.txt.gz,Caltrans PeMS/01_DOWNLOADED_ORIGINAL/2026_06/d07_text_station_5min_2026_06_24.txt.gz,d07_text_station_5min_2026_06_24.txt.gz,.gz,18330347,17.481181,2026-09-22T12:16:11,953047023f7bdd27c43f17b11cd217dba101e8d01fb895728a6781df60e661de,01_raw_data,False,False,,
<SOURCE_ROOT>/Caltrans PeMS/01_DOWNLOADED_ORIGINAL/2026_06/d07_text_station_5min_2026_06_25.txt.gz,Caltrans PeMS/01_DOWNLOADED_ORIGINAL/2026_06/d07_text_station_5min_2026_06_25.txt.gz,d07_text_station_5min_2026_06_25.txt.gz,.gz,18370895,17.519851,2026-09-22T12:16:12,ecb33af5152810ff6fd5472670d3ed145e4bc6251b0777d53961648c3d3eeefb,01_raw_data,False,False,,
<SOURCE_ROOT>/Caltrans PeMS/01_DOWNLOADED_ORIGINAL/2026_06/d07_text_station_5min_2026_06_26.txt.gz,Caltrans PeMS/01_DOWNLOADED_ORIGINAL/2026_06/d07_text_station_5min_2026_06_26.txt.gz,d07_text_station_5min_2026_06_26.txt.gz,.gz,18313934,17.465528,2026-09-22T12:16:13,2fc497e2bf3e7e6a10d4f7d7d6e93592bb631b0455711ccbfd32873927112270,01_raw_data,False,False,,
<SOURCE_ROOT>/Caltrans PeMS/01_DOWNLOADED_ORIGINAL/2026_06/d07_text_station_5min_2026_06_27.txt.gz,Caltrans PeMS/01_DOWNLOADED_ORIGINAL/2026_06/d07_text_station_5min_2026_06_27.txt.gz,d07_text_station_5min_2026_06_27.txt.gz,.gz,18236088,17.391289,2026-09-22T12:16:12,5ccf9fd551d0314c2524e09cac1d40e28d6850f32c350345d2c6b1967c9c5504,01_raw_data,False,False,,
<SOURCE_ROOT>/Caltrans PeMS/01_DOWNLOADED_ORIGINAL/2026_06/d07_text_station_5min_2026_06_28.txt.gz,Caltrans PeMS/01_DOWNLOADED_ORIGINAL/2026_06/d07_text_station_5min_2026_06_28.txt.gz,d07_text_station_5min_2026_06_28.txt.gz,.gz,18071637,17.234456,2026-09-22T12:16:13,d6fc9d5e9747cf22a8baf2db743ab67db614645d587bd0359ca0b5be417b2732,01_raw_data,False,False,,
<SOURCE_ROOT>/Caltrans PeMS/01_DOWNLOADED_ORIGINAL/2026_06/d07_text_station_5min_2026_06_29.txt.gz,Caltrans PeMS/01_DOWNLOADED_ORIGINAL/2026_06/d07_text_station_5min_2026_06_29.txt.gz,d07_text_station_5min_2026_06_29.txt.gz,.gz,18282155,17.435222,2026-09-22T12:16:14,08c4a08bb0c5961b1f45c2f296dd0981be422cf4ed7095d943dc2e69e51e48cb,01_raw_data,False,False,,
<SOURCE_ROOT>/Caltrans PeMS/01_DOWNLOADED_ORIGINAL/2026_06/d07_text_station_5min_2026_06_30.txt.gz,Caltrans PeMS/01_DOWNLOADED_ORIGINAL/2026_06/d07_text_station_5min_2026_06_30.txt.gz,d07_text_station_5min_2026_06_30.txt.gz,.gz,18299274,17.451548,2026-09-22T13:05:23,89d0fc86e92069016c9bbc47d0371de3bcf38b00feadd4c2b8bb360cfe60fd2b,01_raw_data,False,False,,
<SOURCE_ROOT>/Caltrans PeMS/01_DOWNLOADED_ORIGINAL/2026_07/d07_text_station_5min_2026_07_01.txt.gz,Caltrans PeMS/01_DOWNLOADED_ORIGINAL/2026_07/d07_text_station_5min_2026_07_01.txt.gz,d07_text_station_5min_2026_07_01.txt.gz,.gz,18507387,17.65002,2026-09-22T12:16:47,1559f2768745a6c9b7eb126ea88ad6821a48c7fdb76d0b617520db2c3d681764,01_raw_data,False,False,,
<SOURCE_ROOT>/Caltrans PeMS/01_DOWNLOADED_ORIGINAL/2026_07/d07_text_station_5min_2026_07_02.txt.gz,Caltrans PeMS/01_DOWNLOADED_ORIGINAL/2026_07/d07_text_station_5min_2026_07_02.txt.gz,d07_text_station_5min_2026_07_02.txt.gz,.gz,18505741,17.64845,2026-09-22T12:16:48,37687fc12896b4d0b56d708d7a8ab958ad0c23416ab185ce2c759fa7ae51f103,01_raw_data,False,False,,
<SOURCE_ROOT>/Caltrans PeMS/01_DOWNLOADED_ORIGINAL/2026_07/d07_text_station_5min_2026_07_03.txt.gz,Caltrans PeMS/01_DOWNLOADED_ORIGINAL/2026_07/d07_text_station_5min_2026_07_03.txt.gz,d07_text_station_5min_2026_07_03.txt.gz,.gz,18328079,17.479018,2026-09-22T12:16:50,8849612c9c989e395b1cc43ed25f3dc6871b05d545becbe902da3dc30fbab6dc,01_raw_data,False,False,,
<SOURCE_ROOT>/Caltrans PeMS/01_DOWNLOADED_ORIGINAL/2026_07/d07_text_station_5min_2026_07_04.txt.gz,Caltrans PeMS/01_DOWNLOADED_ORIGINAL/2026_07/d07_text_station_5min_2026_07_04.txt.gz,d07_text_station_5min_2026_07_04.txt.gz,.gz,18338060,17.488537,2026-09-22T12:16:51,78bb67b5eaf5e5a4d354ab00a80fe89be9cce6e6624eccc1da6f5fc176dbfcae,01_raw_data,False,False,,
<SOURCE_ROOT>/Caltrans PeMS/01_DOWNLOADED_ORIGINAL/2026_07/d07_text_station_5min_2026_07_05.txt.gz,Caltrans PeMS/01_DOWNLOADED_ORIGINAL/2026_07/d07_text_station_5min_2026_07_05.txt.gz,d07_text_station_5min_2026_07_05.txt.gz,.gz,18228518,17.384069,2026-09-22T12:16:52,0311f16d9fa917ca09d7dc83ec1019acf740bc6e971525aea52061a51142ca81,01_raw_data,False,False,,
<SOURCE_ROOT>/Caltrans PeMS/01_DOWNLOADED_ORIGINAL/2026_07/d07_text_station_5min_2026_07_06.txt.gz,Caltrans PeMS/01_DOWNLOADED_ORIGINAL/2026_07/d07_text_station_5min_2026_07_06.txt.gz,d07_text_station_5min_2026_07_06.txt.gz,.gz,18404437,17.551839,2026-09-22T12:16:54,98a8990b3523ed122a164ebccc6f2822cfde48538fdad29503b15a6a826d8528,01_raw_data,False,False,,
<SOURCE_ROOT>/Caltrans PeMS/01_DOWNLOADED_ORIGINAL/2026_07/d07_text_station_5min_2026_07_07.txt.gz,Caltrans PeMS/01_DOWNLOADED_ORIGINAL/2026_07/d07_text_station_5min_2026_07_07.txt.gz,d07_text_station_5min_2026_07_07.txt.gz,.gz,18454650,17.599726,2026-09-22T12:16:54,231598e36fb921eb17b0ad9128f6f3a2e8f1818afd899576607c5f4c5c6f8e0b,01_raw_data,False,False,,
<SOURCE_ROOT>/Caltrans PeMS/01_DOWNLOADED_ORIGINAL/2026_07/d07_text_station_5min_2026_07_08.txt.gz,Caltrans PeMS/01_DOWNLOADED_ORIGINAL/2026_07/d07_text_station_5min_2026_07_08.txt.gz,d07_text_station_5min_2026_07_08.txt.gz,.gz,18506857,17.649514,2026-09-22T12:16:57,2a1a87c0341a6d7e5099fb810d6a027d295d45e67c9d0f251932f9272756a389,01_raw_data,False,False,,
<SOURCE_ROOT>/Caltrans PeMS/01_DOWNLOADED_ORIGINAL/2026_07/d07_text_station_5min_2026_07_09.txt.gz,Caltrans PeMS/01_DOWNLOADED_ORIGINAL/2026_07/d07_text_station_5min_2026_07_09.txt.gz,d07_text_station_5min_2026_07_09.txt.gz,.gz,18638441,17.775002,2026-09-22T12:16:56,498a5eb9c6b044d51c534474025004042db4f807bcc29efae17c56c617b3b187,01_raw_data,False,False,,
<SOURCE_ROOT>/Caltrans PeMS/01_DOWNLOADED_ORIGINAL/2026_07/d07_text_station_5min_2026_07_10.txt.gz,Caltrans PeMS/01_DOWNLOADED_ORIGINAL/2026_07/d07_text_station_5min_2026_07_10.txt.gz,d07_text_station_5min_2026_07_10.txt.gz,.gz,18692369,17.826432,2026-09-22T12:16:58,8df858c2a94afdfd0208979031ef7d4948188fb2ebece3034f72ac300ec6ea71,01_raw_data,False,False,,
<SOURCE_ROOT>/Caltrans PeMS/01_DOWNLOADED_ORIGINAL/2026_07/d07_text_station_5min_2026_07_11.txt.gz,Caltrans PeMS/01_DOWNLOADED_ORIGINAL/2026_07/d07_text_station_5min_2026_07_11.txt.gz,d07_text_station_5min_2026_07_11.txt.gz,.gz,18518085,17.660222,2026-09-22T12:16:58,5b4b5263310ef73cb6d6dc725f03df8772d0ef8eff81ddedf1930e106466b992,01_raw_data,False,False,,
<SOURCE_ROOT>/Caltrans PeMS/01_DOWNLOADED_ORIGINAL/2026_07/d07_text_station_5min_2026_07_12.txt.gz,Caltrans PeMS/01_DOWNLOADED_ORIGINAL/2026_07/d07_text_station_5min_2026_07_12.txt.gz,d07_text_station_5min_2026_07_12.txt.gz,.gz,18263667,17.41759,2026-09-22T12:16:59,fec2021a6813b22bece624bc9f0047595d24c04d1ef3b70ecd55dfe26c941a8a,01_raw_data,False,False,,
<SOURCE_ROOT>/Caltrans PeMS/01_DOWNLOADED_ORIGINAL/2026_07/d07_text_station_5min_2026_07_13.txt.gz,Caltrans PeMS/01_DOWNLOADED_ORIGINAL/2026_07/d07_text_station_5min_2026_07_13.txt.gz,d07_text_station_5min_2026_07_13.txt.gz,.gz,18554657,17.6951,2026-09-22T12:17:00,62a1366146053f0031df628eb6dd78b301f2396b31cf6a8f80d2144f73969f75,01_raw_data,False,False,,
<SOURCE_ROOT>/Caltrans PeMS/01_DOWNLOADED_ORIGINAL/2026_07/d07_text_station_5min_2026_07_14.txt.gz,Caltrans PeMS/01_DOWNLOADED_ORIGINAL/2026_07/d07_text_station_5min_2026_07_14.txt.gz,d07_text_station_5min_2026_07_14.txt.gz,.gz,18509257,17.651803,2026-09-22T12:17:02,283b1fdf0f7a7dd15bbaf503a9c171c5185b01ed4f4df917b4233f8b6aa3d70e,01_raw_data,False,False,,
<SOURCE_ROOT>/Caltrans PeMS/01_DOWNLOADED_ORIGINAL/2026_07/d07_text_station_5min_2026_07_15.txt.gz,Caltrans PeMS/01_DOWNLOADED_ORIGINAL/2026_07/d07_text_station_5min_2026_07_15.txt.gz,d07_text_station_5min_2026_07_15.txt.gz,.gz,18672463,17.807448,2026-09-22T12:17:02,171f2081b2e91c2c6157a191807c49ec6cd894e517210ced24e9a570f482dd65,01_raw_data,False,False,,
<SOURCE_ROOT>/Caltrans PeMS/01_DOWNLOADED_ORIGINAL/2026_07/d07_text_station_5min_2026_07_16.txt.gz,Caltrans PeMS/01_DOWNLOADED_ORIGINAL/2026_07/d07_text_station_5min_2026_07_16.txt.gz,d07_text_station_5min_2026_07_16.txt.gz,.gz,18349210,17.49917,2026-09-22T12:17:04,cee9618f5d203963ede63eec189af598f967ee23132f3c5fd4716f02f0b77bf8,01_raw_data,False,False,,
<SOURCE_ROOT>/Caltrans PeMS/01_DOWNLOADED_ORIGINAL/2026_07/d07_text_station_5min_2026_07_17.txt.gz,Caltrans PeMS/01_DOWNLOADED_ORIGINAL/2026_07/d07_text_station_5min_2026_07_17.txt.gz,d07_text_station_5min_2026_07_17.txt.gz,.gz,18381512,17.529976,2026-09-22T12:17:04,fdc07a4c02ce9740294f57a2a0c19c5ea03a7507732f2cefdbdc54d7035169c1,01_raw_data,False,False,,
<SOURCE_ROOT>/Caltrans PeMS/01_DOWNLOADED_ORIGINAL/2026_07/d07_text_station_5min_2026_07_18.txt.gz,Caltrans PeMS/01_DOWNLOADED_ORIGINAL/2026_07/d07_text_station_5min_2026_07_18.txt.gz,d07_text_station_5min_2026_07_18.txt.gz,.gz,18508428,17.651012,2026-09-22T12:17:05,a62b948975a7589ad53d6662b2d87376015171f2203ab3ce85fe4349d2387a40,01_raw_data,False,False,,
<SOURCE_ROOT>/Caltrans PeMS/01_DOWNLOADED_ORIGINAL/2026_07/d07_text_station_5min_2026_07_19.txt.gz,Caltrans PeMS/01_DOWNLOADED_ORIGINAL/2026_07/d07_text_station_5min_2026_07_19.txt.gz,d07_text_station_5min_2026_07_19.txt.gz,.gz,18303467,17.455546,2026-09-22T12:17:10,1d0fb84a868b6980060d31c46a3b6b8f8f08a49b170e6ae31399db7215d6c355,01_raw_data,False,False,,
<SOURCE_ROOT>/Caltrans PeMS/01_DOWNLOADED_ORIGINAL/2026_07/d07_text_station_5min_2026_07_20.txt.gz,Caltrans PeMS/01_DOWNLOADED_ORIGINAL/2026_07/d07_text_station_5min_2026_07_20.txt.gz,d07_text_station_5min_2026_07_20.txt.gz,.gz,18563811,17.70383,2026-09-22T12:17:12,f927c4788772ca80b17a3601633eb9a6f66045e939597283eec2d193c7787d10,01_raw_data,False,False,,
<SOURCE_ROOT>/Caltrans PeMS/01_DOWNLOADED_ORIGINAL/2026_07/d07_text_station_5min_2026_07_21.txt.gz,Caltrans PeMS/01_DOWNLOADED_ORIGINAL/2026_07/d07_text_station_5min_2026_07_21.txt.gz,d07_text_station_5min_2026_07_21.txt.gz,.gz,18625043,17.762225,2026-09-22T12:17:12,af841880e5bf6ab489dd42baf69b2d25abd717fd126a24e86fffbbabd56808f1,01_raw_data,False,False,,
<SOURCE_ROOT>/Caltrans PeMS/01_DOWNLOADED_ORIGINAL/2026_07/d07_text_station_5min_2026_07_22.txt.gz,Caltrans PeMS/01_DOWNLOADED_ORIGINAL/2026_07/d07_text_station_5min_2026_07_22.txt.gz,d07_text_station_5min_2026_07_22.txt.gz,.gz,18718515,17.851367,2026-09-22T12:17:13,82bd886aa048b716d58c2c13791f97a6954093eadc4f219cf4c6345f3794b167,01_raw_data,False,False,,
<SOURCE_ROOT>/Caltrans PeMS/01_DOWNLOADED_ORIGINAL/2026_07/d07_text_station_5min_2026_07_23.txt.gz,Caltrans PeMS/01_DOWNLOADED_ORIGINAL/2026_07/d07_text_station_5min_2026_07_23.txt.gz,d07_text_station_5min_2026_07_23.txt.gz,.gz,18759982,17.890913,2026-09-22T13:05:30,ecab8739e8951b38ec0669af285b4abc8f36ef25928fe3edcab150c6e32f820b,01_raw_data,False,False,,
<SOURCE_ROOT>/Caltrans PeMS/01_DOWNLOADED_ORIGINAL/2026_07/d07_text_station_5min_2026_07_24.txt.gz,Caltrans PeMS/01_DOWNLOADED_ORIGINAL/2026_07/d07_text_station_5min_2026_07_24.txt.gz,d07_text_station_5min_2026_07_24.txt.gz,.gz,18787667,17.917315,2026-09-22T13:05:32,e5795c6f07c7124251636eedf5b898043a6092f029923593bd0b14d1e963b1f7,01_raw_data,False,False,,
<SOURCE_ROOT>/Caltrans PeMS/01_DOWNLOADED_ORIGINAL/2026_07/d07_text_station_5min_2026_07_25.txt.gz,Caltrans PeMS/01_DOWNLOADED_ORIGINAL/2026_07/d07_text_station_5min_2026_07_25.txt.gz,d07_text_station_5min_2026_07_25.txt.gz,.gz,18959094,18.080801,2026-09-22T12:17:14,4390bbd020e27e0fb92931d33244b4c2adf0602f0738768ec7336d78af28fcaf,01_raw_data,False,False,,
<SOURCE_ROOT>/Caltrans PeMS/01_DOWNLOADED_ORIGINAL/2026_07/d07_text_station_5min_2026_07_26.txt.gz,Caltrans PeMS/01_DOWNLOADED_ORIGINAL/2026_07/d07_text_station_5min_2026_07_26.txt.gz,d07_text_station_5min_2026_07_26.txt.gz,.gz,18714047,17.847106,2026-09-22T12:17:18,ab08265b0926cf04bd48c88302f77ac1449b093e3e6d5198bffd9de8f4320e04,01_raw_data,False,False,,
<SOURCE_ROOT>/Caltrans PeMS/01_DOWNLOADED_ORIGINAL/2026_07/d07_text_station_5min_2026_07_27.txt.gz,Caltrans PeMS/01_DOWNLOADED_ORIGINAL/2026_07/d07_text_station_5min_2026_07_27.txt.gz,d07_text_station_5min_2026_07_27.txt.gz,.gz,19010963,18.130267,2026-09-22T12:17:22,ec93cc84da0f3823342625aa87b5d18b22e045778ee196b2b936b13b98489e8f,01_raw_data,False,False,,
<SOURCE_ROOT>/Caltrans PeMS/01_DOWNLOADED_ORIGINAL/2026_07/d07_text_station_5min_2026_07_28.txt.gz,Caltrans PeMS/01_DOWNLOADED_ORIGINAL/2026_07/d07_text_station_5min_2026_07_28.txt.gz,d07_text_station_5min_2026_07_28.txt.gz,.gz,19071203,18.187716,2026-09-22T12:17:26,e099bd1c29e61cab55e8fa9197e865c54c07a91b8b4227615eb176598eee9540,01_raw_data,False,False,,
<SOURCE_ROOT>/Caltrans PeMS/01_DOWNLOADED_ORIGINAL/2026_07/d07_text_station_5min_2026_07_29.txt.gz,Caltrans PeMS/01_DOWNLOADED_ORIGINAL/2026_07/d07_text_station_5min_2026_07_29.txt.gz,d07_text_station_5min_2026_07_29.txt.gz,.gz,18792727,17.922141,2026-09-22T12:17:24,e3163ac73eb75591b1a92c524bef980ba6863c60f3d54b354a3eb9e8e9c30b94,01_raw_data,False,False,,
<SOURCE_ROOT>/Caltrans PeMS/01_DOWNLOADED_ORIGINAL/2026_07/d07_text_station_5min_2026_07_30.txt.gz,Caltrans PeMS/01_DOWNLOADED_ORIGINAL/2026_07/d07_text_station_5min_2026_07_30.txt.gz,d07_text_station_5min_2026_07_30.txt.gz,.gz,18747659,17.879161,2026-09-22T12:17:28,b1f81d631cf6e8013b4fd071e48f70315d1205e41e059dbc1d5379c7b8515d8f,01_raw_data,False,False,,
<SOURCE_ROOT>/Caltrans PeMS/01_DOWNLOADED_ORIGINAL/2026_07/d07_text_station_5min_2026_07_31.txt.gz,Caltrans PeMS/01_DOWNLOADED_ORIGINAL/2026_07/d07_text_station_5min_2026_07_31.txt.gz,d07_text_station_5min_2026_07_31.txt.gz,.gz,18781359,17.9113,2026-09-22T12:17:30,1c8ec6742cf35c957799039abfecebb503ae211e5f3f40c90c9fa8944493d7da,01_raw_data,False,False,,
<SOURCE_ROOT>/Caltrans PeMS/01_DOWNLOADED_ORIGINAL/2026_08/d07_text_station_5min_2026_08_01.txt.gz,Caltrans PeMS/01_DOWNLOADED_ORIGINAL/2026_08/d07_text_station_5min_2026_08_01.txt.gz,d07_text_station_5min_2026_08_01.txt.gz,.gz,18750143,17.88153,2026-09-22T12:17:56,8848a4ac9bde01ef618dcb3414825e0bea827fa217bb93a0eacca92eddf54314,01_raw_data,False,False,,
<SOURCE_ROOT>/Caltrans PeMS/01_DOWNLOADED_ORIGINAL/2026_08/d07_text_station_5min_2026_08_02.txt.gz,Caltrans PeMS/01_DOWNLOADED_ORIGINAL/2026_08/d07_text_station_5min_2026_08_02.txt.gz,d07_text_station_5min_2026_08_02.txt.gz,.gz,18552739,17.693271,2026-09-22T12:17:57,5e4c39ae384658a0245a44f6149435a116e2145fa5ed0a433b7a85163572618a,01_raw_data,False,False,,
<SOURCE_ROOT>/Caltrans PeMS/01_DOWNLOADED_ORIGINAL/2026_08/d07_text_station_5min_2026_08_03.txt.gz,Caltrans PeMS/01_DOWNLOADED_ORIGINAL/2026_08/d07_text_station_5min_2026_08_03.txt.gz,d07_text_station_5min_2026_08_03.txt.gz,.gz,18826447,17.954299,2026-09-22T12:17:59,79cf1ec4b265dff1b7342f951fb0b6541bb46fbd252a849ab2e7b84711f1f2a4,01_raw_data,False,False,,
<SOURCE_ROOT>/Caltrans PeMS/01_DOWNLOADED_ORIGINAL/2026_08/d07_text_station_5min_2026_08_04.txt.gz,Caltrans PeMS/01_DOWNLOADED_ORIGINAL/2026_08/d07_text_station_5min_2026_08_04.txt.gz,d07_text_station_5min_2026_08_04.txt.gz,.gz,18757631,17.888671,2026-09-22T12:18:00,711713f3a8ed305390c8cad5c106b32cd3f3326cbb621e0c3712f954657b6d3b,01_raw_data,False,False,,
<SOURCE_ROOT>/Caltrans PeMS/01_DOWNLOADED_ORIGINAL/2026_08/d07_text_station_5min_2026_08_05.txt.gz,Caltrans PeMS/01_DOWNLOADED_ORIGINAL/2026_08/d07_text_station_5min_2026_08_05.txt.gz,d07_text_station_5min_2026_08_05.txt.gz,.gz,18564375,17.704368,2026-09-22T12:17:59,0b3c20164ed5d1692fc186ce5c52d6a2cd4dd993b154aab709cbcaaf40aee11b,01_raw_data,False,False,,
<SOURCE_ROOT>/Caltrans PeMS/01_DOWNLOADED_ORIGINAL/2026_08/d07_text_station_5min_2026_08_06.txt.gz,Caltrans PeMS/01_DOWNLOADED_ORIGINAL/2026_08/d07_text_station_5min_2026_08_06.txt.gz,d07_text_station_5min_2026_08_06.txt.gz,.gz,18642775,17.779136,2026-09-22T12:18:00,ea9dbdc9e0ede1022e8ba6446421d814c808178ab87c367e1f3cb2d74dd3f2bd,01_raw_data,False,False,,
<SOURCE_ROOT>/Caltrans PeMS/01_DOWNLOADED_ORIGINAL/2026_08/d07_text_station_5min_2026_08_07.txt.gz,Caltrans PeMS/01_DOWNLOADED_ORIGINAL/2026_08/d07_text_station_5min_2026_08_07.txt.gz,d07_text_station_5min_2026_08_07.txt.gz,.gz,18635814,17.772497,2026-09-22T12:18:01,c27104409cb415e70100b52a5d10e86113569d51fc993ce9120a915bab66d123,01_raw_data,False,False,,
<SOURCE_ROOT>/Caltrans PeMS/01_DOWNLOADED_ORIGINAL/2026_08/d07_text_station_5min_2026_08_08.txt.gz,Caltrans PeMS/01_DOWNLOADED_ORIGINAL/2026_08/d07_text_station_5min_2026_08_08.txt.gz,d07_text_station_5min_2026_08_08.txt.gz,.gz,18636112,17.772781,2026-09-22T12:18:03,026ab4f24c5bbfd43f1738b59bfd50e0a3ff1d1931d26f44867e82b280c2a04e,01_raw_data,False,False,,
<SOURCE_ROOT>/Caltrans PeMS/01_DOWNLOADED_ORIGINAL/2026_08/d07_text_station_5min_2026_08_09.txt.gz,Caltrans PeMS/01_DOWNLOADED_ORIGINAL/2026_08/d07_text_station_5min_2026_08_09.txt.gz,d07_text_station_5min_2026_08_09.txt.gz,.gz,18464034,17.608675,2026-09-22T12:18:06,44479ee479781cc7b10000bb46e496c0b9a6d06f1aa1707764f558f2bf5e6343,01_raw_data,False,False,,
<SOURCE_ROOT>/Caltrans PeMS/01_DOWNLOADED_ORIGINAL/2026_08/d07_text_station_5min_2026_08_10.txt.gz,Caltrans PeMS/01_DOWNLOADED_ORIGINAL/2026_08/d07_text_station_5min_2026_08_10.txt.gz,d07_text_station_5min_2026_08_10.txt.gz,.gz,18758436,17.889439,2026-09-22T12:18:05,e477e5ae39f1720273a38a4d94be18d0f69a57bbf72df7d196afeb4c6e5db9ac,01_raw_data,False,False,,
<SOURCE_ROOT>/Caltrans PeMS/01_DOWNLOADED_ORIGINAL/2026_08/d07_text_station_5min_2026_08_11.txt.gz,Caltrans PeMS/01_DOWNLOADED_ORIGINAL/2026_08/d07_text_station_5min_2026_08_11.txt.gz,d07_text_station_5min_2026_08_11.txt.gz,.gz,18707730,17.841082,2026-09-22T12:18:08,cff24607c32057101d4514feed8802e131d63808c23612dc25114724164fd4ce,01_raw_data,False,False,,
<SOURCE_ROOT>/Caltrans PeMS/01_DOWNLOADED_ORIGINAL/2026_08/d07_text_station_5min_2026_08_12.txt.gz,Caltrans PeMS/01_DOWNLOADED_ORIGINAL/2026_08/d07_text_station_5min_2026_08_12.txt.gz,d07_text_station_5min_2026_08_12.txt.gz,.gz,18515888,17.658127,2026-09-22T12:18:09,29decf46ca03321b965ebe5e226f604f7bbb6b9808c2d820e6f46bb0985905b5,01_raw_data,False,False,,
<SOURCE_ROOT>/Caltrans PeMS/01_DOWNLOADED_ORIGINAL/2026_08/d07_text_station_5min_2026_08_13.txt.gz,Caltrans PeMS/01_DOWNLOADED_ORIGINAL/2026_08/d07_text_station_5min_2026_08_13.txt.gz,d07_text_station_5min_2026_08_13.txt.gz,.gz,18398085,17.545781,2026-09-22T12:18:09,70462287189cc3c94558a5645992d191c0c35151c34b4ba1aefb36353ad99769,01_raw_data,False,False,,
<SOURCE_ROOT>/Caltrans PeMS/01_DOWNLOADED_ORIGINAL/2026_08/d07_text_station_5min_2026_08_14.txt.gz,Caltrans PeMS/01_DOWNLOADED_ORIGINAL/2026_08/d07_text_station_5min_2026_08_14.txt.gz,d07_text_station_5min_2026_08_14.txt.gz,.gz,18810680,17.939262,2026-09-22T12:18:10,4056d2760470a5fb6a542bca4548e0b359749747329f965ff2ef5ed56a344ce9,01_raw_data,False,False,,
<SOURCE_ROOT>/Caltrans PeMS/01_DOWNLOADED_ORIGINAL/2026_08/d07_text_station_5min_2026_08_15.txt.gz,Caltrans PeMS/01_DOWNLOADED_ORIGINAL/2026_08/d07_text_station_5min_2026_08_15.txt.gz,d07_text_station_5min_2026_08_15.txt.gz,.gz,18878210,18.003664,2026-09-22T12:18:10,9419b4c6229d59090c6472d7627a5c105b1fd0206261711787bc754b481fc6be,01_raw_data,False,False,,
<SOURCE_ROOT>/Caltrans PeMS/01_DOWNLOADED_ORIGINAL/2026_08/d07_text_station_5min_2026_08_16.txt.gz,Caltrans PeMS/01_DOWNLOADED_ORIGINAL/2026_08/d07_text_station_5min_2026_08_16.txt.gz,d07_text_station_5min_2026_08_16.txt.gz,.gz,18614626,17.752291,2026-09-22T12:18:11,f57f263f126df853cc4e47dd7054f8dede580fb80f5e1d53d2785fbaa684fa85,01_raw_data,False,False,,
<SOURCE_ROOT>/Caltrans PeMS/01_DOWNLOADED_ORIGINAL/2026_08/d07_text_station_5min_2026_08_17.txt.gz,Caltrans PeMS/01_DOWNLOADED_ORIGINAL/2026_08/d07_text_station_5min_2026_08_17.txt.gz,d07_text_station_5min_2026_08_17.txt.gz,.gz,18890573,18.015454,2026-09-22T13:05:35,3d8781f3a5bc571fa32301220f1973814908240c52df894988ffef76d3ef4fc1,01_raw_data,False,False,,
<SOURCE_ROOT>/Caltrans PeMS/01_DOWNLOADED_ORIGINAL/2026_08/d07_text_station_5min_2026_08_18.txt.gz,Caltrans PeMS/01_DOWNLOADED_ORIGINAL/2026_08/d07_text_station_5min_2026_08_18.txt.gz,d07_text_station_5min_2026_08_18.txt.gz,.gz,18843609,17.970666,2026-09-22T12:18:15,9d6fd5f021964b1194ffae8516121dd5736f50dda2bfa5092927262ce199d11e,01_raw_data,False,False,,
<SOURCE_ROOT>/Caltrans PeMS/01_DOWNLOADED_ORIGINAL/2026_08/d07_text_station_5min_2026_08_19.txt.gz,Caltrans PeMS/01_DOWNLOADED_ORIGINAL/2026_08/d07_text_station_5min_2026_08_19.txt.gz,d07_text_station_5min_2026_08_19.txt.gz,.gz,18791379,17.920856,2026-09-22T12:18:13,0025db2f1837432291446cc3397a0e2386282039eb16942490f30921b2611912,01_raw_data,False,False,,
<SOURCE_ROOT>/Caltrans PeMS/01_DOWNLOADED_ORIGINAL/2026_08/d07_text_station_5min_2026_08_20.txt.gz,Caltrans PeMS/01_DOWNLOADED_ORIGINAL/2026_08/d07_text_station_5min_2026_08_20.txt.gz,d07_text_station_5min_2026_08_20.txt.gz,.gz,18751595,17.882915,2026-09-22T12:18:17,73ff6306011f3ad3e7d172c32f955c702453034f63748c6ba3a42e7697fa3083,01_raw_data,False,False,,
<SOURCE_ROOT>/Caltrans PeMS/01_DOWNLOADED_ORIGINAL/2026_08/d07_text_station_5min_2026_08_21.txt.gz,Caltrans PeMS/01_DOWNLOADED_ORIGINAL/2026_08/d07_text_station_5min_2026_08_21.txt.gz,d07_text_station_5min_2026_08_21.txt.gz,.gz,18803822,17.932722,2026-09-22T12:18:17,c8d587a3ca71013af3bab5cab91210ee15b418737031f48e733dc9f66dc51552,01_raw_data,False,False,,
<SOURCE_ROOT>/Caltrans PeMS/01_DOWNLOADED_ORIGINAL/2026_08/d07_text_station_5min_2026_08_22.txt.gz,Caltrans PeMS/01_DOWNLOADED_ORIGINAL/2026_08/d07_text_station_5min_2026_08_22.txt.gz,d07_text_station_5min_2026_08_22.txt.gz,.gz,18880513,18.00586,2026-09-22T12:18:20,72dd6b5725e2631136aefb3588de776b21f7f3b6bd4c5d2535ceeb5a1ce091a0,01_raw_data,False,False,,
<SOURCE_ROOT>/Caltrans PeMS/01_DOWNLOADED_ORIGINAL/2026_08/d07_text_station_5min_2026_08_23.txt.gz,Caltrans PeMS/01_DOWNLOADED_ORIGINAL/2026_08/d07_text_station_5min_2026_08_23.txt.gz,d07_text_station_5min_2026_08_23.txt.gz,.gz,18640324,17.776798,2026-09-22T12:18:21,f5aa65008a42a23d68a440c9e6682c2f35b6979b4331c60aa6d4a7c940a2b439,01_raw_data,False,False,,
<SOURCE_ROOT>/Caltrans PeMS/01_DOWNLOADED_ORIGINAL/2026_08/d07_text_station_5min_2026_08_24.txt.gz,Caltrans PeMS/01_DOWNLOADED_ORIGINAL/2026_08/d07_text_station_5min_2026_08_24.txt.gz,d07_text_station_5min_2026_08_24.txt.gz,.gz,18912105,18.035989,2026-09-22T12:18:20,6223ee824ab39e5873e4965a7291c93d01741dea13cb418631f8317f5e4e359a,01_raw_data,False,False,,
<SOURCE_ROOT>/Caltrans PeMS/01_DOWNLOADED_ORIGINAL/2026_08/d07_text_station_5min_2026_08_25.txt.gz,Caltrans PeMS/01_DOWNLOADED_ORIGINAL/2026_08/d07_text_station_5min_2026_08_25.txt.gz,d07_text_station_5min_2026_08_25.txt.gz,.gz,18945674,18.068003,2026-09-22T12:18:23,916c1e1b63a3b28a165a44cd29f53feda085fe8eb93d5c6832928b6704b77b8f,01_raw_data,False,False,,
<SOURCE_ROOT>/Caltrans PeMS/01_DOWNLOADED_ORIGINAL/2026_08/d07_text_station_5min_2026_08_26.txt.gz,Caltrans PeMS/01_DOWNLOADED_ORIGINAL/2026_08/d07_text_station_5min_2026_08_26.txt.gz,d07_text_station_5min_2026_08_26.txt.gz,.gz,18776416,17.906586,2026-09-22T13:05:41,a7aafd283322b98a5805e6df78e1f18f29e6ce035c9205e52bcca87f4ee1efba,01_raw_data,False,False,,
<SOURCE_ROOT>/Caltrans PeMS/01_DOWNLOADED_ORIGINAL/2026_08/d07_text_station_5min_2026_08_27.txt.gz,Caltrans PeMS/01_DOWNLOADED_ORIGINAL/2026_08/d07_text_station_5min_2026_08_27.txt.gz,d07_text_station_5min_2026_08_27.txt.gz,.gz,18709630,17.842894,2026-09-22T12:18:24,7385c39a46cef610994144dd31f103c420832d53103b16515992e6ef2907eb34,01_raw_data,False,False,,
<SOURCE_ROOT>/Caltrans PeMS/01_DOWNLOADED_ORIGINAL/2026_08/d07_text_station_5min_2026_08_28.txt.gz,Caltrans PeMS/01_DOWNLOADED_ORIGINAL/2026_08/d07_text_station_5min_2026_08_28.txt.gz,d07_text_station_5min_2026_08_28.txt.gz,.gz,18751864,17.883171,2026-09-22T12:18:27,377d2f59ba1f67c2b61b0a330c98d7511edcb56faa0be2b487e058cfda6966e7,01_raw_data,False,False,,
<SOURCE_ROOT>/Caltrans PeMS/01_DOWNLOADED_ORIGINAL/2026_08/d07_text_station_5min_2026_08_29.txt.gz,Caltrans PeMS/01_DOWNLOADED_ORIGINAL/2026_08/d07_text_station_5min_2026_08_29.txt.gz,d07_text_station_5min_2026_08_29.txt.gz,.gz,18400594,17.548174,2026-09-22T12:18:30,b78db401bd93495ae3c2bde68ccacc4b7fed737bec5015e1ba184f12d46950a6,01_raw_data,False,False,,
<SOURCE_ROOT>/Caltrans PeMS/01_DOWNLOADED_ORIGINAL/2026_08/d07_text_station_5min_2026_08_30.txt.gz,Caltrans PeMS/01_DOWNLOADED_ORIGINAL/2026_08/d07_text_station_5min_2026_08_30.txt.gz,d07_text_station_5min_2026_08_30.txt.gz,.gz,14302129,13.639573,2026-09-22T12:18:31,7a2158d315326f858a9da6738a1df75bcf33fa846b3b4cb4c734fe9362da5395,01_raw_data,False,False,,
<SOURCE_ROOT>/Caltrans PeMS/01_DOWNLOADED_ORIGINAL/2026_08/d07_text_station_5min_2026_08_31.txt.gz,Caltrans PeMS/01_DOWNLOADED_ORIGINAL/2026_08/d07_text_station_5min_2026_08_31.txt.gz,d07_text_station_5min_2026_08_31.txt.gz,.gz,14397139,13.730182,2026-09-22T12:18:29,0dfbf15d9757bcd98ae5e73ec4b0a0958b9db8a9a420908a0c968c7eb8df36c3,01_raw_data,False,False,,
<SOURCE_ROOT>/Caltrans PeMS/02_FORECASTING_DATASET_FREEZE/00_README/forecasting_dataset_dictionary.csv,Caltrans PeMS/02_FORECASTING_DATASET_FREEZE/00_README/forecasting_dataset_dictionary.csv,forecasting_dataset_dictionary.csv,.csv,17145,0.016351,2026-09-22T16:23:42,f33d88e3dd53ec85bcadf2b5ccf0e429e46716f9bd82750a20d46c13cc8dc709,02_training_data,False,False,,
<SOURCE_ROOT>/Caltrans PeMS/02_FORECASTING_DATASET_FREEZE/00_README/Step1A_Freeze_Config.json,Caltrans PeMS/02_FORECASTING_DATASET_FREEZE/00_README/Step1A_Freeze_Config.json,Step1A_Freeze_Config.json,.json,1043,0.000995,2026-09-22T16:08:00,342ed642df69b72e64aeaece5a55c0076f8999ba26d2f29b3306eab28a9fe322,02_training_data,False,False,,
<SOURCE_ROOT>/Caltrans PeMS/02_FORECASTING_DATASET_FREEZE/01_H30/test.parquet,Caltrans PeMS/02_FORECASTING_DATASET_FREEZE/01_H30/test.parquet,test.parquet,.parquet,260718867,248.640887,2026-09-22T16:23:39,c278ab9ebccbf6410610cf5bbdfc59f21956febcd7fcf192a8ba49b989b569fd,02_training_data,True,False,,
<SOURCE_ROOT>/Caltrans PeMS/02_FORECASTING_DATASET_FREEZE/01_H30/train.parquet,Caltrans PeMS/02_FORECASTING_DATASET_FREEZE/01_H30/train.parquet,train.parquet,.parquet,676586335,645.243011,2026-09-22T16:23:39,2e1d326db471bbc6281e6c8e9e174453e60e9941316c7120433555814260a186,02_training_data,True,False,,
<SOURCE_ROOT>/Caltrans PeMS/02_FORECASTING_DATASET_FREEZE/01_H30/validation.parquet,Caltrans PeMS/02_FORECASTING_DATASET_FREEZE/01_H30/validation.parquet,validation.parquet,.parquet,122648979,116.967181,2026-09-22T16:23:39,d35d02c143e1379fbc45505d3a605ea595d779782c9ab08d2ef0fb2e916c9799,02_training_data,True,False,,
<SOURCE_ROOT>/Caltrans PeMS/02_FORECASTING_DATASET_FREEZE/02_H60/test.parquet,Caltrans PeMS/02_FORECASTING_DATASET_FREEZE/02_H60/test.parquet,test.parquet,.parquet,260515581,248.447019,2026-09-22T16:23:39,9f4f8e3641bb699c4bb9a6aa37f715153bc0a0173497dc408559d0d1cf497bb7,02_training_data,True,False,,
<SOURCE_ROOT>/Caltrans PeMS/02_FORECASTING_DATASET_FREEZE/02_H60/train.parquet,Caltrans PeMS/02_FORECASTING_DATASET_FREEZE/02_H60/train.parquet,train.parquet,.parquet,676168561,644.84459,2026-09-22T16:23:39,929c0c79809bcf0907e982e648dc519ecdb794c7a72ea16d62d49bc47fdc97c7,02_training_data,True,False,,
<SOURCE_ROOT>/Caltrans PeMS/02_FORECASTING_DATASET_FREEZE/02_H60/validation.parquet,Caltrans PeMS/02_FORECASTING_DATASET_FREEZE/02_H60/validation.parquet,validation.parquet,.parquet,122534768,116.858261,2026-09-22T16:23:39,5129dec5ee48a96889df401d9fb2c2e22ceb786ba32f4c789cf0d650ddcd345b,02_training_data,True,False,,
<SOURCE_ROOT>/Caltrans PeMS/02_FORECASTING_DATASET_FREEZE/03_QC/dataset_split_summary.csv,Caltrans PeMS/02_FORECASTING_DATASET_FREEZE/03_QC/dataset_split_summary.csv,dataset_split_summary.csv,.csv,591,0.000564,2026-09-22T16:23:42,4b74f87ec41dbc575da130eb96ac84ad75496ed825a200dbdf7337a562c07f12,02_training_data,False,False,,
<SOURCE_ROOT>/Caltrans PeMS/02_FORECASTING_DATASET_FREEZE/03_QC/feature_missingness.csv,Caltrans PeMS/02_FORECASTING_DATASET_FREEZE/03_QC/feature_missingness.csv,feature_missingness.csv,.csv,21986,0.020967,2026-09-22T16:23:42,83dbc4ab138c725b9f9d506ba57cbd380cb14593398972ce7fd802b565564f1d,02_training_data,False,False,,
<SOURCE_ROOT>/Caltrans PeMS/02_FORECASTING_DATASET_FREEZE/03_QC/leakage_audit.json,Caltrans PeMS/02_FORECASTING_DATASET_FREEZE/03_QC/leakage_audit.json,leakage_audit.json,.json,2948,0.002811,2026-09-22T16:23:42,a0980d0f8c452b9c4b7370f498d266afe41f652ee9fae1787940b41554e7aa2b,02_training_data,False,False,,
<SOURCE_ROOT>/Caltrans PeMS/02_FORECASTING_DATASET_FREEZE/03_QC/target_speed_distribution.csv,Caltrans PeMS/02_FORECASTING_DATASET_FREEZE/03_QC/target_speed_distribution.csv,target_speed_distribution.csv,.csv,1211,0.001155,2026-09-22T16:23:42,8d12eed2a3bccd8b83ed59898ea01ac627a1d39901ab99d92a1d27ed9467cf3b,02_training_data,False,False,,
<SOURCE_ROOT>/Caltrans PeMS/02_FORECASTING_DATASET_FREEZE/04_MANIFEST/Step1A_Dataset_Manifest.csv,Caltrans PeMS/02_FORECASTING_DATASET_FREEZE/04_MANIFEST/Step1A_Dataset_Manifest.csv,Step1A_Dataset_Manifest.csv,.csv,1059,0.00101,2026-09-22T16:23:42,de6af520e2be63746c8b1ae9c33809eda0837a1f02df07b234742192f921dd3e,02_training_data,False,False,,
<SOURCE_ROOT>/Caltrans PeMS/02_FORECASTING_DATASET_FREEZE/05_LOGS/step1a_run.log,Caltrans PeMS/02_FORECASTING_DATASET_FREEZE/05_LOGS/step1a_run.log,step1a_run.log,.log,13081,0.012475,2026-09-22T16:23:39,c8ed99b70fead014236d9018fbde934cd68d9ef6cb22c465de6dea0adbdefc41,02_training_data,False,False,,
<SOURCE_ROOT>/Caltrans PeMS/03_FORECASTING_BENCHMARK/00_PREFLIGHT/station_overlap.json,Caltrans PeMS/03_FORECASTING_BENCHMARK/00_PREFLIGHT/station_overlap.json,station_overlap.json,.json,12252,0.011684,2026-09-22T17:43:02,6042f94cfa1d64f7c3b83695e3ea02b3e5920459273b01a20b65faa197935506,01_raw_data,False,False,,
<SOURCE_ROOT>/Caltrans PeMS/03_FORECASTING_BENCHMARK/00_PREFLIGHT/station_overlap_summary.csv,Caltrans PeMS/03_FORECASTING_BENCHMARK/00_PREFLIGHT/station_overlap_summary.csv,station_overlap_summary.csv,.csv,362,0.000345,2026-09-22T17:43:02,a832fb5d62da1efc20489c0d6a83411e7639d01022680c224dc4f10778e8e12b,01_raw_data,False,False,,
<SOURCE_ROOT>/Caltrans PeMS/03_FORECASTING_BENCHMARK/00_PREFLIGHT/unseen_test_stations.csv,Caltrans PeMS/03_FORECASTING_BENCHMARK/00_PREFLIGHT/unseen_test_stations.csv,unseen_test_stations.csv,.csv,215,0.000205,2026-09-22T17:43:02,2c0a57e150c403e88f78ed8989c912f3dc3f996fc55833956e1668f23861b0e4,02_training_data,False,False,,
<SOURCE_ROOT>/Caltrans PeMS/03_FORECASTING_BENCHMARK/00_PREFLIGHT/unseen_validation_stations.csv,Caltrans PeMS/03_FORECASTING_BENCHMARK/00_PREFLIGHT/unseen_validation_stations.csv,unseen_validation_stations.csv,.csv,87,8.3e-05,2026-09-22T17:43:02,30081e23bffcfdefbd2f0c3a058bb40db3a5589cbe778207ac1bbc63d1f562aa,02_training_data,False,False,,
<SOURCE_ROOT>/Caltrans PeMS/03_FORECASTING_BENCHMARK/01_PILOT_DATA/pilot_config.json,Caltrans PeMS/03_FORECASTING_BENCHMARK/01_PILOT_DATA/pilot_config.json,pilot_config.json,.json,602,0.000574,2026-09-22T17:43:04,9090fa245fbe259e7615b06ddf128f072d025d60b55ee0d685684189ec8f4f84,01_raw_data,False,False,,
<SOURCE_ROOT>/Caltrans PeMS/03_FORECASTING_BENCHMARK/01_PILOT_DATA/pilot_dataset_summary.csv,Caltrans PeMS/03_FORECASTING_BENCHMARK/01_PILOT_DATA/pilot_dataset_summary.csv,pilot_dataset_summary.csv,.csv,374,0.000357,2026-09-22T17:43:04,392e28fd72c3b8c2d43a106e17eeb5eb83be342b8e8be8aa26aff66402ab6351,01_raw_data,False,False,,
<SOURCE_ROOT>/Caltrans PeMS/03_FORECASTING_BENCHMARK/04_XGBOOST/xgboost_encoder.json,Caltrans PeMS/03_FORECASTING_BENCHMARK/04_XGBOOST/xgboost_encoder.json,xgboost_encoder.json,.json,2267,0.002162,2026-09-22T17:43:08,210da1d38dcc53b3bf42e998f59a9c551d7f0487530d7e1b7ddbe44844d0ba76,01_raw_data,False,False,,
<SOURCE_ROOT>/Caltrans PeMS/03_FORECASTING_BENCHMARK/04_XGBOOST/xgboost_H30_pilot.json,Caltrans PeMS/03_FORECASTING_BENCHMARK/04_XGBOOST/xgboost_H30_pilot.json,xgboost_H30_pilot.json,.json,4457919,4.251403,2026-09-22T17:43:08,888367493b2eedf3b7621ad9da2db8f9cda3406de738eefa1a81d5da085b3155,02_training_data,False,False,,
<SOURCE_ROOT>/Caltrans PeMS/03_FORECASTING_BENCHMARK/05_GRU/gru_H30_pilot.pt,Caltrans PeMS/03_FORECASTING_BENCHMARK/05_GRU/gru_H30_pilot.pt,gru_H30_pilot.pt,.pt,76621,0.073071,2026-09-22T17:46:24,cbf664bdc3ffe07387a47e06341acd6e710b411504217d25115d6a9ffa83fe47,02_training_data,False,False,,
<SOURCE_ROOT>/Caltrans PeMS/03_FORECASTING_BENCHMARK/05_GRU/gru_scaler.json,Caltrans PeMS/03_FORECASTING_BENCHMARK/05_GRU/gru_scaler.json,gru_scaler.json,.json,647,0.000617,2026-09-22T17:43:10,7c8de84a5eb4d5a37ad3a51e4502a5b54faeeea3ae2e1916d78eb6227ce9eb2f,01_raw_data,False,False,,
<SOURCE_ROOT>/Caltrans PeMS/03_FORECASTING_BENCHMARK/06_RESULTS/pilot_forecasting_results.csv,Caltrans PeMS/03_FORECASTING_BENCHMARK/06_RESULTS/pilot_forecasting_results.csv,pilot_forecasting_results.csv,.csv,3152,0.003006,2026-09-22T17:46:27,581399524d7b42c234468879490a8ab99aa0eb729a475741e8409ce3c59cc41b,01_raw_data,False,False,,
<SOURCE_ROOT>/Caltrans PeMS/03_FORECASTING_BENCHMARK/06_RESULTS/pilot_qc.json,Caltrans PeMS/03_FORECASTING_BENCHMARK/06_RESULTS/pilot_qc.json,pilot_qc.json,.json,907,0.000865,2026-09-22T17:46:27,62cb39c7d877ae75e8f5a824be8dc8cbd9be673b5f832dff30f543049c5f599c,01_raw_data,False,False,,
<SOURCE_ROOT>/Caltrans PeMS/03_FORECASTING_BENCHMARK/07_RESOURCE_PROFILE/cloud_need_assessment.json,Caltrans PeMS/03_FORECASTING_BENCHMARK/07_RESOURCE_PROFILE/cloud_need_assessment.json,cloud_need_assessment.json,.json,573,0.000546,2026-09-22T17:46:27,d2474c8e48a26a55b1eb430274b6f8e0d515bb0b472cc30f8f3f8c11208199d4,01_raw_data,False,False,,
<SOURCE_ROOT>/Caltrans PeMS/03_FORECASTING_BENCHMARK/07_RESOURCE_PROFILE/local_compute_profile.json,Caltrans PeMS/03_FORECASTING_BENCHMARK/07_RESOURCE_PROFILE/local_compute_profile.json,local_compute_profile.json,.json,3056,0.002914,2026-09-22T17:47:02,7eef467f4d04b4e7c5fb863dcb111658767d3bef3d022c2b07a37b860633d2a1,01_raw_data,False,False,,
<SOURCE_ROOT>/Caltrans PeMS/03_FORECASTING_BENCHMARK/08_LOGS/run.log,Caltrans PeMS/03_FORECASTING_BENCHMARK/08_LOGS/run.log,run.log,.log,2053,0.001958,2026-09-22T17:46:27,d5735d5bd0e06d8fe2a46246e8ab21e1184c96d6743b6629407a8138d76e2031,01_raw_data,False,False,,
<SOURCE_ROOT>/Caltrans PeMS/03_FORECASTING_BENCHMARK/09_MANIFEST/Step1B_Pilot_Manifest.csv,Caltrans PeMS/03_FORECASTING_BENCHMARK/09_MANIFEST/Step1B_Pilot_Manifest.csv,Step1B_Pilot_Manifest.csv,.csv,4092,0.003902,2026-09-22T17:47:02,488e873481da209d6d1d5bcde796abfe445145a2825d6c516d356541f0d61235,01_raw_data,False,False,,
<SOURCE_ROOT>/Caltrans PeMS/03_FORECASTING_BENCHMARK/10_FULL_H30/00_CPU_RUNTIME_PREFLIGHT/cpu_runtime_estimate.json,Caltrans PeMS/03_FORECASTING_BENCHMARK/10_FULL_H30/00_CPU_RUNTIME_PREFLIGHT/cpu_runtime_estimate.json,cpu_runtime_estimate.json,.json,2778,0.002649,2026-09-22T18:46:57,b19fe95d549ca62aee90376c271bf392e8e24526c815dbd5bed637a8ffd459ba,02_training_data,False,False,,
<SOURCE_ROOT>/Caltrans PeMS/03_FORECASTING_BENCHMARK/10_FULL_H30/00_CPU_RUNTIME_PREFLIGHT/cpu_runtime_preflight.log,Caltrans PeMS/03_FORECASTING_BENCHMARK/10_FULL_H30/00_CPU_RUNTIME_PREFLIGHT/cpu_runtime_preflight.log,cpu_runtime_preflight.log,.log,860,0.00082,2026-09-22T18:46:57,0c8d5f4faeb5878deb2a90fb070b186617969c4ec70eb1222a373180538a9278,02_training_data,False,False,,
<SOURCE_ROOT>/Caltrans PeMS/03_FORECASTING_BENCHMARK/10_FULL_H30/00_CPU_RUNTIME_PREFLIGHT/cpu_runtime_profile.csv,Caltrans PeMS/03_FORECASTING_BENCHMARK/10_FULL_H30/00_CPU_RUNTIME_PREFLIGHT/cpu_runtime_profile.csv,cpu_runtime_profile.csv,.csv,757,0.000722,2026-09-22T18:46:57,9a3d5a6e03725675b4ab3714c5435bce229b3db48c840f58387e28cb735c7086,02_training_data,False,False,,
<SOURCE_ROOT>/Caltrans PeMS/03_FORECASTING_BENCHMARK/10_FULL_H30/00_CUDA_PREFLIGHT/cuda_preflight.json,Caltrans PeMS/03_FORECASTING_BENCHMARK/10_FULL_H30/00_CUDA_PREFLIGHT/cuda_preflight.json,cuda_preflight.json,.json,592,0.000565,2026-09-22T18:21:17,fed099e12ea973d2057a62012f50ea510293b60f0fcaa3496201a3b10bc2c524,02_training_data,False,False,,
<SOURCE_ROOT>/Caltrans PeMS/03_STATION_METADATA/d07_text_meta_2023_12_22.txt,Caltrans PeMS/03_STATION_METADATA/d07_text_meta_2023_12_22.txt,d07_text_meta_2023_12_22.txt,.txt,410709,0.391683,2026-09-22T12:02:31,4bdfd9e064a46688848dd7a923bf750a67c251120eec45d6c1036c2ba22536f0,01_raw_data,False,False,,
<SOURCE_ROOT>/Caltrans PeMS/03_STATION_METADATA/d07_text_meta_2026_07_17.txt,Caltrans PeMS/03_STATION_METADATA/d07_text_meta_2026_07_17.txt,d07_text_meta_2026_07_17.txt,.txt,413914,0.394739,2026-09-22T12:02:32,83ffe8e0418fe37da52be3c8b62f68dc811adfce1cda445b33a2eaec89995ce8,01_raw_data,False,False,,
<SOURCE_ROOT>/Caltrans PeMS/03_STATION_METADATA/d07_text_meta_2026_08_25.txt,Caltrans PeMS/03_STATION_METADATA/d07_text_meta_2026_08_25.txt,d07_text_meta_2026_08_25.txt,.txt,413333,0.394185,2026-09-22T12:02:33,c5863d0242af7e70303ab7a856dc9c4a7d82096c1dcea65e6b4a3d6c4b30053c,01_raw_data,False,False,,
<SOURCE_ROOT>/Caltrans PeMS/scripts/01_inventory_files.py,Caltrans PeMS/scripts/01_inventory_files.py,01_inventory_files.py,.py,178,0.00017,2026-09-22T12:38:53,13a43d846f890e2056df0780356c0e46956bdd6259e26faa9611591345b71e4d,01_raw_data,False,False,,
<SOURCE_ROOT>/Caltrans PeMS/scripts/02_check_gzip.py,Caltrans PeMS/scripts/02_check_gzip.py,02_check_gzip.py,.py,173,0.000165,2026-09-22T12:38:53,1f68656f10483195bca7cd7589f2b95fcd10caaca747846b83c6e0b19a21e2f9,01_raw_data,False,False,,
<SOURCE_ROOT>/Caltrans PeMS/scripts/03_schema_audit.py,Caltrans PeMS/scripts/03_schema_audit.py,03_schema_audit.py,.py,173,0.000165,2026-09-22T12:38:53,1f68656f10483195bca7cd7589f2b95fcd10caaca747846b83c6e0b19a21e2f9,01_raw_data,False,False,,
<SOURCE_ROOT>/Caltrans PeMS/scripts/04_temporal_audit.py,Caltrans PeMS/scripts/04_temporal_audit.py,04_temporal_audit.py,.py,173,0.000165,2026-09-22T12:38:53,1f68656f10483195bca7cd7589f2b95fcd10caaca747846b83c6e0b19a21e2f9,01_raw_data,False,False,,
<SOURCE_ROOT>/Caltrans PeMS/scripts/05_station_qc.py,Caltrans PeMS/scripts/05_station_qc.py,05_station_qc.py,.py,173,0.000165,2026-09-22T12:38:53,1f68656f10483195bca7cd7589f2b95fcd10caaca747846b83c6e0b19a21e2f9,01_raw_data,False,False,,
<SOURCE_ROOT>/Caltrans PeMS/scripts/06_variable_qc.py,Caltrans PeMS/scripts/06_variable_qc.py,06_variable_qc.py,.py,173,0.000165,2026-09-22T12:38:53,1f68656f10483195bca7cd7589f2b95fcd10caaca747846b83c6e0b19a21e2f9,01_raw_data,False,False,,
<SOURCE_ROOT>/Caltrans PeMS/scripts/07_percent_observed_qc.py,Caltrans PeMS/scripts/07_percent_observed_qc.py,07_percent_observed_qc.py,.py,173,0.000165,2026-09-22T12:38:53,1f68656f10483195bca7cd7589f2b95fcd10caaca747846b83c6e0b19a21e2f9,01_raw_data,False,False,,
<SOURCE_ROOT>/Caltrans PeMS/scripts/08_metadata_audit.py,Caltrans PeMS/scripts/08_metadata_audit.py,08_metadata_audit.py,.py,173,0.000165,2026-09-22T12:38:53,1f68656f10483195bca7cd7589f2b95fcd10caaca747846b83c6e0b19a21e2f9,01_raw_data,False,False,,
<SOURCE_ROOT>/Caltrans PeMS/scripts/09_target_quality_audit.py,Caltrans PeMS/scripts/09_target_quality_audit.py,09_target_quality_audit.py,.py,173,0.000165,2026-09-22T12:38:53,1f68656f10483195bca7cd7589f2b95fcd10caaca747846b83c6e0b19a21e2f9,02_training_data,False,False,,
<SOURCE_ROOT>/Caltrans PeMS/scripts/10_build_final_report.py,Caltrans PeMS/scripts/10_build_final_report.py,10_build_final_report.py,.py,174,0.000166,2026-09-22T12:38:53,b8b81a760d91ea280fdb5dbd5194cfd8fbcfb639d3cfb4d4d724815c5c98a25f,01_raw_data,False,False,,
<SOURCE_ROOT>/Caltrans PeMS/scripts/11_download_closure_check.py,Caltrans PeMS/scripts/11_download_closure_check.py,11_download_closure_check.py,.py,11302,0.010778,2026-09-22T13:14:47,5432802416602ba44b661782fca756cd6947ad3f1cfee178b2e0c93fd61860ec,01_raw_data,False,False,,
<SOURCE_ROOT>/Caltrans PeMS/scripts/12_step0b_percent_observed.py,Caltrans PeMS/scripts/12_step0b_percent_observed.py,12_step0b_percent_observed.py,.py,6911,0.006591,2026-09-22T13:26:16,878a4da018bdabb62a20d16454187282c6c5f72963274c8df874469f84eead4b,01_raw_data,False,False,,
<SOURCE_ROOT>/Caltrans PeMS/scripts/__pycache__/12_step0b_percent_observed.cpython-314.pyc,Caltrans PeMS/scripts/__pycache__/12_step0b_percent_observed.cpython-314.pyc,12_step0b_percent_observed.cpython-314.pyc,.pyc,13844,0.013203,2026-09-22T13:26:22,68d378ce61b955cfd9491508b40ec53eb84bdf5c5b4e19b20520057f1945c8f1,01_raw_data,False,False,,
<SOURCE_ROOT>/Caltrans PeMS/scripts/__pycache__/audit_report.cpython-314.pyc,Caltrans PeMS/scripts/__pycache__/audit_report.cpython-314.pyc,audit_report.cpython-314.pyc,.pyc,99324,0.094723,2026-09-22T12:52:48,fbf520fd869aca816f90934ef6bcde4657d40e013684cd550f02b8232b14489c,01_raw_data,False,False,,
<SOURCE_ROOT>/Caltrans PeMS/scripts/__pycache__/run_full_pems_audit.cpython-314.pyc,Caltrans PeMS/scripts/__pycache__/run_full_pems_audit.cpython-314.pyc,run_full_pems_audit.cpython-314.pyc,.pyc,28892,0.027554,2026-09-22T12:46:48,c999d436ad6579a6b61e357a186c3a979ea9af387fc8a7928fc3e9bc8d591117,01_raw_data,False,False,,
<SOURCE_ROOT>/Caltrans PeMS/scripts/__pycache__/step0b_report.cpython-314.pyc,Caltrans PeMS/scripts/__pycache__/step0b_report.cpython-314.pyc,step0b_report.cpython-314.pyc,.pyc,77167,0.073592,2026-09-22T13:33:52,e627cf4acda24df462bb62d26722de9db200fe791e5357ce450c42d47a4ee0df,01_raw_data,False,False,,
<SOURCE_ROOT>/Caltrans PeMS/scripts/audit_report.py,Caltrans PeMS/scripts/audit_report.py,audit_report.py,.py,43526,0.04151,2026-09-22T12:52:43,0cae6ed7ee78fc06ea8d47ffe33c66e053715e38fbd6938f672b94bbb99f5e4e,01_raw_data,False,False,,
<SOURCE_ROOT>/Caltrans PeMS/scripts/build_audit_workbook.mjs,Caltrans PeMS/scripts/build_audit_workbook.mjs,build_audit_workbook.mjs,.mjs,5925,0.005651,2026-09-22T12:56:04,58a75acd2e475e6c60739725880f284a85b9b8bf6a81dab52a88467a45cc594c,01_raw_data,False,False,,
<SOURCE_ROOT>/Caltrans PeMS/scripts/build_step0b_workbook.mjs,Caltrans PeMS/scripts/build_step0b_workbook.mjs,build_step0b_workbook.mjs,.mjs,5140,0.004902,2026-09-22T13:38:53,7f12fce0ebc80c3e683e35b74ed666afa203392a93c4f70dcd8b3e9bb6277bec,01_raw_data,False,False,,
<SOURCE_ROOT>/Caltrans PeMS/scripts/forecasting/01_station_overlap_audit.py,Caltrans PeMS/scripts/forecasting/01_station_overlap_audit.py,01_station_overlap_audit.py,.py,2682,0.002558,2026-09-22T17:38:14,250b45df276c1d847965b83bd421a37f53c21791dfc6a315eb9c5a6ebe2829e6,01_raw_data,False,False,,
<SOURCE_ROOT>/Caltrans PeMS/scripts/forecasting/02_prepare_H30_pilot.py,Caltrans PeMS/scripts/forecasting/02_prepare_H30_pilot.py,02_prepare_H30_pilot.py,.py,3706,0.003534,2026-09-22T17:38:47,ad28b0cddf1dc913a98cfc6439c9bcd6964e471327ee3a3d4e1dbbc4b30d60a8,02_training_data,False,False,,
<SOURCE_ROOT>/Caltrans PeMS/scripts/forecasting/03_persistence_baseline.py,Caltrans PeMS/scripts/forecasting/03_persistence_baseline.py,03_persistence_baseline.py,.py,277,0.000264,2026-09-22T17:39:38,acf795db7cd1c4d8ef0deb319a71a9dcde8d5da7fdc7252b877fee8ac03a784d,01_raw_data,False,False,,
<SOURCE_ROOT>/Caltrans PeMS/scripts/forecasting/04_historical_average.py,Caltrans PeMS/scripts/forecasting/04_historical_average.py,04_historical_average.py,.py,2149,0.002049,2026-09-22T17:42:53,f45a8d5d41898ed5ef33cee659c98f6691edf17a13a531e5c22436770541e9c1,01_raw_data,False,False,,
<SOURCE_ROOT>/Caltrans PeMS/scripts/forecasting/05_xgboost_H30_pilot.py,Caltrans PeMS/scripts/forecasting/05_xgboost_H30_pilot.py,05_xgboost_H30_pilot.py,.py,2755,0.002627,2026-09-22T17:40:04,97eaef60812e75edc92151992e7e2cf9da10884593a322670af2e1593b963206,02_training_data,False,False,,
<SOURCE_ROOT>/Caltrans PeMS/scripts/forecasting/06_gru_H30_pilot.py,Caltrans PeMS/scripts/forecasting/06_gru_H30_pilot.py,06_gru_H30_pilot.py,.py,6692,0.006382,2026-09-22T17:40:49,c149fee0d3361ab02ad7f57cc62385c3f5deb4dd129dec005bddbe3f0f5162e4,02_training_data,False,False,,
<SOURCE_ROOT>/Caltrans PeMS/scripts/forecasting/07_compare_pilot_models.py,Caltrans PeMS/scripts/forecasting/07_compare_pilot_models.py,07_compare_pilot_models.py,.py,14283,0.013621,2026-09-22T17:46:51,3a6eb8b991cdda54f4cd723d76447f9469b46267ad2aa67bbab0a88f0c0a25d6,01_raw_data,False,False,,
<SOURCE_ROOT>/Caltrans PeMS/scripts/forecasting/__pycache__/01_station_overlap_audit.cpython-312.pyc,Caltrans PeMS/scripts/forecasting/__pycache__/01_station_overlap_audit.cpython-312.pyc,01_station_overlap_audit.cpython-312.pyc,.pyc,4781,0.00456,2026-09-22T17:42:39,e21d5581a7a556d18587dd819f70aaaf289d7e87e8c6331b2f54cccc10b64f45,01_raw_data,False,False,,
<SOURCE_ROOT>/Caltrans PeMS/scripts/forecasting/__pycache__/02_prepare_H30_pilot.cpython-312.pyc,Caltrans PeMS/scripts/forecasting/__pycache__/02_prepare_H30_pilot.cpython-312.pyc,02_prepare_H30_pilot.cpython-312.pyc,.pyc,6526,0.006224,2026-09-22T17:42:39,058db140fdbac42f77f9a49fc0c4d90af3f94f1717c7ec80fa06f4f7d2d46c43,02_training_data,False,False,,
<SOURCE_ROOT>/Caltrans PeMS/scripts/forecasting/__pycache__/03_persistence_baseline.cpython-312.pyc,Caltrans PeMS/scripts/forecasting/__pycache__/03_persistence_baseline.cpython-312.pyc,03_persistence_baseline.cpython-312.pyc,.pyc,792,0.000755,2026-09-22T17:42:39,ee7fb1486c991fad773b6bbd02b1dd542f61ed2185e079f1b7240b33b4d80dd3,01_raw_data,False,False,,
<SOURCE_ROOT>/Caltrans PeMS/scripts/forecasting/__pycache__/04_historical_average.cpython-312.pyc,Caltrans PeMS/scripts/forecasting/__pycache__/04_historical_average.cpython-312.pyc,04_historical_average.cpython-312.pyc,.pyc,4144,0.003952,2026-09-22T17:42:57,9d6044040ef273e1628b129fa19d227c6dd69ec6a9365c91776dc769de58858e,01_raw_data,False,False,,
<SOURCE_ROOT>/Caltrans PeMS/scripts/forecasting/__pycache__/05_xgboost_H30_pilot.cpython-312.pyc,Caltrans PeMS/scripts/forecasting/__pycache__/05_xgboost_H30_pilot.cpython-312.pyc,05_xgboost_H30_pilot.cpython-312.pyc,.pyc,5014,0.004782,2026-09-22T17:42:39,d4107de9c2aa230043e5f7bda1360b32e330e4ca4dd4a6ecb4c202ea672c0e29,02_training_data,False,False,,
<SOURCE_ROOT>/Caltrans PeMS/scripts/forecasting/__pycache__/06_gru_H30_pilot.cpython-312.pyc,Caltrans PeMS/scripts/forecasting/__pycache__/06_gru_H30_pilot.cpython-312.pyc,06_gru_H30_pilot.cpython-312.pyc,.pyc,12617,0.012033,2026-09-22T17:42:40,eed46f587523788f930c4f7b99e28aa679ba0ac4e6b3e1753ff3c5682c3ce711,02_training_data,False,False,,
<SOURCE_ROOT>/Caltrans PeMS/scripts/forecasting_full_h30/00_cuda_preflight.py,Caltrans PeMS/scripts/forecasting_full_h30/00_cuda_preflight.py,00_cuda_preflight.py,.py,3734,0.003561,2026-09-22T18:21:12,6a0de07b725401c75637d112cd24683daff48404aae9dfc2516cfc4de1bb0792,02_training_data,False,False,,
<SOURCE_ROOT>/Caltrans PeMS/scripts/forecasting_full_h30/00b_cpu_runtime_preflight.py,Caltrans PeMS/scripts/forecasting_full_h30/00b_cpu_runtime_preflight.py,00b_cpu_runtime_preflight.py,.py,16267,0.015513,2026-09-22T18:32:46,ebded1e4d3b35f2cc6a52cf3a24e0355cc9ba068305ff6b5047d3258379e9792,02_training_data,False,False,,
<SOURCE_ROOT>/Caltrans PeMS/scripts/run_full_pems_audit.py,Caltrans PeMS/scripts/run_full_pems_audit.py,run_full_pems_audit.py,.py,15046,0.014349,2026-09-22T12:46:00,cb800d0ae5cb78ff4ca5766d0a452e4b3db1dba258ac8485317df3beff293222,01_raw_data,False,False,,
<SOURCE_ROOT>/Caltrans PeMS/scripts/step0b_report.py,Caltrans PeMS/scripts/step0b_report.py,step0b_report.py,.py,46646,0.044485,2026-09-22T13:33:46,d9b5a167e0e3ab7f4d61ae85a6899d0ea7112cd825120462476256f55fe98aa9,01_raw_data,False,False,,
<SOURCE_ROOT>/Caltrans PeMS/scripts/step0c_chronological_split_audit.py,Caltrans PeMS/scripts/step0c_chronological_split_audit.py,step0c_chronological_split_audit.py,.py,18984,0.018105,2026-09-22T14:05:22,980d0a71be6061d2fe21a3793e18beb68abf0cbd35d9756e7eaa5dcc84fb84ed,01_raw_data,False,False,,
<SOURCE_ROOT>/Caltrans PeMS/scripts/step1a_build_forecasting_dataset.py,Caltrans PeMS/scripts/step1a_build_forecasting_dataset.py,step1a_build_forecasting_dataset.py,.py,28509,0.027188,2026-09-22T16:07:46,172968ef032aad75e67b5318a7c72c5a95ca0fd368eaf1fa4a403af8d4c45457,01_raw_data,False,False,,
<SOURCE_ROOT>/Caltrans PeMS/密码.txt,Caltrans PeMS/密码.txt,密码.txt,.txt,248,0.000237,2026-09-22T11:41:26,d1231bfadb4a4622f84b072e84fc13724d2f942499db5b20be60faff487ca47c,01_raw_data,False,False,,
<SOURCE_ROOT>/fig/历史/fig01.png,fig/历史/fig01.png,fig01.png,.png,1666476,1.589275,2026-09-27T12:54:38,9c5fabc7bdfd2271df37a03643cf9df32d7e2d6edcff24784c9ff1654999dbe4,07_figures,False,False,,
<SOURCE_ROOT>/fig/历史/fig2/ChatGPT 图像 2026年9月27日 12_55_50.png,fig/历史/fig2/ChatGPT 图像 2026年9月27日 12_55_50.png,ChatGPT 图像 2026年9月27日 12_55_50.png,.png,1303928,1.243523,2026-09-27T12:55:54,f1570154bd076eea6404d30006eee81cfe767d3e504f594e46a51b976a354644,07_figures,False,False,,
<SOURCE_ROOT>/fig/历史/fig2/ChatGPT 图像 2026年9月27日 12_55_56.png,fig/历史/fig2/ChatGPT 图像 2026年9月27日 12_55_56.png,ChatGPT 图像 2026年9月27日 12_55_56.png,.png,1425363,1.359332,2026-09-27T12:55:57,99a95b8ca63a133fde5043252dedd5a3809051e0c4d93546c9c735e70af54854,07_figures,False,False,,
<SOURCE_ROOT>/fig/历史/fig2/ChatGPT 图像 2026年9月27日 12_55_59.png,fig/历史/fig2/ChatGPT 图像 2026年9月27日 12_55_59.png,ChatGPT 图像 2026年9月27日 12_55_59.png,.png,1487601,1.418687,2026-09-27T12:56:01,2109b57333b5ae43c0d5e8694dc7aa501dad5fe80871253395835aabbfc696ac,07_figures,False,False,,
<SOURCE_ROOT>/fig/历史/fig2/fig2.png,fig/历史/fig2/fig2.png,fig2.png,.png,1432896,1.366516,2026-09-27T12:55:37,b919bf60aa465a9c413982ad2aa91f7f26182ff9ea0378f2af729d6121e30438,07_figures,False,False,,
<SOURCE_ROOT>/fig/历史/fig3/ChatGPT 图像 2026年9月27日 12_57_10.png,fig/历史/fig3/ChatGPT 图像 2026年9月27日 12_57_10.png,ChatGPT 图像 2026年9月27日 12_57_10.png,.png,1262903,1.204398,2026-09-27T12:57:15,4f96acc3073b3cfdcb3d33047421224755df64e7358a55d27023b73dc72eb104,07_figures,False,False,,
<SOURCE_ROOT>/fig/历史/fig3/ChatGPT 图像 2026年9月27日 12_57_25.png,fig/历史/fig3/ChatGPT 图像 2026年9月27日 12_57_25.png,ChatGPT 图像 2026年9月27日 12_57_25.png,.png,1246121,1.188394,2026-09-27T12:57:33,9b1323deb9e4b3ef825c356c283b594c7ee06eda539f016a22217a52fbb2754e,07_figures,False,False,,
<SOURCE_ROOT>/fig/历史/fig3/fig3.png,fig/历史/fig3/fig3.png,fig3.png,.png,1314887,1.253974,2026-09-27T12:57:41,80492fa347b0aabedbf13f36330db9b0f483891406c959d0ff540a7198dd741a,07_figures,False,False,,
<SOURCE_ROOT>/fig/历史/fig4/ChatGPT 图像 2026年9月27日 13_06_58.png,fig/历史/fig4/ChatGPT 图像 2026年9月27日 13_06_58.png,ChatGPT 图像 2026年9月27日 13_06_58.png,.png,1058341,1.009313,2026-09-27T13:06:59,6f939b5f7cfff03dbd9c139ec1dedc89aab1fb685aa4763b72cb6b9e802a5592,07_figures,False,False,,
<SOURCE_ROOT>/fig/历史/fig4/ChatGPT 图像 2026年9月27日 14_11_36.png,fig/历史/fig4/ChatGPT 图像 2026年9月27日 14_11_36.png,ChatGPT 图像 2026年9月27日 14_11_36.png,.png,982337,0.93683,2026-09-27T14:11:36,81ff5c8cbd63a540272181d1ca1ead473756b75f29373bace266ddce88e1dc0a,07_figures,False,False,,
<SOURCE_ROOT>/fig/历史/fig4/ChatGPT 图像 2026年9月27日 14_27_26.png,fig/历史/fig4/ChatGPT 图像 2026年9月27日 14_27_26.png,ChatGPT 图像 2026年9月27日 14_27_26.png,.png,1030576,0.982834,2026-09-27T14:27:27,8ca69b5a3bb04dae0530012aebfdc5fe26edda74fd2ca852712de4b68a738c90,07_figures,False,False,,
<SOURCE_ROOT>/fig/历史/fig4/Fig4_data_verification.txt,fig/历史/fig4/Fig4_data_verification.txt,Fig4_data_verification.txt,.txt,899,0.000857,2026-09-27T13:48:38,53596838497c1f110adf186860bc25d4e34cc6a05b7fd5622893c4ad3caa7560,99_archive,False,False,,
<SOURCE_ROOT>/fig/历史/fig4/Fig4_JEV_Confidence_SelectiveRisk_MERGED_REAL.png,fig/历史/fig4/Fig4_JEV_Confidence_SelectiveRisk_MERGED_REAL.png,Fig4_JEV_Confidence_SelectiveRisk_MERGED_REAL.png,.png,1132665,1.080194,2026-09-27T13:48:34,ec6e253c034b5e222f47d829e289702564376e76014fdbf67c122401b9170a85,07_figures,False,False,,
<SOURCE_ROOT>/fig/历史/fig4/Fig4a_source.csv,fig/历史/fig4/Fig4a_source.csv,Fig4a_source.csv,.csv,1743,0.001662,2026-09-27T13:48:36,3772e90d748e87cf07e51064318de69f32746dedefe0f07f464abb1b4fcc8b86,99_archive,False,False,,
<SOURCE_ROOT>/fig/历史/fig4/Fig4b_source.csv,fig/历史/fig4/Fig4b_source.csv,Fig4b_source.csv,.csv,317908,0.303181,2026-09-27T13:48:38,a5fdb64bbff1df76d57fdb004df58df240354421e5a5b653572a9613bc6b60b8,99_archive,False,False,,
<SOURCE_ROOT>/fig/历史/fig5/ChatGPT 图像 2026年9月27日 13_08_29.png,fig/历史/fig5/ChatGPT 图像 2026年9月27日 13_08_29.png,ChatGPT 图像 2026年9月27日 13_08_29.png,.png,1132077,1.079633,2026-09-27T13:08:29,baa61915713abee90ee3b996dbeb9e98adf534e1097e8cc9ac1100f6cfd15beb,07_figures,False,False,,
<SOURCE_ROOT>/fig/图片数据/00_README/FIGURE_SUPPORT_AUDIT.txt,fig/图片数据/00_README/FIGURE_SUPPORT_AUDIT.txt,FIGURE_SUPPORT_AUDIT.txt,.txt,2378,0.002268,2026-09-27T06:39:44,06e1602d3a826197b8da6dc9a517cffda6871c5cbc15afb9bdcd598a639abbee,06_figure_data,False,False,,
<SOURCE_ROOT>/fig/图片数据/00_README/README_CN.txt,fig/图片数据/00_README/README_CN.txt,README_CN.txt,.txt,1212,0.001156,2026-09-27T06:39:44,d6836ec84ca55cd3a9444787e17c5a45ef0fc918f7d0cb8821960b7ba9f69e31,06_figure_data,False,False,,
<SOURCE_ROOT>/fig/图片数据/00_README/SHA256_MANIFEST.csv,fig/图片数据/00_README/SHA256_MANIFEST.csv,SHA256_MANIFEST.csv,.csv,8196,0.007816,2026-09-27T06:39:44,f4f15211be239007c50ebf172162da3c95afd2a0fe293dfd412b012d8399eb91,06_figure_data,False,False,,
<SOURCE_ROOT>/fig/图片数据/00_README/SOURCE_DATA_INDEX.csv,fig/图片数据/00_README/SOURCE_DATA_INDEX.csv,SOURCE_DATA_INDEX.csv,.csv,8894,0.008482,2026-09-27T06:39:44,2c62bac546e9c536441a4fc81a1a84c00a834c4044ce8a7f6a0ab20345c63c66,06_figure_data,False,False,,
<SOURCE_ROOT>/fig/图片数据/01_Fig1_Study_Setup/Fig1_cohort_task_plot_source.csv,fig/图片数据/01_Fig1_Study_Setup/Fig1_cohort_task_plot_source.csv,Fig1_cohort_task_plot_source.csv,.csv,1065,0.001016,2026-09-27T06:39:42,c4dd6c1e19e953d118cd93d2f5b73c33f7865dec94d3c91c85f8d122d0a5c491,06_figure_data,False,False,,
<SOURCE_ROOT>/fig/图片数据/01_Fig1_Study_Setup/FinalTest_Cohort_Audit.csv,fig/图片数据/01_Fig1_Study_Setup/FinalTest_Cohort_Audit.csv,FinalTest_Cohort_Audit.csv,.csv,155146,0.147959,2026-09-27T06:39:42,f06ba7baba7eaa1f8b9a1ec95fd759b916532038569f003734c185db701f76a8,06_figure_data,False,True,,
<SOURCE_ROOT>/fig/图片数据/01_Fig1_Study_Setup/NOTE_Fig1_schematic_elements.txt,fig/图片数据/01_Fig1_Study_Setup/NOTE_Fig1_schematic_elements.txt,NOTE_Fig1_schematic_elements.txt,.txt,387,0.000369,2026-09-27T06:39:42,262d8f7d9c30c54ec32e3c422adeccbf668831854c810843580610f348e39951,06_figure_data,False,False,,
<SOURCE_ROOT>/fig/图片数据/01_Fig1_Study_Setup/Step2A_Candidate_Availability_Audit.csv,fig/图片数据/01_Fig1_Study_Setup/Step2A_Candidate_Availability_Audit.csv,Step2A_Candidate_Availability_Audit.csv,.csv,4113,0.003922,2026-09-27T06:39:42,275daec70252dc1fb24a44c4d83b417e3f825fc518b566020f6e3b66e432f041,06_figure_data,False,True,,
<SOURCE_ROOT>/fig/图片数据/01_Fig1_Study_Setup/Step2A_Candidate_Set_Size.csv,fig/图片数据/01_Fig1_Study_Setup/Step2A_Candidate_Set_Size.csv,Step2A_Candidate_Set_Size.csv,.csv,1025538,0.978029,2026-09-27T06:39:42,7cafad08a5865cd8146aac9ba07a66319a5f6554f83601af3b1bc659d3ef3520,06_figure_data,False,True,,
<SOURCE_ROOT>/fig/图片数据/01_Fig1_Study_Setup/Step2A_Discovery_Report.json,fig/图片数据/01_Fig1_Study_Setup/Step2A_Discovery_Report.json,Step2A_Discovery_Report.json,.json,4627,0.004413,2026-09-27T06:39:42,650ee6ee3e0cacb6abe159ec4cfeb2b5b35735e601a1b6ff62d9b938d65b3b49,06_figure_data,False,True,,
<SOURCE_ROOT>/fig/图片数据/01_Fig1_Study_Setup/Step2A_Freeze_Config.json,fig/图片数据/01_Fig1_Study_Setup/Step2A_Freeze_Config.json,Step2A_Freeze_Config.json,.json,3218,0.003069,2026-09-27T06:39:42,070f3bafc2c2e123fd31ba311e1698c0c58b08693408edbec1e220af76613547,06_figure_data,False,True,,
<SOURCE_ROOT>/fig/图片数据/01_Fig1_Study_Setup/Step2A_QC.json,fig/图片数据/01_Fig1_Study_Setup/Step2A_QC.json,Step2A_QC.json,.json,1293,0.001233,2026-09-27T06:39:42,b2a119f64f5bd665d46a5633728ac7ffd08b22252afa67585158e92527fcf23c,06_figure_data,False,True,,
<SOURCE_ROOT>/fig/图片数据/02_Fig2_Workflow/Fig2_JEV_frozen_weights_plot_source.csv,fig/图片数据/02_Fig2_Workflow/Fig2_JEV_frozen_weights_plot_source.csv,Fig2_JEV_frozen_weights_plot_source.csv,.csv,112,0.000107,2026-09-27T06:39:42,f27c8ce0c4756cf3c0a26cfe0ce81afd83a63a2b999afa5506a902c45d8c0759,06_figure_data,False,False,,
<SOURCE_ROOT>/fig/图片数据/02_Fig2_Workflow/FINAL_TEST_PROTOCOL.md,fig/图片数据/02_Fig2_Workflow/FINAL_TEST_PROTOCOL.md,FINAL_TEST_PROTOCOL.md,.md,1085,0.001035,2026-09-27T06:39:42,dc8e471f7af0fcab3920ce87c5e3a6cc93ad0af4408a55e07967793e577565e9,06_figure_data,False,True,,
<SOURCE_ROOT>/fig/图片数据/02_Fig2_Workflow/FinalTest_QC.json,fig/图片数据/02_Fig2_Workflow/FinalTest_QC.json,FinalTest_QC.json,.json,198,0.000189,2026-09-27T06:39:42,43566c38bbf8003ef17f2a33296b71c561003324cf7e3a59c68735e86f8c8093,06_figure_data,False,True,,
<SOURCE_ROOT>/fig/图片数据/02_Fig2_Workflow/NOTE_Fig2_is_workflow_not_result_plot.txt,fig/图片数据/02_Fig2_Workflow/NOTE_Fig2_is_workflow_not_result_plot.txt,NOTE_Fig2_is_workflow_not_result_plot.txt,.txt,306,0.000292,2026-09-27T06:39:42,d9a0d1c890ee323cef9990e5aa3a9cc2ef30cf17be95323835c958ce89adec98,06_figure_data,False,False,,
<SOURCE_ROOT>/fig/图片数据/02_Fig2_Workflow/Stats_Freeze_Config.json,fig/图片数据/02_Fig2_Workflow/Stats_Freeze_Config.json,Stats_Freeze_Config.json,.json,2691,0.002566,2026-09-27T06:39:42,7b7778f32cea7c3db71b5bccf2263ac9cf451e374b7eb85b70f9b279efb49c52,06_figure_data,False,True,,
<SOURCE_ROOT>/fig/图片数据/02_Fig2_Workflow/Step2B_JEV_Weights.json,fig/图片数据/02_Fig2_Workflow/Step2B_JEV_Weights.json,Step2B_JEV_Weights.json,.json,767,0.000731,2026-09-27T06:39:42,f68432e1241374695e6af8657197ded4de3fbd1d25dec8c9d63647f6aa228839,06_figure_data,False,True,,
<SOURCE_ROOT>/fig/图片数据/02_Fig2_Workflow/Step2B_Method_Summary.csv,fig/图片数据/02_Fig2_Workflow/Step2B_Method_Summary.csv,Step2B_Method_Summary.csv,.csv,1383,0.001319,2026-09-27T06:39:42,bc48f7530fabf8c3f9db0afa6af873bfec83fce6f6c97a0bd943df5467eb0e40,06_figure_data,False,True,,
<SOURCE_ROOT>/fig/图片数据/02_Fig2_Workflow/Step2B_Model_Config.json,fig/图片数据/02_Fig2_Workflow/Step2B_Model_Config.json,Step2B_Model_Config.json,.json,2176,0.002075,2026-09-27T06:39:42,e42a645f28d5e1db625eee4bfd467a74775cbf190aa017a7b4f982a24db74c28,06_figure_data,False,True,,
<SOURCE_ROOT>/fig/图片数据/02_Fig2_Workflow/Step2C_Calibration_Method_Summary.csv,fig/图片数据/02_Fig2_Workflow/Step2C_Calibration_Method_Summary.csv,Step2C_Calibration_Method_Summary.csv,.csv,710,0.000677,2026-09-27T06:39:42,6194377dcf5b2da63c0a46445c2089c3f7cd6ed31c71121b99b0be4c9653cca0,06_figure_data,False,True,,
<SOURCE_ROOT>/fig/图片数据/02_Fig2_Workflow/Step2D_AURC_Summary.csv,fig/图片数据/02_Fig2_Workflow/Step2D_AURC_Summary.csv,Step2D_AURC_Summary.csv,.csv,1086,0.001036,2026-09-27T06:39:42,d3b66d286159adf2eaee8746d1f8c5521a7e382dbf4f1a8caf03e37772ea3def,06_figure_data,False,True,,
<SOURCE_ROOT>/fig/图片数据/02_Fig2_Workflow/Step2E_Method_Efficiency_Summary.csv,fig/图片数据/02_Fig2_Workflow/Step2E_Method_Efficiency_Summary.csv,Step2E_Method_Efficiency_Summary.csv,.csv,2114,0.002016,2026-09-27T06:39:42,1d34d2e433e9453ec91a439aaef51b051f1980aba6a323095413595b60e1b53f,06_figure_data,False,True,,
<SOURCE_ROOT>/fig/图片数据/02_Fig2_Workflow/Step2G_Confidence_Ablation_Summary.csv,fig/图片数据/02_Fig2_Workflow/Step2G_Confidence_Ablation_Summary.csv,Step2G_Confidence_Ablation_Summary.csv,.csv,2030,0.001936,2026-09-27T06:39:42,8f5ded0007a4d5255d22b54a315edd8ebca24138ae2dd06df896df9a4e15bd89,06_figure_data,False,True,,
<SOURCE_ROOT>/fig/图片数据/02_Fig2_Workflow/Step2G_Selection_Ablation_Summary.csv,fig/图片数据/02_Fig2_Workflow/Step2G_Selection_Ablation_Summary.csv,Step2G_Selection_Ablation_Summary.csv,.csv,1547,0.001475,2026-09-27T06:39:42,594b7b48032093036cbf604fa97d8a2daf491acaff840b5fd43fd7f72ebc4367,06_figure_data,False,True,,
<SOURCE_ROOT>/fig/图片数据/03_Fig3_Selection_Reality_Benchmark/FIG3_SOURCE_MISMATCH_NOTE.txt,fig/图片数据/03_Fig3_Selection_Reality_Benchmark/FIG3_SOURCE_MISMATCH_NOTE.txt,FIG3_SOURCE_MISMATCH_NOTE.txt,.txt,1469,0.001401,2026-09-27T06:39:44,59010733b38cc61a91dd9b280fdb4016ccd30ecd82095bfe39cd05eed3ded9a8,06_figure_data,False,False,,
<SOURCE_ROOT>/fig/图片数据/03_Fig3_Selection_Reality_Benchmark/Fig3a_Oracle_Switching_plot_source.csv,fig/图片数据/03_Fig3_Selection_Reality_Benchmark/Fig3a_Oracle_Switching_plot_source.csv,Fig3a_Oracle_Switching_plot_source.csv,.csv,15753,0.015023,2026-09-27T06:39:42,e1089f70eacc6311560179c0854196b37165e09212867793d2f77ffc71405fcb,06_figure_data,False,False,,
<SOURCE_ROOT>/fig/图片数据/03_Fig3_Selection_Reality_Benchmark/Fig3a_unique_oracle_candidate_counts.csv,fig/图片数据/03_Fig3_Selection_Reality_Benchmark/Fig3a_unique_oracle_candidate_counts.csv,Fig3a_unique_oracle_candidate_counts.csv,.csv,67,6.4e-05,2026-09-27T06:39:42,af7fec9bad18e77bfebc95f5f04343f9a999f2ed9d8c5d84ecc7c27859dcf057,06_figure_data,False,False,,
<SOURCE_ROOT>/fig/图片数据/03_Fig3_Selection_Reality_Benchmark/Fig3b_Candidate_Utility_Spread_target_time_plot_source.csv,fig/图片数据/03_Fig3_Selection_Reality_Benchmark/Fig3b_Candidate_Utility_Spread_target_time_plot_source.csv,Fig3b_Candidate_Utility_Spread_target_time_plot_source.csv,.csv,1346236,1.283871,2026-09-27T06:39:44,f0636f5b3be538ff4267d652d3f2bcf2df44c8076bcadd2a513944a35518b372,06_figure_data,False,False,,
<SOURCE_ROOT>/fig/图片数据/03_Fig3_Selection_Reality_Benchmark/Fig3b_spread_summary.csv,fig/图片数据/03_Fig3_Selection_Reality_Benchmark/Fig3b_spread_summary.csv,Fig3b_spread_summary.csv,.csv,174,0.000166,2026-09-27T06:39:44,a18b29d0600a9c65bdd89f7a345d094b538495760256c6b73232529c34b3eaa7,06_figure_data,False,False,,
<SOURCE_ROOT>/fig/图片数据/03_Fig3_Selection_Reality_Benchmark/Fig3c_Selector_Performance_plot_source.csv,fig/图片数据/03_Fig3_Selection_Reality_Benchmark/Fig3c_Selector_Performance_plot_source.csv,Fig3c_Selector_Performance_plot_source.csv,.csv,1051,0.001002,2026-09-27T06:39:44,7fe90b053431c62e5efcfe7b8555cd04ce5be2ce68eef15f5b4840c3d6849bfd,06_figure_data,False,False,,
<SOURCE_ROOT>/fig/图片数据/03_Fig3_Selection_Reality_Benchmark/Fig3d_DisplayMeanNR_Differences.csv,fig/图片数据/03_Fig3_Selection_Reality_Benchmark/Fig3d_DisplayMeanNR_Differences.csv,Fig3d_DisplayMeanNR_Differences.csv,.csv,617,0.000588,2026-09-27T06:39:44,85568a041f3682c38fb75bfe0e47295052cb77af48f0ae7eb11f46f3a24737e4,06_figure_data,False,False,,
<SOURCE_ROOT>/fig/图片数据/03_Fig3_Selection_Reality_Benchmark/FinalTest_Primary_Comparisons.csv,fig/图片数据/03_Fig3_Selection_Reality_Benchmark/FinalTest_Primary_Comparisons.csv,FinalTest_Primary_Comparisons.csv,.csv,647,0.000617,2026-09-27T06:39:42,cba736d0a398d75e39f7946dbca9dee96bd204127ad80b91b81a62ae27d7a2d0,06_figure_data,False,True,,
<SOURCE_ROOT>/fig/图片数据/03_Fig3_Selection_Reality_Benchmark/FinalTest_Selector_Performance.csv,fig/图片数据/03_Fig3_Selection_Reality_Benchmark/FinalTest_Selector_Performance.csv,FinalTest_Selector_Performance.csv,.csv,1506,0.001436,2026-09-27T06:39:42,3427a6b05aad2757f350e9cf5498f9de138536179c9cf1c83bf68325f3f89be8,06_figure_data,False,True,,
<SOURCE_ROOT>/fig/图片数据/03_Fig3_Selection_Reality_Benchmark/Step2A_Oracle_Turnover.csv,fig/图片数据/03_Fig3_Selection_Reality_Benchmark/Step2A_Oracle_Turnover.csv,Step2A_Oracle_Turnover.csv,.csv,22180,0.021152,2026-09-27T06:39:42,48488477366b744572d23294f55bc03fef86ee84b28f065767cae0953ba76e9c,06_figure_data,False,True,,
<SOURCE_ROOT>/fig/图片数据/03_Fig3_Selection_Reality_Benchmark/Step2A_Oracle_Utility.csv,fig/图片数据/03_Fig3_Selection_Reality_Benchmark/Step2A_Oracle_Utility.csv,Step2A_Oracle_Utility.csv,.csv,12334040,11.762657,2026-09-27T06:39:42,ac40ecf6802e054dba1eba9f29f7ad1ed7fcba98069df34a338bb340656962a7,06_figure_data,False,True,,
<SOURCE_ROOT>/fig/图片数据/03_Fig3_Selection_Reality_Benchmark/Step2A_Target_Level_Summary.csv,fig/图片数据/03_Fig3_Selection_Reality_Benchmark/Step2A_Target_Level_Summary.csv,Step2A_Target_Level_Summary.csv,.csv,22180,0.021152,2026-09-27T06:39:42,48488477366b744572d23294f55bc03fef86ee84b28f065767cae0953ba76e9c,06_figure_data,False,True,,
<SOURCE_ROOT>/fig/图片数据/04_Fig4_Confidence_SelectiveRisk/Fig4_operating_points_100_50_40_20.csv,fig/图片数据/04_Fig4_Confidence_SelectiveRisk/Fig4_operating_points_100_50_40_20.csv,Fig4_operating_points_100_50_40_20.csv,.csv,443,0.000422,2026-09-27T06:39:44,b8b7fa6d6dc822b6bacff1f08eeb9fe72f2913e392a182a43bbf6eefbb61663c,06_figure_data,False,False,,
<SOURCE_ROOT>/fig/图片数据/04_Fig4_Confidence_SelectiveRisk/FinalTest_Calibration.csv,fig/图片数据/04_Fig4_Confidence_SelectiveRisk/FinalTest_Calibration.csv,FinalTest_Calibration.csv,.csv,290,0.000277,2026-09-27T06:39:42,670ce1d55362eec1716622b57bfec944da869a553522aad79c4d9c0990b41904,06_figure_data,False,True,,
<SOURCE_ROOT>/fig/图片数据/04_Fig4_Confidence_SelectiveRisk/FinalTest_Confidence_Comparisons.csv,fig/图片数据/04_Fig4_Confidence_SelectiveRisk/FinalTest_Confidence_Comparisons.csv,FinalTest_Confidence_Comparisons.csv,.csv,471,0.000449,2026-09-27T06:39:42,a45c2df3777a4dac53889eb5351eaf7fb3a715d4856ae3cc265530bf398c7adf,06_figure_data,False,True,,
<SOURCE_ROOT>/fig/图片数据/04_Fig4_Confidence_SelectiveRisk/FinalTest_RiskCoverage_Curve.csv,fig/图片数据/04_Fig4_Confidence_SelectiveRisk/FinalTest_RiskCoverage_Curve.csv,FinalTest_RiskCoverage_Curve.csv,.csv,205415,0.195899,2026-09-27T06:39:42,f8db69778ca2f618e9e3b433fd1cfb425cd37303b94a787aed0911e08db679a9,06_figure_data,False,True,,
<SOURCE_ROOT>/fig/图片数据/04_Fig4_Confidence_SelectiveRisk/FinalTest_RiskCoverage_FixedCoverage.csv,fig/图片数据/04_Fig4_Confidence_SelectiveRisk/FinalTest_RiskCoverage_FixedCoverage.csv,FinalTest_RiskCoverage_FixedCoverage.csv,.csv,871,0.000831,2026-09-27T06:39:42,a2f64795b5828d3d880ff6deb45a1442a1e79c5ff0895c4d33f4ae26779078af,06_figure_data,False,True,,
<SOURCE_ROOT>/fig/图片数据/04_Fig4_Confidence_SelectiveRisk/Step2C_Reliability_Bins.csv,fig/图片数据/04_Fig4_Confidence_SelectiveRisk/Step2C_Reliability_Bins.csv,Step2C_Reliability_Bins.csv,.csv,1788,0.001705,2026-09-27T06:39:42,6307c04c26586ddd4b291dd9a560b6f2eeab4d65422156c027e791955aa260ba,06_figure_data,False,True,,
<SOURCE_ROOT>/fig/图片数据/04_Fig4_Confidence_SelectiveRisk/Step2C_Reliability_Diagram_SourceData.csv,fig/图片数据/04_Fig4_Confidence_SelectiveRisk/Step2C_Reliability_Diagram_SourceData.csv,Step2C_Reliability_Diagram_SourceData.csv,.csv,1788,0.001705,2026-09-27T06:39:42,6307c04c26586ddd4b291dd9a560b6f2eeab4d65422156c027e791955aa260ba,06_figure_data,False,True,,
<SOURCE_ROOT>/fig/图片数据/05_Fig5_Efficiency_Ablation/Fig5a_end_to_end_latency_plot_source.csv,fig/图片数据/05_Fig5_Efficiency_Ablation/Fig5a_end_to_end_latency_plot_source.csv,Fig5a_end_to_end_latency_plot_source.csv,.csv,18834,0.017962,2026-09-27T06:39:44,a425db85740921c62d81ed5293e51a58535ddc9f3eeb17348047cf51166a91f7,06_figure_data,False,False,,
<SOURCE_ROOT>/fig/图片数据/05_Fig5_Efficiency_Ablation/Fig5b_Pareto_plot_source.csv,fig/图片数据/05_Fig5_Efficiency_Ablation/Fig5b_Pareto_plot_source.csv,Fig5b_Pareto_plot_source.csv,.csv,1160,0.001106,2026-09-27T06:39:44,97b1e836a570a5a724b8c01d80566aa446c7a87856c4b0f91902f54a6d007fc9,06_figure_data,False,False,,
<SOURCE_ROOT>/fig/图片数据/05_Fig5_Efficiency_Ablation/Fig5c_Selection_Ablation_plot_source.csv,fig/图片数据/05_Fig5_Efficiency_Ablation/Fig5c_Selection_Ablation_plot_source.csv,Fig5c_Selection_Ablation_plot_source.csv,.csv,1550,0.001478,2026-09-27T06:39:44,f1055f84b8036058dbcfb5ed1802c4794f6c10f4326255cbe3b6f6e9f29eab40,06_figure_data,False,False,,
<SOURCE_ROOT>/fig/图片数据/05_Fig5_Efficiency_Ablation/Fig5d_Confidence_Ablation_plot_source.csv,fig/图片数据/05_Fig5_Efficiency_Ablation/Fig5d_Confidence_Ablation_plot_source.csv,Fig5d_Confidence_Ablation_plot_source.csv,.csv,2033,0.001939,2026-09-27T06:39:44,d93c2f722ca0a62a6c90c46504c830dbae219ca9b1a1edac08f572bc707b593a,06_figure_data,False,False,,
<SOURCE_ROOT>/fig/图片数据/05_Fig5_Efficiency_Ablation/Step2E_Inference_Latency.csv,fig/图片数据/05_Fig5_Efficiency_Ablation/Step2E_Inference_Latency.csv,Step2E_Inference_Latency.csv,.csv,20204,0.019268,2026-09-27T06:39:42,4c1d59e81b9b8eda67d56fbc81c757b72fae3b2c534e4e9472a2d3d5a3bfe9f3,06_figure_data,False,True,,
<SOURCE_ROOT>/fig/图片数据/05_Fig5_Efficiency_Ablation/Step2E_Model_Size.csv,fig/图片数据/05_Fig5_Efficiency_Ablation/Step2E_Model_Size.csv,Step2E_Model_Size.csv,.csv,874,0.000834,2026-09-27T06:39:42,6ca6b2d4da227d4f4b9926709c0baec1f7f43d855138d0837af49f13aee038a5,06_figure_data,False,True,,
<SOURCE_ROOT>/fig/图片数据/05_Fig5_Efficiency_Ablation/Step2E_Pareto_Analysis.csv,fig/图片数据/05_Fig5_Efficiency_Ablation/Step2E_Pareto_Analysis.csv,Step2E_Pareto_Analysis.csv,.csv,1157,0.001103,2026-09-27T06:39:42,4ae8594fcb09d83df0f9d230f84b12b52cd9483615cde724b1da030831e56d59,06_figure_data,False,True,,
<SOURCE_ROOT>/fig/图片数据/05_Fig5_Efficiency_Ablation/Step2E_Regret_Latency_SourceData.csv,fig/图片数据/05_Fig5_Efficiency_Ablation/Step2E_Regret_Latency_SourceData.csv,Step2E_Regret_Latency_SourceData.csv,.csv,1157,0.001103,2026-09-27T06:39:42,4ae8594fcb09d83df0f9d230f84b12b52cd9483615cde724b1da030831e56d59,06_figure_data,False,True,,
<SOURCE_ROOT>/fig/图片数据/05_Fig5_Efficiency_Ablation/Step2E_Throughput.csv,fig/图片数据/05_Fig5_Efficiency_Ablation/Step2E_Throughput.csv,Step2E_Throughput.csv,.csv,368,0.000351,2026-09-27T06:39:42,d53bf20bb1935dcc91754fad99811ed11b188b31121abb42feb842443846f947,06_figure_data,False,True,,
<SOURCE_ROOT>/fig/图片数据/05_Fig5_Efficiency_Ablation/Step2G_Ablation_Weights.csv,fig/图片数据/05_Fig5_Efficiency_Ablation/Step2G_Ablation_Weights.csv,Step2G_Ablation_Weights.csv,.csv,1137,0.001084,2026-09-27T06:39:42,016cdeb5b0848af0bdb93439b33eef6571ae72963b92595a39f00955687d952b,06_figure_data,False,True,,
<SOURCE_ROOT>/fig/图片数据/05_Fig5_Efficiency_Ablation/Step2G_Confidence_Ablation_Summary.csv,fig/图片数据/05_Fig5_Efficiency_Ablation/Step2G_Confidence_Ablation_Summary.csv,Step2G_Confidence_Ablation_Summary.csv,.csv,2030,0.001936,2026-09-27T06:39:42,8f5ded0007a4d5255d22b54a315edd8ebca24138ae2dd06df896df9a4e15bd89,06_figure_data,False,True,,
<SOURCE_ROOT>/fig/图片数据/05_Fig5_Efficiency_Ablation/Step2G_Freeze_Summary.json,fig/图片数据/05_Fig5_Efficiency_Ablation/Step2G_Freeze_Summary.json,Step2G_Freeze_Summary.json,.json,2454,0.00234,2026-09-27T06:39:42,9c92f27c15886385c36bdaf0b977110f5e11fb40e403486d51baac16bb62835e,06_figure_data,False,True,,
<SOURCE_ROOT>/fig/图片数据/05_Fig5_Efficiency_Ablation/Step2G_Metadata_Correction.json,fig/图片数据/05_Fig5_Efficiency_Ablation/Step2G_Metadata_Correction.json,Step2G_Metadata_Correction.json,.json,511,0.000487,2026-09-27T06:39:42,9177aa85440e47edc89811ddaa26d456b1ad13c813ebd956e3947693a1a87b5e,06_figure_data,False,True,,
<SOURCE_ROOT>/fig/图片数据/05_Fig5_Efficiency_Ablation/Step2G_Paired_Development_Comparisons.csv,fig/图片数据/05_Fig5_Efficiency_Ablation/Step2G_Paired_Development_Comparisons.csv,Step2G_Paired_Development_Comparisons.csv,.csv,2170,0.002069,2026-09-27T06:39:42,7e6d427aa961780f17b6e2dfba44952969ff6b0d8ee9faa8e9538c337ecfec2d,06_figure_data,False,True,,
<SOURCE_ROOT>/fig/图片数据/05_Fig5_Efficiency_Ablation/Step2G_Selection_Ablation_Summary.csv,fig/图片数据/05_Fig5_Efficiency_Ablation/Step2G_Selection_Ablation_Summary.csv,Step2G_Selection_Ablation_Summary.csv,.csv,1547,0.001475,2026-09-27T06:39:42,594b7b48032093036cbf604fa97d8a2daf491acaff840b5fd43fd7f72ebc4367,06_figure_data,False,True,,
<SOURCE_ROOT>/fig/图片数据/05_Fig5_Efficiency_Ablation/Step2G_Station_Level_Ablation.csv,fig/图片数据/05_Fig5_Efficiency_Ablation/Step2G_Station_Level_Ablation.csv,Step2G_Station_Level_Ablation.csv,.csv,81527,0.07775,2026-09-27T06:39:42,629d47ce8dda8378738ce08bab184c4832a4c94c9af1a22c7954916dedb3a72c,06_figure_data,False,True,,
<SOURCE_ROOT>/fig/图片数据/90_Reference_Images/Fig1_uploaded.png,fig/图片数据/90_Reference_Images/Fig1_uploaded.png,Fig1_uploaded.png,.png,2528990,2.411833,2026-09-27T06:28:50,2ace54ee6d648208808491d5d82ed79fb59f148a249d537491cd8e19e35f5f43,06_figure_data,False,False,,
<SOURCE_ROOT>/fig/图片数据/90_Reference_Images/Fig2_uploaded.png,fig/图片数据/90_Reference_Images/Fig2_uploaded.png,Fig2_uploaded.png,.png,2231761,2.128373,2026-09-27T06:28:52,d5fcd115f3eba59ca5619d936279187f91d9e7eb0935a4a93e24b68bf0b79854,06_figure_data,False,False,,
<SOURCE_ROOT>/fig/图片数据/90_Reference_Images/Fig3_uploaded.png,fig/图片数据/90_Reference_Images/Fig3_uploaded.png,Fig3_uploaded.png,.png,2058787,1.963412,2026-09-27T06:28:52,3adc779694c3a806b279f3fd53c23e44e64dd44bd8b5164ab17f6a0cf5e17bee,06_figure_data,False,False,,
<SOURCE_ROOT>/fig/图片数据/90_Reference_Images/Fig4_uploaded.png,fig/图片数据/90_Reference_Images/Fig4_uploaded.png,Fig4_uploaded.png,.png,1030576,0.982834,2026-09-27T06:28:52,8ca69b5a3bb04dae0530012aebfdc5fe26edda74fd2ca852712de4b68a738c90,06_figure_data,False,False,,
<SOURCE_ROOT>/fig/图片数据/90_Reference_Images/Fig5_uploaded.png,fig/图片数据/90_Reference_Images/Fig5_uploaded.png,Fig5_uploaded.png,.png,1807345,1.723619,2026-09-27T06:28:52,2e3c341a1ab697aaee2b5a7e34fa94f5d69e8fed222b2e3a683e696884777abc,06_figure_data,False,False,,
<SOURCE_ROOT>/fig/图片数据/JEV_Fig1-Fig5_Supporting_Data_REAL_20260927.zip,fig/图片数据/JEV_Fig1-Fig5_Supporting_Data_REAL_20260927.zip,JEV_Fig1-Fig5_Supporting_Data_REAL_20260927.zip,.zip,11854382,11.30522,2026-09-27T14:58:27,ccd546b523ec6d3c93dc448a389ecbfe6cd5980b8aa628ee89c69ffee43cf419,06_figure_data,False,False,,
<SOURCE_ROOT>/fig/正式图/all/Fig1_FINAL_16x9_300dpi.png,fig/正式图/all/Fig1_FINAL_16x9_300dpi.png,Fig1_FINAL_16x9_300dpi.png,.png,6501372,6.200191,2026-09-27T07:20:24,5ab07bc7ec022c1a8366e912ef6f89b7b4b178b490f316c6581e7c6f441c3939,07_figures,False,True,,
<SOURCE_ROOT>/fig/正式图/all/Fig2_FINAL_16x9_300dpi.png,fig/正式图/all/Fig2_FINAL_16x9_300dpi.png,Fig2_FINAL_16x9_300dpi.png,.png,6079601,5.797959,2026-09-27T07:21:20,a96780e58d2ef1d7dea869f003d4d2a43c92760f961d657fa69593bccca03e1a,07_figures,False,True,,
<SOURCE_ROOT>/fig/正式图/all/Fig3_300dpi.png,fig/正式图/all/Fig3_300dpi.png,Fig3_300dpi.png,.png,1221719,1.165122,2026-09-27T07:44:32,56c31b43ca0dadfd207e0cbad070840d368b2808d55e9727e8da3b2d70d32275,07_figures,False,True,,
<SOURCE_ROOT>/fig/正式图/all/Fig4_FINAL_16x9_300dpi.png,fig/正式图/all/Fig4_FINAL_16x9_300dpi.png,Fig4_FINAL_16x9_300dpi.png,.png,4877010,4.651079,2026-09-27T07:22:10,aaa8e9e7ddacef96a5836f94bfd70d9ee590ead3a7fd2caf2ef3cf8de42b8ad0,07_figures,False,True,,
<SOURCE_ROOT>/fig/正式图/all/Fig5_FINAL_16x9_300dpi.png,fig/正式图/all/Fig5_FINAL_16x9_300dpi.png,Fig5_FINAL_16x9_300dpi.png,.png,5639661,5.3784,2026-09-27T07:22:22,e8a55256a464c4fd10266bc8d3db974148b20c18d9e99f3c2ed733b14a987e00,07_figures,False,True,,
<SOURCE_ROOT>/fig/正式图/EXPORT_MANIFEST.csv,fig/正式图/EXPORT_MANIFEST.csv,EXPORT_MANIFEST.csv,.csv,2498,0.002382,2026-09-27T07:24:00,7109eb66f6672590497af252b4b8b800a842944278b3a2342f6e68b320f89df0,07_figures,False,False,,
<SOURCE_ROOT>/fig/正式图/fig01/Fig1_FINAL_16x9_300dpi.png,fig/正式图/fig01/Fig1_FINAL_16x9_300dpi.png,Fig1_FINAL_16x9_300dpi.png,.png,6501372,6.200191,2026-09-27T07:20:24,5ab07bc7ec022c1a8366e912ef6f89b7b4b178b490f316c6581e7c6f441c3939,07_figures,False,True,,
<SOURCE_ROOT>/fig/正式图/fig01/Fig1_FINAL_16x9_300dpi.tiff,fig/正式图/fig01/Fig1_FINAL_16x9_300dpi.tiff,Fig1_FINAL_16x9_300dpi.tiff,.tiff,8203812,7.823765,2026-09-27T07:20:28,73381a571aaab72bc12533e873baf276c94582f94d1ee9c55214adfa5c2850a6,07_figures,False,False,,
<SOURCE_ROOT>/fig/正式图/fig01/Fig1_FINAL_16x9_600dpi.png,fig/正式图/fig01/Fig1_FINAL_16x9_600dpi.png,Fig1_FINAL_16x9_600dpi.png,.png,17615194,16.799158,2026-09-27T07:20:46,8f4292466f60224cfa36594c7585dec414c8ffd3180f54dadce38a465841444b,07_figures,False,False,,
<SOURCE_ROOT>/fig/正式图/fig01/Fig1_FINAL_16x9_600dpi.tiff,fig/正式图/fig01/Fig1_FINAL_16x9_600dpi.tiff,Fig1_FINAL_16x9_600dpi.tiff,.tiff,23082956,22.013622,2026-09-27T07:21:18,11933f4c8d33c5e6a11e4c55fee1379a6c7b10f591589d7248431a6676e02a36,07_figures,False,False,,
<SOURCE_ROOT>/fig/正式图/fig02/Fig2_FINAL_16x9_300dpi.png,fig/正式图/fig02/Fig2_FINAL_16x9_300dpi.png,Fig2_FINAL_16x9_300dpi.png,.png,6079601,5.797959,2026-09-27T07:21:20,a96780e58d2ef1d7dea869f003d4d2a43c92760f961d657fa69593bccca03e1a,07_figures,False,True,,
<SOURCE_ROOT>/fig/正式图/fig02/Fig2_FINAL_16x9_300dpi.tiff,fig/正式图/fig02/Fig2_FINAL_16x9_300dpi.tiff,Fig2_FINAL_16x9_300dpi.tiff,.tiff,7105094,6.775946,2026-09-27T07:21:22,772191bb9f1de0b0e9da06f7beb0230ec917c1c43d278fbe65dbae86086d11c2,07_figures,False,False,,
<SOURCE_ROOT>/fig/正式图/fig02/Fig2_FINAL_16x9_600dpi.png,fig/正式图/fig02/Fig2_FINAL_16x9_600dpi.png,Fig2_FINAL_16x9_600dpi.png,.png,16868092,16.086666,2026-09-27T07:21:28,9e996adb3fcfaa6d034d9464921f66f5efdd644148bbdcee8ac46b89f76e33c5,07_figures,False,False,,
<SOURCE_ROOT>/fig/正式图/fig02/Fig2_FINAL_16x9_600dpi.tiff,fig/正式图/fig02/Fig2_FINAL_16x9_600dpi.tiff,Fig2_FINAL_16x9_600dpi.tiff,.tiff,20003278,19.076612,2026-09-27T07:21:32,a33c428e2b5129daadc1066f84ae903c31e5405a9708562eea761a7d92174b13,07_figures,False,False,,
<SOURCE_ROOT>/fig/正式图/fig03/fig03.png,fig/正式图/fig03/fig03.png,fig03.png,.png,1572880,1.500015,2026-09-28T09:21:34,4621020c7f62f1c4baefb2ebe0e2a84ccb9556f03efbea841d48f1aab304265b,07_figures,False,False,,
<SOURCE_ROOT>/fig/正式图/fig03/历史/Fig3_300dpi.png,fig/正式图/fig03/历史/Fig3_300dpi.png,Fig3_300dpi.png,.png,1221719,1.165122,2026-09-27T07:44:32,56c31b43ca0dadfd207e0cbad070840d368b2808d55e9727e8da3b2d70d32275,07_figures,False,True,,
<SOURCE_ROOT>/fig/正式图/fig03/历史/Fig3_300dpi.tiff,fig/正式图/fig03/历史/Fig3_300dpi.tiff,Fig3_300dpi.tiff,.tiff,1418778,1.353052,2026-09-27T07:44:38,6e4427ecd2bafb975da3abab075be8ba019a448cac475ae671880f88e756cfa0,07_figures,False,False,,
<SOURCE_ROOT>/fig/正式图/fig03/历史/Fig3_600dpi.png,fig/正式图/fig03/历史/Fig3_600dpi.png,Fig3_600dpi.png,.png,2941404,2.805141,2026-09-27T07:44:38,350f5d5d9b789219b88d74e3a96da48d1e1d01ed42eec8a4ede3dac609a3514d,07_figures,False,False,,
<SOURCE_ROOT>/fig/正式图/fig03/历史/Fig3_600dpi.tiff,fig/正式图/fig03/历史/Fig3_600dpi.tiff,Fig3_600dpi.tiff,.tiff,5076992,4.841797,2026-09-27T07:44:38,dde7b10592021b7b8d8a3778adf215ace8503506d827f28d5bad53f4d1071711,07_figures,False,False,,
<SOURCE_ROOT>/fig/正式图/fig03/历史/Fig3_SCI_Multiformat_300_600dpi.zip,fig/正式图/fig03/历史/Fig3_SCI_Multiformat_300_600dpi.zip,Fig3_SCI_Multiformat_300_600dpi.zip,.zip,10632967,10.140388,2026-09-27T15:45:44,b188668d145f3f9aa5299532a1aa7a0da1d98cc0dc5ce7e0314f0fb3eac44cfe,07_figures,False,False,,
<SOURCE_ROOT>/fig/正式图/fig04/Fig4_FINAL_16x9_300dpi.png,fig/正式图/fig04/Fig4_FINAL_16x9_300dpi.png,Fig4_FINAL_16x9_300dpi.png,.png,4877010,4.651079,2026-09-27T07:22:10,aaa8e9e7ddacef96a5836f94bfd70d9ee590ead3a7fd2caf2ef3cf8de42b8ad0,07_figures,False,True,,
<SOURCE_ROOT>/fig/正式图/fig04/Fig4_FINAL_16x9_300dpi.tiff,fig/正式图/fig04/Fig4_FINAL_16x9_300dpi.tiff,Fig4_FINAL_16x9_300dpi.tiff,.tiff,5271934,5.027708,2026-09-27T07:22:10,edf78f1c1f9faa85a39822ea876259928027463ffa20c17095acb947d3ebde3a,07_figures,False,False,,
<SOURCE_ROOT>/fig/正式图/fig04/Fig4_FINAL_16x9_600dpi.png,fig/正式图/fig04/Fig4_FINAL_16x9_600dpi.png,Fig4_FINAL_16x9_600dpi.png,.png,13082515,12.476459,2026-09-27T07:22:18,05b73158b48cf6185f26adf055c7434f35257dc61bfd609ce737dd19507e850f,07_figures,False,False,,
<SOURCE_ROOT>/fig/正式图/fig04/Fig4_FINAL_16x9_600dpi.tiff,fig/正式图/fig04/Fig4_FINAL_16x9_600dpi.tiff,Fig4_FINAL_16x9_600dpi.tiff,.tiff,14473098,13.802622,2026-09-27T07:22:20,b28ca5e26af6694d87a469a63fe3c7d36f1c8dee8b95eefd791fcd34a0c3c70b,07_figures,False,False,,
<SOURCE_ROOT>/fig/正式图/fig05/Fig5_FINAL_16x9_300dpi.png,fig/正式图/fig05/Fig5_FINAL_16x9_300dpi.png,Fig5_FINAL_16x9_300dpi.png,.png,5639661,5.3784,2026-09-27T07:22:22,e8a55256a464c4fd10266bc8d3db974148b20c18d9e99f3c2ed733b14a987e00,07_figures,False,True,,
<SOURCE_ROOT>/fig/正式图/fig05/Fig5_FINAL_16x9_300dpi.tiff,fig/正式图/fig05/Fig5_FINAL_16x9_300dpi.tiff,Fig5_FINAL_16x9_300dpi.tiff,.tiff,5924178,5.649736,2026-09-27T07:22:24,0f7886d419bf2418a6265495b48c4e6ab8fdb16b2dde2c966e9be4dc60165bb1,07_figures,False,False,,
<SOURCE_ROOT>/fig/正式图/fig05/Fig5_FINAL_16x9_600dpi.png,fig/正式图/fig05/Fig5_FINAL_16x9_600dpi.png,Fig5_FINAL_16x9_600dpi.png,.png,14980276,14.286304,2026-09-27T07:22:32,9587b16ebaa173468842b4ed7b5b72ecc30a9bf535ef6b097603fdcba4f6d1fc,07_figures,False,False,,
<SOURCE_ROOT>/fig/正式图/fig05/Fig5_FINAL_16x9_600dpi.tiff,fig/正式图/fig05/Fig5_FINAL_16x9_600dpi.tiff,Fig5_FINAL_16x9_600dpi.tiff,.tiff,15993348,15.252445,2026-09-27T07:22:36,22b3bf351cc5e2f99f69ae535408ce649132c5801067392d2228020576979f7d,07_figures,False,False,,
<SOURCE_ROOT>/fig/正式图/IDENTIFY_CHECK.txt,fig/正式图/IDENTIFY_CHECK.txt,IDENTIFY_CHECK.txt,.txt,1310,0.001249,2026-09-27T07:23:00,a4db0ae57e91587faa8691316de8fdf74617485c78ec57fbc4014d549d29d3b1,07_figures,False,False,,
<SOURCE_ROOT>/fig/正式图/JEV_Fig1-Fig5_FINAL_SCI_Multiformat_16x9_20260927.zip,fig/正式图/JEV_Fig1-Fig5_FINAL_SCI_Multiformat_16x9_20260927.zip,JEV_Fig1-Fig5_FINAL_SCI_Multiformat_16x9_20260927.zip,.zip,202426686,193.049131,2026-09-27T15:25:47,d0369f660fa01c68af67020ef2e09062a4b3e3472e43f1d742e182ebcf2d894d,07_figures,True,False,,
<SOURCE_ROOT>/fig/正式图/QC_3PASS_FINAL_REPORT.txt,fig/正式图/QC_3PASS_FINAL_REPORT.txt,QC_3PASS_FINAL_REPORT.txt,.txt,3724,0.003551,2026-09-27T07:24:00,e93688c57af783dcbd6b6955ce20b322764d0cc78b3bebbbf37eb59ebe5b3788,07_figures,False,False,,
<SOURCE_ROOT>/JEV_Small_Paper_Positioning_Black_White_20260923.docx,JEV_Small_Paper_Positioning_Black_White_20260923.docx,JEV_Small_Paper_Positioning_Black_White_20260923.docx,.docx,71344,0.068039,2026-09-23T15:35:19,087d5ac9e503939b0ff0c7dc4669e62cdaa29ecda31ac57c67b069f7769c371b,04_experiment_results,False,False,,
<SOURCE_ROOT>/JEV_小论文最终研究基准文档_20260924.docx,JEV_小论文最终研究基准文档_20260924.docx,JEV_小论文最终研究基准文档_20260924.docx,.docx,70835,0.067554,2026-09-24T19:30:33,b4d6af8a994cbe20515314d1353800c2c2b4d5912427af5c2a9df51af2c4f2fa,04_experiment_results,False,False,,
<SOURCE_ROOT>/training_data.zip,training_data.zip,training_data.zip,.zip,387649656,369.691521,2026-09-26T15:15:00,8b1b9a1516049bb6961d65e5009f6069f577fc664b4a280cd6ea2a609017f8a1,02_training_data,True,False,,
<SOURCE_ROOT>/training_data/01_STEP1B_FULL_H30/00_CONFIG/model_lock.json,training_data/01_STEP1B_FULL_H30/00_CONFIG/model_lock.json,model_lock.json,.json,804,0.000767,2026-09-22T21:47:49,4c4055d8acbd9fa30cf3975248d4715d40e48853238dc1d0048710c800ebfd6d,02_training_data,False,False,,
<SOURCE_ROOT>/training_data/01_STEP1B_FULL_H30/00_CONFIG/run_state.json,training_data/01_STEP1B_FULL_H30/00_CONFIG/run_state.json,run_state.json,.json,403,0.000384,2026-09-22T21:50:52,68c9e1ac688d0abe90ae4abfe5f32cf695cbdf4e1c4d0ab6699e247e84ec20ce,02_training_data,False,False,,
<SOURCE_ROOT>/training_data/01_STEP1B_FULL_H30/00_CONFIG/Step1B_Full_H30_Config.json,training_data/01_STEP1B_FULL_H30/00_CONFIG/Step1B_Full_H30_Config.json,Step1B_Full_H30_Config.json,.json,4531,0.004321,2026-09-22T19:34:45,2357b6c7db893b40d3e2545be267b5a22652247fae8988ce495f66598519cffd,02_training_data,False,False,,
<SOURCE_ROOT>/training_data/01_STEP1B_FULL_H30/01_EVALUATION_SCOPE/evaluation_sample_counts.csv,training_data/01_STEP1B_FULL_H30/01_EVALUATION_SCOPE/evaluation_sample_counts.csv,evaluation_sample_counts.csv,.csv,119,0.000113,2026-09-22T19:35:54,ea1c9467d3da3fc6ba70ce67464e6903fdca7bde34ef74f687350004b5548ce1,02_training_data,False,False,,
<SOURCE_ROOT>/training_data/01_STEP1B_FULL_H30/01_EVALUATION_SCOPE/evaluation_scope.json,training_data/01_STEP1B_FULL_H30/01_EVALUATION_SCOPE/evaluation_scope.json,evaluation_scope.json,.json,763,0.000728,2026-09-22T19:35:54,ac09af72f34f68f406909e210c38cc642a58a4adbe0558dd93c8c4d3c151a1fc,02_training_data,False,False,,
<SOURCE_ROOT>/training_data/01_STEP1B_FULL_H30/01_EVALUATION_SCOPE/seen_test_station_ids.csv,training_data/01_STEP1B_FULL_H30/01_EVALUATION_SCOPE/seen_test_station_ids.csv,seen_test_station_ids.csv,.csv,1863,0.001777,2026-09-22T19:35:54,876345255192234a14ae42d9bb2f7c948eb5ab901825973f86eee67fdc45c494,02_training_data,False,False,,
<SOURCE_ROOT>/training_data/01_STEP1B_FULL_H30/01_EVALUATION_SCOPE/seen_validation_station_ids.csv,training_data/01_STEP1B_FULL_H30/01_EVALUATION_SCOPE/seen_validation_station_ids.csv,seen_validation_station_ids.csv,.csv,1639,0.001563,2026-09-22T19:35:54,3afdb904fff7a64f12b0fe4661c5c4bb2b877c43df3a5254c3c6f0ee19ee40da,02_training_data,False,False,,
<SOURCE_ROOT>/training_data/01_STEP1B_FULL_H30/01_EVALUATION_SCOPE/unseen_test_station_ids.csv,training_data/01_STEP1B_FULL_H30/01_EVALUATION_SCOPE/unseen_test_station_ids.csv,unseen_test_station_ids.csv,.csv,215,0.000205,2026-09-22T19:35:54,2c0a57e150c403e88f78ed8989c912f3dc3f996fc55833956e1668f23861b0e4,02_training_data,False,False,,
<SOURCE_ROOT>/training_data/01_STEP1B_FULL_H30/01_EVALUATION_SCOPE/unseen_validation_station_ids.csv,training_data/01_STEP1B_FULL_H30/01_EVALUATION_SCOPE/unseen_validation_station_ids.csv,unseen_validation_station_ids.csv,.csv,87,8.3e-05,2026-09-22T19:35:54,30081e23bffcfdefbd2f0c3a058bb40db3a5589cbe778207ac1bbc63d1f562aa,02_training_data,False,False,,
<SOURCE_ROOT>/training_data/01_STEP1B_FULL_H30/03_HISTORICAL_AVERAGE/ha_config.json,training_data/01_STEP1B_FULL_H30/03_HISTORICAL_AVERAGE/ha_config.json,ha_config.json,.json,503,0.00048,2026-09-22T19:35:56,94db2dc80ed466609e4602bdd26a3b65e593aa7e65012f682160f839a21b7add,02_training_data,False,False,,
<SOURCE_ROOT>/training_data/01_STEP1B_FULL_H30/03_HISTORICAL_AVERAGE/ha_train_stats.pkl,training_data/01_STEP1B_FULL_H30/03_HISTORICAL_AVERAGE/ha_train_stats.pkl,ha_train_stats.pkl,.pkl,12730192,12.140457,2026-09-22T19:35:56,96ca8f9e796ad72dbd73e14e7089710d276a7289c6cdc34a7165f8eaf88f03f5,02_training_data,False,False,,
<SOURCE_ROOT>/training_data/01_STEP1B_FULL_H30/03_HISTORICAL_AVERAGE/historical_average_fallback_summary.csv,training_data/01_STEP1B_FULL_H30/03_HISTORICAL_AVERAGE/historical_average_fallback_summary.csv,historical_average_fallback_summary.csv,.csv,414,0.000395,2026-09-22T21:48:57,8ca4e26c46238a5165163798aa1aa0c4626c30a044a558a97d3eac24b337b714,02_training_data,False,False,,
<SOURCE_ROOT>/training_data/01_STEP1B_FULL_H30/04_XGBOOST/category_encoder.json,training_data/01_STEP1B_FULL_H30/04_XGBOOST/category_encoder.json,category_encoder.json,.json,2281,0.002175,2026-09-22T19:35:58,dd60caa4f8366b49ec2567fe53b1120f3f42c617080c513ea3529c74a56d0869,02_training_data,False,False,,
<SOURCE_ROOT>/training_data/01_STEP1B_FULL_H30/04_XGBOOST/xgb_train_profile.json,training_data/01_STEP1B_FULL_H30/04_XGBOOST/xgb_train_profile.json,xgb_train_profile.json,.json,293,0.000279,2026-09-22T19:53:01,227599d75d4142eae3f2857fb014ccd3b1285ff57c1e7187bab35a70d56259d9,02_training_data,False,False,,
<SOURCE_ROOT>/training_data/01_STEP1B_FULL_H30/04_XGBOOST/xgboost_H30.json,training_data/01_STEP1B_FULL_H30/04_XGBOOST/xgboost_H30.json,xgboost_H30.json,.json,49186922,46.908304,2026-09-22T19:53:01,795ec83ef0f04bcc6fa37f1043e5d71d9e83b08f065768ef1a654519b8e020db,02_training_data,False,False,,
<SOURCE_ROOT>/training_data/01_STEP1B_FULL_H30/05_GRU/gru_epoch_history.csv,training_data/01_STEP1B_FULL_H30/05_GRU/gru_epoch_history.csv,gru_epoch_history.csv,.csv,2173,0.002072,2026-09-22T21:47:49,f60483d9a85e3db0b8c495f21d2c3b1c524ea0c27c2a1e5cc3f6b0a09fd7c56c,02_training_data,False,False,,
<SOURCE_ROOT>/training_data/01_STEP1B_FULL_H30/05_GRU/gru_H30.pt,training_data/01_STEP1B_FULL_H30/05_GRU/gru_H30.pt,gru_H30.pt,.pt,83021,0.079175,2026-09-22T21:47:49,a713c68149a6c17869f76d18777a1fb3620e894c379540259a84a326ccd43340,02_training_data,False,False,,
<SOURCE_ROOT>/training_data/01_STEP1B_FULL_H30/05_GRU/gru_scaler.json,training_data/01_STEP1B_FULL_H30/05_GRU/gru_scaler.json,gru_scaler.json,.json,715,0.000682,2026-09-22T19:53:18,3d15d00a672c5762a7ea57fdc4871c7f047fe15045baff13a72d4eda1ab2f473,02_training_data,False,False,,
<SOURCE_ROOT>/training_data/01_STEP1B_FULL_H30/05_GRU/gru_train_profile.json,training_data/01_STEP1B_FULL_H30/05_GRU/gru_train_profile.json,gru_train_profile.json,.json,342,0.000326,2026-09-22T21:47:49,29ba21e9243dcb45ebc50fd26ad2573bcac7ad78b307084ec0ae312a6d8a2a74,02_training_data,False,False,,
<SOURCE_ROOT>/training_data/01_STEP1B_FULL_H30/06_PREDICTIONS/test_predictions_H30.parquet,training_data/01_STEP1B_FULL_H30/06_PREDICTIONS/test_predictions_H30.parquet,test_predictions_H30.parquet,.parquet,208658271,198.992034,2026-09-22T21:48:57,772fcfa1996058cd66e95e31b20cb7e428306441d00b85d0c1e140fd8332e60c,09_model_outputs,True,False,,
<SOURCE_ROOT>/training_data/01_STEP1B_FULL_H30/06_PREDICTIONS/validation_predictions_H30.parquet,training_data/01_STEP1B_FULL_H30/06_PREDICTIONS/validation_predictions_H30.parquet,validation_predictions_H30.parquet,.parquet,96503764,92.033161,2026-09-22T21:48:13,c320b1eb8603d4c10e7a353a57318c5fd6410da084e1c501f6c132996fe46355,09_model_outputs,True,False,,
<SOURCE_ROOT>/training_data/01_STEP1B_FULL_H30/07_METRICS/full_h30_forecasting_results.csv,training_data/01_STEP1B_FULL_H30/07_METRICS/full_h30_forecasting_results.csv,full_h30_forecasting_results.csv,.csv,3013,0.002873,2026-09-22T21:48:59,618f0eb020aa4aaa06f066ed681f66477ef9f30c9f9635bace65a5712489e9c2,02_training_data,False,False,,
<SOURCE_ROOT>/training_data/01_STEP1B_FULL_H30/08_SUBGROUP_ANALYSIS/full_h30_quality_results.csv,training_data/01_STEP1B_FULL_H30/08_SUBGROUP_ANALYSIS/full_h30_quality_results.csv,full_h30_quality_results.csv,.csv,3952,0.003769,2026-09-22T21:49:41,cf7ca7a990b5f31cbe68fc7d1356761053b400a959dc3bb6d170bf7dce431db1,02_training_data,False,False,,
<SOURCE_ROOT>/training_data/01_STEP1B_FULL_H30/08_SUBGROUP_ANALYSIS/q0_degraded_results.csv,training_data/01_STEP1B_FULL_H30/08_SUBGROUP_ANALYSIS/q0_degraded_results.csv,q0_degraded_results.csv,.csv,897,0.000855,2026-09-22T21:49:41,c8383f28bf8d3934d8751403d1c4df4dae0f601b94c89555381fc87fca4a04e5,02_training_data,False,False,,
<SOURCE_ROOT>/training_data/01_STEP1B_FULL_H30/08_SUBGROUP_ANALYSIS/subgroup_results.csv,training_data/01_STEP1B_FULL_H30/08_SUBGROUP_ANALYSIS/subgroup_results.csv,subgroup_results.csv,.csv,16597,0.015828,2026-09-22T21:49:41,f58a8dbe31ff4d1c2191d973156e8335fd7eb58b45b3479f6c9e7c148c276156,02_training_data,False,False,,
<SOURCE_ROOT>/training_data/01_STEP1B_FULL_H30/09_PAIRED_COMPARISON/error_thresholds.csv,training_data/01_STEP1B_FULL_H30/09_PAIRED_COMPARISON/error_thresholds.csv,error_thresholds.csv,.csv,1492,0.001423,2026-09-22T21:49:43,4418aa4746511cae7bd2a06ab8c59d2e53b804cf9689352ef7627035036a5764,02_training_data,False,False,,
<SOURCE_ROOT>/training_data/01_STEP1B_FULL_H30/09_PAIRED_COMPARISON/xgb_vs_gru_paired_error.csv,training_data/01_STEP1B_FULL_H30/09_PAIRED_COMPARISON/xgb_vs_gru_paired_error.csv,xgb_vs_gru_paired_error.csv,.csv,1792,0.001709,2026-09-22T21:49:43,7fde402c30b3fe993fbbe1f1cfa8e4d0ca9dc6f94a5d24d1dc13de1511c6fa42,02_training_data,False,False,,
<SOURCE_ROOT>/training_data/01_STEP1B_FULL_H30/10_LATENCY/latency_benchmark.csv,training_data/01_STEP1B_FULL_H30/10_LATENCY/latency_benchmark.csv,latency_benchmark.csv,.csv,1411,0.001346,2026-09-22T21:50:01,5df6b5446a97f217a6ce52d61708cad65eaf4868fb0c17fd805bc170c771cbf6,02_training_data,False,False,,
<SOURCE_ROOT>/training_data/01_STEP1B_FULL_H30/10_LATENCY/latency_sample_ids.csv,training_data/01_STEP1B_FULL_H30/10_LATENCY/latency_sample_ids.csv,latency_sample_ids.csv,.csv,2300014,2.193464,2026-09-22T21:49:45,2752e449d66425f0cd0bbefae269a17fd472bb03446a65caffafa39d1e2f85e7,02_training_data,False,False,,
<SOURCE_ROOT>/training_data/01_STEP1B_FULL_H30/11_RESOURCE_PROFILE/compute_profile.json,training_data/01_STEP1B_FULL_H30/11_RESOURCE_PROFILE/compute_profile.json,compute_profile.json,.json,1454,0.001387,2026-09-22T21:50:51,e816f0a90df6b8ce73076566518178c06ae9f7ab290fa033b8708a4e199ed3ee,02_training_data,False,False,,
<SOURCE_ROOT>/training_data/01_STEP1B_FULL_H30/12_QC/full_h30_qc.json,training_data/01_STEP1B_FULL_H30/12_QC/full_h30_qc.json,full_h30_qc.json,.json,734,0.0007,2026-09-22T21:50:51,0e2af48408be6fe420a4b7cab3d7a6797ede163bc51188ca0429b6ff7535ed56,02_training_data,False,False,,
<SOURCE_ROOT>/training_data/01_STEP1B_FULL_H30/13_RESULTS_XLSX/Step1B_Full_H30_Results.xlsx,training_data/01_STEP1B_FULL_H30/13_RESULTS_XLSX/Step1B_Full_H30_Results.xlsx,Step1B_Full_H30_Results.xlsx,.xlsx,60376,0.057579,2026-09-22T21:50:52,9964b8448476728d031e8b609020e2a3c8bf82618dabe6ee60f1e2325665450f,02_training_data,False,False,,
<SOURCE_ROOT>/training_data/01_STEP1B_FULL_H30/14_LOGS/step1b_full_h30.log,training_data/01_STEP1B_FULL_H30/14_LOGS/step1b_full_h30.log,step1b_full_h30.log,.log,5300,0.005054,2026-09-22T21:50:52,722019fa0501a4aa27bf35faa8c97de3d0a2bf66e923854010796f878450899d,02_training_data,False,False,,
<SOURCE_ROOT>/training_data/01_STEP1B_FULL_H30/14_LOGS/step1b_full_h30_console.log,training_data/01_STEP1B_FULL_H30/14_LOGS/step1b_full_h30_console.log,step1b_full_h30_console.log,.log,18923,0.018046,2026-09-22T21:50:53,ab784e2d32c23afd52f71d38de784be19e15717bbd26f3b4e212f2a149e03295,02_training_data,False,False,,
<SOURCE_ROOT>/training_data/01_STEP1B_FULL_H30/15_MANIFEST/Step1B_Full_H30_Manifest.csv,training_data/01_STEP1B_FULL_H30/15_MANIFEST/Step1B_Full_H30_Manifest.csv,Step1B_Full_H30_Manifest.csv,.csv,9561,0.009118,2026-09-22T21:50:53,9b3b5e756d44542c812e24e3b4450be7f860621cd065711f376a34e75da43a1c,02_training_data,False,False,,
<SOURCE_ROOT>/training_data/01_STEP1B_FULL_H30/99_SMOKE_TEST/00_CONFIG/model_lock.json,training_data/01_STEP1B_FULL_H30/99_SMOKE_TEST/00_CONFIG/model_lock.json,model_lock.json,.json,800,0.000763,2026-09-22T19:18:29,e0c2923d66220e03ed476aa699774b3bc9a7bc249ed8f85a99a7e0942cb8688f,02_training_data,False,False,,
<SOURCE_ROOT>/training_data/01_STEP1B_FULL_H30/99_SMOKE_TEST/00_CONFIG/run_state.json,training_data/01_STEP1B_FULL_H30/99_SMOKE_TEST/00_CONFIG/run_state.json,run_state.json,.json,401,0.000382,2026-09-22T19:19:19,58049e45077c505fc8edfc3af95ead1807a298eb82aa4023f3df75eb39fcaa47,02_training_data,False,False,,
<SOURCE_ROOT>/training_data/01_STEP1B_FULL_H30/99_SMOKE_TEST/00_CONFIG/Step1B_Full_H30_Config.json,training_data/01_STEP1B_FULL_H30/99_SMOKE_TEST/00_CONFIG/Step1B_Full_H30_Config.json,Step1B_Full_H30_Config.json,.json,4525,0.004315,2026-09-22T19:14:29,2c8e2174c01b6859bb20d033b518c801680c1bba97245a0a28cb5c3d0e6f1e91,02_training_data,False,False,,
<SOURCE_ROOT>/training_data/01_STEP1B_FULL_H30/99_SMOKE_TEST/01_EVALUATION_SCOPE/evaluation_sample_counts.csv,training_data/01_STEP1B_FULL_H30/99_SMOKE_TEST/01_EVALUATION_SCOPE/evaluation_sample_counts.csv,evaluation_sample_counts.csv,.csv,107,0.000102,2026-09-22T19:18:24,e71bcd94034121398dcbbaa58a42b0e08f4591543796cdef02532d8d88879204,02_training_data,False,False,,
<SOURCE_ROOT>/training_data/01_STEP1B_FULL_H30/99_SMOKE_TEST/01_EVALUATION_SCOPE/evaluation_scope.json,training_data/01_STEP1B_FULL_H30/99_SMOKE_TEST/01_EVALUATION_SCOPE/evaluation_scope.json,evaluation_scope.json,.json,744,0.00071,2026-09-22T19:18:24,8c512985a4815333ffbbd8adf3d1277309ea5bef51f97f09e9179e3834faaf1a,02_training_data,False,False,,
<SOURCE_ROOT>/training_data/01_STEP1B_FULL_H30/99_SMOKE_TEST/01_EVALUATION_SCOPE/seen_test_station_ids.csv,training_data/01_STEP1B_FULL_H30/99_SMOKE_TEST/01_EVALUATION_SCOPE/seen_test_station_ids.csv,seen_test_station_ids.csv,.csv,1583,0.00151,2026-09-22T19:18:24,685085ab4df093c95528096f719d7cd7a5f0c074ef901323b57bc9d72a2b964f,02_training_data,False,False,,
<SOURCE_ROOT>/training_data/01_STEP1B_FULL_H30/99_SMOKE_TEST/01_EVALUATION_SCOPE/seen_validation_station_ids.csv,training_data/01_STEP1B_FULL_H30/99_SMOKE_TEST/01_EVALUATION_SCOPE/seen_validation_station_ids.csv,seen_validation_station_ids.csv,.csv,1583,0.00151,2026-09-22T19:18:24,d8b4bcbeca299e57b9e72d4ba2dc3df0c85fb1d244891967ad20887b223488d5,02_training_data,False,False,,
<SOURCE_ROOT>/training_data/01_STEP1B_FULL_H30/99_SMOKE_TEST/01_EVALUATION_SCOPE/unseen_test_station_ids.csv,training_data/01_STEP1B_FULL_H30/99_SMOKE_TEST/01_EVALUATION_SCOPE/unseen_test_station_ids.csv,unseen_test_station_ids.csv,.csv,15,1.4e-05,2026-09-22T19:18:24,cb4263f135120278aafc1d0fd8b0925aa174196d64c932a0e1f266d8fe2e3868,02_training_data,False,False,,
<SOURCE_ROOT>/training_data/01_STEP1B_FULL_H30/99_SMOKE_TEST/01_EVALUATION_SCOPE/unseen_validation_station_ids.csv,training_data/01_STEP1B_FULL_H30/99_SMOKE_TEST/01_EVALUATION_SCOPE/unseen_validation_station_ids.csv,unseen_validation_station_ids.csv,.csv,15,1.4e-05,2026-09-22T19:18:24,cb4263f135120278aafc1d0fd8b0925aa174196d64c932a0e1f266d8fe2e3868,02_training_data,False,False,,
<SOURCE_ROOT>/training_data/01_STEP1B_FULL_H30/99_SMOKE_TEST/03_HISTORICAL_AVERAGE/ha_config.json,training_data/01_STEP1B_FULL_H30/99_SMOKE_TEST/03_HISTORICAL_AVERAGE/ha_config.json,ha_config.json,.json,505,0.000482,2026-09-22T19:18:24,c543293b5242d2ac04a4b625d49e4f5cecf83ac73fc4a028f8b02fcd1820e470,02_training_data,False,False,,
<SOURCE_ROOT>/training_data/01_STEP1B_FULL_H30/99_SMOKE_TEST/03_HISTORICAL_AVERAGE/ha_train_stats.pkl,training_data/01_STEP1B_FULL_H30/99_SMOKE_TEST/03_HISTORICAL_AVERAGE/ha_train_stats.pkl,ha_train_stats.pkl,.pkl,1534909,1.463803,2026-09-22T19:18:24,4212f9f94592b3665144ed6691d5aefc8841641eb7f38ea7cae6076f9f54cc7c,02_training_data,False,False,,
<SOURCE_ROOT>/training_data/01_STEP1B_FULL_H30/99_SMOKE_TEST/03_HISTORICAL_AVERAGE/historical_average_fallback_summary.csv,training_data/01_STEP1B_FULL_H30/99_SMOKE_TEST/03_HISTORICAL_AVERAGE/historical_average_fallback_summary.csv,historical_average_fallback_summary.csv,.csv,385,0.000367,2026-09-22T19:18:30,8e40c7a68200784fb8357bf49cefc302b3b2e736eac80892645c8ceb74d2dbfc,02_training_data,False,False,,
<SOURCE_ROOT>/training_data/01_STEP1B_FULL_H30/99_SMOKE_TEST/04_XGBOOST/category_encoder.json,training_data/01_STEP1B_FULL_H30/99_SMOKE_TEST/04_XGBOOST/category_encoder.json,category_encoder.json,.json,2240,0.002136,2026-09-22T19:18:24,85d21164bd48f501ba34fc535f37fa597e4fec6f83b2549ab1ed6aadda269ba2,02_training_data,False,False,,
<SOURCE_ROOT>/training_data/01_STEP1B_FULL_H30/99_SMOKE_TEST/04_XGBOOST/xgb_train_profile.json,training_data/01_STEP1B_FULL_H30/99_SMOKE_TEST/04_XGBOOST/xgb_train_profile.json,xgb_train_profile.json,.json,290,0.000277,2026-09-22T19:18:25,4246ae7daa78cb547bf4aa6f96248cf87d92f4560bd36ff66fb3f512632e4147,02_training_data,False,False,,
<SOURCE_ROOT>/training_data/01_STEP1B_FULL_H30/99_SMOKE_TEST/04_XGBOOST/xgboost_H30.json,training_data/01_STEP1B_FULL_H30/99_SMOKE_TEST/04_XGBOOST/xgboost_H30.json,xgboost_H30.json,.json,427309,0.407514,2026-09-22T19:18:25,cd67710cd09ab1f2f3956d527050b530797855b20709d4bf778d4c662797247f,02_training_data,False,False,,
<SOURCE_ROOT>/training_data/01_STEP1B_FULL_H30/99_SMOKE_TEST/05_GRU/gru_epoch_history.csv,training_data/01_STEP1B_FULL_H30/99_SMOKE_TEST/05_GRU/gru_epoch_history.csv,gru_epoch_history.csv,.csv,149,0.000142,2026-09-22T19:18:29,dea3c8f6326bc50de4d477f6e40100a1edb21e7792e5d70d11ccc1a53b2b6faf,02_training_data,False,False,,
<SOURCE_ROOT>/training_data/01_STEP1B_FULL_H30/99_SMOKE_TEST/05_GRU/gru_H30.pt,training_data/01_STEP1B_FULL_H30/99_SMOKE_TEST/05_GRU/gru_H30.pt,gru_H30.pt,.pt,82253,0.078443,2026-09-22T19:18:29,a8a7c7393d1206b7589bee723626bc5712e68f5d5071dbd47c8ad311c0b077da,02_training_data,False,False,,
<SOURCE_ROOT>/training_data/01_STEP1B_FULL_H30/99_SMOKE_TEST/05_GRU/gru_scaler.json,training_data/01_STEP1B_FULL_H30/99_SMOKE_TEST/05_GRU/gru_scaler.json,gru_scaler.json,.json,714,0.000681,2026-09-22T19:18:25,0ad36bf3a7cec2497adae8d899d83f687c1ee679627eec00047ec8849bbf2b2a,02_training_data,False,False,,
<SOURCE_ROOT>/training_data/01_STEP1B_FULL_H30/99_SMOKE_TEST/05_GRU/gru_train_profile.json,training_data/01_STEP1B_FULL_H30/99_SMOKE_TEST/05_GRU/gru_train_profile.json,gru_train_profile.json,.json,337,0.000321,2026-09-22T19:18:29,047c897b936a3c91b29ed2ec5f0a430e5252a6dd15c5f5b6830f1a5091c45a8b,02_training_data,False,False,,
<SOURCE_ROOT>/training_data/01_STEP1B_FULL_H30/99_SMOKE_TEST/06_PREDICTIONS/test_predictions_H30.parquet,training_data/01_STEP1B_FULL_H30/99_SMOKE_TEST/06_PREDICTIONS/test_predictions_H30.parquet,test_predictions_H30.parquet,.parquet,2981166,2.843061,2026-09-22T19:18:30,929032a6b3b6aa88c5294f43e044136f05b90b8c9a0bc5af36a02e1d7d581f69,09_model_outputs,False,False,,
<SOURCE_ROOT>/training_data/01_STEP1B_FULL_H30/99_SMOKE_TEST/06_PREDICTIONS/validation_predictions_H30.parquet,training_data/01_STEP1B_FULL_H30/99_SMOKE_TEST/06_PREDICTIONS/validation_predictions_H30.parquet,validation_predictions_H30.parquet,.parquet,3003804,2.864651,2026-09-22T19:18:29,4321d42f461fd1255424ed970df3b2327ea1d27dd037b7ece403d53c5ddfba8c,09_model_outputs,False,False,,
<SOURCE_ROOT>/training_data/01_STEP1B_FULL_H30/99_SMOKE_TEST/07_METRICS/full_h30_forecasting_results.csv,training_data/01_STEP1B_FULL_H30/99_SMOKE_TEST/07_METRICS/full_h30_forecasting_results.csv,full_h30_forecasting_results.csv,.csv,2387,0.002276,2026-09-22T19:18:30,260b39367cd51e998d91bcae98aa56ad2ca412142d13b7669c0657f1d2796c65,02_training_data,False,False,,
<SOURCE_ROOT>/training_data/01_STEP1B_FULL_H30/99_SMOKE_TEST/08_SUBGROUP_ANALYSIS/full_h30_quality_results.csv,training_data/01_STEP1B_FULL_H30/99_SMOKE_TEST/08_SUBGROUP_ANALYSIS/full_h30_quality_results.csv,full_h30_quality_results.csv,.csv,3299,0.003146,2026-09-22T19:18:31,529387dd4344dbcae9c5a7ffe00d32d150ffc85c66653b911155c2d8d92f9360,02_training_data,False,False,,
<SOURCE_ROOT>/training_data/01_STEP1B_FULL_H30/99_SMOKE_TEST/08_SUBGROUP_ANALYSIS/q0_degraded_results.csv,training_data/01_STEP1B_FULL_H30/99_SMOKE_TEST/08_SUBGROUP_ANALYSIS/q0_degraded_results.csv,q0_degraded_results.csv,.csv,869,0.000829,2026-09-22T19:18:31,86989310b40c249b7c2f3d3d695520b91062e708a098df62a4be6b4ddf17ffec,02_training_data,False,False,,
<SOURCE_ROOT>/training_data/01_STEP1B_FULL_H30/99_SMOKE_TEST/08_SUBGROUP_ANALYSIS/subgroup_results.csv,training_data/01_STEP1B_FULL_H30/99_SMOKE_TEST/08_SUBGROUP_ANALYSIS/subgroup_results.csv,subgroup_results.csv,.csv,13960,0.013313,2026-09-22T19:18:31,ae7ad28d226fc3920e6cd2f196292894d8e2d1e6af6555ebe722d150450514ec,02_training_data,False,False,,
<SOURCE_ROOT>/training_data/01_STEP1B_FULL_H30/99_SMOKE_TEST/09_PAIRED_COMPARISON/error_thresholds.csv,training_data/01_STEP1B_FULL_H30/99_SMOKE_TEST/09_PAIRED_COMPARISON/error_thresholds.csv,error_thresholds.csv,.csv,1399,0.001334,2026-09-22T19:18:31,223a78db0d774270e3ac60ecaeda523077b92eef2b969cefca17632628b35a18,02_training_data,False,False,,
<SOURCE_ROOT>/training_data/01_STEP1B_FULL_H30/99_SMOKE_TEST/09_PAIRED_COMPARISON/xgb_vs_gru_paired_error.csv,training_data/01_STEP1B_FULL_H30/99_SMOKE_TEST/09_PAIRED_COMPARISON/xgb_vs_gru_paired_error.csv,xgb_vs_gru_paired_error.csv,.csv,1457,0.00139,2026-09-22T19:18:31,acbda8dc9f6d781e33ae2deb925d4940c6e14eb9d0fb673fa2f44c7842bf4d1a,02_training_data,False,False,,
<SOURCE_ROOT>/training_data/01_STEP1B_FULL_H30/99_SMOKE_TEST/10_LATENCY/latency_benchmark.csv,training_data/01_STEP1B_FULL_H30/99_SMOKE_TEST/10_LATENCY/latency_benchmark.csv,latency_benchmark.csv,.csv,1426,0.00136,2026-09-22T19:18:35,e27eb24171a8b2c1de9e6d8820f77020e4e9867a95d5f763e355457084056380,02_training_data,False,False,,
<SOURCE_ROOT>/training_data/01_STEP1B_FULL_H30/99_SMOKE_TEST/10_LATENCY/latency_sample_ids.csv,training_data/01_STEP1B_FULL_H30/99_SMOKE_TEST/10_LATENCY/latency_sample_ids.csv,latency_sample_ids.csv,.csv,1192587,1.13734,2026-09-22T19:18:31,2cb24932bea30d91fbe0a7639c7f710453476680deffa577ac2d1d6092829325,02_training_data,False,False,,
<SOURCE_ROOT>/training_data/01_STEP1B_FULL_H30/99_SMOKE_TEST/11_RESOURCE_PROFILE/compute_profile.json,training_data/01_STEP1B_FULL_H30/99_SMOKE_TEST/11_RESOURCE_PROFILE/compute_profile.json,compute_profile.json,.json,1448,0.001381,2026-09-22T19:18:36,409b606c17ac162ef8bc18ff28f18b9ca52950cf536b3febe122e05dbd8515f6,02_training_data,False,False,,
<SOURCE_ROOT>/training_data/01_STEP1B_FULL_H30/99_SMOKE_TEST/12_QC/full_h30_qc.json,training_data/01_STEP1B_FULL_H30/99_SMOKE_TEST/12_QC/full_h30_qc.json,full_h30_qc.json,.json,732,0.000698,2026-09-22T19:18:36,263fad626fc73ff42c2cf2fbf22140008564c4171222df39f22ac67f593e47e3,02_training_data,False,False,,
<SOURCE_ROOT>/training_data/01_STEP1B_FULL_H30/99_SMOKE_TEST/14_LOGS/step1b_full_h30.log,training_data/01_STEP1B_FULL_H30/99_SMOKE_TEST/14_LOGS/step1b_full_h30.log,step1b_full_h30.log,.log,7945,0.007577,2026-09-22T19:19:19,4bacfd7f5ecd40c8fad96e78a7e07022c500ee0d338b6d455813d19f914cc418,02_training_data,False,False,,
<SOURCE_ROOT>/training_data/01_STEP1B_FULL_H30/99_SMOKE_TEST/15_MANIFEST/Step1B_Full_H30_Manifest.csv,training_data/01_STEP1B_FULL_H30/99_SMOKE_TEST/15_MANIFEST/Step1B_Full_H30_Manifest.csv,Step1B_Full_H30_Manifest.csv,.csv,9660,0.009212,2026-09-22T19:19:19,37151ef164d077b3abd4bda01395b350091c9bbcec960ab6039aa107a927408f,02_training_data,False,False,,
<SOURCE_ROOT>/training_data/01_STEP1B_FULL_H30/99_SMOKE_TEST/Step1B_SMOKE_TEST_Results.xlsx,training_data/01_STEP1B_FULL_H30/99_SMOKE_TEST/Step1B_SMOKE_TEST_Results.xlsx,Step1B_SMOKE_TEST_Results.xlsx,.xlsx,54219,0.051707,2026-09-22T19:18:36,4558a88c090d6c312f8cb7cb56c96ef4c9288e2ae540c3372fd492db77e5e160,02_training_data,False,False,,
<SOURCE_ROOT>/training_data/90_PRODUCTION_SCRIPTS/STEP1B_FULL_H30/__pycache__/pipeline_core.cpython-312.pyc,training_data/90_PRODUCTION_SCRIPTS/STEP1B_FULL_H30/__pycache__/pipeline_core.cpython-312.pyc,pipeline_core.cpython-312.pyc,.pyc,86533,0.082524,2026-09-22T19:34:42,72f53e77a5f4ceea0512d6b1ab7ea13be438ecef6f5eb6c7617e496e8dfdc43f,02_training_data,False,False,,
<SOURCE_ROOT>/training_data/90_PRODUCTION_SCRIPTS/STEP1B_FULL_H30/__pycache__/workbook.cpython-312.pyc,training_data/90_PRODUCTION_SCRIPTS/STEP1B_FULL_H30/__pycache__/workbook.cpython-312.pyc,workbook.cpython-312.pyc,.pyc,14490,0.013819,2026-09-22T19:34:45,578d59320eb0c51ffd2fc234267751ade08d504f2e9f5233816800eedb13969e,02_training_data,False,False,,
<SOURCE_ROOT>/training_data/90_PRODUCTION_SCRIPTS/STEP1B_FULL_H30/pipeline_core.py,training_data/90_PRODUCTION_SCRIPTS/STEP1B_FULL_H30/pipeline_core.py,pipeline_core.py,.py,52145,0.049729,2026-09-22T19:33:11,741543808d63be2616825045491fd7cd69e345e64575f4051558b162237da995,02_training_data,False,False,,
<SOURCE_ROOT>/training_data/90_PRODUCTION_SCRIPTS/STEP1B_FULL_H30/production_code_manifest.csv,training_data/90_PRODUCTION_SCRIPTS/STEP1B_FULL_H30/production_code_manifest.csv,production_code_manifest.csv,.csv,409,0.00039,2026-09-22T19:34:34,a91a1cde28166d44e0a9c35f70f7c717ad3082045a7c4ce8b11cfab9540c94ce,02_training_data,False,False,,
<SOURCE_ROOT>/training_data/90_PRODUCTION_SCRIPTS/STEP1B_FULL_H30/run_step1b_full_h30.py,training_data/90_PRODUCTION_SCRIPTS/STEP1B_FULL_H30/run_step1b_full_h30.py,run_step1b_full_h30.py,.py,427,0.000407,2026-09-22T19:09:42,80f12ecb72c4d57adbbe2a92c9b5ec25a09d342e930f3f867a6851cd00584a68,02_training_data,False,True,,
<SOURCE_ROOT>/training_data/90_PRODUCTION_SCRIPTS/STEP1B_FULL_H30/workbook.py,training_data/90_PRODUCTION_SCRIPTS/STEP1B_FULL_H30/workbook.py,workbook.py,.py,8391,0.008002,2026-09-22T19:18:11,8768f2c8633e29b9b47dfc77c2c37c6a74627914f4c02c3a3b0847dac87eeb1b,02_training_data,False,True,,
<SOURCE_ROOT>/training_data/91_DEV_SMOKE_TEST/STEP1B_FULL_H30/__pycache__/pipeline_core.cpython-312.pyc,training_data/91_DEV_SMOKE_TEST/STEP1B_FULL_H30/__pycache__/pipeline_core.cpython-312.pyc,pipeline_core.cpython-312.pyc,.pyc,73953,0.070527,2026-09-22T19:18:20,ca10d0013813ac7d7aa9c861939c812b234ca277266c19ff89e41287c7fa8996,02_training_data,False,False,,
<SOURCE_ROOT>/training_data/91_DEV_SMOKE_TEST/STEP1B_FULL_H30/__pycache__/workbook.cpython-312.pyc,training_data/91_DEV_SMOKE_TEST/STEP1B_FULL_H30/__pycache__/workbook.cpython-312.pyc,workbook.cpython-312.pyc,.pyc,14486,0.013815,2026-09-22T19:18:23,4359c35b9c344a5522a408da560fbc52d3ddbaa32b0f470ba0e6a68aee41e891,02_training_data,False,False,,
<SOURCE_ROOT>/training_data/91_DEV_SMOKE_TEST/STEP1B_FULL_H30/pipeline_core.py,training_data/91_DEV_SMOKE_TEST/STEP1B_FULL_H30/pipeline_core.py,pipeline_core.py,.py,43758,0.041731,2026-09-22T19:17:58,9a3a31faabf56626b39b1dee6844436582b77b17a521cfa971eb232cf98e20cb,02_training_data,False,False,,
<SOURCE_ROOT>/training_data/91_DEV_SMOKE_TEST/STEP1B_FULL_H30/run_step1b_full_h30.py,training_data/91_DEV_SMOKE_TEST/STEP1B_FULL_H30/run_step1b_full_h30.py,run_step1b_full_h30.py,.py,427,0.000407,2026-09-22T19:09:42,80f12ecb72c4d57adbbe2a92c9b5ec25a09d342e930f3f867a6851cd00584a68,02_training_data,False,True,,
<SOURCE_ROOT>/training_data/91_DEV_SMOKE_TEST/STEP1B_FULL_H30/workbook.py,training_data/91_DEV_SMOKE_TEST/STEP1B_FULL_H30/workbook.py,workbook.py,.py,8391,0.008002,2026-09-22T19:18:11,8768f2c8633e29b9b47dfc77c2c37c6a74627914f4c02c3a3b0847dac87eeb1b,02_training_data,False,True,,
<SOURCE_ROOT>/training_data/audit/Stats_Freeze/Final_Platt_Model.joblib,training_data/audit/Stats_Freeze/Final_Platt_Model.joblib,Final_Platt_Model.joblib,.joblib,863,0.000823,2026-09-24T15:50:31,8d742b6720ecf49118beb348017d6cfc7bdfc59afec639fcc59ab5c945997629,02_training_data,False,True,,
<SOURCE_ROOT>/training_data/audit/Stats_Freeze/Final_Platt_Refit.json,training_data/audit/Stats_Freeze/Final_Platt_Refit.json,Final_Platt_Refit.json,.json,811,0.000773,2026-09-24T15:50:31,298c479ea8305a4772cdccab5c98ba7d22603d754a3da9d6d7dcf80a9513a9ed,02_training_data,False,True,,
<SOURCE_ROOT>/training_data/audit/Stats_Freeze/Final_Platt_Training_Predictions.csv,training_data/audit/Stats_Freeze/Final_Platt_Training_Predictions.csv,Final_Platt_Training_Predictions.csv,.csv,158914,0.151552,2026-09-24T15:50:31,95a9a89aabc05c9fa9347204e4161c98f9e290a78d8e8f31a8555cfb038dcb34,09_model_outputs,False,True,,
<SOURCE_ROOT>/training_data/audit/Stats_Freeze/FINAL_TEST_PROTOCOL.md,training_data/audit/Stats_Freeze/FINAL_TEST_PROTOCOL.md,FINAL_TEST_PROTOCOL.md,.md,1085,0.001035,2026-09-24T15:50:31,dc8e471f7af0fcab3920ce87c5e3a6cc93ad0af4408a55e07967793e577565e9,02_training_data,False,True,,
<SOURCE_ROOT>/training_data/audit/Stats_Freeze/FinalTest_Safe_Preflight.json,training_data/audit/Stats_Freeze/FinalTest_Safe_Preflight.json,FinalTest_Safe_Preflight.json,.json,2863,0.00273,2026-09-24T16:01:37,ebdfd7683c99eef3296dca3cb3c2bc9741ede0e3fc66df5f0de3acffd6df7218,02_training_data,False,True,,
<SOURCE_ROOT>/training_data/audit/Stats_Freeze/Stats_Freeze_Boundary_Confirmatory.csv,training_data/audit/Stats_Freeze/Stats_Freeze_Boundary_Confirmatory.csv,Stats_Freeze_Boundary_Confirmatory.csv,.csv,1300,0.00124,2026-09-24T15:50:31,829a7654b618db7881db1341dad8a0f263acf04eb8a7d8ddee63733b9c8fe314,02_training_data,False,True,,
<SOURCE_ROOT>/training_data/audit/Stats_Freeze/Stats_Freeze_Boundary_Supporting.csv,training_data/audit/Stats_Freeze/Stats_Freeze_Boundary_Supporting.csv,Stats_Freeze_Boundary_Supporting.csv,.csv,1359,0.001296,2026-09-24T15:50:31,d0b5e97ebbe3a463eb239784b91152f2cd7f5866ab8e2c22840f63b4595909bd,02_training_data,False,True,,
<SOURCE_ROOT>/training_data/audit/Stats_Freeze/Stats_Freeze_Claims.csv,training_data/audit/Stats_Freeze/Stats_Freeze_Claims.csv,Stats_Freeze_Claims.csv,.csv,388,0.00037,2026-09-24T15:50:31,914cbee7a0196797e953db839599c94b3d448303baac2d897062dd6c14fc7586,02_training_data,False,True,,
<SOURCE_ROOT>/training_data/audit/Stats_Freeze/Stats_Freeze_Comparisons.csv,training_data/audit/Stats_Freeze/Stats_Freeze_Comparisons.csv,Stats_Freeze_Comparisons.csv,.csv,815,0.000777,2026-09-24T15:50:31,184fc273ebdc47cc8095489bdef1891173ac56c35fcb4ba6be489e0466eede5d,02_training_data,False,True,,
<SOURCE_ROOT>/training_data/audit/Stats_Freeze/STATS_FREEZE_COMPLETE.json,training_data/audit/Stats_Freeze/STATS_FREEZE_COMPLETE.json,STATS_FREEZE_COMPLETE.json,.json,225,0.000215,2026-09-24T15:50:31,3eaa757b0c59811961f34173cd559656ebd13f7e6f95e18babf07ca306f4f630,02_training_data,False,True,,
<SOURCE_ROOT>/training_data/audit/Stats_Freeze/Stats_Freeze_Config.json,training_data/audit/Stats_Freeze/Stats_Freeze_Config.json,Stats_Freeze_Config.json,.json,2691,0.002566,2026-09-24T15:50:31,7b7778f32cea7c3db71b5bccf2263ac9cf451e374b7eb85b70f9b279efb49c52,02_training_data,False,True,,
<SOURCE_ROOT>/training_data/audit/Stats_Freeze/Stats_Freeze_EffectSizes.csv,training_data/audit/Stats_Freeze/Stats_Freeze_EffectSizes.csv,Stats_Freeze_EffectSizes.csv,.csv,338,0.000322,2026-09-24T15:50:31,ba6f9be2641cf7e338466a9cddf02e0934f6a5be90967eb38a6f8fd22c59bfd9,02_training_data,False,True,,
<SOURCE_ROOT>/training_data/audit/Stats_Freeze/Stats_Freeze_FinalTest_OutputContract.json,training_data/audit/Stats_Freeze/Stats_Freeze_FinalTest_OutputContract.json,Stats_Freeze_FinalTest_OutputContract.json,.json,1409,0.001344,2026-09-24T15:50:31,c6f981d5b8d3cfce3775b5727d6de0fa69aa58172a521051b271b715e39b2d93,02_training_data,False,True,,
<SOURCE_ROOT>/training_data/audit/Stats_Freeze/Stats_Freeze_Hypotheses.csv,training_data/audit/Stats_Freeze/Stats_Freeze_Hypotheses.csv,Stats_Freeze_Hypotheses.csv,.csv,1737,0.001657,2026-09-24T15:50:31,d30fe2a87b4014299c51829cbe017c530ef6254c4e9834c56b543c62abfb6e44,02_training_data,False,True,,
<SOURCE_ROOT>/training_data/audit/Stats_Freeze/Stats_Freeze_Manifest_SHA256.csv,training_data/audit/Stats_Freeze/Stats_Freeze_Manifest_SHA256.csv,Stats_Freeze_Manifest_SHA256.csv,.csv,5705,0.005441,2026-09-24T15:50:31,d5d7cdaa7c57eb23245b78f4da21ce2e11d3af9a59a3ce50a5d14ffb636f8019,02_training_data,False,True,,
<SOURCE_ROOT>/training_data/audit/Stats_Freeze/Stats_Freeze_Metrics.csv,training_data/audit/Stats_Freeze/Stats_Freeze_Metrics.csv,Stats_Freeze_Metrics.csv,.csv,1035,0.000987,2026-09-24T15:50:31,e3ed064ef2f0b9fbf29fc1f49d51e5af14460ec97d0c669e8bb57f7e8e385b4c,02_training_data,False,True,,
<SOURCE_ROOT>/training_data/audit/Stats_Freeze/Stats_Freeze_Multiplicity.csv,training_data/audit/Stats_Freeze/Stats_Freeze_Multiplicity.csv,Stats_Freeze_Multiplicity.csv,.csv,153,0.000146,2026-09-24T15:50:31,71ef469b52aa88de0b3228ac51d68e7cba46812623d54b6c242b84a7e50fd56a,02_training_data,False,True,,
<SOURCE_ROOT>/training_data/audit/Stats_Freeze/Stats_Freeze_Summary.json,training_data/audit/Stats_Freeze/Stats_Freeze_Summary.json,Stats_Freeze_Summary.json,.json,680,0.000648,2026-09-24T15:50:31,66e843fadb78dc800e404fc34c760b4ed6c40daa124164e1798abdd5a7bc52e2,02_training_data,False,True,,
<SOURCE_ROOT>/training_data/audit/Step2B/Step2B_Production_Preflight.json,training_data/audit/Step2B/Step2B_Production_Preflight.json,Step2B_Production_Preflight.json,.json,1369,0.001306,2026-09-23T21:31:41,00164a95b5e36efa8a1afb410790314d67d309dc107f387db8a4c9545e4ba390,02_training_data,False,False,,
<SOURCE_ROOT>/training_data/audit/Step2B_JEV_v1_0/JEV_v1.0_Combined_Freeze_SHA256.txt,training_data/audit/Step2B_JEV_v1_0/JEV_v1.0_Combined_Freeze_SHA256.txt,JEV_v1.0_Combined_Freeze_SHA256.txt,.txt,65,6.2e-05,2026-09-23T20:38:57,71439c9dbd8d6a5bd445665cddc17960720caf12aa5e02db9d72490ebc5fbba1,02_training_data,False,True,,
<SOURCE_ROOT>/training_data/audit/Step2B_JEV_v1_0/JEV_v1.0_Feature_Map.csv,training_data/audit/Step2B_JEV_v1_0/JEV_v1.0_Feature_Map.csv,JEV_v1.0_Feature_Map.csv,.csv,819,0.000781,2026-09-23T20:38:05,ce6c2518d2b96b98a92c0ca3a55b98aa99d571a0a666f1cf8d3c888540fa4960,02_training_data,False,True,,
<SOURCE_ROOT>/training_data/audit/Step2B_JEV_v1_0/JEV_v1.0_Formula_Audit.json,training_data/audit/Step2B_JEV_v1_0/JEV_v1.0_Formula_Audit.json,JEV_v1.0_Formula_Audit.json,.json,1054,0.001005,2026-09-23T20:38:05,8fd509bb2967d4569c5520abc2205329f8b7e4687e0ce8a24a33967c059cc52a,02_training_data,False,True,,
<SOURCE_ROOT>/training_data/audit/Step2B_JEV_v1_0/JEV_v1.0_Freeze_Manifest_SHA256.csv,training_data/audit/Step2B_JEV_v1_0/JEV_v1.0_Freeze_Manifest_SHA256.csv,JEV_v1.0_Freeze_Manifest_SHA256.csv,.csv,556,0.00053,2026-09-23T20:38:57,ee022ef8e8bfa2862cbc9c68059adfc3252fe45fdf79f8566f6bead7c3b51e64,02_training_data,False,True,,
<SOURCE_ROOT>/training_data/audit/Step2B_JEV_v1_0/JEV_v1.0_Method_Freeze.json,training_data/audit/Step2B_JEV_v1_0/JEV_v1.0_Method_Freeze.json,JEV_v1.0_Method_Freeze.json,.json,2726,0.0026,2026-09-23T20:38:05,ad91ca11420af2f20bee967a505429c8ada71a5dc8a3214653c60b942abc8f91,02_training_data,False,True,,
<SOURCE_ROOT>/training_data/audit/Step2B_JEV_v1_0/JEV_v1.0_Method_Specification.md,training_data/audit/Step2B_JEV_v1_0/JEV_v1.0_Method_Specification.md,JEV_v1.0_Method_Specification.md,.md,2967,0.00283,2026-09-23T20:38:05,583e280639f7e7fc773d08d2b75eb9c5bd408501c11ee559c0d9d1336b03e9f7,02_training_data,False,True,,
<SOURCE_ROOT>/training_data/audit/Step2B_JEV_v1_0/JEV_v1.0_Provenance.json,training_data/audit/Step2B_JEV_v1_0/JEV_v1.0_Provenance.json,JEV_v1.0_Provenance.json,.json,885,0.000844,2026-09-23T20:38:05,8bd24d8492b22bf7c009b9b2f511141a391bff039ded7ab441c47e0cc7a3b7a9,02_training_data,False,True,,
<SOURCE_ROOT>/training_data/audit/Step2C/Step2C_Production_Preflight.json,training_data/audit/Step2C/Step2C_Production_Preflight.json,Step2C_Production_Preflight.json,.json,1430,0.001364,2026-09-23T23:47:42,5d4f0b4291be51843bf81b79b4c70bc0d3f4835f09c9e3041e6a5ae76ecc465a,02_training_data,False,False,,
<SOURCE_ROOT>/training_data/audit/Step2D/Step2D_Production_Preflight.json,training_data/audit/Step2D/Step2D_Production_Preflight.json,Step2D_Production_Preflight.json,.json,1893,0.001805,2026-09-24T01:06:07,1cb548eb511352cb48701a6706789c7b861b6afcc5be14b09ed57c5f0cb7d972,02_training_data,False,False,,
<SOURCE_ROOT>/training_data/audit/Step2D_Freeze/Step2D_Freeze_Claims.csv,training_data/audit/Step2D_Freeze/Step2D_Freeze_Claims.csv,Step2D_Freeze_Claims.csv,.csv,316,0.000301,2026-09-24T10:32:27,ac68c95db47b9110aceda29d016163b24e5964b010e13dbfc8604381a94a34d8,02_training_data,False,False,,
<SOURCE_ROOT>/training_data/audit/Step2D_Freeze/Step2D_Freeze_Config.json,training_data/audit/Step2D_Freeze/Step2D_Freeze_Config.json,Step2D_Freeze_Config.json,.json,740,0.000706,2026-09-24T10:32:27,0ff9f682c40c96c2ac7687e10a5e55dc6cb7f75df0102cdcaf6eb75b8d4b06e3,02_training_data,False,False,,
<SOURCE_ROOT>/training_data/audit/Step2D_Freeze/Step2D_Freeze_Manifest_SHA256.csv,training_data/audit/Step2D_Freeze/Step2D_Freeze_Manifest_SHA256.csv,Step2D_Freeze_Manifest_SHA256.csv,.csv,1203,0.001147,2026-09-24T10:32:27,359317df8c7b30cf02f66201ccffee2ff4b483cece069fc87b4eaba595563f22,02_training_data,False,False,,
<SOURCE_ROOT>/training_data/audit/Step2D_Freeze/Step2D_Freeze_Summary.json,training_data/audit/Step2D_Freeze/Step2D_Freeze_Summary.json,Step2D_Freeze_Summary.json,.json,3491,0.003329,2026-09-24T10:32:27,70b109da9bba588cc5b2ef06ba71f742021b7f5cd6d16360f94507712cd8840e,02_training_data,False,False,,
<SOURCE_ROOT>/training_data/audit/Step2E/Step2E_Production_Preflight.json,training_data/audit/Step2E/Step2E_Production_Preflight.json,Step2E_Production_Preflight.json,.json,4089,0.0039,2026-09-24T10:52:00,d01475fe061eff2bf531c0f79f6678d31d968a5561991e1d70a1adbd41d9109b,02_training_data,False,False,,
<SOURCE_ROOT>/training_data/audit/Step2E_Freeze/Step2E_Freeze_Claims.csv,training_data/audit/Step2E_Freeze/Step2E_Freeze_Claims.csv,Step2E_Freeze_Claims.csv,.csv,345,0.000329,2026-09-24T11:28:04,9ec4163bbd93e9f6e534aa32612b6883beba3d75ef4731bf2af56106ba27b0f9,02_training_data,False,False,,
<SOURCE_ROOT>/training_data/audit/Step2E_Freeze/Step2E_Freeze_Config.json,training_data/audit/Step2E_Freeze/Step2E_Freeze_Config.json,Step2E_Freeze_Config.json,.json,738,0.000704,2026-09-24T11:28:04,0f0de2d529300280f5c405da2674bff3e61c13a7648ee7faef1b99532f9198e9,02_training_data,False,False,,
<SOURCE_ROOT>/training_data/audit/Step2E_Freeze/Step2E_Freeze_Manifest_SHA256.csv,training_data/audit/Step2E_Freeze/Step2E_Freeze_Manifest_SHA256.csv,Step2E_Freeze_Manifest_SHA256.csv,.csv,1477,0.001409,2026-09-24T11:28:04,98e4d9468d9670785efaf9aadb296e65116984d75c94687808cddf5d4d692805,02_training_data,False,False,,
<SOURCE_ROOT>/training_data/audit/Step2E_Freeze/Step2E_Freeze_Summary.json,training_data/audit/Step2E_Freeze/Step2E_Freeze_Summary.json,Step2E_Freeze_Summary.json,.json,2383,0.002273,2026-09-24T11:28:04,d8d2c664c583d1f45e25f034ac264a111bb9f1caf52730237da9a5c1ec5246f6,02_training_data,False,False,,
<SOURCE_ROOT>/training_data/audit/Step2F/Step2F_Production_Preflight.json,training_data/audit/Step2F/Step2F_Production_Preflight.json,Step2F_Production_Preflight.json,.json,4034,0.003847,2026-09-24T11:36:55,80197cda0d1d7781219e6ed5b220780d763fc10094777e047326cbccabfff936,02_training_data,False,False,,
<SOURCE_ROOT>/training_data/audit/Step2F_Freeze/Step2F_Freeze_Claims.csv,training_data/audit/Step2F_Freeze/Step2F_Freeze_Claims.csv,Step2F_Freeze_Claims.csv,.csv,508,0.000484,2026-09-24T12:28:37,c41cf365da1f76f33f80af72fc165ba79c40b6e798393393f464e4a51f95dc5e,02_training_data,False,False,,
<SOURCE_ROOT>/training_data/audit/Step2F_Freeze/Step2F_Freeze_Config.json,training_data/audit/Step2F_Freeze/Step2F_Freeze_Config.json,Step2F_Freeze_Config.json,.json,861,0.000821,2026-09-24T12:28:37,ffa9efb0615790bd883f8d673bc68c3a94237733b2ff0ce719e691e6d214360d,02_training_data,False,False,,
<SOURCE_ROOT>/training_data/audit/Step2F_Freeze/Step2F_Freeze_Manifest_SHA256.csv,training_data/audit/Step2F_Freeze/Step2F_Freeze_Manifest_SHA256.csv,Step2F_Freeze_Manifest_SHA256.csv,.csv,1452,0.001385,2026-09-24T12:28:37,e033583dac95cd8df8beb4ba56089e0a61fe0a36f60fa67627af07fb9f8d3719,02_training_data,False,False,,
<SOURCE_ROOT>/training_data/audit/Step2F_Freeze/Step2F_Freeze_Summary.json,training_data/audit/Step2F_Freeze/Step2F_Freeze_Summary.json,Step2F_Freeze_Summary.json,.json,2362,0.002253,2026-09-24T12:28:37,c216babf0cf0f6baed6f79eb0bd3fe2afa9d53e49eeff1e4a99a2aeca48cb1c0,02_training_data,False,False,,
<SOURCE_ROOT>/training_data/audit/Step2G/Step2G_Production_Preflight.json,training_data/audit/Step2G/Step2G_Production_Preflight.json,Step2G_Production_Preflight.json,.json,3485,0.003324,2026-09-24T12:32:11,e1506e5466b367ae02e2f7ae9af0776a520a5c30b5645479aa311696ebcbdb36,02_training_data,False,False,,
<SOURCE_ROOT>/training_data/audit/Step2G_Freeze/Step2G_Freeze_Claims.csv,training_data/audit/Step2G_Freeze/Step2G_Freeze_Claims.csv,Step2G_Freeze_Claims.csv,.csv,491,0.000468,2026-09-24T13:02:06,2c2259975e540c9c0fcf3af7ac61d784e5e6a836860e4ddc0a27bcc843db0bc9,02_training_data,False,False,,
<SOURCE_ROOT>/training_data/audit/Step2G_Freeze/Step2G_Freeze_Config.json,training_data/audit/Step2G_Freeze/Step2G_Freeze_Config.json,Step2G_Freeze_Config.json,.json,903,0.000861,2026-09-24T13:02:06,e380f5b00d4c785cdee8571f4a13595c83765f0147f228646a85ff7ef3e556b0,02_training_data,False,False,,
<SOURCE_ROOT>/training_data/audit/Step2G_Freeze/Step2G_Freeze_Manifest_SHA256.csv,training_data/audit/Step2G_Freeze/Step2G_Freeze_Manifest_SHA256.csv,Step2G_Freeze_Manifest_SHA256.csv,.csv,1362,0.001299,2026-09-24T13:02:06,f67eccc8c7dd7164793962c44e5c6915bcc1f574b7fa548fff572cd76f3cd5cf,02_training_data,False,False,,
<SOURCE_ROOT>/training_data/audit/Step2G_Freeze/Step2G_Freeze_Summary.json,training_data/audit/Step2G_Freeze/Step2G_Freeze_Summary.json,Step2G_Freeze_Summary.json,.json,2454,0.00234,2026-09-24T13:02:06,9c92f27c15886385c36bdaf0b977110f5e11fb40e403486d51baac16bb62835e,02_training_data,False,True,,
<SOURCE_ROOT>/training_data/audit/Step2G_Freeze/Step2G_Metadata_Correction.json,training_data/audit/Step2G_Freeze/Step2G_Metadata_Correction.json,Step2G_Metadata_Correction.json,.json,511,0.000487,2026-09-24T13:02:06,9177aa85440e47edc89811ddaa26d456b1ad13c813ebd956e3947693a1a87b5e,02_training_data,False,True,,
<SOURCE_ROOT>/training_data/audit/Step2H/Step2H_Production_Preflight.json,training_data/audit/Step2H/Step2H_Production_Preflight.json,Step2H_Production_Preflight.json,.json,4201,0.004006,2026-09-24T13:04:17,1d7e3a7acbd82bc84e2ffbd012790d1b182a6dbaa31de4d0be1176433230eb38,02_training_data,False,False,,
<SOURCE_ROOT>/training_data/audit/Step2H_Freeze/Step2H_Freeze_Claims.csv,training_data/audit/Step2H_Freeze/Step2H_Freeze_Claims.csv,Step2H_Freeze_Claims.csv,.csv,707,0.000674,2026-09-24T15:47:16,12fa9dbb47457fc355fec783ef6002cbbdf0194aeca8d8a310bf2b7d99e44039,02_training_data,False,False,,
<SOURCE_ROOT>/training_data/audit/Step2H_Freeze/Step2H_Freeze_Config.json,training_data/audit/Step2H_Freeze/Step2H_Freeze_Config.json,Step2H_Freeze_Config.json,.json,831,0.000793,2026-09-24T15:47:16,214240e0684a881cba0274ba6af690dac3bf51b78f9e1f81dfb8ca7933cbadd7,02_training_data,False,False,,
<SOURCE_ROOT>/training_data/audit/Step2H_Freeze/Step2H_Freeze_Manifest_SHA256.csv,training_data/audit/Step2H_Freeze/Step2H_Freeze_Manifest_SHA256.csv,Step2H_Freeze_Manifest_SHA256.csv,.csv,1419,0.001353,2026-09-24T15:47:16,99f13ce1d61652a6476fced81d84166697caa9e02fd60ea52d5418d049e46246,02_training_data,False,True,,
<SOURCE_ROOT>/training_data/audit/Step2H_Freeze/Step2H_Freeze_Summary.json,training_data/audit/Step2H_Freeze/Step2H_Freeze_Summary.json,Step2H_Freeze_Summary.json,.json,3503,0.003341,2026-09-24T15:47:16,f4f5978e03c2034cdbab75970216b74eafded7d352f3940454865e1214aa1d45,02_training_data,False,False,,
<SOURCE_ROOT>/training_data/configs/final_test_production.json,training_data/configs/final_test_production.json,final_test_production.json,.json,4252,0.004055,2026-09-24T15:39:14,4fa6c1078e06cf8966e27d41e7235ed3d8fbd31229ced172f3c2fb16245afc1b,02_training_data,False,True,,
<SOURCE_ROOT>/training_data/configs/step2a_production.json,training_data/configs/step2a_production.json,step2a_production.json,.json,2754,0.002626,2026-09-23T18:30:57,9dc43d50529659fb1dde18225ddb8ba7d4ff9784477dc31408865d82c6e4705c,02_training_data,False,False,,
<SOURCE_ROOT>/training_data/configs/step2a_smoke.json,training_data/configs/step2a_smoke.json,step2a_smoke.json,.json,2857,0.002725,2026-09-23T18:30:57,85c0527b8b3c59e06032d3f6d4c55b04c637c15493f435cfd60b2d0ca5308175,02_training_data,False,False,,
<SOURCE_ROOT>/training_data/configs/step2a_verification.json,training_data/configs/step2a_verification.json,step2a_verification.json,.json,2944,0.002808,2026-09-23T18:30:57,a5db5c12ab6a9fc66e7c86d0f0939dc50a5e791038e57a3fcf185f12445dfb05,02_training_data,False,False,,
<SOURCE_ROOT>/training_data/configs/step2b_j1_smoke.json,training_data/configs/step2b_j1_smoke.json,step2b_j1_smoke.json,.json,1235,0.001178,2026-09-23T20:44:38,6f159760e89b37c97248a9e0f3bb54d447ee8cd7d8ce87456bc2a3d32736ef81,02_training_data,False,False,,
<SOURCE_ROOT>/training_data/configs/step2b_production.json,training_data/configs/step2b_production.json,step2b_production.json,.json,4437,0.004231,2026-09-23T21:17:16,c5ac11c36f66ca47244b619a349a886d8c4b0de7f3fbb5c36d5560bc75784d4f,02_training_data,False,False,,
<SOURCE_ROOT>/training_data/configs/step2b_smoke.json,training_data/configs/step2b_smoke.json,step2b_smoke.json,.json,2835,0.002704,2026-09-23T19:40:25,dd1b9f78a2e42f53528086f68a205fbb21b17f55167289dcef4f669ce3cad481,02_training_data,False,False,,
<SOURCE_ROOT>/training_data/configs/step2b_smoke_final.json,training_data/configs/step2b_smoke_final.json,step2b_smoke_final.json,.json,4535,0.004325,2026-09-23T21:17:32,5cb52f860c941fc23f558ec753a3437be8941189d7d2797fb2f92bc30849a447,02_training_data,False,False,,
<SOURCE_ROOT>/training_data/configs/step2c_production.json,training_data/configs/step2c_production.json,step2c_production.json,.json,3142,0.002996,2026-09-23T23:47:17,f90ea0a6bd05ac67966cab223440c757aab8a80c88c7b04af3a0bb12d69990a5,02_training_data,False,False,,
<SOURCE_ROOT>/training_data/configs/step2c_smoke.json,training_data/configs/step2c_smoke.json,step2c_smoke.json,.json,2281,0.002175,2026-09-23T23:28:55,2a27ad21d615b88aa761d81377ad8c49dcf1e9890b16568ff3545e182a92668c,02_training_data,False,False,,
<SOURCE_ROOT>/training_data/configs/step2d_production.json,training_data/configs/step2d_production.json,step2d_production.json,.json,2127,0.002028,2026-09-24T00:57:14,deafda0f9fb32391c0bc55f61b7070d7000962bfb390ae9e2e13e0ed00f43b6d,02_training_data,False,False,,
<SOURCE_ROOT>/training_data/configs/step2d_smoke.json,training_data/configs/step2d_smoke.json,step2d_smoke.json,.json,1989,0.001897,2026-09-24T00:57:14,c9f83452f6aa2cc34ee7895b73c34678cfa21b3797a796e974c46d9f251ad2f9,02_training_data,False,False,,
<SOURCE_ROOT>/training_data/configs/step2e_production.json,training_data/configs/step2e_production.json,step2e_production.json,.json,1765,0.001683,2026-09-24T10:33:08,33b165bdb31ac75598164ae75f55d15bdf48367190c1d78829bd7924bef8fb2b,02_training_data,False,False,,
<SOURCE_ROOT>/training_data/configs/step2e_smoke.json,training_data/configs/step2e_smoke.json,step2e_smoke.json,.json,1681,0.001603,2026-09-24T10:33:08,8d22963d5c6d369bcf61ad8fdcfa7a8fcdc1bbe04e362dfe6a05caf001a6a812,02_training_data,False,False,,
<SOURCE_ROOT>/training_data/configs/step2f_production.json,training_data/configs/step2f_production.json,step2f_production.json,.json,2493,0.002378,2026-09-24T11:29:35,7bfc704f56604b297851919186cc6594f7792698b50d96ae593a6c0c477813cb,02_training_data,False,False,,
<SOURCE_ROOT>/training_data/configs/step2f_smoke.json,training_data/configs/step2f_smoke.json,step2f_smoke.json,.json,2540,0.002422,2026-09-24T11:29:35,95d797fb254c3577db33b2c1d662ae5adbcdd20defc18e715bd8af8b99755952,02_training_data,False,False,,
<SOURCE_ROOT>/training_data/configs/step2g_production.json,training_data/configs/step2g_production.json,step2g_production.json,.json,2339,0.002231,2026-09-24T12:31:53,998df10a3620639835b4ae8f09b7dcf305b4696d3bc1df3542e7448eb0496339,02_training_data,False,False,,
<SOURCE_ROOT>/training_data/configs/step2g_smoke.json,training_data/configs/step2g_smoke.json,step2g_smoke.json,.json,2171,0.00207,2026-09-24T12:31:31,6c9f58f0f8e302b4d2d83fd3b8b120fec5e3f527c86551bfd7fa1ae005c837cc,02_training_data,False,False,,
<SOURCE_ROOT>/training_data/configs/step2h_production.json,training_data/configs/step2h_production.json,step2h_production.json,.json,2767,0.002639,2026-09-24T12:58:42,20e7689bd33ea6674e2da8dbdafa227458f61dbd85111f772c252ac052c8de7d,02_training_data,False,False,,
<SOURCE_ROOT>/training_data/configs/step2h_smoke.json,training_data/configs/step2h_smoke.json,step2h_smoke.json,.json,2573,0.002454,2026-09-24T12:58:42,631586e625beda33bec3a37009d04ef71de372faad412cff4bb96f292ad61c2f,02_training_data,False,False,,
<SOURCE_ROOT>/training_data/models/Step2B/JEV_v1.0/JEV_v1.0_Model.json,training_data/models/Step2B/JEV_v1.0/JEV_v1.0_Model.json,JEV_v1.0_Model.json,.json,3401,0.003243,2026-09-23T20:48:00,ad7eacfc675e46830170454139521ed51728b8002ee88d96dc419bb8717e8cf0,02_training_data,False,True,,
<SOURCE_ROOT>/training_data/models/Step2B/JEV_v1.0/JEV_v1.0_Model_SHA256.txt,training_data/models/Step2B/JEV_v1.0/JEV_v1.0_Model_SHA256.txt,JEV_v1.0_Model_SHA256.txt,.txt,66,6.3e-05,2026-09-23T20:48:00,624b6d4156611b831d2e6206bff7437bf94c71a58a442cd052e1e3490bd934d2,02_training_data,False,True,,
<SOURCE_ROOT>/training_data/results/FinalTest.zip,training_data/results/FinalTest.zip,FinalTest.zip,.zip,1285772,1.226208,2026-09-24T17:09:13,18f68d91e1532b12cfd5ff6822031ed11a8d6a46bbbe56831bf22e5d20f20b26,04_experiment_results,False,False,,
<SOURCE_ROOT>/training_data/results/FinalTest/.final_test_workbook_payload.json,training_data/results/FinalTest/.final_test_workbook_payload.json,.final_test_workbook_payload.json,.json,1233145,1.176019,2026-09-24T16:13:12,14ccf4f8788ab952a69aeb1fe935e800144b16602adda1b65d70b8f12f036fbb,04_experiment_results,False,False,,
<SOURCE_ROOT>/training_data/results/FinalTest/.final_test_workbook_payload.sanitized.json,training_data/results/FinalTest/.final_test_workbook_payload.sanitized.json,.final_test_workbook_payload.sanitized.json,.json,1233193,1.176064,2026-09-24T16:55:51,48a74dc2a1fcfdccfe4d1b53f6c308f2e5758a2b308d2d8c9afb45e943f7e213,04_experiment_results,False,False,,
<SOURCE_ROOT>/training_data/results/FinalTest/FINAL_TEST_COMPLETE.json,training_data/results/FinalTest/FINAL_TEST_COMPLETE.json,FINAL_TEST_COMPLETE.json,.json,708,0.000675,2026-09-24T16:58:25,18df5b41926fb97d702ce7c1aee79fdb5a0937d5ad0e43fa847eb10fd2bdeade,04_experiment_results,False,True,,
<SOURCE_ROOT>/training_data/results/FinalTest/FINAL_TEST_OPENED.json,training_data/results/FinalTest/FINAL_TEST_OPENED.json,FINAL_TEST_OPENED.json,.json,1061,0.001012,2026-09-24T16:03:13,3b9e4701a18dd874eb51f199393a0cba8c1605397afdfdf2c87a003a2b22808e,04_experiment_results,False,True,,
<SOURCE_ROOT>/training_data/results/FinalTest/FinalTest_Boundary_Confirmatory.csv,training_data/results/FinalTest/FinalTest_Boundary_Confirmatory.csv,FinalTest_Boundary_Confirmatory.csv,.csv,451,0.00043,2026-09-24T16:13:12,acf90ad8bfb36909700f87c33e5628f358c257ed87763e8c50a820013a92a66f,04_experiment_results,False,True,,
<SOURCE_ROOT>/training_data/results/FinalTest/FinalTest_Boundary_Supporting.csv,training_data/results/FinalTest/FinalTest_Boundary_Supporting.csv,FinalTest_Boundary_Supporting.csv,.csv,1734,0.001654,2026-09-24T16:13:12,6f7acd21fdcdf95a20be3fc92ae07b2ad340f33bd442a10b00a27bb7881def40,04_experiment_results,False,True,,
<SOURCE_ROOT>/training_data/results/FinalTest/FinalTest_Calibration.csv,training_data/results/FinalTest/FinalTest_Calibration.csv,FinalTest_Calibration.csv,.csv,290,0.000277,2026-09-24T16:13:12,670ce1d55362eec1716622b57bfec944da869a553522aad79c4d9c0990b41904,05_metrics,False,True,,
<SOURCE_ROOT>/training_data/results/FinalTest/FinalTest_Claim_Decision_Matrix.csv,training_data/results/FinalTest/FinalTest_Claim_Decision_Matrix.csv,FinalTest_Claim_Decision_Matrix.csv,.csv,3162,0.003016,2026-09-24T16:13:12,e3beee9a4e502acd5d6f2d488bcc89cff6efe3a030d8ea399fbeed8d3ca1b36a,04_experiment_results,False,True,,
<SOURCE_ROOT>/training_data/results/FinalTest/FinalTest_Cohort_Audit.csv,training_data/results/FinalTest/FinalTest_Cohort_Audit.csv,FinalTest_Cohort_Audit.csv,.csv,155146,0.147959,2026-09-24T16:13:12,f06ba7baba7eaa1f8b9a1ec95fd759b916532038569f003734c185db701f76a8,04_experiment_results,False,True,,
<SOURCE_ROOT>/training_data/results/FinalTest/FinalTest_Confidence_Comparisons.csv,training_data/results/FinalTest/FinalTest_Confidence_Comparisons.csv,FinalTest_Confidence_Comparisons.csv,.csv,471,0.000449,2026-09-24T16:13:12,a45c2df3777a4dac53889eb5351eaf7fb3a715d4856ae3cc265530bf398c7adf,05_metrics,False,True,,
<SOURCE_ROOT>/training_data/results/FinalTest/FinalTest_Downstream_GRU_Sensitivity.csv,training_data/results/FinalTest/FinalTest_Downstream_GRU_Sensitivity.csv,FinalTest_Downstream_GRU_Sensitivity.csv,.csv,511,0.000487,2026-09-24T16:13:12,5cd87fa96ac81e04fc313e90cd33e0561087659c8d850725ce72b9f9ee864b6a,04_experiment_results,False,True,,
<SOURCE_ROOT>/training_data/results/FinalTest/FinalTest_Downstream_XGB.csv,training_data/results/FinalTest/FinalTest_Downstream_XGB.csv,FinalTest_Downstream_XGB.csv,.csv,504,0.000481,2026-09-24T16:13:12,d092941d6fa452a7d39e6efc6c582badea486131a98b15a17566dc259a705acb,04_experiment_results,False,True,,
<SOURCE_ROOT>/training_data/results/FinalTest/FinalTest_Evaluator_Sensitivity.csv,training_data/results/FinalTest/FinalTest_Evaluator_Sensitivity.csv,FinalTest_Evaluator_Sensitivity.csv,.csv,970,0.000925,2026-09-24T16:13:12,61a68210855fef29f79cb49b1d1d7f3dda06dc0a58f994dd50ef2bf6d02a67ab,04_experiment_results,False,True,,
<SOURCE_ROOT>/training_data/results/FinalTest/FinalTest_Failure_Profile.csv,training_data/results/FinalTest/FinalTest_Failure_Profile.csv,FinalTest_Failure_Profile.csv,.csv,245,0.000234,2026-09-24T16:13:12,357fb8abcfc9d3ddb9bbb57731f31fbc46b8f3eba862652e388b367dde398598,04_experiment_results,False,True,,
<SOURCE_ROOT>/training_data/results/FinalTest/FinalTest_Integrity_Audit.json,training_data/results/FinalTest/FinalTest_Integrity_Audit.json,FinalTest_Integrity_Audit.json,.json,387,0.000369,2026-09-24T16:13:12,ec2447ddfee7fbdbb3c613c3ffc9d55482fa48d3b4ac41a45435cd82c05510a6,04_experiment_results,False,True,,
<SOURCE_ROOT>/training_data/results/FinalTest/FinalTest_Multiplicity.csv,training_data/results/FinalTest/FinalTest_Multiplicity.csv,FinalTest_Multiplicity.csv,.csv,710,0.000677,2026-09-24T16:13:12,86b6ed7fb30915ba9b0313bd5e1383af06776cf3438033835c34d83f8e3797c8,05_metrics,False,True,,
<SOURCE_ROOT>/training_data/results/FinalTest/FinalTest_PostRecovery_Scientific_Manifest_SHA256.csv,training_data/results/FinalTest/FinalTest_PostRecovery_Scientific_Manifest_SHA256.csv,FinalTest_PostRecovery_Scientific_Manifest_SHA256.csv,.csv,4443,0.004237,2026-09-24T16:58:25,84abd39eb920c2cf096818cffaa2f0eaff0a42421ffcc1d70be3a997648ab0b5,04_experiment_results,False,True,,
<SOURCE_ROOT>/training_data/results/FinalTest/FinalTest_PreRecovery_Scientific_Manifest_SHA256.csv,training_data/results/FinalTest/FinalTest_PreRecovery_Scientific_Manifest_SHA256.csv,FinalTest_PreRecovery_Scientific_Manifest_SHA256.csv,.csv,4443,0.004237,2026-09-24T16:55:51,84abd39eb920c2cf096818cffaa2f0eaff0a42421ffcc1d70be3a997648ab0b5,04_experiment_results,False,True,,
<SOURCE_ROOT>/training_data/results/FinalTest/FinalTest_PreRecovery_State.json,training_data/results/FinalTest/FinalTest_PreRecovery_State.json,FinalTest_PreRecovery_State.json,.json,425,0.000405,2026-09-24T16:55:51,72b2e845119d2b97eceaf7ce13cdedff6fcf669cddba4379154d8852cf6771ee,04_experiment_results,False,True,,
<SOURCE_ROOT>/training_data/results/FinalTest/FinalTest_Primary_Comparisons.csv,training_data/results/FinalTest/FinalTest_Primary_Comparisons.csv,FinalTest_Primary_Comparisons.csv,.csv,647,0.000617,2026-09-24T16:13:12,cba736d0a398d75e39f7946dbca9dee96bd204127ad80b91b81a62ae27d7a2d0,04_experiment_results,False,True,,
<SOURCE_ROOT>/training_data/results/FinalTest/FinalTest_Production_Log.log,training_data/results/FinalTest/FinalTest_Production_Log.log,FinalTest_Production_Log.log,.log,9935,0.009475,2026-09-24T16:13:09,19d4dcf04c2dd01ffaae5b3efb174d3af6630cb93482573374e932611a6979e2,11_logs,False,True,,
<SOURCE_ROOT>/training_data/results/FinalTest/FinalTest_QC.json,training_data/results/FinalTest/FinalTest_QC.json,FinalTest_QC.json,.json,198,0.000189,2026-09-24T16:13:12,43566c38bbf8003ef17f2a33296b71c561003324cf7e3a59c68735e86f8c8093,04_experiment_results,False,True,,
<SOURCE_ROOT>/training_data/results/FinalTest/FinalTest_Results.xlsx,training_data/results/FinalTest/FinalTest_Results.xlsx,FinalTest_Results.xlsx,.xlsx,124457,0.118691,2026-09-24T16:56:20,7ee1008bc9bd48a86d87c4575bb55f3ea06efbe3c39aecb4595d692d568cc6c0,04_experiment_results,False,True,,
<SOURCE_ROOT>/training_data/results/FinalTest/FinalTest_Results.xlsx.bounds.json,training_data/results/FinalTest/FinalTest_Results.xlsx.bounds.json,FinalTest_Results.xlsx.bounds.json,.json,11542,0.011007,2026-09-24T16:56:22,3a386f1c3c1e6613b6093c75a3399d5b7183a5d68e700c9bea34835b9d36ec39,04_experiment_results,False,True,,
<SOURCE_ROOT>/training_data/results/FinalTest/FinalTest_Results.xlsx.formula_errors.ndjson,training_data/results/FinalTest/FinalTest_Results.xlsx.formula_errors.ndjson,FinalTest_Results.xlsx.formula_errors.ndjson,.ndjson,60,5.7e-05,2026-09-24T16:56:17,acc0111e19cf44d2753fc9ecd164bf1b27fbd65597463a25cf48bd1c65e90146,04_experiment_results,False,True,,
<SOURCE_ROOT>/training_data/results/FinalTest/FinalTest_Results.xlsx.inspect.ndjson,training_data/results/FinalTest/FinalTest_Results.xlsx.inspect.ndjson,FinalTest_Results.xlsx.inspect.ndjson,.ndjson,10847857,10.345323,2026-09-24T16:56:20,e35abbbcd4418cf8bfedb720da2924298936bbc28513e6ac972a9698fb182090,04_experiment_results,False,True,,
<SOURCE_ROOT>/training_data/results/FinalTest/FinalTest_Results.xlsx.reimport.ndjson,training_data/results/FinalTest/FinalTest_Results.xlsx.reimport.ndjson,FinalTest_Results.xlsx.reimport.ndjson,.ndjson,15110,0.01441,2026-09-24T16:56:22,c1589f09ee5896ea58d05cfafa790e9f18c6640dab9461b8477fa6bc5f8cb312,04_experiment_results,False,True,,
<SOURCE_ROOT>/training_data/results/FinalTest/FinalTest_RiskCoverage_Curve.csv,training_data/results/FinalTest/FinalTest_RiskCoverage_Curve.csv,FinalTest_RiskCoverage_Curve.csv,.csv,205415,0.195899,2026-09-24T16:13:12,f8db69778ca2f618e9e3b433fd1cfb425cd37303b94a787aed0911e08db679a9,05_metrics,False,True,,
<SOURCE_ROOT>/training_data/results/FinalTest/FinalTest_RiskCoverage_FixedCoverage.csv,training_data/results/FinalTest/FinalTest_RiskCoverage_FixedCoverage.csv,FinalTest_RiskCoverage_FixedCoverage.csv,.csv,871,0.000831,2026-09-24T16:13:12,a2f64795b5828d3d880ff6deb45a1442a1e79c5ff0895c4d33f4ae26779078af,05_metrics,False,True,,
<SOURCE_ROOT>/training_data/results/FinalTest/FinalTest_Runtime.json,training_data/results/FinalTest/FinalTest_Runtime.json,FinalTest_Runtime.json,.json,110,0.000105,2026-09-24T16:13:12,8fc47674ed3b4ee2de3880cf28774437844c03e674cb245925a236a72cf3f06e,05_metrics,False,True,,
<SOURCE_ROOT>/training_data/results/FinalTest/FinalTest_Scientific_Immutability_Audit.json,training_data/results/FinalTest/FinalTest_Scientific_Immutability_Audit.json,FinalTest_Scientific_Immutability_Audit.json,.json,293,0.000279,2026-09-24T16:58:25,0c63d8dff7c63dc526c65846dd1de91b1f2d47ef0446e4f8ca846f7f6745646a,04_experiment_results,False,True,,
<SOURCE_ROOT>/training_data/results/FinalTest/FinalTest_Selector_Performance.csv,training_data/results/FinalTest/FinalTest_Selector_Performance.csv,FinalTest_Selector_Performance.csv,.csv,1506,0.001436,2026-09-24T16:13:12,3427a6b05aad2757f350e9cf5498f9de138536179c9cf1c83bf68325f3f89be8,09_model_outputs,False,True,,
<SOURCE_ROOT>/training_data/results/FinalTest/FinalTest_Technical_Recovery.json,training_data/results/FinalTest/FinalTest_Technical_Recovery.json,FinalTest_Technical_Recovery.json,.json,856,0.000816,2026-09-24T16:58:25,625144316488032987bbf5390eafda50ebe27f2810b3612b5c2bb0dd0567a9ff,04_experiment_results,False,True,,
<SOURCE_ROOT>/training_data/results/FinalTest/FinalTest_Technical_Recovery.log,training_data/results/FinalTest/FinalTest_Technical_Recovery.log,FinalTest_Technical_Recovery.log,.log,302,0.000288,2026-09-24T16:58:25,9844061657badcd385dbbdfe544261e0bd1eb83c1dd9b44aadf6f0d0202a1d81,11_logs,False,True,,
<SOURCE_ROOT>/training_data/results/FinalTest/FinalTest_Workbook_Recovery_QC.json,training_data/results/FinalTest/FinalTest_Workbook_Recovery_QC.json,FinalTest_Workbook_Recovery_QC.json,.json,1562,0.00149,2026-09-24T16:58:25,1765463f1dcabcda7153ef61231daf318471d1277fe91e09b179553f9e1dc373,04_experiment_results,False,True,,
<SOURCE_ROOT>/training_data/results/FinalTest/FinalTest_WorkbookPayload_NonFinite_Audit.csv,training_data/results/FinalTest/FinalTest_WorkbookPayload_NonFinite_Audit.csv,FinalTest_WorkbookPayload_NonFinite_Audit.csv,.csv,5218,0.004976,2026-09-24T16:55:51,6002df994bd1da9b74dc3b7f52b19d35dc9ea72b3ce0029bbb1195322b5746e4,04_experiment_results,False,True,,
<SOURCE_ROOT>/training_data/results/FinalTest/FinalTest_WorkbookPayload_Sanitization.json,training_data/results/FinalTest/FinalTest_WorkbookPayload_Sanitization.json,FinalTest_WorkbookPayload_Sanitization.json,.json,980,0.000935,2026-09-24T16:56:06,9ed6aa09d736e6804cdd2ac3e988d75b394f98a40316e5dfcfe9fb94f28f0281,04_experiment_results,False,True,,
<SOURCE_ROOT>/training_data/results/FinalTest/workbook_previews/BOUNDARY_CONFIRMATORY.png,training_data/results/FinalTest/workbook_previews/BOUNDARY_CONFIRMATORY.png,BOUNDARY_CONFIRMATORY.png,.png,33876,0.032307,2026-09-24T16:56:18,3bd1f1f6ab9c452b5cb2279824f77ff18c88c4957fe1be7b4164aa8b03b5036f,04_experiment_results,False,False,,
<SOURCE_ROOT>/training_data/results/FinalTest/workbook_previews/BOUNDARY_SUPPORTING.png,training_data/results/FinalTest/workbook_previews/BOUNDARY_SUPPORTING.png,BOUNDARY_SUPPORTING.png,.png,127725,0.121808,2026-09-24T16:56:18,564d9cfd0132a076151a27bfe3e63df1a3a43e0309ae8b429274c3481ddde1b8,04_experiment_results,False,False,,
<SOURCE_ROOT>/training_data/results/FinalTest/workbook_previews/CALIBRATION.png,training_data/results/FinalTest/workbook_previews/CALIBRATION.png,CALIBRATION.png,.png,21342,0.020353,2026-09-24T16:56:18,a27d36db15e71f765127bbd71f4a75ca39c30aa5535bc3734c59f9ad6ba4a4f1,05_metrics,False,False,,
<SOURCE_ROOT>/training_data/results/FinalTest/workbook_previews/CLAIM_MATRIX.png,training_data/results/FinalTest/workbook_previews/CLAIM_MATRIX.png,CLAIM_MATRIX.png,.png,136244,0.129932,2026-09-24T16:56:18,2aeda3a0baae8ef2ed69c2f094c36659b1a817bdde4f2eac9df86e6bda027903,04_experiment_results,False,False,,
<SOURCE_ROOT>/training_data/results/FinalTest/workbook_previews/COHORT.png,training_data/results/FinalTest/workbook_previews/COHORT.png,COHORT.png,.png,251228,0.23959,2026-09-24T16:56:18,d1b8f2e9791031aa32a832754f81dae1ca40e5987ced5302b0e35b4921624243,04_experiment_results,False,False,,
<SOURCE_ROOT>/training_data/results/FinalTest/workbook_previews/CONFIDENCE_COMPARISONS.png,training_data/results/FinalTest/workbook_previews/CONFIDENCE_COMPARISONS.png,CONFIDENCE_COMPARISONS.png,.png,33449,0.031899,2026-09-24T16:56:18,a14e0645a5ef440e8e3e6a905ed13cd4e7e94a0981a17e05e325c29fe06622e4,05_metrics,False,False,,
<SOURCE_ROOT>/training_data/results/FinalTest/workbook_previews/DOWNSTREAM_GRU.png,training_data/results/FinalTest/workbook_previews/DOWNSTREAM_GRU.png,DOWNSTREAM_GRU.png,.png,37317,0.035588,2026-09-24T16:56:18,7ba5215ff82964b20a2667dedb9bc4f3a26a3ce7aa8563009740d26fe75437ec,04_experiment_results,False,False,,
<SOURCE_ROOT>/training_data/results/FinalTest/workbook_previews/DOWNSTREAM_XGB.png,training_data/results/FinalTest/workbook_previews/DOWNSTREAM_XGB.png,DOWNSTREAM_XGB.png,.png,37038,0.035322,2026-09-24T16:56:18,7ef9efdb715f0b87cc36324c2c492a064f1d997308e980b3ee9358e37dd60df7,04_experiment_results,False,False,,
<SOURCE_ROOT>/training_data/results/FinalTest/workbook_previews/EVALUATOR_SENSITIVITY.png,training_data/results/FinalTest/workbook_previews/EVALUATOR_SENSITIVITY.png,EVALUATOR_SENSITIVITY.png,.png,54153,0.051644,2026-09-24T16:56:18,ee5b1bd1a3e0fb4e6f848abd399dc7374f171daabd242fe77fd63e6a2569bd48,04_experiment_results,False,False,,
<SOURCE_ROOT>/training_data/results/FinalTest/workbook_previews/FAILURE_PROFILE.png,training_data/results/FinalTest/workbook_previews/FAILURE_PROFILE.png,FAILURE_PROFILE.png,.png,20630,0.019674,2026-09-24T16:56:18,f861d20b636178927eaa65b3929ec8577ee5bd411db88b61950165a2617d5277,04_experiment_results,False,False,,
<SOURCE_ROOT>/training_data/results/FinalTest/workbook_previews/INTEGRITY.png,training_data/results/FinalTest/workbook_previews/INTEGRITY.png,INTEGRITY.png,.png,21111,0.020133,2026-09-24T16:56:18,7d722a70a5467ec889c6ec5962852b68dcd23a54f105fd3ce53a5df570a6b3b4,04_experiment_results,False,False,,
<SOURCE_ROOT>/training_data/results/FinalTest/workbook_previews/MULTIPLICITY.png,training_data/results/FinalTest/workbook_previews/MULTIPLICITY.png,MULTIPLICITY.png,.png,47947,0.045726,2026-09-24T16:56:18,f4e97b1e7caaf688b20b6868c5749e247c2769a16707f7cd380f7bc2af4b9103,05_metrics,False,False,,
<SOURCE_ROOT>/training_data/results/FinalTest/workbook_previews/PRIMARY_COMPARISONS.png,training_data/results/FinalTest/workbook_previews/PRIMARY_COMPARISONS.png,PRIMARY_COMPARISONS.png,.png,39209,0.037393,2026-09-24T16:56:18,1cf687019eadaddf4f2cf46bf1a7a3ac715f4bc3f05666e6e2c97ef3428571e2,04_experiment_results,False,False,,
<SOURCE_ROOT>/training_data/results/FinalTest/workbook_previews/QC.png,training_data/results/FinalTest/workbook_previews/QC.png,QC.png,.png,11943,0.01139,2026-09-24T16:56:18,202c44c7f0981746dcd9bbb780b35532c2c4d990c4d0427f45ca49a9879dd0e5,04_experiment_results,False,False,,
<SOURCE_ROOT>/training_data/results/FinalTest/workbook_previews/README.png,training_data/results/FinalTest/workbook_previews/README.png,README.png,.png,6984,0.00666,2026-09-24T16:56:18,492d77efb781f86a2aa0f4f13c8a665cb11ba93ef9feaf979802852286a5b311,04_experiment_results,False,False,,
<SOURCE_ROOT>/training_data/results/FinalTest/workbook_previews/RISK_COVERAGE.png,training_data/results/FinalTest/workbook_previews/RISK_COVERAGE.png,RISK_COVERAGE.png,.png,50108,0.047787,2026-09-24T16:56:18,70c0eceb26d0a574f0bde00141a6b074f927f4f0f10fb16e9ebc4bfe07112e3a,05_metrics,False,False,,
<SOURCE_ROOT>/training_data/results/FinalTest/workbook_previews/RUNTIME.png,training_data/results/FinalTest/workbook_previews/RUNTIME.png,RUNTIME.png,.png,9701,0.009252,2026-09-24T16:56:18,9e6e6f73150c94b1fae0ec646c54c0744dd074cebe7fdb6e3ae0f4bb207c3617,05_metrics,False,False,,
<SOURCE_ROOT>/training_data/results/FinalTest/workbook_previews/SELECTOR_PERFORMANCE.png,training_data/results/FinalTest/workbook_previews/SELECTOR_PERFORMANCE.png,SELECTOR_PERFORMANCE.png,.png,62949,0.060033,2026-09-24T16:56:18,92c98bcd3e8ff11d7fc798716727748e6138d84e6712b0c9d069d1666c51ed2d,09_model_outputs,False,False,,
<SOURCE_ROOT>/training_data/results/Step2A/production/.step2a_workbook_payload.json,training_data/results/Step2A/production/.step2a_workbook_payload.json,.step2a_workbook_payload.json,.json,11019411,10.508929,2026-09-23T18:48:06,647f0741199cf0bb640c12cd2ee465e408e8cb3dc8f9e45f5a41c2e430655c1c,04_experiment_results,False,False,,
<SOURCE_ROOT>/training_data/results/Step2A/production/.workbook_previews/CANDIDATE_AVAILABILITY.png,training_data/results/Step2A/production/.workbook_previews/CANDIDATE_AVAILABILITY.png,CANDIDATE_AVAILABILITY.png,.png,116579,0.111178,2026-09-23T19:10:21,95ca38cad3d114d9592121c671b1ed6aee9366663549014fbf4d36739bd8c5e9,04_experiment_results,False,False,,
<SOURCE_ROOT>/training_data/results/Step2A/production/.workbook_previews/CANDIDATE_POOL.png,training_data/results/Step2A/production/.workbook_previews/CANDIDATE_POOL.png,CANDIDATE_POOL.png,.png,340328,0.324562,2026-09-23T19:10:21,2e7335f09520096ae465e4dde25c696ac6120c1b4a4dd9099015240c9fa6af64,04_experiment_results,False,False,,
<SOURCE_ROOT>/training_data/results/Step2A/production/.workbook_previews/CANDIDATE_SIZE.png,training_data/results/Step2A/production/.workbook_previews/CANDIDATE_SIZE.png,CANDIDATE_SIZE.png,.png,338000,0.322342,2026-09-23T19:10:22,b182de8a2df00b5e47d0377e082d390340eda95dfa7e84fbe1f9531506ba430c,04_experiment_results,False,False,,
<SOURCE_ROOT>/training_data/results/Step2A/production/.workbook_previews/CONFIG.png,training_data/results/Step2A/production/.workbook_previews/CONFIG.png,CONFIG.png,.png,197435,0.188289,2026-09-23T19:10:21,882d4cc048554406d3667c01da145b3cf1192328adbcef7ad7c3d2bb25d49cc9,10_configs,False,False,,
<SOURCE_ROOT>/training_data/results/Step2A/production/.workbook_previews/INPUT_FILES.png,training_data/results/Step2A/production/.workbook_previews/INPUT_FILES.png,INPUT_FILES.png,.png,226564,0.216068,2026-09-23T19:10:21,99589728c278be457314c5b958a24b2ed68dfb1ebdddc286ff821971adfef87c,04_experiment_results,False,False,,
<SOURCE_ROOT>/training_data/results/Step2A/production/.workbook_previews/ISSUES.png,training_data/results/Step2A/production/.workbook_previews/ISSUES.png,ISSUES.png,.png,16977,0.016191,2026-09-23T19:10:24,65e6aa728430f6d21d37706003cb34ba2bec7ea70457113c207e1ad27c757f58,04_experiment_results,False,False,,
<SOURCE_ROOT>/training_data/results/Step2A/production/.workbook_previews/LEAKAGE_AUDIT.png,training_data/results/Step2A/production/.workbook_previews/LEAKAGE_AUDIT.png,LEAKAGE_AUDIT.png,.png,36772,0.035069,2026-09-23T19:10:23,614f530986499843f29bf38c0dc59d639425424bcf2ca31f6281887ccdedf974,04_experiment_results,False,False,,
<SOURCE_ROOT>/training_data/results/Step2A/production/.workbook_previews/LOSS_SPREAD.png,training_data/results/Step2A/production/.workbook_previews/LOSS_SPREAD.png,LOSS_SPREAD.png,.png,26494,0.025267,2026-09-23T19:10:23,87534af066ec053605bb17f0316725040787c894bfb8f9715cdc092a10e2f116,04_experiment_results,False,False,,
<SOURCE_ROOT>/training_data/results/Step2A/production/.workbook_previews/MISSING_CANDIDATES.png,training_data/results/Step2A/production/.workbook_previews/MISSING_CANDIDATES.png,MISSING_CANDIDATES.png,.png,420075,0.400615,2026-09-23T19:10:22,356309b7666313273539481cdea73fb49eef17c808b984a28137a1c0ac84b02d,04_experiment_results,False,False,,
<SOURCE_ROOT>/training_data/results/Step2A/production/.workbook_previews/NEAR_TIES.png,training_data/results/Step2A/production/.workbook_previews/NEAR_TIES.png,NEAR_TIES.png,.png,224628,0.214222,2026-09-23T19:10:23,8698c10a8f2788fb4a68599c39bab665c154f28d40bab322c7d37dc8439a9f4c,04_experiment_results,False,False,,
<SOURCE_ROOT>/training_data/results/Step2A/production/.workbook_previews/NON_EVALUABLE_TARGETS.png,training_data/results/Step2A/production/.workbook_previews/NON_EVALUABLE_TARGETS.png,NON_EVALUABLE_TARGETS.png,.png,16396,0.015636,2026-09-23T19:10:22,26eda2b52226c705e397e446f0ace9456c75bfdb599661c6128442b3f134232e,04_experiment_results,False,False,,
<SOURCE_ROOT>/training_data/results/Step2A/production/.workbook_previews/ORACLE_GAP.png,training_data/results/Step2A/production/.workbook_previews/ORACLE_GAP.png,ORACLE_GAP.png,.png,17324,0.016521,2026-09-23T19:10:23,5af1ecf407d0a42e884c98fe94f207ea543f33ff254be7e736a738209f7b2b78,04_experiment_results,False,False,,
<SOURCE_ROOT>/training_data/results/Step2A/production/.workbook_previews/ORACLE_SUMMARY.png,training_data/results/Step2A/production/.workbook_previews/ORACLE_SUMMARY.png,ORACLE_SUMMARY.png,.png,298037,0.28423,2026-09-23T19:10:22,263e5132fcfd38c3619d5e311da1b2e8c55d7c533b69746a37e4fa2061b08a3b,04_experiment_results,False,False,,
<SOURCE_ROOT>/training_data/results/Step2A/production/.workbook_previews/ORACLE_TURNOVER.png,training_data/results/Step2A/production/.workbook_previews/ORACLE_TURNOVER.png,ORACLE_TURNOVER.png,.png,297987,0.284183,2026-09-23T19:10:23,ed580c77f48091a82af697180fb1d09ea213e5f3df9232d2af3713980d21e96f,04_experiment_results,False,False,,
<SOURCE_ROOT>/training_data/results/Step2A/production/.workbook_previews/README.png,training_data/results/Step2A/production/.workbook_previews/README.png,README.png,.png,15466,0.01475,2026-09-23T19:10:20,8afa5a437eac130d24e63db775bf0087735b322717f3b4b32097f25ef813d590,04_experiment_results,False,False,,
<SOURCE_ROOT>/training_data/results/Step2A/production/.workbook_previews/RUNTIME.png,training_data/results/Step2A/production/.workbook_previews/RUNTIME.png,RUNTIME.png,.png,34696,0.033089,2026-09-23T19:10:24,793838b530f18813b6b06717d8d0f5d56a1aeae19d90f0a83683957ea2cf9aab,05_metrics,False,False,,
<SOURCE_ROOT>/training_data/results/Step2A/production/.workbook_previews/SPLIT_QC.png,training_data/results/Step2A/production/.workbook_previews/SPLIT_QC.png,SPLIT_QC.png,.png,44073,0.042031,2026-09-23T19:10:23,c212f0b171f3b39c101b98267aa090965928d3e8d8700e9eee64834134154582,04_experiment_results,False,False,,
<SOURCE_ROOT>/training_data/results/Step2A/production/.workbook_previews/STATION_UNIVERSE.png,training_data/results/Step2A/production/.workbook_previews/STATION_UNIVERSE.png,STATION_UNIVERSE.png,.png,34823,0.03321,2026-09-23T19:10:21,8d11418e9074c0ae4c6d8c33e66a0abee84b8417617277b0ebee35852c353cbe,04_experiment_results,False,False,,
<SOURCE_ROOT>/training_data/results/Step2A/production/Step2A_Candidate_Availability_Audit.csv,training_data/results/Step2A/production/Step2A_Candidate_Availability_Audit.csv,Step2A_Candidate_Availability_Audit.csv,.csv,4113,0.003922,2026-09-23T18:48:04,275daec70252dc1fb24a44c4d83b417e3f825fc518b566020f6e3b66e432f041,04_experiment_results,False,True,,
<SOURCE_ROOT>/training_data/results/Step2A/production/Step2A_Candidate_Set_Size.csv,training_data/results/Step2A/production/Step2A_Candidate_Set_Size.csv,Step2A_Candidate_Set_Size.csv,.csv,1025538,0.978029,2026-09-23T18:48:04,7cafad08a5865cd8146aac9ba07a66319a5f6554f83601af3b1bc659d3ef3520,04_experiment_results,False,True,,
<SOURCE_ROOT>/training_data/results/Step2A/production/Step2A_Discovery_Report.json,training_data/results/Step2A/production/Step2A_Discovery_Report.json,Step2A_Discovery_Report.json,.json,4627,0.004413,2026-09-23T18:48:06,650ee6ee3e0cacb6abe159ec4cfeb2b5b35735e601a1b6ff62d9b938d65b3b49,04_experiment_results,False,True,,
<SOURCE_ROOT>/training_data/results/Step2A/production/Step2A_Feasibility_Report.xlsx,training_data/results/Step2A/production/Step2A_Feasibility_Report.xlsx,Step2A_Feasibility_Report.xlsx,.xlsx,1092151,1.041556,2026-09-23T19:10:34,e917ccdbc1eca03dd8a2ac36a37d46c885c993f429667024fba6277d63a863df,04_experiment_results,False,True,,
<SOURCE_ROOT>/training_data/results/Step2A/production/Step2A_Feasibility_Report.xlsx.formula_errors.ndjson,training_data/results/Step2A/production/Step2A_Feasibility_Report.xlsx.formula_errors.ndjson,Step2A_Feasibility_Report.xlsx.formula_errors.ndjson,.ndjson,60,5.7e-05,2026-09-23T19:10:20,acc0111e19cf44d2753fc9ecd164bf1b27fbd65597463a25cf48bd1c65e90146,04_experiment_results,False,False,,
<SOURCE_ROOT>/training_data/results/Step2A/production/Step2A_Feasibility_Report.xlsx.inspect.ndjson,training_data/results/Step2A/production/Step2A_Feasibility_Report.xlsx.inspect.ndjson,Step2A_Feasibility_Report.xlsx.inspect.ndjson,.ndjson,101458243,96.758121,2026-09-23T19:10:34,0a0c8611abce19699664996f389be38fe80b781a58e77fdd087777c4f72be0ae,04_experiment_results,True,False,,
<SOURCE_ROOT>/training_data/results/Step2A/production/Step2A_Freeze_Config.json,training_data/results/Step2A/production/Step2A_Freeze_Config.json,Step2A_Freeze_Config.json,.json,3218,0.003069,2026-09-23T18:48:06,070f3bafc2c2e123fd31ba311e1698c0c58b08693408edbec1e220af76613547,10_configs,False,True,,
<SOURCE_ROOT>/training_data/results/Step2A/production/Step2A_Input_File_Manifest.csv,training_data/results/Step2A/production/Step2A_Input_File_Manifest.csv,Step2A_Input_File_Manifest.csv,.csv,2664,0.002541,2026-09-23T18:48:06,df4a15a6c31fff590da00db625939c7ae00a0c086f07ff8912d06736308cca4a,04_experiment_results,False,False,,
<SOURCE_ROOT>/training_data/results/Step2A/production/Step2A_Leakage_Audit.json,training_data/results/Step2A/production/Step2A_Leakage_Audit.json,Step2A_Leakage_Audit.json,.json,550,0.000525,2026-09-23T18:48:06,44d4cb52f48926a273e00f0edb5ac2d156c19c27eb3136400cafbfe7819554a7,04_experiment_results,False,True,,
<SOURCE_ROOT>/training_data/results/Step2A/production/Step2A_Missing_Candidates.csv,training_data/results/Step2A/production/Step2A_Missing_Candidates.csv,Step2A_Missing_Candidates.csv,.csv,21983,0.020965,2026-09-23T18:48:04,2c3789565c7b3399386682501feed23e9af299a9adc4e2b8b24afa24eda6b49f,04_experiment_results,False,False,,
<SOURCE_ROOT>/training_data/results/Step2A/production/Step2A_NearTie_Analysis.csv,training_data/results/Step2A/production/Step2A_NearTie_Analysis.csv,Step2A_NearTie_Analysis.csv,.csv,716129,0.682954,2026-09-23T18:48:04,7b9094f75abd41d74b2cebe31c90dbe92f9683be004d2a33ab7851b6811bb440,04_experiment_results,False,True,,
<SOURCE_ROOT>/training_data/results/Step2A/production/Step2A_Non_Evaluable_Targets.csv,training_data/results/Step2A/production/Step2A_Non_Evaluable_Targets.csv,Step2A_Non_Evaluable_Targets.csv,.csv,180,0.000172,2026-09-23T18:48:04,9d8289d3d6e307aac7d617bf17b00c56086cfba8ad8b9002e5fa204beb2e62f3,04_experiment_results,False,False,,
<SOURCE_ROOT>/training_data/results/Step2A/production/Step2A_Oracle_Gap_Distribution.csv,training_data/results/Step2A/production/Step2A_Oracle_Gap_Distribution.csv,Step2A_Oracle_Gap_Distribution.csv,.csv,300,0.000286,2026-09-23T18:48:04,0499255c1f134325cce1f446815be9311db87e443e27b7c050c120a51d2313a5,04_experiment_results,False,True,,
<SOURCE_ROOT>/training_data/results/Step2A/production/Step2A_Oracle_Turnover.csv,training_data/results/Step2A/production/Step2A_Oracle_Turnover.csv,Step2A_Oracle_Turnover.csv,.csv,22180,0.021152,2026-09-23T18:48:04,48488477366b744572d23294f55bc03fef86ee84b28f065767cae0953ba76e9c,04_experiment_results,False,True,,
<SOURCE_ROOT>/training_data/results/Step2A/production/Step2A_Oracle_Utility.csv,training_data/results/Step2A/production/Step2A_Oracle_Utility.csv,Step2A_Oracle_Utility.csv,.csv,12334040,11.762657,2026-09-23T18:48:04,ac40ecf6802e054dba1eba9f29f7ad1ed7fcba98069df34a338bb340656962a7,04_experiment_results,False,True,,
<SOURCE_ROOT>/training_data/results/Step2A/production/Step2A_Production_Log.log,training_data/results/Step2A/production/Step2A_Production_Log.log,Step2A_Production_Log.log,.log,20135,0.019202,2026-09-23T18:48:03,ae090c1a3a8571cc57347d75a17e52520e8220085dac2e18a8d3c5dc4577ff69,11_logs,False,False,,
<SOURCE_ROOT>/training_data/results/Step2A/production/Step2A_Production_PreRepair_Manifest_20260923T190204.csv,training_data/results/Step2A/production/Step2A_Production_PreRepair_Manifest_20260923T190204.csv,Step2A_Production_PreRepair_Manifest_20260923T190204.csv,.csv,4391,0.004188,2026-09-23T19:02:05,c68c2feb01d286f971847dd5453521ca7b3c3cad7d915f4731f158dd348c1a08,04_experiment_results,False,False,,
<SOURCE_ROOT>/training_data/results/Step2A/production/Step2A_QC.json,training_data/results/Step2A/production/Step2A_QC.json,Step2A_QC.json,.json,1293,0.001233,2026-09-23T18:48:05,b2a119f64f5bd665d46a5633728ac7ffd08b22252afa67585158e92527fcf23c,04_experiment_results,False,True,,
<SOURCE_ROOT>/training_data/results/Step2A/production/Step2A_Runtime.json,training_data/results/Step2A/production/Step2A_Runtime.json,Step2A_Runtime.json,.json,439,0.000419,2026-09-23T18:48:06,8b7916b349c789fe9ffa63bf10ce23f8955514c41d2de631d66230196d36718a,05_metrics,False,False,,
<SOURCE_ROOT>/training_data/results/Step2A/production/Step2A_Target_Candidate_Map.csv,training_data/results/Step2A/production/Step2A_Target_Candidate_Map.csv,Step2A_Target_Candidate_Map.csv,.csv,110770,0.105639,2026-09-23T18:48:03,c8e27d6ee427e045dee812d990624167d987bd62d64aaf89b98075e456e7971f,04_experiment_results,False,False,,
<SOURCE_ROOT>/training_data/results/Step2A/production/Step2A_Target_Level_Summary.csv,training_data/results/Step2A/production/Step2A_Target_Level_Summary.csv,Step2A_Target_Level_Summary.csv,.csv,22180,0.021152,2026-09-23T18:48:04,48488477366b744572d23294f55bc03fef86ee84b28f065767cae0953ba76e9c,04_experiment_results,False,True,,
<SOURCE_ROOT>/training_data/results/Step2A/smoke/.step2a_workbook_payload.json,training_data/results/Step2A/smoke/.step2a_workbook_payload.json,.step2a_workbook_payload.json,.json,450269,0.42941,2026-09-23T16:34:37,544cf20d8b628ee0b3ecbe4126c97ec1ca0457e9e794e5421dde6ca19f37d547,04_experiment_results,False,False,,
<SOURCE_ROOT>/training_data/results/Step2A/smoke/.workbook_previews/ALL_SHEETS_CONTACT.png,training_data/results/Step2A/smoke/.workbook_previews/ALL_SHEETS_CONTACT.png,ALL_SHEETS_CONTACT.png,.png,632750,0.603437,2026-09-23T16:36:27,b50b3015a7a466b8f8027cc62c8f8f5e0e72c1e1fb1bd162bf3a4878e9bba421,04_experiment_results,False,False,,
<SOURCE_ROOT>/training_data/results/Step2A/smoke/.workbook_previews/CANDIDATE_POOL.png,training_data/results/Step2A/smoke/.workbook_previews/CANDIDATE_POOL.png,CANDIDATE_POOL.png,.png,6097788,5.815304,2026-09-23T16:36:10,2227abee3206e961ab0f55c91de9240373d182e5d45f1128c581cf15242b8a5a,04_experiment_results,False,False,,
<SOURCE_ROOT>/training_data/results/Step2A/smoke/.workbook_previews/CANDIDATE_SIZE.png,training_data/results/Step2A/smoke/.workbook_previews/CANDIDATE_SIZE.png,CANDIDATE_SIZE.png,.png,383411,0.365649,2026-09-23T16:36:11,84c4fe9ceca0af067e6180df73b8fc72327612c47efcb07f66d96b811a25227e,04_experiment_results,False,False,,
<SOURCE_ROOT>/training_data/results/Step2A/smoke/.workbook_previews/CONFIG.png,training_data/results/Step2A/smoke/.workbook_previews/CONFIG.png,CONFIG.png,.png,192180,0.183277,2026-09-23T16:36:08,cc8fa28d3139195e9bc53fcf43d7c4e11729d48dadcbf9abc27c6b18bf4267a4,10_configs,False,False,,
<SOURCE_ROOT>/training_data/results/Step2A/smoke/.workbook_previews/INPUT_FILES.png,training_data/results/Step2A/smoke/.workbook_previews/INPUT_FILES.png,INPUT_FILES.png,.png,223358,0.213011,2026-09-23T16:36:08,70c41955c59b4dfb70146e5706a20fc95d014b0f7f5065fedff260a8022cc696,04_experiment_results,False,False,,
<SOURCE_ROOT>/training_data/results/Step2A/smoke/.workbook_previews/ISSUES.png,training_data/results/Step2A/smoke/.workbook_previews/ISSUES.png,ISSUES.png,.png,11058,0.010546,2026-09-23T16:36:11,870e6e8166a30b2fc58bab1e1535c08007fb176b6a5a4931444cdf7e97c013cf,04_experiment_results,False,False,,
<SOURCE_ROOT>/training_data/results/Step2A/smoke/.workbook_previews/LEAKAGE_AUDIT.png,training_data/results/Step2A/smoke/.workbook_previews/LEAKAGE_AUDIT.png,LEAKAGE_AUDIT.png,.png,33914,0.032343,2026-09-23T16:36:11,8577f56603a552f684abfc7772d7a60a3b41dd7182e89c06db15b4968d53584e,04_experiment_results,False,False,,
<SOURCE_ROOT>/training_data/results/Step2A/smoke/.workbook_previews/LOSS_SPREAD.png,training_data/results/Step2A/smoke/.workbook_previews/LOSS_SPREAD.png,LOSS_SPREAD.png,.png,26438,0.025213,2026-09-23T16:36:11,496bf03b9c41603c3e8a1e028cd3699c70ecef61c3223d1cb979b61baf28a73a,04_experiment_results,False,False,,
<SOURCE_ROOT>/training_data/results/Step2A/smoke/.workbook_previews/NEAR_TIES.png,training_data/results/Step2A/smoke/.workbook_previews/NEAR_TIES.png,NEAR_TIES.png,.png,357733,0.341161,2026-09-23T16:36:11,efbaa84c5ebe6339d02b191f850856502b919b31ee881b1c3239c094c1bf23e2,04_experiment_results,False,False,,
<SOURCE_ROOT>/training_data/results/Step2A/smoke/.workbook_previews/ORACLE_GAP.png,training_data/results/Step2A/smoke/.workbook_previews/ORACLE_GAP.png,ORACLE_GAP.png,.png,16887,0.016105,2026-09-23T16:36:11,7574f71f03ef16e702d6511e9f7365401894437ee2d67bd68b3411bcf3c63355,04_experiment_results,False,False,,
<SOURCE_ROOT>/training_data/results/Step2A/smoke/.workbook_previews/ORACLE_SUMMARY.png,training_data/results/Step2A/smoke/.workbook_previews/ORACLE_SUMMARY.png,ORACLE_SUMMARY.png,.png,40764,0.038876,2026-09-23T16:36:11,b308c19233fb7155cf0cde5f22e0845d81f47da0b2b62d445925bdbfe0cc5016,04_experiment_results,False,False,,
<SOURCE_ROOT>/training_data/results/Step2A/smoke/.workbook_previews/ORACLE_TURNOVER.png,training_data/results/Step2A/smoke/.workbook_previews/ORACLE_TURNOVER.png,ORACLE_TURNOVER.png,.png,41001,0.039102,2026-09-23T16:36:11,688141359f5bd295ec9e43e4eaca4b15a12ec72bebdf1fa486311c855c3c2d8d,04_experiment_results,False,False,,
<SOURCE_ROOT>/training_data/results/Step2A/smoke/.workbook_previews/README.png,training_data/results/Step2A/smoke/.workbook_previews/README.png,README.png,.png,15044,0.014347,2026-09-23T16:36:07,d513a17e6fb9a006168450335ce6596bcaa9c784ab638da6fe2bd464835f5ba1,04_experiment_results,False,False,,
<SOURCE_ROOT>/training_data/results/Step2A/smoke/.workbook_previews/RUNTIME.png,training_data/results/Step2A/smoke/.workbook_previews/RUNTIME.png,RUNTIME.png,.png,35763,0.034106,2026-09-23T16:36:11,12ca22171362aeebfb10b14311fd3fe56f122ba2cc31eabbaa2132dc6f05d882,05_metrics,False,False,,
<SOURCE_ROOT>/training_data/results/Step2A/smoke/.workbook_previews/SPLIT_QC.png,training_data/results/Step2A/smoke/.workbook_previews/SPLIT_QC.png,SPLIT_QC.png,.png,34171,0.032588,2026-09-23T16:36:11,15f74947676898e3bd90ec089508cca27c6fbda5b4e1e536910fdb99b07cd8e9,04_experiment_results,False,False,,
<SOURCE_ROOT>/training_data/results/Step2A/smoke/.workbook_previews/STATION_UNIVERSE.png,training_data/results/Step2A/smoke/.workbook_previews/STATION_UNIVERSE.png,STATION_UNIVERSE.png,.png,123318,0.117605,2026-09-23T16:36:08,c00b4574b610d3bd29b67de6f2525b788b332cb7c8b5fb38dd0f4f4db43c109a,04_experiment_results,False,False,,
<SOURCE_ROOT>/training_data/results/Step2A/smoke/Step2A_Smoke_Candidate_Set_Size.csv,training_data/results/Step2A/smoke/Step2A_Smoke_Candidate_Set_Size.csv,Step2A_Smoke_Candidate_Set_Size.csv,.csv,5465,0.005212,2026-09-23T16:34:35,543d512c3106062703fe8680ee6f3582631aa4b21290800d10a53741e0e3b455,04_experiment_results,False,False,,
<SOURCE_ROOT>/training_data/results/Step2A/smoke/Step2A_Smoke_Discovery_Report.json,training_data/results/Step2A/smoke/Step2A_Smoke_Discovery_Report.json,Step2A_Smoke_Discovery_Report.json,.json,4594,0.004381,2026-09-23T16:34:37,c1f92ebc9c1446ddd0aca275da4ec6dd8c5888ffbcc670cc7f325bb46a1b31fa,04_experiment_results,False,False,,
<SOURCE_ROOT>/training_data/results/Step2A/smoke/Step2A_Smoke_Freeze_Config.json,training_data/results/Step2A/smoke/Step2A_Smoke_Freeze_Config.json,Step2A_Smoke_Freeze_Config.json,.json,3218,0.003069,2026-09-23T16:34:37,5a566a8ffead98014cf965e06721d86d6bba598e56c78d73aa7a615986a9b195,10_configs,False,False,,
<SOURCE_ROOT>/training_data/results/Step2A/smoke/Step2A_Smoke_Input_File_Manifest.csv,training_data/results/Step2A/smoke/Step2A_Smoke_Input_File_Manifest.csv,Step2A_Smoke_Input_File_Manifest.csv,.csv,2631,0.002509,2026-09-23T16:34:37,d67affc2666e7a6421c4667b8ef395f28fb439f09cf82f377c4ad420c9b7fdcb,04_experiment_results,False,False,,
<SOURCE_ROOT>/training_data/results/Step2A/smoke/Step2A_Smoke_Leakage_Audit.json,training_data/results/Step2A/smoke/Step2A_Smoke_Leakage_Audit.json,Step2A_Smoke_Leakage_Audit.json,.json,502,0.000479,2026-09-23T16:34:37,d4f84eb5d913a0ecd5c90efe5e2945ce1e1a4c5acf045cad6361a9bd82288a75,04_experiment_results,False,False,,
<SOURCE_ROOT>/training_data/results/Step2A/smoke/Step2A_Smoke_Log.log,training_data/results/Step2A/smoke/Step2A_Smoke_Log.log,Step2A_Smoke_Log.log,.log,5426,0.005175,2026-09-23T16:34:44,37a860e135054bebe6fad6d292b5a9f2c9288429b2b13b2437e29bcb9bb00032,11_logs,False,False,,
<SOURCE_ROOT>/training_data/results/Step2A/smoke/Step2A_Smoke_NearTie_Analysis.csv,training_data/results/Step2A/smoke/Step2A_Smoke_NearTie_Analysis.csv,Step2A_Smoke_NearTie_Analysis.csv,.csv,5209,0.004968,2026-09-23T16:34:35,1e35af69658c9d4c690bb7ccf6b3be33503c4a0d82a6ab60bf3bdaa3c40f170e,04_experiment_results,False,False,,
<SOURCE_ROOT>/training_data/results/Step2A/smoke/Step2A_Smoke_Oracle_Gap_Distribution.csv,training_data/results/Step2A/smoke/Step2A_Smoke_Oracle_Gap_Distribution.csv,Step2A_Smoke_Oracle_Gap_Distribution.csv,.csv,287,0.000274,2026-09-23T16:34:35,aa576da882ba0cb36303e9b1e043c8ad02dd959bc600f44f634992462a93c324,04_experiment_results,False,False,,
<SOURCE_ROOT>/training_data/results/Step2A/smoke/Step2A_Smoke_Oracle_Turnover.csv,training_data/results/Step2A/smoke/Step2A_Smoke_Oracle_Turnover.csv,Step2A_Smoke_Oracle_Turnover.csv,.csv,820,0.000782,2026-09-23T16:34:35,900a7f31f430755291388328a66b7945f9040b6096cc557a11fb45b64358b08f,04_experiment_results,False,False,,
<SOURCE_ROOT>/training_data/results/Step2A/smoke/Step2A_Smoke_Oracle_Utility.csv,training_data/results/Step2A/smoke/Step2A_Smoke_Oracle_Utility.csv,Step2A_Smoke_Oracle_Utility.csv,.csv,87962,0.083887,2026-09-23T16:34:35,3b91e52ff395d8920cc156b53933177ca400d607841bd2ddd047d4562d22c409,04_experiment_results,False,False,,
<SOURCE_ROOT>/training_data/results/Step2A/smoke/Step2A_Smoke_QC.json,training_data/results/Step2A/smoke/Step2A_Smoke_QC.json,Step2A_Smoke_QC.json,.json,921,0.000878,2026-09-23T16:34:36,07649de8103ff5374ae8d2b6f8dfae412ec523478827034ff2291f1c054d883e,04_experiment_results,False,False,,
<SOURCE_ROOT>/training_data/results/Step2A/smoke/Step2A_Smoke_Runtime.json,training_data/results/Step2A/smoke/Step2A_Smoke_Runtime.json,Step2A_Smoke_Runtime.json,.json,438,0.000418,2026-09-23T16:34:37,6de55086666e6749631a8ccd126a9f56a1c0e83dc7ef72da86862a7faf4b832a,05_metrics,False,False,,
<SOURCE_ROOT>/training_data/results/Step2A/smoke/Step2A_Smoke_Summary.xlsx,training_data/results/Step2A/smoke/Step2A_Smoke_Summary.xlsx,Step2A_Smoke_Summary.xlsx,.xlsx,68389,0.065221,2026-09-23T16:36:12,d6a32a44bb5a9dcd649e24656da5c74d14b073beeecec4561fcd2e0d164ab937,04_experiment_results,False,False,,
<SOURCE_ROOT>/training_data/results/Step2A/smoke/Step2A_Smoke_Summary.xlsx.formula_errors.ndjson,training_data/results/Step2A/smoke/Step2A_Smoke_Summary.xlsx.formula_errors.ndjson,Step2A_Smoke_Summary.xlsx.formula_errors.ndjson,.ndjson,60,5.7e-05,2026-09-23T16:36:06,acc0111e19cf44d2753fc9ecd164bf1b27fbd65597463a25cf48bd1c65e90146,04_experiment_results,False,False,,
<SOURCE_ROOT>/training_data/results/Step2A/smoke/Step2A_Smoke_Summary.xlsx.inspect.ndjson,training_data/results/Step2A/smoke/Step2A_Smoke_Summary.xlsx.inspect.ndjson,Step2A_Smoke_Summary.xlsx.inspect.ndjson,.ndjson,4351880,4.150276,2026-09-23T16:36:12,8a4525d0782b38a3008561a4da9a9fd143e6914b68e94c92973b4ecd8cdd0d37,04_experiment_results,False,False,,
<SOURCE_ROOT>/training_data/results/Step2A/smoke/Step2A_Smoke_Target_Candidate_Map.csv,training_data/results/Step2A/smoke/Step2A_Smoke_Target_Candidate_Map.csv,Step2A_Smoke_Target_Candidate_Map.csv,.csv,110770,0.105639,2026-09-23T16:34:35,c8e27d6ee427e045dee812d990624167d987bd62d64aaf89b98075e456e7971f,04_experiment_results,False,False,,
<SOURCE_ROOT>/training_data/results/Step2A/smoke/Step2A_Smoke_Target_Level_Summary.csv,training_data/results/Step2A/smoke/Step2A_Smoke_Target_Level_Summary.csv,Step2A_Smoke_Target_Level_Summary.csv,.csv,820,0.000782,2026-09-23T16:34:35,900a7f31f430755291388328a66b7945f9040b6096cc557a11fb45b64358b08f,04_experiment_results,False,False,,
<SOURCE_ROOT>/training_data/results/Step2A/verification/.step2a_workbook_payload.json,training_data/results/Step2A/verification/.step2a_workbook_payload.json,.step2a_workbook_payload.json,.json,472386,0.450502,2026-09-23T18:31:44,295d26a549d9be9c6ed5ae1e5887048959eb30921bfed76fd813cac80b43ada2,04_experiment_results,False,False,,
<SOURCE_ROOT>/training_data/results/Step2A/verification/Step2A_Verification_Candidate_Availability_Audit.csv,training_data/results/Step2A/verification/Step2A_Verification_Candidate_Availability_Audit.csv,Step2A_Verification_Candidate_Availability_Audit.csv,.csv,4113,0.003922,2026-09-23T18:31:42,275daec70252dc1fb24a44c4d83b417e3f825fc518b566020f6e3b66e432f041,04_experiment_results,False,False,,
<SOURCE_ROOT>/training_data/results/Step2A/verification/Step2A_Verification_Candidate_Set_Size.csv,training_data/results/Step2A/verification/Step2A_Verification_Candidate_Set_Size.csv,Step2A_Verification_Candidate_Set_Size.csv,.csv,2454,0.00234,2026-09-23T18:31:42,031fb147c98566a71e8e6bbed528e937b7dcc72ec6b4906b1a33ca567c6c6f84,04_experiment_results,False,False,,
<SOURCE_ROOT>/training_data/results/Step2A/verification/Step2A_Verification_Discovery_Report.json,training_data/results/Step2A/verification/Step2A_Verification_Discovery_Report.json,Step2A_Verification_Discovery_Report.json,.json,4627,0.004413,2026-09-23T18:31:44,650ee6ee3e0cacb6abe159ec4cfeb2b5b35735e601a1b6ff62d9b938d65b3b49,04_experiment_results,False,False,,
<SOURCE_ROOT>/training_data/results/Step2A/verification/Step2A_Verification_Freeze_Config.json,training_data/results/Step2A/verification/Step2A_Verification_Freeze_Config.json,Step2A_Verification_Freeze_Config.json,.json,3467,0.003306,2026-09-23T18:31:44,eb87d971bbed4a0302a534769d6abfc41f0d54153026b561288eb88200033291,10_configs,False,False,,
<SOURCE_ROOT>/training_data/results/Step2A/verification/Step2A_Verification_Input_File_Manifest.csv,training_data/results/Step2A/verification/Step2A_Verification_Input_File_Manifest.csv,Step2A_Verification_Input_File_Manifest.csv,.csv,2664,0.002541,2026-09-23T18:31:44,df4a15a6c31fff590da00db625939c7ae00a0c086f07ff8912d06736308cca4a,04_experiment_results,False,False,,
<SOURCE_ROOT>/training_data/results/Step2A/verification/Step2A_Verification_Leakage_Audit.json,training_data/results/Step2A/verification/Step2A_Verification_Leakage_Audit.json,Step2A_Verification_Leakage_Audit.json,.json,550,0.000525,2026-09-23T18:31:44,44d4cb52f48926a273e00f0edb5ac2d156c19c27eb3136400cafbfe7819554a7,04_experiment_results,False,False,,
<SOURCE_ROOT>/training_data/results/Step2A/verification/Step2A_Verification_Log.log,training_data/results/Step2A/verification/Step2A_Verification_Log.log,Step2A_Verification_Log.log,.log,6064,0.005783,2026-09-23T18:31:44,0f6ff53eb278b9d4cc212ae8a0019d8b8e40c15d78d8b4d0df98efe8df4af580,11_logs,False,False,,
<SOURCE_ROOT>/training_data/results/Step2A/verification/Step2A_Verification_Missing_Candidates.csv,training_data/results/Step2A/verification/Step2A_Verification_Missing_Candidates.csv,Step2A_Verification_Missing_Candidates.csv,.csv,910,0.000868,2026-09-23T18:31:42,c210a7b0de6b1fb298b8da0c653c597ca9224653d59254045a0bc9bbb38cd705,04_experiment_results,False,False,,
<SOURCE_ROOT>/training_data/results/Step2A/verification/Step2A_Verification_NearTie_Analysis.csv,training_data/results/Step2A/verification/Step2A_Verification_NearTie_Analysis.csv,Step2A_Verification_NearTie_Analysis.csv,.csv,1182,0.001127,2026-09-23T18:31:42,3f6172629a62989ef93311f7a98c11a29b7306bf86771baba1b9958b346c7ae3,04_experiment_results,False,False,,
<SOURCE_ROOT>/training_data/results/Step2A/verification/Step2A_Verification_Non_Evaluable_Targets.csv,training_data/results/Step2A/verification/Step2A_Verification_Non_Evaluable_Targets.csv,Step2A_Verification_Non_Evaluable_Targets.csv,.csv,180,0.000172,2026-09-23T18:31:42,9d8289d3d6e307aac7d617bf17b00c56086cfba8ad8b9002e5fa204beb2e62f3,04_experiment_results,False,False,,
<SOURCE_ROOT>/training_data/results/Step2A/verification/Step2A_Verification_Oracle_Gap_Distribution.csv,training_data/results/Step2A/verification/Step2A_Verification_Oracle_Gap_Distribution.csv,Step2A_Verification_Oracle_Gap_Distribution.csv,.csv,308,0.000294,2026-09-23T18:31:42,3717ced8c7fe82bdd4fae9b2c1fafdb1746a4db819f54e12261b4bcc10f22391,04_experiment_results,False,False,,
<SOURCE_ROOT>/training_data/results/Step2A/verification/Step2A_Verification_Oracle_Turnover.csv,training_data/results/Step2A/verification/Step2A_Verification_Oracle_Turnover.csv,Step2A_Verification_Oracle_Turnover.csv,.csv,609,0.000581,2026-09-23T18:31:42,b1aca3f9932e9698be44f3098fe161d0462b9001a0186ea19036713bd87fdcd1,04_experiment_results,False,False,,
<SOURCE_ROOT>/training_data/results/Step2A/verification/Step2A_Verification_Oracle_Utility.csv,training_data/results/Step2A/verification/Step2A_Verification_Oracle_Utility.csv,Step2A_Verification_Oracle_Utility.csv,.csv,18845,0.017972,2026-09-23T18:31:42,1f82b202d6f3b394afb88abf1a24428cff683034b990734738714cea730131f3,04_experiment_results,False,False,,
<SOURCE_ROOT>/training_data/results/Step2A/verification/Step2A_Verification_QC.json,training_data/results/Step2A/verification/Step2A_Verification_QC.json,Step2A_Verification_QC.json,.json,1293,0.001233,2026-09-23T18:31:43,b2a119f64f5bd665d46a5633728ac7ffd08b22252afa67585158e92527fcf23c,04_experiment_results,False,False,,
<SOURCE_ROOT>/training_data/results/Step2A/verification/Step2A_Verification_Runtime.json,training_data/results/Step2A/verification/Step2A_Verification_Runtime.json,Step2A_Verification_Runtime.json,.json,437,0.000417,2026-09-23T18:31:44,f51e8f1a996920bbfda1074579043e46a2b533216c0cce5553c7008ba77f3f07,05_metrics,False,False,,
<SOURCE_ROOT>/training_data/results/Step2A/verification/Step2A_Verification_Target_Candidate_Map.csv,training_data/results/Step2A/verification/Step2A_Verification_Target_Candidate_Map.csv,Step2A_Verification_Target_Candidate_Map.csv,.csv,110770,0.105639,2026-09-23T18:31:42,c8e27d6ee427e045dee812d990624167d987bd62d64aaf89b98075e456e7971f,04_experiment_results,False,False,,
<SOURCE_ROOT>/training_data/results/Step2A/verification/Step2A_Verification_Target_Level_Summary.csv,training_data/results/Step2A/verification/Step2A_Verification_Target_Level_Summary.csv,Step2A_Verification_Target_Level_Summary.csv,.csv,609,0.000581,2026-09-23T18:31:42,b1aca3f9932e9698be44f3098fe161d0462b9001a0186ea19036713bd87fdcd1,04_experiment_results,False,False,,
<SOURCE_ROOT>/training_data/results/Step2A/结果数据/Step2A_Candidate_Availability_Audit.csv,training_data/results/Step2A/结果数据/Step2A_Candidate_Availability_Audit.csv,Step2A_Candidate_Availability_Audit.csv,.csv,4113,0.003922,2026-09-23T18:48:04,275daec70252dc1fb24a44c4d83b417e3f825fc518b566020f6e3b66e432f041,04_experiment_results,False,True,,
<SOURCE_ROOT>/training_data/results/Step2A/结果数据/Step2A_Feasibility_Report.xlsx,training_data/results/Step2A/结果数据/Step2A_Feasibility_Report.xlsx,Step2A_Feasibility_Report.xlsx,.xlsx,1092151,1.041556,2026-09-23T19:10:34,e917ccdbc1eca03dd8a2ac36a37d46c885c993f429667024fba6277d63a863df,04_experiment_results,False,True,,
<SOURCE_ROOT>/training_data/results/Step2A/结果数据/Step2A_Leakage_Audit.json,training_data/results/Step2A/结果数据/Step2A_Leakage_Audit.json,Step2A_Leakage_Audit.json,.json,550,0.000525,2026-09-23T18:48:06,44d4cb52f48926a273e00f0edb5ac2d156c19c27eb3136400cafbfe7819554a7,04_experiment_results,False,True,,
<SOURCE_ROOT>/training_data/results/Step2A/结果数据/Step2A_NearTie_Analysis.csv,training_data/results/Step2A/结果数据/Step2A_NearTie_Analysis.csv,Step2A_NearTie_Analysis.csv,.csv,716129,0.682954,2026-09-23T18:48:04,7b9094f75abd41d74b2cebe31c90dbe92f9683be004d2a33ab7851b6811bb440,04_experiment_results,False,True,,
<SOURCE_ROOT>/training_data/results/Step2A/结果数据/Step2A_Oracle_Gap_Distribution.csv,training_data/results/Step2A/结果数据/Step2A_Oracle_Gap_Distribution.csv,Step2A_Oracle_Gap_Distribution.csv,.csv,300,0.000286,2026-09-23T18:48:04,0499255c1f134325cce1f446815be9311db87e443e27b7c050c120a51d2313a5,04_experiment_results,False,True,,
<SOURCE_ROOT>/training_data/results/Step2A/结果数据/Step2A_Oracle_Turnover.csv,training_data/results/Step2A/结果数据/Step2A_Oracle_Turnover.csv,Step2A_Oracle_Turnover.csv,.csv,22180,0.021152,2026-09-23T18:48:04,48488477366b744572d23294f55bc03fef86ee84b28f065767cae0953ba76e9c,04_experiment_results,False,True,,
<SOURCE_ROOT>/training_data/results/Step2A/结果数据/Step2A_Production_QC.json,training_data/results/Step2A/结果数据/Step2A_Production_QC.json,Step2A_Production_QC.json,.json,1293,0.001233,2026-09-23T18:48:05,b2a119f64f5bd665d46a5633728ac7ffd08b22252afa67585158e92527fcf23c,04_experiment_results,False,False,,
<SOURCE_ROOT>/training_data/results/Step2A/结果数据/Step2A_Target_Level_Summary.csv,training_data/results/Step2A/结果数据/Step2A_Target_Level_Summary.csv,Step2A_Target_Level_Summary.csv,.csv,22180,0.021152,2026-09-23T18:48:04,48488477366b744572d23294f55bc03fef86ee84b28f065767cae0953ba76e9c,04_experiment_results,False,True,,
<SOURCE_ROOT>/training_data/results/Step2B/production.zip,training_data/results/Step2B/production.zip,production.zip,.zip,3279651,3.127719,2026-09-23T21:41:35,47c77a820e5b881ea023184792a5097c047bc7e1394d7f682f90e05190ad8d5b,04_experiment_results,False,False,,
<SOURCE_ROOT>/training_data/results/Step2B/production/.step2b_workbook_payload.json,training_data/results/Step2B/production/.step2b_workbook_payload.json,.step2b_workbook_payload.json,.json,433937,0.413835,2026-09-23T21:40:29,b38cd45938e1280aaf2b676d9b6b36b90d4724e43c48b552376c6600a4e835ae,04_experiment_results,False,False,,
<SOURCE_ROOT>/training_data/results/Step2B/production/Step2B_Candidate_Scores.csv,training_data/results/Step2B/production/Step2B_Candidate_Scores.csv,Step2B_Candidate_Scores.csv,.csv,6544486,6.241308,2026-09-23T21:40:29,92caf01291bddcc5722c04fb1dfae2e11f6f59339e68c626d064ac56fe3d7522,04_experiment_results,False,False,,
<SOURCE_ROOT>/training_data/results/Step2B/production/Step2B_Fairness_Audit.json,training_data/results/Step2B/production/Step2B_Fairness_Audit.json,Step2B_Fairness_Audit.json,.json,502,0.000479,2026-09-23T21:40:29,fdfbc0a22e4ea5e0ea6b6b43eac44ba6a7f43431ffbe48a5b1da05122990efeb,04_experiment_results,False,False,,
<SOURCE_ROOT>/training_data/results/Step2B/production/Step2B_Feature_Schema.csv,training_data/results/Step2B/production/Step2B_Feature_Schema.csv,Step2B_Feature_Schema.csv,.csv,2201,0.002099,2026-09-23T21:40:28,c9f00cd10571a7f7810fa1a577da76038ebe44d0ee060cb99965f8090a8bd12f,04_experiment_results,False,True,,
<SOURCE_ROOT>/training_data/results/Step2B/production/Step2B_JEV_Confidence_Summary.csv,training_data/results/Step2B/production/Step2B_JEV_Confidence_Summary.csv,Step2B_JEV_Confidence_Summary.csv,.csv,553,0.000527,2026-09-23T21:40:29,9182fd1c75ead3a1003b0819c13ada26a1f50f2006476fc4285ce26ed47aff9a,05_metrics,False,False,,
<SOURCE_ROOT>/training_data/results/Step2B/production/Step2B_JEV_Evidence.csv,training_data/results/Step2B/production/Step2B_JEV_Evidence.csv,Step2B_JEV_Evidence.csv,.csv,9211085,8.784375,2026-09-23T21:40:29,dba89dac4a514d66f749d7e3edc0c2e03e3b767fed90862c44f37d12551b7cef,04_experiment_results,False,False,,
<SOURCE_ROOT>/training_data/results/Step2B/production/Step2B_JEV_v1.0_Production_Model.json,training_data/results/Step2B/production/Step2B_JEV_v1.0_Production_Model.json,Step2B_JEV_v1.0_Production_Model.json,.json,3420,0.003262,2026-09-23T21:40:29,dda67c0ddd235b1c7b2b100b5f03ed36528556cbda08c73fc094d5c9001c8e27,04_experiment_results,False,False,,
<SOURCE_ROOT>/training_data/results/Step2B/production/Step2B_JEV_Weights.json,training_data/results/Step2B/production/Step2B_JEV_Weights.json,Step2B_JEV_Weights.json,.json,767,0.000731,2026-09-23T21:40:29,f68432e1241374695e6af8657197ded4de3fbd1d25dec8c9d63647f6aa228839,09_model_outputs,False,True,,
<SOURCE_ROOT>/training_data/results/Step2B/production/Step2B_Leakage_Audit.json,training_data/results/Step2B/production/Step2B_Leakage_Audit.json,Step2B_Leakage_Audit.json,.json,387,0.000369,2026-09-23T21:40:29,7f23802ee79873cd37fb4b63832b5138bbfce030edfa6465f3c221f2bee9b31c,04_experiment_results,False,True,,
<SOURCE_ROOT>/training_data/results/Step2B/production/Step2B_Method_Summary.csv,training_data/results/Step2B/production/Step2B_Method_Summary.csv,Step2B_Method_Summary.csv,.csv,1383,0.001319,2026-09-23T21:40:29,bc48f7530fabf8c3f9db0afa6af873bfec83fce6f6c97a0bd943df5467eb0e40,04_experiment_results,False,True,,
<SOURCE_ROOT>/training_data/results/Step2B/production/Step2B_Model_Config.json,training_data/results/Step2B/production/Step2B_Model_Config.json,Step2B_Model_Config.json,.json,2176,0.002075,2026-09-23T21:40:29,e42a645f28d5e1db625eee4bfd467a74775cbf190aa017a7b4f982a24db74c28,10_configs,False,True,,
<SOURCE_ROOT>/training_data/results/Step2B/production/Step2B_Paired_Development_Comparisons.csv,training_data/results/Step2B/production/Step2B_Paired_Development_Comparisons.csv,Step2B_Paired_Development_Comparisons.csv,.csv,587,0.00056,2026-09-23T21:40:29,48b42a3a28a1617d61a7f3ba707b0cc25a5b2696324a45e1ea39e84e41953009,04_experiment_results,False,False,,
<SOURCE_ROOT>/training_data/results/Step2B/production/Step2B_Production_Log.log,training_data/results/Step2B/production/Step2B_Production_Log.log,Step2B_Production_Log.log,.log,19458,0.018557,2026-09-23T21:40:29,18b16d57885eb0a6bbd037ab3d429ef8f47e86b415cf2fd1acc42b45ced57cf0,11_logs,False,False,,
<SOURCE_ROOT>/training_data/results/Step2B/production/Step2B_QC.json,training_data/results/Step2B/production/Step2B_QC.json,Step2B_QC.json,.json,2238,0.002134,2026-09-23T21:40:29,f5d76a0ccb49ff5142c364078472f5695c1aa278e903ad13f5b3dff1055279e9,04_experiment_results,False,False,,
<SOURCE_ROOT>/training_data/results/Step2B/production/Step2B_Runtime.csv,training_data/results/Step2B/production/Step2B_Runtime.csv,Step2B_Runtime.csv,.csv,1454,0.001387,2026-09-23T21:40:29,4463d161488a9c34a38ad7d3795185323e2fa5647b82dee76f7c16f489f3a71d,05_metrics,False,False,,
<SOURCE_ROOT>/training_data/results/Step2B/production/Step2B_Runtime.json,training_data/results/Step2B/production/Step2B_Runtime.json,Step2B_Runtime.json,.json,4920,0.004692,2026-09-23T21:40:29,bf3f504d65d84c2b2c10b417a3eae41704028f6e04de78b6d0fdc7b609c672fb,05_metrics,False,False,,
<SOURCE_ROOT>/training_data/results/Step2B/production/Step2B_Selector_Predictions.csv,training_data/results/Step2B/production/Step2B_Selector_Predictions.csv,Step2B_Selector_Predictions.csv,.csv,2469275,2.354884,2026-09-23T21:40:28,3779d59ae4da119743510c891aaf51b45405f9cd958c76cac62526c0afb05037,09_model_outputs,False,False,,
<SOURCE_ROOT>/training_data/results/Step2B/production/Step2B_Station_Level_Summary.csv,training_data/results/Step2B/production/Step2B_Station_Level_Summary.csv,Step2B_Station_Level_Summary.csv,.csv,101890,0.09717,2026-09-23T21:40:29,bbad539e7bfe5a37069910f772e53784130070ff64db61af00599338231739bf,04_experiment_results,False,False,,
<SOURCE_ROOT>/training_data/results/Step2B/smoke/.step2b_workbook_payload.json,training_data/results/Step2B/smoke/.step2b_workbook_payload.json,.step2b_workbook_payload.json,.json,23954,0.022844,2026-09-23T19:44:01,254bb48f680bac60e7b32761115f5ce4e668f1f372a81627b19063e60be93167,04_experiment_results,False,False,,
<SOURCE_ROOT>/training_data/results/Step2B/smoke/.workbook_previews/FAIRNESS_AUDIT.png,training_data/results/Step2B/smoke/.workbook_previews/FAIRNESS_AUDIT.png,FAIRNESS_AUDIT.png,.png,17211,0.016414,2026-09-23T19:44:30,dd072c2b1ed21902a8e13207b1fffe7b37144b686e80d3979f2fb9d043553846,04_experiment_results,False,False,,
<SOURCE_ROOT>/training_data/results/Step2B/smoke/.workbook_previews/FEATURE_SCHEMA.png,training_data/results/Step2B/smoke/.workbook_previews/FEATURE_SCHEMA.png,FEATURE_SCHEMA.png,.png,151305,0.144296,2026-09-23T19:44:30,9f81b251ab5937c89c2c039bf39cc7920189ba116ff76fd78ebf8808cc0eb36f,04_experiment_results,False,True,,
<SOURCE_ROOT>/training_data/results/Step2B/smoke/.workbook_previews/JEV_AUDIT.png,training_data/results/Step2B/smoke/.workbook_previews/JEV_AUDIT.png,JEV_AUDIT.png,.png,41550,0.039625,2026-09-23T19:44:30,fe2bd27995e88bc2401675376891ef42e4a3e391c27adef6d9c3b6fc46e599f5,04_experiment_results,False,False,,
<SOURCE_ROOT>/training_data/results/Step2B/smoke/.workbook_previews/METHOD_SUMMARY.png,training_data/results/Step2B/smoke/.workbook_previews/METHOD_SUMMARY.png,METHOD_SUMMARY.png,.png,49123,0.046847,2026-09-23T19:44:30,110755a1faeb827ad6efe42915f975c1e4ab2f0342bf194f2a8d6174bf3bfd45,04_experiment_results,False,False,,
<SOURCE_ROOT>/training_data/results/Step2B/smoke/.workbook_previews/QC.png,training_data/results/Step2B/smoke/.workbook_previews/QC.png,QC.png,.png,42189,0.040235,2026-09-23T19:44:30,d0a7b241cef0411700f7356cfb9e1a26741488f9a4c020748287a6d93735a76a,04_experiment_results,False,False,,
<SOURCE_ROOT>/training_data/results/Step2B/smoke/.workbook_previews/README.png,training_data/results/Step2B/smoke/.workbook_previews/README.png,README.png,.png,15556,0.014835,2026-09-23T19:44:30,8add99b29858c418fce278ad31139a48cb71f9224c2bdcf4ca1034adbc2b9b3a,04_experiment_results,False,False,,
<SOURCE_ROOT>/training_data/results/Step2B/smoke/.workbook_previews/RUNTIME.png,training_data/results/Step2B/smoke/.workbook_previews/RUNTIME.png,RUNTIME.png,.png,41230,0.03932,2026-09-23T19:44:30,e308b2742be0e89cb810cb4d5d974d7518239baf0ceeaf48f9ea932bfd79a1f9,05_metrics,False,False,,
<SOURCE_ROOT>/training_data/results/Step2B/smoke/.workbook_previews/SAMPLE_COUNTS.png,training_data/results/Step2B/smoke/.workbook_previews/SAMPLE_COUNTS.png,SAMPLE_COUNTS.png,.png,11438,0.010908,2026-09-23T19:44:30,b41181cce829c1aa057be483433703630be554c30828c2985a1f7c39b003646e,04_experiment_results,False,True,,
<SOURCE_ROOT>/training_data/results/Step2B/smoke/.workbook_previews/STATION_SUMMARY.png,training_data/results/Step2B/smoke/.workbook_previews/STATION_SUMMARY.png,STATION_SUMMARY.png,.png,146171,0.1394,2026-09-23T19:44:30,410e17e99a7a0e4e1dd24252014eac8d3c1593b5e8fc0494bd23be557c1d9e3d,04_experiment_results,False,False,,
<SOURCE_ROOT>/training_data/results/Step2B/smoke/Step2B_Fairness_Audit.json,training_data/results/Step2B/smoke/Step2B_Fairness_Audit.json,Step2B_Fairness_Audit.json,.json,1388,0.001324,2026-09-23T19:44:01,466668c532f8e10fce8e0f093e7a6782fca0dc07e333fd717965a2b09ed5433d,04_experiment_results,False,False,,
<SOURCE_ROOT>/training_data/results/Step2B/smoke/Step2B_Feature_Schema.csv,training_data/results/Step2B/smoke/Step2B_Feature_Schema.csv,Step2B_Feature_Schema.csv,.csv,2201,0.002099,2026-09-23T19:44:01,c9f00cd10571a7f7810fa1a577da76038ebe44d0ee060cb99965f8090a8bd12f,04_experiment_results,False,True,,
<SOURCE_ROOT>/training_data/results/Step2B/smoke/Step2B_JEV_Implementation_Audit.json,training_data/results/Step2B/smoke/Step2B_JEV_Implementation_Audit.json,Step2B_JEV_Implementation_Audit.json,.json,786,0.00075,2026-09-23T19:44:01,bb15d1450e3bdfde2dc3dafe97b414eab6235568ac6952165e66ca5b943b0ce9,04_experiment_results,False,False,,
<SOURCE_ROOT>/training_data/results/Step2B/smoke/Step2B_Leakage_Audit.json,training_data/results/Step2B/smoke/Step2B_Leakage_Audit.json,Step2B_Leakage_Audit.json,.json,234,0.000223,2026-09-23T19:44:01,8469e60998bda75b3fb864fbee734f7e322c2d71b5314091b4654227299caf6a,04_experiment_results,False,False,,
<SOURCE_ROOT>/training_data/results/Step2B/smoke/Step2B_Model_Config.json,training_data/results/Step2B/smoke/Step2B_Model_Config.json,Step2B_Model_Config.json,.json,1968,0.001877,2026-09-23T19:44:01,ee5bb6e9fadff28588331949f8d73844de17f6fa45e62bfd7e341ce7dec9b320,10_configs,False,False,,
<SOURCE_ROOT>/training_data/results/Step2B/smoke/Step2B_Paired_Development_Comparisons.csv,training_data/results/Step2B/smoke/Step2B_Paired_Development_Comparisons.csv,Step2B_Paired_Development_Comparisons.csv,.csv,63,6e-05,2026-09-23T19:44:01,56b578c8c401c982d04739f5858f3fadbe2de9a037555d412d332550b8e1d371,04_experiment_results,False,False,,
<SOURCE_ROOT>/training_data/results/Step2B/smoke/Step2B_Smoke_Candidate_Scores.csv,training_data/results/Step2B/smoke/Step2B_Smoke_Candidate_Scores.csv,Step2B_Smoke_Candidate_Scores.csv,.csv,518643,0.494617,2026-09-23T19:44:01,c621c24f99003c7924260673b6212d639d5500cf139a33c540d6a95db7e93536,04_experiment_results,False,False,,
<SOURCE_ROOT>/training_data/results/Step2B/smoke/Step2B_Smoke_Log.log,training_data/results/Step2B/smoke/Step2B_Smoke_Log.log,Step2B_Smoke_Log.log,.log,7630,0.007277,2026-09-23T19:44:01,fae980eb29f4c65ae7059477abcab580dd0b51b2fcb3f69d0957554754033ec6,11_logs,False,False,,
<SOURCE_ROOT>/training_data/results/Step2B/smoke/Step2B_Smoke_Method_Summary.csv,training_data/results/Step2B/smoke/Step2B_Smoke_Method_Summary.csv,Step2B_Smoke_Method_Summary.csv,.csv,1056,0.001007,2026-09-23T19:44:01,4b170c16fbe942700d61fbcdec4ce7a004106a3e5e89abc5b48ade33901fb354,04_experiment_results,False,False,,
<SOURCE_ROOT>/training_data/results/Step2B/smoke/Step2B_Smoke_Predictions.csv,training_data/results/Step2B/smoke/Step2B_Smoke_Predictions.csv,Step2B_Smoke_Predictions.csv,.csv,199896,0.190636,2026-09-23T19:44:01,3528b449e3e485b8b48be190f2664342524c2a254625941c9957390f393e7aae,09_model_outputs,False,False,,
<SOURCE_ROOT>/training_data/results/Step2B/smoke/Step2B_Smoke_QC.json,training_data/results/Step2B/smoke/Step2B_Smoke_QC.json,Step2B_Smoke_QC.json,.json,1501,0.001431,2026-09-23T19:44:01,c1f8afc0125a12f8818ed6c2f112b71525ecc8b49bf2126d538d4452f5710c29,04_experiment_results,False,False,,
<SOURCE_ROOT>/training_data/results/Step2B/smoke/Step2B_Smoke_Runtime.json,training_data/results/Step2B/smoke/Step2B_Smoke_Runtime.json,Step2B_Smoke_Runtime.json,.json,1000,0.000954,2026-09-23T19:44:01,0b2b4a5887bfeea52df581a70c7ce931c2db3d1e97286d2f2bc09b933c37fcc2,05_metrics,False,False,,
<SOURCE_ROOT>/training_data/results/Step2B/smoke/Step2B_Smoke_Station_Level_Summary.csv,training_data/results/Step2B/smoke/Step2B_Smoke_Station_Level_Summary.csv,Step2B_Smoke_Station_Level_Summary.csv,.csv,2181,0.00208,2026-09-23T19:44:01,8b4b91725b608ee2c86c104275d0e3462264f3ba3da7b7f5cd277269e83df38f,04_experiment_results,False,False,,
<SOURCE_ROOT>/training_data/results/Step2B/smoke/Step2B_Smoke_Summary.xlsx,training_data/results/Step2B/smoke/Step2B_Smoke_Summary.xlsx,Step2B_Smoke_Summary.xlsx,.xlsx,14919,0.014228,2026-09-23T19:44:31,a58dd3e17347e4f648f2f4df49253a60321b4773427af2094ea1051e637657b2,04_experiment_results,False,False,,
<SOURCE_ROOT>/training_data/results/Step2B/smoke/Step2B_Smoke_Summary.xlsx.formula_errors.ndjson,training_data/results/Step2B/smoke/Step2B_Smoke_Summary.xlsx.formula_errors.ndjson,Step2B_Smoke_Summary.xlsx.formula_errors.ndjson,.ndjson,60,5.7e-05,2026-09-23T19:44:30,acc0111e19cf44d2753fc9ecd164bf1b27fbd65597463a25cf48bd1c65e90146,04_experiment_results,False,True,,
<SOURCE_ROOT>/training_data/results/Step2B/smoke/Step2B_Smoke_Summary.xlsx.inspect.ndjson,training_data/results/Step2B/smoke/Step2B_Smoke_Summary.xlsx.inspect.ndjson,Step2B_Smoke_Summary.xlsx.inspect.ndjson,.ndjson,225321,0.214883,2026-09-23T19:44:31,a9aa30fd41331b29d7a4bff945ca43ae2c885d16c1c487979f223f59802fcfd8,04_experiment_results,False,False,,
<SOURCE_ROOT>/training_data/results/Step2B/smoke_final/.step2b_workbook_payload.json,training_data/results/Step2B/smoke_final/.step2b_workbook_payload.json,.step2b_workbook_payload.json,.json,41534,0.03961,2026-09-23T21:21:28,cd02bfd939730cc79a5728a506ae92c8cece5ed2978bcb790be4f528af8fad0d,04_experiment_results,False,False,,
<SOURCE_ROOT>/training_data/results/Step2B/smoke_final/.workbook_previews/FAIRNESS.png,training_data/results/Step2B/smoke_final/.workbook_previews/FAIRNESS.png,FAIRNESS.png,.png,16668,0.015896,2026-09-23T21:23:27,4d61a0204c749bfef45a332a8710dc4bf854ce189d17e42d0b76fb4c3b1c595a,04_experiment_results,False,False,,
<SOURCE_ROOT>/training_data/results/Step2B/smoke_final/.workbook_previews/FEATURE_SCHEMA.png,training_data/results/Step2B/smoke_final/.workbook_previews/FEATURE_SCHEMA.png,FEATURE_SCHEMA.png,.png,151305,0.144296,2026-09-23T21:23:27,9f81b251ab5937c89c2c039bf39cc7920189ba116ff76fd78ebf8808cc0eb36f,04_experiment_results,False,True,,
<SOURCE_ROOT>/training_data/results/Step2B/smoke_final/.workbook_previews/JEV_CONFIDENCE.png,training_data/results/Step2B/smoke_final/.workbook_previews/JEV_CONFIDENCE.png,JEV_CONFIDENCE.png,.png,27479,0.026206,2026-09-23T21:23:27,97765fe38ff759fd2ecd4bf0ce8f7d4640d31215ed9a6a38ec1641974213e626,05_metrics,False,False,,
<SOURCE_ROOT>/training_data/results/Step2B/smoke_final/.workbook_previews/JEV_EVIDENCE.png,training_data/results/Step2B/smoke_final/.workbook_previews/JEV_EVIDENCE.png,JEV_EVIDENCE.png,.png,27560,0.026283,2026-09-23T21:23:27,de30f042fa2692df83a5be143f712d5ea1ee31cf59e41c154be787bf15e010dc,04_experiment_results,False,False,,
<SOURCE_ROOT>/training_data/results/Step2B/smoke_final/.workbook_previews/JEV_WEIGHTS.png,training_data/results/Step2B/smoke_final/.workbook_previews/JEV_WEIGHTS.png,JEV_WEIGHTS.png,.png,14846,0.014158,2026-09-23T21:23:27,7d754d6b1fa5bc5308f384a94fa2daf78957adf4b61a82d40ead678a2b72d618,09_model_outputs,False,True,,
<SOURCE_ROOT>/training_data/results/Step2B/smoke_final/.workbook_previews/LEAKAGE.png,training_data/results/Step2B/smoke_final/.workbook_previews/LEAKAGE.png,LEAKAGE.png,.png,29094,0.027746,2026-09-23T21:23:27,057aa8ff294b899334360ce812aae02f67b9e5af72fefdabd5b5d50cd2257ffa,04_experiment_results,False,False,,
<SOURCE_ROOT>/training_data/results/Step2B/smoke_final/.workbook_previews/METHOD_SUMMARY.png,training_data/results/Step2B/smoke_final/.workbook_previews/METHOD_SUMMARY.png,METHOD_SUMMARY.png,.png,63082,0.06016,2026-09-23T21:23:26,960bbbec8814771a74b03660edfc7c14b884ab6952e4c429ab0c151e0597925f,04_experiment_results,False,False,,
<SOURCE_ROOT>/training_data/results/Step2B/smoke_final/.workbook_previews/PAIRED_JEV.png,training_data/results/Step2B/smoke_final/.workbook_previews/PAIRED_JEV.png,PAIRED_JEV.png,.png,40694,0.038809,2026-09-23T21:23:26,b2eeb9bfecbfd34d4dba7488b8d6363e542fc5d40314745dfa3dfbad93753787,04_experiment_results,False,False,,
<SOURCE_ROOT>/training_data/results/Step2B/smoke_final/.workbook_previews/PREFLIGHT.png,training_data/results/Step2B/smoke_final/.workbook_previews/PREFLIGHT.png,PREFLIGHT.png,.png,54033,0.05153,2026-09-23T21:23:27,efa30d5e1be65a4df83dce7101aa1041c7a3987820a166d45c430b64313cf4d6,04_experiment_results,False,False,,
<SOURCE_ROOT>/training_data/results/Step2B/smoke_final/.workbook_previews/QC.png,training_data/results/Step2B/smoke_final/.workbook_previews/QC.png,QC.png,.png,64129,0.061158,2026-09-23T21:23:27,c7bbfd6d5e5e861e159573c24eb5cea3654f085afac91aae6ca24654deac25b7,04_experiment_results,False,False,,
<SOURCE_ROOT>/training_data/results/Step2B/smoke_final/.workbook_previews/README.png,training_data/results/Step2B/smoke_final/.workbook_previews/README.png,README.png,.png,14278,0.013617,2026-09-23T21:23:26,d7d51ce9da121c6067d5f3472a24f409b89f2441bf059b1115b578f8ccb245ad,04_experiment_results,False,False,,
<SOURCE_ROOT>/training_data/results/Step2B/smoke_final/.workbook_previews/RUNTIME.png,training_data/results/Step2B/smoke_final/.workbook_previews/RUNTIME.png,RUNTIME.png,.png,71846,0.068518,2026-09-23T21:23:27,1d0a01f0962102e4a97015a35f6ca0ef75f1848b6779df1cc9be0be16ebf3e1f,05_metrics,False,False,,
<SOURCE_ROOT>/training_data/results/Step2B/smoke_final/.workbook_previews/SAMPLE_COUNTS.png,training_data/results/Step2B/smoke_final/.workbook_previews/SAMPLE_COUNTS.png,SAMPLE_COUNTS.png,.png,11438,0.010908,2026-09-23T21:23:26,b41181cce829c1aa057be483433703630be554c30828c2985a1f7c39b003646e,04_experiment_results,False,True,,
<SOURCE_ROOT>/training_data/results/Step2B/smoke_final/.workbook_previews/STATION_SUMMARY.png,training_data/results/Step2B/smoke_final/.workbook_previews/STATION_SUMMARY.png,STATION_SUMMARY.png,.png,202113,0.19275,2026-09-23T21:23:27,b9ae30d64aea3bcd0bee1f8ba25cc2ca32bf55eb3354d68eb109b1c0e09be7eb,04_experiment_results,False,False,,
<SOURCE_ROOT>/training_data/results/Step2B/smoke_final/Step2B_Fairness_Audit.json,training_data/results/Step2B/smoke_final/Step2B_Fairness_Audit.json,Step2B_Fairness_Audit.json,.json,493,0.00047,2026-09-23T21:21:28,158b26bd4a89810bfc2ff574476623bd3c55ad6d98ee892496945f944a95e7fc,04_experiment_results,False,False,,
<SOURCE_ROOT>/training_data/results/Step2B/smoke_final/Step2B_Feature_Schema.csv,training_data/results/Step2B/smoke_final/Step2B_Feature_Schema.csv,Step2B_Feature_Schema.csv,.csv,2201,0.002099,2026-09-23T21:21:27,c9f00cd10571a7f7810fa1a577da76038ebe44d0ee060cb99965f8090a8bd12f,04_experiment_results,False,True,,
<SOURCE_ROOT>/training_data/results/Step2B/smoke_final/Step2B_JEV_Confidence_Summary.csv,training_data/results/Step2B/smoke_final/Step2B_JEV_Confidence_Summary.csv,Step2B_JEV_Confidence_Summary.csv,.csv,584,0.000557,2026-09-23T21:21:28,f68f3324b2f237bcda15192426cedacd0fd57d18fa148c040e4cf8f706e22e47,05_metrics,False,False,,
<SOURCE_ROOT>/training_data/results/Step2B/smoke_final/Step2B_JEV_Evidence.csv,training_data/results/Step2B/smoke_final/Step2B_JEV_Evidence.csv,Step2B_JEV_Evidence.csv,.csv,517756,0.493771,2026-09-23T21:21:28,3706a07c838bb5e40f89312d20a6f21c1813fe71c2b327410697e9f8a78ea8c4,04_experiment_results,False,False,,
<SOURCE_ROOT>/training_data/results/Step2B/smoke_final/Step2B_JEV_Weights.json,training_data/results/Step2B/smoke_final/Step2B_JEV_Weights.json,Step2B_JEV_Weights.json,.json,751,0.000716,2026-09-23T21:21:28,3be46be95ea48dfdcf1ad0af1cae8112dcc2fd55c7620a23872248f642ecf8e8,09_model_outputs,False,False,,
<SOURCE_ROOT>/training_data/results/Step2B/smoke_final/Step2B_Leakage_Audit.json,training_data/results/Step2B/smoke_final/Step2B_Leakage_Audit.json,Step2B_Leakage_Audit.json,.json,387,0.000369,2026-09-23T21:21:28,7f23802ee79873cd37fb4b63832b5138bbfce030edfa6465f3c221f2bee9b31c,04_experiment_results,False,True,,
<SOURCE_ROOT>/training_data/results/Step2B/smoke_final/Step2B_Model_Config.json,training_data/results/Step2B/smoke_final/Step2B_Model_Config.json,Step2B_Model_Config.json,.json,2174,0.002073,2026-09-23T21:21:28,c1df6c9b175ed54a97e1df31b4526d8ecd598f22984a1988250a0dc61948a3b3,10_configs,False,False,,
<SOURCE_ROOT>/training_data/results/Step2B/smoke_final/Step2B_Paired_Development_Comparisons.csv,training_data/results/Step2B/smoke_final/Step2B_Paired_Development_Comparisons.csv,Step2B_Paired_Development_Comparisons.csv,.csv,578,0.000551,2026-09-23T21:21:28,6f7f37261064a978373265bdce51b160bc86990cdb6517c90c13fc9a5e4c3dde,04_experiment_results,False,False,,
<SOURCE_ROOT>/training_data/results/Step2B/smoke_final/Step2B_Runtime.csv,training_data/results/Step2B/smoke_final/Step2B_Runtime.csv,Step2B_Runtime.csv,.csv,1467,0.001399,2026-09-23T21:21:28,5fa4a2fcc394f1eea2312b9a5c500caac4a797a95a181caa40f889f07fd35406,05_metrics,False,False,,
<SOURCE_ROOT>/training_data/results/Step2B/smoke_final/Step2B_Smoke_Candidate_Scores.csv,training_data/results/Step2B/smoke_final/Step2B_Smoke_Candidate_Scores.csv,Step2B_Smoke_Candidate_Scores.csv,.csv,780448,0.744293,2026-09-23T21:21:28,a95082a807701dff13cdeea733e5a789733bbfb7859d18eb356cfb2efd79ea3c,04_experiment_results,False,False,,
<SOURCE_ROOT>/training_data/results/Step2B/smoke_final/Step2B_Smoke_Log.log,training_data/results/Step2B/smoke_final/Step2B_Smoke_Log.log,Step2B_Smoke_Log.log,.log,7744,0.007385,2026-09-23T21:21:28,80779351c292492212e4a9dc5b387fa047e8af5320982730fbaa9a39f2ae413d,11_logs,False,False,,
<SOURCE_ROOT>/training_data/results/Step2B/smoke_final/Step2B_Smoke_Method_Summary.csv,training_data/results/Step2B/smoke_final/Step2B_Smoke_Method_Summary.csv,Step2B_Smoke_Method_Summary.csv,.csv,1371,0.001307,2026-09-23T21:21:28,0aa811b6e9a85ff0426ccf32c1a70f4730396d8679d7ef45a9e94b7cfed7a076,04_experiment_results,False,False,,
<SOURCE_ROOT>/training_data/results/Step2B/smoke_final/Step2B_Smoke_Predictions.csv,training_data/results/Step2B/smoke_final/Step2B_Smoke_Predictions.csv,Step2B_Smoke_Predictions.csv,.csv,294011,0.280391,2026-09-23T21:21:27,c1a119fb53b11b2e0326d897406f6faabfd97213bd15b6b1d216060dfa926934,09_model_outputs,False,False,,
<SOURCE_ROOT>/training_data/results/Step2B/smoke_final/Step2B_Smoke_QC.json,training_data/results/Step2B/smoke_final/Step2B_Smoke_QC.json,Step2B_Smoke_QC.json,.json,2230,0.002127,2026-09-23T21:21:28,840f9fefa04754e4353ab1c2fe5fc82ef63159df757c23f929853f3a2126ba75,04_experiment_results,False,False,,
<SOURCE_ROOT>/training_data/results/Step2B/smoke_final/Step2B_Smoke_Runtime.json,training_data/results/Step2B/smoke_final/Step2B_Smoke_Runtime.json,Step2B_Smoke_Runtime.json,.json,1056,0.001007,2026-09-23T21:21:28,88950a8137ab1f186dd1e25206cd1e185d88f4087470eda6bb58c50c82f23db6,05_metrics,False,False,,
<SOURCE_ROOT>/training_data/results/Step2B/smoke_final/Step2B_Smoke_Station_Level_Summary.csv,training_data/results/Step2B/smoke_final/Step2B_Smoke_Station_Level_Summary.csv,Step2B_Smoke_Station_Level_Summary.csv,.csv,2992,0.002853,2026-09-23T21:21:28,f3f81e24b83df303cd5576108126c5f9881e720f2ff746a0cec470164d20eea4,04_experiment_results,False,False,,
<SOURCE_ROOT>/training_data/results/Step2B/smoke_final/Step2B_Smoke_Summary.xlsx,training_data/results/Step2B/smoke_final/Step2B_Smoke_Summary.xlsx,Step2B_Smoke_Summary.xlsx,.xlsx,21831,0.02082,2026-09-23T21:23:27,7a62589809bc165c1df6a60fb136f1e9fb60434ebefe05c3c7d2b7d862fc8d40,04_experiment_results,False,False,,
<SOURCE_ROOT>/training_data/results/Step2B/smoke_final/Step2B_Smoke_Summary.xlsx.formula_errors.ndjson,training_data/results/Step2B/smoke_final/Step2B_Smoke_Summary.xlsx.formula_errors.ndjson,Step2B_Smoke_Summary.xlsx.formula_errors.ndjson,.ndjson,60,5.7e-05,2026-09-23T21:23:26,acc0111e19cf44d2753fc9ecd164bf1b27fbd65597463a25cf48bd1c65e90146,04_experiment_results,False,True,,
<SOURCE_ROOT>/training_data/results/Step2B/smoke_final/Step2B_Smoke_Summary.xlsx.inspect.ndjson,training_data/results/Step2B/smoke_final/Step2B_Smoke_Summary.xlsx.inspect.ndjson,Step2B_Smoke_Summary.xlsx.inspect.ndjson,.ndjson,399767,0.381248,2026-09-23T21:23:27,d5c505765e03ff8e240b5386ccbb6f7a63de52a7f5cd266ec316e7c5a205d0d5,04_experiment_results,False,False,,
<SOURCE_ROOT>/training_data/results/Step2B_JEV_v1_0/J1_Review_Package.zip,training_data/results/Step2B_JEV_v1_0/J1_Review_Package.zip,J1_Review_Package.zip,.zip,32527,0.03102,2026-09-23T20:54:22,2f17fa742c11fee2ceb41fb81a5dcf940d1a679b737a6e7197e6377b14662bf2,04_experiment_results,False,False,,
<SOURCE_ROOT>/training_data/results/Step2B_JEV_v1_0/J1_Review_Package/JEV_v1.0_Combined_Freeze_SHA256.txt,training_data/results/Step2B_JEV_v1_0/J1_Review_Package/JEV_v1.0_Combined_Freeze_SHA256.txt,JEV_v1.0_Combined_Freeze_SHA256.txt,.txt,65,6.2e-05,2026-09-23T20:38:57,71439c9dbd8d6a5bd445665cddc17960720caf12aa5e02db9d72490ebc5fbba1,04_experiment_results,False,True,,
<SOURCE_ROOT>/training_data/results/Step2B_JEV_v1_0/J1_Review_Package/JEV_v1.0_Feature_Map.csv,training_data/results/Step2B_JEV_v1_0/J1_Review_Package/JEV_v1.0_Feature_Map.csv,JEV_v1.0_Feature_Map.csv,.csv,819,0.000781,2026-09-23T20:38:05,ce6c2518d2b96b98a92c0ca3a55b98aa99d571a0a666f1cf8d3c888540fa4960,04_experiment_results,False,True,,
<SOURCE_ROOT>/training_data/results/Step2B_JEV_v1_0/J1_Review_Package/JEV_v1.0_Formula_Audit.json,training_data/results/Step2B_JEV_v1_0/J1_Review_Package/JEV_v1.0_Formula_Audit.json,JEV_v1.0_Formula_Audit.json,.json,1054,0.001005,2026-09-23T20:38:05,8fd509bb2967d4569c5520abc2205329f8b7e4687e0ce8a24a33967c059cc52a,04_experiment_results,False,True,,
<SOURCE_ROOT>/training_data/results/Step2B_JEV_v1_0/J1_Review_Package/JEV_v1.0_Freeze_Manifest_SHA256.csv,training_data/results/Step2B_JEV_v1_0/J1_Review_Package/JEV_v1.0_Freeze_Manifest_SHA256.csv,JEV_v1.0_Freeze_Manifest_SHA256.csv,.csv,556,0.00053,2026-09-23T20:38:57,ee022ef8e8bfa2862cbc9c68059adfc3252fe45fdf79f8566f6bead7c3b51e64,04_experiment_results,False,True,,
<SOURCE_ROOT>/training_data/results/Step2B_JEV_v1_0/J1_Review_Package/JEV_v1.0_Method_Freeze.json,training_data/results/Step2B_JEV_v1_0/J1_Review_Package/JEV_v1.0_Method_Freeze.json,JEV_v1.0_Method_Freeze.json,.json,2726,0.0026,2026-09-23T20:38:05,ad91ca11420af2f20bee967a505429c8ada71a5dc8a3214653c60b942abc8f91,04_experiment_results,False,True,,
<SOURCE_ROOT>/training_data/results/Step2B_JEV_v1_0/J1_Review_Package/JEV_v1.0_Method_Specification.md,training_data/results/Step2B_JEV_v1_0/J1_Review_Package/JEV_v1.0_Method_Specification.md,JEV_v1.0_Method_Specification.md,.md,2967,0.00283,2026-09-23T20:38:05,583e280639f7e7fc773d08d2b75eb9c5bd408501c11ee559c0d9d1336b03e9f7,04_experiment_results,False,True,,
<SOURCE_ROOT>/training_data/results/Step2B_JEV_v1_0/J1_Review_Package/JEV_v1.0_Model.json,training_data/results/Step2B_JEV_v1_0/J1_Review_Package/JEV_v1.0_Model.json,JEV_v1.0_Model.json,.json,3401,0.003243,2026-09-23T20:48:00,ad7eacfc675e46830170454139521ed51728b8002ee88d96dc419bb8717e8cf0,04_experiment_results,False,True,,
<SOURCE_ROOT>/training_data/results/Step2B_JEV_v1_0/J1_Review_Package/JEV_v1.0_Model_SHA256.txt,training_data/results/Step2B_JEV_v1_0/J1_Review_Package/JEV_v1.0_Model_SHA256.txt,JEV_v1.0_Model_SHA256.txt,.txt,66,6.3e-05,2026-09-23T20:48:00,624b6d4156611b831d2e6206bff7437bf94c71a58a442cd052e1e3490bd934d2,04_experiment_results,False,True,,
<SOURCE_ROOT>/training_data/results/Step2B_JEV_v1_0/J1_Review_Package/JEV_v1.0_Provenance.json,training_data/results/Step2B_JEV_v1_0/J1_Review_Package/JEV_v1.0_Provenance.json,JEV_v1.0_Provenance.json,.json,885,0.000844,2026-09-23T20:38:05,8bd24d8492b22bf7c009b9b2f511141a391bff039ded7ab441c47e0cc7a3b7a9,04_experiment_results,False,True,,
<SOURCE_ROOT>/training_data/results/Step2B_JEV_v1_0/J1_Review_Package/jev_v1_0.py,training_data/results/Step2B_JEV_v1_0/J1_Review_Package/jev_v1_0.py,jev_v1_0.py,.py,9393,0.008958,2026-09-23T20:41:05,c0dcf8521972886d9e88db1727fb113811de8c2ef496e9511af64981dbe35c5f,04_experiment_results,False,True,,
<SOURCE_ROOT>/training_data/results/Step2B_JEV_v1_0/J1_Review_Package/Step2B_J1_QC.json,training_data/results/Step2B_JEV_v1_0/J1_Review_Package/Step2B_J1_QC.json,Step2B_J1_QC.json,.json,1584,0.001511,2026-09-23T20:48:00,53a36cd33c54c00d3272f213e8ce4695546be12e4fb27bb5c3d74d64ee85e90b,04_experiment_results,False,True,,
<SOURCE_ROOT>/training_data/results/Step2B_JEV_v1_0/J1_Review_Package/Step2B_J1_Smoke_Summary.xlsx,training_data/results/Step2B_JEV_v1_0/J1_Review_Package/Step2B_J1_Smoke_Summary.xlsx,Step2B_J1_Smoke_Summary.xlsx,.xlsx,13936,0.01329,2026-09-23T20:48:34,78ac5e166d29b400eda91c64bf26a6ee177c173aac73530a6916696ceb1fbf8a,04_experiment_results,False,True,,
<SOURCE_ROOT>/training_data/results/Step2B_JEV_v1_0/J1_Review_Package/Step2B_J1_Unit_Tests.json,training_data/results/Step2B_JEV_v1_0/J1_Review_Package/Step2B_J1_Unit_Tests.json,Step2B_J1_Unit_Tests.json,.json,474,0.000452,2026-09-23T20:48:00,e7c909a686993aa9bc836956eddf4f350890ba2ff500c821edc9904e9c0b1240,04_experiment_results,False,True,,
<SOURCE_ROOT>/training_data/results/Step2B_JEV_v1_0/J1_Review_Package/Step2B_JEV_v1.0_Freeze_Consistency_Audit.json,training_data/results/Step2B_JEV_v1_0/J1_Review_Package/Step2B_JEV_v1.0_Freeze_Consistency_Audit.json,Step2B_JEV_v1.0_Freeze_Consistency_Audit.json,.json,452,0.000431,2026-09-23T20:48:00,800a37612440b417db9f2f701538a221f3b786d03acb36bb6959e61541ec0dbb,04_experiment_results,False,True,,
<SOURCE_ROOT>/training_data/results/Step2B_JEV_v1_0/J1_Review_Package/Step2B_JEV_v1.0_Leakage_Audit.json,training_data/results/Step2B_JEV_v1_0/J1_Review_Package/Step2B_JEV_v1.0_Leakage_Audit.json,Step2B_JEV_v1.0_Leakage_Audit.json,.json,380,0.000362,2026-09-23T20:48:00,42f0f3a41025f240c655180c62201e315ea9518124c1107bf7ff31e90f9539c3,04_experiment_results,False,True,,
<SOURCE_ROOT>/training_data/results/Step2B_JEV_v1_0/J1_Review_Package/step2b_jev_v1_0_adapter.py,training_data/results/Step2B_JEV_v1_0/J1_Review_Package/step2b_jev_v1_0_adapter.py,step2b_jev_v1_0_adapter.py,.py,17801,0.016976,2026-09-23T20:44:38,2d7c74f5bb9bfd834d1cafacc1d5d1857cf94faba45f11653df366fb0e004a69,04_experiment_results,False,True,,
<SOURCE_ROOT>/training_data/results/Step2B_JEV_v1_0/J1_Review_Package/step2b_production.json,training_data/results/Step2B_JEV_v1_0/J1_Review_Package/step2b_production.json,step2b_production.json,.json,2934,0.002798,2026-09-23T20:50:10,81ebd0c4c3dedf623fdd051efe02c9c38f3c055291dbf5376a984bc77c2515c1,04_experiment_results,False,False,,
<SOURCE_ROOT>/training_data/results/Step2B_JEV_v1_0/smoke/.step2b_j1_workbook_payload.json,training_data/results/Step2B_JEV_v1_0/smoke/.step2b_j1_workbook_payload.json,.step2b_j1_workbook_payload.json,.json,13739,0.013103,2026-09-23T20:48:00,d32a0c523e386547a695c13a752b4d8a0d8b46ee506008dd511256989534b525,04_experiment_results,False,False,,
<SOURCE_ROOT>/training_data/results/Step2B_JEV_v1_0/smoke/.workbook_previews/CONFIDENCE_SUMMARY.png,training_data/results/Step2B_JEV_v1_0/smoke/.workbook_previews/CONFIDENCE_SUMMARY.png,CONFIDENCE_SUMMARY.png,.png,28732,0.027401,2026-09-23T20:48:34,6161c60bc838cc22ae673ae9365ea4b0907ef7ef560c6c727bd158fe245005d4,05_metrics,False,False,,
<SOURCE_ROOT>/training_data/results/Step2B_JEV_v1_0/smoke/.workbook_previews/EVIDENCE_SUMMARY.png,training_data/results/Step2B_JEV_v1_0/smoke/.workbook_previews/EVIDENCE_SUMMARY.png,EVIDENCE_SUMMARY.png,.png,29476,0.028111,2026-09-23T20:48:34,e924a753d0978bdd4739d2564b79067eb0f973e6a4b6091fa6a0c3f715c62821,04_experiment_results,False,False,,
<SOURCE_ROOT>/training_data/results/Step2B_JEV_v1_0/smoke/.workbook_previews/FREEZE_CONSISTENCY.png,training_data/results/Step2B_JEV_v1_0/smoke/.workbook_previews/FREEZE_CONSISTENCY.png,FREEZE_CONSISTENCY.png,.png,25030,0.02387,2026-09-23T20:48:34,418440f12f6a0853307259e68620a26938fed4181dbb0e30d26f5863f599675c,04_experiment_results,False,False,,
<SOURCE_ROOT>/training_data/results/Step2B_JEV_v1_0/smoke/.workbook_previews/JEV_WEIGHTS.png,training_data/results/Step2B_JEV_v1_0/smoke/.workbook_previews/JEV_WEIGHTS.png,JEV_WEIGHTS.png,.png,14846,0.014158,2026-09-23T20:48:34,7d754d6b1fa5bc5308f384a94fa2daf78957adf4b61a82d40ead678a2b72d618,09_model_outputs,False,True,,
<SOURCE_ROOT>/training_data/results/Step2B_JEV_v1_0/smoke/.workbook_previews/LEAKAGE.png,training_data/results/Step2B_JEV_v1_0/smoke/.workbook_previews/LEAKAGE.png,LEAKAGE.png,.png,27525,0.02625,2026-09-23T20:48:34,d015b1100276098614ab33558b3a93fe41d77c0d0062de9cd48afc324139e8c3,04_experiment_results,False,False,,
<SOURCE_ROOT>/training_data/results/Step2B_JEV_v1_0/smoke/.workbook_previews/METHOD_SUMMARY.png,training_data/results/Step2B_JEV_v1_0/smoke/.workbook_previews/METHOD_SUMMARY.png,METHOD_SUMMARY.png,.png,56394,0.053782,2026-09-23T20:48:34,3fd2922329ecda606c4b8cff5340b2a8b26553baf86dd438446b8f9b19894b7a,04_experiment_results,False,False,,
<SOURCE_ROOT>/training_data/results/Step2B_JEV_v1_0/smoke/.workbook_previews/QC.png,training_data/results/Step2B_JEV_v1_0/smoke/.workbook_previews/QC.png,QC.png,.png,59606,0.056845,2026-09-23T20:48:34,3dd0411f87f5c616ec1d0a6ea66d4d74a8ef3727770fc38c5b751e27111e3a86,04_experiment_results,False,False,,
<SOURCE_ROOT>/training_data/results/Step2B_JEV_v1_0/smoke/.workbook_previews/README.png,training_data/results/Step2B_JEV_v1_0/smoke/.workbook_previews/README.png,README.png,.png,17632,0.016815,2026-09-23T20:48:34,bcb7a5d9a24d71af3138e40cb5023fe5053bc8a21bf277de255d17fffdda47e8,04_experiment_results,False,False,,
<SOURCE_ROOT>/training_data/results/Step2B_JEV_v1_0/smoke/.workbook_previews/RUNTIME.png,training_data/results/Step2B_JEV_v1_0/smoke/.workbook_previews/RUNTIME.png,RUNTIME.png,.png,28559,0.027236,2026-09-23T20:48:34,cea44d58bdce3a4910cd98cceedca95f3181bd8ea9f5ea7fb794f8f07e00e1d6,05_metrics,False,False,,
<SOURCE_ROOT>/training_data/results/Step2B_JEV_v1_0/smoke/.workbook_previews/UNIT_TESTS.png,training_data/results/Step2B_JEV_v1_0/smoke/.workbook_previews/UNIT_TESTS.png,UNIT_TESTS.png,.png,21910,0.020895,2026-09-23T20:48:34,e61e9db4f4b7df722929005fe1f217a0707fa29b7d88bedd04d724f4d0eae059,04_experiment_results,False,False,,
<SOURCE_ROOT>/training_data/results/Step2B_JEV_v1_0/smoke/Step2B_J1_JEV_Candidate_Scores.csv,training_data/results/Step2B_JEV_v1_0/smoke/Step2B_J1_JEV_Candidate_Scores.csv,Step2B_J1_JEV_Candidate_Scores.csv,.csv,141129,0.134591,2026-09-23T20:48:00,1395c60e58a69b7fc1cbc34470bc80c6867ab84b4d0b655291a11c30f95e9a2d,04_experiment_results,False,False,,
<SOURCE_ROOT>/training_data/results/Step2B_JEV_v1_0/smoke/Step2B_J1_JEV_Evidence.csv,training_data/results/Step2B_JEV_v1_0/smoke/Step2B_J1_JEV_Evidence.csv,Step2B_J1_JEV_Evidence.csv,.csv,478211,0.456058,2026-09-23T20:48:00,5504c5bc0297565a56a982afdbd7f9f0174821f1a3bad2bbd1b3c0114c7f28d8,04_experiment_results,False,False,,
<SOURCE_ROOT>/training_data/results/Step2B_JEV_v1_0/smoke/Step2B_J1_JEV_Predictions.csv,training_data/results/Step2B_JEV_v1_0/smoke/Step2B_J1_JEV_Predictions.csv,Step2B_J1_JEV_Predictions.csv,.csv,49045,0.046773,2026-09-23T20:48:00,e8351cdc69247d4ad69b81bb135e5349e938fc3aec24c31a12dda9728f242bcd,09_model_outputs,False,False,,
<SOURCE_ROOT>/training_data/results/Step2B_JEV_v1_0/smoke/Step2B_J1_JEV_Weights.json,training_data/results/Step2B_JEV_v1_0/smoke/Step2B_J1_JEV_Weights.json,Step2B_J1_JEV_Weights.json,.json,740,0.000706,2026-09-23T20:48:00,a0dddbe8d8c468825e43706c34e28598432b4c23ca1e290ef88b4dfae7abe1ac,09_model_outputs,False,False,,
<SOURCE_ROOT>/training_data/results/Step2B_JEV_v1_0/smoke/Step2B_J1_QC.json,training_data/results/Step2B_JEV_v1_0/smoke/Step2B_J1_QC.json,Step2B_J1_QC.json,.json,1584,0.001511,2026-09-23T20:48:00,53a36cd33c54c00d3272f213e8ce4695546be12e4fb27bb5c3d74d64ee85e90b,04_experiment_results,False,True,,
<SOURCE_ROOT>/training_data/results/Step2B_JEV_v1_0/smoke/Step2B_J1_Runtime.json,training_data/results/Step2B_JEV_v1_0/smoke/Step2B_J1_Runtime.json,Step2B_J1_Runtime.json,.json,357,0.00034,2026-09-23T20:48:00,875b5e9d82e1dba3de26f25e9c08dc9b5f9331794040d7bd6b4ee6049afa4e2d,05_metrics,False,False,,
<SOURCE_ROOT>/training_data/results/Step2B_JEV_v1_0/smoke/Step2B_J1_Smoke_Log.log,training_data/results/Step2B_JEV_v1_0/smoke/Step2B_J1_Smoke_Log.log,Step2B_J1_Smoke_Log.log,.log,7510,0.007162,2026-09-23T20:48:00,10b43583a3eaeb3d3d06635084daef1b8d4a4c57f14772e446eed0cff1f34e80,11_logs,False,False,,
<SOURCE_ROOT>/training_data/results/Step2B_JEV_v1_0/smoke/Step2B_J1_Smoke_Method_Summary.csv,training_data/results/Step2B_JEV_v1_0/smoke/Step2B_J1_Smoke_Method_Summary.csv,Step2B_J1_Smoke_Method_Summary.csv,.csv,1212,0.001156,2026-09-23T20:48:00,7c8513fb313bdc54ccaeb20bd40709485f03dc560c6bbd30347502724fcf4e45,04_experiment_results,False,False,,
<SOURCE_ROOT>/training_data/results/Step2B_JEV_v1_0/smoke/Step2B_J1_Smoke_Summary.xlsx,training_data/results/Step2B_JEV_v1_0/smoke/Step2B_J1_Smoke_Summary.xlsx,Step2B_J1_Smoke_Summary.xlsx,.xlsx,13936,0.01329,2026-09-23T20:48:34,78ac5e166d29b400eda91c64bf26a6ee177c173aac73530a6916696ceb1fbf8a,04_experiment_results,False,True,,
<SOURCE_ROOT>/training_data/results/Step2B_JEV_v1_0/smoke/Step2B_J1_Smoke_Summary.xlsx.formula_errors.ndjson,training_data/results/Step2B_JEV_v1_0/smoke/Step2B_J1_Smoke_Summary.xlsx.formula_errors.ndjson,Step2B_J1_Smoke_Summary.xlsx.formula_errors.ndjson,.ndjson,60,5.7e-05,2026-09-23T20:48:33,acc0111e19cf44d2753fc9ecd164bf1b27fbd65597463a25cf48bd1c65e90146,04_experiment_results,False,False,,
<SOURCE_ROOT>/training_data/results/Step2B_JEV_v1_0/smoke/Step2B_J1_Smoke_Summary.xlsx.inspect.ndjson,training_data/results/Step2B_JEV_v1_0/smoke/Step2B_J1_Smoke_Summary.xlsx.inspect.ndjson,Step2B_J1_Smoke_Summary.xlsx.inspect.ndjson,.ndjson,143508,0.13686,2026-09-23T20:48:34,04b50e7dbdb0f33ea33ba658656aea7c49091ffd5cd1ee0016c0451fa8136095,04_experiment_results,False,False,,
<SOURCE_ROOT>/training_data/results/Step2B_JEV_v1_0/smoke/Step2B_J1_Unit_Tests.json,training_data/results/Step2B_JEV_v1_0/smoke/Step2B_J1_Unit_Tests.json,Step2B_J1_Unit_Tests.json,.json,474,0.000452,2026-09-23T20:48:00,e7c909a686993aa9bc836956eddf4f350890ba2ff500c821edc9904e9c0b1240,04_experiment_results,False,True,,
<SOURCE_ROOT>/training_data/results/Step2B_JEV_v1_0/smoke/Step2B_JEV_v1.0_Freeze_Consistency_Audit.json,training_data/results/Step2B_JEV_v1_0/smoke/Step2B_JEV_v1.0_Freeze_Consistency_Audit.json,Step2B_JEV_v1.0_Freeze_Consistency_Audit.json,.json,452,0.000431,2026-09-23T20:48:00,800a37612440b417db9f2f701538a221f3b786d03acb36bb6959e61541ec0dbb,04_experiment_results,False,True,,
<SOURCE_ROOT>/training_data/results/Step2B_JEV_v1_0/smoke/Step2B_JEV_v1.0_Leakage_Audit.json,training_data/results/Step2B_JEV_v1_0/smoke/Step2B_JEV_v1.0_Leakage_Audit.json,Step2B_JEV_v1.0_Leakage_Audit.json,.json,380,0.000362,2026-09-23T20:48:00,42f0f3a41025f240c655180c62201e315ea9518124c1107bf7ff31e90f9539c3,04_experiment_results,False,True,,
<SOURCE_ROOT>/training_data/results/Step2C.zip,training_data/results/Step2C.zip,Step2C.zip,.zip,2001401,1.908685,2026-09-24T00:41:06,a8e5149a93144e3d316ed778cf36a97bdfe966fe07e9df432973d1f383257687,04_experiment_results,False,False,,
<SOURCE_ROOT>/training_data/results/Step2C/production/.step2c_workbook_payload.json,training_data/results/Step2C/production/.step2c_workbook_payload.json,.step2c_workbook_payload.json,.json,751504,0.71669,2026-09-24T00:15:24,83d0a664eb5c8f6efb3f0d86b2cc945b82b2ea6badf67517fb00a62abe3e3c49,04_experiment_results,False,False,,
<SOURCE_ROOT>/training_data/results/Step2C/production/.workbook_previews/ISOTONIC.png,training_data/results/Step2C/production/.workbook_previews/ISOTONIC.png,ISOTONIC.png,.png,48588,0.046337,2026-09-24T00:15:27,5e19159c450f91963e50317e1c7ad57926af3a7f572707c6ebd4cbaab0d76307,04_experiment_results,False,False,,
<SOURCE_ROOT>/training_data/results/Step2C/production/.workbook_previews/LEAKAGE.png,training_data/results/Step2C/production/.workbook_previews/LEAKAGE.png,LEAKAGE.png,.png,22405,0.021367,2026-09-24T00:15:27,9e9973e737e3117a5028078482e7abae474356ccc184ceb59daa2b73174ead98,04_experiment_results,False,True,,
<SOURCE_ROOT>/training_data/results/Step2C/production/.workbook_previews/METHOD_SUMMARY.png,training_data/results/Step2C/production/.workbook_previews/METHOD_SUMMARY.png,METHOD_SUMMARY.png,.png,38130,0.036364,2026-09-24T00:15:26,161ee864110a1d516f7467b44fb481ef4c76eec67ff5879ee4c13fa2819d102f,04_experiment_results,False,False,,
<SOURCE_ROOT>/training_data/results/Step2C/production/.workbook_previews/PLATT.png,training_data/results/Step2C/production/.workbook_previews/PLATT.png,PLATT.png,.png,21487,0.020492,2026-09-24T00:15:27,d5a388e6209f78319e9022351d702c0c50039fec85971e234f89cdbe5afd4af1,04_experiment_results,False,False,,
<SOURCE_ROOT>/training_data/results/Step2C/production/.workbook_previews/PREDICTIONS_PREVIEW.png,training_data/results/Step2C/production/.workbook_previews/PREDICTIONS_PREVIEW.png,PREDICTIONS_PREVIEW.png,.png,473584,0.451645,2026-09-24T00:15:27,492fa80bb712b92887e7845bf6a22fcc0ff31a84cbe68662e355f771e7eb0c45,09_model_outputs,False,False,,
<SOURCE_ROOT>/training_data/results/Step2C/production/.workbook_previews/QC.png,training_data/results/Step2C/production/.workbook_previews/QC.png,QC.png,.png,56255,0.053649,2026-09-24T00:15:27,ce300ea9f9fee32b3473753643809a6da06b43c125e50d746f4338fcbee7e2ba,04_experiment_results,False,False,,
<SOURCE_ROOT>/training_data/results/Step2C/production/.workbook_previews/README.png,training_data/results/Step2C/production/.workbook_previews/README.png,README.png,.png,20541,0.019589,2026-09-24T00:15:26,dd684fdc0fab7e8cdf24f56726d74d5a4cc773064c02302607f5f438096b632e,04_experiment_results,False,False,,
<SOURCE_ROOT>/training_data/results/Step2C/production/.workbook_previews/RELIABILITY_BINS.png,training_data/results/Step2C/production/.workbook_previews/RELIABILITY_BINS.png,RELIABILITY_BINS.png,.png,122022,0.116369,2026-09-24T00:15:26,4c723040330d6102d54197aab6ad2b1f8ad1eb565c7fb2f47c72bc883892ad6b,05_metrics,False,False,,
<SOURCE_ROOT>/training_data/results/Step2C/production/.workbook_previews/RUNTIME.png,training_data/results/Step2C/production/.workbook_previews/RUNTIME.png,RUNTIME.png,.png,18954,0.018076,2026-09-24T00:15:27,22e4262c3a0e29d53a6a1b1d594c4392c56ba96b800e58f2b93a99e23cbf83da,05_metrics,False,False,,
<SOURCE_ROOT>/training_data/results/Step2C/production/.workbook_previews/SPLIT.png,training_data/results/Step2C/production/.workbook_previews/SPLIT.png,SPLIT.png,.png,17543,0.01673,2026-09-24T00:15:26,8ac13d674acd16dc839e0f2be96985299d66e17da980954dce19faab2c2d76b1,04_experiment_results,False,False,,
<SOURCE_ROOT>/training_data/results/Step2C/production/Step2C_Calibration_Method_Summary.csv,training_data/results/Step2C/production/Step2C_Calibration_Method_Summary.csv,Step2C_Calibration_Method_Summary.csv,.csv,710,0.000677,2026-09-24T00:15:23,6194377dcf5b2da63c0a46445c2089c3f7cd6ed31c71121b99b0be4c9653cca0,05_metrics,False,True,,
<SOURCE_ROOT>/training_data/results/Step2C/production/Step2C_Calibration_Predictions.csv,training_data/results/Step2C/production/Step2C_Calibration_Predictions.csv,Step2C_Calibration_Predictions.csv,.csv,225959,0.215491,2026-09-24T00:15:23,234452c8054234595db82b1e3a463ede48018d01b02cfa739f4dafb3abe8c2f5,09_model_outputs,False,False,,
<SOURCE_ROOT>/training_data/results/Step2C/production/Step2C_Calibration_Split.csv,training_data/results/Step2C/production/Step2C_Calibration_Split.csv,Step2C_Calibration_Split.csv,.csv,205647,0.19612,2026-09-24T00:15:23,dc5abcf5a92b6da4415d1b428482783feda8a8d72890e228027e8367980b69fd,05_metrics,False,False,,
<SOURCE_ROOT>/training_data/results/Step2C/production/Step2C_Isotonic_Model.json,training_data/results/Step2C/production/Step2C_Isotonic_Model.json,Step2C_Isotonic_Model.json,.json,926,0.000883,2026-09-24T00:15:23,c9fd8b0a8159db0579669ed695f0954047708ad69e14a914509864b5f62728e2,04_experiment_results,False,False,,
<SOURCE_ROOT>/training_data/results/Step2C/production/Step2C_Leakage_Audit.json,training_data/results/Step2C/production/Step2C_Leakage_Audit.json,Step2C_Leakage_Audit.json,.json,393,0.000375,2026-09-24T00:15:23,970fcbf40cd4699942b69ad6d97bf8f0d3fac5ba151933aa520f331ad2061811,04_experiment_results,False,True,,
<SOURCE_ROOT>/training_data/results/Step2C/production/Step2C_Platt_Model.json,training_data/results/Step2C/production/Step2C_Platt_Model.json,Step2C_Platt_Model.json,.json,334,0.000319,2026-09-24T00:15:23,6c231a48759694919bcc073d99a0f499cb614af2b241842be3d5c7b27341e467,04_experiment_results,False,False,,
<SOURCE_ROOT>/training_data/results/Step2C/production/Step2C_Previous_Attempt_Status.json,training_data/results/Step2C/production/Step2C_Previous_Attempt_Status.json,Step2C_Previous_Attempt_Status.json,.json,293,0.000279,2026-09-23T23:47:17,2a97d8d33b8adba9e1908ce4ed461e61878a0b047fa044b02b28fb2398098582,04_experiment_results,False,False,,
<SOURCE_ROOT>/training_data/results/Step2C/production/STEP2C_PRODUCTION_COMPLETE.json,training_data/results/Step2C/production/STEP2C_PRODUCTION_COMPLETE.json,STEP2C_PRODUCTION_COMPLETE.json,.json,415,0.000396,2026-09-24T00:15:28,e298d3760162d3b4fdecd8c77826845229b89c5ffe9a7a36a23b198143413719,04_experiment_results,False,False,,
<SOURCE_ROOT>/training_data/results/Step2C/production/Step2C_Production_Log.log,training_data/results/Step2C/production/Step2C_Production_Log.log,Step2C_Production_Log.log,.log,1323,0.001262,2026-09-24T00:15:28,239001b0935949957487ac0bbb00b8ed19e93ec95d0fc2a87327bc74eba98697,11_logs,False,False,,
<SOURCE_ROOT>/training_data/results/Step2C/production/Step2C_QC.json,training_data/results/Step2C/production/Step2C_QC.json,Step2C_QC.json,.json,2132,0.002033,2026-09-24T00:15:23,5a4d73c70ce5d307784f34f20827060e6b8f8441674a3fc0409b4fed417b07e1,04_experiment_results,False,False,,
<SOURCE_ROOT>/training_data/results/Step2C/production/Step2C_Reliability_Bins.csv,training_data/results/Step2C/production/Step2C_Reliability_Bins.csv,Step2C_Reliability_Bins.csv,.csv,1788,0.001705,2026-09-24T00:15:23,6307c04c26586ddd4b291dd9a560b6f2eeab4d65422156c027e791955aa260ba,05_metrics,False,True,,
<SOURCE_ROOT>/training_data/results/Step2C/production/Step2C_Reliability_Diagram_SourceData.csv,training_data/results/Step2C/production/Step2C_Reliability_Diagram_SourceData.csv,Step2C_Reliability_Diagram_SourceData.csv,.csv,1788,0.001705,2026-09-24T00:15:23,6307c04c26586ddd4b291dd9a560b6f2eeab4d65422156c027e791955aa260ba,05_metrics,False,True,,
<SOURCE_ROOT>/training_data/results/Step2C/production/Step2C_Results.xlsx,training_data/results/Step2C/production/Step2C_Results.xlsx,Step2C_Results.xlsx,.xlsx,115993,0.11062,2026-09-24T00:15:28,3f5b3491c355df8394878824cbcd1c3fb7e0cd3b2f40142cbe234ffe21086d2a,04_experiment_results,False,False,,
<SOURCE_ROOT>/training_data/results/Step2C/production/Step2C_Results.xlsx.formula_errors.ndjson,training_data/results/Step2C/production/Step2C_Results.xlsx.formula_errors.ndjson,Step2C_Results.xlsx.formula_errors.ndjson,.ndjson,60,5.7e-05,2026-09-24T00:15:26,acc0111e19cf44d2753fc9ecd164bf1b27fbd65597463a25cf48bd1c65e90146,04_experiment_results,False,False,,
<SOURCE_ROOT>/training_data/results/Step2C/production/Step2C_Results.xlsx.inspect.ndjson,training_data/results/Step2C/production/Step2C_Results.xlsx.inspect.ndjson,Step2C_Results.xlsx.inspect.ndjson,.ndjson,6750498,6.437777,2026-09-24T00:15:28,97aabedb3bcce65118e2418c8e5d0c9bf3cba00f64374afaf499f5a36971b391,04_experiment_results,False,False,,
<SOURCE_ROOT>/training_data/results/Step2C/production/Step2C_Runtime.json,training_data/results/Step2C/production/Step2C_Runtime.json,Step2C_Runtime.json,.json,322,0.000307,2026-09-24T00:15:23,a988ac5f749e1510f6267a592073b3088208336234321836df9cc4d05c6f3213,05_metrics,False,False,,
<SOURCE_ROOT>/training_data/results/Step2C/production/Step2C_Selected_Method.json,training_data/results/Step2C/production/Step2C_Selected_Method.json,Step2C_Selected_Method.json,.json,760,0.000725,2026-09-24T00:15:23,9528c32422eeed75e6f45d49d7184d0c48da8468ff289c26cabd99806d7ba8a9,04_experiment_results,False,False,,
<SOURCE_ROOT>/training_data/results/Step2C/smoke/.step2c_workbook_payload.json,training_data/results/Step2C/smoke/.step2c_workbook_payload.json,.step2c_workbook_payload.json,.json,194675,0.185657,2026-09-23T23:29:11,4a4a023690ffbbd8de21d2f10943e6d53fb9206f77850853a5f5bd0ec4aabfa5,04_experiment_results,False,False,,
<SOURCE_ROOT>/training_data/results/Step2C/smoke/.workbook_previews/ISOTONIC.png,training_data/results/Step2C/smoke/.workbook_previews/ISOTONIC.png,ISOTONIC.png,.png,37338,0.035608,2026-09-23T23:29:13,807af3fc88bc6c9740b24bff934768183d1fc3a41776823f58cdf627eb7a85c3,04_experiment_results,False,False,,
<SOURCE_ROOT>/training_data/results/Step2C/smoke/.workbook_previews/LEAKAGE.png,training_data/results/Step2C/smoke/.workbook_previews/LEAKAGE.png,LEAKAGE.png,.png,22405,0.021367,2026-09-23T23:29:13,9e9973e737e3117a5028078482e7abae474356ccc184ceb59daa2b73174ead98,04_experiment_results,False,True,,
<SOURCE_ROOT>/training_data/results/Step2C/smoke/.workbook_previews/METHOD_SUMMARY.png,training_data/results/Step2C/smoke/.workbook_previews/METHOD_SUMMARY.png,METHOD_SUMMARY.png,.png,38062,0.036299,2026-09-23T23:29:13,7842611a2099ae54dc9989fa48463fc52ed36432cafad51de6e306fc989ba55f,04_experiment_results,False,False,,
<SOURCE_ROOT>/training_data/results/Step2C/smoke/.workbook_previews/PLATT.png,training_data/results/Step2C/smoke/.workbook_previews/PLATT.png,PLATT.png,.png,21474,0.020479,2026-09-23T23:29:13,b266866e343b967d85c08c83da992a467e047661d6d426df59f6d0ccd22aa5d5,04_experiment_results,False,False,,
<SOURCE_ROOT>/training_data/results/Step2C/smoke/.workbook_previews/PREDICTIONS_PREVIEW.png,training_data/results/Step2C/smoke/.workbook_previews/PREDICTIONS_PREVIEW.png,PREDICTIONS_PREVIEW.png,.png,479198,0.456999,2026-09-23T23:29:13,1eeb2b3c27368bbdd963f39eb27e8dce841b82723bf4f142e0900af0676228b4,09_model_outputs,False,False,,
<SOURCE_ROOT>/training_data/results/Step2C/smoke/.workbook_previews/QC.png,training_data/results/Step2C/smoke/.workbook_previews/QC.png,QC.png,.png,57075,0.054431,2026-09-23T23:29:13,ac5b17e0d54e566b4eae03cb4a656c33cfffa2f1d1e1c0aac72a3ace47599477,04_experiment_results,False,False,,
<SOURCE_ROOT>/training_data/results/Step2C/smoke/.workbook_previews/README.png,training_data/results/Step2C/smoke/.workbook_previews/README.png,README.png,.png,18804,0.017933,2026-09-23T23:29:13,6e184e0d905a330087deca4cf7191f3c178add335501abcaab9c8cc6fbbe069f,04_experiment_results,False,False,,
<SOURCE_ROOT>/training_data/results/Step2C/smoke/.workbook_previews/RELIABILITY_BINS.png,training_data/results/Step2C/smoke/.workbook_previews/RELIABILITY_BINS.png,RELIABILITY_BINS.png,.png,120126,0.114561,2026-09-23T23:29:13,c2c18d543188e04ebba72cfb783d3d8de66e2e231a974114e64cb51c16836ecd,05_metrics,False,False,,
<SOURCE_ROOT>/training_data/results/Step2C/smoke/.workbook_previews/RUNTIME.png,training_data/results/Step2C/smoke/.workbook_previews/RUNTIME.png,RUNTIME.png,.png,19167,0.018279,2026-09-23T23:29:13,2a11fbcc866bbf26f1026b2b593c46bbb1334ebe94c375e0b0a17f12bf4ef816,05_metrics,False,False,,
<SOURCE_ROOT>/training_data/results/Step2C/smoke/.workbook_previews/SPLIT.png,training_data/results/Step2C/smoke/.workbook_previews/SPLIT.png,SPLIT.png,.png,17479,0.016669,2026-09-23T23:29:13,422901b0a378c4cf2c3de72193e6e34be2acfd66d08c4933c81e105f813ae1a1,04_experiment_results,False,False,,
<SOURCE_ROOT>/training_data/results/Step2C/smoke/Step2C_Calibration_Method_Summary.csv,training_data/results/Step2C/smoke/Step2C_Calibration_Method_Summary.csv,Step2C_Calibration_Method_Summary.csv,.csv,702,0.000669,2026-09-23T23:29:11,d28b5b63273396ce57868533bb2d17ee081334cc258a432c9312787b605558c4,05_metrics,False,False,,
<SOURCE_ROOT>/training_data/results/Step2C/smoke/Step2C_Calibration_Predictions.csv,training_data/results/Step2C/smoke/Step2C_Calibration_Predictions.csv,Step2C_Calibration_Predictions.csv,.csv,52908,0.050457,2026-09-23T23:29:11,bd11f4c46306df1b3403b2828038d43fa39939165cc3847bcf64e856d4a6d4f9,09_model_outputs,False,False,,
<SOURCE_ROOT>/training_data/results/Step2C/smoke/Step2C_Calibration_Split.csv,training_data/results/Step2C/smoke/Step2C_Calibration_Split.csv,Step2C_Calibration_Split.csv,.csv,24578,0.023439,2026-09-23T23:29:11,852d7553a54408565b74b2eee71cb70ca2203eb81b4a6d499a8a47ea0a7b6df5,05_metrics,False,False,,
<SOURCE_ROOT>/training_data/results/Step2C/smoke/Step2C_Isotonic_Model.json,training_data/results/Step2C/smoke/Step2C_Isotonic_Model.json,Step2C_Isotonic_Model.json,.json,644,0.000614,2026-09-23T23:29:11,90e750c9d56d63feb7ce30faef0af82e5390ffe348bf6efaf61e5626f33cba9c,04_experiment_results,False,False,,
<SOURCE_ROOT>/training_data/results/Step2C/smoke/Step2C_Leakage_Audit.json,training_data/results/Step2C/smoke/Step2C_Leakage_Audit.json,Step2C_Leakage_Audit.json,.json,393,0.000375,2026-09-23T23:29:11,970fcbf40cd4699942b69ad6d97bf8f0d3fac5ba151933aa520f331ad2061811,04_experiment_results,False,True,,
<SOURCE_ROOT>/training_data/results/Step2C/smoke/Step2C_Platt_Model.json,training_data/results/Step2C/smoke/Step2C_Platt_Model.json,Step2C_Platt_Model.json,.json,332,0.000317,2026-09-23T23:29:11,b4523b6e0cf0cbc47f974aca14600244f7f1270559d4d7343232ccaea0efd3cb,04_experiment_results,False,False,,
<SOURCE_ROOT>/training_data/results/Step2C/smoke/Step2C_QC.json,training_data/results/Step2C/smoke/Step2C_QC.json,Step2C_QC.json,.json,2136,0.002037,2026-09-23T23:29:11,52fe0c798d513ea54bab52a65f52a8854aa4ff639ba9342fc49d36194f9e95a1,04_experiment_results,False,False,,
<SOURCE_ROOT>/training_data/results/Step2C/smoke/Step2C_Reliability_Bins.csv,training_data/results/Step2C/smoke/Step2C_Reliability_Bins.csv,Step2C_Reliability_Bins.csv,.csv,1695,0.001616,2026-09-23T23:29:11,48827d4b779ede5390a344a2acf9655f497902eaadefd15490a49ccaad2022f1,05_metrics,False,False,,
<SOURCE_ROOT>/training_data/results/Step2C/smoke/Step2C_Reliability_Diagram_Smoke.png,training_data/results/Step2C/smoke/Step2C_Reliability_Diagram_Smoke.png,Step2C_Reliability_Diagram_Smoke.png,.png,20641,0.019685,2026-09-23T23:29:11,7fa3f0901e6a509511eb6750593be19c8195184d99827786e95290b881797c84,05_metrics,False,False,,
<SOURCE_ROOT>/training_data/results/Step2C/smoke/Step2C_Reliability_Diagram_SourceData.csv,training_data/results/Step2C/smoke/Step2C_Reliability_Diagram_SourceData.csv,Step2C_Reliability_Diagram_SourceData.csv,.csv,1695,0.001616,2026-09-23T23:29:11,48827d4b779ede5390a344a2acf9655f497902eaadefd15490a49ccaad2022f1,05_metrics,False,False,,
<SOURCE_ROOT>/training_data/results/Step2C/smoke/Step2C_Runtime.json,training_data/results/Step2C/smoke/Step2C_Runtime.json,Step2C_Runtime.json,.json,321,0.000306,2026-09-23T23:29:11,f395e619bbcbbe39a15a9c71d95fc34e578080f38afcc5ee4eb0e8532aeef5ac,05_metrics,False,False,,
<SOURCE_ROOT>/training_data/results/Step2C/smoke/Step2C_Smoke_Log.log,training_data/results/Step2C/smoke/Step2C_Smoke_Log.log,Step2C_Smoke_Log.log,.log,974,0.000929,2026-09-23T23:29:14,dd5678fd8edde07d12993b0eb7e6e059895504ad0bc5dcc782cb5341bbd6092d,11_logs,False,False,,
<SOURCE_ROOT>/training_data/results/Step2C/smoke/Step2C_Smoke_Summary.xlsx,training_data/results/Step2C/smoke/Step2C_Smoke_Summary.xlsx,Step2C_Smoke_Summary.xlsx,.xlsx,38994,0.037188,2026-09-23T23:29:14,692e9ce81a51454474e4a2f3027acb449b41f7d94318734aad67981fe68731c8,04_experiment_results,False,False,,
<SOURCE_ROOT>/training_data/results/Step2C/smoke/Step2C_Smoke_Summary.xlsx.formula_errors.ndjson,training_data/results/Step2C/smoke/Step2C_Smoke_Summary.xlsx.formula_errors.ndjson,Step2C_Smoke_Summary.xlsx.formula_errors.ndjson,.ndjson,60,5.7e-05,2026-09-23T23:29:12,acc0111e19cf44d2753fc9ecd164bf1b27fbd65597463a25cf48bd1c65e90146,04_experiment_results,False,False,,
<SOURCE_ROOT>/training_data/results/Step2C/smoke/Step2C_Smoke_Summary.xlsx.inspect.ndjson,training_data/results/Step2C/smoke/Step2C_Smoke_Summary.xlsx.inspect.ndjson,Step2C_Smoke_Summary.xlsx.inspect.ndjson,.ndjson,1793460,1.710377,2026-09-23T23:29:14,08373162cb6f51466f955b0bb6287d246efed46eaf04685cffced0d7febf5514,04_experiment_results,False,False,,
<SOURCE_ROOT>/training_data/results/Step2D/production.zip,training_data/results/Step2D/production.zip,production.zip,.zip,1832358,1.747473,2026-09-24T10:21:25,8c874ac460ba24eac6581d73cb7c2e1378f9b4a4464c92f4a66723cb82d6878c,04_experiment_results,False,False,,
<SOURCE_ROOT>/training_data/results/Step2D/production/.step2d_workbook_payload.json,training_data/results/Step2D/production/.step2d_workbook_payload.json,.step2d_workbook_payload.json,.json,912292,0.870029,2026-09-24T10:20:25,4cfef8813dbc74d9931f71b86d9b035efead5257001c787648878ba4b03f1353,04_experiment_results,False,False,,
<SOURCE_ROOT>/training_data/results/Step2D/production/.workbook_previews/AURC.png,training_data/results/Step2D/production/.workbook_previews/AURC.png,AURC.png,.png,59204,0.056461,2026-09-24T10:20:29,c24e1d78022832b08b217709fc1d3feafb98e548b0745e90e54f73be7facc092,05_metrics,False,False,,
<SOURCE_ROOT>/training_data/results/Step2D/production/.workbook_previews/BOOTSTRAP.png,training_data/results/Step2D/production/.workbook_previews/BOOTSTRAP.png,BOOTSTRAP.png,.png,419799,0.400352,2026-09-24T10:20:29,ff9882b44acc5cb532ba4f4e02d1faf3c0f3cf0f2dd9ca89279a9c584ff54f7f,04_experiment_results,False,False,,
<SOURCE_ROOT>/training_data/results/Step2D/production/.workbook_previews/CONFIDENCE_BASELINES.png,training_data/results/Step2D/production/.workbook_previews/CONFIDENCE_BASELINES.png,CONFIDENCE_BASELINES.png,.png,31040,0.029602,2026-09-24T10:20:29,237abe4781071cd60559abeb9ac91715465a1308270a8e432ebb291aa1c29eb9,05_metrics,False,False,,
<SOURCE_ROOT>/training_data/results/Step2D/production/.workbook_previews/FIXED_COVERAGE.png,training_data/results/Step2D/production/.workbook_previews/FIXED_COVERAGE.png,FIXED_COVERAGE.png,.png,397989,0.379552,2026-09-24T10:20:29,2170aea06124188a29a745adb2357018a5b74b0b1940ceae9f9f753b9404ca85,05_metrics,False,False,,
<SOURCE_ROOT>/training_data/results/Step2D/production/.workbook_previews/LEAKAGE.png,training_data/results/Step2D/production/.workbook_previews/LEAKAGE.png,LEAKAGE.png,.png,23184,0.02211,2026-09-24T10:20:29,91accc35fc18c776c07fd4a8049e3d7a57b5d8d42c66dbd85bc8f93fec7dff49,04_experiment_results,False,True,,
<SOURCE_ROOT>/training_data/results/Step2D/production/.workbook_previews/QC.png,training_data/results/Step2D/production/.workbook_previews/QC.png,QC.png,.png,60777,0.057961,2026-09-24T10:20:29,7fc37e141fb85e2239a499130c199519c403605029eec7467daeca5ef5293cf9,04_experiment_results,False,True,,
<SOURCE_ROOT>/training_data/results/Step2D/production/.workbook_previews/RANDOM_REFERENCE.png,training_data/results/Step2D/production/.workbook_previews/RANDOM_REFERENCE.png,RANDOM_REFERENCE.png,.png,31494,0.030035,2026-09-24T10:20:29,a5928291258bb2a2eca8bb250f7caef330003b3917b2ee4f32afc6536c2d2319,04_experiment_results,False,False,,
<SOURCE_ROOT>/training_data/results/Step2D/production/.workbook_previews/RC_CURVE.png,training_data/results/Step2D/production/.workbook_previews/RC_CURVE.png,RC_CURVE.png,.png,347467,0.33137,2026-09-24T10:20:29,b684df0b411f39ac75a3371bf3f4127731f6114dc0e48a6a300a15ace0d708ea,04_experiment_results,False,False,,
<SOURCE_ROOT>/training_data/results/Step2D/production/.workbook_previews/README.png,training_data/results/Step2D/production/.workbook_previews/README.png,README.png,.png,15373,0.014661,2026-09-24T10:20:29,07b4791587063e7e563364f497fd0be97aff0818539e45f2269b6aa4725a70cb,04_experiment_results,False,False,,
<SOURCE_ROOT>/training_data/results/Step2D/production/.workbook_previews/RUNTIME.png,training_data/results/Step2D/production/.workbook_previews/RUNTIME.png,RUNTIME.png,.png,16234,0.015482,2026-09-24T10:20:29,36b858c2d94630d89c7969b0919a0911c6652c0562797fb4e3750317acc211b0,05_metrics,False,False,,
<SOURCE_ROOT>/training_data/results/Step2D/production/Step2D_AURC_Summary.csv,training_data/results/Step2D/production/Step2D_AURC_Summary.csv,Step2D_AURC_Summary.csv,.csv,1086,0.001036,2026-09-24T10:20:25,d3b66d286159adf2eaee8746d1f8c5521a7e382dbf4f1a8caf03e37772ea3def,05_metrics,False,True,,
<SOURCE_ROOT>/training_data/results/Step2D/production/Step2D_Bootstrap_Comparisons.csv,training_data/results/Step2D/production/Step2D_Bootstrap_Comparisons.csv,Step2D_Bootstrap_Comparisons.csv,.csv,8889,0.008477,2026-09-24T10:20:25,4adbc4128274446a53c165b6a161a5eb67c4f79f773ca771d1528acac4514e10,04_experiment_results,False,False,,
<SOURCE_ROOT>/training_data/results/Step2D/production/Step2D_Confidence_Baselines.csv,training_data/results/Step2D/production/Step2D_Confidence_Baselines.csv,Step2D_Confidence_Baselines.csv,.csv,318,0.000303,2026-09-24T10:20:25,ec5792c7bcaf19417aa95ec2086c660270d87633bd8ed2d0b3ef7a4d07169914,05_metrics,False,False,,
<SOURCE_ROOT>/training_data/results/Step2D/production/Step2D_Fixed_Coverage_Summary.csv,training_data/results/Step2D/production/Step2D_Fixed_Coverage_Summary.csv,Step2D_Fixed_Coverage_Summary.csv,.csv,10010,0.009546,2026-09-24T10:20:25,657ea8bf75670bf9323a77afbec86e0acad2fcdaad9f9f9d94ef25d1867523f7,05_metrics,False,False,,
<SOURCE_ROOT>/training_data/results/Step2D/production/Step2D_Leakage_Audit.json,training_data/results/Step2D/production/Step2D_Leakage_Audit.json,Step2D_Leakage_Audit.json,.json,398,0.00038,2026-09-24T10:20:25,04b429b4d3ea3886229dbfe46b2ff298fc71fc6f767749cc99f1a41ae7962489,04_experiment_results,False,True,,
<SOURCE_ROOT>/training_data/results/Step2D/production/STEP2D_PRODUCTION_COMPLETE.json,training_data/results/Step2D/production/STEP2D_PRODUCTION_COMPLETE.json,STEP2D_PRODUCTION_COMPLETE.json,.json,234,0.000223,2026-09-24T10:20:31,4f6bfc3923c2d18322ecb46d0a4756a294057079c79235d4cb7376a879aa824b,04_experiment_results,False,False,,
<SOURCE_ROOT>/training_data/results/Step2D/production/Step2D_Production_Log.log,training_data/results/Step2D/production/Step2D_Production_Log.log,Step2D_Production_Log.log,.log,794,0.000757,2026-09-24T10:20:31,78f3445a8839b00cdc1c5979bf3cca263bacab0c190f4b1b5da36712153a0251,11_logs,False,False,,
<SOURCE_ROOT>/training_data/results/Step2D/production/Step2D_QC.json,training_data/results/Step2D/production/Step2D_QC.json,Step2D_QC.json,.json,1767,0.001685,2026-09-24T10:20:25,bdd4346ae0d14f14031634551ead8ab7375ec94ef5a72f2ab8f8a73356fbc1a9,04_experiment_results,False,False,,
<SOURCE_ROOT>/training_data/results/Step2D/production/Step2D_Random_Reference.csv,training_data/results/Step2D/production/Step2D_Random_Reference.csv,Step2D_Random_Reference.csv,.csv,442,0.000422,2026-09-24T10:20:25,e532e0e7794c0e6335df7cfbc2d64c7eab07d0a2ae2d1a1bbd88b66cf4bdd1b3,04_experiment_results,False,False,,
<SOURCE_ROOT>/training_data/results/Step2D/production/Step2D_Results.xlsx,training_data/results/Step2D/production/Step2D_Results.xlsx,Step2D_Results.xlsx,.xlsx,181274,0.172876,2026-09-24T10:20:31,5fa3a2131452eb1a6e8aedd1174b6b0f832ed16ae5c17a8d76c8cdbef9da7919,04_experiment_results,False,False,,
<SOURCE_ROOT>/training_data/results/Step2D/production/Step2D_Results.xlsx.formula_errors.ndjson,training_data/results/Step2D/production/Step2D_Results.xlsx.formula_errors.ndjson,Step2D_Results.xlsx.formula_errors.ndjson,.ndjson,60,5.7e-05,2026-09-24T10:20:28,acc0111e19cf44d2753fc9ecd164bf1b27fbd65597463a25cf48bd1c65e90146,04_experiment_results,False,False,,
<SOURCE_ROOT>/training_data/results/Step2D/production/Step2D_Results.xlsx.inspect.ndjson,training_data/results/Step2D/production/Step2D_Results.xlsx.inspect.ndjson,Step2D_Results.xlsx.inspect.ndjson,.ndjson,7459203,7.11365,2026-09-24T10:20:31,c9b616fee4016f3bf09691ef4477994e4b273a7044da502f72f5df3e8f1fd005,04_experiment_results,False,False,,
<SOURCE_ROOT>/training_data/results/Step2D/production/Step2D_Risk_Coverage_Curve.csv,training_data/results/Step2D/production/Step2D_Risk_Coverage_Curve.csv,Step2D_Risk_Coverage_Curve.csv,.csv,301106,0.287157,2026-09-24T10:20:25,12ad91650ac5edf532b3e1a1feb7b2c3183fa8605a8a283c66f0689818da1102,05_metrics,False,False,,
<SOURCE_ROOT>/training_data/results/Step2D/production/Step2D_Runtime.json,training_data/results/Step2D/production/Step2D_Runtime.json,Step2D_Runtime.json,.json,215,0.000205,2026-09-24T10:20:25,0a013eee2041029530e3336b2e8d30eb5b4477f3838e4c7c4d25a0b2c44859ea,05_metrics,False,False,,
<SOURCE_ROOT>/training_data/results/Step2D/smoke/.step2d_workbook_payload.json,training_data/results/Step2D/smoke/.step2d_workbook_payload.json,.step2d_workbook_payload.json,.json,265851,0.253535,2026-09-24T01:04:31,afaaed5b5b97ca388463592cba9321ace18afcced41e9c73793f54741933f2c1,04_experiment_results,False,False,,
<SOURCE_ROOT>/training_data/results/Step2D/smoke/.workbook_previews/AURC.png,training_data/results/Step2D/smoke/.workbook_previews/AURC.png,AURC.png,.png,58093,0.055402,2026-09-24T01:04:52,45d9585fcde17ad83320f0c0b3200cf6bb2778302e37f8a5844e417db6594ea1,05_metrics,False,False,,
<SOURCE_ROOT>/training_data/results/Step2D/smoke/.workbook_previews/BOOTSTRAP.png,training_data/results/Step2D/smoke/.workbook_previews/BOOTSTRAP.png,BOOTSTRAP.png,.png,420125,0.400662,2026-09-24T01:04:53,7111ceedaf45dd31469b4189390514a59cd4344f68bbdcfac3d7b3bc0d4a4a27,04_experiment_results,False,False,,
<SOURCE_ROOT>/training_data/results/Step2D/smoke/.workbook_previews/CONFIDENCE_BASELINES.png,training_data/results/Step2D/smoke/.workbook_previews/CONFIDENCE_BASELINES.png,CONFIDENCE_BASELINES.png,.png,30484,0.029072,2026-09-24T01:04:53,9b1e8b4c8ed970db25abbb9e11485bee062440d1dccc7e020ef8dc86e53cfb4b,05_metrics,False,False,,
<SOURCE_ROOT>/training_data/results/Step2D/smoke/.workbook_previews/FIXED_COVERAGE.png,training_data/results/Step2D/smoke/.workbook_previews/FIXED_COVERAGE.png,FIXED_COVERAGE.png,.png,394186,0.375925,2026-09-24T01:04:52,1752801a3662f74e0b02479f55cbe49653250264a5b43704485f18ec630c3958,05_metrics,False,False,,
<SOURCE_ROOT>/training_data/results/Step2D/smoke/.workbook_previews/LEAKAGE.png,training_data/results/Step2D/smoke/.workbook_previews/LEAKAGE.png,LEAKAGE.png,.png,23184,0.02211,2026-09-24T01:04:53,91accc35fc18c776c07fd4a8049e3d7a57b5d8d42c66dbd85bc8f93fec7dff49,04_experiment_results,False,True,,
<SOURCE_ROOT>/training_data/results/Step2D/smoke/.workbook_previews/QC.png,training_data/results/Step2D/smoke/.workbook_previews/QC.png,QC.png,.png,60777,0.057961,2026-09-24T01:04:53,7fc37e141fb85e2239a499130c199519c403605029eec7467daeca5ef5293cf9,04_experiment_results,False,True,,
<SOURCE_ROOT>/training_data/results/Step2D/smoke/.workbook_previews/RANDOM_REFERENCE.png,training_data/results/Step2D/smoke/.workbook_previews/RANDOM_REFERENCE.png,RANDOM_REFERENCE.png,.png,31082,0.029642,2026-09-24T01:04:53,57d1c651563f279daa28d340dc17d33c1070cb9a82ab9501d31be72c9397632e,04_experiment_results,False,False,,
<SOURCE_ROOT>/training_data/results/Step2D/smoke/.workbook_previews/RC_CURVE.png,training_data/results/Step2D/smoke/.workbook_previews/RC_CURVE.png,RC_CURVE.png,.png,342745,0.326867,2026-09-24T01:04:53,ddd8b44d15be27d07a5aadbf403dfa11edb818a262d36e697fd422738a106df0,04_experiment_results,False,False,,
<SOURCE_ROOT>/training_data/results/Step2D/smoke/.workbook_previews/README.png,training_data/results/Step2D/smoke/.workbook_previews/README.png,README.png,.png,15275,0.014567,2026-09-24T01:04:52,0c118591f438b9fbad1583bb409eb7c72a880b13432cd8d4208ac36fcccdb498,04_experiment_results,False,False,,
<SOURCE_ROOT>/training_data/results/Step2D/smoke/.workbook_previews/RUNTIME.png,training_data/results/Step2D/smoke/.workbook_previews/RUNTIME.png,RUNTIME.png,.png,16462,0.015699,2026-09-24T01:04:53,b1a678da0527ffb30bc57c585f36329682db6e7add16f1919712404626fde1c1,05_metrics,False,False,,
<SOURCE_ROOT>/training_data/results/Step2D/smoke/Step2D_AURC_Summary.csv,training_data/results/Step2D/smoke/Step2D_AURC_Summary.csv,Step2D_AURC_Summary.csv,.csv,1011,0.000964,2026-09-24T01:04:31,2aef4efed9129453e843f423b6c3d31ed48cebbb192218629850d91a566edb0c,05_metrics,False,False,,
<SOURCE_ROOT>/training_data/results/Step2D/smoke/Step2D_Bootstrap_Comparisons.csv,training_data/results/Step2D/smoke/Step2D_Bootstrap_Comparisons.csv,Step2D_Bootstrap_Comparisons.csv,.csv,8793,0.008386,2026-09-24T01:04:31,430355bbc9299e455c1a5ff87a04f5e3ad59c6aa5740592b5b18eba723b9ff66,04_experiment_results,False,False,,
<SOURCE_ROOT>/training_data/results/Step2D/smoke/Step2D_Confidence_Baselines.csv,training_data/results/Step2D/smoke/Step2D_Confidence_Baselines.csv,Step2D_Confidence_Baselines.csv,.csv,312,0.000298,2026-09-24T01:04:31,c63f5c459ae06184d57a81006534e6014214646bd080ebb929a8cdcc6c951582,05_metrics,False,False,,
<SOURCE_ROOT>/training_data/results/Step2D/smoke/Step2D_Fixed_Coverage_Summary.csv,training_data/results/Step2D/smoke/Step2D_Fixed_Coverage_Summary.csv,Step2D_Fixed_Coverage_Summary.csv,.csv,9886,0.009428,2026-09-24T01:04:31,94b8a2c2bf85a27ef595d548bebce3001b1153cd5221d4f137daf6acc4458748,05_metrics,False,False,,
<SOURCE_ROOT>/training_data/results/Step2D/smoke/Step2D_Leakage_Audit.json,training_data/results/Step2D/smoke/Step2D_Leakage_Audit.json,Step2D_Leakage_Audit.json,.json,398,0.00038,2026-09-24T01:04:31,04b429b4d3ea3886229dbfe46b2ff298fc71fc6f767749cc99f1a41ae7962489,04_experiment_results,False,True,,
<SOURCE_ROOT>/training_data/results/Step2D/smoke/Step2D_QC.json,training_data/results/Step2D/smoke/Step2D_QC.json,Step2D_QC.json,.json,1765,0.001683,2026-09-24T01:04:31,544f455ddaa0429626e5a8d203fe930228db6736b88d1e1e014914c4c65ee0ef,04_experiment_results,False,False,,
<SOURCE_ROOT>/training_data/results/Step2D/smoke/Step2D_Random_Reference.csv,training_data/results/Step2D/smoke/Step2D_Random_Reference.csv,Step2D_Random_Reference.csv,.csv,437,0.000417,2026-09-24T01:04:31,4f38875234238e80f28c7663a8e7abd315bbba4846452a0b67029294496f5d06,04_experiment_results,False,False,,
<SOURCE_ROOT>/training_data/results/Step2D/smoke/Step2D_Risk_Coverage_Curve.csv,training_data/results/Step2D/smoke/Step2D_Risk_Coverage_Curve.csv,Step2D_Risk_Coverage_Curve.csv,.csv,69943,0.066703,2026-09-24T01:04:31,2ae2b6e9718dc3693edfc3a7759fad47f0f048b8263255cbdd5f9ccb0b2933c7,05_metrics,False,False,,
<SOURCE_ROOT>/training_data/results/Step2D/smoke/Step2D_Risk_Coverage_Smoke.png,training_data/results/Step2D/smoke/Step2D_Risk_Coverage_Smoke.png,Step2D_Risk_Coverage_Smoke.png,.png,17893,0.017064,2026-09-24T01:04:31,96fa34673ff951525893e764bec1447bbf067dfb47f03558d0cb58648d59ae12,05_metrics,False,False,,
<SOURCE_ROOT>/training_data/results/Step2D/smoke/Step2D_Runtime.json,training_data/results/Step2D/smoke/Step2D_Runtime.json,Step2D_Runtime.json,.json,212,0.000202,2026-09-24T01:04:31,cec2f64fd8267bfba349b42e29c187f2baeb9db6ba6744177e8e306764776711,05_metrics,False,False,,
<SOURCE_ROOT>/training_data/results/Step2D/smoke/Step2D_Smoke_Log.log,training_data/results/Step2D/smoke/Step2D_Smoke_Log.log,Step2D_Smoke_Log.log,.log,1052,0.001003,2026-09-24T01:04:34,49887078c415d2c6e30cc8649cc1587fbe4d2df0ca466e86c2910ada3677fb0d,11_logs,False,False,,
<SOURCE_ROOT>/training_data/results/Step2D/smoke/Step2D_Smoke_Summary.xlsx,training_data/results/Step2D/smoke/Step2D_Smoke_Summary.xlsx,Step2D_Smoke_Summary.xlsx,.xlsx,57444,0.054783,2026-09-24T01:04:54,41a526f2080c041abda93134d29e833ec30b3433cfcbc88b7f08e0f0824ead8f,04_experiment_results,False,False,,
<SOURCE_ROOT>/training_data/results/Step2D/smoke/Step2D_Smoke_Summary.xlsx.formula_errors.ndjson,training_data/results/Step2D/smoke/Step2D_Smoke_Summary.xlsx.formula_errors.ndjson,Step2D_Smoke_Summary.xlsx.formula_errors.ndjson,.ndjson,60,5.7e-05,2026-09-24T01:04:52,acc0111e19cf44d2753fc9ecd164bf1b27fbd65597463a25cf48bd1c65e90146,04_experiment_results,False,False,,
<SOURCE_ROOT>/training_data/results/Step2D/smoke/Step2D_Smoke_Summary.xlsx.inspect.ndjson,training_data/results/Step2D/smoke/Step2D_Smoke_Summary.xlsx.inspect.ndjson,Step2D_Smoke_Summary.xlsx.inspect.ndjson,.ndjson,2229173,2.125905,2026-09-24T01:04:54,1c9cc62984a7af2a348023a9009b679dc6ef034ce38ead30a22c754651d97996,04_experiment_results,False,False,,
<SOURCE_ROOT>/training_data/results/Step2E/production.zip,training_data/results/Step2E/production.zip,production.zip,.zip,4155862,3.963339,2026-09-24T11:18:54,fea0f9abbbecea27657a192efee5fcda7233e4472f335822efcc5fc76c9342d4,04_experiment_results,False,False,,
<SOURCE_ROOT>/training_data/results/Step2E/production/.step2e_workbook_payload.json,training_data/results/Step2E/production/.step2e_workbook_payload.json,.step2e_workbook_payload.json,.json,153078,0.145987,2026-09-24T11:16:13,e50dab6e840662f37160c0d3fb7eeec2cc0a16effb41466a6e708eed709c5313,04_experiment_results,False,False,,
<SOURCE_ROOT>/training_data/results/Step2E/production/benchmark_models/GRU_preprocessing.joblib,training_data/results/Step2E/production/benchmark_models/GRU_preprocessing.joblib,GRU_preprocessing.joblib,.joblib,3163,0.003016,2026-09-24T11:10:07,13cf600921686c14df85f957f12989600f3e85810f17a0d64a317c197c91e373,04_experiment_results,False,False,,
<SOURCE_ROOT>/training_data/results/Step2E/production/benchmark_models/GRU_timing_clone.pt,training_data/results/Step2E/production/benchmark_models/GRU_timing_clone.pt,GRU_timing_clone.pt,.pt,24141,0.023023,2026-09-24T11:10:07,4202c2b39d27decfbc0ff87b1e549cf8767c31fffb672b267e7e76c94ad73e01,04_experiment_results,False,False,,
<SOURCE_ROOT>/training_data/results/Step2E/production/benchmark_models/JEV_v1_0_timing_clone.json,training_data/results/Step2E/production/benchmark_models/JEV_v1_0_timing_clone.json,JEV_v1_0_timing_clone.json,.json,3419,0.003261,2026-09-24T11:10:07,7dbdfabcdf25e5d07d6d03734663db1926f1c5889828a9b2d5a156538dcee41e,04_experiment_results,False,False,,
<SOURCE_ROOT>/training_data/results/Step2E/production/benchmark_models/Ridge_timing_clone.joblib,training_data/results/Step2E/production/benchmark_models/Ridge_timing_clone.joblib,Ridge_timing_clone.joblib,.joblib,3401,0.003243,2026-09-24T11:10:07,ff8f54c502193de8a9e4c8b3b0ba1f7f0a49fd339737288f55fea41a70d7c8cd,04_experiment_results,False,False,,
<SOURCE_ROOT>/training_data/results/Step2E/production/benchmark_models/XGBoost_timing_clone.joblib,training_data/results/Step2E/production/benchmark_models/XGBoost_timing_clone.joblib,XGBoost_timing_clone.joblib,.joblib,149233,0.14232,2026-09-24T11:10:07,6d601c5bc94cccb910bffb4581bfb80cde6b04d91914905b0ffee278691c0f22,04_experiment_results,False,False,,
<SOURCE_ROOT>/training_data/results/Step2E/production/Step2E_Common_Feature_Cache.pkl,training_data/results/Step2E/production/Step2E_Common_Feature_Cache.pkl,Step2E_Common_Feature_Cache.pkl,.pkl,27440008,26.168831,2026-09-24T11:08:29,818a56028f31599a57255e6fd5aa8308dd68bac1466e3cbab89ec0b78272f8d2,04_experiment_results,False,False,,
<SOURCE_ROOT>/training_data/results/Step2E/production/Step2E_Common_Feature_Cache_SHA256.json,training_data/results/Step2E/production/Step2E_Common_Feature_Cache_SHA256.json,Step2E_Common_Feature_Cache_SHA256.json,.json,305,0.000291,2026-09-24T11:08:29,35b90b623b2d13c916c071694f3b992e9faa4d90b6488d06ad40070af5f73e37,04_experiment_results,False,False,,
<SOURCE_ROOT>/training_data/results/Step2E/production/Step2E_Fitting_Time.csv,training_data/results/Step2E/production/Step2E_Fitting_Time.csv,Step2E_Fitting_Time.csv,.csv,1043,0.000995,2026-09-24T11:16:13,7f2fe84475a2176766de6db21bef6d78233f5cfce330c7f86fd79d4527ff9e39,04_experiment_results,False,False,,
<SOURCE_ROOT>/training_data/results/Step2E/production/Step2E_Inference_Latency.csv,training_data/results/Step2E/production/Step2E_Inference_Latency.csv,Step2E_Inference_Latency.csv,.csv,20204,0.019268,2026-09-24T11:16:13,4c1d59e81b9b8eda67d56fbc81c757b72fae3b2c534e4e9472a2d3d5a3bfe9f3,05_metrics,False,True,,
<SOURCE_ROOT>/training_data/results/Step2E/production/Step2E_Integrity_Audit.json,training_data/results/Step2E/production/Step2E_Integrity_Audit.json,Step2E_Integrity_Audit.json,.json,2054,0.001959,2026-09-24T11:16:13,76ba0547cd1f830d3e7de72bbcbf74e496e548eed9459a291efa2f811d7baa17,04_experiment_results,False,False,,
<SOURCE_ROOT>/training_data/results/Step2E/production/Step2E_Memory.csv,training_data/results/Step2E/production/Step2E_Memory.csv,Step2E_Memory.csv,.csv,10514,0.010027,2026-09-24T11:16:13,6a888921070f2cbaa27ec5a388524d406fa7f38a697575f6ec83ba9ca455f564,04_experiment_results,False,False,,
<SOURCE_ROOT>/training_data/results/Step2E/production/Step2E_Method_Efficiency_Summary.csv,training_data/results/Step2E/production/Step2E_Method_Efficiency_Summary.csv,Step2E_Method_Efficiency_Summary.csv,.csv,2114,0.002016,2026-09-24T11:16:13,1d34d2e433e9453ec91a439aaef51b051f1980aba6a323095413595b60e1b53f,04_experiment_results,False,True,,
<SOURCE_ROOT>/training_data/results/Step2E/production/Step2E_Model_Size.csv,training_data/results/Step2E/production/Step2E_Model_Size.csv,Step2E_Model_Size.csv,.csv,874,0.000834,2026-09-24T11:16:13,6ca6b2d4da227d4f4b9926709c0baec1f7f43d855138d0837af49f13aee038a5,09_model_outputs,False,True,,
<SOURCE_ROOT>/training_data/results/Step2E/production/Step2E_Pareto_Analysis.csv,training_data/results/Step2E/production/Step2E_Pareto_Analysis.csv,Step2E_Pareto_Analysis.csv,.csv,1157,0.001103,2026-09-24T11:16:13,4ae8594fcb09d83df0f9d230f84b12b52cd9483615cde724b1da030831e56d59,05_metrics,False,True,,
<SOURCE_ROOT>/training_data/results/Step2E/production/STEP2E_PRODUCTION_COMPLETE.json,training_data/results/Step2E/production/STEP2E_PRODUCTION_COMPLETE.json,STEP2E_PRODUCTION_COMPLETE.json,.json,121,0.000115,2026-09-24T11:16:16,68a112879683add0dffe131b36e8824d918b23c496a8b86c58c3e2bf4fb13eb6,04_experiment_results,False,False,,
<SOURCE_ROOT>/training_data/results/Step2E/production/Step2E_Production_Log.log,training_data/results/Step2E/production/Step2E_Production_Log.log,Step2E_Production_Log.log,.log,17646,0.016829,2026-09-24T11:16:16,80c28cda27cd343fed20460d35f27f4e05341e6cec4f957a4138b2a1adecafc3,11_logs,False,False,,
<SOURCE_ROOT>/training_data/results/Step2E/production/Step2E_QC.json,training_data/results/Step2E/production/Step2E_QC.json,Step2E_QC.json,.json,593,0.000566,2026-09-24T11:16:13,05beb43bd4bcdfa3613737701157f40f4fe6ff75a8a0d73bf1cee2e352ac166d,04_experiment_results,False,False,,
<SOURCE_ROOT>/training_data/results/Step2E/production/Step2E_Regret_Latency_SourceData.csv,training_data/results/Step2E/production/Step2E_Regret_Latency_SourceData.csv,Step2E_Regret_Latency_SourceData.csv,.csv,1157,0.001103,2026-09-24T11:16:13,4ae8594fcb09d83df0f9d230f84b12b52cd9483615cde724b1da030831e56d59,05_metrics,False,True,,
<SOURCE_ROOT>/training_data/results/Step2E/production/Step2E_Results.xlsx,training_data/results/Step2E/production/Step2E_Results.xlsx,Step2E_Results.xlsx,.xlsx,39810,0.037966,2026-09-24T11:16:16,d0d04fd37ebaf466e471230b5ed488043f1c6dba254aa4b6b7bcfe5698eb3128,04_experiment_results,False,False,,
<SOURCE_ROOT>/training_data/results/Step2E/production/Step2E_Results.xlsx.formula_errors.ndjson,training_data/results/Step2E/production/Step2E_Results.xlsx.formula_errors.ndjson,Step2E_Results.xlsx.formula_errors.ndjson,.ndjson,60,5.7e-05,2026-09-24T11:16:15,acc0111e19cf44d2753fc9ecd164bf1b27fbd65597463a25cf48bd1c65e90146,04_experiment_results,False,False,,
<SOURCE_ROOT>/training_data/results/Step2E/production/Step2E_Results.xlsx.inspect.ndjson,training_data/results/Step2E/production/Step2E_Results.xlsx.inspect.ndjson,Step2E_Results.xlsx.inspect.ndjson,.ndjson,1389074,1.324724,2026-09-24T11:16:16,bd90c989bb25bdca506afc537484ded996d8e46f51bb64b1cf05b6c0b6f886af,04_experiment_results,False,False,,
<SOURCE_ROOT>/training_data/results/Step2E/production/Step2E_Runtime.json,training_data/results/Step2E/production/Step2E_Runtime.json,Step2E_Runtime.json,.json,201,0.000192,2026-09-24T11:16:13,ba946b29fd5cb093243f3108d27d85fd2983e39fb8bfd3e3d2e56aa4db5ac749,05_metrics,False,False,,
<SOURCE_ROOT>/training_data/results/Step2E/production/Step2E_Speedup_Ratios.csv,training_data/results/Step2E/production/Step2E_Speedup_Ratios.csv,Step2E_Speedup_Ratios.csv,.csv,527,0.000503,2026-09-24T11:16:13,f54d71c7a55ce918bc8cbd1157bdb46668453199126c7126d5531aa9ab3dcbaa,04_experiment_results,False,False,,
<SOURCE_ROOT>/training_data/results/Step2E/production/Step2E_Throughput.csv,training_data/results/Step2E/production/Step2E_Throughput.csv,Step2E_Throughput.csv,.csv,368,0.000351,2026-09-24T11:16:13,d53bf20bb1935dcc91754fad99811ed11b188b31121abb42feb842443846f947,05_metrics,False,True,,
<SOURCE_ROOT>/training_data/results/Step2E/production/workbook_previews/CONFIG.png,training_data/results/Step2E/production/workbook_previews/CONFIG.png,CONFIG.png,.png,129730,0.12372,2026-09-24T11:16:15,feb34e456e8272d0ca4c192cbb4406b32c7b9760543982e6558d2c48ace374af,10_configs,False,False,,
<SOURCE_ROOT>/training_data/results/Step2E/production/workbook_previews/ENVIRONMENT.png,training_data/results/Step2E/production/workbook_previews/ENVIRONMENT.png,ENVIRONMENT.png,.png,14733,0.01405,2026-09-24T11:16:15,1da75add0381f5f5e997b6606cb72bace62646bd42317a63217760d43c18f3b9,04_experiment_results,False,True,,
<SOURCE_ROOT>/training_data/results/Step2E/production/workbook_previews/FAIRNESS_PROTOCOL.png,training_data/results/Step2E/production/workbook_previews/FAIRNESS_PROTOCOL.png,FAIRNESS_PROTOCOL.png,.png,13990,0.013342,2026-09-24T11:16:15,b586f4aea45c2577229e1debdbb2ac9731fb08be298c4b3cf9aea134e66f5e5f,04_experiment_results,False,True,,
<SOURCE_ROOT>/training_data/results/Step2E/production/workbook_previews/FITTING_TIME.png,training_data/results/Step2E/production/workbook_previews/FITTING_TIME.png,FITTING_TIME.png,.png,78367,0.074737,2026-09-24T11:16:15,d81d1ec2b346a7b73b694ececccc57889a620810bc1df6645ae2e79b03f40b6f,04_experiment_results,False,False,,
<SOURCE_ROOT>/training_data/results/Step2E/production/workbook_previews/INFERENCE_LATENCY.png,training_data/results/Step2E/production/workbook_previews/INFERENCE_LATENCY.png,INFERENCE_LATENCY.png,.png,242734,0.231489,2026-09-24T11:16:15,6020ebc7027cfdcdebb8818de511663a843858f2343f252d450f675e21b38b3a,05_metrics,False,False,,
<SOURCE_ROOT>/training_data/results/Step2E/production/workbook_previews/INTEGRITY.png,training_data/results/Step2E/production/workbook_previews/INTEGRITY.png,INTEGRITY.png,.png,5184,0.004944,2026-09-24T11:16:15,6c2e0ac1420b33db2190f16681458e1821d24162cec09d9ea9d7f028547422c8,04_experiment_results,False,False,,
<SOURCE_ROOT>/training_data/results/Step2E/production/workbook_previews/MEMORY.png,training_data/results/Step2E/production/workbook_previews/MEMORY.png,MEMORY.png,.png,176491,0.168315,2026-09-24T11:16:15,f9a3fc51014f64a2e88c8db7585166a27d093670c57e6ee2dd4dba9942441ca1,04_experiment_results,False,False,,
<SOURCE_ROOT>/training_data/results/Step2E/production/workbook_previews/METHOD_SUMMARY.png,training_data/results/Step2E/production/workbook_previews/METHOD_SUMMARY.png,METHOD_SUMMARY.png,.png,87042,0.08301,2026-09-24T11:16:15,671f50e73cd4975381cab20cc379bf97c183ffac0075f2fda0f8abc26be50e99,04_experiment_results,False,False,,
<SOURCE_ROOT>/training_data/results/Step2E/production/workbook_previews/MODEL_SIZE.png,training_data/results/Step2E/production/workbook_previews/MODEL_SIZE.png,MODEL_SIZE.png,.png,50294,0.047964,2026-09-24T11:16:15,47b86e694de2b33930325f9c40907e473b7fed5dccfe6b14e39ce13db1789395,09_model_outputs,False,False,,
<SOURCE_ROOT>/training_data/results/Step2E/production/workbook_previews/PARETO.png,training_data/results/Step2E/production/workbook_previews/PARETO.png,PARETO.png,.png,59274,0.056528,2026-09-24T11:16:15,e9255b78bacb2ea97e35c2ae149ca8851ab909f601ff58fa92a41a23db686d1c,05_metrics,False,False,,
<SOURCE_ROOT>/training_data/results/Step2E/production/workbook_previews/QC.png,training_data/results/Step2E/production/workbook_previews/QC.png,QC.png,.png,38531,0.036746,2026-09-24T11:16:15,ea2d4965c8d53eb2e3f07acaae9210963ff816fbda0f5e426d0fc107ebaa3468,04_experiment_results,False,False,,
<SOURCE_ROOT>/training_data/results/Step2E/production/workbook_previews/README.png,training_data/results/Step2E/production/workbook_previews/README.png,README.png,.png,21178,0.020197,2026-09-24T11:16:15,66d31ac57d944f04a6870991febc5a8641c63f89a3cd7c1fd983a5c734c79ca8,04_experiment_results,False,False,,
<SOURCE_ROOT>/training_data/results/Step2E/production/workbook_previews/REGRET_LATENCY.png,training_data/results/Step2E/production/workbook_previews/REGRET_LATENCY.png,REGRET_LATENCY.png,.png,60535,0.057731,2026-09-24T11:16:15,31d0ff2a9431619225654dfcec63ea0ada7fd2ba68b6590f1b544713d3ef9906,05_metrics,False,False,,
<SOURCE_ROOT>/training_data/results/Step2E/production/workbook_previews/RUNTIME.png,training_data/results/Step2E/production/workbook_previews/RUNTIME.png,RUNTIME.png,.png,6700,0.00639,2026-09-24T11:16:15,94e60df7a5fc30dc7a4fe2e8c42e4c30507e9d753363dc9c836c30a6ba3c13b6,05_metrics,False,False,,
<SOURCE_ROOT>/training_data/results/Step2E/production/workbook_previews/THROUGHPUT.png,training_data/results/Step2E/production/workbook_previews/THROUGHPUT.png,THROUGHPUT.png,.png,27971,0.026675,2026-09-24T11:16:15,b120c5ef7b73d5bebb82121a921aae312c5c7b6ee73bcb9f58f0296c0c5f2165,05_metrics,False,False,,
<SOURCE_ROOT>/training_data/results/Step2E/smoke/.step2e_workbook_payload.json,training_data/results/Step2E/smoke/.step2e_workbook_payload.json,.step2e_workbook_payload.json,.json,39252,0.037434,2026-09-24T10:51:14,bad65bd6d94c890faa793cce2d82e357a7a137858181f6c35a0ccd448b7b020d,04_experiment_results,False,False,,
<SOURCE_ROOT>/training_data/results/Step2E/smoke/benchmark_models/GRU_preprocessing.joblib,training_data/results/Step2E/smoke/benchmark_models/GRU_preprocessing.joblib,GRU_preprocessing.joblib,.joblib,3163,0.003016,2026-09-24T10:46:49,b1a21779e82b09e465f0aa910061f9b576e3c693a5ca857b8886388309d610dd,04_experiment_results,False,False,,
<SOURCE_ROOT>/training_data/results/Step2E/smoke/benchmark_models/GRU_timing_clone.pt,training_data/results/Step2E/smoke/benchmark_models/GRU_timing_clone.pt,GRU_timing_clone.pt,.pt,24141,0.023023,2026-09-24T10:46:49,2b3f6a0d1f19086fb3dd4a2ef848f06fb952a519b3953f6986e5702120d4d2cb,04_experiment_results,False,False,,
<SOURCE_ROOT>/training_data/results/Step2E/smoke/benchmark_models/JEV_v1_0_timing_clone.json,training_data/results/Step2E/smoke/benchmark_models/JEV_v1_0_timing_clone.json,JEV_v1_0_timing_clone.json,.json,3405,0.003247,2026-09-24T10:46:49,8b48cdbc0fad12ec88dd3eba0889c0789117f9bf1f3221c481339a7e56aeb72f,04_experiment_results,False,False,,
<SOURCE_ROOT>/training_data/results/Step2E/smoke/benchmark_models/Ridge_timing_clone.joblib,training_data/results/Step2E/smoke/benchmark_models/Ridge_timing_clone.joblib,Ridge_timing_clone.joblib,.joblib,3401,0.003243,2026-09-24T10:46:49,1a2850700f5822668977f2ea031a25a01700685bb5475769d53eae9f96a2ee26,04_experiment_results,False,False,,
<SOURCE_ROOT>/training_data/results/Step2E/smoke/benchmark_models/XGBoost_timing_clone.joblib,training_data/results/Step2E/smoke/benchmark_models/XGBoost_timing_clone.joblib,XGBoost_timing_clone.joblib,.joblib,149443,0.14252,2026-09-24T10:46:49,5413a6685952610714639e95a818bab9fd627a759c855afe2ec5c6effe0b8ed9,04_experiment_results,False,False,,
<SOURCE_ROOT>/training_data/results/Step2E/smoke/Step2E_Common_Feature_Cache.pkl,training_data/results/Step2E/smoke/Step2E_Common_Feature_Cache.pkl,Step2E_Common_Feature_Cache.pkl,.pkl,1579125,1.505971,2026-09-24T10:46:39,885ea025730aaeffa56baec74020584bdc63a9a2d1bc88138264f2de3f9cc53e,04_experiment_results,False,False,,
<SOURCE_ROOT>/training_data/results/Step2E/smoke/Step2E_Common_Feature_Cache_SHA256.json,training_data/results/Step2E/smoke/Step2E_Common_Feature_Cache_SHA256.json,Step2E_Common_Feature_Cache_SHA256.json,.json,300,0.000286,2026-09-24T10:46:39,fecffec49835a210cc62f8ad8d702abd163a4ba10c5ceaff58188786c2fa09de,04_experiment_results,False,False,,
<SOURCE_ROOT>/training_data/results/Step2E/smoke/Step2E_Integrity_Audit.json,training_data/results/Step2E/smoke/Step2E_Integrity_Audit.json,Step2E_Integrity_Audit.json,.json,407,0.000388,2026-09-24T10:51:14,7bda38ccbf640cd4a1b6b5115552c60cfff0a0173f21010b365598770861223d,04_experiment_results,False,False,,
<SOURCE_ROOT>/training_data/results/Step2E/smoke/Step2E_Smoke_Efficiency_Report.xlsx,training_data/results/Step2E/smoke/Step2E_Smoke_Efficiency_Report.xlsx,Step2E_Smoke_Efficiency_Report.xlsx,.xlsx,20407,0.019462,2026-09-24T10:49:03,55fc6c8a7ea28f222139a347beece588ca4d2c883df85fe6843dc449d9beafc1,04_experiment_results,False,False,,
<SOURCE_ROOT>/training_data/results/Step2E/smoke/Step2E_Smoke_Efficiency_Report.xlsx.formula_errors.ndjson,training_data/results/Step2E/smoke/Step2E_Smoke_Efficiency_Report.xlsx.formula_errors.ndjson,Step2E_Smoke_Efficiency_Report.xlsx.formula_errors.ndjson,.ndjson,60,5.7e-05,2026-09-24T10:49:02,acc0111e19cf44d2753fc9ecd164bf1b27fbd65597463a25cf48bd1c65e90146,04_experiment_results,False,False,,
<SOURCE_ROOT>/training_data/results/Step2E/smoke/Step2E_Smoke_Efficiency_Report.xlsx.inspect.ndjson,training_data/results/Step2E/smoke/Step2E_Smoke_Efficiency_Report.xlsx.inspect.ndjson,Step2E_Smoke_Efficiency_Report.xlsx.inspect.ndjson,.ndjson,309462,0.295126,2026-09-24T10:49:03,309827d6213a7b7b65afe767d57e7d443a52a2703f832baa23442af962436efd,04_experiment_results,False,False,,
<SOURCE_ROOT>/training_data/results/Step2E/smoke/Step2E_Smoke_Fitting_Time.csv,training_data/results/Step2E/smoke/Step2E_Smoke_Fitting_Time.csv,Step2E_Smoke_Fitting_Time.csv,.csv,460,0.000439,2026-09-24T10:46:56,8c44f4b7f6c69399e683fb4edd95fdf7dd46601438b8a6de398d6b8638ae987e,04_experiment_results,False,False,,
<SOURCE_ROOT>/training_data/results/Step2E/smoke/Step2E_Smoke_Inference_Latency.csv,training_data/results/Step2E/smoke/Step2E_Smoke_Inference_Latency.csv,Step2E_Smoke_Inference_Latency.csv,.csv,3530,0.003366,2026-09-24T10:46:56,88050a4984a444ab7dd99a2cdf2b4ea11b43f4441a292d63f03dd2eabf5ff58b,05_metrics,False,False,,
<SOURCE_ROOT>/training_data/results/Step2E/smoke/Step2E_Smoke_Integrity_Check.json,training_data/results/Step2E/smoke/Step2E_Smoke_Integrity_Check.json,Step2E_Smoke_Integrity_Check.json,.json,2106,0.002008,2026-09-24T10:46:56,351af5dda720429517730505e2caf61f8de8d3dbf7684203c98911b89ead9b15,04_experiment_results,False,False,,
<SOURCE_ROOT>/training_data/results/Step2E/smoke/Step2E_Smoke_Log.log,training_data/results/Step2E/smoke/Step2E_Smoke_Log.log,Step2E_Smoke_Log.log,.log,21670,0.020666,2026-09-24T10:51:14,e33446eebad621f17e7803655556b26655d9dc5577d2f2d9b6f6c7a734e5e0e7,11_logs,False,False,,
<SOURCE_ROOT>/training_data/results/Step2E/smoke/Step2E_Smoke_Log.txt,training_data/results/Step2E/smoke/Step2E_Smoke_Log.txt,Step2E_Smoke_Log.txt,.txt,21670,0.020666,2026-09-24T10:48:00,e33446eebad621f17e7803655556b26655d9dc5577d2f2d9b6f6c7a734e5e0e7,11_logs,False,False,,
<SOURCE_ROOT>/training_data/results/Step2E/smoke/Step2E_Smoke_Memory.csv,training_data/results/Step2E/smoke/Step2E_Smoke_Memory.csv,Step2E_Smoke_Memory.csv,.csv,1340,0.001278,2026-09-24T10:51:14,8e575a9fad97b7a328e774ec2d066c2358d49aab823671d33424136cc6238f51,04_experiment_results,False,False,,
<SOURCE_ROOT>/training_data/results/Step2E/smoke/Step2E_Smoke_Memory_Profile.csv,training_data/results/Step2E/smoke/Step2E_Smoke_Memory_Profile.csv,Step2E_Smoke_Memory_Profile.csv,.csv,1340,0.001278,2026-09-24T10:46:56,8e575a9fad97b7a328e774ec2d066c2358d49aab823671d33424136cc6238f51,04_experiment_results,False,False,,
<SOURCE_ROOT>/training_data/results/Step2E/smoke/Step2E_Smoke_Method_Efficiency.csv,training_data/results/Step2E/smoke/Step2E_Smoke_Method_Efficiency.csv,Step2E_Smoke_Method_Efficiency.csv,.csv,1877,0.00179,2026-09-24T10:51:14,517ea00ec14545d78ae0520812e5e5dc886234bbb8b23bbe3ad0ae8c168f4360,04_experiment_results,False,False,,
<SOURCE_ROOT>/training_data/results/Step2E/smoke/Step2E_Smoke_Method_Efficiency_Summary.csv,training_data/results/Step2E/smoke/Step2E_Smoke_Method_Efficiency_Summary.csv,Step2E_Smoke_Method_Efficiency_Summary.csv,.csv,1903,0.001815,2026-09-24T10:46:56,05b1d0d9192a512c8c3275976ee9e84739c8178d95df4ce0dfe19c8a7359d287,04_experiment_results,False,False,,
<SOURCE_ROOT>/training_data/results/Step2E/smoke/Step2E_Smoke_Model_Size.csv,training_data/results/Step2E/smoke/Step2E_Smoke_Model_Size.csv,Step2E_Smoke_Model_Size.csv,.csv,855,0.000815,2026-09-24T10:51:14,c75db4134a755d232a63861b1cd97eaa27ba6d62f0f991e4c03f1599d295a67b,09_model_outputs,False,False,,
<SOURCE_ROOT>/training_data/results/Step2E/smoke/Step2E_Smoke_Pareto_Frontier.csv,training_data/results/Step2E/smoke/Step2E_Smoke_Pareto_Frontier.csv,Step2E_Smoke_Pareto_Frontier.csv,.csv,502,0.000479,2026-09-24T10:46:56,bf42d917b66f719811a3b8579dce678d0530648419d152422b2f522496d298c0,05_metrics,False,False,,
<SOURCE_ROOT>/training_data/results/Step2E/smoke/Step2E_Smoke_QC.json,training_data/results/Step2E/smoke/Step2E_Smoke_QC.json,Step2E_Smoke_QC.json,.json,1551,0.001479,2026-09-24T10:51:14,bf62f118f56bdfa8e2d592ea949e9b24a8d935d99ebf0c6c02603dde9ff9e7d8,04_experiment_results,False,False,,
<SOURCE_ROOT>/training_data/results/Step2E/smoke/Step2E_Smoke_Regret_Latency_Source_Data.csv,training_data/results/Step2E/smoke/Step2E_Smoke_Regret_Latency_Source_Data.csv,Step2E_Smoke_Regret_Latency_Source_Data.csv,.csv,502,0.000479,2026-09-24T10:46:56,bf42d917b66f719811a3b8579dce678d0530648419d152422b2f522496d298c0,05_metrics,False,False,,
<SOURCE_ROOT>/training_data/results/Step2E/smoke/Step2E_Smoke_Regret_Latency_SourceData.csv,training_data/results/Step2E/smoke/Step2E_Smoke_Regret_Latency_SourceData.csv,Step2E_Smoke_Regret_Latency_SourceData.csv,.csv,1079,0.001029,2026-09-24T10:51:14,5440fb3f5a1b1a7b55a9001fa760a2628596703964a951cf04d9e77c5742911a,05_metrics,False,False,,
<SOURCE_ROOT>/training_data/results/Step2E/smoke/Step2E_Smoke_Runtime.json,training_data/results/Step2E/smoke/Step2E_Smoke_Runtime.json,Step2E_Smoke_Runtime.json,.json,204,0.000195,2026-09-24T10:46:56,01011a45d2d52f6e2670690b757749f8152df2111536d761dc0d9794affeb452,05_metrics,False,False,,
<SOURCE_ROOT>/training_data/results/Step2E/smoke/Step2E_Smoke_Speedup_Ratios.csv,training_data/results/Step2E/smoke/Step2E_Smoke_Speedup_Ratios.csv,Step2E_Smoke_Speedup_Ratios.csv,.csv,525,0.000501,2026-09-24T10:46:56,984c95eff6ae87591bbb7a853a1c5e208d80d51649c735e1431723a4f3df5b31,04_experiment_results,False,False,,
<SOURCE_ROOT>/training_data/results/Step2E/smoke/Step2E_Smoke_Summary.xlsx,training_data/results/Step2E/smoke/Step2E_Smoke_Summary.xlsx,Step2E_Smoke_Summary.xlsx,.xlsx,20910,0.019941,2026-09-24T10:51:16,34f7bf4caaeb0c60f5f7e99eb22d0d8f00c06f995a942f2d644cf64a09697e38,04_experiment_results,False,False,,
<SOURCE_ROOT>/training_data/results/Step2E/smoke/Step2E_Smoke_Summary.xlsx.formula_errors.ndjson,training_data/results/Step2E/smoke/Step2E_Smoke_Summary.xlsx.formula_errors.ndjson,Step2E_Smoke_Summary.xlsx.formula_errors.ndjson,.ndjson,60,5.7e-05,2026-09-24T10:51:15,acc0111e19cf44d2753fc9ecd164bf1b27fbd65597463a25cf48bd1c65e90146,04_experiment_results,False,False,,
<SOURCE_ROOT>/training_data/results/Step2E/smoke/Step2E_Smoke_Summary.xlsx.inspect.ndjson,training_data/results/Step2E/smoke/Step2E_Smoke_Summary.xlsx.inspect.ndjson,Step2E_Smoke_Summary.xlsx.inspect.ndjson,.ndjson,370890,0.353708,2026-09-24T10:51:16,ac287dd5b603270076b6f848794b520afdb15a14d03e5fa3f30a3fe8ef5ec7f1,04_experiment_results,False,False,,
<SOURCE_ROOT>/training_data/results/Step2E/smoke/Step2E_Smoke_Throughput.csv,training_data/results/Step2E/smoke/Step2E_Smoke_Throughput.csv,Step2E_Smoke_Throughput.csv,.csv,368,0.000351,2026-09-24T10:46:56,6e1e668d386c7cb0872018118327fb5e682ab85116d8d83ff0dbf8cd6a2a1a0f,05_metrics,False,False,,
<SOURCE_ROOT>/training_data/results/Step2E/smoke/workbook_previews/CONFIG.png,training_data/results/Step2E/smoke/workbook_previews/CONFIG.png,CONFIG.png,.png,122573,0.116895,2026-09-24T10:49:02,32a0b3e7eef556b6ff07a12e324dddcba6d3de552d887ef5219c8859aa0415de,10_configs,False,False,,
<SOURCE_ROOT>/training_data/results/Step2E/smoke/workbook_previews/ENVIRONMENT.png,training_data/results/Step2E/smoke/workbook_previews/ENVIRONMENT.png,ENVIRONMENT.png,.png,14733,0.01405,2026-09-24T10:49:02,1da75add0381f5f5e997b6606cb72bace62646bd42317a63217760d43c18f3b9,04_experiment_results,False,True,,
<SOURCE_ROOT>/training_data/results/Step2E/smoke/workbook_previews/FAIRNESS_PROTOCOL.png,training_data/results/Step2E/smoke/workbook_previews/FAIRNESS_PROTOCOL.png,FAIRNESS_PROTOCOL.png,.png,13990,0.013342,2026-09-24T10:49:02,b586f4aea45c2577229e1debdbb2ac9731fb08be298c4b3cf9aea134e66f5e5f,04_experiment_results,False,True,,
<SOURCE_ROOT>/training_data/results/Step2E/smoke/workbook_previews/FITTING_TIME.png,training_data/results/Step2E/smoke/workbook_previews/FITTING_TIME.png,FITTING_TIME.png,.png,36045,0.034375,2026-09-24T10:51:15,170f84e933a9cfc676d6c11774a6cdd5571116d246a41ceca67ccd00f65f704f,04_experiment_results,False,False,,
<SOURCE_ROOT>/training_data/results/Step2E/smoke/workbook_previews/INFERENCE_LATENCY.png,training_data/results/Step2E/smoke/workbook_previews/INFERENCE_LATENCY.png,INFERENCE_LATENCY.png,.png,211926,0.202108,2026-09-24T10:51:15,576f991632a43e61d8f780ce34ffc39bba1a9b144159859b56e53025c9d08ca7,05_metrics,False,False,,
<SOURCE_ROOT>/training_data/results/Step2E/smoke/workbook_previews/INTEGRITY.png,training_data/results/Step2E/smoke/workbook_previews/INTEGRITY.png,INTEGRITY.png,.png,31423,0.029967,2026-09-24T10:51:16,4ff0550de691ebad43db244a7b1b770f21875264782278e76610776f6732ac3b,04_experiment_results,False,False,,
<SOURCE_ROOT>/training_data/results/Step2E/smoke/workbook_previews/ISSUES.png,training_data/results/Step2E/smoke/workbook_previews/ISSUES.png,ISSUES.png,.png,4012,0.003826,2026-09-24T10:49:02,93eee2ffef7f14ac88a4c7979d9564452552aec80ba9e324700ab0bd098e1333,04_experiment_results,False,False,,
<SOURCE_ROOT>/training_data/results/Step2E/smoke/workbook_previews/MEMORY.png,training_data/results/Step2E/smoke/workbook_previews/MEMORY.png,MEMORY.png,.png,109776,0.104691,2026-09-24T10:51:15,8f55bec680471cd4a1ee6bd39deaf1d46825a1602f058f2fc88cba6f3eedc0fa,04_experiment_results,False,False,,
<SOURCE_ROOT>/training_data/results/Step2E/smoke/workbook_previews/METHOD_SUMMARY.png,training_data/results/Step2E/smoke/workbook_previews/METHOD_SUMMARY.png,METHOD_SUMMARY.png,.png,81014,0.077261,2026-09-24T10:51:15,7304ace6d31f2549d1e2370f4d20953508da1bd7443e2ad5c67f25e766ac8f75,04_experiment_results,False,False,,
<SOURCE_ROOT>/training_data/results/Step2E/smoke/workbook_previews/MODEL_SIZE.png,training_data/results/Step2E/smoke/workbook_previews/MODEL_SIZE.png,MODEL_SIZE.png,.png,50516,0.048176,2026-09-24T10:51:16,e2223fd6c42562c7213781bd00396302592bb8bacb2eeff736a057befb1d0d0d,09_model_outputs,False,False,,
<SOURCE_ROOT>/training_data/results/Step2E/smoke/workbook_previews/PARETO.png,training_data/results/Step2E/smoke/workbook_previews/PARETO.png,PARETO.png,.png,55477,0.052907,2026-09-24T10:51:16,7bdc12f616ed1cae7d140cbaf99cd86750798796d41142c8806057d2f375bd3c,05_metrics,False,False,,
<SOURCE_ROOT>/training_data/results/Step2E/smoke/workbook_previews/PARETO_FRONTIER.png,training_data/results/Step2E/smoke/workbook_previews/PARETO_FRONTIER.png,PARETO_FRONTIER.png,.png,36927,0.035216,2026-09-24T10:49:02,f6995f5b1a2f2a7e5bae6bd40bf52772beb1c3538fc22b9b1ec2e3ed0bdd024a,05_metrics,False,False,,
<SOURCE_ROOT>/training_data/results/Step2E/smoke/workbook_previews/QC.png,training_data/results/Step2E/smoke/workbook_previews/QC.png,QC.png,.png,60130,0.057344,2026-09-24T10:51:16,52088f0db759bbf0257d2987e6fddb9e3aca5bf136fb84df1dd0d855fb4c0900,04_experiment_results,False,False,,
<SOURCE_ROOT>/training_data/results/Step2E/smoke/workbook_previews/README.png,training_data/results/Step2E/smoke/workbook_previews/README.png,README.png,.png,22900,0.021839,2026-09-24T10:51:15,90ef11e6af36053fa5b4c991c27ddec056a2940a016a4607642f982fba16094f,04_experiment_results,False,False,,
<SOURCE_ROOT>/training_data/results/Step2E/smoke/workbook_previews/REGRET_LATENCY.png,training_data/results/Step2E/smoke/workbook_previews/REGRET_LATENCY.png,REGRET_LATENCY.png,.png,56564,0.053944,2026-09-24T10:51:16,ea350ebae0d9b25d80ab2f35e4d432c42e945c5842698524506dbf272a8182d2,05_metrics,False,False,,
<SOURCE_ROOT>/training_data/results/Step2E/smoke/workbook_previews/RUNTIME.png,training_data/results/Step2E/smoke/workbook_previews/RUNTIME.png,RUNTIME.png,.png,13904,0.01326,2026-09-24T10:51:16,12f82a2adbcba30f558169936d6290e69fdc0d6ef927d46fedd5d9dad20f78e8,05_metrics,False,False,,
<SOURCE_ROOT>/training_data/results/Step2E/smoke/workbook_previews/SPEEDUP_RATIOS.png,training_data/results/Step2E/smoke/workbook_previews/SPEEDUP_RATIOS.png,SPEEDUP_RATIOS.png,.png,32952,0.031425,2026-09-24T10:49:02,e0d34a3a28b4071f39ecd0f2274a6cc85b1febcd7ef4b1efd3947ac240e92f1a,04_experiment_results,False,False,,
<SOURCE_ROOT>/training_data/results/Step2E/smoke/workbook_previews/THROUGHPUT.png,training_data/results/Step2E/smoke/workbook_previews/THROUGHPUT.png,THROUGHPUT.png,.png,27552,0.026276,2026-09-24T10:51:15,10a836b8a7d215530d64b9cef301db806f4c9368783d4e3ddc33511b58081ec4,05_metrics,False,False,,
<SOURCE_ROOT>/training_data/results/Step2F/production.zip,training_data/results/Step2F/production.zip,production.zip,.zip,2301950,2.195311,2026-09-24T12:05:07,0ddcd37548ea0f90729e82d73d967ae310521838a239038528d66c6b0b6ec758,04_experiment_results,False,False,,
<SOURCE_ROOT>/training_data/results/Step2F/production/.step2f_artifact_marker_recorded,training_data/results/Step2F/production/.step2f_artifact_marker_recorded,.step2f_artifact_marker_recorded,,8,8e-06,2026-09-24T11:47:37,3d96a458120e68868ccca6bad66be3fc8df4627a6b7372d69b98d3ba7688774d,04_experiment_results,False,False,,
<SOURCE_ROOT>/training_data/results/Step2F/production/.step2f_gru_candidate_cache.csv,training_data/results/Step2F/production/.step2f_gru_candidate_cache.csv,.step2f_gru_candidate_cache.csv,.csv,440639,0.420226,2026-09-24T11:47:37,a0b06d91e4e77afa05d5cb679e89841dcea2d9decd02e4cf03b50fc485a65eed,04_experiment_results,False,False,,
<SOURCE_ROOT>/training_data/results/Step2F/production/.step2f_workbook_payload.json,training_data/results/Step2F/production/.step2f_workbook_payload.json,.step2f_workbook_payload.json,.json,559505,0.533586,2026-09-24T11:47:37,7a41e76124beb99bb58512569e6fa030658748dae9511d82e43348328d824a2e,04_experiment_results,False,False,,
<SOURCE_ROOT>/training_data/results/Step2F/production/Step2F_Downstream_Model_Audit.json,training_data/results/Step2F/production/Step2F_Downstream_Model_Audit.json,Step2F_Downstream_Model_Audit.json,.json,602,0.000574,2026-09-24T11:47:37,1d1e8a3e73156fb9773861452d4d513d650263eda6a9802e4c74685d794a28a9,04_experiment_results,False,True,,
<SOURCE_ROOT>/training_data/results/Step2F/production/Step2F_Downstream_Predictions.csv,training_data/results/Step2F/production/Step2F_Downstream_Predictions.csv,Step2F_Downstream_Predictions.csv,.csv,2868598,2.735708,2026-09-24T11:47:37,f0f95a5380f5b1b90185f44d35d90e67f309465c89b4ab93259b55d8ff0c8f75,09_model_outputs,False,False,,
<SOURCE_ROOT>/training_data/results/Step2F/production/Step2F_Error_Tail_Summary.csv,training_data/results/Step2F/production/Step2F_Error_Tail_Summary.csv,Step2F_Error_Tail_Summary.csv,.csv,736,0.000702,2026-09-24T11:47:37,621d065558f8505613ed92fa3c40886a32b51d2cd3fbf5e8624a9e51da2eea02,04_experiment_results,False,False,,
<SOURCE_ROOT>/training_data/results/Step2F/production/Step2F_Independent_Evaluator_Audit.json,training_data/results/Step2F/production/Step2F_Independent_Evaluator_Audit.json,Step2F_Independent_Evaluator_Audit.json,.json,686,0.000654,2026-09-24T11:47:37,3b521721d4a9c34f27f43cd35443c06cb53ca0de12128fe48195bea2e562a616,04_experiment_results,False,False,,
<SOURCE_ROOT>/training_data/results/Step2F/production/Step2F_Independent_Evaluator_Sensitivity.csv,training_data/results/Step2F/production/Step2F_Independent_Evaluator_Sensitivity.csv,Step2F_Independent_Evaluator_Sensitivity.csv,.csv,1081,0.001031,2026-09-24T11:47:37,d7276f51b1362d95e73e72fcad6f91115396733b5d7af52a7369f3d0bbbb0e75,04_experiment_results,False,False,,
<SOURCE_ROOT>/training_data/results/Step2F/production/Step2F_Integrity_Audit.json,training_data/results/Step2F/production/Step2F_Integrity_Audit.json,Step2F_Integrity_Audit.json,.json,450,0.000429,2026-09-24T11:47:37,0a709a76e36a728e98956d7615557e394852fe4b177b7419de0e1239578fb986,04_experiment_results,False,True,,
<SOURCE_ROOT>/training_data/results/Step2F/production/Step2F_Method_Summary.csv,training_data/results/Step2F/production/Step2F_Method_Summary.csv,Step2F_Method_Summary.csv,.csv,1771,0.001689,2026-09-24T11:47:37,713cd8361fab260502c0277569895e41d6da5f82ed96295e4195b264591c951b,04_experiment_results,False,False,,
<SOURCE_ROOT>/training_data/results/Step2F/production/Step2F_Paired_Development_Comparisons.csv,training_data/results/Step2F/production/Step2F_Paired_Development_Comparisons.csv,Step2F_Paired_Development_Comparisons.csv,.csv,2328,0.00222,2026-09-24T11:47:37,65baffe4a61dbdeb5dd90e767dd5365b372624aefd1c83413887ed824ac86392,04_experiment_results,False,False,,
<SOURCE_ROOT>/training_data/results/Step2F/production/STEP2F_PRODUCTION_COMPLETE.json,training_data/results/Step2F/production/STEP2F_PRODUCTION_COMPLETE.json,STEP2F_PRODUCTION_COMPLETE.json,.json,145,0.000138,2026-09-24T11:47:42,474022451616f5abfbbb66c5dde22e5d4345c76b63e3e3e35936527a59654264,04_experiment_results,False,False,,
<SOURCE_ROOT>/training_data/results/Step2F/production/Step2F_Production_Log.log,training_data/results/Step2F/production/Step2F_Production_Log.log,Step2F_Production_Log.log,.log,3026,0.002886,2026-09-24T11:47:42,33991d8383209b1f59a9bdeedadae81c4c9719eac844474761a11528134eb795,11_logs,False,False,,
<SOURCE_ROOT>/training_data/results/Step2F/production/Step2F_QC.json,training_data/results/Step2F/production/Step2F_QC.json,Step2F_QC.json,.json,1462,0.001394,2026-09-24T11:47:37,70f6d65af3776fd2507b67e6fac8f05dc065fe4c3e7f7ee5593fa98c43bba62b,04_experiment_results,False,False,,
<SOURCE_ROOT>/training_data/results/Step2F/production/Step2F_Results.xlsx,training_data/results/Step2F/production/Step2F_Results.xlsx,Step2F_Results.xlsx,.xlsx,150522,0.143549,2026-09-24T11:47:42,720e8a14c2ff0eacdb203d1f1c112f4973607276b59eba46a0f382ad15607ed6,04_experiment_results,False,False,,
<SOURCE_ROOT>/training_data/results/Step2F/production/Step2F_Results.xlsx.formula_errors.ndjson,training_data/results/Step2F/production/Step2F_Results.xlsx.formula_errors.ndjson,Step2F_Results.xlsx.formula_errors.ndjson,.ndjson,60,5.7e-05,2026-09-24T11:47:40,acc0111e19cf44d2753fc9ecd164bf1b27fbd65597463a25cf48bd1c65e90146,04_experiment_results,False,False,,
<SOURCE_ROOT>/training_data/results/Step2F/production/Step2F_Results.xlsx.inspect.ndjson,training_data/results/Step2F/production/Step2F_Results.xlsx.inspect.ndjson,Step2F_Results.xlsx.inspect.ndjson,.ndjson,5238088,4.99543,2026-09-24T11:47:42,750127e6e53a6349ff451534866dc525b404e2ef388ceefb013604a17b6c3e77,04_experiment_results,False,False,,
<SOURCE_ROOT>/training_data/results/Step2F/production/Step2F_Runtime.json,training_data/results/Step2F/production/Step2F_Runtime.json,Step2F_Runtime.json,.json,257,0.000245,2026-09-24T11:47:37,bdb25c2ce3e03212e2550aa521fa3302b08dfc0ffec9df15776b6e6153700057,05_metrics,False,False,,
<SOURCE_ROOT>/training_data/results/Step2F/production/Step2F_Station_Level_Summary.csv,training_data/results/Step2F/production/Step2F_Station_Level_Summary.csv,Step2F_Station_Level_Summary.csv,.csv,180947,0.172565,2026-09-24T11:47:37,628ece2f6d415cdccf3d307a2fd960ba4505077fd71deb037758864d9166d823,04_experiment_results,False,False,,
<SOURCE_ROOT>/training_data/results/Step2F/production/workbook_previews/DOWNSTREAM_MODEL.png,training_data/results/Step2F/production/workbook_previews/DOWNSTREAM_MODEL.png,DOWNSTREAM_MODEL.png,.png,50847,0.048491,2026-09-24T11:47:41,432c2fe870fd11ae837fbf98ed669a7a906fcdc695236cef108470e5567c145a,04_experiment_results,False,True,,
<SOURCE_ROOT>/training_data/results/Step2F/production/workbook_previews/ERROR_TAILS.png,training_data/results/Step2F/production/workbook_previews/ERROR_TAILS.png,ERROR_TAILS.png,.png,48183,0.045951,2026-09-24T11:47:41,b0e76e77bf4fe80d1510f69a31835e7e396b6d2bfc57505ee969a73c4127cf19,04_experiment_results,False,False,,
<SOURCE_ROOT>/training_data/results/Step2F/production/workbook_previews/INDEPENDENT_EVALUATOR.png,training_data/results/Step2F/production/workbook_previews/INDEPENDENT_EVALUATOR.png,INDEPENDENT_EVALUATOR.png,.png,58536,0.055824,2026-09-24T11:47:41,4062cff53d038cb73f0386188b5222d8a62e70038b6638d4ebdbea27fb00ca22,04_experiment_results,False,False,,
<SOURCE_ROOT>/training_data/results/Step2F/production/workbook_previews/INTEGRITY.png,training_data/results/Step2F/production/workbook_previews/INTEGRITY.png,INTEGRITY.png,.png,37754,0.036005,2026-09-24T11:47:41,c64968c6f80eff2a91149a16fbbe96b7b70f0250bba3038d2de74a926dbb2a86,04_experiment_results,False,True,,
<SOURCE_ROOT>/training_data/results/Step2F/production/workbook_previews/METHOD_SUMMARY.png,training_data/results/Step2F/production/workbook_previews/METHOD_SUMMARY.png,METHOD_SUMMARY.png,.png,81119,0.077361,2026-09-24T11:47:40,e600b5da06b6cbb7e298e6db0e01aeb9f9bc2207f24ad5916aa9ba382780249a,04_experiment_results,False,False,,
<SOURCE_ROOT>/training_data/results/Step2F/production/workbook_previews/PAIRED_COMPARISONS.png,training_data/results/Step2F/production/workbook_previews/PAIRED_COMPARISONS.png,PAIRED_COMPARISONS.png,.png,130849,0.124787,2026-09-24T11:47:40,34cf0c3bc481008fc5d888f23b90d416ae3811693e77f0dbc7c89a2e86c77867,04_experiment_results,False,False,,
<SOURCE_ROOT>/training_data/results/Step2F/production/workbook_previews/PREDICTIONS_PREVIEW.png,training_data/results/Step2F/production/workbook_previews/PREDICTIONS_PREVIEW.png,PREDICTIONS_PREVIEW.png,.png,385151,0.367309,2026-09-24T11:47:40,772c541a723192cec0e3a6abfc3b760c2613d460472dbb637882f25909e5ccda,09_model_outputs,False,False,,
<SOURCE_ROOT>/training_data/results/Step2F/production/workbook_previews/QC.png,training_data/results/Step2F/production/workbook_previews/QC.png,QC.png,.png,56032,0.053436,2026-09-24T11:47:41,c17ac8236a169bea760a5f34fb0874b801bb16330f8100a5393a4a035159d879,04_experiment_results,False,True,,
<SOURCE_ROOT>/training_data/results/Step2F/production/workbook_previews/README.png,training_data/results/Step2F/production/workbook_previews/README.png,README.png,.png,20499,0.019549,2026-09-24T11:47:40,ff0a0607825e60bc7d4c5f4366f4b8e3792ad1e6c0552bde1d2eea9b806d8992,04_experiment_results,False,True,,
<SOURCE_ROOT>/training_data/results/Step2F/production/workbook_previews/RUNTIME.png,training_data/results/Step2F/production/workbook_previews/RUNTIME.png,RUNTIME.png,.png,16148,0.0154,2026-09-24T11:47:41,2262fa3d3670d6f1c1d71a4e5910ab8d169c2de47df739c9ff816dd69d3288c0,05_metrics,False,False,,
<SOURCE_ROOT>/training_data/results/Step2F/production/workbook_previews/STATION_SUMMARY.png,training_data/results/Step2F/production/workbook_previews/STATION_SUMMARY.png,STATION_SUMMARY.png,.png,236841,0.225869,2026-09-24T11:47:41,83c0b17c8ddada1c88c580c647a6a35e0bcbc3b8974499f785440e4123d23942,04_experiment_results,False,False,,
<SOURCE_ROOT>/training_data/results/Step2F/smoke/.step2f_artifact_marker_recorded,training_data/results/Step2F/smoke/.step2f_artifact_marker_recorded,.step2f_artifact_marker_recorded,,9,9e-06,2026-09-24T11:35:09,a92849bddf0867f641d022b88f2b038adc779a975d5f6325c36a4c57208d814c,04_experiment_results,False,False,,
<SOURCE_ROOT>/training_data/results/Step2F/smoke/.step2f_gru_candidate_cache.csv,training_data/results/Step2F/smoke/.step2f_gru_candidate_cache.csv,.step2f_gru_candidate_cache.csv,.csv,52531,0.050097,2026-09-24T11:34:37,55fedf0d9162a764851fcd965d51e51ba6bfe3bc6554f910c6391c0857658299,04_experiment_results,False,False,,
<SOURCE_ROOT>/training_data/results/Step2F/smoke/.step2f_workbook_payload.json,training_data/results/Step2F/smoke/.step2f_workbook_payload.json,.step2f_workbook_payload.json,.json,71614,0.068296,2026-09-24T11:35:22,3bda59dc07746a75964e930c019e998ef2a0b3f22ccf7d64c7ce398af95197ec,04_experiment_results,False,False,,
<SOURCE_ROOT>/training_data/results/Step2F/smoke/Step2F_Downstream_Model_Audit.json,training_data/results/Step2F/smoke/Step2F_Downstream_Model_Audit.json,Step2F_Downstream_Model_Audit.json,.json,602,0.000574,2026-09-24T11:35:22,1d1e8a3e73156fb9773861452d4d513d650263eda6a9802e4c74685d794a28a9,04_experiment_results,False,True,,
<SOURCE_ROOT>/training_data/results/Step2F/smoke/Step2F_Independent_Evaluator_Audit.json,training_data/results/Step2F/smoke/Step2F_Independent_Evaluator_Audit.json,Step2F_Independent_Evaluator_Audit.json,.json,682,0.00065,2026-09-24T11:35:22,ed7c4002dc4f9cd2be7d5a3072eb3b57fdc302a8908017967305397f5e168adf,04_experiment_results,False,False,,
<SOURCE_ROOT>/training_data/results/Step2F/smoke/Step2F_Independent_Evaluator_Sensitivity.csv,training_data/results/Step2F/smoke/Step2F_Independent_Evaluator_Sensitivity.csv,Step2F_Independent_Evaluator_Sensitivity.csv,.csv,1086,0.001036,2026-09-24T11:35:22,26e907a9d852c0f73f581f85222f9e291778ba1fe98f6f4f737923024d1dd0d3,04_experiment_results,False,False,,
<SOURCE_ROOT>/training_data/results/Step2F/smoke/Step2F_Integrity_Audit.json,training_data/results/Step2F/smoke/Step2F_Integrity_Audit.json,Step2F_Integrity_Audit.json,.json,450,0.000429,2026-09-24T11:35:22,0a709a76e36a728e98956d7615557e394852fe4b177b7419de0e1239578fb986,04_experiment_results,False,True,,
<SOURCE_ROOT>/training_data/results/Step2F/smoke/Step2F_Smoke_Log.log,training_data/results/Step2F/smoke/Step2F_Smoke_Log.log,Step2F_Smoke_Log.log,.log,4183,0.003989,2026-09-24T11:35:24,8d629ac2cf007b48a521dc2ab20b424b0908e2d4d259be72cb688d248a88d46e,11_logs,False,False,,
<SOURCE_ROOT>/training_data/results/Step2F/smoke/Step2F_Smoke_Method_Summary.csv,training_data/results/Step2F/smoke/Step2F_Smoke_Method_Summary.csv,Step2F_Smoke_Method_Summary.csv,.csv,1761,0.001679,2026-09-24T11:35:22,f327f74497fd96dd65a5baccaaa628e5f01380086cdb6d714cbd3a4ed816110e,04_experiment_results,False,False,,
<SOURCE_ROOT>/training_data/results/Step2F/smoke/Step2F_Smoke_Paired_Comparisons.csv,training_data/results/Step2F/smoke/Step2F_Smoke_Paired_Comparisons.csv,Step2F_Smoke_Paired_Comparisons.csv,.csv,2293,0.002187,2026-09-24T11:35:22,16c665a17d9bb4059aadd89b7264662f84c8a1e9a1777430579374773a8ebfb0,04_experiment_results,False,False,,
<SOURCE_ROOT>/training_data/results/Step2F/smoke/Step2F_Smoke_Predictions.csv,training_data/results/Step2F/smoke/Step2F_Smoke_Predictions.csv,Step2F_Smoke_Predictions.csv,.csv,341378,0.325563,2026-09-24T11:35:22,e7dce458f1cb474549a97d12cb02a388d70953b3281c8e3e1efb8e7ad085a51b,09_model_outputs,False,False,,
<SOURCE_ROOT>/training_data/results/Step2F/smoke/Step2F_Smoke_QC.json,training_data/results/Step2F/smoke/Step2F_Smoke_QC.json,Step2F_Smoke_QC.json,.json,1458,0.00139,2026-09-24T11:35:22,80da44a3f4ecf1d4606651e7ae32691f00d8ac4e38369584fcc9a931a339d888,04_experiment_results,False,False,,
<SOURCE_ROOT>/training_data/results/Step2F/smoke/Step2F_Smoke_Runtime.json,training_data/results/Step2F/smoke/Step2F_Smoke_Runtime.json,Step2F_Smoke_Runtime.json,.json,257,0.000245,2026-09-24T11:35:22,5d7ed52e71867b064567005b4c4b1cce3482eb76c9825f3e2eb2e74a5d6be94a,05_metrics,False,False,,
<SOURCE_ROOT>/training_data/results/Step2F/smoke/Step2F_Smoke_Summary.xlsx,training_data/results/Step2F/smoke/Step2F_Smoke_Summary.xlsx,Step2F_Smoke_Summary.xlsx,.xlsx,27268,0.026005,2026-09-24T11:36:27,aa55a25291904ae540daaad60bad9c6fde083c35bc9af14c43adb884ecb9baad,04_experiment_results,False,False,,
<SOURCE_ROOT>/training_data/results/Step2F/smoke/Step2F_Smoke_Summary.xlsx.formula_errors.ndjson,training_data/results/Step2F/smoke/Step2F_Smoke_Summary.xlsx.formula_errors.ndjson,Step2F_Smoke_Summary.xlsx.formula_errors.ndjson,.ndjson,60,5.7e-05,2026-09-24T11:36:25,acc0111e19cf44d2753fc9ecd164bf1b27fbd65597463a25cf48bd1c65e90146,04_experiment_results,False,False,,
<SOURCE_ROOT>/training_data/results/Step2F/smoke/Step2F_Smoke_Summary.xlsx.inspect.ndjson,training_data/results/Step2F/smoke/Step2F_Smoke_Summary.xlsx.inspect.ndjson,Step2F_Smoke_Summary.xlsx.inspect.ndjson,.ndjson,668995,0.638003,2026-09-24T11:36:27,506484dc85f30d0ae541c237be30866fabf42f1c7b08c661d24c1c0e16d41afc,04_experiment_results,False,False,,
<SOURCE_ROOT>/training_data/results/Step2F/smoke/workbook_previews/DOWNSTREAM_MODEL.png,training_data/results/Step2F/smoke/workbook_previews/DOWNSTREAM_MODEL.png,DOWNSTREAM_MODEL.png,.png,50847,0.048491,2026-09-24T11:36:26,432c2fe870fd11ae837fbf98ed669a7a906fcdc695236cef108470e5567c145a,04_experiment_results,False,True,,
<SOURCE_ROOT>/training_data/results/Step2F/smoke/workbook_previews/ERROR_TAILS.png,training_data/results/Step2F/smoke/workbook_previews/ERROR_TAILS.png,ERROR_TAILS.png,.png,49201,0.046922,2026-09-24T11:36:26,ef6cc8c4991b96f36e53dabec66118fd70cb7fec69048f6e9441535c862be0bc,04_experiment_results,False,False,,
<SOURCE_ROOT>/training_data/results/Step2F/smoke/workbook_previews/INDEPENDENT_EVALUATOR.png,training_data/results/Step2F/smoke/workbook_previews/INDEPENDENT_EVALUATOR.png,INDEPENDENT_EVALUATOR.png,.png,57475,0.054812,2026-09-24T11:36:26,0bdea9d60660aee0a1328eaf32bbb4c89c2b003e08c7112a7cf811646c28e029,04_experiment_results,False,False,,
<SOURCE_ROOT>/training_data/results/Step2F/smoke/workbook_previews/INTEGRITY.png,training_data/results/Step2F/smoke/workbook_previews/INTEGRITY.png,INTEGRITY.png,.png,37754,0.036005,2026-09-24T11:36:26,c64968c6f80eff2a91149a16fbbe96b7b70f0250bba3038d2de74a926dbb2a86,04_experiment_results,False,True,,
<SOURCE_ROOT>/training_data/results/Step2F/smoke/workbook_previews/METHOD_SUMMARY.png,training_data/results/Step2F/smoke/workbook_previews/METHOD_SUMMARY.png,METHOD_SUMMARY.png,.png,81866,0.078074,2026-09-24T11:36:25,c2b2bce9847d76b38f115bce1e73c903d0bb4b00b53a05d2ed6cddda2a4177aa,04_experiment_results,False,False,,
<SOURCE_ROOT>/training_data/results/Step2F/smoke/workbook_previews/PAIRED_COMPARISONS.png,training_data/results/Step2F/smoke/workbook_previews/PAIRED_COMPARISONS.png,PAIRED_COMPARISONS.png,.png,131835,0.125728,2026-09-24T11:36:26,819ab6ae31a29d6cced952344c537dbfa81bbe64af95659c45693eb4e726974c,04_experiment_results,False,False,,
<SOURCE_ROOT>/training_data/results/Step2F/smoke/workbook_previews/PREDICTIONS_PREVIEW.png,training_data/results/Step2F/smoke/workbook_previews/PREDICTIONS_PREVIEW.png,PREDICTIONS_PREVIEW.png,.png,384807,0.366981,2026-09-24T11:36:26,18ef56fb4ad8b1f6e96096d8eca2ac28f31021b663a0e10347583509680c08f6,09_model_outputs,False,False,,
<SOURCE_ROOT>/training_data/results/Step2F/smoke/workbook_previews/QC.png,training_data/results/Step2F/smoke/workbook_previews/QC.png,QC.png,.png,56032,0.053436,2026-09-24T11:36:26,c17ac8236a169bea760a5f34fb0874b801bb16330f8100a5393a4a035159d879,04_experiment_results,False,True,,
<SOURCE_ROOT>/training_data/results/Step2F/smoke/workbook_previews/README.png,training_data/results/Step2F/smoke/workbook_previews/README.png,README.png,.png,20499,0.019549,2026-09-24T11:36:25,ff0a0607825e60bc7d4c5f4366f4b8e3792ad1e6c0552bde1d2eea9b806d8992,04_experiment_results,False,True,,
<SOURCE_ROOT>/training_data/results/Step2F/smoke/workbook_previews/RUNTIME.png,training_data/results/Step2F/smoke/workbook_previews/RUNTIME.png,RUNTIME.png,.png,16083,0.015338,2026-09-24T11:36:26,e6fa454c75dd34795c7c8dab7e9b1450fa01552db261831ac0372ec1f690bfb3,05_metrics,False,False,,
<SOURCE_ROOT>/training_data/results/Step2F/smoke/workbook_previews/STATION_SUMMARY.png,training_data/results/Step2F/smoke/workbook_previews/STATION_SUMMARY.png,STATION_SUMMARY.png,.png,263632,0.251419,2026-09-24T11:36:26,3a2fbca6a03ce9950fafcb273991707eea45db3471d3df5571575c7fca6c750f,04_experiment_results,False,False,,
<SOURCE_ROOT>/training_data/results/Step2G/production.zip,training_data/results/Step2G/production.zip,production.zip,.zip,1711896,1.632591,2026-09-24T12:46:56,b5e83f3142493480d4e2ed57cfcdd61b12df94a4c968955c05a5832a8399c7b5,04_experiment_results,False,False,,
<SOURCE_ROOT>/training_data/results/Step2G/production/.step2g_artifact_marker_recorded,training_data/results/Step2G/production/.step2g_artifact_marker_recorded,.step2g_artifact_marker_recorded,,8,8e-06,2026-09-24T12:38:55,3d96a458120e68868ccca6bad66be3fc8df4627a6b7372d69b98d3ba7688774d,04_experiment_results,False,True,,
<SOURCE_ROOT>/training_data/results/Step2G/production/.step2g_workbook_payload.json,training_data/results/Step2G/production/.step2g_workbook_payload.json,.step2g_workbook_payload.json,.json,378101,0.360585,2026-09-24T12:38:55,c6b81cd8858c25786af445410194861817d34fa8467bb75f9d2582b54c2f96c0,04_experiment_results,False,False,,
<SOURCE_ROOT>/training_data/results/Step2G/production/Step2G_Ablation_Weights.csv,training_data/results/Step2G/production/Step2G_Ablation_Weights.csv,Step2G_Ablation_Weights.csv,.csv,1137,0.001084,2026-09-24T12:38:55,016cdeb5b0848af0bdb93439b33eef6571ae72963b92595a39f00955687d952b,09_model_outputs,False,True,,
<SOURCE_ROOT>/training_data/results/Step2G/production/Step2G_Confidence_Ablation_Provenance.json,training_data/results/Step2G/production/Step2G_Confidence_Ablation_Provenance.json,Step2G_Confidence_Ablation_Provenance.json,.json,1232,0.001175,2026-09-24T12:38:55,3904a19a110e33274e60fb9d4a540faf6b9b047c4c74429c6de8228a9e797777,05_metrics,False,False,,
<SOURCE_ROOT>/training_data/results/Step2G/production/Step2G_Confidence_Ablation_Summary.csv,training_data/results/Step2G/production/Step2G_Confidence_Ablation_Summary.csv,Step2G_Confidence_Ablation_Summary.csv,.csv,2030,0.001936,2026-09-24T12:38:55,8f5ded0007a4d5255d22b54a315edd8ebca24138ae2dd06df896df9a4e15bd89,05_metrics,False,True,,
<SOURCE_ROOT>/training_data/results/Step2G/production/Step2G_Integrity_Audit.json,training_data/results/Step2G/production/Step2G_Integrity_Audit.json,Step2G_Integrity_Audit.json,.json,490,0.000467,2026-09-24T12:38:55,1733674d92a6c2c74a898f409d2d4ed61b672aee322c2f05b6e4e27dcf948ea0,04_experiment_results,False,True,,
<SOURCE_ROOT>/training_data/results/Step2G/production/Step2G_Paired_Development_Comparisons.csv,training_data/results/Step2G/production/Step2G_Paired_Development_Comparisons.csv,Step2G_Paired_Development_Comparisons.csv,.csv,2170,0.002069,2026-09-24T12:38:55,7e6d427aa961780f17b6e2dfba44952969ff6b0d8ee9faa8e9538c337ecfec2d,04_experiment_results,False,True,,
<SOURCE_ROOT>/training_data/results/Step2G/production/STEP2G_PRODUCTION_COMPLETE.json,training_data/results/Step2G/production/STEP2G_PRODUCTION_COMPLETE.json,STEP2G_PRODUCTION_COMPLETE.json,.json,145,0.000138,2026-09-24T12:38:59,474022451616f5abfbbb66c5dde22e5d4345c76b63e3e3e35936527a59654264,04_experiment_results,False,False,,
<SOURCE_ROOT>/training_data/results/Step2G/production/Step2G_Production_Log.log,training_data/results/Step2G/production/Step2G_Production_Log.log,Step2G_Production_Log.log,.log,395,0.000377,2026-09-24T12:38:59,64820bd418c4e8696357f81e18274f0c0992c4fa028664193be24b3b1761a01d,11_logs,False,False,,
<SOURCE_ROOT>/training_data/results/Step2G/production/Step2G_QC.json,training_data/results/Step2G/production/Step2G_QC.json,Step2G_QC.json,.json,1886,0.001799,2026-09-24T12:38:55,025c649a154bb33f2d1ec1d6f960faf1f27f3de6b2cd586be94457987781da84,04_experiment_results,False,False,,
<SOURCE_ROOT>/training_data/results/Step2G/production/Step2G_Results.xlsx,training_data/results/Step2G/production/Step2G_Results.xlsx,Step2G_Results.xlsx,.xlsx,73297,0.069901,2026-09-24T12:38:58,23d126462bcb6cd6d1419d8f8ff451a921a941e32de20259d07ffbd07a886582,04_experiment_results,False,False,,
<SOURCE_ROOT>/training_data/results/Step2G/production/Step2G_Results.xlsx.bounds.json,training_data/results/Step2G/production/Step2G_Results.xlsx.bounds.json,Step2G_Results.xlsx.bounds.json,.json,8195,0.007815,2026-09-24T12:38:59,27f535a1d781c2597513d224949de3fa29d797a2ef37648d3c2ee4b5e5c0995f,04_experiment_results,False,False,,
<SOURCE_ROOT>/training_data/results/Step2G/production/Step2G_Results.xlsx.formula_errors.ndjson,training_data/results/Step2G/production/Step2G_Results.xlsx.formula_errors.ndjson,Step2G_Results.xlsx.formula_errors.ndjson,.ndjson,60,5.7e-05,2026-09-24T12:38:56,acc0111e19cf44d2753fc9ecd164bf1b27fbd65597463a25cf48bd1c65e90146,04_experiment_results,False,False,,
<SOURCE_ROOT>/training_data/results/Step2G/production/Step2G_Results.xlsx.inspect.ndjson,training_data/results/Step2G/production/Step2G_Results.xlsx.inspect.ndjson,Step2G_Results.xlsx.inspect.ndjson,.ndjson,3411302,3.253271,2026-09-24T12:38:58,ee69a63506009e5013414ff461f5313f3768dab68446abf21c09525c01a02c06,04_experiment_results,False,False,,
<SOURCE_ROOT>/training_data/results/Step2G/production/Step2G_Results.xlsx.reimport.ndjson,training_data/results/Step2G/production/Step2G_Results.xlsx.reimport.ndjson,Step2G_Results.xlsx.reimport.ndjson,.ndjson,11102,0.010588,2026-09-24T12:38:59,0c090adf32ff2dbdf7fe35d33e404d38f5abc12b6c3f881d7522402bbe120ee5,04_experiment_results,False,False,,
<SOURCE_ROOT>/training_data/results/Step2G/production/Step2G_Runtime.json,training_data/results/Step2G/production/Step2G_Runtime.json,Step2G_Runtime.json,.json,232,0.000221,2026-09-24T12:38:55,7a9b2e52860b39f1c6347d3f2c2eb030114d46b6afa26e9018a8d92afaafaf80,05_metrics,False,False,,
<SOURCE_ROOT>/training_data/results/Step2G/production/Step2G_Selection_Ablation_Predictions.csv,training_data/results/Step2G/production/Step2G_Selection_Ablation_Predictions.csv,Step2G_Selection_Ablation_Predictions.csv,.csv,2075275,1.979136,2026-09-24T12:38:55,de3f93835d95513ef1d4e5caae481bbaf2ca3b34a575d5c10d3f3e1f390237f6,09_model_outputs,False,False,,
<SOURCE_ROOT>/training_data/results/Step2G/production/Step2G_Selection_Ablation_Summary.csv,training_data/results/Step2G/production/Step2G_Selection_Ablation_Summary.csv,Step2G_Selection_Ablation_Summary.csv,.csv,1547,0.001475,2026-09-24T12:38:55,594b7b48032093036cbf604fa97d8a2daf491acaff840b5fd43fd7f72ebc4367,09_model_outputs,False,True,,
<SOURCE_ROOT>/training_data/results/Step2G/production/Step2G_Station_Level_Ablation.csv,training_data/results/Step2G/production/Step2G_Station_Level_Ablation.csv,Step2G_Station_Level_Ablation.csv,.csv,81527,0.07775,2026-09-24T12:38:55,629d47ce8dda8378738ce08bab184c4832a4c94c9af1a22c7954916dedb3a72c,04_experiment_results,False,True,,
<SOURCE_ROOT>/training_data/results/Step2G/production/workbook_previews/ABLATION_WEIGHTS.png,training_data/results/Step2G/production/workbook_previews/ABLATION_WEIGHTS.png,ABLATION_WEIGHTS.png,.png,73761,0.070344,2026-09-24T12:38:57,353b352ee4ca055997f87bd034db7b28cc0f8a7b80fb37d394f02e2b6532ecaa,09_model_outputs,False,False,,
<SOURCE_ROOT>/training_data/results/Step2G/production/workbook_previews/CONFIDENCE_ABLATION.png,training_data/results/Step2G/production/workbook_previews/CONFIDENCE_ABLATION.png,CONFIDENCE_ABLATION.png,.png,53638,0.051153,2026-09-24T12:38:57,7f99d5ac3c433424531a4192e50cde3a43cc29124fe187badd42a10420748c55,05_metrics,False,False,,
<SOURCE_ROOT>/training_data/results/Step2G/production/workbook_previews/CONFIDENCE_PROVENANCE.png,training_data/results/Step2G/production/workbook_previews/CONFIDENCE_PROVENANCE.png,CONFIDENCE_PROVENANCE.png,.png,53136,0.050674,2026-09-24T12:38:57,30708f60701baf66f5d9349658d0b97cf862c587e03911db21a628aae36090f3,05_metrics,False,False,,
<SOURCE_ROOT>/training_data/results/Step2G/production/workbook_previews/INTEGRITY.png,training_data/results/Step2G/production/workbook_previews/INTEGRITY.png,INTEGRITY.png,.png,36714,0.035013,2026-09-24T12:38:57,835ccee637610fc79a723a57421b89fbeb334bbfc6b0d186afe746fdedecb0f7,04_experiment_results,False,True,,
<SOURCE_ROOT>/training_data/results/Step2G/production/workbook_previews/PAIRED_COMPARISONS.png,training_data/results/Step2G/production/workbook_previews/PAIRED_COMPARISONS.png,PAIRED_COMPARISONS.png,.png,120719,0.115127,2026-09-24T12:38:57,b227bb2ef896c3ab066740f56868bbceb47086858c37642917634edf929e5b9d,04_experiment_results,False,False,,
<SOURCE_ROOT>/training_data/results/Step2G/production/workbook_previews/PREDICTIONS_PREVIEW.png,training_data/results/Step2G/production/workbook_previews/PREDICTIONS_PREVIEW.png,PREDICTIONS_PREVIEW.png,.png,347706,0.331598,2026-09-24T12:38:57,780b652167a5a7437cbcd4a78016547fd3ad9eb6ddf866ee796fa73d647355c3,09_model_outputs,False,False,,
<SOURCE_ROOT>/training_data/results/Step2G/production/workbook_previews/QC.png,training_data/results/Step2G/production/workbook_previews/QC.png,QC.png,.png,87185,0.083146,2026-09-24T12:38:57,dcbf4e0cda8bb26fd73f71939dd3aa95c4caf6624afa9f90efa6b60758f61ded,04_experiment_results,False,True,,
<SOURCE_ROOT>/training_data/results/Step2G/production/workbook_previews/README.png,training_data/results/Step2G/production/workbook_previews/README.png,README.png,.png,19377,0.018479,2026-09-24T12:38:56,0ead276e2122833febe827aadbe077528c80da68848933d354886fbc37d15e07,04_experiment_results,False,False,,
<SOURCE_ROOT>/training_data/results/Step2G/production/workbook_previews/RUNTIME.png,training_data/results/Step2G/production/workbook_previews/RUNTIME.png,RUNTIME.png,.png,17014,0.016226,2026-09-24T12:38:57,94fa97489ed7c3cf339618ef4f8f7ae99d378ccd1468fbaaa9127805b6efff16,05_metrics,False,False,,
<SOURCE_ROOT>/training_data/results/Step2G/production/workbook_previews/SELECTION_SUMMARY.png,training_data/results/Step2G/production/workbook_previews/SELECTION_SUMMARY.png,SELECTION_SUMMARY.png,.png,70967,0.067679,2026-09-24T12:38:56,2a4e5ab5c0fc89ecd18de49c7b262b2ab54677a294e7615c09cd4bd3f6cc7642,09_model_outputs,False,False,,
<SOURCE_ROOT>/training_data/results/Step2G/production/workbook_previews/STATION_SUMMARY.png,training_data/results/Step2G/production/workbook_previews/STATION_SUMMARY.png,STATION_SUMMARY.png,.png,161010,0.153551,2026-09-24T12:38:57,659e36e38823b820df230c0ddbc35db8f0feb9d4a7b2173c16a79760ef428c78,04_experiment_results,False,False,,
<SOURCE_ROOT>/training_data/results/Step2G/smoke/.step2g_artifact_marker_recorded,training_data/results/Step2G/smoke/.step2g_artifact_marker_recorded,.step2g_artifact_marker_recorded,,8,8e-06,2026-09-24T12:29:15,3d96a458120e68868ccca6bad66be3fc8df4627a6b7372d69b98d3ba7688774d,04_experiment_results,False,True,,
<SOURCE_ROOT>/training_data/results/Step2G/smoke/.step2g_workbook_payload.json,training_data/results/Step2G/smoke/.step2g_workbook_payload.json,.step2g_workbook_payload.json,.json,76992,0.073425,2026-09-24T12:29:15,581ad90232b294f50ecd9d1cd500e0641113a48202dba13a57f2053f52d7caa9,04_experiment_results,False,False,,
<SOURCE_ROOT>/training_data/results/Step2G/smoke/Step2G_Ablation_Weights.csv,training_data/results/Step2G/smoke/Step2G_Ablation_Weights.csv,Step2G_Ablation_Weights.csv,.csv,1134,0.001081,2026-09-24T12:29:15,e877949af59634d95165f2ac98c823b0d158e86580c1c99e054c832629066b2d,09_model_outputs,False,False,,
<SOURCE_ROOT>/training_data/results/Step2G/smoke/Step2G_Confidence_Ablation_Provenance.json,training_data/results/Step2G/smoke/Step2G_Confidence_Ablation_Provenance.json,Step2G_Confidence_Ablation_Provenance.json,.json,1211,0.001155,2026-09-24T12:29:15,9d184f14172b87d2a8d86bc574dbc23c1f79f208adec84322c0191f3135e7bdd,05_metrics,False,False,,
<SOURCE_ROOT>/training_data/results/Step2G/smoke/Step2G_Confidence_Ablation_Summary.csv,training_data/results/Step2G/smoke/Step2G_Confidence_Ablation_Summary.csv,Step2G_Confidence_Ablation_Summary.csv,.csv,1979,0.001887,2026-09-24T12:29:15,1daeb84bb142f14b67fd7e2e38b0fc86f55945fcdc0acc60d9785509c20f6f37,05_metrics,False,False,,
<SOURCE_ROOT>/training_data/results/Step2G/smoke/Step2G_Integrity_Audit.json,training_data/results/Step2G/smoke/Step2G_Integrity_Audit.json,Step2G_Integrity_Audit.json,.json,490,0.000467,2026-09-24T12:29:15,1733674d92a6c2c74a898f409d2d4ed61b672aee322c2f05b6e4e27dcf948ea0,04_experiment_results,False,True,,
<SOURCE_ROOT>/training_data/results/Step2G/smoke/Step2G_Paired_Development_Comparisons.csv,training_data/results/Step2G/smoke/Step2G_Paired_Development_Comparisons.csv,Step2G_Paired_Development_Comparisons.csv,.csv,2119,0.002021,2026-09-24T12:29:15,ccec6d8c9bffa84e569cd02489853d3547800bceb01c7a767401719e9896326a,04_experiment_results,False,False,,
<SOURCE_ROOT>/training_data/results/Step2G/smoke/Step2G_Selection_Ablation_Predictions.csv,training_data/results/Step2G/smoke/Step2G_Selection_Ablation_Predictions.csv,Step2G_Selection_Ablation_Predictions.csv,.csv,245188,0.233829,2026-09-24T12:29:15,5d62c18fbfc6b36472e82b8e01235712ac39655a65031a7e556fac50e7d5a0eb,09_model_outputs,False,False,,
<SOURCE_ROOT>/training_data/results/Step2G/smoke/Step2G_Selection_Ablation_Summary.csv,training_data/results/Step2G/smoke/Step2G_Selection_Ablation_Summary.csv,Step2G_Selection_Ablation_Summary.csv,.csv,1549,0.001477,2026-09-24T12:29:15,cab9abeac5913701e1da1fd1e10b196a0684f251122e3fc9e1d80b6b7dd8e44d,09_model_outputs,False,False,,
<SOURCE_ROOT>/training_data/results/Step2G/smoke/Step2G_Smoke_Log.log,training_data/results/Step2G/smoke/Step2G_Smoke_Log.log,Step2G_Smoke_Log.log,.log,570,0.000544,2026-09-24T12:29:19,b83f165261d10bb4c114c4558ca4a4efd63cefe8027d4a0c84711477bbd81ce0,11_logs,False,False,,
<SOURCE_ROOT>/training_data/results/Step2G/smoke/Step2G_Smoke_QC.json,training_data/results/Step2G/smoke/Step2G_Smoke_QC.json,Step2G_Smoke_QC.json,.json,1880,0.001793,2026-09-24T12:29:15,f00c92ddd2abc43280be53009d6ec8cac3c9e9a550c40ec4ec4ccb18826826c4,04_experiment_results,False,False,,
<SOURCE_ROOT>/training_data/results/Step2G/smoke/Step2G_Smoke_Runtime.json,training_data/results/Step2G/smoke/Step2G_Smoke_Runtime.json,Step2G_Smoke_Runtime.json,.json,232,0.000221,2026-09-24T12:29:15,277d7bfc926a0fde45eac06388d7beeace6528466d36172b5dcd4f754ef9f9e7,05_metrics,False,False,,
<SOURCE_ROOT>/training_data/results/Step2G/smoke/Step2G_Smoke_Summary.xlsx,training_data/results/Step2G/smoke/Step2G_Smoke_Summary.xlsx,Step2G_Smoke_Summary.xlsx,.xlsx,27390,0.026121,2026-09-24T12:29:18,42403733ccd242b37f7d87fbcfc1619a86802f58066d100ea30ee990bd3fc6ad,04_experiment_results,False,False,,
<SOURCE_ROOT>/training_data/results/Step2G/smoke/Step2G_Smoke_Summary.xlsx.bounds.json,training_data/results/Step2G/smoke/Step2G_Smoke_Summary.xlsx.bounds.json,Step2G_Smoke_Summary.xlsx.bounds.json,.json,8067,0.007693,2026-09-24T12:29:18,a65546fee62861d23a4ab1bb241cd777e9dca0bbb79a3883688813d0bcd48376,04_experiment_results,False,False,,
<SOURCE_ROOT>/training_data/results/Step2G/smoke/Step2G_Smoke_Summary.xlsx.formula_errors.ndjson,training_data/results/Step2G/smoke/Step2G_Smoke_Summary.xlsx.formula_errors.ndjson,Step2G_Smoke_Summary.xlsx.formula_errors.ndjson,.ndjson,60,5.7e-05,2026-09-24T12:29:16,acc0111e19cf44d2753fc9ecd164bf1b27fbd65597463a25cf48bd1c65e90146,04_experiment_results,False,False,,
<SOURCE_ROOT>/training_data/results/Step2G/smoke/Step2G_Smoke_Summary.xlsx.inspect.ndjson,training_data/results/Step2G/smoke/Step2G_Smoke_Summary.xlsx.inspect.ndjson,Step2G_Smoke_Summary.xlsx.inspect.ndjson,.ndjson,740907,0.706584,2026-09-24T12:29:18,8b4f6d800878ec89805ccaf7886ac8a4efbe0b60dca7a0a5989167282e366938,04_experiment_results,False,False,,
<SOURCE_ROOT>/training_data/results/Step2G/smoke/Step2G_Smoke_Summary.xlsx.reimport.ndjson,training_data/results/Step2G/smoke/Step2G_Smoke_Summary.xlsx.reimport.ndjson,Step2G_Smoke_Summary.xlsx.reimport.ndjson,.ndjson,10496,0.01001,2026-09-24T12:29:18,36dc034078dfd7b395838e16a24806cb5aac30543b85bed5067cc0572f4edfad,04_experiment_results,False,False,,
<SOURCE_ROOT>/training_data/results/Step2G/smoke/Step2G_Station_Level_Ablation.csv,training_data/results/Step2G/smoke/Step2G_Station_Level_Ablation.csv,Step2G_Station_Level_Ablation.csv,.csv,2232,0.002129,2026-09-24T12:29:15,c8fbe5a8286d13ea98ae75e8f73767eb4fdc34291deabf7750270605baf86eab,04_experiment_results,False,False,,
<SOURCE_ROOT>/training_data/results/Step2G/smoke/workbook_previews/ABLATION_WEIGHTS.png,training_data/results/Step2G/smoke/workbook_previews/ABLATION_WEIGHTS.png,ABLATION_WEIGHTS.png,.png,74383,0.070937,2026-09-24T12:29:17,76e7bb9343e1ad2a4bec02f547d27b02c91889fe1cec65afec0161c8bd7b95a6,09_model_outputs,False,False,,
<SOURCE_ROOT>/training_data/results/Step2G/smoke/workbook_previews/CONFIDENCE_ABLATION.png,training_data/results/Step2G/smoke/workbook_previews/CONFIDENCE_ABLATION.png,CONFIDENCE_ABLATION.png,.png,53595,0.051112,2026-09-24T12:29:17,738c28f045049884101cbfe81d00758b9b886d2be70452ab41e0e2340f0d3b05,05_metrics,False,False,,
<SOURCE_ROOT>/training_data/results/Step2G/smoke/workbook_previews/CONFIDENCE_PROVENANCE.png,training_data/results/Step2G/smoke/workbook_previews/CONFIDENCE_PROVENANCE.png,CONFIDENCE_PROVENANCE.png,.png,52944,0.050491,2026-09-24T12:29:17,5ff54af8f0b2fd8c4579d2a06a3b2a662415ccf198d4dacf16ed50204b70eeb7,05_metrics,False,False,,
<SOURCE_ROOT>/training_data/results/Step2G/smoke/workbook_previews/INTEGRITY.png,training_data/results/Step2G/smoke/workbook_previews/INTEGRITY.png,INTEGRITY.png,.png,36714,0.035013,2026-09-24T12:29:17,835ccee637610fc79a723a57421b89fbeb334bbfc6b0d186afe746fdedecb0f7,04_experiment_results,False,True,,
<SOURCE_ROOT>/training_data/results/Step2G/smoke/workbook_previews/PAIRED_COMPARISONS.png,training_data/results/Step2G/smoke/workbook_previews/PAIRED_COMPARISONS.png,PAIRED_COMPARISONS.png,.png,118559,0.113067,2026-09-24T12:29:17,25163833ceb04435dbbda978740a2cf1ef27ab1d26a71ab81792c4c87b13787d,04_experiment_results,False,False,,
<SOURCE_ROOT>/training_data/results/Step2G/smoke/workbook_previews/PREDICTIONS_PREVIEW.png,training_data/results/Step2G/smoke/workbook_previews/PREDICTIONS_PREVIEW.png,PREDICTIONS_PREVIEW.png,.png,338589,0.322904,2026-09-24T12:29:17,ad58b08045b5555c66a6d085e18804fa61da5d7bf58993d6e635d0ffb71db620,09_model_outputs,False,False,,
<SOURCE_ROOT>/training_data/results/Step2G/smoke/workbook_previews/QC.png,training_data/results/Step2G/smoke/workbook_previews/QC.png,QC.png,.png,87185,0.083146,2026-09-24T12:29:17,dcbf4e0cda8bb26fd73f71939dd3aa95c4caf6624afa9f90efa6b60758f61ded,04_experiment_results,False,True,,
<SOURCE_ROOT>/training_data/results/Step2G/smoke/workbook_previews/README.png,training_data/results/Step2G/smoke/workbook_previews/README.png,README.png,.png,18949,0.018071,2026-09-24T12:29:17,7e224633ad3f7ff0c60c38f88ab054db1d57c51a3ae0448ecec3009b5e3b1b0c,04_experiment_results,False,False,,
<SOURCE_ROOT>/training_data/results/Step2G/smoke/workbook_previews/RUNTIME.png,training_data/results/Step2G/smoke/workbook_previews/RUNTIME.png,RUNTIME.png,.png,16780,0.016003,2026-09-24T12:29:17,0c8dd230e41fa4e27bc20e213facc30864a7b19ef706f711125b5967903fd845,05_metrics,False,False,,
<SOURCE_ROOT>/training_data/results/Step2G/smoke/workbook_previews/SELECTION_SUMMARY.png,training_data/results/Step2G/smoke/workbook_previews/SELECTION_SUMMARY.png,SELECTION_SUMMARY.png,.png,70438,0.067175,2026-09-24T12:29:17,fc7ad93d214ca5dd2137ce19841a424d2ddb2a41eb11a54124a9b87539c2820d,09_model_outputs,False,False,,
<SOURCE_ROOT>/training_data/results/Step2G/smoke/workbook_previews/STATION_SUMMARY.png,training_data/results/Step2G/smoke/workbook_previews/STATION_SUMMARY.png,STATION_SUMMARY.png,.png,160483,0.153049,2026-09-24T12:29:17,781658e145c456309b80402cc56a6cde434addbb7ddbb0f882966884b3cc06ef,04_experiment_results,False,False,,
<SOURCE_ROOT>/training_data/results/Step2H/production.zip,training_data/results/Step2H/production.zip,production.zip,.zip,2258965,2.154317,2026-09-24T15:03:15,220900bf61886af2ab4082f794ccfbcd425d845f18d058abc5c11b336f5295f5,04_experiment_results,False,False,,
<SOURCE_ROOT>/training_data/results/Step2H/production/.step2h_artifact_marker_recorded,training_data/results/Step2H/production/.step2h_artifact_marker_recorded,.step2h_artifact_marker_recorded,,8,8e-06,2026-09-24T13:12:16,3d96a458120e68868ccca6bad66be3fc8df4627a6b7372d69b98d3ba7688774d,04_experiment_results,False,True,,
<SOURCE_ROOT>/training_data/results/Step2H/production/.step2h_workbook_payload.json,training_data/results/Step2H/production/.step2h_workbook_payload.json,.step2h_workbook_payload.json,.json,447981,0.427228,2026-09-24T13:12:16,ffe6265388602ff0e18cbb9d84ab0ae97c3ec33b4bfce189332ca3dcc3c8118f,04_experiment_results,False,False,,
<SOURCE_ROOT>/training_data/results/Step2H/production/Step2H_Bootstrap_Comparisons.csv,training_data/results/Step2H/production/Step2H_Bootstrap_Comparisons.csv,Step2H_Bootstrap_Comparisons.csv,.csv,20382,0.019438,2026-09-24T13:12:15,7234291fc8807809b6abfe689a78260d871a74f5ff825ddbd3cfd945efc75dc9,04_experiment_results,False,False,,
<SOURCE_ROOT>/training_data/results/Step2H/production/Step2H_Boundary_Thresholds.csv,training_data/results/Step2H/production/Step2H_Boundary_Thresholds.csv,Step2H_Boundary_Thresholds.csv,.csv,803,0.000766,2026-09-24T13:12:15,d1e7f09370e5c276961f6c579c41cea9d5b1324d0657c9e96a387dc1a6d3eed7,04_experiment_results,False,False,,
<SOURCE_ROOT>/training_data/results/Step2H/production/Step2H_Context_Correlations.csv,training_data/results/Step2H/production/Step2H_Context_Correlations.csv,Step2H_Context_Correlations.csv,.csv,615,0.000587,2026-09-24T13:12:15,dc958c8ce92caa806dca2abb07399ddb1f65ad7d3e02ecf57e40ef1bf24d6bbe,04_experiment_results,False,False,,
<SOURCE_ROOT>/training_data/results/Step2H/production/Step2H_Evaluator_Sensitivity.csv,training_data/results/Step2H/production/Step2H_Evaluator_Sensitivity.csv,Step2H_Evaluator_Sensitivity.csv,.csv,12684,0.012096,2026-09-24T13:12:15,453729ca03de68bf33168225ff2a2ac09ea221d90bc5ef312f9ef073be6d4901,04_experiment_results,False,False,,
<SOURCE_ROOT>/training_data/results/Step2H/production/Step2H_Failure_Profile.csv,training_data/results/Step2H/production/Step2H_Failure_Profile.csv,Step2H_Failure_Profile.csv,.csv,958,0.000914,2026-09-24T13:12:15,250940141586976f7dcb66e55f3545defd19d15664076a81b126e7fa02826ad9,04_experiment_results,False,False,,
<SOURCE_ROOT>/training_data/results/Step2H/production/Step2H_HighConfidence_Failures.csv,training_data/results/Step2H/production/Step2H_HighConfidence_Failures.csv,Step2H_HighConfidence_Failures.csv,.csv,31771,0.030299,2026-09-24T13:12:15,c9e0371ccd93a239ef7008687d80866bca8097c6a82a5461fc6ea198371bfbc4,05_metrics,False,False,,
<SOURCE_ROOT>/training_data/results/Step2H/production/Step2H_Integrity_Audit.json,training_data/results/Step2H/production/Step2H_Integrity_Audit.json,Step2H_Integrity_Audit.json,.json,533,0.000508,2026-09-24T13:12:21,2094d695fabcc3ae0dca5627016f927dd5fddfa3f63cdb44ec08c5b64ebfb3b4,04_experiment_results,False,True,,
<SOURCE_ROOT>/training_data/results/Step2H/production/STEP2H_PRODUCTION_COMPLETE.json,training_data/results/Step2H/production/STEP2H_PRODUCTION_COMPLETE.json,STEP2H_PRODUCTION_COMPLETE.json,.json,145,0.000138,2026-09-24T13:12:21,474022451616f5abfbbb66c5dde22e5d4345c76b63e3e3e35936527a59654264,04_experiment_results,False,False,,
<SOURCE_ROOT>/training_data/results/Step2H/production/Step2H_Production_Log.log,training_data/results/Step2H/production/Step2H_Production_Log.log,Step2H_Production_Log.log,.log,324,0.000309,2026-09-24T13:12:21,dc5374b37cfe1e8e7b78afe5f989fd1f6151de8a1301a253ad394e41e0a5bb0f,11_logs,False,False,,
<SOURCE_ROOT>/training_data/results/Step2H/production/Step2H_QC.json,training_data/results/Step2H/production/Step2H_QC.json,Step2H_QC.json,.json,1910,0.001822,2026-09-24T13:12:21,690540abc2c3e5b9b7c863dd384d90b3430f7414cd6f1506f169237fbabe9016,04_experiment_results,False,False,,
<SOURCE_ROOT>/training_data/results/Step2H/production/Step2H_Results.xlsx,training_data/results/Step2H/production/Step2H_Results.xlsx,Step2H_Results.xlsx,.xlsx,87749,0.083684,2026-09-24T13:12:20,160655371b7bce37bcb57b734ecf5bc73674acbba7bb91b0e974d8fa63e6e7d0,04_experiment_results,False,False,,
<SOURCE_ROOT>/training_data/results/Step2H/production/Step2H_Results.xlsx.bounds.json,training_data/results/Step2H/production/Step2H_Results.xlsx.bounds.json,Step2H_Results.xlsx.bounds.json,.json,10966,0.010458,2026-09-24T13:12:21,353ad844a0e044c37c28e80ce39460bd9bfd6f1c7a978e9665e185de6e64c955,04_experiment_results,False,False,,
<SOURCE_ROOT>/training_data/results/Step2H/production/Step2H_Results.xlsx.formula_errors.ndjson,training_data/results/Step2H/production/Step2H_Results.xlsx.formula_errors.ndjson,Step2H_Results.xlsx.formula_errors.ndjson,.ndjson,60,5.7e-05,2026-09-24T13:12:17,acc0111e19cf44d2753fc9ecd164bf1b27fbd65597463a25cf48bd1c65e90146,04_experiment_results,False,False,,
<SOURCE_ROOT>/training_data/results/Step2H/production/Step2H_Results.xlsx.inspect.ndjson,training_data/results/Step2H/production/Step2H_Results.xlsx.inspect.ndjson,Step2H_Results.xlsx.inspect.ndjson,.ndjson,4111862,3.921377,2026-09-24T13:12:20,d9f760f0d8f7b110c3f4438a495981c06dd484d6758b6873cf3a9632a96e16f9,04_experiment_results,False,False,,
<SOURCE_ROOT>/training_data/results/Step2H/production/Step2H_Results.xlsx.reimport.ndjson,training_data/results/Step2H/production/Step2H_Results.xlsx.reimport.ndjson,Step2H_Results.xlsx.reimport.ndjson,.ndjson,13987,0.013339,2026-09-24T13:12:21,86a4ab46a77c8a72ef8d86592e53a1feae7427089db0e2b0cad654731251913e,04_experiment_results,False,False,,
<SOURCE_ROOT>/training_data/results/Step2H/production/Step2H_Runtime.json,training_data/results/Step2H/production/Step2H_Runtime.json,Step2H_Runtime.json,.json,264,0.000252,2026-09-24T13:12:21,4869419aa3fa28d30b290b4b7e6a91e5aaaab29a5f8725f31b974d61d91001e6,05_metrics,False,False,,
<SOURCE_ROOT>/training_data/results/Step2H/production/Step2H_Stratified_DeltaNR.csv,training_data/results/Step2H/production/Step2H_Stratified_DeltaNR.csv,Step2H_Stratified_DeltaNR.csv,.csv,21428,0.020435,2026-09-24T13:12:15,2b525308edabcc15b7b74192baa5218c1c33a7a395595f62dbce2a31ea14ffa4,04_experiment_results,False,False,,
<SOURCE_ROOT>/training_data/results/Step2H/production/Step2H_Stratified_Performance.csv,training_data/results/Step2H/production/Step2H_Stratified_Performance.csv,Step2H_Stratified_Performance.csv,.csv,7140,0.006809,2026-09-24T13:12:15,39853aeefc5535bfcd313423be566b471f7e558a198399972050973a7ffcefdc,04_experiment_results,False,False,,
<SOURCE_ROOT>/training_data/results/Step2H/production/workbook_previews/BOOTSTRAP.png,training_data/results/Step2H/production/workbook_previews/BOOTSTRAP.png,BOOTSTRAP.png,.png,316741,0.302068,2026-09-24T13:12:18,4c1e4ab95ec7060385f5ad4cc738dcd065b17f46c77f25065c3550fa59c900a6,04_experiment_results,False,False,,
<SOURCE_ROOT>/training_data/results/Step2H/production/workbook_previews/CORRELATIONS.png,training_data/results/Step2H/production/workbook_previews/CORRELATIONS.png,CORRELATIONS.png,.png,44329,0.042275,2026-09-24T13:12:19,785d4a2870bfda27d4558e35d6f52279dfcc25bf01423ed7384b143a4f9a197a,04_experiment_results,False,False,,
<SOURCE_ROOT>/training_data/results/Step2H/production/workbook_previews/DELTA_NR.png,training_data/results/Step2H/production/workbook_previews/DELTA_NR.png,DELTA_NR.png,.png,316019,0.301379,2026-09-24T13:12:18,b532e6f8beb92ff1bef94c653e73761c55de713619b0db15fac1575eb5f87ce8,04_experiment_results,False,False,,
<SOURCE_ROOT>/training_data/results/Step2H/production/workbook_previews/EVALUATOR_SENSITIVITY.png,training_data/results/Step2H/production/workbook_previews/EVALUATOR_SENSITIVITY.png,EVALUATOR_SENSITIVITY.png,.png,290140,0.276699,2026-09-24T13:12:18,52729bc4cb99ebdda0bb387b9ed90bb6da844f8da2ac3b6017fba701268aa36e,04_experiment_results,False,False,,
<SOURCE_ROOT>/training_data/results/Step2H/production/workbook_previews/FAILURE_PROFILE.png,training_data/results/Step2H/production/workbook_previews/FAILURE_PROFILE.png,FAILURE_PROFILE.png,.png,45381,0.043279,2026-09-24T13:12:18,d82177d653d87a6d24187d8a2280f221f76717370109a8254474b64c54642e83,04_experiment_results,False,False,,
<SOURCE_ROOT>/training_data/results/Step2H/production/workbook_previews/HIGH_CONF_FAILURE.png,training_data/results/Step2H/production/workbook_previews/HIGH_CONF_FAILURE.png,HIGH_CONF_FAILURE.png,.png,626006,0.597006,2026-09-24T13:12:18,6cc438fba170f372a7f56baa2f4d1dc62c5ad22cf6ff15eeb0ff93e9085b24f4,04_experiment_results,False,False,,
<SOURCE_ROOT>/training_data/results/Step2H/production/workbook_previews/INTEGRITY.png,training_data/results/Step2H/production/workbook_previews/INTEGRITY.png,INTEGRITY.png,.png,37412,0.035679,2026-09-24T13:12:19,eb66c39efb53c29a5f4552b11731f6cf5781dc32a108384be008c6383c3b51ad,04_experiment_results,False,True,,
<SOURCE_ROOT>/training_data/results/Step2H/production/workbook_previews/QC.png,training_data/results/Step2H/production/workbook_previews/QC.png,QC.png,.png,86714,0.082697,2026-09-24T13:12:19,4c7eec7d4517075e5501b888dd9d80869123923baeb995b8e92e637df857e402,04_experiment_results,False,True,,
<SOURCE_ROOT>/training_data/results/Step2H/production/workbook_previews/README.png,training_data/results/Step2H/production/workbook_previews/README.png,README.png,.png,15952,0.015213,2026-09-24T13:12:18,a23c2a5bbb7117e869f91b5d186839be3539048287417c1854a5a951861a4a4f,04_experiment_results,False,False,,
<SOURCE_ROOT>/training_data/results/Step2H/production/workbook_previews/RUNTIME.png,training_data/results/Step2H/production/workbook_previews/RUNTIME.png,RUNTIME.png,.png,16028,0.015285,2026-09-24T13:12:19,8acdbe7f67cdf80ea3fa36ac67007709190213b785ce508bcd8c322137e634d5,05_metrics,False,False,,
<SOURCE_ROOT>/training_data/results/Step2H/production/workbook_previews/STRATIFIED_PERFORMANCE.png,training_data/results/Step2H/production/workbook_previews/STRATIFIED_PERFORMANCE.png,STRATIFIED_PERFORMANCE.png,.png,256988,0.245083,2026-09-24T13:12:18,4cc9d6abb6156b75ec0e196ba31022aa43811bf5c1fbfd96fcf71e4573c33f81,04_experiment_results,False,False,,
<SOURCE_ROOT>/training_data/results/Step2H/production/workbook_previews/THRESHOLDS.png,training_data/results/Step2H/production/workbook_previews/THRESHOLDS.png,THRESHOLDS.png,.png,53089,0.05063,2026-09-24T13:12:18,434b14c81a8275d97f3bbdcde036ae5d48bee7da470faaecfee396332d73ea80,04_experiment_results,False,False,,
<SOURCE_ROOT>/training_data/results/Step2H/smoke/.step2h_artifact_marker_recorded,training_data/results/Step2H/smoke/.step2h_artifact_marker_recorded,.step2h_artifact_marker_recorded,,8,8e-06,2026-09-24T13:02:34,3d96a458120e68868ccca6bad66be3fc8df4627a6b7372d69b98d3ba7688774d,04_experiment_results,False,True,,
<SOURCE_ROOT>/training_data/results/Step2H/smoke/.step2h_workbook_payload.json,training_data/results/Step2H/smoke/.step2h_workbook_payload.json,.step2h_workbook_payload.json,.json,152929,0.145844,2026-09-24T13:04:12,281f17d6a8b507172bad1ec9d184e3503dc031e892f33950e44242cc5fff07c6,04_experiment_results,False,False,,
<SOURCE_ROOT>/training_data/results/Step2H/smoke/Step2H_Bootstrap_Comparisons.csv,training_data/results/Step2H/smoke/Step2H_Bootstrap_Comparisons.csv,Step2H_Bootstrap_Comparisons.csv,.csv,173,0.000165,2026-09-24T13:04:12,0a452e06984f591b5cfb6a202f82ee0c34e7968deab7ed6db1489fe2a6b475a1,04_experiment_results,False,False,,
<SOURCE_ROOT>/training_data/results/Step2H/smoke/Step2H_Boundary_Thresholds.csv,training_data/results/Step2H/smoke/Step2H_Boundary_Thresholds.csv,Step2H_Boundary_Thresholds.csv,.csv,767,0.000731,2026-09-24T13:04:12,7055c0359f9c8f2b73311cb7db02d9938527080b7c0d3003259e271e48f2f49b,04_experiment_results,False,False,,
<SOURCE_ROOT>/training_data/results/Step2H/smoke/Step2H_Context_Correlations.csv,training_data/results/Step2H/smoke/Step2H_Context_Correlations.csv,Step2H_Context_Correlations.csv,.csv,601,0.000573,2026-09-24T13:04:12,15125b39460cb8619bed194c9de8d6f6bf115e75578c9d072822081082f52c61,04_experiment_results,False,False,,
<SOURCE_ROOT>/training_data/results/Step2H/smoke/Step2H_Evaluator_Sensitivity.csv,training_data/results/Step2H/smoke/Step2H_Evaluator_Sensitivity.csv,Step2H_Evaluator_Sensitivity.csv,.csv,11195,0.010676,2026-09-24T13:04:12,f1bb51ef80e946e7850e4e323bb86127f93d7f98eb8cc133c308149d5b8569c2,04_experiment_results,False,False,,
<SOURCE_ROOT>/training_data/results/Step2H/smoke/Step2H_Failure_Profile.csv,training_data/results/Step2H/smoke/Step2H_Failure_Profile.csv,Step2H_Failure_Profile.csv,.csv,766,0.000731,2026-09-24T13:04:12,f719dbbd7fa8940ae27ad87a49802d44279d264d980bd9b852f6241c1272f04d,04_experiment_results,False,False,,
<SOURCE_ROOT>/training_data/results/Step2H/smoke/Step2H_HighConfidence_Failures.csv,training_data/results/Step2H/smoke/Step2H_HighConfidence_Failures.csv,Step2H_HighConfidence_Failures.csv,.csv,2749,0.002622,2026-09-24T13:04:12,7f419722e3e3f420028824c167b78241ec8f967e1ad8548c714ceee3ac5cc2d7,05_metrics,False,False,,
<SOURCE_ROOT>/training_data/results/Step2H/smoke/Step2H_Integrity_Audit.json,training_data/results/Step2H/smoke/Step2H_Integrity_Audit.json,Step2H_Integrity_Audit.json,.json,533,0.000508,2026-09-24T13:04:15,2094d695fabcc3ae0dca5627016f927dd5fddfa3f63cdb44ec08c5b64ebfb3b4,04_experiment_results,False,True,,
<SOURCE_ROOT>/training_data/results/Step2H/smoke/Step2H_Smoke_Log.log,training_data/results/Step2H/smoke/Step2H_Smoke_Log.log,Step2H_Smoke_Log.log,.log,1125,0.001073,2026-09-24T13:04:15,106d781f65b70ba778901599f36b468ac91442c8ea222a867ec35e981cf2aecf,11_logs,False,False,,
<SOURCE_ROOT>/training_data/results/Step2H/smoke/Step2H_Smoke_QC.json,training_data/results/Step2H/smoke/Step2H_Smoke_QC.json,Step2H_Smoke_QC.json,.json,1901,0.001813,2026-09-24T13:04:15,0934d1d74a640a50b4bcc998499ccf72dc5a23c5a98f1eeca567e08e4d9df7ec,04_experiment_results,False,False,,
<SOURCE_ROOT>/training_data/results/Step2H/smoke/Step2H_Smoke_Runtime.json,training_data/results/Step2H/smoke/Step2H_Smoke_Runtime.json,Step2H_Smoke_Runtime.json,.json,262,0.00025,2026-09-24T13:04:15,fe42c03e49ab0e8cc527d1ef9c7f17851fbac8e6754a7bc4bb423e65d3b58a48,05_metrics,False,False,,
<SOURCE_ROOT>/training_data/results/Step2H/smoke/Step2H_Smoke_Summary.xlsx,training_data/results/Step2H/smoke/Step2H_Smoke_Summary.xlsx,Step2H_Smoke_Summary.xlsx,.xlsx,37404,0.035671,2026-09-24T13:04:15,2d98f4179f502c9bf97acd15b8d6b9b0529ecf92dbf1657016e9ebed624165c6,04_experiment_results,False,False,,
<SOURCE_ROOT>/training_data/results/Step2H/smoke/Step2H_Smoke_Summary.xlsx.bounds.json,training_data/results/Step2H/smoke/Step2H_Smoke_Summary.xlsx.bounds.json,Step2H_Smoke_Summary.xlsx.bounds.json,.json,9724,0.009274,2026-09-24T13:04:15,80fff8d6957c36f5dad3f8bda069bd86c1d327574b2d87e6ba41fc2f2513c613,04_experiment_results,False,False,,
<SOURCE_ROOT>/training_data/results/Step2H/smoke/Step2H_Smoke_Summary.xlsx.formula_errors.ndjson,training_data/results/Step2H/smoke/Step2H_Smoke_Summary.xlsx.formula_errors.ndjson,Step2H_Smoke_Summary.xlsx.formula_errors.ndjson,.ndjson,60,5.7e-05,2026-09-24T13:04:13,acc0111e19cf44d2753fc9ecd164bf1b27fbd65597463a25cf48bd1c65e90146,04_experiment_results,False,False,,
<SOURCE_ROOT>/training_data/results/Step2H/smoke/Step2H_Smoke_Summary.xlsx.inspect.ndjson,training_data/results/Step2H/smoke/Step2H_Smoke_Summary.xlsx.inspect.ndjson,Step2H_Smoke_Summary.xlsx.inspect.ndjson,.ndjson,1490131,1.4211,2026-09-24T13:04:15,9e5646e9cc8a7e17750906d073423e7acc7c2bd024edb790c8aaad2dad3c403b,04_experiment_results,False,False,,
<SOURCE_ROOT>/training_data/results/Step2H/smoke/Step2H_Smoke_Summary.xlsx.reimport.ndjson,training_data/results/Step2H/smoke/Step2H_Smoke_Summary.xlsx.reimport.ndjson,Step2H_Smoke_Summary.xlsx.reimport.ndjson,.ndjson,11014,0.010504,2026-09-24T13:04:15,0a72cdee79b0bddf3445af3db49a892a63bf08cce46400fc7204d3fb489eeb0d,04_experiment_results,False,False,,
<SOURCE_ROOT>/training_data/results/Step2H/smoke/Step2H_Stratified_DeltaNR.csv,training_data/results/Step2H/smoke/Step2H_Stratified_DeltaNR.csv,Step2H_Stratified_DeltaNR.csv,.csv,14022,0.013372,2026-09-24T13:04:12,9d327de9f6b2ada8124337fff79977a8452025fd9836965e4d581e7f1fe8f4d0,04_experiment_results,False,False,,
<SOURCE_ROOT>/training_data/results/Step2H/smoke/Step2H_Stratified_Performance.csv,training_data/results/Step2H/smoke/Step2H_Stratified_Performance.csv,Step2H_Stratified_Performance.csv,.csv,6294,0.006002,2026-09-24T13:04:12,9e3065d79812a7950b2d34433d60a9e5a9e36230938c25157c835bab64504dea,04_experiment_results,False,False,,
<SOURCE_ROOT>/training_data/results/Step2H/smoke/workbook_previews/BOOTSTRAP.png,training_data/results/Step2H/smoke/workbook_previews/BOOTSTRAP.png,BOOTSTRAP.png,.png,5476,0.005222,2026-09-24T13:04:14,5471ee8ab611895e45c6976033fce48d061a4400c6669634962894fd97f7589a,04_experiment_results,False,False,,
<SOURCE_ROOT>/training_data/results/Step2H/smoke/workbook_previews/CORRELATIONS.png,training_data/results/Step2H/smoke/workbook_previews/CORRELATIONS.png,CORRELATIONS.png,.png,44739,0.042666,2026-09-24T13:04:14,45b53b5e1cd4e0032dc398e6a0f838874e1eec51100781494affd83ca73cb9ac,04_experiment_results,False,False,,
<SOURCE_ROOT>/training_data/results/Step2H/smoke/workbook_previews/DELTA_NR.png,training_data/results/Step2H/smoke/workbook_previews/DELTA_NR.png,DELTA_NR.png,.png,292308,0.278767,2026-09-24T13:04:13,7737eae60aea189b13b3f79bd697818191b049166ae1b2a017de6bb830bf357c,04_experiment_results,False,False,,
<SOURCE_ROOT>/training_data/results/Step2H/smoke/workbook_previews/EVALUATOR_SENSITIVITY.png,training_data/results/Step2H/smoke/workbook_previews/EVALUATOR_SENSITIVITY.png,EVALUATOR_SENSITIVITY.png,.png,272089,0.259484,2026-09-24T13:04:14,820dd0ae492f0f6c33e69490cb727b416b44b5c39ed7e53a075447a9fcda475c,04_experiment_results,False,False,,
<SOURCE_ROOT>/training_data/results/Step2H/smoke/workbook_previews/FAILURE_PROFILE.png,training_data/results/Step2H/smoke/workbook_previews/FAILURE_PROFILE.png,FAILURE_PROFILE.png,.png,37405,0.035672,2026-09-24T13:04:13,b06582c90457191d7ddd993a990b9f4aed2f5a337920e92b56da8a6595741a22,04_experiment_results,False,False,,
<SOURCE_ROOT>/training_data/results/Step2H/smoke/workbook_previews/HIGH_CONF_FAILURE.png,training_data/results/Step2H/smoke/workbook_previews/HIGH_CONF_FAILURE.png,HIGH_CONF_FAILURE.png,.png,247382,0.235922,2026-09-24T13:04:14,5b480396963ecd8da1b1970d5c688a024535e50ba28c57bdd790dd8f8af3f436,04_experiment_results,False,False,,
<SOURCE_ROOT>/training_data/results/Step2H/smoke/workbook_previews/INTEGRITY.png,training_data/results/Step2H/smoke/workbook_previews/INTEGRITY.png,INTEGRITY.png,.png,37412,0.035679,2026-09-24T13:04:14,eb66c39efb53c29a5f4552b11731f6cf5781dc32a108384be008c6383c3b51ad,04_experiment_results,False,True,,
<SOURCE_ROOT>/training_data/results/Step2H/smoke/workbook_previews/QC.png,training_data/results/Step2H/smoke/workbook_previews/QC.png,QC.png,.png,86714,0.082697,2026-09-24T13:04:14,4c7eec7d4517075e5501b888dd9d80869123923baeb995b8e92e637df857e402,04_experiment_results,False,True,,
<SOURCE_ROOT>/training_data/results/Step2H/smoke/workbook_previews/README.png,training_data/results/Step2H/smoke/workbook_previews/README.png,README.png,.png,15608,0.014885,2026-09-24T13:04:13,ea7e6081f2e18bcfd3af4b86562b88d75d5ac45dab895aa3c0278bdf55604984,04_experiment_results,False,False,,
<SOURCE_ROOT>/training_data/results/Step2H/smoke/workbook_previews/RUNTIME.png,training_data/results/Step2H/smoke/workbook_previews/RUNTIME.png,RUNTIME.png,.png,15432,0.014717,2026-09-24T13:04:14,42f6581e4391fcee1a9c23ae8b47496e93c87c4ff1da04845d8095df9ff62e53,05_metrics,False,False,,
<SOURCE_ROOT>/training_data/results/Step2H/smoke/workbook_previews/STRATIFIED_PERFORMANCE.png,training_data/results/Step2H/smoke/workbook_previews/STRATIFIED_PERFORMANCE.png,STRATIFIED_PERFORMANCE.png,.png,233901,0.223065,2026-09-24T13:04:13,3bcf897b0f07b8232bc911ceefc957296812bb25f6d8c0f4948931e11292355f,04_experiment_results,False,False,,
<SOURCE_ROOT>/training_data/results/Step2H/smoke/workbook_previews/THRESHOLDS.png,training_data/results/Step2H/smoke/workbook_previews/THRESHOLDS.png,THRESHOLDS.png,.png,52691,0.05025,2026-09-24T13:04:13,0f0ff4a430752df3b42a91bb9cbddbbd5051ffc911f8925924fe55284eb44bf6,04_experiment_results,False,False,,
<SOURCE_ROOT>/training_data/results/最终结果/00_README_AND_INDEX/Final_Results_Archive_Status.json,training_data/results/最终结果/00_README_AND_INDEX/Final_Results_Archive_Status.json,Final_Results_Archive_Status.json,.json,340,0.000324,2026-09-24T16:59:20,0817171760b2c9d228ee8cf52fc5e111ae95dcaf48c8e25584d309c45a8dd53e,04_experiment_results,False,False,,
<SOURCE_ROOT>/training_data/results/最终结果/00_README_AND_INDEX/README.md,training_data/results/最终结果/00_README_AND_INDEX/README.md,README.md,.md,202,0.000193,2026-09-24T16:59:20,db494a26cb41b83faa87e36a65eae108cdc2953e5fd455dc399766529046a3be,04_experiment_results,False,False,,
<SOURCE_ROOT>/training_data/results/最终结果/11_STATS_FREEZE/Final_Platt_Model.joblib,training_data/results/最终结果/11_STATS_FREEZE/Final_Platt_Model.joblib,Final_Platt_Model.joblib,.joblib,863,0.000823,2026-09-24T15:50:31,8d742b6720ecf49118beb348017d6cfc7bdfc59afec639fcc59ab5c945997629,04_experiment_results,False,True,,
<SOURCE_ROOT>/training_data/results/最终结果/11_STATS_FREEZE/Final_Platt_Refit.json,training_data/results/最终结果/11_STATS_FREEZE/Final_Platt_Refit.json,Final_Platt_Refit.json,.json,811,0.000773,2026-09-24T15:50:31,298c479ea8305a4772cdccab5c98ba7d22603d754a3da9d6d7dcf80a9513a9ed,04_experiment_results,False,True,,
<SOURCE_ROOT>/training_data/results/最终结果/11_STATS_FREEZE/Final_Platt_Training_Predictions.csv,training_data/results/最终结果/11_STATS_FREEZE/Final_Platt_Training_Predictions.csv,Final_Platt_Training_Predictions.csv,.csv,158914,0.151552,2026-09-24T15:50:31,95a9a89aabc05c9fa9347204e4161c98f9e290a78d8e8f31a8555cfb038dcb34,09_model_outputs,False,True,,
<SOURCE_ROOT>/training_data/results/最终结果/11_STATS_FREEZE/FINAL_TEST_PROTOCOL.md,training_data/results/最终结果/11_STATS_FREEZE/FINAL_TEST_PROTOCOL.md,FINAL_TEST_PROTOCOL.md,.md,1085,0.001035,2026-09-24T15:50:31,dc8e471f7af0fcab3920ce87c5e3a6cc93ad0af4408a55e07967793e577565e9,04_experiment_results,False,True,,
<SOURCE_ROOT>/training_data/results/最终结果/11_STATS_FREEZE/FinalTest_Safe_Preflight.json,training_data/results/最终结果/11_STATS_FREEZE/FinalTest_Safe_Preflight.json,FinalTest_Safe_Preflight.json,.json,2863,0.00273,2026-09-24T16:01:37,ebdfd7683c99eef3296dca3cb3c2bc9741ede0e3fc66df5f0de3acffd6df7218,04_experiment_results,False,True,,
<SOURCE_ROOT>/training_data/results/最终结果/11_STATS_FREEZE/Stats_Freeze_Boundary_Confirmatory.csv,training_data/results/最终结果/11_STATS_FREEZE/Stats_Freeze_Boundary_Confirmatory.csv,Stats_Freeze_Boundary_Confirmatory.csv,.csv,1300,0.00124,2026-09-24T15:50:31,829a7654b618db7881db1341dad8a0f263acf04eb8a7d8ddee63733b9c8fe314,04_experiment_results,False,True,,
<SOURCE_ROOT>/training_data/results/最终结果/11_STATS_FREEZE/Stats_Freeze_Boundary_Supporting.csv,training_data/results/最终结果/11_STATS_FREEZE/Stats_Freeze_Boundary_Supporting.csv,Stats_Freeze_Boundary_Supporting.csv,.csv,1359,0.001296,2026-09-24T15:50:31,d0b5e97ebbe3a463eb239784b91152f2cd7f5866ab8e2c22840f63b4595909bd,04_experiment_results,False,True,,
<SOURCE_ROOT>/training_data/results/最终结果/11_STATS_FREEZE/Stats_Freeze_Claims.csv,training_data/results/最终结果/11_STATS_FREEZE/Stats_Freeze_Claims.csv,Stats_Freeze_Claims.csv,.csv,388,0.00037,2026-09-24T15:50:31,914cbee7a0196797e953db839599c94b3d448303baac2d897062dd6c14fc7586,04_experiment_results,False,True,,
<SOURCE_ROOT>/training_data/results/最终结果/11_STATS_FREEZE/Stats_Freeze_Comparisons.csv,training_data/results/最终结果/11_STATS_FREEZE/Stats_Freeze_Comparisons.csv,Stats_Freeze_Comparisons.csv,.csv,815,0.000777,2026-09-24T15:50:31,184fc273ebdc47cc8095489bdef1891173ac56c35fcb4ba6be489e0466eede5d,04_experiment_results,False,True,,
<SOURCE_ROOT>/training_data/results/最终结果/11_STATS_FREEZE/STATS_FREEZE_COMPLETE.json,training_data/results/最终结果/11_STATS_FREEZE/STATS_FREEZE_COMPLETE.json,STATS_FREEZE_COMPLETE.json,.json,225,0.000215,2026-09-24T15:50:31,3eaa757b0c59811961f34173cd559656ebd13f7e6f95e18babf07ca306f4f630,04_experiment_results,False,True,,
<SOURCE_ROOT>/training_data/results/最终结果/11_STATS_FREEZE/Stats_Freeze_Config.json,training_data/results/最终结果/11_STATS_FREEZE/Stats_Freeze_Config.json,Stats_Freeze_Config.json,.json,2691,0.002566,2026-09-24T15:50:31,7b7778f32cea7c3db71b5bccf2263ac9cf451e374b7eb85b70f9b279efb49c52,10_configs,False,True,,
<SOURCE_ROOT>/training_data/results/最终结果/11_STATS_FREEZE/Stats_Freeze_EffectSizes.csv,training_data/results/最终结果/11_STATS_FREEZE/Stats_Freeze_EffectSizes.csv,Stats_Freeze_EffectSizes.csv,.csv,338,0.000322,2026-09-24T15:50:31,ba6f9be2641cf7e338466a9cddf02e0934f6a5be90967eb38a6f8fd22c59bfd9,04_experiment_results,False,True,,
<SOURCE_ROOT>/training_data/results/最终结果/11_STATS_FREEZE/Stats_Freeze_FinalTest_OutputContract.json,training_data/results/最终结果/11_STATS_FREEZE/Stats_Freeze_FinalTest_OutputContract.json,Stats_Freeze_FinalTest_OutputContract.json,.json,1409,0.001344,2026-09-24T15:50:31,c6f981d5b8d3cfce3775b5727d6de0fa69aa58172a521051b271b715e39b2d93,04_experiment_results,False,True,,
<SOURCE_ROOT>/training_data/results/最终结果/11_STATS_FREEZE/Stats_Freeze_Hypotheses.csv,training_data/results/最终结果/11_STATS_FREEZE/Stats_Freeze_Hypotheses.csv,Stats_Freeze_Hypotheses.csv,.csv,1737,0.001657,2026-09-24T15:50:31,d30fe2a87b4014299c51829cbe017c530ef6254c4e9834c56b543c62abfb6e44,04_experiment_results,False,True,,
<SOURCE_ROOT>/training_data/results/最终结果/11_STATS_FREEZE/Stats_Freeze_Manifest_SHA256.csv,training_data/results/最终结果/11_STATS_FREEZE/Stats_Freeze_Manifest_SHA256.csv,Stats_Freeze_Manifest_SHA256.csv,.csv,5705,0.005441,2026-09-24T15:50:31,d5d7cdaa7c57eb23245b78f4da21ce2e11d3af9a59a3ce50a5d14ffb636f8019,04_experiment_results,False,True,,
<SOURCE_ROOT>/training_data/results/最终结果/11_STATS_FREEZE/Stats_Freeze_Metrics.csv,training_data/results/最终结果/11_STATS_FREEZE/Stats_Freeze_Metrics.csv,Stats_Freeze_Metrics.csv,.csv,1035,0.000987,2026-09-24T15:50:31,e3ed064ef2f0b9fbf29fc1f49d51e5af14460ec97d0c669e8bb57f7e8e385b4c,05_metrics,False,True,,
<SOURCE_ROOT>/training_data/results/最终结果/11_STATS_FREEZE/Stats_Freeze_Multiplicity.csv,training_data/results/最终结果/11_STATS_FREEZE/Stats_Freeze_Multiplicity.csv,Stats_Freeze_Multiplicity.csv,.csv,153,0.000146,2026-09-24T15:50:31,71ef469b52aa88de0b3228ac51d68e7cba46812623d54b6c242b84a7e50fd56a,05_metrics,False,True,,
<SOURCE_ROOT>/training_data/results/最终结果/11_STATS_FREEZE/Stats_Freeze_Summary.json,training_data/results/最终结果/11_STATS_FREEZE/Stats_Freeze_Summary.json,Stats_Freeze_Summary.json,.json,680,0.000648,2026-09-24T15:50:31,66e843fadb78dc800e404fc34c760b4ed6c40daa124164e1798abdd5a7bc52e2,04_experiment_results,False,True,,
<SOURCE_ROOT>/training_data/results/最终结果/12_FINAL_TEST/FINAL_TEST_COMPLETE.json,training_data/results/最终结果/12_FINAL_TEST/FINAL_TEST_COMPLETE.json,FINAL_TEST_COMPLETE.json,.json,708,0.000675,2026-09-24T16:58:25,18df5b41926fb97d702ce7c1aee79fdb5a0937d5ad0e43fa847eb10fd2bdeade,04_experiment_results,False,True,,
<SOURCE_ROOT>/training_data/results/最终结果/12_FINAL_TEST/FINAL_TEST_OPENED.json,training_data/results/最终结果/12_FINAL_TEST/FINAL_TEST_OPENED.json,FINAL_TEST_OPENED.json,.json,1061,0.001012,2026-09-24T16:03:13,3b9e4701a18dd874eb51f199393a0cba8c1605397afdfdf2c87a003a2b22808e,04_experiment_results,False,True,,
<SOURCE_ROOT>/training_data/results/最终结果/12_FINAL_TEST/FinalTest_Boundary_Confirmatory.csv,training_data/results/最终结果/12_FINAL_TEST/FinalTest_Boundary_Confirmatory.csv,FinalTest_Boundary_Confirmatory.csv,.csv,451,0.00043,2026-09-24T16:13:12,acf90ad8bfb36909700f87c33e5628f358c257ed87763e8c50a820013a92a66f,04_experiment_results,False,True,,
<SOURCE_ROOT>/training_data/results/最终结果/12_FINAL_TEST/FinalTest_Boundary_Supporting.csv,training_data/results/最终结果/12_FINAL_TEST/FinalTest_Boundary_Supporting.csv,FinalTest_Boundary_Supporting.csv,.csv,1734,0.001654,2026-09-24T16:13:12,6f7acd21fdcdf95a20be3fc92ae07b2ad340f33bd442a10b00a27bb7881def40,04_experiment_results,False,True,,
<SOURCE_ROOT>/training_data/results/最终结果/12_FINAL_TEST/FinalTest_Calibration.csv,training_data/results/最终结果/12_FINAL_TEST/FinalTest_Calibration.csv,FinalTest_Calibration.csv,.csv,290,0.000277,2026-09-24T16:13:12,670ce1d55362eec1716622b57bfec944da869a553522aad79c4d9c0990b41904,05_metrics,False,True,,
<SOURCE_ROOT>/training_data/results/最终结果/12_FINAL_TEST/FinalTest_Claim_Decision_Matrix.csv,training_data/results/最终结果/12_FINAL_TEST/FinalTest_Claim_Decision_Matrix.csv,FinalTest_Claim_Decision_Matrix.csv,.csv,3162,0.003016,2026-09-24T16:13:12,e3beee9a4e502acd5d6f2d488bcc89cff6efe3a030d8ea399fbeed8d3ca1b36a,04_experiment_results,False,True,,
<SOURCE_ROOT>/training_data/results/最终结果/12_FINAL_TEST/FinalTest_Cohort_Audit.csv,training_data/results/最终结果/12_FINAL_TEST/FinalTest_Cohort_Audit.csv,FinalTest_Cohort_Audit.csv,.csv,155146,0.147959,2026-09-24T16:13:12,f06ba7baba7eaa1f8b9a1ec95fd759b916532038569f003734c185db701f76a8,04_experiment_results,False,True,,
<SOURCE_ROOT>/training_data/results/最终结果/12_FINAL_TEST/FinalTest_Confidence_Comparisons.csv,training_data/results/最终结果/12_FINAL_TEST/FinalTest_Confidence_Comparisons.csv,FinalTest_Confidence_Comparisons.csv,.csv,471,0.000449,2026-09-24T16:13:12,a45c2df3777a4dac53889eb5351eaf7fb3a715d4856ae3cc265530bf398c7adf,05_metrics,False,True,,
<SOURCE_ROOT>/training_data/results/最终结果/12_FINAL_TEST/FinalTest_Downstream_GRU_Sensitivity.csv,training_data/results/最终结果/12_FINAL_TEST/FinalTest_Downstream_GRU_Sensitivity.csv,FinalTest_Downstream_GRU_Sensitivity.csv,.csv,511,0.000487,2026-09-24T16:13:12,5cd87fa96ac81e04fc313e90cd33e0561087659c8d850725ce72b9f9ee864b6a,04_experiment_results,False,True,,
<SOURCE_ROOT>/training_data/results/最终结果/12_FINAL_TEST/FinalTest_Downstream_XGB.csv,training_data/results/最终结果/12_FINAL_TEST/FinalTest_Downstream_XGB.csv,FinalTest_Downstream_XGB.csv,.csv,504,0.000481,2026-09-24T16:13:12,d092941d6fa452a7d39e6efc6c582badea486131a98b15a17566dc259a705acb,04_experiment_results,False,True,,
<SOURCE_ROOT>/training_data/results/最终结果/12_FINAL_TEST/FinalTest_Evaluator_Sensitivity.csv,training_data/results/最终结果/12_FINAL_TEST/FinalTest_Evaluator_Sensitivity.csv,FinalTest_Evaluator_Sensitivity.csv,.csv,970,0.000925,2026-09-24T16:13:12,61a68210855fef29f79cb49b1d1d7f3dda06dc0a58f994dd50ef2bf6d02a67ab,04_experiment_results,False,True,,
<SOURCE_ROOT>/training_data/results/最终结果/12_FINAL_TEST/FinalTest_Failure_Profile.csv,training_data/results/最终结果/12_FINAL_TEST/FinalTest_Failure_Profile.csv,FinalTest_Failure_Profile.csv,.csv,245,0.000234,2026-09-24T16:13:12,357fb8abcfc9d3ddb9bbb57731f31fbc46b8f3eba862652e388b367dde398598,04_experiment_results,False,True,,
<SOURCE_ROOT>/training_data/results/最终结果/12_FINAL_TEST/FinalTest_Integrity_Audit.json,training_data/results/最终结果/12_FINAL_TEST/FinalTest_Integrity_Audit.json,FinalTest_Integrity_Audit.json,.json,387,0.000369,2026-09-24T16:13:12,ec2447ddfee7fbdbb3c613c3ffc9d55482fa48d3b4ac41a45435cd82c05510a6,04_experiment_results,False,True,,
<SOURCE_ROOT>/training_data/results/最终结果/12_FINAL_TEST/FinalTest_Multiplicity.csv,training_data/results/最终结果/12_FINAL_TEST/FinalTest_Multiplicity.csv,FinalTest_Multiplicity.csv,.csv,710,0.000677,2026-09-24T16:13:12,86b6ed7fb30915ba9b0313bd5e1383af06776cf3438033835c34d83f8e3797c8,05_metrics,False,True,,
<SOURCE_ROOT>/training_data/results/最终结果/12_FINAL_TEST/FinalTest_PostRecovery_Scientific_Manifest_SHA256.csv,training_data/results/最终结果/12_FINAL_TEST/FinalTest_PostRecovery_Scientific_Manifest_SHA256.csv,FinalTest_PostRecovery_Scientific_Manifest_SHA256.csv,.csv,4443,0.004237,2026-09-24T16:58:25,84abd39eb920c2cf096818cffaa2f0eaff0a42421ffcc1d70be3a997648ab0b5,04_experiment_results,False,True,,
<SOURCE_ROOT>/training_data/results/最终结果/12_FINAL_TEST/FinalTest_PreRecovery_Scientific_Manifest_SHA256.csv,training_data/results/最终结果/12_FINAL_TEST/FinalTest_PreRecovery_Scientific_Manifest_SHA256.csv,FinalTest_PreRecovery_Scientific_Manifest_SHA256.csv,.csv,4443,0.004237,2026-09-24T16:55:51,84abd39eb920c2cf096818cffaa2f0eaff0a42421ffcc1d70be3a997648ab0b5,04_experiment_results,False,True,,
<SOURCE_ROOT>/training_data/results/最终结果/12_FINAL_TEST/FinalTest_PreRecovery_State.json,training_data/results/最终结果/12_FINAL_TEST/FinalTest_PreRecovery_State.json,FinalTest_PreRecovery_State.json,.json,425,0.000405,2026-09-24T16:55:51,72b2e845119d2b97eceaf7ce13cdedff6fcf669cddba4379154d8852cf6771ee,04_experiment_results,False,True,,
<SOURCE_ROOT>/training_data/results/最终结果/12_FINAL_TEST/FinalTest_Primary_Comparisons.csv,training_data/results/最终结果/12_FINAL_TEST/FinalTest_Primary_Comparisons.csv,FinalTest_Primary_Comparisons.csv,.csv,647,0.000617,2026-09-24T16:13:12,cba736d0a398d75e39f7946dbca9dee96bd204127ad80b91b81a62ae27d7a2d0,04_experiment_results,False,True,,
<SOURCE_ROOT>/training_data/results/最终结果/12_FINAL_TEST/FinalTest_Production_Log.log,training_data/results/最终结果/12_FINAL_TEST/FinalTest_Production_Log.log,FinalTest_Production_Log.log,.log,9935,0.009475,2026-09-24T16:13:09,19d4dcf04c2dd01ffaae5b3efb174d3af6630cb93482573374e932611a6979e2,11_logs,False,True,,
<SOURCE_ROOT>/training_data/results/最终结果/12_FINAL_TEST/FinalTest_QC.json,training_data/results/最终结果/12_FINAL_TEST/FinalTest_QC.json,FinalTest_QC.json,.json,198,0.000189,2026-09-24T16:13:12,43566c38bbf8003ef17f2a33296b71c561003324cf7e3a59c68735e86f8c8093,04_experiment_results,False,True,,
<SOURCE_ROOT>/training_data/results/最终结果/12_FINAL_TEST/FinalTest_Results.xlsx,training_data/results/最终结果/12_FINAL_TEST/FinalTest_Results.xlsx,FinalTest_Results.xlsx,.xlsx,124457,0.118691,2026-09-24T16:56:20,7ee1008bc9bd48a86d87c4575bb55f3ea06efbe3c39aecb4595d692d568cc6c0,04_experiment_results,False,True,,
<SOURCE_ROOT>/training_data/results/最终结果/12_FINAL_TEST/FinalTest_Results.xlsx.bounds.json,training_data/results/最终结果/12_FINAL_TEST/FinalTest_Results.xlsx.bounds.json,FinalTest_Results.xlsx.bounds.json,.json,11542,0.011007,2026-09-24T16:56:22,3a386f1c3c1e6613b6093c75a3399d5b7183a5d68e700c9bea34835b9d36ec39,04_experiment_results,False,True,,
<SOURCE_ROOT>/training_data/results/最终结果/12_FINAL_TEST/FinalTest_Results.xlsx.formula_errors.ndjson,training_data/results/最终结果/12_FINAL_TEST/FinalTest_Results.xlsx.formula_errors.ndjson,FinalTest_Results.xlsx.formula_errors.ndjson,.ndjson,60,5.7e-05,2026-09-24T16:56:17,acc0111e19cf44d2753fc9ecd164bf1b27fbd65597463a25cf48bd1c65e90146,04_experiment_results,False,True,,
<SOURCE_ROOT>/training_data/results/最终结果/12_FINAL_TEST/FinalTest_Results.xlsx.inspect.ndjson,training_data/results/最终结果/12_FINAL_TEST/FinalTest_Results.xlsx.inspect.ndjson,FinalTest_Results.xlsx.inspect.ndjson,.ndjson,10847857,10.345323,2026-09-24T16:56:20,e35abbbcd4418cf8bfedb720da2924298936bbc28513e6ac972a9698fb182090,04_experiment_results,False,True,,
<SOURCE_ROOT>/training_data/results/最终结果/12_FINAL_TEST/FinalTest_Results.xlsx.reimport.ndjson,training_data/results/最终结果/12_FINAL_TEST/FinalTest_Results.xlsx.reimport.ndjson,FinalTest_Results.xlsx.reimport.ndjson,.ndjson,15110,0.01441,2026-09-24T16:56:22,c1589f09ee5896ea58d05cfafa790e9f18c6640dab9461b8477fa6bc5f8cb312,04_experiment_results,False,True,,
<SOURCE_ROOT>/training_data/results/最终结果/12_FINAL_TEST/FinalTest_RiskCoverage_Curve.csv,training_data/results/最终结果/12_FINAL_TEST/FinalTest_RiskCoverage_Curve.csv,FinalTest_RiskCoverage_Curve.csv,.csv,205415,0.195899,2026-09-24T16:13:12,f8db69778ca2f618e9e3b433fd1cfb425cd37303b94a787aed0911e08db679a9,05_metrics,False,True,,
<SOURCE_ROOT>/training_data/results/最终结果/12_FINAL_TEST/FinalTest_RiskCoverage_FixedCoverage.csv,training_data/results/最终结果/12_FINAL_TEST/FinalTest_RiskCoverage_FixedCoverage.csv,FinalTest_RiskCoverage_FixedCoverage.csv,.csv,871,0.000831,2026-09-24T16:13:12,a2f64795b5828d3d880ff6deb45a1442a1e79c5ff0895c4d33f4ae26779078af,05_metrics,False,True,,
<SOURCE_ROOT>/training_data/results/最终结果/12_FINAL_TEST/FinalTest_Runtime.json,training_data/results/最终结果/12_FINAL_TEST/FinalTest_Runtime.json,FinalTest_Runtime.json,.json,110,0.000105,2026-09-24T16:13:12,8fc47674ed3b4ee2de3880cf28774437844c03e674cb245925a236a72cf3f06e,05_metrics,False,True,,
<SOURCE_ROOT>/training_data/results/最终结果/12_FINAL_TEST/FinalTest_Scientific_Immutability_Audit.json,training_data/results/最终结果/12_FINAL_TEST/FinalTest_Scientific_Immutability_Audit.json,FinalTest_Scientific_Immutability_Audit.json,.json,293,0.000279,2026-09-24T16:58:25,0c63d8dff7c63dc526c65846dd1de91b1f2d47ef0446e4f8ca846f7f6745646a,04_experiment_results,False,True,,
<SOURCE_ROOT>/training_data/results/最终结果/12_FINAL_TEST/FinalTest_Selector_Performance.csv,training_data/results/最终结果/12_FINAL_TEST/FinalTest_Selector_Performance.csv,FinalTest_Selector_Performance.csv,.csv,1506,0.001436,2026-09-24T16:13:12,3427a6b05aad2757f350e9cf5498f9de138536179c9cf1c83bf68325f3f89be8,09_model_outputs,False,True,,
<SOURCE_ROOT>/training_data/results/最终结果/12_FINAL_TEST/FinalTest_Technical_Recovery.json,training_data/results/最终结果/12_FINAL_TEST/FinalTest_Technical_Recovery.json,FinalTest_Technical_Recovery.json,.json,856,0.000816,2026-09-24T16:58:25,625144316488032987bbf5390eafda50ebe27f2810b3612b5c2bb0dd0567a9ff,04_experiment_results,False,True,,
<SOURCE_ROOT>/training_data/results/最终结果/12_FINAL_TEST/FinalTest_Technical_Recovery.log,training_data/results/最终结果/12_FINAL_TEST/FinalTest_Technical_Recovery.log,FinalTest_Technical_Recovery.log,.log,302,0.000288,2026-09-24T16:58:25,9844061657badcd385dbbdfe544261e0bd1eb83c1dd9b44aadf6f0d0202a1d81,11_logs,False,True,,
<SOURCE_ROOT>/training_data/results/最终结果/12_FINAL_TEST/FinalTest_Workbook_Recovery_QC.json,training_data/results/最终结果/12_FINAL_TEST/FinalTest_Workbook_Recovery_QC.json,FinalTest_Workbook_Recovery_QC.json,.json,1562,0.00149,2026-09-24T16:58:25,1765463f1dcabcda7153ef61231daf318471d1277fe91e09b179553f9e1dc373,04_experiment_results,False,True,,
<SOURCE_ROOT>/training_data/results/最终结果/12_FINAL_TEST/FinalTest_WorkbookPayload_NonFinite_Audit.csv,training_data/results/最终结果/12_FINAL_TEST/FinalTest_WorkbookPayload_NonFinite_Audit.csv,FinalTest_WorkbookPayload_NonFinite_Audit.csv,.csv,5218,0.004976,2026-09-24T16:55:51,6002df994bd1da9b74dc3b7f52b19d35dc9ea72b3ce0029bbb1195322b5746e4,04_experiment_results,False,True,,
<SOURCE_ROOT>/training_data/results/最终结果/12_FINAL_TEST/FinalTest_WorkbookPayload_Sanitization.json,training_data/results/最终结果/12_FINAL_TEST/FinalTest_WorkbookPayload_Sanitization.json,FinalTest_WorkbookPayload_Sanitization.json,.json,980,0.000935,2026-09-24T16:56:06,9ed6aa09d736e6804cdd2ac3e988d75b394f98a40316e5dfcfe9fb94f28f0281,04_experiment_results,False,True,,
<SOURCE_ROOT>/training_data/results/最终结果/17_QC_AND_INTEGRITY/FINAL_TEST_COMPLETE.json,training_data/results/最终结果/17_QC_AND_INTEGRITY/FINAL_TEST_COMPLETE.json,FINAL_TEST_COMPLETE.json,.json,708,0.000675,2026-09-24T16:58:25,18df5b41926fb97d702ce7c1aee79fdb5a0937d5ad0e43fa847eb10fd2bdeade,04_experiment_results,False,True,,
<SOURCE_ROOT>/training_data/results/最终结果/17_QC_AND_INTEGRITY/FINAL_TEST_OPENED.json,training_data/results/最终结果/17_QC_AND_INTEGRITY/FINAL_TEST_OPENED.json,FINAL_TEST_OPENED.json,.json,1061,0.001012,2026-09-24T16:03:13,3b9e4701a18dd874eb51f199393a0cba8c1605397afdfdf2c87a003a2b22808e,04_experiment_results,False,True,,
<SOURCE_ROOT>/training_data/results/最终结果/17_QC_AND_INTEGRITY/FinalTest_Integrity_Audit.json,training_data/results/最终结果/17_QC_AND_INTEGRITY/FinalTest_Integrity_Audit.json,FinalTest_Integrity_Audit.json,.json,387,0.000369,2026-09-24T16:13:12,ec2447ddfee7fbdbb3c613c3ffc9d55482fa48d3b4ac41a45435cd82c05510a6,04_experiment_results,False,True,,
<SOURCE_ROOT>/training_data/results/最终结果/17_QC_AND_INTEGRITY/FinalTest_QC.json,training_data/results/最终结果/17_QC_AND_INTEGRITY/FinalTest_QC.json,FinalTest_QC.json,.json,198,0.000189,2026-09-24T16:13:12,43566c38bbf8003ef17f2a33296b71c561003324cf7e3a59c68735e86f8c8093,04_experiment_results,False,True,,
<SOURCE_ROOT>/training_data/results/最终结果/17_QC_AND_INTEGRITY/FinalTest_Scientific_Immutability_Audit.json,training_data/results/最终结果/17_QC_AND_INTEGRITY/FinalTest_Scientific_Immutability_Audit.json,FinalTest_Scientific_Immutability_Audit.json,.json,293,0.000279,2026-09-24T16:58:25,0c63d8dff7c63dc526c65846dd1de91b1f2d47ef0446e4f8ca846f7f6745646a,04_experiment_results,False,True,,
<SOURCE_ROOT>/training_data/results/最终结果/17_QC_AND_INTEGRITY/FinalTest_Technical_Recovery.json,training_data/results/最终结果/17_QC_AND_INTEGRITY/FinalTest_Technical_Recovery.json,FinalTest_Technical_Recovery.json,.json,856,0.000816,2026-09-24T16:58:25,625144316488032987bbf5390eafda50ebe27f2810b3612b5c2bb0dd0567a9ff,04_experiment_results,False,True,,
<SOURCE_ROOT>/training_data/results/最终结果/17_QC_AND_INTEGRITY/FinalTest_Workbook_Recovery_QC.json,training_data/results/最终结果/17_QC_AND_INTEGRITY/FinalTest_Workbook_Recovery_QC.json,FinalTest_Workbook_Recovery_QC.json,.json,1562,0.00149,2026-09-24T16:58:25,1765463f1dcabcda7153ef61231daf318471d1277fe91e09b179553f9e1dc373,04_experiment_results,False,True,,
<SOURCE_ROOT>/training_data/results/最终结果/18_FREEZE_MANIFESTS/FinalTest_PostRecovery_Scientific_Manifest_SHA256.csv,training_data/results/最终结果/18_FREEZE_MANIFESTS/FinalTest_PostRecovery_Scientific_Manifest_SHA256.csv,FinalTest_PostRecovery_Scientific_Manifest_SHA256.csv,.csv,4443,0.004237,2026-09-24T16:58:25,84abd39eb920c2cf096818cffaa2f0eaff0a42421ffcc1d70be3a997648ab0b5,04_experiment_results,False,True,,
<SOURCE_ROOT>/training_data/results/最终结果/18_FREEZE_MANIFESTS/FinalTest_PreRecovery_Scientific_Manifest_SHA256.csv,training_data/results/最终结果/18_FREEZE_MANIFESTS/FinalTest_PreRecovery_Scientific_Manifest_SHA256.csv,FinalTest_PreRecovery_Scientific_Manifest_SHA256.csv,.csv,4443,0.004237,2026-09-24T16:55:51,84abd39eb920c2cf096818cffaa2f0eaff0a42421ffcc1d70be3a997648ab0b5,04_experiment_results,False,True,,
<SOURCE_ROOT>/training_data/results/最终结果/18_FREEZE_MANIFESTS/Stats_Freeze_Manifest_SHA256.csv,training_data/results/最终结果/18_FREEZE_MANIFESTS/Stats_Freeze_Manifest_SHA256.csv,Stats_Freeze_Manifest_SHA256.csv,.csv,5705,0.005441,2026-09-24T15:50:31,d5d7cdaa7c57eb23245b78f4da21ce2e11d3af9a59a3ce50a5d14ffb636f8019,04_experiment_results,False,True,,
<SOURCE_ROOT>/training_data/results/最终结果/18_FREEZE_MANIFESTS/Step2H_Freeze_Manifest_SHA256.csv,training_data/results/最终结果/18_FREEZE_MANIFESTS/Step2H_Freeze_Manifest_SHA256.csv,Step2H_Freeze_Manifest_SHA256.csv,.csv,1419,0.001353,2026-09-24T15:47:16,99f13ce1d61652a6476fced81d84166697caa9e02fd60ea52d5418d049e46246,04_experiment_results,False,True,,
<SOURCE_ROOT>/training_data/results/最终结果/19_MASTER_TABLES/FinalTest_Boundary_Confirmatory.csv,training_data/results/最终结果/19_MASTER_TABLES/FinalTest_Boundary_Confirmatory.csv,FinalTest_Boundary_Confirmatory.csv,.csv,451,0.00043,2026-09-24T16:13:12,acf90ad8bfb36909700f87c33e5628f358c257ed87763e8c50a820013a92a66f,04_experiment_results,False,True,,
<SOURCE_ROOT>/training_data/results/最终结果/19_MASTER_TABLES/FinalTest_Boundary_Supporting.csv,training_data/results/最终结果/19_MASTER_TABLES/FinalTest_Boundary_Supporting.csv,FinalTest_Boundary_Supporting.csv,.csv,1734,0.001654,2026-09-24T16:13:12,6f7acd21fdcdf95a20be3fc92ae07b2ad340f33bd442a10b00a27bb7881def40,04_experiment_results,False,True,,
<SOURCE_ROOT>/training_data/results/最终结果/19_MASTER_TABLES/FinalTest_Calibration.csv,training_data/results/最终结果/19_MASTER_TABLES/FinalTest_Calibration.csv,FinalTest_Calibration.csv,.csv,290,0.000277,2026-09-24T16:13:12,670ce1d55362eec1716622b57bfec944da869a553522aad79c4d9c0990b41904,05_metrics,False,True,,
<SOURCE_ROOT>/training_data/results/最终结果/19_MASTER_TABLES/FinalTest_Confidence_Comparisons.csv,training_data/results/最终结果/19_MASTER_TABLES/FinalTest_Confidence_Comparisons.csv,FinalTest_Confidence_Comparisons.csv,.csv,471,0.000449,2026-09-24T16:13:12,a45c2df3777a4dac53889eb5351eaf7fb3a715d4856ae3cc265530bf398c7adf,05_metrics,False,True,,
<SOURCE_ROOT>/training_data/results/最终结果/19_MASTER_TABLES/FinalTest_Downstream_GRU_Sensitivity.csv,training_data/results/最终结果/19_MASTER_TABLES/FinalTest_Downstream_GRU_Sensitivity.csv,FinalTest_Downstream_GRU_Sensitivity.csv,.csv,511,0.000487,2026-09-24T16:13:12,5cd87fa96ac81e04fc313e90cd33e0561087659c8d850725ce72b9f9ee864b6a,04_experiment_results,False,True,,
<SOURCE_ROOT>/training_data/results/最终结果/19_MASTER_TABLES/FinalTest_Downstream_XGB.csv,training_data/results/最终结果/19_MASTER_TABLES/FinalTest_Downstream_XGB.csv,FinalTest_Downstream_XGB.csv,.csv,504,0.000481,2026-09-24T16:13:12,d092941d6fa452a7d39e6efc6c582badea486131a98b15a17566dc259a705acb,04_experiment_results,False,True,,
<SOURCE_ROOT>/training_data/results/最终结果/19_MASTER_TABLES/FinalTest_Multiplicity.csv,training_data/results/最终结果/19_MASTER_TABLES/FinalTest_Multiplicity.csv,FinalTest_Multiplicity.csv,.csv,710,0.000677,2026-09-24T16:13:12,86b6ed7fb30915ba9b0313bd5e1383af06776cf3438033835c34d83f8e3797c8,05_metrics,False,True,,
<SOURCE_ROOT>/training_data/results/最终结果/19_MASTER_TABLES/FinalTest_Primary_Comparisons.csv,training_data/results/最终结果/19_MASTER_TABLES/FinalTest_Primary_Comparisons.csv,FinalTest_Primary_Comparisons.csv,.csv,647,0.000617,2026-09-24T16:13:12,cba736d0a398d75e39f7946dbca9dee96bd204127ad80b91b81a62ae27d7a2d0,04_experiment_results,False,True,,
<SOURCE_ROOT>/training_data/results/最终结果/19_MASTER_TABLES/FinalTest_RiskCoverage_FixedCoverage.csv,training_data/results/最终结果/19_MASTER_TABLES/FinalTest_RiskCoverage_FixedCoverage.csv,FinalTest_RiskCoverage_FixedCoverage.csv,.csv,871,0.000831,2026-09-24T16:13:12,a2f64795b5828d3d880ff6deb45a1442a1e79c5ff0895c4d33f4ae26779078af,05_metrics,False,True,,
<SOURCE_ROOT>/training_data/results/最终结果/19_MASTER_TABLES/FinalTest_Selector_Performance.csv,training_data/results/最终结果/19_MASTER_TABLES/FinalTest_Selector_Performance.csv,FinalTest_Selector_Performance.csv,.csv,1506,0.001436,2026-09-24T16:13:12,3427a6b05aad2757f350e9cf5498f9de138536179c9cf1c83bf68325f3f89be8,09_model_outputs,False,True,,
<SOURCE_ROOT>/training_data/results/最终结果/20_PAPER_READY_RESULTS/FinalTest_Claim_Decision_Matrix.csv,training_data/results/最终结果/20_PAPER_READY_RESULTS/FinalTest_Claim_Decision_Matrix.csv,FinalTest_Claim_Decision_Matrix.csv,.csv,3162,0.003016,2026-09-24T16:13:12,e3beee9a4e502acd5d6f2d488bcc89cff6efe3a030d8ea399fbeed8d3ca1b36a,04_experiment_results,False,True,,
<SOURCE_ROOT>/training_data/results/最终结果/20_PAPER_READY_RESULTS/FinalTest_Primary_Comparisons.csv,training_data/results/最终结果/20_PAPER_READY_RESULTS/FinalTest_Primary_Comparisons.csv,FinalTest_Primary_Comparisons.csv,.csv,647,0.000617,2026-09-24T16:13:12,cba736d0a398d75e39f7946dbca9dee96bd204127ad80b91b81a62ae27d7a2d0,04_experiment_results,False,True,,
<SOURCE_ROOT>/training_data/results/最终结果/20_PAPER_READY_RESULTS/FinalTest_Results.xlsx,training_data/results/最终结果/20_PAPER_READY_RESULTS/FinalTest_Results.xlsx,FinalTest_Results.xlsx,.xlsx,124457,0.118691,2026-09-24T16:56:20,7ee1008bc9bd48a86d87c4575bb55f3ea06efbe3c39aecb4595d692d568cc6c0,04_experiment_results,False,True,,
<SOURCE_ROOT>/training_data/results/最终结果/20_PAPER_READY_RESULTS/FinalTest_Selector_Performance.csv,training_data/results/最终结果/20_PAPER_READY_RESULTS/FinalTest_Selector_Performance.csv,FinalTest_Selector_Performance.csv,.csv,1506,0.001436,2026-09-24T16:13:12,3427a6b05aad2757f350e9cf5498f9de138536179c9cf1c83bf68325f3f89be8,09_model_outputs,False,True,,
<SOURCE_ROOT>/training_data/results/最终结果/21_REPRODUCIBILITY_PACKAGE/final_test_build_workbook.mjs,training_data/results/最终结果/21_REPRODUCIBILITY_PACKAGE/final_test_build_workbook.mjs,final_test_build_workbook.mjs,.mjs,3446,0.003286,2026-09-24T16:57:47,193f1f87c8458b4223204ff3c49e4ae16d4431059539cbcce9c328569e324b77,04_experiment_results,False,True,,
<SOURCE_ROOT>/training_data/results/最终结果/21_REPRODUCIBILITY_PACKAGE/FINAL_TEST_COMPLETE.json,training_data/results/最终结果/21_REPRODUCIBILITY_PACKAGE/FINAL_TEST_COMPLETE.json,FINAL_TEST_COMPLETE.json,.json,708,0.000675,2026-09-24T16:58:25,18df5b41926fb97d702ce7c1aee79fdb5a0937d5ad0e43fa847eb10fd2bdeade,04_experiment_results,False,True,,
<SOURCE_ROOT>/training_data/results/最终结果/21_REPRODUCIBILITY_PACKAGE/final_test_production.json,training_data/results/最终结果/21_REPRODUCIBILITY_PACKAGE/final_test_production.json,final_test_production.json,.json,4252,0.004055,2026-09-24T15:39:14,4fa6c1078e06cf8966e27d41e7235ed3d8fbd31229ced172f3c2fb16245afc1b,04_experiment_results,False,True,,
<SOURCE_ROOT>/training_data/results/最终结果/21_REPRODUCIBILITY_PACKAGE/FINAL_TEST_PROTOCOL.md,training_data/results/最终结果/21_REPRODUCIBILITY_PACKAGE/FINAL_TEST_PROTOCOL.md,FINAL_TEST_PROTOCOL.md,.md,1085,0.001035,2026-09-24T15:50:31,dc8e471f7af0fcab3920ce87c5e3a6cc93ad0af4408a55e07967793e577565e9,04_experiment_results,False,True,,
<SOURCE_ROOT>/training_data/results/最终结果/21_REPRODUCIBILITY_PACKAGE/FinalTest_Technical_Recovery.json,training_data/results/最终结果/21_REPRODUCIBILITY_PACKAGE/FinalTest_Technical_Recovery.json,FinalTest_Technical_Recovery.json,.json,856,0.000816,2026-09-24T16:58:25,625144316488032987bbf5390eafda50ebe27f2810b3612b5c2bb0dd0567a9ff,04_experiment_results,False,True,,
<SOURCE_ROOT>/training_data/results/最终结果/21_REPRODUCIBILITY_PACKAGE/FinalTest_WorkbookPayload_Sanitization.json,training_data/results/最终结果/21_REPRODUCIBILITY_PACKAGE/FinalTest_WorkbookPayload_Sanitization.json,FinalTest_WorkbookPayload_Sanitization.json,.json,980,0.000935,2026-09-24T16:56:06,9ed6aa09d736e6804cdd2ac3e988d75b394f98a40316e5dfcfe9fb94f28f0281,04_experiment_results,False,True,,
<SOURCE_ROOT>/training_data/results/最终结果/21_REPRODUCIBILITY_PACKAGE/sanitize_final_test_workbook_payload.py,training_data/results/最终结果/21_REPRODUCIBILITY_PACKAGE/sanitize_final_test_workbook_payload.py,sanitize_final_test_workbook_payload.py,.py,18690,0.017824,2026-09-24T16:58:13,69a9943fcd5a3154ddeba30ac2d80e138c49f8ec2134a0e6531b2386a049b74a,04_experiment_results,False,True,,
<SOURCE_ROOT>/training_data/results/最终结果/21_REPRODUCIBILITY_PACKAGE/Stats_Freeze_Summary.json,training_data/results/最终结果/21_REPRODUCIBILITY_PACKAGE/Stats_Freeze_Summary.json,Stats_Freeze_Summary.json,.json,680,0.000648,2026-09-24T15:50:31,66e843fadb78dc800e404fc34c760b4ed6c40daa124164e1798abdd5a7bc52e2,04_experiment_results,False,True,,
<SOURCE_ROOT>/training_data/results/最终结果/21_REPRODUCIBILITY_PACKAGE/step3_final_one_shot_test.py,training_data/results/最终结果/21_REPRODUCIBILITY_PACKAGE/step3_final_one_shot_test.py,step3_final_one_shot_test.py,.py,31053,0.029614,2026-09-24T15:50:12,c1fc59a38d096f08952c0ca826cb451cbe986aca2ee226830b64953b4bc7b1a6,04_experiment_results,False,True,,
<SOURCE_ROOT>/training_data/results/最终结果/Final_Results_Archive_Manifest_SHA256.csv,training_data/results/最终结果/Final_Results_Archive_Manifest_SHA256.csv,Final_Results_Archive_Manifest_SHA256.csv,.csv,29014,0.02767,2026-09-24T16:59:20,c77156835f3dce7a55616e6d1f2f17181e02f80f8990f15ca115567b9be0fcd0,04_experiment_results,False,False,,
<SOURCE_ROOT>/training_data/scripts/__pycache__/create_stats_freeze.cpython-312.pyc,training_data/scripts/__pycache__/create_stats_freeze.cpython-312.pyc,create_stats_freeze.cpython-312.pyc,.pyc,21610,0.020609,2026-09-24T15:48:14,d486fa069f1b4ab37176a4bd888ceece4a1b6f474c38b98c4515e4c49c06831a,12_reproducibility,False,False,,
<SOURCE_ROOT>/training_data/scripts/__pycache__/freeze_step2f.cpython-312.pyc,training_data/scripts/__pycache__/freeze_step2f.cpython-312.pyc,freeze_step2f.cpython-312.pyc,.pyc,8176,0.007797,2026-09-24T12:28:36,431d9ffded1dba3c45e8aab79fb483cde98496f5ea20f9c1d7eb0e99432b9466,12_reproducibility,False,False,,
<SOURCE_ROOT>/training_data/scripts/__pycache__/freeze_step2g.cpython-312.pyc,training_data/scripts/__pycache__/freeze_step2g.cpython-312.pyc,freeze_step2g.cpython-312.pyc,.pyc,9936,0.009476,2026-09-24T13:02:06,c560d567b5122a0457f49589054c9ca79dc04a96a5e3a5779c3309aab14ff586,12_reproducibility,False,False,,
<SOURCE_ROOT>/training_data/scripts/__pycache__/freeze_step2h.cpython-312.pyc,training_data/scripts/__pycache__/freeze_step2h.cpython-312.pyc,freeze_step2h.cpython-312.pyc,.pyc,7762,0.007402,2026-09-24T15:48:14,5ba09d9b0dce6cc746d8bb73aa4429a0ba47bd40464c0260e7f67e8613a8f5a2,12_reproducibility,False,False,,
<SOURCE_ROOT>/training_data/scripts/__pycache__/jev_v1_0.cpython-312.pyc,training_data/scripts/__pycache__/jev_v1_0.cpython-312.pyc,jev_v1_0.cpython-312.pyc,.pyc,15917,0.01518,2026-09-23T20:45:17,8846614b89a8206a106c1297d22a5ff31d64e88e998567c0ac9cec784d30be27,12_reproducibility,False,False,,
<SOURCE_ROOT>/training_data/scripts/__pycache__/sanitize_final_test_workbook_payload.cpython-312.pyc,training_data/scripts/__pycache__/sanitize_final_test_workbook_payload.cpython-312.pyc,sanitize_final_test_workbook_payload.cpython-312.pyc,.pyc,26564,0.025333,2026-09-24T16:58:25,040542258d3c4c9069595182eb51a0984cceb003072a47272fecfa90f1898e8b,12_reproducibility,False,False,,
<SOURCE_ROOT>/training_data/scripts/__pycache__/step2a_source_selection_feasibility.cpython-312.pyc,training_data/scripts/__pycache__/step2a_source_selection_feasibility.cpython-312.pyc,step2a_source_selection_feasibility.cpython-312.pyc,.pyc,64808,0.061806,2026-09-23T18:31:25,1b16226c6ec9ea4585bdd60e27a6b089b0cfc3fae68199532b53f8e93e8549fc,12_reproducibility,False,False,,
<SOURCE_ROOT>/training_data/scripts/__pycache__/step2b_selector_benchmark.cpython-312.pyc,training_data/scripts/__pycache__/step2b_selector_benchmark.cpython-312.pyc,step2b_selector_benchmark.cpython-312.pyc,.pyc,91049,0.086831,2026-09-24T10:37:40,4cca059057cab249028752cc43f60e69a4d7e46a833b1fd78e2022c6fe6e8efd,12_reproducibility,False,False,,
<SOURCE_ROOT>/training_data/scripts/__pycache__/step2c_confidence_calibration.cpython-312.pyc,training_data/scripts/__pycache__/step2c_confidence_calibration.cpython-312.pyc,step2c_confidence_calibration.cpython-312.pyc,.pyc,47087,0.044906,2026-09-23T23:47:32,5830ee8bba3d5def46e11e1f975b6024f34434364c4428c527f2d0593faf7009,12_reproducibility,False,False,,
<SOURCE_ROOT>/training_data/scripts/__pycache__/step2d_risk_coverage.cpython-312.pyc,training_data/scripts/__pycache__/step2d_risk_coverage.cpython-312.pyc,step2d_risk_coverage.cpython-312.pyc,.pyc,48063,0.045836,2026-09-24T01:04:22,3e78eb1adab0ea87656c037a45c36d7ded175ad1ab8b45d9ff812769b524f1b7,12_reproducibility,False,False,,
<SOURCE_ROOT>/training_data/scripts/__pycache__/step2e_efficiency_benchmark.cpython-312.pyc,training_data/scripts/__pycache__/step2e_efficiency_benchmark.cpython-312.pyc,step2e_efficiency_benchmark.cpython-312.pyc,.pyc,58047,0.055358,2026-09-24T10:51:57,cfc2cab03bb3b14f05d2da570061cf51aa0e7b89923e793670f7ea634f29ee99,12_reproducibility,False,False,,
<SOURCE_ROOT>/training_data/scripts/__pycache__/step2f_downstream_utility.cpython-312.pyc,training_data/scripts/__pycache__/step2f_downstream_utility.cpython-312.pyc,step2f_downstream_utility.cpython-312.pyc,.pyc,47824,0.045609,2026-09-24T16:11:17,a8afa7c41b308609dd3223c02a56ea7c44d91760c91d74b4cf855b1a03d402ec,12_reproducibility,False,False,,
<SOURCE_ROOT>/training_data/scripts/__pycache__/step2g_ablation.cpython-312.pyc,training_data/scripts/__pycache__/step2g_ablation.cpython-312.pyc,step2g_ablation.cpython-312.pyc,.pyc,47904,0.045685,2026-09-24T12:32:10,8beaa64060ccf2ec804fd8a6569837b2b1526dc749588424b0a5ed78ca399f60,12_reproducibility,False,False,,
<SOURCE_ROOT>/training_data/scripts/__pycache__/step2h_boundary_failure.cpython-312.pyc,training_data/scripts/__pycache__/step2h_boundary_failure.cpython-312.pyc,step2h_boundary_failure.cpython-312.pyc,.pyc,48990,0.046721,2026-09-24T13:02:06,5532713b2516a6745adacaedf2ddaa3400a8b8d4abca52ea96c17b00bf330049,12_reproducibility,False,False,,
<SOURCE_ROOT>/training_data/scripts/__pycache__/step3_final_one_shot_test.cpython-312.pyc,training_data/scripts/__pycache__/step3_final_one_shot_test.cpython-312.pyc,step3_final_one_shot_test.cpython-312.pyc,.pyc,62908,0.059994,2026-09-24T15:50:29,da4bc380a91ed6de8c5773a6c97879da32aac2db07bb6edaf648bddbe1152f73,12_reproducibility,False,False,,
<SOURCE_ROOT>/training_data/scripts/__pycache__/update_final_results_archive.cpython-312.pyc,training_data/scripts/__pycache__/update_final_results_archive.cpython-312.pyc,update_final_results_archive.cpython-312.pyc,.pyc,9260,0.008831,2026-09-24T16:59:20,8a794675bae643daca3b2edcd6425ae444ace146e6f782e04981489c8bb4f5e1,12_reproducibility,False,False,,
<SOURCE_ROOT>/training_data/scripts/create_stats_freeze.py,training_data/scripts/create_stats_freeze.py,create_stats_freeze.py,.py,18407,0.017554,2026-09-24T15:48:53,1286115ad573ecd526efb953fb3a10fa0eac8480a7b454642998a872ebe7aeaa,12_reproducibility,False,False,,
<SOURCE_ROOT>/training_data/scripts/final_test_build_workbook.mjs,training_data/scripts/final_test_build_workbook.mjs,final_test_build_workbook.mjs,.mjs,3446,0.003286,2026-09-24T16:57:47,193f1f87c8458b4223204ff3c49e4ae16d4431059539cbcce9c328569e324b77,12_reproducibility,False,True,,
<SOURCE_ROOT>/training_data/scripts/freeze_step2d.py,training_data/scripts/freeze_step2d.py,freeze_step2d.py,.py,4891,0.004664,2026-09-24T10:32:20,2f344e8dabf5955fae0345a72a67273ecdd76e45927d65c77c634d187e4af344,12_reproducibility,False,False,,
<SOURCE_ROOT>/training_data/scripts/freeze_step2e.py,training_data/scripts/freeze_step2e.py,freeze_step2e.py,.py,3979,0.003795,2026-09-24T11:27:59,d0e5a6bcd5beac20d9bc2fb79b9efc7c7a2570a1942d7f5aca278d1da4540d46,12_reproducibility,False,False,,
<SOURCE_ROOT>/training_data/scripts/freeze_step2f.py,training_data/scripts/freeze_step2f.py,freeze_step2f.py,.py,4378,0.004175,2026-09-24T12:25:46,7f72b69756a48fcaeb1af38230bc104a36fdbd6d69856d99ba44416ba5524427,12_reproducibility,False,False,,
<SOURCE_ROOT>/training_data/scripts/freeze_step2g.py,training_data/scripts/freeze_step2g.py,freeze_step2g.py,.py,5538,0.005281,2026-09-24T12:57:46,96cc81921231469cfe73a208b1dda43064498bccd501f6fa6d990753fd6a9c1b,12_reproducibility,False,False,,
<SOURCE_ROOT>/training_data/scripts/freeze_step2h.py,training_data/scripts/freeze_step2h.py,freeze_step2h.py,.py,3672,0.003502,2026-09-24T15:38:17,e3ee4f399a5e19d9b1a5283d72b1ea13aa0f691d354196a3ffc2af6aa9784e7d,12_reproducibility,False,False,,
<SOURCE_ROOT>/training_data/scripts/jev_v1_0.py,training_data/scripts/jev_v1_0.py,jev_v1_0.py,.py,9393,0.008958,2026-09-23T20:41:05,c0dcf8521972886d9e88db1727fb113811de8c2ef496e9511af64981dbe35c5f,12_reproducibility,False,True,,
<SOURCE_ROOT>/training_data/scripts/sanitize_final_test_workbook_payload.py,training_data/scripts/sanitize_final_test_workbook_payload.py,sanitize_final_test_workbook_payload.py,.py,18690,0.017824,2026-09-24T16:58:13,69a9943fcd5a3154ddeba30ac2d80e138c49f8ec2134a0e6531b2386a049b74a,12_reproducibility,False,True,,
<SOURCE_ROOT>/training_data/scripts/step2a_build_workbook.mjs,training_data/scripts/step2a_build_workbook.mjs,step2a_build_workbook.mjs,.mjs,5179,0.004939,2026-09-23T19:09:42,e399952acf299cb243b71a06c97755d0c7e6be31abcd12b8ffc1fc82abb1cb01,12_reproducibility,False,False,,
<SOURCE_ROOT>/training_data/scripts/step2a_source_selection_feasibility.py,training_data/scripts/step2a_source_selection_feasibility.py,step2a_source_selection_feasibility.py,.py,42823,0.040839,2026-09-23T18:30:10,0b8e4e7e4fe85236d5c0745399df9383df111af1f68062b554399ce3ff92c0f0,12_reproducibility,False,False,,
<SOURCE_ROOT>/training_data/scripts/step2b_build_workbook.mjs,training_data/scripts/step2b_build_workbook.mjs,step2b_build_workbook.mjs,.mjs,4053,0.003865,2026-09-23T19:39:12,c36e0c988bd2c3821a571284da9f989cc707db9cd09aa83245bebc95d6826d31,12_reproducibility,False,False,,
<SOURCE_ROOT>/training_data/scripts/step2b_jev_v1_0_adapter.py,training_data/scripts/step2b_jev_v1_0_adapter.py,step2b_jev_v1_0_adapter.py,.py,17801,0.016976,2026-09-23T20:44:38,2d7c74f5bb9bfd834d1cafacc1d5d1857cf94faba45f11653df366fb0e004a69,12_reproducibility,False,True,,
<SOURCE_ROOT>/training_data/scripts/step2b_selector_benchmark.py,training_data/scripts/step2b_selector_benchmark.py,step2b_selector_benchmark.py,.py,61246,0.058409,2026-09-23T21:17:16,6c5003203579176e6e2360c58675115630d8958d159967604ccc280008f0f0ab,12_reproducibility,False,False,,
<SOURCE_ROOT>/training_data/scripts/step2c_build_workbook.mjs,training_data/scripts/step2c_build_workbook.mjs,step2c_build_workbook.mjs,.mjs,4099,0.003909,2026-09-23T23:25:22,eb961959e5694aa697170e6731035675512aa78cd97ea9b0d183faf9c0fbf8a2,12_reproducibility,False,False,,
<SOURCE_ROOT>/training_data/scripts/step2c_confidence_calibration.py,training_data/scripts/step2c_confidence_calibration.py,step2c_confidence_calibration.py,.py,33499,0.031947,2026-09-23T23:47:17,111e81ce5f4118955286adc132a97a2671229f25b2b3a2792d49bdfb4cd37aef,12_reproducibility,False,False,,
<SOURCE_ROOT>/training_data/scripts/step2d_build_workbook.mjs,training_data/scripts/step2d_build_workbook.mjs,step2d_build_workbook.mjs,.mjs,4099,0.003909,2026-09-23T23:25:22,eb961959e5694aa697170e6731035675512aa78cd97ea9b0d183faf9c0fbf8a2,12_reproducibility,False,False,,
<SOURCE_ROOT>/training_data/scripts/step2d_risk_coverage.py,training_data/scripts/step2d_risk_coverage.py,step2d_risk_coverage.py,.py,31209,0.029763,2026-09-24T01:05:50,79bdfc26b80e51635c2a444a4572a750fbb32a2ffc8579af35d6a14c012ab3ae,12_reproducibility,False,False,,
<SOURCE_ROOT>/training_data/scripts/step2e_build_workbook.mjs,training_data/scripts/step2e_build_workbook.mjs,step2e_build_workbook.mjs,.mjs,3342,0.003187,2026-09-24T10:48:50,e923b460be5b55c5d95ad0688934c8e5e426c3b190731a67360189b863333f1e,12_reproducibility,False,False,,
<SOURCE_ROOT>/training_data/scripts/step2e_efficiency_benchmark.py,training_data/scripts/step2e_efficiency_benchmark.py,step2e_efficiency_benchmark.py,.py,33096,0.031563,2026-09-24T10:51:51,f21f95703b337661888b96ae0017ec33dd7fdaa6fcdbda2146b344704bc12f9e,12_reproducibility,False,False,,
<SOURCE_ROOT>/training_data/scripts/step2f_build_workbook.mjs,training_data/scripts/step2f_build_workbook.mjs,step2f_build_workbook.mjs,.mjs,3220,0.003071,2026-09-24T11:36:17,e589daff7bc9d297f3d12b01d86934a4bc2e17d79be5913b74a2e12409211271,12_reproducibility,False,False,,
<SOURCE_ROOT>/training_data/scripts/step2f_downstream_utility.py,training_data/scripts/step2f_downstream_utility.py,step2f_downstream_utility.py,.py,22644,0.021595,2026-09-24T11:35:09,7b224dc99abf3c308d0f6781e0382e6e5f107e42498edcfd1e0f13a85b9b4d8a,12_reproducibility,False,False,,
<SOURCE_ROOT>/training_data/scripts/step2g_ablation.py,training_data/scripts/step2g_ablation.py,step2g_ablation.py,.py,21165,0.020185,2026-09-24T12:31:57,9127c36a34c4720b0b04dc501400565a017957b09e1ca084a69485d875ebf9f0,12_reproducibility,False,False,,
<SOURCE_ROOT>/training_data/scripts/step2g_build_workbook.mjs,training_data/scripts/step2g_build_workbook.mjs,step2g_build_workbook.mjs,.mjs,3679,0.003509,2026-09-24T12:28:31,2fe576fdbd72761a733d1321d57ae0baa0623e4215741b93a4bab3bd416ef014,12_reproducibility,False,False,,
<SOURCE_ROOT>/training_data/scripts/step2h_boundary_failure.py,training_data/scripts/step2h_boundary_failure.py,step2h_boundary_failure.py,.py,24299,0.023173,2026-09-24T13:04:02,1a21b49707f73d0bd72ab26573f370d965e935999532faf476fb26ac71cbaac8,12_reproducibility,False,False,,
<SOURCE_ROOT>/training_data/scripts/step2h_build_workbook.mjs,training_data/scripts/step2h_build_workbook.mjs,step2h_build_workbook.mjs,.mjs,3464,0.003304,2026-09-24T12:59:06,bae58f71b58d48f8ca2cac29f0f9a8cc3917e523b096179ff60a626d786a1d21,12_reproducibility,False,False,,
<SOURCE_ROOT>/training_data/scripts/step3_final_one_shot_test.py,training_data/scripts/step3_final_one_shot_test.py,step3_final_one_shot_test.py,.py,31053,0.029614,2026-09-24T15:50:12,c1fc59a38d096f08952c0ca826cb451cbe986aca2ee226830b64953b4bc7b1a6,12_reproducibility,False,True,,
<SOURCE_ROOT>/training_data/scripts/update_final_results_archive.py,training_data/scripts/update_final_results_archive.py,update_final_results_archive.py,.py,5584,0.005325,2026-09-24T16:59:13,6c114c09b9628dbc8d7b81df8e506db256867b6803a650214386af3bfbd98b99,12_reproducibility,False,False,,
<SOURCE_ROOT>/参考论文/Jiping_network-wide traffic volumes in spare deployment _V0208-WRR.pdf,参考论文/Jiping_network-wide traffic volumes in spare deployment _V0208-WRR.pdf,Jiping_network-wide traffic volumes in spare deployment _V0208-WRR.pdf,.pdf,2036530,1.942186,2026-09-26T16:35:23,2f846a5ad9ec7837fff647f0bef179ff431ff65e1b729623029d99dd9542b196,99_archive,False,False,,
<SOURCE_ROOT>/参考论文/Shao_Network-Wide_On-Line_Travel.pdf,参考论文/Shao_Network-Wide_On-Line_Travel.pdf,Shao_Network-Wide_On-Line_Travel.pdf,.pdf,730454,0.696615,2026-09-26T16:53:22,f7fb8fbf1fe428f523d7d1d88b6bc485835ab5ba342d5f56e601786b52d12952,04_experiment_results,False,False,,
<SOURCE_ROOT>/文章/20260927.docx,文章/20260927.docx,20260927.docx,.docx,14196,0.013538,2026-09-27T22:52:01,77e1f8787a454975a7faad8285e5a67df2a81408f2e6f6600b72d79da6db4009,99_archive,False,False,,
<SOURCE_ROOT>/文章/20260928_JEV_TransportmetricaA_Final_Humanized_EN.docx,文章/20260928_JEV_TransportmetricaA_Final_Humanized_EN.docx,20260928_JEV_TransportmetricaA_Final_Humanized_EN.docx,.docx,16785981,16.008359,2026-09-28T19:55:55,2a71ea051c0b92df7fd628f90a4a218ac48175c7e21b2e0e81dd39f29b2be2d8,04_experiment_results,False,False,,
<SOURCE_ROOT>/文章/20260928_JEV_TransportmetricaA_Final_Humanized_ZH.docx,文章/20260928_JEV_TransportmetricaA_Final_Humanized_ZH.docx,20260928_JEV_TransportmetricaA_Final_Humanized_ZH.docx,.docx,27179337,25.920236,2026-09-28T19:56:19,4a8cb05858bf7e717ff7a5f035029f65a405766bf2504a3c9c5473ebc8f2b0d0,04_experiment_results,False,False,,
<SOURCE_ROOT>/文章/20260929_JEV_TransportmetricaA_EN_ReferenceAudited_Frozen.docx,文章/20260929_JEV_TransportmetricaA_EN_ReferenceAudited_Frozen.docx,20260929_JEV_TransportmetricaA_EN_ReferenceAudited_Frozen.docx,.docx,15967201,15.227509,2026-09-29T17:01:19,9490725f830f2634883bccaa80a79764d73ffed681f0a0a5001556874eca82c5,04_experiment_results,False,False,,
<SOURCE_ROOT>/文章/20260929_JEV_TransportmetricaA_English_LanguageChecked_Frozen.docx,文章/20260929_JEV_TransportmetricaA_English_LanguageChecked_Frozen.docx,20260929_JEV_TransportmetricaA_English_LanguageChecked_Frozen.docx,.docx,15967033,15.227349,2026-09-29T16:47:55,ec4efb4275bda971b352813b3fd64edde920503bb5ff193ac2ac6f4262172ebe,04_experiment_results,False,False,,
<SOURCE_ROOT>/文章/20260929_JEV_TransportmetricaA_ZH_ReferenceAudited_Frozen.docx,文章/20260929_JEV_TransportmetricaA_ZH_ReferenceAudited_Frozen.docx,20260929_JEV_TransportmetricaA_ZH_ReferenceAudited_Frozen.docx,.docx,27180779,25.921611,2026-09-30T11:06:45,66e30edfe14604b8eb4827a6c46d16d1428fa6d9fc69bc70b0c966302ba2cdc5,04_experiment_results,False,False,,
<SOURCE_ROOT>/文章/JEV_TransportmetricaA_7500words_Final_EN_20260928.docx,文章/JEV_TransportmetricaA_7500words_Final_EN_20260928.docx,JEV_TransportmetricaA_7500words_Final_EN_20260928.docx,.docx,18376833,17.525514,2026-09-28T16:44:44,e51156884cc614e8640ce8a4500e8e2a34a9f2da52184ecd30f86637d021e627,04_experiment_results,False,False,,
<SOURCE_ROOT>/文章/JEV_TransportmetricaA_7500words_Final_ZH_20260928.docx,文章/JEV_TransportmetricaA_7500words_Final_ZH_20260928.docx,JEV_TransportmetricaA_7500words_Final_ZH_20260928.docx,.docx,26670612,25.435078,2026-09-28T16:44:45,979106e82a95e8ea8ecbc7b05a92e6d4e6fd10a45eeb05308a9e1e16deb8d5cc,04_experiment_results,False,False,,
<SOURCE_ROOT>/文章/JEV_TransportmetricaA_Final_Chinese_20260928.docx,文章/JEV_TransportmetricaA_Final_Chinese_20260928.docx,JEV_TransportmetricaA_Final_Chinese_20260928.docx,.docx,28785532,27.452023,2026-09-28T12:33:41,ea61cf4d7b53af39b5887a1ea6586ab7cdfc7c317bd3a96d7a677805cd69e4a3,04_experiment_results,False,False,,
<SOURCE_ROOT>/文章/JEV_TransportmetricaA_Final_EN_20260928.docx,文章/JEV_TransportmetricaA_Final_EN_20260928.docx,JEV_TransportmetricaA_Final_EN_20260928.docx,.docx,19255164,18.363155,2026-09-28T14:06:41,be1644c3a8cf5ca83a18b1ae49bed5a5a140b47a4ed1e92c2a0f3709af214f0d,04_experiment_results,False,False,,
<SOURCE_ROOT>/文章/JEV_TransportmetricaA_Final_English_20260928.docx,文章/JEV_TransportmetricaA_Final_English_20260928.docx,JEV_TransportmetricaA_Final_English_20260928.docx,.docx,19244295,18.35279,2026-09-28T11:14:17,e00be48c0ee2e00fda4a2eafae3f37f51f47ee2bcbb60f46140239356292300d,04_experiment_results,False,False,,
<SOURCE_ROOT>/文章/JEV_TransportmetricaA_Final_ZH_20260928.docx,文章/JEV_TransportmetricaA_Final_ZH_20260928.docx,JEV_TransportmetricaA_Final_ZH_20260928.docx,.docx,28224601,26.917077,2026-09-28T15:26:53,5fe925fc444668d7af8f4eab8ebf20f94713cc82a912d86ecd0aad9163be8404,04_experiment_results,False,False,,
<SOURCE_ROOT>/文章/JEV_TransportmetricaA_Revised_EN_20260928.docx,文章/JEV_TransportmetricaA_Revised_EN_20260928.docx,JEV_TransportmetricaA_Revised_EN_20260928.docx,.docx,18378979,17.52756,2026-09-28T16:20:42,96eac7ef96133c24db9a05034c650087d77a9be89825e803832a0c5566dfb156,04_experiment_results,False,False,,
<SOURCE_ROOT>/文章/JEV_TransportmetricaA_Revised_ZH_20260928.docx,文章/JEV_TransportmetricaA_Revised_ZH_20260928.docx,JEV_TransportmetricaA_Revised_ZH_20260928.docx,.docx,26672247,25.436637,2026-09-28T16:20:43,9a71cfffb1718ad2efe57ffc910542317f68ec5136a59c92194e12cc54c67a84,04_experiment_results,False,False,,
<SOURCE_ROOT>/文章/JEV_TransportmetricaA_Sections1-7_Conclusion_20260928.docx,文章/JEV_TransportmetricaA_Sections1-7_Conclusion_20260928.docx,JEV_TransportmetricaA_Sections1-7_Conclusion_20260928.docx,.docx,47840546,45.6243,2026-09-28T08:12:21,d4bd909385444bed0c122440238bc72f990d15bfc61369ccfe893c0d364da578,04_experiment_results,False,False,,
<SOURCE_ROOT>/文章/~$260929_JEV_TransportmetricaA_ZH_ReferenceAudited_Frozen.docx,文章/~$260929_JEV_TransportmetricaA_ZH_ReferenceAudited_Frozen.docx,~$260929_JEV_TransportmetricaA_ZH_ReferenceAudited_Frozen.docx,.docx,162,0.000154,2026-09-30T11:06:45,7886a1b7b1a76cf5b22a307945836837e97905835df61031f65332cf4b1d7916,04_experiment_results,False,False,,
<SOURCE_ROOT>/正式版_JEV_小论文全文核心方针与定位分析_20260924.docx,正式版_JEV_小论文全文核心方针与定位分析_20260924.docx,正式版_JEV_小论文全文核心方针与定位分析_20260924.docx,.docx,82721,0.078889,2026-09-27T21:28:20,a00b0cb383b5cd713e270ae0fb719c23c9438e36d147b2b6bfdfe8af0f5b2b28,04_experiment_results,False,False,,
<SOURCE_ROOT>/表数据/JEV_Paper_Tables_and_TableData_FINAL_20260927.xlsx,表数据/JEV_Paper_Tables_and_TableData_FINAL_20260927.xlsx,JEV_Paper_Tables_and_TableData_FINAL_20260927.xlsx,.xlsx,14858,0.01417,2026-09-27T15:59:22,205244d9b80115b6243fbc4195cead3fb3db4374432b3548f16dafcae3162058,08_table_data,False,False,,
<SOURCE_ROOT>/表数据/JEV_Paper_Tables_FINAL_20260927 (1).docx,表数据/JEV_Paper_Tables_FINAL_20260927 (1).docx,JEV_Paper_Tables_FINAL_20260927 (1).docx,.docx,41963,0.040019,2026-09-27T16:27:56,b98f5b7ff0b3c8625b1904a7f226f8a5b250a7005090191daf537855c135db83,08_table_data,False,False,,
<SOURCE_ROOT>/表数据/JEV_Paper_Tables_FINAL_20260927.docx,表数据/JEV_Paper_Tables_FINAL_20260927.docx,JEV_Paper_Tables_FINAL_20260927.docx,.docx,41963,0.040019,2026-09-27T16:00:18,b98f5b7ff0b3c8625b1904a7f226f8a5b250a7005090191daf537855c135db83,08_table_data,False,False,,
<SOURCE_ROOT>/表数据/JEV_Paper_Tables_Package_FINAL_20260927.zip,表数据/JEV_Paper_Tables_Package_FINAL_20260927.zip,JEV_Paper_Tables_Package_FINAL_20260927.zip,.zip,53560,0.051079,2026-09-27T16:27:10,dd7ef74a0a15447c58067bdf1fee0b201f67b095e996e8900b1e8f832661b183,08_table_data,False,False,,
