station,first_seen,last_seen,days_present,expected_intervals,observed_intervals,missing_intervals,completeness_pct,gap_event_count,longest_gap_minutes
715898,2026-01-01,2026-08-31,225,69972,64788,5184,92.591322,11,5760
715915,2026-01-01,2026-08-31,225,69972,64788,5184,92.591322,11,5760
715916,2026-01-01,2026-08-31,225,69972,64787,5185,92.589893,12,5760
715918,2026-01-01,2026-08-31,225,69972,64788,5184,92.591322,11,5760
715920,2026-01-01,2026-08-31,225,69972,64788,5184,92.591322,11,5760
715929,2026-01-01,2026-08-31,225,69972,64788,5184,92.591322,11,5760
715930,2026-01-01,2026-08-31,225,69972,64788,5184,92.591322,11,5760
715933,2026-01-01,2026-08-31,225,69972,64787,5185,92.589893,12,5760
715938,2026-01-01,2026-08-31,225,69972,64788,5184,92.591322,11,5760
715944,2026-01-01,2026-08-31,225,69972,64788,5184,92.591322,11,5760
715947,2026-01-01,2026-08-31,225,69972,64788,5184,92.591322,11,5760
715996,2026-01-01,2026-08-31,225,69972,64788,5184,92.591322,11,5760
716016,2026-01-01,2026-08-31,225,69972,64787,5185,92.589893,12,5760
716017,2026-01-01,2026-08-31,225,69972,64787,5185,92.589893,12,5760
716023,2026-01-01,2026-08-31,225,69972,64787,5185,92.589893,12,5760
716028,2026-01-01,2026-08-31,225,69972,64788,5184,92.591322,11,5760
716032,2026-01-01,2026-08-31,225,69972,64787,5185,92.589893,12,5760
716036,2026-01-01,2026-08-31,225,69972,64788,5184,92.591322,11,5760
716047,2026-01-01,2026-08-31,225,69972,64788,5184,92.591322,11,5760
716050,2026-01-01,2026-08-31,225,69972,64788,5184,92.591322,11,5760
716057,2026-01-01,2026-08-31,225,69972,64788,5184,92.591322,11,5760
716063,2026-01-01,2026-08-31,225,69972,64788,5184,92.591322,11,5760
716067,2026-01-01,2026-08-31,225,69972,64787,5185,92.589893,12,5760
716069,2026-01-01,2026-08-31,225,69972,64788,5184,92.591322,11,5760
716072,2026-01-01,2026-08-31,225,69972,64787,5185,92.589893,12,5760
716075,2026-01-01,2026-08-31,225,69972,64788,5184,92.591322,11,5760
716076,2026-01-01,2026-08-31,225,69972,64788,5184,92.591322,11,5760
716078,2026-01-01,2026-08-31,225,69972,64787,5185,92.589893,12,5760
716081,2026-01-01,2026-08-31,225,69972,64787,5185,92.589893,12,5760
716084,2026-01-01,2026-08-31,225,69972,64787,5185,92.589893,12,5760
716085,2026-01-01,2026-08-31,225,69972,64788,5184,92.591322,11,5760
716087,2026-01-01,2026-08-31,225,69972,64788,5184,92.591322,11,5760
716088,2026-01-01,2026-08-31,225,69972,64788,5184,92.591322,11,5760
716091,2026-01-01,2026-08-31,225,69972,64788,5184,92.591322,11,5760
716092,2026-01-01,2026-08-31,225,69972,64787,5185,92.589893,12,5760
716101,2026-01-01,2026-08-31,225,69972,64788,5184,92.591322,11,5760
716126,2026-01-01,2026-08-31,225,69972,64787,5185,92.589893,12,5760
716142,2026-01-01,2026-08-31,225,69972,64788,5184,92.591322,11,5760
716143,2026-01-01,2026-08-31,225,69972,64787,5185,92.589893,12,5760
716146,2026-01-01,2026-08-31,225,69972,64788,5184,92.591322,11,5760
716152,2026-01-01,2026-08-31,225,69972,64787,5185,92.589893,12,5760
716153,2026-01-01,2026-08-31,225,69972,64787,5185,92.589893,12,5760
716172,2026-01-01,2026-08-31,225,69972,64788,5184,92.591322,11,5760
716174,2026-01-01,2026-08-31,225,69972,64788,5184,92.591322,11,5760
716176,2026-01-01,2026-08-31,225,69972,64788,5184,92.591322,11,5760
716181,2026-01-01,2026-08-31,225,69972,64787,5185,92.589893,12,5760
716187,2026-01-01,2026-08-31,225,69972,64787,5185,92.589893,12,5760
716193,2026-01-01,2026-08-31,225,69972,64788,5184,92.591322,11,5760
716203,2026-01-01,2026-08-31,225,69972,64787,5185,92.589893,12,5760
716206,2026-01-01,2026-08-31,225,69972,64787,5185,92.589893,12,5760
716213,2026-01-01,2026-08-31,225,69972,64788,5184,92.591322,11,5760
716235,2026-01-01,2026-08-31,225,69972,64787,5185,92.589893,12,5760
716237,2026-01-01,2026-08-31,225,69972,64787,5185,92.589893,12,5760
716238,2026-01-01,2026-08-31,225,69972,64788,5184,92.591322,11,5760
716241,2026-01-01,2026-08-31,225,69972,64788,5184,92.591322,11,5760
716253,2026-01-01,2026-08-31,225,69972,64787,5185,92.589893,12,5760
716254,2026-01-01,2026-08-31,225,69972,64788,5184,92.591322,11,5760
716265,2026-01-01,2026-08-31,225,69972,64787,5185,92.589893,12,5760
716271,2026-01-01,2026-08-31,225,69972,64787,5185,92.589893,12,5760
716272,2026-01-01,2026-08-31,225,69972,64787,5185,92.589893,12,5760
716273,2026-01-01,2026-08-31,225,69972,64787,5185,92.589893,12,5760
716295,2026-01-01,2026-08-31,225,69972,64788,5184,92.591322,11,5760
716296,2026-01-01,2026-08-31,225,69972,64788,5184,92.591322,11,5760
716311,2026-01-01,2026-08-31,225,69972,64788,5184,92.591322,11,5760
716312,2026-01-01,2026-08-31,225,69972,64788,5184,92.591322,11,5760
716313,2026-01-01,2026-08-31,225,69972,64788,5184,92.591322,11,5760
716314,2026-01-01,2026-08-31,225,69972,64787,5185,92.589893,12,5760
716328,2026-01-01,2026-08-31,225,69972,64787,5185,92.589893,12,5760
716331,2026-01-01,2026-08-31,225,69972,64787,5185,92.589893,12,5760
716337,2026-01-01,2026-08-31,225,69972,64788,5184,92.591322,11,5760
716339,2026-01-01,2026-08-31,225,69972,64788,5184,92.591322,11,5760
716359,2026-01-01,2026-08-31,225,69972,64787,5185,92.589893,12,5760
716390,2026-01-01,2026-08-31,225,69972,64787,5185,92.589893,12,5760
716391,2026-01-01,2026-08-31,225,69972,64788,5184,92.591322,11,5760
716392,2026-01-01,2026-08-31,225,69972,64788,5184,92.591322,11,5760
716402,2026-01-01,2026-08-31,225,69972,64788,5184,92.591322,11,5760
716404,2026-01-01,2026-08-31,225,69972,64788,5184,92.591322,11,5760
716405,2026-01-01,2026-08-31,225,69972,64787,5185,92.589893,12,5760
716407,2026-01-01,2026-08-31,225,69972,64787,5185,92.589893,12,5760
716409,2026-01-01,2026-08-31,225,69972,64788,5184,92.591322,11,5760
716413,2026-01-01,2026-08-31,225,69972,64788,5184,92.591322,11,5760
716414,2026-01-01,2026-08-31,225,69972,64788,5184,92.591322,11,5760
716419,2026-01-01,2026-08-31,225,69972,64788,5184,92.591322,11,5760
716420,2026-01-01,2026-08-31,225,69972,64787,5185,92.589893,12,5760
716421,2026-01-01,2026-08-31,225,69972,64787,5185,92.589893,12,5760
716422,2026-01-01,2026-08-31,225,69972,64787,5185,92.589893,12,5760
716424,2026-01-01,2026-08-31,225,69972,64788,5184,92.591322,11,5760
716426,2026-01-01,2026-08-31,225,69972,64788,5184,92.591322,11,5760
716427,2026-01-01,2026-08-31,225,69972,64787,5185,92.589893,12,5760
716428,2026-01-01,2026-08-31,225,69972,64787,5185,92.589893,12,5760
716431,2026-01-01,2026-08-31,225,69972,64787,5185,92.589893,12,5760
716433,2026-01-01,2026-08-31,225,69972,64788,5184,92.591322,11,5760
716434,2026-01-01,2026-08-31,225,69972,64788,5184,92.591322,11,5760
716437,2026-01-01,2026-08-31,225,69972,64787,5185,92.589893,12,5760
716440,2026-01-01,2026-08-31,225,69972,64788,5184,92.591322,11,5760
716441,2026-01-01,2026-08-31,225,69972,64788,5184,92.591322,11,5760
716442,2026-01-01,2026-08-31,225,69972,64788,5184,92.591322,11,5760
716443,2026-01-01,2026-08-31,225,69972,64788,5184,92.591322,11,5760
716448,2026-01-01,2026-08-31,225,69972,64788,5184,92.591322,11,5760
716449,2026-01-01,2026-08-31,225,69972,64788,5184,92.591322,11,5760
716450,2026-01-01,2026-08-31,225,69972,64787,5185,92.589893,12,5760
716453,2026-01-01,2026-08-31,225,69972,64788,5184,92.591322,11,5760
716456,2026-01-01,2026-08-31,225,69972,64787,5185,92.589893,12,5760
716457,2026-01-01,2026-08-31,225,69972,64788,5184,92.591322,11,5760
716459,2026-01-01,2026-08-31,225,69972,64788,5184,92.591322,11,5760
716460,2026-01-01,2026-08-31,225,69972,64788,5184,92.591322,11,5760
716461,2026-01-01,2026-08-31,225,69972,64788,5184,92.591322,11,5760
716466,2026-01-01,2026-08-31,225,69972,64787,5185,92.589893,12,5760
716470,2026-01-01,2026-08-31,225,69972,64788,5184,92.591322,11,5760
716471,2026-01-01,2026-08-31,225,69972,64788,5184,92.591322,11,5760
716481,2026-01-01,2026-08-31,225,69972,64788,5184,92.591322,11,5760
716484,2026-01-01,2026-08-31,225,69972,64788,5184,92.591322,11,5760
716485,2026-01-01,2026-08-31,225,69972,64788,5184,92.591322,11,5760
716490,2026-01-01,2026-08-31,225,69972,64787,5185,92.589893,12,5760
716491,2026-01-01,2026-08-31,225,69972,64787,5185,92.589893,12,5760
716494,2026-01-01,2026-08-31,225,69972,64787,5185,92.589893,12,5760
716495,2026-01-01,2026-08-31,225,69972,64788,5184,92.591322,11,5760
716499,2026-01-01,2026-08-31,225,69972,64787,5185,92.589893,12,5760
716500,2026-01-01,2026-08-31,225,69972,64787,5185,92.589893,12,5760
716551,2026-01-01,2026-08-31,225,69972,64787,5185,92.589893,12,5760
716554,2026-01-01,2026-08-31,225,69972,64788,5184,92.591322,11,5760
716571,2026-01-01,2026-08-31,225,69972,64788,5184,92.591322,11,5760
716573,2026-01-01,2026-08-31,225,69972,64788,5184,92.591322,11,5760
716626,2026-01-01,2026-08-31,225,69972,64788,5184,92.591322,11,5760
716632,2026-01-01,2026-08-31,225,69972,64787,5185,92.589893,12,5760
716659,2026-01-01,2026-08-31,225,69972,64788,5184,92.591322,11,5760
716660,2026-01-01,2026-08-31,225,69972,64787,5185,92.589893,12,5760
716663,2026-01-01,2026-08-31,225,69972,64788,5184,92.591322,11,5760
716670,2026-01-01,2026-08-31,225,69972,64787,5185,92.589893,12,5760
716674,2026-01-01,2026-08-31,225,69972,64788,5184,92.591322,11,5760
716689,2026-01-01,2026-08-31,225,69972,64788,5184,92.591322,11,5760
716694,2026-01-01,2026-08-31,225,69972,64788,5184,92.591322,11,5760
716714,2026-01-01,2026-08-31,225,69972,64788,5184,92.591322,11,5760
716719,2026-01-01,2026-08-31,225,69972,64788,5184,92.591322,11,5760
716720,2026-01-01,2026-08-31,225,69972,64787,5185,92.589893,12,5760
716733,2026-01-01,2026-08-31,225,69972,64787,5185,92.589893,12,5760
716738,2026-01-01,2026-08-31,225,69972,64787,5185,92.589893,12,5760
716739,2026-01-01,2026-08-31,225,69972,64788,5184,92.591322,11,5760
716760,2026-01-01,2026-08-31,225,69972,64787,5185,92.589893,12,5760
716775,2026-01-01,2026-08-31,225,69972,64787,5185,92.589893,12,5760
716776,2026-01-01,2026-08-31,225,69972,64788,5184,92.591322,11,5760
716778,2026-01-01,2026-08-31,225,69972,64788,5184,92.591322,11,5760
716784,2026-01-01,2026-08-31,225,69972,64788,5184,92.591322,11,5760
716788,2026-01-01,2026-08-31,225,69972,64787,5185,92.589893,12,5760
716797,2026-01-01,2026-08-31,225,69972,64788,5184,92.591322,11,5760
716800,2026-01-01,2026-08-31,225,69972,64788,5184,92.591322,11,5760
716810,2026-01-01,2026-08-31,225,69972,64787,5185,92.589893,12,5760
716819,2026-01-01,2026-08-31,225,69972,64788,5184,92.591322,11,5760
716829,2026-01-01,2026-08-31,225,69972,64787,5185,92.589893,12,5760
716834,2026-01-01,2026-08-31,225,69972,64788,5184,92.591322,11,5760
716841,2026-01-01,2026-08-31,225,69972,64787,5185,92.589893,12,5760
716847,2026-01-01,2026-08-31,225,69972,64787,5185,92.589893,12,5760
716857,2026-01-01,2026-08-31,225,69972,64787,5185,92.589893,12,5760
716875,2026-01-01,2026-08-31,225,69972,64787,5185,92.589893,12,5760
716891,2026-01-01,2026-08-31,225,69972,64787,5185,92.589893,12,5760
716895,2026-01-01,2026-08-31,225,69972,64788,5184,92.591322,11,5760
716896,2026-01-01,2026-08-31,225,69972,64787,5185,92.589893,12,5760
716898,2026-01-01,2026-08-31,225,69972,64787,5185,92.589893,12,5760
716899,2026-01-01,2026-08-31,225,69972,64788,5184,92.591322,11,5760
716900,2026-01-01,2026-08-25,220,68244,63061,5183,92.405193,10,5760
716902,2026-01-01,2026-08-31,225,69972,64787,5185,92.589893,12,5760
716904,2026-01-01,2026-08-31,225,69972,64788,5184,92.591322,11,5760
716906,2026-01-01,2026-08-31,225,69972,64788,5184,92.591322,11,5760
716907,2026-01-01,2026-08-31,225,69972,64788,5184,92.591322,11,5760
716908,2026-01-01,2026-08-31,225,69972,64787,5185,92.589893,12,5760
716911,2026-01-01,2026-08-31,225,69972,64788,5184,92.591322,11,5760
716912,2026-01-01,2026-08-31,225,69972,64787,5185,92.589893,12,5760
716915,2026-07-17,2026-08-31,42,13248,12093,1155,91.281703,3,2880
716916,2026-01-01,2026-08-31,225,69972,64788,5184,92.591322,11,5760
716918,2026-01-01,2026-08-31,225,69972,64788,5184,92.591322,11,5760
716920,2026-01-01,2026-08-31,225,69972,64788,5184,92.591322,11,5760
716921,2026-01-01,2026-08-31,225,69972,64788,5184,92.591322,11,5760
716922,2026-01-01,2026-08-31,225,69972,64787,5185,92.589893,12,5760
716923,2026-01-01,2026-08-31,225,69972,64787,5185,92.589893,12,5760
716924,2026-01-01,2026-08-31,225,69972,64787,5185,92.589893,12,5760
716925,2026-01-01,2026-08-31,225,69972,64788,5184,92.591322,11,5760
716928,2026-01-01,2026-08-31,225,69972,64787,5185,92.589893,12,5760
716929,2026-01-01,2026-08-31,225,69972,64787,5185,92.589893,12,5760
716930,2026-01-01,2026-08-31,225,69972,64788,5184,92.591322,11,5760
716933,2026-01-01,2026-08-31,225,69972,64788,5184,92.591322,11,5760
716934,2026-01-01,2026-08-31,225,69972,64787,5185,92.589893,12,5760
716936,2026-01-01,2026-08-31,225,69972,64787,5185,92.589893,12,5760
716937,2026-01-01,2026-08-31,225,69972,64787,5185,92.589893,12,5760
716938,2026-01-01,2026-08-31,225,69972,64788,5184,92.591322,11,5760
716939,2026-01-01,2026-08-31,225,69972,64788,5184,92.591322,11,5760
716940,2026-01-01,2026-08-31,225,69972,64787,5185,92.589893,12,5760
716941,2026-01-01,2026-08-31,225,69972,64787,5185,92.589893,12,5760
716942,2026-01-01,2026-08-31,225,69972,64787,5185,92.589893,12,5760
716943,2026-01-01,2026-08-31,225,69972,64787,5185,92.589893,12,5760
716944,2026-01-01,2026-08-31,225,69972,64788,5184,92.591322,11,5760
716946,2026-01-01,2026-08-31,225,69972,64788,5184,92.591322,11,5760
716949,2026-01-01,2026-08-31,225,69972,64787,5185,92.589893,12,5760
716951,2026-01-01,2026-08-31,225,69972,64787,5185,92.589893,12,5760
716953,2026-01-01,2026-08-31,225,69972,64787,5185,92.589893,12,5760
716955,2026-01-01,2026-08-31,225,69972,64788,5184,92.591322,11,5760
716956,2026-01-01,2026-08-31,225,69972,64788,5184,92.591322,11,5760
716958,2026-01-01,2026-08-31,225,69972,64787,5185,92.589893,12,5760
716960,2026-01-01,2026-08-31,225,69972,64787,5185,92.589893,12,5760
716963,2026-01-01,2026-08-31,225,69972,64787,5185,92.589893,12,5760
716965,2026-01-01,2026-08-31,225,69972,64787,5185,92.589893,12,5760
716968,2026-01-01,2026-08-31,225,69972,64788,5184,92.591322,11,5760
716971,2026-01-01,2026-08-31,225,69972,64788,5184,92.591322,11,5760
716973,2026-01-01,2026-08-31,225,69972,64787,5185,92.589893,12,5760
716974,2026-01-01,2026-08-31,225,69972,64788,5184,92.591322,11,5760
716977,2026-01-01,2026-08-31,225,69972,64788,5184,92.591322,11,5760
716978,2026-01-01,2026-08-31,225,69972,64787,5185,92.589893,12,5760
716979,2026-01-01,2026-08-31,225,69972,64787,5185,92.589893,12,5760
716981,2026-01-01,2026-08-31,225,69972,64788,5184,92.591322,11,5760
716983,2026-01-01,2026-08-31,225,69972,64787,5185,92.589893,12,5760
716985,2026-01-01,2026-08-31,225,69972,64787,5185,92.589893,12,5760
716986,2026-01-01,2026-08-31,225,69972,64788,5184,92.591322,11,5760
716988,2026-01-01,2026-08-31,225,69972,64787,5185,92.589893,12,5760
716989,2026-01-01,2026-08-31,225,69972,64788,5184,92.591322,11,5760
716990,2026-01-01,2026-08-31,225,69972,64787,5185,92.589893,12,5760
716991,2026-01-01,2026-08-31,225,69972,64787,5185,92.589893,12,5760
716993,2026-01-01,2026-08-31,225,69972,64788,5184,92.591322,11,5760
716994,2026-01-01,2026-08-31,225,69972,64787,5185,92.589893,12,5760
716996,2026-01-01,2026-08-31,225,69972,64788,5184,92.591322,11,5760
716997,2026-01-01,2026-08-31,225,69972,64787,5185,92.589893,12,5760
716999,2026-01-01,2026-08-31,225,69972,64787,5185,92.589893,12,5760
717000,2026-01-01,2026-08-31,225,69972,64787,5185,92.589893,12,5760
717001,2026-01-01,2026-08-31,225,69972,64788,5184,92.591322,11,5760
717002,2026-01-01,2026-08-31,225,69972,64788,5184,92.591322,11,5760
717004,2026-01-01,2026-08-31,225,69972,64788,5184,92.591322,11,5760
717006,2026-01-01,2026-08-31,225,69972,64787,5185,92.589893,12,5760
717008,2026-01-01,2026-08-31,225,69972,64788,5184,92.591322,11,5760
717009,2026-01-01,2026-08-31,225,69972,64787,5185,92.589893,12,5760
717011,2026-01-01,2026-08-31,225,69972,64788,5184,92.591322,11,5760
717012,2026-01-01,2026-08-31,225,69972,64788,5184,92.591322,11,5760
717014,2026-01-01,2026-08-31,225,69972,64787,5185,92.589893,12,5760
717015,2026-01-01,2026-08-31,225,69972,64788,5184,92.591322,11,5760
717016,2026-01-01,2026-08-31,225,69972,64787,5185,92.589893,12,5760
717019,2026-01-01,2026-08-31,225,69972,64787,5185,92.589893,12,5760
717020,2026-01-01,2026-08-31,225,69972,64787,5185,92.589893,12,5760
717022,2026-01-01,2026-08-31,225,69972,64788,5184,92.591322,11,5760
717026,2026-01-01,2026-08-31,225,69972,64787,5185,92.589893,12,5760
717028,2026-01-01,2026-08-31,225,69972,64788,5184,92.591322,11,5760
717029,2026-01-01,2026-08-31,225,69972,64787,5185,92.589893,12,5760
717031,2026-01-01,2026-08-31,225,69972,64787,5185,92.589893,12,5760
717032,2026-01-01,2026-08-31,225,69972,64787,5185,92.589893,12,5760
717033,2026-01-01,2026-08-31,225,69972,64787,5185,92.589893,12,5760
717035,2026-01-01,2026-08-31,225,69972,64787,5185,92.589893,12,5760
717036,2026-01-01,2026-08-31,225,69972,64788,5184,92.591322,11,5760
717039,2026-01-01,2026-08-31,225,69972,64788,5184,92.591322,11,5760
717040,2026-01-01,2026-08-31,225,69972,64788,5184,92.591322,11,5760
717041,2026-01-01,2026-08-31,225,69972,64788,5184,92.591322,11,5760
717042,2026-01-01,2026-08-31,225,69972,64788,5184,92.591322,11,5760
717043,2026-01-01,2026-08-31,225,69972,64787,5185,92.589893,12,5760
717045,2026-01-01,2026-08-31,225,69972,64787,5185,92.589893,12,5760
717046,2026-01-01,2026-08-31,225,69972,64787,5185,92.589893,12,5760
717047,2026-01-01,2026-08-31,225,69972,64788,5184,92.591322,11,5760
717049,2026-01-01,2026-08-31,225,69972,64788,5184,92.591322,11,5760
717052,2026-01-01,2026-08-31,225,69972,64787,5185,92.589893,12,5760
717055,2026-01-01,2026-08-31,225,69972,64788,5184,92.591322,11,5760
717059,2026-01-01,2026-08-31,225,69972,64787,5185,92.589893,12,5760
717060,2026-01-01,2026-08-31,225,69972,64787,5185,92.589893,12,5760
717065,2026-01-01,2026-08-31,225,69972,64788,5184,92.591322,11,5760
717070,2026-01-01,2026-08-31,225,69972,64787,5185,92.589893,12,5760
717071,2026-01-01,2026-08-31,225,69972,64788,5184,92.591322,11,5760
717073,2026-01-01,2026-08-31,225,69972,64788,5184,92.591322,11,5760
717075,2026-01-01,2026-08-31,225,69972,64788,5184,92.591322,11,5760
717077,2026-01-01,2026-08-31,225,69972,64787,5185,92.589893,12,5760
717079,2026-01-01,2026-08-31,225,69972,64787,5185,92.589893,12,5760
717081,2026-01-01,2026-08-31,225,69972,64788,5184,92.591322,11,5760
717083,2026-01-01,2026-08-31,225,69972,64788,5184,92.591322,11,5760
717084,2026-01-01,2026-08-31,225,69972,64788,5184,92.591322,11,5760
717087,2026-01-01,2026-08-31,225,69972,64788,5184,92.591322,11,5760
717089,2026-01-01,2026-08-31,225,69972,64787,5185,92.589893,12,5760
717091,2026-01-01,2026-08-31,225,69972,64788,5184,92.591322,11,5760
717093,2026-01-01,2026-08-31,225,69972,64788,5184,92.591322,11,5760
717095,2026-01-01,2026-08-31,225,69972,64788,5184,92.591322,11,5760
717097,2026-01-01,2026-08-31,225,69972,64787,5185,92.589893,12,5760
717099,2026-01-01,2026-08-31,225,69972,64787,5185,92.589893,12,5760
717101,2026-01-01,2026-08-31,225,69972,64788,5184,92.591322,11,5760
717105,2026-01-01,2026-08-31,225,69972,64787,5185,92.589893,12,5760
717108,2026-01-01,2026-08-31,225,69972,64788,5184,92.591322,11,5760
717110,2026-01-01,2026-08-31,225,69972,64788,5184,92.591322,11,5760
717112,2026-01-01,2026-08-31,225,69972,64787,5185,92.589893,12,5760
717114,2026-01-01,2026-08-31,225,69972,64787,5185,92.589893,12,5760
717116,2026-01-01,2026-08-31,225,69972,64787,5185,92.589893,12,5760
717119,2026-01-01,2026-08-31,225,69972,64787,5185,92.589893,12,5760
717121,2026-01-01,2026-08-31,225,69972,64787,5185,92.589893,12,5760
717123,2026-01-01,2026-08-31,225,69972,64788,5184,92.591322,11,5760
717125,2026-01-01,2026-08-31,225,69972,64788,5184,92.591322,11,5760
717127,2026-01-01,2026-08-31,225,69972,64787,5185,92.589893,12,5760
717129,2026-01-01,2026-08-31,225,69972,64787,5185,92.589893,12,5760
717131,2026-01-01,2026-08-31,225,69972,64788,5184,92.591322,11,5760
717133,2026-01-01,2026-08-31,225,69972,64788,5184,92.591322,11,5760
717134,2026-01-01,2026-08-31,225,69972,64788,5184,92.591322,11,5760
717135,2026-01-01,2026-08-31,225,69972,64787,5185,92.589893,12,5760
717136,2026-01-01,2026-08-31,225,69972,64787,5185,92.589893,12,5760
717139,2026-01-01,2026-08-31,225,69972,64787,5185,92.589893,12,5760
717142,2026-01-01,2026-08-31,225,69972,64788,5184,92.591322,11,5760
717143,2026-01-01,2026-08-31,225,69972,64787,5185,92.589893,12,5760
717146,2026-01-01,2026-08-31,225,69972,64787,5185,92.589893,12,5760
717150,2026-01-01,2026-08-31,225,69972,64787,5185,92.589893,12,5760
717152,2026-01-01,2026-08-31,225,69972,64787,5185,92.589893,12,5760
717154,2026-01-01,2026-08-31,225,69972,64788,5184,92.591322,11,5760
717155,2026-01-01,2026-08-31,225,69972,64787,5185,92.589893,12,5760
717156,2026-01-01,2026-08-31,225,69972,64788,5184,92.591322,11,5760
717157,2026-01-01,2026-08-31,225,69972,64787,5185,92.589893,12,5760
717160,2026-01-01,2026-08-31,225,69972,64787,5185,92.589893,12,5760
717162,2026-01-01,2026-08-31,225,69972,64787,5185,92.589893,12,5760
717165,2026-01-01,2026-08-31,225,69972,64787,5185,92.589893,12,5760
717167,2026-01-01,2026-08-31,225,69972,64788,5184,92.591322,11,5760
717169,2026-01-01,2026-08-31,225,69972,64788,5184,92.591322,11,5760
717171,2026-01-01,2026-08-31,225,69972,64787,5185,92.589893,12,5760
717174,2026-01-01,2026-08-31,225,69972,64787,5185,92.589893,12,5760
717176,2026-01-01,2026-08-31,225,69972,64788,5184,92.591322,11,5760
717179,2026-01-01,2026-08-31,225,69972,64788,5184,92.591322,11,5760
717185,2026-01-01,2026-08-31,225,69972,64787,5185,92.589893,12,5760
717187,2026-01-01,2026-08-31,225,69972,64787,5185,92.589893,12,5760
717190,2026-01-01,2026-08-31,225,69972,64788,5184,92.591322,11,5760
717192,2026-01-01,2026-08-31,225,69972,64787,5185,92.589893,12,5760
717195,2026-01-01,2026-08-31,225,69972,64787,5185,92.589893,12,5760
717196,2026-01-01,2026-08-31,225,69972,64788,5184,92.591322,11,5760
717198,2026-01-01,2026-08-31,225,69972,64788,5184,92.591322,11,5760
717200,2026-01-01,2026-08-31,225,69972,64788,5184,92.591322,11,5760
717202,2026-01-01,2026-08-31,225,69972,64788,5184,92.591322,11,5760
717205,2026-01-01,2026-08-31,225,69972,64787,5185,92.589893,12,5760
717207,2026-01-01,2026-08-31,225,69972,64788,5184,92.591322,11,5760
717209,2026-01-01,2026-08-31,225,69972,64788,5184,92.591322,11,5760
717211,2026-01-01,2026-08-31,225,69972,64787,5185,92.589893,12,5760
717214,2026-01-01,2026-08-31,225,69972,64788,5184,92.591322,11,5760
717216,2026-01-01,2026-08-31,225,69972,64788,5184,92.591322,11,5760
717219,2026-01-01,2026-08-31,225,69972,64788,5184,92.591322,11,5760
717220,2026-01-01,2026-08-31,225,69972,64788,5184,92.591322,11,5760
717224,2026-01-01,2026-08-31,225,69972,64788,5184,92.591322,11,5760
717226,2026-01-01,2026-08-31,225,69972,64788,5184,92.591322,11,5760
717235,2026-01-01,2026-08-31,225,69972,64787,5185,92.589893,12,5760
717236,2026-01-01,2026-08-31,225,69972,64788,5184,92.591322,11,5760
717238,2026-01-01,2026-08-31,225,69972,64788,5184,92.591322,11,5760
717240,2026-01-01,2026-08-31,225,69972,64787,5185,92.589893,12,5760
717241,2026-01-01,2026-08-31,225,69972,64788,5184,92.591322,11,5760
717243,2026-01-01,2026-08-31,225,69972,64788,5184,92.591322,11,5760
717245,2026-01-01,2026-08-31,225,69972,64787,5185,92.589893,12,5760
717246,2026-01-01,2026-08-31,225,69972,64787,5185,92.589893,12,5760
717247,2026-01-01,2026-08-31,225,69972,64788,5184,92.591322,11,5760
717249,2026-01-01,2026-08-31,225,69972,64787,5185,92.589893,12,5760
717251,2026-01-01,2026-08-31,225,69972,64787,5185,92.589893,12,5760
717252,2026-01-01,2026-08-31,225,69972,64788,5184,92.591322,11,5760
717254,2026-01-01,2026-08-31,225,69972,64788,5184,92.591322,11,5760
717257,2026-01-01,2026-08-31,225,69972,64787,5185,92.589893,12,5760
717258,2026-01-01,2026-08-31,225,69972,64788,5184,92.591322,11,5760
717260,2026-01-01,2026-08-31,225,69972,64787,5185,92.589893,12,5760
717262,2026-01-01,2026-08-31,225,69972,64788,5184,92.591322,11,5760
717263,2026-01-01,2026-08-31,225,69972,64788,5184,92.591322,11,5760
717264,2026-01-01,2026-08-31,225,69972,64787,5185,92.589893,12,5760
717265,2026-01-01,2026-08-31,225,69972,64788,5184,92.591322,11,5760
717266,2026-01-01,2026-08-31,225,69972,64787,5185,92.589893,12,5760
717268,2026-01-01,2026-08-31,225,69972,64787,5185,92.589893,12,5760
717269,2026-01-01,2026-08-31,225,69972,64788,5184,92.591322,11,5760
717270,2026-01-01,2026-08-31,225,69972,64788,5184,92.591322,11,5760
717273,2026-01-01,2026-08-31,225,69972,64787,5185,92.589893,12,5760
717274,2026-01-01,2026-08-31,225,69972,64787,5185,92.589893,12,5760
717277,2026-01-01,2026-08-31,225,69972,64788,5184,92.591322,11,5760
717279,2026-01-01,2026-08-31,225,69972,64788,5184,92.591322,11,5760
717281,2026-01-01,2026-08-31,225,69972,64788,5184,92.591322,11,5760
717282,2026-01-01,2026-08-31,225,69972,64788,5184,92.591322,11,5760
717285,2026-01-01,2026-08-31,225,69972,64787,5185,92.589893,12,5760
717288,2026-01-01,2026-08-31,225,69972,64787,5185,92.589893,12,5760
717290,2026-01-01,2026-08-31,225,69972,64787,5185,92.589893,12,5760
717292,2026-01-01,2026-08-31,225,69972,64787,5185,92.589893,12,5760
717294,2026-01-01,2026-08-31,225,69972,64788,5184,92.591322,11,5760
717296,2026-01-01,2026-08-31,225,69972,64788,5184,92.591322,11,5760
717298,2026-01-01,2026-08-31,225,69972,64787,5185,92.589893,12,5760
717300,2026-01-01,2026-08-31,225,69972,64788,5184,92.591322,11,5760
717301,2026-01-01,2026-08-31,225,69972,64787,5185,92.589893,12,5760
717303,2026-01-01,2026-08-31,225,69972,64787,5185,92.589893,12,5760
717306,2026-01-01,2026-08-31,225,69972,64787,5185,92.589893,12,5760
717308,2026-01-01,2026-08-31,225,69972,64787,5185,92.589893,12,5760
717312,2026-01-01,2026-08-31,225,69972,64788,5184,92.591322,11,5760
717315,2026-01-01,2026-08-31,225,69972,64787,5185,92.589893,12,5760
717316,2026-01-01,2026-08-31,225,69972,64787,5185,92.589893,12,5760
717318,2026-01-01,2026-08-31,225,69972,64788,5184,92.591322,11,5760
717320,2026-01-01,2026-08-31,225,69972,64788,5184,92.591322,11,5760
717322,2026-01-01,2026-08-31,225,69972,64788,5184,92.591322,11,5760
717324,2026-01-01,2026-08-31,225,69972,64787,5185,92.589893,12,5760
717328,2026-01-01,2026-08-31,225,69972,64788,5184,92.591322,11,5760
717330,2026-01-01,2026-08-31,225,69972,64787,5185,92.589893,12,5760
717332,2026-01-01,2026-08-31,225,69972,64788,5184,92.591322,11,5760
717334,2026-01-01,2026-08-31,225,69972,64788,5184,92.591322,11,5760
717337,2026-01-01,2026-08-31,225,69972,64787,5185,92.589893,12,5760
717339,2026-01-01,2026-08-31,225,69972,64787,5185,92.589893,12,5760
717340,2026-01-01,2026-08-31,225,69972,64788,5184,92.591322,11,5760
717342,2026-01-01,2026-08-31,225,69972,64787,5185,92.589893,12,5760
717343,2026-01-01,2026-08-31,225,69972,64787,5185,92.589893,12,5760
717346,2026-01-01,2026-08-31,225,69972,64788,5184,92.591322,11,5760
717350,2026-01-01,2026-08-31,225,69972,64787,5185,92.589893,12,5760
717352,2026-01-01,2026-08-31,225,69972,64788,5184,92.591322,11,5760
717355,2026-01-01,2026-08-31,225,69972,64788,5184,92.591322,11,5760
717357,2026-01-01,2026-08-31,225,69972,64787,5185,92.589893,12,5760
717358,2026-01-01,2026-08-31,225,69972,64787,5185,92.589893,12,5760
717361,2026-01-01,2026-08-31,225,69972,64787,5185,92.589893,12,5760
717365,2026-01-01,2026-08-31,225,69972,64788,5184,92.591322,11,5760
717367,2026-01-01,2026-08-31,225,69972,64788,5184,92.591322,11,5760
717368,2026-01-01,2026-08-31,225,69972,64787,5185,92.589893,12,5760
717369,2026-01-01,2026-08-31,225,69972,64787,5185,92.589893,12,5760
717373,2026-01-01,2026-08-31,225,69972,64787,5185,92.589893,12,5760
717374,2026-01-01,2026-08-31,225,69972,64787,5185,92.589893,12,5760
717375,2026-01-01,2026-08-31,225,69972,64787,5185,92.589893,12,5760
717376,2026-01-01,2026-08-31,225,69972,64787,5185,92.589893,12,5760
717378,2026-01-01,2026-08-31,225,69972,64788,5184,92.591322,11,5760
717379,2026-01-01,2026-08-31,225,69972,64788,5184,92.591322,11,5760
717380,2026-01-01,2026-08-31,225,69972,64788,5184,92.591322,11,5760
717381,2026-01-01,2026-08-31,225,69972,64787,5185,92.589893,12,5760
717383,2026-01-01,2026-08-31,225,69972,64788,5184,92.591322,11,5760
717384,2026-01-01,2026-08-31,225,69972,64787,5185,92.589893,12,5760
717387,2026-01-01,2026-08-31,225,69972,64787,5185,92.589893,12,5760
717388,2026-01-01,2026-08-31,225,69972,64788,5184,92.591322,11,5760
717390,2026-01-01,2026-08-31,225,69972,64788,5184,92.591322,11,5760
717392,2026-01-01,2026-08-31,225,69972,64787,5185,92.589893,12,5760
717393,2026-01-01,2026-08-31,225,69972,64788,5184,92.591322,11,5760
717396,2026-01-01,2026-08-25,220,68244,63061,5183,92.405193,10,5760
717397,2026-01-01,2026-08-25,220,68244,63060,5184,92.403728,11,5760
717399,2026-01-01,2026-08-31,225,69972,64787,5185,92.589893,12,5760
717402,2026-01-01,2026-08-31,225,69972,64788,5184,92.591322,11,5760
717404,2026-01-01,2026-08-31,225,69972,64788,5184,92.591322,11,5760
717406,2026-01-01,2026-08-31,225,69972,64787,5185,92.589893,12,5760
717410,2026-01-01,2026-08-31,225,69972,64788,5184,92.591322,11,5760
717413,2026-01-01,2026-08-31,225,69972,64787,5185,92.589893,12,5760
717416,2026-01-01,2026-08-31,225,69972,64787,5185,92.589893,12,5760
717418,2026-01-01,2026-08-31,225,69972,64788,5184,92.591322,11,5760
717420,2026-01-01,2026-08-31,225,69972,64787,5185,92.589893,12,5760
717421,2026-01-01,2026-08-31,225,69972,64787,5185,92.589893,12,5760
717424,2026-01-01,2026-08-31,225,69972,64788,5184,92.591322,11,5760
717426,2026-01-01,2026-08-31,225,69972,64788,5184,92.591322,11,5760
717428,2026-01-01,2026-08-31,225,69972,64788,5184,92.591322,11,5760
717431,2026-01-01,2026-08-31,225,69972,64787,5185,92.589893,12,5760
717433,2026-01-01,2026-08-31,225,69972,64788,5184,92.591322,11,5760
717434,2026-01-01,2026-08-31,225,69972,64788,5184,92.591322,11,5760
717435,2026-01-01,2026-08-31,225,69972,64788,5184,92.591322,11,5760
717436,2026-01-01,2026-08-31,225,69972,64787,5185,92.589893,12,5760
717438,2026-01-01,2026-08-31,225,69972,64787,5185,92.589893,12,5760
717439,2026-01-01,2026-08-31,225,69972,64787,5185,92.589893,12,5760
717440,2026-01-01,2026-08-31,225,69972,64788,5184,92.591322,11,5760
717441,2026-01-01,2026-08-31,225,69972,64788,5184,92.591322,11,5760
717442,2026-01-01,2026-08-31,225,69972,64787,5185,92.589893,12,5760
717443,2026-01-01,2026-08-31,225,69972,64787,5185,92.589893,12,5760
717445,2026-01-01,2026-08-31,225,69972,64787,5185,92.589893,12,5760
717446,2026-01-01,2026-08-31,225,69972,64787,5185,92.589893,12,5760
717447,2026-01-01,2026-08-31,225,69972,64788,5184,92.591322,11,5760
717450,2026-01-01,2026-08-31,225,69972,64787,5185,92.589893,12,5760
717452,2026-01-01,2026-08-31,225,69972,64788,5184,92.591322,11,5760
717453,2026-01-01,2026-08-31,225,69972,64788,5184,92.591322,11,5760
717456,2026-01-01,2026-08-31,225,69972,64788,5184,92.591322,11,5760
717458,2026-01-01,2026-08-31,225,69972,64788,5184,92.591322,11,5760
717459,2026-01-01,2026-08-31,225,69972,64787,5185,92.589893,12,5760
717460,2026-01-01,2026-08-31,225,69972,64788,5184,92.591322,11,5760
717461,2026-01-01,2026-08-31,225,69972,64787,5185,92.589893,12,5760
717462,2026-01-01,2026-08-31,225,69972,64787,5185,92.589893,12,5760
717463,2026-01-01,2026-08-31,225,69972,64787,5185,92.589893,12,5760
717465,2026-01-01,2026-08-31,225,69972,64788,5184,92.591322,11,5760
717466,2026-01-01,2026-08-31,225,69972,64788,5184,92.591322,11,5760
717468,2026-01-01,2026-08-31,225,69972,64788,5184,92.591322,11,5760
717469,2026-01-01,2026-08-31,225,69972,64788,5184,92.591322,11,5760
717472,2026-01-01,2026-08-31,225,69972,64788,5184,92.591322,11,5760
717473,2026-01-01,2026-08-31,225,69972,64788,5184,92.591322,11,5760
717479,2026-01-01,2026-08-31,225,69972,64788,5184,92.591322,11,5760
717480,2026-01-01,2026-08-31,225,69972,64788,5184,92.591322,11,5760
717481,2026-01-01,2026-08-31,225,69972,64788,5184,92.591322,11,5760
717483,2026-01-01,2026-08-31,225,69972,64788,5184,92.591322,11,5760
717484,2026-01-01,2026-08-31,225,69972,64787,5185,92.589893,12,5760
717486,2026-01-01,2026-08-31,225,69972,64787,5185,92.589893,12,5760
717488,2026-01-01,2026-08-31,225,69972,64788,5184,92.591322,11,5760
717489,2026-01-01,2026-08-31,225,69972,64788,5184,92.591322,11,5760
717490,2026-01-01,2026-08-31,225,69972,64788,5184,92.591322,11,5760
717491,2026-01-01,2026-08-31,225,69972,64787,5185,92.589893,12,5760
717492,2026-01-01,2026-08-31,225,69972,64787,5185,92.589893,12,5760
717493,2026-01-01,2026-08-31,225,69972,64788,5184,92.591322,11,5760
717495,2026-01-01,2026-08-31,225,69972,64788,5184,92.591322,11,5760
717497,2026-01-01,2026-08-31,225,69972,64788,5184,92.591322,11,5760
717498,2026-01-01,2026-08-31,225,69972,64788,5184,92.591322,11,5760
717499,2026-01-01,2026-08-31,225,69972,64787,5185,92.589893,12,5760
717501,2026-01-01,2026-08-31,225,69972,64787,5185,92.589893,12,5760
717502,2026-01-01,2026-08-31,225,69972,64787,5185,92.589893,12,5760
717504,2026-01-01,2026-08-31,225,69972,64788,5184,92.591322,11,5760
717508,2026-01-01,2026-08-31,225,69972,64788,5184,92.591322,11,5760
717510,2026-01-01,2026-08-31,225,69972,64788,5184,92.591322,11,5760
717511,2026-01-01,2026-08-31,225,69972,64788,5184,92.591322,11,5760
717513,2026-01-01,2026-08-31,225,69972,64787,5185,92.589893,12,5760
717514,2026-01-01,2026-08-31,225,69972,64788,5184,92.591322,11,5760
717515,2026-01-01,2026-08-31,225,69972,64788,5184,92.591322,11,5760
717516,2026-01-01,2026-08-31,225,69972,64788,5184,92.591322,11,5760
717517,2026-01-01,2026-08-31,225,69972,64788,5184,92.591322,11,5760
717518,2026-01-01,2026-08-31,225,69972,64788,5184,92.591322,11,5760
717519,2026-01-01,2026-08-31,225,69972,64787,5185,92.589893,12,5760
717520,2026-01-01,2026-08-31,225,69972,64788,5184,92.591322,11,5760
717522,2026-01-01,2026-08-31,225,69972,64788,5184,92.591322,11,5760
717524,2026-01-01,2026-08-31,225,69972,64787,5185,92.589893,12,5760
717525,2026-01-01,2026-08-31,225,69972,64787,5185,92.589893,12,5760
717528,2026-01-01,2026-08-31,225,69972,64788,5184,92.591322,11,5760
717530,2026-01-01,2026-08-31,225,69972,64788,5184,92.591322,11,5760
717532,2026-01-01,2026-08-31,225,69972,64788,5184,92.591322,11,5760
717533,2026-01-01,2026-08-31,225,69972,64788,5184,92.591322,11,5760
717535,2026-01-01,2026-08-31,225,69972,64788,5184,92.591322,11,5760
717536,2026-01-01,2026-08-31,225,69972,64787,5185,92.589893,12,5760
717537,2026-01-01,2026-08-31,225,69972,64787,5185,92.589893,12,5760
717539,2026-01-01,2026-08-31,225,69972,64787,5185,92.589893,12,5760
717541,2026-01-01,2026-08-31,225,69972,64787,5185,92.589893,12,5760
717543,2026-01-01,2026-08-31,225,69972,64787,5185,92.589893,12,5760
717544,2026-01-01,2026-08-31,225,69972,64788,5184,92.591322,11,5760
717546,2026-01-01,2026-08-31,225,69972,64788,5184,92.591322,11,5760
717547,2026-01-01,2026-08-31,225,69972,64787,5185,92.589893,12,5760
717549,2026-01-01,2026-08-31,225,69972,64787,5185,92.589893,12,5760
717553,2026-01-01,2026-08-31,225,69972,64787,5185,92.589893,12,5760
717554,2026-01-01,2026-08-31,225,69972,64787,5185,92.589893,12,5760
717557,2026-01-01,2026-08-31,225,69972,64788,5184,92.591322,11,5760
717558,2026-01-01,2026-08-31,225,69972,64787,5185,92.589893,12,5760
717560,2026-01-01,2026-08-31,225,69972,64787,5185,92.589893,12,5760
717562,2026-01-01,2026-08-31,225,69972,64787,5185,92.589893,12,5760
717565,2026-01-01,2026-08-31,225,69972,64787,5185,92.589893,12,5760
717566,2026-01-01,2026-08-31,225,69972,64788,5184,92.591322,11,5760
717568,2026-01-01,2026-08-31,225,69972,64787,5185,92.589893,12,5760
717570,2026-01-01,2026-08-31,225,69972,64788,5184,92.591322,11,5760
717571,2026-01-01,2026-08-31,225,69972,64788,5184,92.591322,11,5760
717572,2026-01-01,2026-08-31,225,69972,64787,5185,92.589893,12,5760
717573,2026-01-01,2026-08-31,225,69972,64788,5184,92.591322,11,5760
717576,2026-01-01,2026-08-31,225,69972,64788,5184,92.591322,11,5760
717578,2026-01-01,2026-08-31,225,69972,64788,5184,92.591322,11,5760
717580,2026-01-01,2026-08-31,225,69972,64788,5184,92.591322,11,5760
717582,2026-01-01,2026-08-31,225,69972,64787,5185,92.589893,12,5760
717583,2026-01-01,2026-08-31,225,69972,64788,5184,92.591322,11,5760
717585,2026-01-01,2026-08-31,225,69972,64787,5185,92.589893,12,5760
717587,2026-01-01,2026-08-31,225,69972,64788,5184,92.591322,11,5760
717590,2026-01-01,2026-08-31,225,69972,64787,5185,92.589893,12,5760
717592,2026-01-01,2026-08-31,225,69972,64788,5184,92.591322,11,5760
717595,2026-01-01,2026-08-31,225,69972,64787,5185,92.589893,12,5760
717597,2026-01-01,2026-08-31,225,69972,64788,5184,92.591322,11,5760
717599,2026-01-01,2026-08-31,225,69972,64788,5184,92.591322,11,5760
717601,2026-01-01,2026-08-31,225,69972,64788,5184,92.591322,11,5760
717603,2026-01-01,2026-08-31,225,69972,64788,5184,92.591322,11,5760
717606,2026-01-01,2026-08-31,225,69972,64788,5184,92.591322,11,5760
717608,2026-01-01,2026-08-31,225,69972,64788,5184,92.591322,11,5760
717610,2026-01-01,2026-08-31,225,69972,64787,5185,92.589893,12,5760
717612,2026-01-01,2026-08-31,225,69972,64788,5184,92.591322,11,5760
717613,2026-01-01,2026-08-31,225,69972,64788,5184,92.591322,11,5760
717614,2026-01-01,2026-08-31,225,69972,64788,5184,92.591322,11,5760
717615,2026-01-01,2026-08-31,225,69972,64788,5184,92.591322,11,5760
717617,2026-01-01,2026-08-31,225,69972,64788,5184,92.591322,11,5760
717620,2026-01-01,2026-08-31,225,69972,64787,5185,92.589893,12,5760
717622,2026-01-01,2026-08-31,225,69972,64788,5184,92.591322,11,5760
717624,2026-01-01,2026-08-31,225,69972,64787,5185,92.589893,12,5760
717625,2026-01-01,2026-08-31,225,69972,64787,5185,92.589893,12,5760
717627,2026-01-01,2026-08-31,225,69972,64788,5184,92.591322,11,5760
717628,2026-01-01,2026-08-31,225,69972,64787,5185,92.589893,12,5760
717630,2026-01-01,2026-08-31,225,69972,64788,5184,92.591322,11,5760
717631,2026-01-01,2026-08-31,225,69972,64788,5184,92.591322,11,5760
717633,2026-01-01,2026-08-31,225,69972,64788,5184,92.591322,11,5760
717634,2026-01-01,2026-08-31,225,69972,64788,5184,92.591322,11,5760
717635,2026-01-01,2026-08-31,225,69972,64788,5184,92.591322,11,5760
717637,2026-01-01,2026-08-31,225,69972,64787,5185,92.589893,12,5760
717638,2026-01-01,2026-08-31,225,69972,64787,5185,92.589893,12,5760
717640,2026-01-01,2026-08-31,225,69972,64788,5184,92.591322,11,5760
717642,2026-01-01,2026-08-31,225,69972,64788,5184,92.591322,11,5760
717644,2026-01-01,2026-08-31,225,69972,64788,5184,92.591322,11,5760
717646,2026-01-01,2026-08-31,225,69972,64787,5185,92.589893,12,5760
717649,2026-01-01,2026-08-31,225,69972,64788,5184,92.591322,11,5760
717650,2026-01-01,2026-08-31,225,69972,64788,5184,92.591322,11,5760
717653,2026-01-01,2026-08-31,225,69972,64787,5185,92.589893,12,5760
717654,2026-01-01,2026-08-31,225,69972,64788,5184,92.591322,11,5760
717657,2026-01-01,2026-08-31,225,69972,64788,5184,92.591322,11,5760
717659,2026-01-01,2026-08-31,225,69972,64788,5184,92.591322,11,5760
717660,2026-01-01,2026-08-31,225,69972,64788,5184,92.591322,11,5760
717661,2026-01-01,2026-08-31,225,69972,64788,5184,92.591322,11,5760
717663,2026-01-01,2026-08-31,225,69972,64787,5185,92.589893,12,5760
717664,2026-01-01,2026-08-31,225,69972,64788,5184,92.591322,11,5760
717667,2026-01-01,2026-08-31,225,69972,64788,5184,92.591322,11,5760
717669,2026-01-01,2026-08-31,225,69972,64787,5185,92.589893,12,5760
717672,2026-01-01,2026-08-31,225,69972,64788,5184,92.591322,11,5760
717673,2026-01-01,2026-08-31,225,69972,64788,5184,92.591322,11,5760
717674,2026-01-01,2026-08-31,225,69972,64787,5185,92.589893,12,5760
717675,2026-01-01,2026-08-31,225,69972,64788,5184,92.591322,11,5760
717676,2026-01-01,2026-08-31,225,69972,64788,5184,92.591322,11,5760
717678,2026-01-01,2026-08-31,225,69972,64787,5185,92.589893,12,5760
717682,2026-01-01,2026-08-31,225,69972,64787,5185,92.589893,12,5760
717684,2026-01-01,2026-08-31,225,69972,64788,5184,92.591322,11,5760
717685,2026-01-01,2026-08-31,225,69972,64788,5184,92.591322,11,5760
717686,2026-01-01,2026-08-31,225,69972,64788,5184,92.591322,11,5760
717688,2026-01-01,2026-08-31,225,69972,64787,5185,92.589893,12,5760
717692,2026-01-01,2026-08-31,225,69972,64787,5185,92.589893,12,5760
717694,2026-01-01,2026-08-31,225,69972,64787,5185,92.589893,12,5760
717696,2026-01-01,2026-08-31,225,69972,64788,5184,92.591322,11,5760
717697,2026-01-01,2026-08-31,225,69972,64788,5184,92.591322,11,5760
717699,2026-01-01,2026-08-31,225,69972,64787,5185,92.589893,12,5760
717701,2026-01-01,2026-08-31,225,69972,64787,5185,92.589893,12,5760
717703,2026-01-01,2026-08-31,225,69972,64787,5185,92.589893,12,5760
717706,2026-01-01,2026-08-31,225,69972,64787,5185,92.589893,12,5760
717709,2026-01-01,2026-08-31,225,69972,64787,5185,92.589893,12,5760
717710,2026-01-01,2026-08-31,225,69972,64788,5184,92.591322,11,5760
717711,2026-01-01,2026-08-31,225,69972,64788,5184,92.591322,11,5760
717713,2026-01-01,2026-08-31,225,69972,64787,5185,92.589893,12,5760
717715,2026-01-01,2026-08-31,225,69972,64787,5185,92.589893,12,5760
717717,2026-01-01,2026-08-31,225,69972,64788,5184,92.591322,11,5760
717719,2026-01-01,2026-08-31,225,69972,64788,5184,92.591322,11,5760
717720,2026-01-01,2026-08-31,225,69972,64788,5184,92.591322,11,5760
717721,2026-01-01,2026-08-31,225,69972,64788,5184,92.591322,11,5760
717723,2026-01-01,2026-08-31,225,69972,64788,5184,92.591322,11,5760
717724,2026-01-01,2026-08-31,225,69972,64787,5185,92.589893,12,5760
717727,2026-01-01,2026-08-31,225,69972,64788,5184,92.591322,11,5760
717729,2026-01-01,2026-08-31,225,69972,64788,5184,92.591322,11,5760
717731,2026-01-01,2026-08-31,225,69972,64788,5184,92.591322,11,5760
717733,2026-01-01,2026-08-31,225,69972,64788,5184,92.591322,11,5760
717735,2026-01-01,2026-08-31,225,69972,64787,5185,92.589893,12,5760
717740,2026-01-01,2026-08-31,225,69972,64788,5184,92.591322,11,5760
717742,2026-01-01,2026-08-31,225,69972,64788,5184,92.591322,11,5760
717744,2026-01-01,2026-08-31,225,69972,64787,5185,92.589893,12,5760
717746,2026-01-01,2026-08-31,225,69972,64787,5185,92.589893,12,5760
717750,2026-01-01,2026-08-31,225,69972,64787,5185,92.589893,12,5760
717751,2026-01-01,2026-08-31,225,69972,64787,5185,92.589893,12,5760
717752,2026-01-01,2026-08-31,225,69972,64788,5184,92.591322,11,5760
717753,2026-01-01,2026-08-31,225,69972,64788,5184,92.591322,11,5760
717755,2026-01-01,2026-08-31,225,69972,64788,5184,92.591322,11,5760
717758,2026-01-01,2026-08-31,225,69972,64788,5184,92.591322,11,5760
717760,2026-01-01,2026-08-31,225,69972,64788,5184,92.591322,11,5760
717763,2026-01-01,2026-08-31,225,69972,64788,5184,92.591322,11,5760
717765,2026-01-01,2026-08-31,225,69972,64787,5185,92.589893,12,5760
717766,2026-01-01,2026-08-31,225,69972,64787,5185,92.589893,12,5760
717769,2026-01-01,2026-08-31,225,69972,64788,5184,92.591322,11,5760
717770,2026-01-01,2026-08-31,225,69972,64788,5184,92.591322,11,5760
717772,2026-01-01,2026-08-31,225,69972,64787,5185,92.589893,12,5760
717776,2026-01-01,2026-08-31,225,69972,64788,5184,92.591322,11,5760
717777,2026-01-01,2026-08-31,225,69972,64788,5184,92.591322,11,5760
717779,2026-01-01,2026-08-31,225,69972,64788,5184,92.591322,11,5760
717787,2026-01-01,2026-08-31,225,69972,64788,5184,92.591322,11,5760
717788,2026-01-01,2026-08-31,225,69972,64788,5184,92.591322,11,5760
717790,2026-01-01,2026-08-31,225,69972,64787,5185,92.589893,12,5760
717794,2026-01-01,2026-08-31,225,69972,64788,5184,92.591322,11,5760
717795,2026-01-01,2026-08-31,225,69972,64788,5184,92.591322,11,5760
717797,2026-01-01,2026-08-31,225,69972,64788,5184,92.591322,11,5760
717798,2026-01-01,2026-08-31,225,69972,64788,5184,92.591322,11,5760
717799,2026-01-01,2026-08-31,225,69972,64787,5185,92.589893,12,5760
717800,2026-01-01,2026-08-31,225,69972,64787,5185,92.589893,12,5760
717801,2026-01-01,2026-08-31,225,69972,64788,5184,92.591322,11,5760
717804,2026-01-01,2026-08-31,225,69972,64788,5184,92.591322,11,5760
717806,2026-01-01,2026-08-31,225,69972,64787,5185,92.589893,12,5760
717807,2026-01-01,2026-08-31,225,69972,64788,5184,92.591322,11,5760
717809,2026-01-01,2026-08-31,225,69972,64787,5185,92.589893,12,5760
717813,2026-01-01,2026-08-31,225,69972,64788,5184,92.591322,11,5760
717814,2026-01-01,2026-08-31,225,69972,64788,5184,92.591322,11,5760
717816,2026-01-01,2026-08-31,225,69972,64788,5184,92.591322,11,5760
717818,2026-01-01,2026-08-31,225,69972,64788,5184,92.591322,11,5760
717819,2026-01-01,2026-08-31,225,69972,64788,5184,92.591322,11,5760
717821,2026-01-01,2026-08-31,225,69972,64787,5185,92.589893,12,5760
717823,2026-01-01,2026-08-31,225,69972,64788,5184,92.591322,11,5760
717824,2026-01-01,2026-08-31,225,69972,64787,5185,92.589893,12,5760
717825,2026-01-01,2026-08-31,225,69972,64788,5184,92.591322,11,5760
717826,2026-01-01,2026-08-31,225,69972,64788,5184,92.591322,11,5760
717827,2026-01-01,2026-08-31,225,69972,64788,5184,92.591322,11,5760
717828,2026-01-01,2026-08-31,225,69972,64787,5185,92.589893,12,5760
717829,2026-01-01,2026-08-31,225,69972,64787,5185,92.589893,12,5760
717831,2026-01-01,2026-08-31,225,69972,64787,5185,92.589893,12,5760
717832,2026-01-01,2026-08-31,225,69972,64788,5184,92.591322,11,5760
717833,2026-01-01,2026-08-31,225,69972,64787,5185,92.589893,12,5760
717836,2026-01-01,2026-08-31,225,69972,64787,5185,92.589893,12,5760
717838,2026-01-01,2026-08-31,225,69972,64788,5184,92.591322,11,5760
717839,2026-01-01,2026-08-31,225,69972,64788,5184,92.591322,11,5760
717842,2026-01-01,2026-08-31,225,69972,64787,5185,92.589893,12,5760
717843,2026-01-01,2026-08-31,225,69972,64787,5185,92.589893,12,5760
717844,2026-01-01,2026-08-31,225,69972,64787,5185,92.589893,12,5760
717846,2026-01-01,2026-08-31,225,69972,64788,5184,92.591322,11,5760
717847,2026-01-01,2026-08-31,225,69972,64787,5185,92.589893,12,5760
717848,2026-01-01,2026-08-31,225,69972,64787,5185,92.589893,12,5760
717850,2026-01-01,2026-08-31,225,69972,64787,5185,92.589893,12,5760
717851,2026-01-01,2026-08-31,225,69972,64787,5185,92.589893,12,5760
717853,2026-01-01,2026-08-31,225,69972,64787,5185,92.589893,12,5760
717854,2026-01-01,2026-08-31,225,69972,64788,5184,92.591322,11,5760
717857,2026-01-01,2026-08-31,225,69972,64788,5184,92.591322,11,5760
717858,2026-01-01,2026-08-31,225,69972,64788,5184,92.591322,11,5760
717859,2026-01-01,2026-08-31,225,69972,64788,5184,92.591322,11,5760
717862,2026-01-01,2026-08-31,225,69972,64788,5184,92.591322,11,5760
717863,2026-01-01,2026-08-31,225,69972,64788,5184,92.591322,11,5760
717864,2026-01-01,2026-08-31,225,69972,64788,5184,92.591322,11,5760
717865,2026-01-01,2026-08-31,225,69972,64788,5184,92.591322,11,5760
717867,2026-01-01,2026-08-31,225,69972,64788,5184,92.591322,11,5760
717871,2026-01-01,2026-08-31,225,69972,64788,5184,92.591322,11,5760
717872,2026-01-01,2026-08-31,225,69972,64788,5184,92.591322,11,5760
717875,2026-01-01,2026-08-31,225,69972,64787,5185,92.589893,12,5760
717877,2026-01-01,2026-08-31,225,69972,64788,5184,92.591322,11,5760
717879,2026-01-01,2026-08-31,225,69972,64788,5184,92.591322,11,5760
717881,2026-01-01,2026-08-31,225,69972,64787,5185,92.589893,12,5760
717884,2026-01-01,2026-08-31,225,69972,64787,5185,92.589893,12,5760
717885,2026-01-01,2026-08-31,225,69972,64788,5184,92.591322,11,5760
717887,2026-01-01,2026-08-31,225,69972,64788,5184,92.591322,11,5760
717888,2026-01-01,2026-08-31,225,69972,64787,5185,92.589893,12,5760
717893,2026-01-01,2026-08-31,225,69972,64787,5185,92.589893,12,5760
717894,2026-01-01,2026-08-31,225,69972,64788,5184,92.591322,11,5760
717896,2026-01-01,2026-08-31,225,69972,64788,5184,92.591322,11,5760
717897,2026-01-01,2026-08-31,225,69972,64788,5184,92.591322,11,5760
717898,2026-01-01,2026-08-31,225,69972,64787,5185,92.589893,12,5760
717903,2026-01-01,2026-08-31,225,69972,64787,5185,92.589893,12,5760
717906,2026-01-01,2026-08-31,225,69972,64788,5184,92.591322,11,5760
717907,2026-01-01,2026-08-31,225,69972,64788,5184,92.591322,11,5760
717909,2026-01-01,2026-08-31,225,69972,64788,5184,92.591322,11,5760
717912,2026-01-01,2026-08-31,225,69972,64788,5184,92.591322,11,5760
717914,2026-01-01,2026-08-31,225,69972,64788,5184,92.591322,11,5760
717915,2026-01-01,2026-08-31,225,69972,64788,5184,92.591322,11,5760
717922,2026-01-01,2026-08-31,225,69972,64788,5184,92.591322,11,5760
717924,2026-01-01,2026-08-31,225,69972,64787,5185,92.589893,12,5760
717925,2026-01-01,2026-08-31,225,69972,64788,5184,92.591322,11,5760
717926,2026-01-01,2026-08-31,225,69972,64787,5185,92.589893,12,5760
717929,2026-01-01,2026-08-31,225,69972,64787,5185,92.589893,12,5760
717930,2026-01-01,2026-08-31,225,69972,64787,5185,92.589893,12,5760
717933,2026-01-01,2026-08-31,225,69972,64787,5185,92.589893,12,5760
717934,2026-01-01,2026-08-31,225,69972,64788,5184,92.591322,11,5760
717940,2026-01-01,2026-08-31,225,69972,64788,5184,92.591322,11,5760
717942,2026-01-01,2026-08-31,225,69972,64787,5185,92.589893,12,5760
717943,2026-01-01,2026-08-31,225,69972,64787,5185,92.589893,12,5760
717945,2026-01-01,2026-08-31,225,69972,64787,5185,92.589893,12,5760
717951,2026-01-01,2026-08-31,225,69972,64788,5184,92.591322,11,5760
717956,2026-01-01,2026-08-31,225,69972,64788,5184,92.591322,11,5760
717957,2026-01-01,2026-08-31,225,69972,64788,5184,92.591322,11,5760
717958,2026-01-01,2026-08-31,225,69972,64787,5185,92.589893,12,5760
717960,2026-01-01,2026-08-31,225,69972,64788,5184,92.591322,11,5760
717962,2026-01-01,2026-08-31,225,69972,64788,5184,92.591322,11,5760
717963,2026-01-01,2026-08-31,225,69972,64787,5185,92.589893,12,5760
717966,2026-01-01,2026-08-31,225,69972,64788,5184,92.591322,11,5760
717968,2026-01-01,2026-08-31,225,69972,64788,5184,92.591322,11,5760
717970,2026-01-01,2026-08-31,225,69972,64788,5184,92.591322,11,5760
717972,2026-01-01,2026-08-31,225,69972,64788,5184,92.591322,11,5760
717975,2026-01-01,2026-08-31,225,69972,64788,5184,92.591322,11,5760
717977,2026-01-01,2026-08-31,225,69972,64788,5184,92.591322,11,5760
717978,2026-01-01,2026-08-31,225,69972,64788,5184,92.591322,11,5760
717980,2026-01-01,2026-08-31,225,69972,64787,5185,92.589893,12,5760
717983,2026-01-01,2026-08-31,225,69972,64788,5184,92.591322,11,5760
717986,2026-01-01,2026-08-31,225,69972,64788,5184,92.591322,11,5760
717989,2026-01-01,2026-08-31,225,69972,64787,5185,92.589893,12,5760
717992,2026-01-01,2026-08-31,225,69972,64788,5184,92.591322,11,5760
717995,2026-01-01,2026-08-31,225,69972,64787,5185,92.589893,12,5760
718002,2026-01-01,2026-08-31,225,69972,64788,5184,92.591322,11,5760
718008,2026-01-01,2026-08-31,225,69972,64788,5184,92.591322,11,5760
718012,2026-01-01,2026-08-31,225,69972,64788,5184,92.591322,11,5760
718014,2026-01-01,2026-08-31,225,69972,64788,5184,92.591322,11,5760
718016,2026-01-01,2026-08-31,225,69972,64788,5184,92.591322,11,5760
718017,2026-01-01,2026-08-31,225,69972,64787,5185,92.589893,12,5760
718018,2026-01-01,2026-08-31,225,69972,64787,5185,92.589893,12,5760
718020,2026-01-01,2026-08-31,225,69972,64787,5185,92.589893,12,5760
718041,2026-01-01,2026-08-31,225,69972,64788,5184,92.591322,11,5760
718045,2026-01-01,2026-08-31,225,69972,64788,5184,92.591322,11,5760
718046,2026-01-01,2026-08-31,225,69972,64788,5184,92.591322,11,5760
718047,2026-01-01,2026-08-31,225,69972,64787,5185,92.589893,12,5760
718048,2026-01-01,2026-08-31,225,69972,64787,5185,92.589893,12,5760
718050,2026-01-01,2026-08-31,225,69972,64788,5184,92.591322,11,5760
718051,2026-01-01,2026-08-31,225,69972,64787,5185,92.589893,12,5760
718052,2026-01-01,2026-08-31,225,69972,64788,5184,92.591322,11,5760
718053,2026-01-01,2026-08-31,225,69972,64787,5185,92.589893,12,5760
718054,2026-01-01,2026-08-31,225,69972,64787,5185,92.589893,12,5760
718064,2026-01-01,2026-08-31,225,69972,64788,5184,92.591322,11,5760
718066,2026-01-01,2026-08-31,225,69972,64787,5185,92.589893,12,5760
718072,2026-01-01,2026-08-31,225,69972,64788,5184,92.591322,11,5760
718076,2026-01-01,2026-08-31,225,69972,64787,5185,92.589893,12,5760
718081,2026-01-01,2026-08-31,225,69972,64788,5184,92.591322,11,5760
718085,2026-01-01,2026-08-31,225,69972,64787,5185,92.589893,12,5760
718086,2026-01-01,2026-08-31,225,69972,64787,5185,92.589893,12,5760
718089,2026-01-01,2026-08-31,225,69972,64788,5184,92.591322,11,5760
718090,2026-01-01,2026-08-31,225,69972,64788,5184,92.591322,11,5760
718092,2026-01-01,2026-08-31,225,69972,64788,5184,92.591322,11,5760
718099,2026-01-01,2026-08-31,225,69972,64787,5185,92.589893,12,5760
718102,2026-01-01,2026-08-31,225,69972,64787,5185,92.589893,12,5760
718103,2026-01-01,2026-08-31,225,69972,64787,5185,92.589893,12,5760
718118,2026-01-01,2026-08-31,225,69972,64788,5184,92.591322,11,5760
718119,2026-01-01,2026-08-31,225,69972,64787,5185,92.589893,12,5760
718123,2026-01-01,2026-08-31,225,69972,64788,5184,92.591322,11,5760
718124,2026-01-01,2026-08-31,225,69972,64788,5184,92.591322,11,5760
718125,2026-01-01,2026-08-31,225,69972,64788,5184,92.591322,11,5760
718126,2026-01-01,2026-08-31,225,69972,64788,5184,92.591322,11,5760
718127,2026-01-01,2026-08-31,225,69972,64788,5184,92.591322,11,5760
718130,2026-01-01,2026-08-31,225,69972,64787,5185,92.589893,12,5760
718141,2026-01-01,2026-08-31,225,69972,64787,5185,92.589893,12,5760
718142,2026-01-01,2026-08-31,225,69972,64787,5185,92.589893,12,5760
718143,2026-01-01,2026-08-31,225,69972,64788,5184,92.591322,11,5760
718144,2026-01-01,2026-08-31,225,69972,64787,5185,92.589893,12,5760
718146,2026-01-01,2026-08-31,225,69972,64788,5184,92.591322,11,5760
718147,2026-01-01,2026-08-31,225,69972,64788,5184,92.591322,11,5760
718148,2026-01-01,2026-08-31,225,69972,64788,5184,92.591322,11,5760
718149,2026-01-01,2026-08-31,225,69972,64787,5185,92.589893,12,5760
718150,2026-01-01,2026-08-31,225,69972,64788,5184,92.591322,11,5760
718151,2026-01-01,2026-08-31,225,69972,64788,5184,92.591322,11,5760
718155,2026-01-01,2026-08-31,225,69972,64787,5185,92.589893,12,5760
718164,2026-01-01,2026-08-31,225,69972,64788,5184,92.591322,11,5760
718165,2026-01-01,2026-08-31,225,69972,64787,5185,92.589893,12,5760
718166,2026-01-01,2026-08-31,225,69972,64787,5185,92.589893,12,5760
718173,2026-01-01,2026-08-31,225,69972,64788,5184,92.591322,11,5760
718204,2026-01-01,2026-08-31,225,69972,64788,5184,92.591322,11,5760
718210,2026-01-01,2026-08-31,225,69972,64788,5184,92.591322,11,5760
718219,2026-01-01,2026-08-31,225,69972,64787,5185,92.589893,12,5760
718221,2026-01-01,2026-08-31,225,69972,64788,5184,92.591322,11,5760
718223,2026-01-01,2026-08-31,225,69972,64788,5184,92.591322,11,5760
718226,2026-01-01,2026-08-31,225,69972,64788,5184,92.591322,11,5760
718227,2026-01-01,2026-08-31,225,69972,64788,5184,92.591322,11,5760
718229,2026-01-01,2026-08-31,225,69972,64787,5185,92.589893,12,5760
718232,2026-01-01,2026-08-31,225,69972,64788,5184,92.591322,11,5760
718235,2026-01-01,2026-08-31,225,69972,64787,5185,92.589893,12,5760
718238,2026-01-01,2026-08-31,225,69972,64788,5184,92.591322,11,5760
718240,2026-01-01,2026-08-31,225,69972,64788,5184,92.591322,11,5760
718242,2026-01-01,2026-08-31,225,69972,64787,5185,92.589893,12,5760
718243,2026-01-01,2026-08-31,225,69972,64787,5185,92.589893,12,5760
718245,2026-01-01,2026-08-31,225,69972,64788,5184,92.591322,11,5760
718247,2026-01-01,2026-08-31,225,69972,64788,5184,92.591322,11,5760
718249,2026-01-01,2026-08-31,225,69972,64787,5185,92.589893,12,5760
718251,2026-01-01,2026-08-31,225,69972,64788,5184,92.591322,11,5760
718253,2026-01-01,2026-08-31,225,69972,64787,5185,92.589893,12,5760
718256,2026-01-01,2026-08-31,225,69972,64788,5184,92.591322,11,5760
718258,2026-01-01,2026-08-31,225,69972,64787,5185,92.589893,12,5760
718259,2026-01-01,2026-08-31,225,69972,64787,5185,92.589893,12,5760
718262,2026-01-01,2026-08-31,225,69972,64787,5185,92.589893,12,5760
718265,2026-01-01,2026-08-31,225,69972,64788,5184,92.591322,11,5760
718266,2026-01-01,2026-08-31,225,69972,64788,5184,92.591322,11,5760
718267,2026-01-01,2026-08-31,225,69972,64788,5184,92.591322,11,5760
718275,2026-01-01,2026-08-31,225,69972,64788,5184,92.591322,11,5760
718277,2026-01-01,2026-08-31,225,69972,64787,5185,92.589893,12,5760
718280,2026-01-01,2026-08-31,225,69972,64788,5184,92.591322,11,5760
718284,2026-01-01,2026-08-31,225,69972,64788,5184,92.591322,11,5760
718287,2026-01-01,2026-08-31,225,69972,64787,5185,92.589893,12,5760
718290,2026-01-01,2026-08-31,225,69972,64788,5184,92.591322,11,5760
718291,2026-01-01,2026-08-31,225,69972,64788,5184,92.591322,11,5760
718292,2026-01-01,2026-08-31,225,69972,64787,5185,92.589893,12,5760
718296,2026-01-01,2026-08-31,225,69972,64788,5184,92.591322,11,5760
718297,2026-01-01,2026-08-31,225,69972,64788,5184,92.591322,11,5760
718300,2026-01-01,2026-08-31,225,69972,64788,5184,92.591322,11,5760
718302,2026-01-01,2026-08-31,225,69972,64788,5184,92.591322,11,5760
718304,2026-01-01,2026-08-31,225,69972,64787,5185,92.589893,12,5760
718308,2026-01-01,2026-08-31,225,69972,64788,5184,92.591322,11,5760
718310,2026-01-01,2026-08-31,225,69972,64788,5184,92.591322,11,5760
718312,2026-01-01,2026-08-31,225,69972,64788,5184,92.591322,11,5760
718314,2026-01-01,2026-08-31,225,69972,64787,5185,92.589893,12,5760
718315,2026-01-01,2026-08-31,225,69972,64787,5185,92.589893,12,5760
718320,2026-01-01,2026-08-31,225,69972,64787,5185,92.589893,12,5760
718321,2026-01-01,2026-08-31,225,69972,64788,5184,92.591322,11,5760
718326,2026-01-01,2026-08-31,225,69972,64788,5184,92.591322,11,5760
718327,2026-01-01,2026-08-31,225,69972,64788,5184,92.591322,11,5760
718332,2026-01-01,2026-08-31,225,69972,64788,5184,92.591322,11,5760
718335,2026-01-01,2026-08-31,225,69972,64788,5184,92.591322,11,5760
718356,2026-01-01,2026-08-31,225,69972,64788,5184,92.591322,11,5760
718358,2026-01-01,2026-08-31,225,69972,64787,5185,92.589893,12,5760
718360,2026-01-01,2026-08-31,225,69972,64787,5185,92.589893,12,5760
718364,2026-01-01,2026-08-31,225,69972,64788,5184,92.591322,11,5760
718370,2026-01-01,2026-08-31,225,69972,64788,5184,92.591322,11,5760
718371,2026-01-01,2026-08-31,225,69972,64787,5185,92.589893,12,5760
718375,2026-01-01,2026-08-31,225,69972,64788,5184,92.591322,11,5760
718376,2026-01-01,2026-08-31,225,69972,64787,5185,92.589893,12,5760
718379,2026-01-01,2026-08-31,225,69972,64787,5185,92.589893,12,5760
718384,2026-01-01,2026-08-31,225,69972,64788,5184,92.591322,11,5760
718389,2026-01-01,2026-08-31,225,69972,64787,5185,92.589893,12,5760
718392,2026-01-01,2026-08-31,225,69972,64787,5185,92.589893,12,5760
718393,2026-01-01,2026-08-31,225,69972,64788,5184,92.591322,11,5760
718394,2026-01-01,2026-08-31,225,69972,64787,5185,92.589893,12,5760
718404,2026-01-01,2026-08-31,225,69972,64788,5184,92.591322,11,5760
718405,2026-01-01,2026-08-31,225,69972,64787,5185,92.589893,12,5760
718410,2026-01-01,2026-08-31,225,69972,64788,5184,92.591322,11,5760
718411,2026-01-01,2026-08-31,225,69972,64787,5185,92.589893,12,5760
718412,2026-01-01,2026-08-31,225,69972,64788,5184,92.591322,11,5760
718414,2026-01-01,2026-08-31,225,69972,64788,5184,92.591322,11,5760
718415,2026-01-01,2026-08-31,225,69972,64787,5185,92.589893,12,5760
718419,2026-01-01,2026-08-31,225,69972,64788,5184,92.591322,11,5760
718421,2026-01-01,2026-08-31,225,69972,64787,5185,92.589893,12,5760
718445,2026-01-01,2026-08-31,225,69972,64788,5184,92.591322,11,5760
718453,2026-01-01,2026-08-31,225,69972,64788,5184,92.591322,11,5760
718455,2026-01-01,2026-08-31,225,69972,64788,5184,92.591322,11,5760
718466,2026-01-01,2026-08-31,225,69972,64787,5185,92.589893,12,5760
718469,2026-01-01,2026-08-31,225,69972,64787,5185,92.589893,12,5760
718479,2026-01-01,2026-08-31,225,69972,64788,5184,92.591322,11,5760
718488,2026-01-01,2026-08-31,225,69972,64788,5184,92.591322,11,5760
718492,2026-01-01,2026-08-31,225,69972,64788,5184,92.591322,11,5760
718493,2026-01-01,2026-08-31,225,69972,64787,5185,92.589893,12,5760
718496,2026-01-01,2026-08-31,225,69972,64787,5185,92.589893,12,5760
718499,2026-01-01,2026-08-31,225,69972,64787,5185,92.589893,12,5760
718500,2026-01-01,2026-08-31,225,69972,64788,5184,92.591322,11,5760
737152,2026-01-01,2026-08-31,225,69972,64788,5184,92.591322,11,5760
737158,2026-01-01,2026-08-31,225,69972,64787,5185,92.589893,12,5760
737184,2026-01-01,2026-08-31,225,69972,64788,5184,92.591322,11,5760
737229,2026-01-01,2026-08-31,225,69972,64788,5184,92.591322,11,5760
737232,2026-01-01,2026-08-31,225,69972,64788,5184,92.591322,11,5760
737237,2026-01-01,2026-08-31,225,69972,64787,5185,92.589893,12,5760
737242,2026-01-01,2026-08-31,225,69972,64787,5185,92.589893,12,5760
737246,2026-01-01,2026-08-31,225,69972,64788,5184,92.591322,11,5760
737257,2026-01-01,2026-08-31,225,69972,64788,5184,92.591322,11,5760
737258,2026-01-01,2026-08-31,225,69972,64788,5184,92.591322,11,5760
737269,2026-01-01,2026-08-31,225,69972,64787,5185,92.589893,12,5760
737278,2026-01-01,2026-08-31,225,69972,64788,5184,92.591322,11,5760
737292,2026-01-01,2026-08-31,225,69972,64787,5185,92.589893,12,5760
737313,2026-01-01,2026-08-31,225,69972,64787,5185,92.589893,12,5760
737320,2026-01-01,2026-08-31,225,69972,64787,5185,92.589893,12,5760
737344,2026-01-01,2026-08-31,225,69972,64788,5184,92.591322,11,5760
737345,2026-01-01,2026-08-31,225,69972,64788,5184,92.591322,11,5760
737433,2026-01-01,2026-08-31,225,69972,64788,5184,92.591322,11,5760
737504,2026-01-01,2026-08-31,225,69972,64787,5185,92.589893,12,5760
737529,2026-01-01,2026-08-31,225,69972,64788,5184,92.591322,11,5760
759142,2026-01-01,2026-08-31,225,69972,64787,5185,92.589893,12,5760
759165,2026-01-01,2026-08-31,225,69972,64788,5184,92.591322,11,5760
759228,2026-01-01,2026-08-31,225,69972,64788,5184,92.591322,11,5760
759250,2026-01-01,2026-08-31,225,69972,64788,5184,92.591322,11,5760
759257,2026-01-01,2026-08-31,225,69972,64788,5184,92.591322,11,5760
759259,2026-01-01,2026-08-31,225,69972,64787,5185,92.589893,12,5760
759271,2026-01-01,2026-08-31,225,69972,64787,5185,92.589893,12,5760
759280,2026-01-01,2026-08-31,225,69972,64788,5184,92.591322,11,5760
759289,2026-01-01,2026-08-31,225,69972,64787,5185,92.589893,12,5760
759385,2026-01-01,2026-08-31,225,69972,64788,5184,92.591322,11,5760
759416,2026-01-01,2026-08-31,225,69972,64788,5184,92.591322,11,5760
759418,2026-01-01,2026-08-31,225,69972,64787,5185,92.589893,12,5760
759422,2026-01-01,2026-08-31,225,69972,64787,5185,92.589893,12,5760
759427,2026-01-01,2026-08-31,225,69972,64788,5184,92.591322,11,5760
759513,2026-01-01,2026-08-31,225,69972,64787,5185,92.589893,12,5760
759518,2026-01-01,2026-08-31,225,69972,64788,5184,92.591322,11,5760
759531,2026-01-01,2026-08-31,225,69972,64788,5184,92.591322,11,5760
759542,2026-01-01,2026-08-31,225,69972,64787,5185,92.589893,12,5760
759552,2026-01-01,2026-08-31,225,69972,64788,5184,92.591322,11,5760
759566,2026-01-01,2026-08-31,225,69972,64788,5184,92.591322,11,5760
759576,2026-01-01,2026-08-31,225,69972,64787,5185,92.589893,12,5760
759591,2026-01-01,2026-08-31,225,69972,64788,5184,92.591322,11,5760
759602,2026-01-01,2026-08-31,225,69972,64787,5185,92.589893,12,5760
759610,2026-01-01,2026-08-31,225,69972,64787,5185,92.589893,12,5760
759617,2026-01-01,2026-08-31,225,69972,64788,5184,92.591322,11,5760
759626,2026-01-01,2026-08-31,225,69972,64788,5184,92.591322,11,5760
759636,2026-01-01,2026-08-31,225,69972,64788,5184,92.591322,11,5760
759648,2026-01-01,2026-08-31,225,69972,64788,5184,92.591322,11,5760
759654,2026-01-01,2026-08-31,225,69972,64787,5185,92.589893,12,5760
759666,2026-01-01,2026-08-31,225,69972,64788,5184,92.591322,11,5760
759672,2026-01-01,2026-08-31,225,69972,64788,5184,92.591322,11,5760
759677,2026-01-01,2026-08-31,225,69972,64788,5184,92.591322,11,5760
759685,2026-01-01,2026-08-31,225,69972,64788,5184,92.591322,11,5760
759700,2026-01-01,2026-08-31,225,69972,64787,5185,92.589893,12,5760
759707,2026-01-01,2026-08-31,225,69972,64788,5184,92.591322,11,5760
759747,2026-01-01,2026-08-31,225,69972,64788,5184,92.591322,11,5760
759762,2026-01-01,2026-08-31,225,69972,64787,5185,92.589893,12,5760
759772,2026-01-01,2026-08-31,225,69972,64788,5184,92.591322,11,5760
759783,2026-01-01,2026-08-31,225,69972,64788,5184,92.591322,11,5760
759822,2026-01-01,2026-08-31,225,69972,64788,5184,92.591322,11,5760
759834,2026-01-01,2026-08-31,225,69972,64788,5184,92.591322,11,5760
759835,2026-01-01,2026-08-31,225,69972,64787,5185,92.589893,12,5760
759844,2026-01-01,2026-08-31,225,69972,64788,5184,92.591322,11,5760
759850,2026-01-01,2026-08-31,225,69972,64788,5184,92.591322,11,5760
759858,2026-01-01,2026-08-31,225,69972,64788,5184,92.591322,11,5760
759870,2026-01-01,2026-08-31,225,69972,64788,5184,92.591322,11,5760
759900,2026-01-01,2026-08-31,225,69972,64787,5185,92.589893,12,5760
759914,2026-01-01,2026-08-31,225,69972,64787,5185,92.589893,12,5760
759927,2026-01-01,2026-08-31,225,69972,64788,5184,92.591322,11,5760
759933,2026-01-01,2026-08-31,225,69972,64787,5185,92.589893,12,5760
759942,2026-01-01,2026-08-31,225,69972,64787,5185,92.589893,12,5760
759980,2026-01-01,2026-08-31,225,69972,64787,5185,92.589893,12,5760
760002,2026-01-01,2026-08-31,225,69972,64787,5185,92.589893,12,5760
760013,2026-01-01,2026-08-31,225,69972,64787,5185,92.589893,12,5760
760024,2026-01-01,2026-08-31,225,69972,64788,5184,92.591322,11,5760
760046,2026-01-01,2026-08-31,225,69972,64787,5185,92.589893,12,5760
760063,2026-01-01,2026-08-31,225,69972,64787,5185,92.589893,12,5760
760074,2026-01-01,2026-08-31,225,69972,64787,5185,92.589893,12,5760
760080,2026-01-01,2026-08-31,225,69972,64788,5184,92.591322,11,5760
760101,2026-01-01,2026-08-31,225,69972,64788,5184,92.591322,11,5760
760112,2026-01-01,2026-08-31,225,69972,64787,5185,92.589893,12,5760
760167,2026-01-01,2026-08-31,225,69972,64788,5184,92.591322,11,5760
760187,2026-01-01,2026-08-31,225,69972,64788,5184,92.591322,11,5760
760196,2026-01-01,2026-08-31,225,69972,64788,5184,92.591322,11,5760
760226,2026-01-01,2026-08-31,225,69972,64788,5184,92.591322,11,5760
760236,2026-01-01,2026-08-31,225,69972,64787,5185,92.589893,12,5760
760283,2026-01-01,2026-08-31,225,69972,64788,5184,92.591322,11,5760
760301,2026-01-01,2026-08-31,225,69972,64788,5184,92.591322,11,5760
760315,2026-01-01,2026-08-31,225,69972,64787,5185,92.589893,12,5760
760330,2026-01-01,2026-08-31,225,69972,64787,5185,92.589893,12,5760
760349,2026-01-01,2026-08-31,225,69972,64787,5185,92.589893,12,5760
760358,2026-01-01,2026-08-31,225,69972,64787,5185,92.589893,12,5760
760361,2026-01-01,2026-08-31,225,69972,64787,5185,92.589893,12,5760
760369,2026-01-01,2026-08-31,225,69972,64788,5184,92.591322,11,5760
760375,2026-01-01,2026-08-31,225,69972,64787,5185,92.589893,12,5760
760384,2026-01-01,2026-08-31,225,69972,64788,5184,92.591322,11,5760
760398,2026-01-01,2026-08-31,225,69972,64787,5185,92.589893,12,5760
760426,2026-01-01,2026-08-31,225,69972,64787,5185,92.589893,12,5760
760440,2026-01-01,2026-08-31,225,69972,64787,5185,92.589893,12,5760
760452,2026-01-01,2026-08-31,225,69972,64788,5184,92.591322,11,5760
760473,2026-01-01,2026-08-31,225,69972,64787,5185,92.589893,12,5760
760481,2026-01-01,2026-08-31,225,69972,64788,5184,92.591322,11,5760
760496,2026-01-01,2026-08-31,225,69972,64788,5184,92.591322,11,5760
760512,2026-01-01,2026-08-31,225,69972,64787,5185,92.589893,12,5760
760535,2026-01-01,2026-08-31,225,69972,64787,5185,92.589893,12,5760
760558,2026-01-01,2026-08-31,225,69972,64788,5184,92.591322,11,5760
760568,2026-01-01,2026-08-31,225,69972,64787,5185,92.589893,12,5760
760599,2026-01-01,2026-08-31,225,69972,64788,5184,92.591322,11,5760
760606,2026-01-01,2026-08-31,225,69972,64788,5184,92.591322,11,5760
760619,2026-01-01,2026-08-31,225,69972,64787,5185,92.589893,12,5760
760635,2026-01-01,2026-08-31,225,69972,64788,5184,92.591322,11,5760
760643,2026-01-01,2026-08-31,225,69972,64787,5185,92.589893,12,5760
760650,2026-01-01,2026-08-31,225,69972,64788,5184,92.591322,11,5760
760686,2026-01-01,2026-08-31,225,69972,64788,5184,92.591322,11,5760
760693,2026-01-01,2026-08-31,225,69972,64787,5185,92.589893,12,5760
760706,2026-01-01,2026-08-31,225,69972,64788,5184,92.591322,11,5760
760718,2026-01-01,2026-08-31,225,69972,64787,5185,92.589893,12,5760
760726,2026-01-01,2026-08-31,225,69972,64787,5185,92.589893,12,5760
760738,2026-01-01,2026-08-31,225,69972,64787,5185,92.589893,12,5760
760746,2026-01-01,2026-08-31,225,69972,64787,5185,92.589893,12,5760
760756,2026-01-01,2026-08-31,225,69972,64787,5185,92.589893,12,5760
760765,2026-01-01,2026-08-31,225,69972,64788,5184,92.591322,11,5760
760774,2026-01-01,2026-08-31,225,69972,64787,5185,92.589893,12,5760
760782,2026-01-01,2026-08-31,225,69972,64788,5184,92.591322,11,5760
760794,2026-01-01,2026-08-31,225,69972,64787,5185,92.589893,12,5760
760801,2026-01-01,2026-08-31,225,69972,64787,5185,92.589893,12,5760
760812,2026-01-01,2026-08-31,225,69972,64788,5184,92.591322,11,5760
760814,2026-01-01,2026-08-31,225,69972,64787,5185,92.589893,12,5760
760828,2026-01-01,2026-08-31,225,69972,64787,5185,92.589893,12,5760
760869,2026-01-01,2026-08-31,225,69972,64787,5185,92.589893,12,5760
760892,2026-01-01,2026-08-31,225,69972,64787,5185,92.589893,12,5760
760900,2026-01-01,2026-08-31,225,69972,64787,5185,92.589893,12,5760
760911,2026-01-01,2026-08-31,225,69972,64787,5185,92.589893,12,5760
760921,2026-01-01,2026-08-31,225,69972,64787,5185,92.589893,12,5760
760932,2026-01-01,2026-08-31,225,69972,64788,5184,92.591322,11,5760
760941,2026-01-01,2026-08-31,225,69972,64788,5184,92.591322,11,5760
760951,2026-01-01,2026-08-31,225,69972,64788,5184,92.591322,11,5760
760959,2026-01-01,2026-08-31,225,69972,64788,5184,92.591322,11,5760
760971,2026-01-01,2026-08-31,225,69972,64788,5184,92.591322,11,5760
760987,2026-01-01,2026-08-31,225,69972,64788,5184,92.591322,11,5760
761003,2026-01-01,2026-08-31,225,69972,64787,5185,92.589893,12,5760
761016,2026-01-01,2026-08-31,225,69972,64788,5184,92.591322,11,5760
761070,2026-01-01,2026-08-31,225,69972,64788,5184,92.591322,11,5760
761128,2026-01-01,2026-08-31,225,69972,64787,5185,92.589893,12,5760
761141,2026-01-01,2026-08-31,225,69972,64787,5185,92.589893,12,5760
761152,2026-01-01,2026-08-31,225,69972,64787,5185,92.589893,12,5760
761165,2026-01-01,2026-08-31,225,69972,64787,5185,92.589893,12,5760
761177,2026-01-01,2026-08-31,225,69972,64787,5185,92.589893,12,5760
761191,2026-01-01,2026-08-31,225,69972,64787,5185,92.589893,12,5760
761206,2026-01-01,2026-08-31,225,69972,64787,5185,92.589893,12,5760
761220,2026-01-01,2026-08-31,225,69972,64788,5184,92.591322,11,5760
761342,2026-01-01,2026-08-31,225,69972,64788,5184,92.591322,11,5760
761356,2026-01-01,2026-08-31,225,69972,64788,5184,92.591322,11,5760
761374,2026-01-01,2026-08-31,225,69972,64788,5184,92.591322,11,5760
761455,2026-01-01,2026-08-31,225,69972,64788,5184,92.591322,11,5760
761482,2026-01-01,2026-08-31,225,69972,64788,5184,92.591322,11,5760
761492,2026-01-01,2026-08-31,225,69972,64787,5185,92.589893,12,5760
761500,2026-01-01,2026-08-31,225,69972,64788,5184,92.591322,11,5760
761526,2026-01-01,2026-08-31,225,69972,64788,5184,92.591322,11,5760
761541,2026-01-01,2026-08-31,225,69972,64788,5184,92.591322,11,5760
761552,2026-01-01,2026-08-31,225,69972,64788,5184,92.591322,11,5760
761599,2026-01-01,2026-08-31,225,69972,64788,5184,92.591322,11,5760
761604,2026-01-01,2026-08-31,225,69972,64787,5185,92.589893,12,5760
761644,2026-01-01,2026-08-31,225,69972,64787,5185,92.589893,12,5760
761675,2026-01-01,2026-08-31,225,69972,64788,5184,92.591322,11,5760
761734,2026-01-01,2026-08-31,225,69972,64788,5184,92.591322,11,5760
761761,2026-01-01,2026-08-31,225,69972,64787,5185,92.589893,12,5760
761776,2026-01-01,2026-08-31,225,69972,64788,5184,92.591322,11,5760
761844,2026-01-01,2026-08-31,225,69972,64787,5185,92.589893,12,5760
761851,2026-01-01,2026-08-31,225,69972,64788,5184,92.591322,11,5760
762329,2026-01-01,2026-08-31,225,69972,64787,5185,92.589893,12,5760
762347,2026-01-01,2026-08-31,225,69972,64788,5184,92.591322,11,5760
762353,2026-01-01,2026-08-31,225,69972,64788,5184,92.591322,11,5760
762398,2026-01-01,2026-08-31,225,69972,64788,5184,92.591322,11,5760
763237,2026-01-01,2026-08-31,225,69972,64788,5184,92.591322,11,5760
763246,2026-01-01,2026-08-31,225,69972,64787,5185,92.589893,12,5760
763251,2026-01-01,2026-08-31,225,69972,64788,5184,92.591322,11,5760
763259,2026-01-01,2026-08-31,225,69972,64787,5185,92.589893,12,5760
763267,2026-01-01,2026-08-31,225,69972,64787,5185,92.589893,12,5760
763275,2026-01-01,2026-08-31,225,69972,64788,5184,92.591322,11,5760
763286,2026-01-01,2026-08-31,225,69972,64788,5184,92.591322,11,5760
763294,2026-01-01,2026-08-31,225,69972,64787,5185,92.589893,12,5760
763299,2026-01-01,2026-08-31,225,69972,64788,5184,92.591322,11,5760
763304,2026-01-01,2026-08-31,225,69972,64788,5184,92.591322,11,5760
763309,2026-01-01,2026-08-31,225,69972,64788,5184,92.591322,11,5760
763314,2026-01-01,2026-08-31,225,69972,64787,5185,92.589893,12,5760
763325,2026-01-01,2026-08-31,225,69972,64787,5185,92.589893,12,5760
763330,2026-01-01,2026-08-31,225,69972,64788,5184,92.591322,11,5760
763336,2026-01-01,2026-08-31,225,69972,64788,5184,92.591322,11,5760
763341,2026-01-01,2026-08-31,225,69972,64787,5185,92.589893,12,5760
763346,2026-01-01,2026-08-31,225,69972,64788,5184,92.591322,11,5760
763354,2026-01-01,2026-08-31,225,69972,64788,5184,92.591322,11,5760
763361,2026-01-01,2026-08-31,225,69972,64788,5184,92.591322,11,5760
763367,2026-01-01,2026-08-31,225,69972,64787,5185,92.589893,12,5760
763372,2026-01-01,2026-08-31,225,69972,64787,5185,92.589893,12,5760
763377,2026-01-01,2026-08-31,225,69972,64788,5184,92.591322,11,5760
763384,2026-01-01,2026-08-31,225,69972,64787,5185,92.589893,12,5760
763392,2026-01-01,2026-08-31,225,69972,64787,5185,92.589893,12,5760
763400,2026-01-01,2026-08-31,225,69972,64787,5185,92.589893,12,5760
763408,2026-01-01,2026-08-31,225,69972,64787,5185,92.589893,12,5760
763419,2026-01-01,2026-08-31,225,69972,64788,5184,92.591322,11,5760
763424,2026-01-01,2026-08-31,225,69972,64787,5185,92.589893,12,5760
763429,2026-01-01,2026-08-31,225,69972,64788,5184,92.591322,11,5760
763434,2026-01-01,2026-08-31,225,69972,64788,5184,92.591322,11,5760
763439,2026-01-01,2026-08-31,225,69972,64788,5184,92.591322,11,5760
763447,2026-01-01,2026-08-31,225,69972,64788,5184,92.591322,11,5760
763453,2026-01-01,2026-08-31,225,69972,64788,5184,92.591322,11,5760
763458,2026-01-01,2026-08-31,225,69972,64788,5184,92.591322,11,5760
763468,2026-01-01,2026-08-31,225,69972,64788,5184,92.591322,11,5760
763479,2026-01-01,2026-08-31,225,69972,64787,5185,92.589893,12,5760
763485,2026-01-01,2026-08-31,225,69972,64787,5185,92.589893,12,5760
763490,2026-01-01,2026-08-31,225,69972,64788,5184,92.591322,11,5760
763498,2026-01-01,2026-08-31,225,69972,64787,5185,92.589893,12,5760
763502,2026-01-01,2026-08-31,225,69972,64787,5185,92.589893,12,5760
763507,2026-01-01,2026-08-31,225,69972,64788,5184,92.591322,11,5760
763512,2026-01-01,2026-08-31,225,69972,64788,5184,92.591322,11,5760
763517,2026-01-01,2026-08-31,225,69972,64787,5185,92.589893,12,5760
763522,2026-01-01,2026-08-31,225,69972,64788,5184,92.591322,11,5760
763527,2026-01-01,2026-08-31,225,69972,64787,5185,92.589893,12,5760
763532,2026-01-01,2026-08-31,225,69972,64787,5185,92.589893,12,5760
763539,2026-01-01,2026-08-31,225,69972,64788,5184,92.591322,11,5760
763553,2026-01-01,2026-08-31,225,69972,64788,5184,92.591322,11,5760
763558,2026-01-01,2026-08-31,225,69972,64788,5184,92.591322,11,5760
763563,2026-01-01,2026-08-31,225,69972,64788,5184,92.591322,11,5760
763568,2026-01-01,2026-08-31,225,69972,64788,5184,92.591322,11,5760
763573,2026-01-01,2026-08-31,225,69972,64788,5184,92.591322,11,5760
763578,2026-01-01,2026-08-31,225,69972,64787,5185,92.589893,12,5760
763583,2026-01-01,2026-08-31,225,69972,64787,5185,92.589893,12,5760
763590,2026-01-01,2026-08-31,225,69972,64788,5184,92.591322,11,5760
763616,2026-01-01,2026-08-31,225,69972,64788,5184,92.591322,11,5760
763621,2026-01-01,2026-08-31,225,69972,64788,5184,92.591322,11,5760
763626,2026-01-01,2026-08-31,225,69972,64788,5184,92.591322,11,5760
763641,2026-01-01,2026-08-31,225,69972,64787,5185,92.589893,12,5760
763649,2026-01-01,2026-08-31,225,69972,64788,5184,92.591322,11,5760
763663,2026-01-01,2026-08-31,225,69972,64787,5185,92.589893,12,5760
763669,2026-01-01,2026-08-31,225,69972,64788,5184,92.591322,11,5760
763674,2026-01-01,2026-08-31,225,69972,64788,5184,92.591322,11,5760
763683,2026-01-01,2026-08-31,225,69972,64788,5184,92.591322,11,5760
763689,2026-01-01,2026-08-31,225,69972,64787,5185,92.589893,12,5760
763695,2026-01-01,2026-08-31,225,69972,64787,5185,92.589893,12,5760
763700,2026-01-01,2026-08-31,225,69972,64787,5185,92.589893,12,5760
763706,2026-01-01,2026-08-31,225,69972,64787,5185,92.589893,12,5760
763712,2026-01-01,2026-08-31,225,69972,64787,5185,92.589893,12,5760
763720,2026-01-01,2026-08-31,225,69972,64787,5185,92.589893,12,5760
763731,2026-01-01,2026-08-31,225,69972,64787,5185,92.589893,12,5760
763748,2026-01-01,2026-08-31,225,69972,64788,5184,92.591322,11,5760
763963,2026-01-01,2026-08-31,225,69972,64788,5184,92.591322,11,5760
763970,2026-01-01,2026-08-31,225,69972,64788,5184,92.591322,11,5760
763975,2026-01-01,2026-08-31,225,69972,64788,5184,92.591322,11,5760
763980,2026-01-01,2026-08-31,225,69972,64787,5185,92.589893,12,5760
763985,2026-01-01,2026-08-31,225,69972,64787,5185,92.589893,12,5760
763990,2026-01-01,2026-08-31,225,69972,64788,5184,92.591322,11,5760
763995,2026-01-01,2026-08-31,225,69972,64787,5185,92.589893,12,5760
764001,2026-01-01,2026-08-31,225,69972,64787,5185,92.589893,12,5760
764021,2026-01-01,2026-08-31,225,69972,64788,5184,92.591322,11,5760
764026,2026-01-01,2026-08-31,225,69972,64788,5184,92.591322,11,5760
764032,2026-01-01,2026-08-31,225,69972,64788,5184,92.591322,11,5760
764037,2026-01-01,2026-08-31,225,69972,64788,5184,92.591322,11,5760
764050,2026-01-01,2026-08-31,225,69972,64787,5185,92.589893,12,5760
764054,2026-01-01,2026-08-31,225,69972,64788,5184,92.591322,11,5760
764059,2026-01-01,2026-08-31,225,69972,64787,5185,92.589893,12,5760
764064,2026-01-01,2026-08-31,225,69972,64788,5184,92.591322,11,5760
764068,2026-01-01,2026-08-31,225,69972,64787,5185,92.589893,12,5760
764072,2026-01-01,2026-08-31,225,69972,64787,5185,92.589893,12,5760
764076,2026-01-01,2026-08-31,225,69972,64787,5185,92.589893,12,5760
764081,2026-01-01,2026-08-31,225,69972,64788,5184,92.591322,11,5760
764085,2026-01-01,2026-08-31,225,69972,64788,5184,92.591322,11,5760
764089,2026-01-01,2026-08-31,225,69972,64787,5185,92.589893,12,5760
764096,2026-01-01,2026-08-31,225,69972,64787,5185,92.589893,12,5760
764101,2026-01-01,2026-08-31,225,69972,64787,5185,92.589893,12,5760
764106,2026-01-01,2026-08-31,225,69972,64787,5185,92.589893,12,5760
764130,2026-01-01,2026-08-31,225,69972,64787,5185,92.589893,12,5760
764137,2026-01-01,2026-08-31,225,69972,64788,5184,92.591322,11,5760
764146,2026-01-01,2026-08-31,225,69972,64787,5185,92.589893,12,5760
764151,2026-01-01,2026-08-31,225,69972,64788,5184,92.591322,11,5760
764156,2026-01-01,2026-08-31,225,69972,64788,5184,92.591322,11,5760
764161,2026-01-01,2026-08-31,225,69972,64787,5185,92.589893,12,5760
764165,2026-01-01,2026-08-31,225,69972,64788,5184,92.591322,11,5760
764169,2026-01-01,2026-08-31,225,69972,64787,5185,92.589893,12,5760
764173,2026-01-01,2026-08-31,225,69972,64788,5184,92.591322,11,5760
764177,2026-01-01,2026-08-31,225,69972,64787,5185,92.589893,12,5760
764181,2026-01-01,2026-08-31,225,69972,64788,5184,92.591322,11,5760
764185,2026-01-01,2026-08-31,225,69972,64787,5185,92.589893,12,5760
764189,2026-01-01,2026-08-31,225,69972,64788,5184,92.591322,11,5760
764193,2026-01-01,2026-08-31,225,69972,64788,5184,92.591322,11,5760
764197,2026-01-01,2026-08-31,225,69972,64788,5184,92.591322,11,5760
764201,2026-01-01,2026-08-31,225,69972,64788,5184,92.591322,11,5760
764206,2026-01-01,2026-08-31,225,69972,64787,5185,92.589893,12,5760
764217,2026-01-01,2026-08-31,225,69972,64788,5184,92.591322,11,5760
764222,2026-01-01,2026-08-31,225,69972,64787,5185,92.589893,12,5760
764227,2026-01-01,2026-08-31,225,69972,64788,5184,92.591322,11,5760
764232,2026-01-01,2026-08-31,225,69972,64788,5184,92.591322,11,5760
764244,2026-01-01,2026-08-31,225,69972,64787,5185,92.589893,12,5760
764249,2026-01-01,2026-08-31,225,69972,64787,5185,92.589893,12,5760
764262,2026-01-01,2026-08-31,225,69972,64788,5184,92.591322,11,5760
764269,2026-01-01,2026-08-31,225,69972,64787,5185,92.589893,12,5760
764276,2026-01-01,2026-08-31,225,69972,64787,5185,92.589893,12,5760
764283,2026-01-01,2026-08-31,225,69972,64788,5184,92.591322,11,5760
764290,2026-01-01,2026-08-31,225,69972,64788,5184,92.591322,11,5760
764297,2026-01-01,2026-08-31,225,69972,64787,5185,92.589893,12,5760
764304,2026-01-01,2026-08-31,225,69972,64788,5184,92.591322,11,5760
764311,2026-01-01,2026-08-31,225,69972,64788,5184,92.591322,11,5760
764318,2026-01-01,2026-08-31,225,69972,64788,5184,92.591322,11,5760
764322,2026-01-01,2026-08-31,225,69972,64788,5184,92.591322,11,5760
764417,2026-01-01,2026-08-31,225,69972,64788,5184,92.591322,11,5760
764418,2026-01-01,2026-08-31,225,69972,64787,5185,92.589893,12,5760
764420,2026-01-01,2026-08-31,225,69972,64787,5185,92.589893,12,5760
764425,2026-01-01,2026-08-31,225,69972,64788,5184,92.591322,11,5760
764430,2026-01-01,2026-08-31,225,69972,64788,5184,92.591322,11,5760
764435,2026-01-01,2026-08-31,225,69972,64788,5184,92.591322,11,5760
764567,2026-01-01,2026-08-31,225,69972,64788,5184,92.591322,11,5760
764572,2026-01-01,2026-08-31,225,69972,64787,5185,92.589893,12,5760
764578,2026-01-01,2026-08-31,225,69972,64788,5184,92.591322,11,5760
764583,2026-01-01,2026-08-31,225,69972,64787,5185,92.589893,12,5760
764590,2026-01-01,2026-08-31,225,69972,64787,5185,92.589893,12,5760
764598,2026-01-01,2026-08-31,225,69972,64787,5185,92.589893,12,5760
764604,2026-01-01,2026-08-31,225,69972,64787,5185,92.589893,12,5760
764622,2026-01-01,2026-08-31,225,69972,64788,5184,92.591322,11,5760
764627,2026-01-01,2026-08-31,225,69972,64788,5184,92.591322,11,5760
764632,2026-01-01,2026-08-31,225,69972,64787,5185,92.589893,12,5760
764637,2026-01-01,2026-08-31,225,69972,64788,5184,92.591322,11,5760
764646,2026-01-01,2026-08-31,225,69972,64787,5185,92.589893,12,5760
764671,2026-01-01,2026-08-31,225,69972,64788,5184,92.591322,11,5760
764754,2026-01-01,2026-08-31,225,69972,64788,5184,92.591322,11,5760
764760,2026-01-01,2026-08-31,225,69972,64788,5184,92.591322,11,5760
764766,2026-01-01,2026-08-31,225,69972,64787,5185,92.589893,12,5760
764781,2026-01-01,2026-08-31,225,69972,64788,5184,92.591322,11,5760
764794,2026-01-01,2026-08-31,225,69972,64787,5185,92.589893,12,5760
764798,2026-01-01,2026-08-31,225,69972,64788,5184,92.591322,11,5760
764803,2026-01-01,2026-08-31,225,69972,64788,5184,92.591322,11,5760
764808,2026-01-01,2026-08-31,225,69972,64788,5184,92.591322,11,5760
764814,2026-01-01,2026-08-31,225,69972,64788,5184,92.591322,11,5760
764819,2026-01-01,2026-08-31,225,69972,64788,5184,92.591322,11,5760
764824,2026-01-01,2026-08-31,225,69972,64787,5185,92.589893,12,5760
764829,2026-01-01,2026-08-31,225,69972,64788,5184,92.591322,11,5760
764834,2026-01-01,2026-08-31,225,69972,64788,5184,92.591322,11,5760
764839,2026-01-01,2026-08-31,225,69972,64787,5185,92.589893,12,5760
764848,2026-01-01,2026-08-31,225,69972,64787,5185,92.589893,12,5760
764853,2026-01-01,2026-08-31,225,69972,64787,5185,92.589893,12,5760
764863,2026-01-01,2026-08-31,225,69972,64788,5184,92.591322,11,5760
764868,2026-01-01,2026-08-31,225,69972,64788,5184,92.591322,11,5760
764874,2026-01-01,2026-08-31,225,69972,64787,5185,92.589893,12,5760
764879,2026-01-01,2026-08-31,225,69972,64787,5185,92.589893,12,5760
764885,2026-01-01,2026-08-31,225,69972,64788,5184,92.591322,11,5760
764891,2026-01-01,2026-08-31,225,69972,64787,5185,92.589893,12,5760
764900,2026-01-01,2026-08-31,225,69972,64787,5185,92.589893,12,5760
764905,2026-01-01,2026-08-31,225,69972,64788,5184,92.591322,11,5760
764910,2026-01-01,2026-08-31,225,69972,64788,5184,92.591322,11,5760
764915,2026-01-01,2026-08-31,225,69972,64788,5184,92.591322,11,5760
764921,2026-01-01,2026-08-31,225,69972,64787,5185,92.589893,12,5760
764927,2026-01-01,2026-08-31,225,69972,64788,5184,92.591322,11,5760
764932,2026-01-01,2026-08-31,225,69972,64787,5185,92.589893,12,5760
764937,2026-01-01,2026-08-31,225,69972,64788,5184,92.591322,11,5760
764941,2026-01-01,2026-08-31,225,69972,64787,5185,92.589893,12,5760
764949,2026-01-01,2026-08-31,225,69972,64787,5185,92.589893,12,5760
764958,2026-01-01,2026-08-31,225,69972,64788,5184,92.591322,11,5760
764963,2026-01-01,2026-08-31,225,69972,64787,5185,92.589893,12,5760
765098,2026-01-01,2026-08-31,225,69972,64788,5184,92.591322,11,5760
765099,2026-01-01,2026-08-31,225,69972,64788,5184,92.591322,11,5760
765100,2026-01-01,2026-08-31,225,69972,64787,5185,92.589893,12,5760
765101,2026-01-01,2026-08-31,225,69972,64788,5184,92.591322,11,5760
765106,2026-01-01,2026-08-31,225,69972,64788,5184,92.591322,11,5760
765150,2026-01-01,2026-08-31,225,69972,64788,5184,92.591322,11,5760
765153,2026-01-01,2026-08-31,225,69972,64787,5185,92.589893,12,5760
765164,2026-01-01,2026-08-31,225,69972,64788,5184,92.591322,11,5760
765171,2026-01-01,2026-08-31,225,69972,64787,5185,92.589893,12,5760
765176,2026-01-01,2026-08-31,225,69972,64788,5184,92.591322,11,5760
765265,2026-01-01,2026-08-31,225,69972,64788,5184,92.591322,11,5760
765273,2026-01-01,2026-08-31,225,69972,64788,5184,92.591322,11,5760
765444,2026-01-01,2026-08-31,225,69972,64787,5185,92.589893,12,5760
765451,2026-01-01,2026-08-31,225,69972,64788,5184,92.591322,11,5760
765456,2026-01-01,2026-08-31,225,69972,64787,5185,92.589893,12,5760
765461,2026-01-01,2026-08-31,225,69972,64787,5185,92.589893,12,5760
765467,2026-01-01,2026-08-31,225,69972,64788,5184,92.591322,11,5760
765472,2026-01-01,2026-08-31,225,69972,64787,5185,92.589893,12,5760
765476,2026-01-01,2026-08-31,225,69972,64788,5184,92.591322,11,5760
765477,2026-01-01,2026-08-31,225,69972,64788,5184,92.591322,11,5760
765486,2026-01-01,2026-08-31,225,69972,64788,5184,92.591322,11,5760
765501,2026-01-01,2026-08-31,225,69972,64787,5185,92.589893,12,5760
765506,2026-01-01,2026-08-31,225,69972,64787,5185,92.589893,12,5760
765591,2026-01-01,2026-08-31,225,69972,64788,5184,92.591322,11,5760
765920,2026-01-01,2026-08-31,225,69972,64788,5184,92.591322,11,5760
765922,2026-01-01,2026-08-31,225,69972,64788,5184,92.591322,11,5760
765941,2026-01-01,2026-08-31,225,69972,64788,5184,92.591322,11,5760
765943,2026-01-01,2026-08-31,225,69972,64788,5184,92.591322,11,5760
765958,2026-01-01,2026-08-31,225,69972,64787,5185,92.589893,12,5760
765960,2026-01-01,2026-08-31,225,69972,64788,5184,92.591322,11,5760
765976,2026-01-01,2026-08-31,225,69972,64788,5184,92.591322,11,5760
765978,2026-01-01,2026-08-31,225,69972,64788,5184,92.591322,11,5760
765993,2026-01-01,2026-08-31,225,69972,64787,5185,92.589893,12,5760
765995,2026-01-01,2026-08-31,225,69972,64787,5185,92.589893,12,5760
766010,2026-01-01,2026-08-31,225,69972,64787,5185,92.589893,12,5760
766012,2026-01-01,2026-08-31,225,69972,64787,5185,92.589893,12,5760
766027,2026-01-01,2026-08-31,225,69972,64788,5184,92.591322,11,5760
766029,2026-01-01,2026-08-31,225,69972,64788,5184,92.591322,11,5760
766044,2026-01-01,2026-08-31,225,69972,64787,5185,92.589893,12,5760
766046,2026-01-01,2026-08-31,225,69972,64787,5185,92.589893,12,5760
766060,2026-01-01,2026-08-31,225,69972,64787,5185,92.589893,12,5760
766062,2026-01-01,2026-08-31,225,69972,64788,5184,92.591322,11,5760
766096,2026-01-01,2026-08-31,225,69972,64788,5184,92.591322,11,5760
766110,2026-01-01,2026-08-31,225,69972,64788,5184,92.591322,11,5760
766112,2026-01-01,2026-08-31,225,69972,64788,5184,92.591322,11,5760
766124,2026-01-01,2026-08-31,225,69972,64787,5185,92.589893,12,5760
766138,2026-01-01,2026-08-31,225,69972,64787,5185,92.589893,12,5760
766153,2026-01-01,2026-08-31,225,69972,64788,5184,92.591322,11,5760
766167,2026-01-01,2026-08-31,225,69972,64788,5184,92.591322,11,5760
766170,2026-01-01,2026-08-31,225,69972,64788,5184,92.591322,11,5760
766184,2026-01-01,2026-08-31,225,69972,64787,5185,92.589893,12,5760
766185,2026-01-01,2026-08-31,225,69972,64787,5185,92.589893,12,5760
766209,2026-01-01,2026-08-31,225,69972,64788,5184,92.591322,11,5760
766211,2026-01-01,2026-08-31,225,69972,64788,5184,92.591322,11,5760
766336,2026-01-01,2026-08-31,225,69972,64787,5185,92.589893,12,5760
766337,2026-01-01,2026-08-31,225,69972,64788,5184,92.591322,11,5760
766493,2026-01-01,2026-08-31,225,69972,64788,5184,92.591322,11,5760
766505,2026-01-01,2026-08-31,225,69972,64788,5184,92.591322,11,5760
766555,2026-01-01,2026-08-31,225,69972,64788,5184,92.591322,11,5760
766569,2026-01-01,2026-08-31,225,69972,64788,5184,92.591322,11,5760
766571,2026-01-01,2026-08-31,225,69972,64788,5184,92.591322,11,5760
766585,2026-01-01,2026-08-31,225,69972,64787,5185,92.589893,12,5760
766587,2026-01-01,2026-08-31,225,69972,64788,5184,92.591322,11,5760
766600,2026-01-01,2026-08-31,225,69972,64788,5184,92.591322,11,5760
766602,2026-01-01,2026-08-31,225,69972,64787,5185,92.589893,12,5760
766620,2026-01-01,2026-08-31,225,69972,64787,5185,92.589893,12,5760
766622,2026-01-01,2026-08-31,225,69972,64787,5185,92.589893,12,5760
766642,2026-01-01,2026-08-31,225,69972,64788,5184,92.591322,11,5760
766644,2026-01-01,2026-08-31,225,69972,64787,5185,92.589893,12,5760
766661,2026-01-01,2026-08-31,225,69972,64787,5185,92.589893,12,5760
766673,2026-01-01,2026-08-31,225,69972,64788,5184,92.591322,11,5760
766685,2026-01-01,2026-08-31,225,69972,64788,5184,92.591322,11,5760
766694,2026-01-01,2026-08-31,225,69972,64788,5184,92.591322,11,5760
766703,2026-01-01,2026-08-31,225,69972,64787,5185,92.589893,12,5760
766712,2026-01-01,2026-08-31,225,69972,64787,5185,92.589893,12,5760
766721,2026-01-01,2026-08-31,225,69972,64788,5184,92.591322,11,5760
766730,2026-01-01,2026-08-31,225,69972,64787,5185,92.589893,12,5760
766740,2026-01-01,2026-08-31,225,69972,64788,5184,92.591322,11,5760
766749,2026-01-01,2026-08-31,225,69972,64787,5185,92.589893,12,5760
766758,2026-01-01,2026-08-31,225,69972,64787,5185,92.589893,12,5760
766788,2026-01-01,2026-08-31,225,69972,64788,5184,92.591322,11,5760
766806,2026-01-01,2026-08-31,225,69972,64787,5185,92.589893,12,5760
766843,2026-01-01,2026-08-31,225,69972,64788,5184,92.591322,11,5760
766851,2026-01-01,2026-08-31,225,69972,64788,5184,92.591322,11,5760
766875,2026-01-01,2026-08-31,225,69972,64787,5185,92.589893,12,5760
766937,2026-01-01,2026-08-31,225,69972,64788,5184,92.591322,11,5760
766988,2026-01-01,2026-08-31,225,69972,64788,5184,92.591322,11,5760
767053,2026-01-01,2026-08-31,225,69972,64788,5184,92.591322,11,5760
767166,2026-01-01,2026-08-31,225,69972,64788,5184,92.591322,11,5760
767233,2026-01-01,2026-08-31,225,69972,64787,5185,92.589893,12,5760
767329,2026-01-01,2026-08-31,225,69972,64787,5185,92.589893,12,5760
767350,2026-01-01,2026-08-31,225,69972,64787,5185,92.589893,12,5760
767351,2026-01-01,2026-08-31,225,69972,64788,5184,92.591322,11,5760
767366,2026-01-01,2026-08-31,225,69972,64787,5185,92.589893,12,5760
767367,2026-01-01,2026-08-31,225,69972,64788,5184,92.591322,11,5760
767454,2026-01-01,2026-08-31,225,69972,64787,5185,92.589893,12,5760
767455,2026-01-01,2026-08-31,225,69972,64787,5185,92.589893,12,5760
767470,2026-01-01,2026-08-31,225,69972,64787,5185,92.589893,12,5760
767471,2026-01-01,2026-08-31,225,69972,64788,5184,92.591322,11,5760
767494,2026-01-01,2026-08-31,225,69972,64787,5185,92.589893,12,5760
767495,2026-01-01,2026-08-31,225,69972,64787,5185,92.589893,12,5760
767509,2026-01-01,2026-08-31,225,69972,64788,5184,92.591322,11,5760
767523,2026-01-01,2026-08-31,225,69972,64788,5184,92.591322,11,5760
767541,2026-01-01,2026-08-31,225,69972,64787,5185,92.589893,12,5760
767542,2026-01-01,2026-08-31,225,69972,64788,5184,92.591322,11,5760
767554,2026-01-01,2026-08-31,225,69972,64787,5185,92.589893,12,5760
767572,2026-01-01,2026-08-31,225,69972,64788,5184,92.591322,11,5760
767573,2026-01-01,2026-08-31,225,69972,64788,5184,92.591322,11,5760
767585,2026-01-01,2026-08-31,225,69972,64787,5185,92.589893,12,5760
767597,2026-01-01,2026-08-31,225,69972,64788,5184,92.591322,11,5760
767598,2026-01-01,2026-08-31,225,69972,64788,5184,92.591322,11,5760
767609,2026-01-01,2026-08-31,225,69972,64787,5185,92.589893,12,5760
767610,2026-01-01,2026-08-31,225,69972,64787,5185,92.589893,12,5760
767620,2026-01-01,2026-08-31,225,69972,64788,5184,92.591322,11,5760
767621,2026-01-01,2026-08-31,225,69972,64788,5184,92.591322,11,5760
767678,2026-01-01,2026-08-31,225,69972,64788,5184,92.591322,11,5760
767722,2026-01-01,2026-08-31,225,69972,64787,5185,92.589893,12,5760
767723,2026-01-01,2026-08-31,225,69972,64788,5184,92.591322,11,5760
767750,2026-01-01,2026-08-31,225,69972,64788,5184,92.591322,11,5760
767751,2026-01-01,2026-08-31,225,69972,64788,5184,92.591322,11,5760
767759,2026-01-01,2026-08-31,225,69972,64788,5184,92.591322,11,5760
767760,2026-01-01,2026-08-31,225,69972,64787,5185,92.589893,12,5760
767767,2026-01-01,2026-08-31,225,69972,64788,5184,92.591322,11,5760
767768,2026-01-01,2026-08-31,225,69972,64788,5184,92.591322,11,5760
767790,2026-01-01,2026-08-31,225,69972,64787,5185,92.589893,12,5760
767791,2026-01-01,2026-08-31,225,69972,64787,5185,92.589893,12,5760
767801,2026-01-01,2026-08-31,225,69972,64788,5184,92.591322,11,5760
767810,2026-01-01,2026-08-31,225,69972,64787,5185,92.589893,12,5760
767811,2026-01-01,2026-08-31,225,69972,64788,5184,92.591322,11,5760
767812,2026-01-01,2026-08-31,225,69972,64787,5185,92.589893,12,5760
767827,2026-01-01,2026-08-31,225,69972,64787,5185,92.589893,12,5760
767838,2026-01-01,2026-08-31,225,69972,64788,5184,92.591322,11,5760
767857,2026-01-01,2026-08-31,225,69972,64787,5185,92.589893,12,5760
767868,2026-01-01,2026-08-31,225,69972,64788,5184,92.591322,11,5760
767883,2026-01-01,2026-08-31,225,69972,64787,5185,92.589893,12,5760
767896,2026-01-01,2026-08-31,225,69972,64788,5184,92.591322,11,5760
767898,2026-01-01,2026-08-31,225,69972,64787,5185,92.589893,12,5760
767910,2026-01-01,2026-08-31,225,69972,64788,5184,92.591322,11,5760
767925,2026-01-01,2026-08-31,225,69972,64788,5184,92.591322,11,5760
767940,2026-01-01,2026-08-31,225,69972,64788,5184,92.591322,11,5760
767942,2026-01-01,2026-08-31,225,69972,64787,5185,92.589893,12,5760
767955,2026-01-01,2026-08-31,225,69972,64788,5184,92.591322,11,5760
767970,2026-01-01,2026-08-31,225,69972,64787,5185,92.589893,12,5760
767984,2026-01-01,2026-08-31,225,69972,64787,5185,92.589893,12,5760
767986,2026-01-01,2026-08-31,225,69972,64788,5184,92.591322,11,5760
767998,2026-01-01,2026-08-31,225,69972,64788,5184,92.591322,11,5760
768000,2026-01-01,2026-08-31,225,69972,64788,5184,92.591322,11,5760
768012,2026-01-01,2026-08-31,225,69972,64787,5185,92.589893,12,5760
768014,2026-01-01,2026-08-31,225,69972,64788,5184,92.591322,11,5760
768026,2026-01-01,2026-08-31,225,69972,64788,5184,92.591322,11,5760
768028,2026-01-01,2026-08-31,225,69972,64787,5185,92.589893,12,5760
768041,2026-01-01,2026-08-31,225,69972,64788,5184,92.591322,11,5760
768055,2026-01-01,2026-08-31,225,69972,64787,5185,92.589893,12,5760
768066,2026-01-01,2026-08-31,225,69972,64787,5185,92.589893,12,5760
768173,2026-01-01,2026-08-31,225,69972,64787,5185,92.589893,12,5760
768174,2026-01-01,2026-08-31,225,69972,64788,5184,92.591322,11,5760
768202,2026-01-01,2026-08-31,225,69972,64788,5184,92.591322,11,5760
768222,2026-01-01,2026-08-31,225,69972,64788,5184,92.591322,11,5760
768223,2026-01-01,2026-08-31,225,69972,64788,5184,92.591322,11,5760
768230,2026-01-01,2026-08-31,225,69972,64788,5184,92.591322,11,5760
768238,2026-01-01,2026-08-31,225,69972,64787,5185,92.589893,12,5760
768253,2026-01-01,2026-08-31,225,69972,64788,5184,92.591322,11,5760
768265,2026-01-01,2026-08-31,225,69972,64787,5185,92.589893,12,5760
768283,2026-01-01,2026-08-31,225,69972,64787,5185,92.589893,12,5760
768297,2026-01-01,2026-08-31,225,69972,64788,5184,92.591322,11,5760
768328,2026-01-01,2026-08-31,225,69972,64787,5185,92.589893,12,5760
768339,2026-01-01,2026-08-31,225,69972,64787,5185,92.589893,12,5760
768349,2026-01-01,2026-08-31,225,69972,64788,5184,92.591322,11,5760
768444,2026-01-01,2026-08-31,225,69972,64788,5184,92.591322,11,5760
768469,2026-01-01,2026-08-31,225,69972,64787,5185,92.589893,12,5760
768477,2026-01-01,2026-08-31,225,69972,64788,5184,92.591322,11,5760
768523,2026-01-01,2026-08-31,225,69972,64787,5185,92.589893,12,5760
768584,2026-01-01,2026-08-31,225,69972,64788,5184,92.591322,11,5760
768598,2026-01-01,2026-08-31,225,69972,64787,5185,92.589893,12,5760
768626,2026-01-01,2026-08-31,225,69972,64788,5184,92.591322,11,5760
768643,2026-01-01,2026-08-31,225,69972,64787,5185,92.589893,12,5760
768655,2026-01-01,2026-08-31,225,69972,64787,5185,92.589893,12,5760
768664,2026-01-01,2026-08-31,225,69972,64787,5185,92.589893,12,5760
768682,2026-01-01,2026-08-31,225,69972,64787,5185,92.589893,12,5760
768701,2026-01-01,2026-08-31,225,69972,64787,5185,92.589893,12,5760
768779,2026-01-01,2026-08-31,225,69972,64787,5185,92.589893,12,5760
768898,2026-01-01,2026-08-31,225,69972,64787,5185,92.589893,12,5760
768907,2026-01-01,2026-08-31,225,69972,64787,5185,92.589893,12,5760
768968,2026-01-01,2026-08-31,225,69972,64788,5184,92.591322,11,5760
768969,2026-01-01,2026-08-31,225,69972,64787,5185,92.589893,12,5760
768978,2026-01-01,2026-08-31,225,69972,64787,5185,92.589893,12,5760
768984,2026-01-01,2026-08-31,225,69972,64787,5185,92.589893,12,5760
769029,2026-01-01,2026-08-31,225,69972,64788,5184,92.591322,11,5760
769030,2026-01-01,2026-08-31,225,69972,64788,5184,92.591322,11,5760
769068,2026-01-01,2026-08-31,225,69972,64787,5185,92.589893,12,5760
769090,2026-01-01,2026-08-31,225,69972,64788,5184,92.591322,11,5760
769091,2026-01-01,2026-08-31,225,69972,64787,5185,92.589893,12,5760
769105,2026-01-01,2026-08-31,225,69972,64787,5185,92.589893,12,5760
769118,2026-01-01,2026-08-31,225,69972,64787,5185,92.589893,12,5760
769136,2026-01-01,2026-08-31,225,69972,64788,5184,92.591322,11,5760
769150,2026-01-01,2026-08-31,225,69972,64788,5184,92.591322,11,5760
769195,2026-01-01,2026-08-31,225,69972,64788,5184,92.591322,11,5760
769228,2026-01-01,2026-08-31,225,69972,64788,5184,92.591322,11,5760
769248,2026-01-01,2026-08-31,225,69972,64787,5185,92.589893,12,5760
769279,2026-01-01,2026-08-31,225,69972,64787,5185,92.589893,12,5760
769292,2026-01-01,2026-08-31,225,69972,64788,5184,92.591322,11,5760
769294,2026-01-01,2026-08-31,225,69972,64788,5184,92.591322,11,5760
769345,2026-01-01,2026-08-31,225,69972,64788,5184,92.591322,11,5760
769346,2026-01-01,2026-08-31,225,69972,64787,5185,92.589893,12,5760
769358,2026-01-01,2026-08-31,225,69972,64787,5185,92.589893,12,5760
769359,2026-01-01,2026-08-31,225,69972,64788,5184,92.591322,11,5760
769372,2026-01-01,2026-08-31,225,69972,64787,5185,92.589893,12,5760
769373,2026-01-01,2026-08-31,225,69972,64787,5185,92.589893,12,5760
769388,2026-01-01,2026-08-31,225,69972,64787,5185,92.589893,12,5760
769389,2026-01-01,2026-08-31,225,69972,64788,5184,92.591322,11,5760
769402,2026-01-01,2026-08-31,225,69972,64788,5184,92.591322,11,5760
769403,2026-01-01,2026-08-31,225,69972,64788,5184,92.591322,11,5760
769405,2026-01-01,2026-08-31,225,69972,64788,5184,92.591322,11,5760
769418,2026-01-01,2026-08-31,225,69972,64788,5184,92.591322,11,5760
769430,2026-01-01,2026-08-31,225,69972,64787,5185,92.589893,12,5760
769431,2026-01-01,2026-08-31,225,69972,64787,5185,92.589893,12,5760
769443,2026-01-01,2026-08-31,225,69972,64788,5184,92.591322,11,5760
769444,2026-01-01,2026-08-31,225,69972,64788,5184,92.591322,11,5760
769454,2026-01-01,2026-08-31,225,69972,64787,5185,92.589893,12,5760
769467,2026-01-01,2026-08-31,225,69972,64788,5184,92.591322,11,5760
769496,2026-01-01,2026-08-31,225,69972,64788,5184,92.591322,11,5760
769513,2026-01-01,2026-08-31,225,69972,64788,5184,92.591322,11,5760
769625,2026-01-01,2026-08-31,225,69972,64788,5184,92.591322,11,5760
769701,2026-01-01,2026-08-31,225,69972,64788,5184,92.591322,11,5760
769702,2026-01-01,2026-08-31,225,69972,64787,5185,92.589893,12,5760
769722,2026-01-01,2026-08-31,225,69972,64788,5184,92.591322,11,5760
769744,2026-01-01,2026-08-31,225,69972,64787,5185,92.589893,12,5760
769758,2026-01-01,2026-08-31,225,69972,64787,5185,92.589893,12,5760
769772,2026-01-01,2026-08-31,225,69972,64787,5185,92.589893,12,5760
769788,2026-01-01,2026-08-31,225,69972,64787,5185,92.589893,12,5760
769806,2026-01-01,2026-08-31,225,69972,64787,5185,92.589893,12,5760
769807,2026-01-01,2026-08-31,225,69972,64788,5184,92.591322,11,5760
769819,2026-01-01,2026-08-31,225,69972,64788,5184,92.591322,11,5760
769831,2026-01-01,2026-08-31,225,69972,64787,5185,92.589893,12,5760
769847,2026-01-01,2026-08-31,225,69972,64787,5185,92.589893,12,5760
769866,2026-01-01,2026-08-31,225,69972,64787,5185,92.589893,12,5760
769867,2026-01-01,2026-08-31,225,69972,64787,5185,92.589893,12,5760
769880,2026-01-01,2026-08-31,225,69972,64787,5185,92.589893,12,5760
769895,2026-01-01,2026-08-31,225,69972,64787,5185,92.589893,12,5760
769911,2026-01-01,2026-08-31,225,69972,64787,5185,92.589893,12,5760
769926,2026-01-01,2026-08-31,225,69972,64788,5184,92.591322,11,5760
769941,2026-01-01,2026-08-31,225,69972,64788,5184,92.591322,11,5760
769953,2026-01-01,2026-08-31,225,69972,64787,5185,92.589893,12,5760
769965,2026-01-01,2026-08-31,225,69972,64787,5185,92.589893,12,5760
769983,2026-01-01,2026-08-31,225,69972,64788,5184,92.591322,11,5760
769984,2026-01-01,2026-08-31,225,69972,64787,5185,92.589893,12,5760
770000,2026-01-01,2026-08-31,225,69972,64788,5184,92.591322,11,5760
770012,2026-01-01,2026-08-31,225,69972,64787,5185,92.589893,12,5760
770024,2026-01-01,2026-08-31,225,69972,64788,5184,92.591322,11,5760
770036,2026-01-01,2026-08-31,225,69972,64788,5184,92.591322,11,5760
770048,2026-01-01,2026-08-31,225,69972,64787,5185,92.589893,12,5760
770061,2026-01-01,2026-08-31,225,69972,64788,5184,92.591322,11,5760
770076,2026-01-01,2026-08-31,225,69972,64788,5184,92.591322,11,5760
770089,2026-01-01,2026-08-31,225,69972,64788,5184,92.591322,11,5760
770103,2026-01-01,2026-08-31,225,69972,64788,5184,92.591322,11,5760
770116,2026-01-01,2026-08-31,225,69972,64787,5185,92.589893,12,5760
770129,2026-01-01,2026-08-31,225,69972,64787,5185,92.589893,12,5760
770141,2026-01-01,2026-08-31,225,69972,64788,5184,92.591322,11,5760
770187,2026-01-01,2026-08-31,225,69972,64788,5184,92.591322,11,5760
770200,2026-01-01,2026-08-31,225,69972,64787,5185,92.589893,12,5760
770215,2026-01-01,2026-08-31,225,69972,64787,5185,92.589893,12,5760
770229,2026-01-01,2026-08-31,225,69972,64787,5185,92.589893,12,5760
770243,2026-01-01,2026-08-31,225,69972,64788,5184,92.591322,11,5760
770259,2026-01-01,2026-08-31,225,69972,64788,5184,92.591322,11,5760
770275,2026-01-01,2026-08-31,225,69972,64788,5184,92.591322,11,5760
770290,2026-01-01,2026-08-31,225,69972,64788,5184,92.591322,11,5760
770303,2026-01-01,2026-08-31,225,69972,64787,5185,92.589893,12,5760
770315,2026-01-01,2026-08-31,225,69972,64788,5184,92.591322,11,5760
770331,2026-01-01,2026-08-31,225,69972,64787,5185,92.589893,12,5760
770332,2026-01-01,2026-08-31,225,69972,64787,5185,92.589893,12,5760
770353,2026-01-01,2026-08-31,225,69972,64788,5184,92.591322,11,5760
770354,2026-01-01,2026-08-31,225,69972,64788,5184,92.591322,11,5760
770385,2026-01-01,2026-08-31,225,69972,64787,5185,92.589893,12,5760
770386,2026-01-01,2026-08-31,225,69972,64787,5185,92.589893,12,5760
770401,2026-01-01,2026-08-31,225,69972,64787,5185,92.589893,12,5760
770544,2026-01-01,2026-08-31,225,69972,64788,5184,92.591322,11,5760
770545,2026-01-01,2026-08-31,225,69972,64787,5185,92.589893,12,5760
770555,2026-01-01,2026-08-31,225,69972,64788,5184,92.591322,11,5760
770556,2026-01-01,2026-08-31,225,69972,64788,5184,92.591322,11,5760
770568,2026-01-01,2026-08-31,225,69972,64788,5184,92.591322,11,5760
770578,2026-01-01,2026-08-31,225,69972,64787,5185,92.589893,12,5760
770579,2026-01-01,2026-08-31,225,69972,64787,5185,92.589893,12,5760
770587,2026-01-01,2026-08-31,225,69972,64788,5184,92.591322,11,5760
770588,2026-01-01,2026-08-31,225,69972,64787,5185,92.589893,12,5760
770598,2026-01-01,2026-08-31,225,69972,64787,5185,92.589893,12,5760
770599,2026-01-01,2026-08-31,225,69972,64788,5184,92.591322,11,5760
770610,2026-01-01,2026-08-31,225,69972,64787,5185,92.589893,12,5760
770611,2026-01-01,2026-08-31,225,69972,64787,5185,92.589893,12,5760
771253,2026-01-01,2026-08-31,225,69972,64788,5184,92.591322,11,5760
771254,2026-01-01,2026-08-31,225,69972,64787,5185,92.589893,12,5760
771268,2026-01-01,2026-08-31,225,69972,64787,5185,92.589893,12,5760
771285,2026-01-01,2026-08-31,225,69972,64787,5185,92.589893,12,5760
771294,2026-01-01,2026-08-31,225,69972,64788,5184,92.591322,11,5760
771295,2026-01-01,2026-08-31,225,69972,64787,5185,92.589893,12,5760
771306,2026-01-01,2026-08-31,225,69972,64787,5185,92.589893,12,5760
771318,2026-01-01,2026-08-31,225,69972,64787,5185,92.589893,12,5760
771329,2026-01-01,2026-08-31,225,69972,64788,5184,92.591322,11,5760
771340,2026-01-01,2026-08-31,225,69972,64788,5184,92.591322,11,5760
771349,2026-01-01,2026-08-31,225,69972,64788,5184,92.591322,11,5760
771350,2026-01-01,2026-08-31,225,69972,64787,5185,92.589893,12,5760
771360,2026-01-01,2026-08-31,225,69972,64787,5185,92.589893,12,5760
771371,2026-01-01,2026-08-31,225,69972,64787,5185,92.589893,12,5760
771385,2026-01-01,2026-08-31,225,69972,64787,5185,92.589893,12,5760
771386,2026-01-01,2026-08-31,225,69972,64787,5185,92.589893,12,5760
771396,2026-01-01,2026-08-31,225,69972,64788,5184,92.591322,11,5760
771400,2026-01-01,2026-08-31,225,69972,64788,5184,92.591322,11,5760
771410,2026-01-01,2026-08-31,225,69972,64787,5185,92.589893,12,5760
771421,2026-01-01,2026-08-31,225,69972,64788,5184,92.591322,11,5760
771431,2026-01-01,2026-08-31,225,69972,64788,5184,92.591322,11,5760
771432,2026-01-01,2026-08-31,225,69972,64787,5185,92.589893,12,5760
771441,2026-01-01,2026-08-31,225,69972,64787,5185,92.589893,12,5760
771453,2026-01-01,2026-08-31,225,69972,64787,5185,92.589893,12,5760
771463,2026-01-01,2026-08-31,225,69972,64788,5184,92.591322,11,5760
771475,2026-01-01,2026-08-31,225,69972,64788,5184,92.591322,11,5760
771488,2026-01-01,2026-08-31,225,69972,64788,5184,92.591322,11,5760
771499,2026-01-01,2026-08-31,225,69972,64787,5185,92.589893,12,5760
771509,2026-01-01,2026-08-31,225,69972,64788,5184,92.591322,11,5760
771521,2026-01-01,2026-08-31,225,69972,64788,5184,92.591322,11,5760
771531,2026-01-01,2026-08-31,225,69972,64787,5185,92.589893,12,5760
771542,2026-01-01,2026-08-31,225,69972,64788,5184,92.591322,11,5760
771553,2026-01-01,2026-08-31,225,69972,64788,5184,92.591322,11,5760
771565,2026-01-01,2026-08-31,225,69972,64788,5184,92.591322,11,5760
771577,2026-01-01,2026-08-31,225,69972,64787,5185,92.589893,12,5760
771578,2026-01-01,2026-08-31,225,69972,64787,5185,92.589893,12,5760
771603,2026-01-01,2026-08-31,225,69972,64788,5184,92.591322,11,5760
771618,2026-01-01,2026-08-31,225,69972,64788,5184,92.591322,11,5760
771667,2026-01-01,2026-08-31,225,69972,64787,5185,92.589893,12,5760
771673,2026-01-01,2026-08-31,225,69972,64788,5184,92.591322,11,5760
771690,2026-01-01,2026-08-31,225,69972,64788,5184,92.591322,11,5760
771691,2026-01-01,2026-08-31,225,69972,64788,5184,92.591322,11,5760
771706,2026-01-01,2026-08-31,225,69972,64787,5185,92.589893,12,5760
771721,2026-01-01,2026-08-31,225,69972,64787,5185,92.589893,12,5760
771767,2026-01-01,2026-08-31,225,69972,64787,5185,92.589893,12,5760
771807,2026-01-01,2026-08-31,225,69972,64788,5184,92.591322,11,5760
771808,2026-01-01,2026-08-31,225,69972,64788,5184,92.591322,11,5760
771825,2026-01-01,2026-08-31,225,69972,64787,5185,92.589893,12,5760
771826,2026-01-01,2026-08-31,225,69972,64787,5185,92.589893,12,5760
771845,2026-01-01,2026-08-31,225,69972,64788,5184,92.591322,11,5760
771846,2026-01-01,2026-08-31,225,69972,64787,5185,92.589893,12,5760
771863,2026-01-01,2026-08-31,225,69972,64787,5185,92.589893,12,5760
771864,2026-01-01,2026-08-31,225,69972,64788,5184,92.591322,11,5760
771877,2026-01-01,2026-08-31,225,69972,64787,5185,92.589893,12,5760
771879,2026-01-01,2026-08-31,225,69972,64787,5185,92.589893,12,5760
771897,2026-01-01,2026-08-31,225,69972,64788,5184,92.591322,11,5760
771898,2026-01-01,2026-08-31,225,69972,64787,5185,92.589893,12,5760
771914,2026-01-01,2026-08-31,225,69972,64788,5184,92.591322,11,5760
771915,2026-01-01,2026-08-31,225,69972,64787,5185,92.589893,12,5760
771925,2026-01-01,2026-08-31,225,69972,64787,5185,92.589893,12,5760
771938,2026-01-01,2026-08-31,225,69972,64787,5185,92.589893,12,5760
771939,2026-01-01,2026-08-31,225,69972,64787,5185,92.589893,12,5760
771954,2026-01-01,2026-08-31,225,69972,64787,5185,92.589893,12,5760
771969,2026-01-01,2026-08-31,225,69972,64788,5184,92.591322,11,5760
771981,2026-01-01,2026-08-31,225,69972,64788,5184,92.591322,11,5760
771997,2026-01-01,2026-08-31,225,69972,64787,5185,92.589893,12,5760
772011,2026-01-01,2026-08-31,225,69972,64787,5185,92.589893,12,5760
772024,2026-01-01,2026-08-31,225,69972,64787,5185,92.589893,12,5760
772025,2026-01-01,2026-08-31,225,69972,64787,5185,92.589893,12,5760
772055,2026-01-01,2026-08-31,225,69972,64787,5185,92.589893,12,5760
772092,2026-01-01,2026-08-31,225,69972,64788,5184,92.591322,11,5760
772107,2026-01-01,2026-08-31,225,69972,64788,5184,92.591322,11,5760
772118,2026-01-01,2026-08-31,225,69972,64787,5185,92.589893,12,5760
772119,2026-01-01,2026-08-31,225,69972,64787,5185,92.589893,12,5760
772125,2026-01-01,2026-08-31,225,69972,64787,5185,92.589893,12,5760
772126,2026-01-01,2026-08-31,225,69972,64787,5185,92.589893,12,5760
772132,2026-01-01,2026-08-31,225,69972,64788,5184,92.591322,11,5760
772133,2026-01-01,2026-08-31,225,69972,64788,5184,92.591322,11,5760
772140,2026-01-01,2026-08-31,225,69972,64788,5184,92.591322,11,5760
772151,2026-01-01,2026-08-31,225,69972,64788,5184,92.591322,11,5760
772167,2026-01-01,2026-08-31,225,69972,64788,5184,92.591322,11,5760
772168,2026-01-01,2026-08-31,225,69972,64787,5185,92.589893,12,5760
772178,2026-01-01,2026-08-31,225,69972,64788,5184,92.591322,11,5760
772193,2026-01-01,2026-08-31,225,69972,64787,5185,92.589893,12,5760
772208,2026-01-01,2026-08-31,225,69972,64788,5184,92.591322,11,5760
772340,2026-01-01,2026-08-31,225,69972,64788,5184,92.591322,11,5760
772354,2026-01-01,2026-08-31,225,69972,64788,5184,92.591322,11,5760
772355,2026-01-01,2026-08-31,225,69972,64788,5184,92.591322,11,5760
772396,2026-01-01,2026-08-31,225,69972,64787,5185,92.589893,12,5760
772420,2026-01-01,2026-08-31,225,69972,64788,5184,92.591322,11,5760
772421,2026-01-01,2026-08-31,225,69972,64788,5184,92.591322,11,5760
772437,2026-01-01,2026-08-31,225,69972,64788,5184,92.591322,11,5760
772438,2026-01-01,2026-08-31,225,69972,64787,5185,92.589893,12,5760
772454,2026-01-01,2026-08-31,225,69972,64788,5184,92.591322,11,5760
772455,2026-01-01,2026-08-31,225,69972,64787,5185,92.589893,12,5760
772487,2026-01-01,2026-08-31,225,69972,64788,5184,92.591322,11,5760
772488,2026-01-01,2026-08-31,225,69972,64788,5184,92.591322,11,5760
772501,2026-01-01,2026-08-31,225,69972,64787,5185,92.589893,12,5760
772513,2026-01-01,2026-08-31,225,69972,64788,5184,92.591322,11,5760
772527,2026-01-01,2026-08-31,225,69972,64787,5185,92.589893,12,5760
772564,2026-01-01,2026-08-31,225,69972,64788,5184,92.591322,11,5760
772582,2026-01-01,2026-08-31,225,69972,64787,5185,92.589893,12,5760
772583,2026-01-01,2026-08-31,225,69972,64788,5184,92.591322,11,5760
772596,2026-01-01,2026-08-31,225,69972,64787,5185,92.589893,12,5760
772597,2026-01-01,2026-08-31,225,69972,64788,5184,92.591322,11,5760
772609,2026-01-01,2026-08-31,225,69972,64788,5184,92.591322,11,5760
772610,2026-01-01,2026-08-31,225,69972,64787,5185,92.589893,12,5760
772669,2026-01-01,2026-08-31,225,69972,64787,5185,92.589893,12,5760
772689,2026-01-01,2026-08-31,225,69972,64788,5184,92.591322,11,5760
772701,2026-01-01,2026-08-31,225,69972,64788,5184,92.591322,11,5760
772711,2026-01-01,2026-08-31,225,69972,64788,5184,92.591322,11,5760
772857,2026-01-01,2026-08-31,225,69972,64787,5185,92.589893,12,5760
772858,2026-01-01,2026-08-31,225,69972,64787,5185,92.589893,12,5760
772872,2026-01-01,2026-08-31,225,69972,64787,5185,92.589893,12,5760
772873,2026-01-01,2026-08-31,225,69972,64787,5185,92.589893,12,5760
772887,2026-01-01,2026-08-31,225,69972,64787,5185,92.589893,12,5760
772888,2026-01-01,2026-08-31,225,69972,64787,5185,92.589893,12,5760
772902,2026-01-01,2026-08-31,225,69972,64788,5184,92.591322,11,5760
772903,2026-01-01,2026-08-31,225,69972,64788,5184,92.591322,11,5760
772917,2026-01-01,2026-08-31,225,69972,64787,5185,92.589893,12,5760
772918,2026-01-01,2026-08-31,225,69972,64787,5185,92.589893,12,5760
772932,2026-01-01,2026-08-31,225,69972,64787,5185,92.589893,12,5760
772933,2026-01-01,2026-08-31,225,69972,64788,5184,92.591322,11,5760
772953,2026-01-01,2026-08-31,225,69972,64788,5184,92.591322,11,5760
772954,2026-01-01,2026-08-31,225,69972,64788,5184,92.591322,11,5760
772966,2026-01-01,2026-08-31,225,69972,64788,5184,92.591322,11,5760
772967,2026-01-01,2026-08-31,225,69972,64788,5184,92.591322,11,5760
772980,2026-01-01,2026-08-31,225,69972,64788,5184,92.591322,11,5760
772999,2026-01-01,2026-08-31,225,69972,64787,5185,92.589893,12,5760
773000,2026-01-01,2026-08-31,225,69972,64787,5185,92.589893,12,5760
773012,2026-01-01,2026-08-31,225,69972,64788,5184,92.591322,11,5760
773013,2026-01-01,2026-08-31,225,69972,64788,5184,92.591322,11,5760
773023,2026-01-01,2026-08-31,225,69972,64787,5185,92.589893,12,5760
773024,2026-01-01,2026-08-31,225,69972,64787,5185,92.589893,12,5760
773047,2026-01-01,2026-08-31,225,69972,64787,5185,92.589893,12,5760
773062,2026-01-01,2026-08-31,225,69972,64787,5185,92.589893,12,5760
773154,2026-01-01,2026-08-31,225,69972,64787,5185,92.589893,12,5760
773179,2026-01-01,2026-08-31,225,69972,64787,5185,92.589893,12,5760
773193,2026-01-01,2026-08-31,225,69972,64787,5185,92.589893,12,5760
773194,2026-01-01,2026-08-31,225,69972,64788,5184,92.591322,11,5760
773221,2026-01-01,2026-08-31,225,69972,64787,5185,92.589893,12,5760
773222,2026-01-01,2026-08-31,225,69972,64788,5184,92.591322,11,5760
773232,2026-01-01,2026-08-31,225,69972,64788,5184,92.591322,11,5760
773233,2026-01-01,2026-08-31,225,69972,64788,5184,92.591322,11,5760
773245,2026-01-01,2026-08-31,225,69972,64787,5185,92.589893,12,5760
773246,2026-01-01,2026-08-31,225,69972,64787,5185,92.589893,12,5760
773257,2026-01-01,2026-08-31,225,69972,64788,5184,92.591322,11,5760
773258,2026-01-01,2026-08-31,225,69972,64787,5185,92.589893,12,5760
773273,2026-01-01,2026-08-31,225,69972,64788,5184,92.591322,11,5760
773274,2026-01-01,2026-08-31,225,69972,64787,5185,92.589893,12,5760
773281,2026-01-01,2026-08-31,225,69972,64788,5184,92.591322,11,5760
773293,2026-01-01,2026-08-31,225,69972,64787,5185,92.589893,12,5760
773294,2026-01-01,2026-08-31,225,69972,64788,5184,92.591322,11,5760
773304,2026-01-01,2026-08-31,225,69972,64788,5184,92.591322,11,5760
773305,2026-01-01,2026-08-31,225,69972,64787,5185,92.589893,12,5760
773316,2026-01-01,2026-08-31,225,69972,64788,5184,92.591322,11,5760
773317,2026-01-01,2026-08-31,225,69972,64788,5184,92.591322,11,5760
773329,2026-01-01,2026-08-31,225,69972,64787,5185,92.589893,12,5760
773330,2026-01-01,2026-08-31,225,69972,64788,5184,92.591322,11,5760
773342,2026-01-01,2026-08-31,225,69972,64787,5185,92.589893,12,5760
773343,2026-01-01,2026-08-31,225,69972,64787,5185,92.589893,12,5760
773362,2026-01-01,2026-08-31,225,69972,64788,5184,92.591322,11,5760
773363,2026-01-01,2026-08-31,225,69972,64787,5185,92.589893,12,5760
773407,2026-01-01,2026-08-31,225,69972,64788,5184,92.591322,11,5760
773409,2026-01-01,2026-08-31,225,69972,64787,5185,92.589893,12,5760
773422,2026-01-01,2026-08-31,225,69972,64787,5185,92.589893,12,5760
773424,2026-01-01,2026-08-31,225,69972,64787,5185,92.589893,12,5760
773437,2026-01-01,2026-08-31,225,69972,64787,5185,92.589893,12,5760
773439,2026-01-01,2026-08-31,225,69972,64787,5185,92.589893,12,5760
773458,2026-01-01,2026-08-31,225,69972,64787,5185,92.589893,12,5760
773460,2026-01-01,2026-08-31,225,69972,64787,5185,92.589893,12,5760
773473,2026-01-01,2026-08-31,225,69972,64787,5185,92.589893,12,5760
773474,2026-01-01,2026-08-31,225,69972,64787,5185,92.589893,12,5760
773490,2026-01-01,2026-08-31,225,69972,64788,5184,92.591322,11,5760
773492,2026-01-01,2026-08-31,225,69972,64788,5184,92.591322,11,5760
773505,2026-01-01,2026-08-31,225,69972,64787,5185,92.589893,12,5760
773507,2026-01-01,2026-08-31,225,69972,64788,5184,92.591322,11,5760
773520,2026-01-01,2026-08-31,225,69972,64788,5184,92.591322,11,5760
773522,2026-01-01,2026-08-31,225,69972,64788,5184,92.591322,11,5760
773535,2026-01-01,2026-08-31,225,69972,64788,5184,92.591322,11,5760
773537,2026-01-01,2026-08-31,225,69972,64787,5185,92.589893,12,5760
773647,2026-01-01,2026-08-31,225,69972,64788,5184,92.591322,11,5760
773656,2026-01-01,2026-08-31,225,69972,64787,5185,92.589893,12,5760
773711,2026-01-01,2026-08-31,225,69972,64788,5184,92.591322,11,5760
773712,2026-01-01,2026-08-31,225,69972,64788,5184,92.591322,11,5760
773723,2026-01-01,2026-08-31,225,69972,64788,5184,92.591322,11,5760
773724,2026-01-01,2026-08-31,225,69972,64788,5184,92.591322,11,5760
773736,2026-01-01,2026-08-31,225,69972,64787,5185,92.589893,12,5760
773737,2026-01-01,2026-08-31,225,69972,64788,5184,92.591322,11,5760
773743,2026-01-01,2026-08-31,225,69972,64788,5184,92.591322,11,5760
773749,2026-01-01,2026-08-31,225,69972,64787,5185,92.589893,12,5760
773773,2026-01-01,2026-08-31,225,69972,64787,5185,92.589893,12,5760
773774,2026-01-01,2026-08-31,225,69972,64788,5184,92.591322,11,5760
773784,2026-01-01,2026-08-31,225,69972,64788,5184,92.591322,11,5760
773785,2026-01-01,2026-08-31,225,69972,64788,5184,92.591322,11,5760
773795,2026-01-01,2026-08-31,225,69972,64787,5185,92.589893,12,5760
773796,2026-01-01,2026-08-31,225,69972,64788,5184,92.591322,11,5760
773798,2026-01-01,2026-08-31,225,69972,64788,5184,92.591322,11,5760
773807,2026-01-01,2026-08-31,225,69972,64788,5184,92.591322,11,5760
773869,2026-01-01,2026-08-31,225,69972,64787,5185,92.589893,12,5760
773870,2026-01-01,2026-08-31,225,69972,64788,5184,92.591322,11,5760
773880,2026-01-01,2026-08-31,225,69972,64787,5185,92.589893,12,5760
773890,2026-01-01,2026-08-31,225,69972,64787,5185,92.589893,12,5760
773904,2026-01-01,2026-08-31,225,69972,64787,5185,92.589893,12,5760
773906,2026-01-01,2026-08-31,225,69972,64788,5184,92.591322,11,5760
773916,2026-01-01,2026-08-31,225,69972,64787,5185,92.589893,12,5760
773927,2026-01-01,2026-08-31,225,69972,64788,5184,92.591322,11,5760
773939,2026-01-01,2026-08-31,225,69972,64788,5184,92.591322,11,5760
773953,2026-01-01,2026-08-31,225,69972,64788,5184,92.591322,11,5760
773954,2026-01-01,2026-08-31,225,69972,64788,5184,92.591322,11,5760
773974,2026-01-01,2026-08-31,225,69972,64787,5185,92.589893,12,5760
773975,2026-01-01,2026-08-31,225,69972,64788,5184,92.591322,11,5760
773995,2026-01-01,2026-08-31,225,69972,64788,5184,92.591322,11,5760
773996,2026-01-01,2026-08-31,225,69972,64788,5184,92.591322,11,5760
774011,2026-01-01,2026-08-31,225,69972,64787,5185,92.589893,12,5760
774012,2026-01-01,2026-08-31,225,69972,64787,5185,92.589893,12,5760
774031,2026-01-01,2026-08-31,225,69972,64787,5185,92.589893,12,5760
774032,2026-01-01,2026-08-31,225,69972,64787,5185,92.589893,12,5760
774053,2026-01-01,2026-08-31,225,69972,64787,5185,92.589893,12,5760
774054,2026-01-01,2026-08-31,225,69972,64787,5185,92.589893,12,5760
774067,2026-01-01,2026-08-31,225,69972,64788,5184,92.591322,11,5760
774092,2026-01-01,2026-08-31,225,69972,64788,5184,92.591322,11,5760
774125,2026-01-01,2026-08-31,225,69972,64788,5184,92.591322,11,5760
774164,2026-01-01,2026-08-31,225,69972,64788,5184,92.591322,11,5760
774165,2026-01-01,2026-08-31,225,69972,64787,5185,92.589893,12,5760
774180,2026-01-01,2026-08-31,225,69972,64788,5184,92.591322,11,5760
774181,2026-01-01,2026-08-31,225,69972,64787,5185,92.589893,12,5760
774204,2026-01-01,2026-08-31,225,69972,64787,5185,92.589893,12,5760
774216,2026-01-01,2026-08-31,225,69972,64787,5185,92.589893,12,5760
774217,2026-01-01,2026-08-31,225,69972,64787,5185,92.589893,12,5760
774226,2026-01-01,2026-08-31,225,69972,64787,5185,92.589893,12,5760
774227,2026-01-01,2026-08-31,225,69972,64788,5184,92.591322,11,5760
774235,2026-01-01,2026-08-31,225,69972,64787,5185,92.589893,12,5760
774236,2026-01-01,2026-08-31,225,69972,64788,5184,92.591322,11,5760
774244,2026-01-01,2026-08-31,225,69972,64788,5184,92.591322,11,5760
774245,2026-01-01,2026-08-31,225,69972,64788,5184,92.591322,11,5760
774278,2026-01-01,2026-08-31,225,69972,64788,5184,92.591322,11,5760
774279,2026-01-01,2026-08-31,225,69972,64787,5185,92.589893,12,5760
774301,2026-01-01,2026-08-31,225,69972,64788,5184,92.591322,11,5760
774302,2026-01-01,2026-08-31,225,69972,64788,5184,92.591322,11,5760
774327,2026-01-01,2026-08-31,225,69972,64788,5184,92.591322,11,5760
774344,2026-01-01,2026-08-31,225,69972,64788,5184,92.591322,11,5760
774358,2026-01-01,2026-08-31,225,69972,64788,5184,92.591322,11,5760
774359,2026-01-01,2026-08-31,225,69972,64788,5184,92.591322,11,5760
774372,2026-01-01,2026-08-31,225,69972,64788,5184,92.591322,11,5760
774373,2026-01-01,2026-08-31,225,69972,64788,5184,92.591322,11,5760
774389,2026-01-01,2026-08-31,225,69972,64788,5184,92.591322,11,5760
774411,2026-01-01,2026-08-31,225,69972,64788,5184,92.591322,11,5760
774440,2026-01-01,2026-08-31,225,69972,64787,5185,92.589893,12,5760
774441,2026-01-01,2026-08-31,225,69972,64787,5185,92.589893,12,5760
774444,2026-01-01,2026-08-31,225,69972,64787,5185,92.589893,12,5760
774445,2026-01-01,2026-08-31,225,69972,64787,5185,92.589893,12,5760
774475,2026-01-01,2026-08-31,225,69972,64788,5184,92.591322,11,5760
774491,2026-01-01,2026-08-31,225,69972,64787,5185,92.589893,12,5760
774614,2026-01-01,2026-08-31,225,69972,64787,5185,92.589893,12,5760
774658,2026-01-01,2026-08-31,225,69972,64788,5184,92.591322,11,5760
774671,2026-01-01,2026-08-31,225,69972,64787,5185,92.589893,12,5760
774672,2026-01-01,2026-08-31,225,69972,64788,5184,92.591322,11,5760
774685,2026-01-01,2026-08-31,225,69972,64788,5184,92.591322,11,5760
774703,2026-01-01,2026-08-31,225,69972,64787,5185,92.589893,12,5760
774704,2026-01-01,2026-08-31,225,69972,64787,5185,92.589893,12,5760
774728,2026-01-01,2026-08-31,225,69972,64788,5184,92.591322,11,5760
774729,2026-01-01,2026-08-31,225,69972,64787,5185,92.589893,12,5760
774743,2026-01-01,2026-08-31,225,69972,64788,5184,92.591322,11,5760
774744,2026-01-01,2026-08-31,225,69972,64787,5185,92.589893,12,5760
774799,2026-01-01,2026-08-31,225,69972,64787,5185,92.589893,12,5760
774800,2026-01-01,2026-08-31,225,69972,64788,5184,92.591322,11,5760
774812,2026-01-01,2026-08-31,225,69972,64787,5185,92.589893,12,5760
774813,2026-01-01,2026-08-31,225,69972,64787,5185,92.589893,12,5760
774826,2026-01-01,2026-08-31,225,69972,64788,5184,92.591322,11,5760
774827,2026-01-01,2026-08-31,225,69972,64788,5184,92.591322,11,5760
774841,2026-01-01,2026-08-31,225,69972,64787,5185,92.589893,12,5760
774842,2026-01-01,2026-08-31,225,69972,64788,5184,92.591322,11,5760
774854,2026-01-01,2026-08-31,225,69972,64787,5185,92.589893,12,5760
774855,2026-01-01,2026-08-31,225,69972,64787,5185,92.589893,12,5760
774865,2026-01-01,2026-08-31,225,69972,64787,5185,92.589893,12,5760
774866,2026-01-01,2026-08-31,225,69972,64787,5185,92.589893,12,5760
774877,2026-01-01,2026-08-31,225,69972,64787,5185,92.589893,12,5760
774878,2026-01-01,2026-08-31,225,69972,64788,5184,92.591322,11,5760
774890,2026-01-01,2026-08-31,225,69972,64787,5185,92.589893,12,5760
774891,2026-01-01,2026-08-31,225,69972,64787,5185,92.589893,12,5760
774901,2026-01-01,2026-08-31,225,69972,64788,5184,92.591322,11,5760
774902,2026-01-01,2026-08-31,225,69972,64788,5184,92.591322,11,5760
774926,2026-01-01,2026-08-31,225,69972,64788,5184,92.591322,11,5760
774927,2026-01-01,2026-08-31,225,69972,64788,5184,92.591322,11,5760
774946,2026-01-01,2026-08-31,225,69972,64787,5185,92.589893,12,5760
774947,2026-01-01,2026-08-31,225,69972,64787,5185,92.589893,12,5760
774958,2026-01-01,2026-08-31,225,69972,64788,5184,92.591322,11,5760
775012,2026-01-01,2026-08-31,225,69972,64788,5184,92.591322,11,5760
775029,2026-01-01,2026-08-31,225,69972,64788,5184,92.591322,11,5760
775030,2026-01-01,2026-08-31,225,69972,64787,5185,92.589893,12,5760
775100,2026-01-01,2026-08-31,225,69972,64787,5185,92.589893,12,5760
775101,2026-01-01,2026-08-31,225,69972,64787,5185,92.589893,12,5760
775120,2026-01-01,2026-08-31,225,69972,64788,5184,92.591322,11,5760
775121,2026-01-01,2026-08-31,225,69972,64788,5184,92.591322,11,5760
775136,2026-01-01,2026-08-31,225,69972,64787,5185,92.589893,12,5760
775137,2026-01-01,2026-08-31,225,69972,64788,5184,92.591322,11,5760
775155,2026-01-01,2026-08-31,225,69972,64788,5184,92.591322,11,5760
775156,2026-01-01,2026-08-31,225,69972,64788,5184,92.591322,11,5760
775165,2026-01-01,2026-08-31,225,69972,64788,5184,92.591322,11,5760
775183,2026-01-01,2026-08-31,225,69972,64787,5185,92.589893,12,5760
775184,2026-01-01,2026-08-31,225,69972,64787,5185,92.589893,12,5760
775225,2026-01-01,2026-08-31,225,69972,64787,5185,92.589893,12,5760
775239,2026-01-01,2026-08-31,225,69972,64787,5185,92.589893,12,5760
775249,2026-01-01,2026-08-31,225,69972,64787,5185,92.589893,12,5760
775261,2026-01-01,2026-08-31,225,69972,64788,5184,92.591322,11,5760
775302,2026-01-01,2026-08-31,225,69972,64787,5185,92.589893,12,5760
775314,2026-01-01,2026-08-31,225,69972,64787,5185,92.589893,12,5760
775365,2026-01-01,2026-08-31,225,69972,64787,5185,92.589893,12,5760
775462,2026-01-01,2026-08-31,225,69972,64788,5184,92.591322,11,5760
775495,2026-07-17,2026-08-31,42,13248,12093,1155,91.281703,3,2880
775511,2026-01-01,2026-08-31,225,69972,64787,5185,92.589893,12,5760
775520,2026-01-01,2026-08-31,225,69972,64788,5184,92.591322,11,5760
775535,2026-01-01,2026-08-31,225,69972,64787,5185,92.589893,12,5760
775536,2026-01-01,2026-08-31,225,69972,64787,5185,92.589893,12,5760
775552,2026-01-01,2026-08-31,225,69972,64787,5185,92.589893,12,5760
775610,2026-01-01,2026-08-31,225,69972,64788,5184,92.591322,11,5760
775636,2026-01-01,2026-08-31,225,69972,64788,5184,92.591322,11,5760
775637,2026-01-01,2026-08-31,225,69972,64788,5184,92.591322,11,5760
775689,2026-01-01,2026-08-31,225,69972,64788,5184,92.591322,11,5760
775690,2026-01-01,2026-08-31,225,69972,64788,5184,92.591322,11,5760
775734,2026-01-01,2026-08-31,225,69972,64788,5184,92.591322,11,5760
775752,2026-01-01,2026-08-31,225,69972,64787,5185,92.589893,12,5760
775762,2026-01-01,2026-08-31,225,69972,64787,5185,92.589893,12,5760
775763,2026-01-01,2026-08-31,225,69972,64787,5185,92.589893,12,5760
775773,2026-01-01,2026-08-31,225,69972,64788,5184,92.591322,11,5760
775774,2026-01-01,2026-08-31,225,69972,64788,5184,92.591322,11,5760
775795,2026-01-01,2026-08-31,225,69972,64787,5185,92.589893,12,5760
775825,2026-01-01,2026-08-31,225,69972,64787,5185,92.589893,12,5760
775936,2026-01-01,2026-08-31,225,69972,64787,5185,92.589893,12,5760
775949,2026-01-01,2026-08-31,225,69972,64787,5185,92.589893,12,5760
775961,2026-01-01,2026-08-31,225,69972,64787,5185,92.589893,12,5760
775975,2026-01-01,2026-08-31,225,69972,64788,5184,92.591322,11,5760
775990,2026-01-01,2026-08-31,225,69972,64787,5185,92.589893,12,5760
776019,2026-01-01,2026-08-31,225,69972,64787,5185,92.589893,12,5760
776020,2026-01-01,2026-08-31,225,69972,64788,5184,92.591322,11,5760
776052,2026-01-01,2026-08-31,225,69972,64788,5184,92.591322,11,5760
776060,2026-01-01,2026-08-31,225,69972,64788,5184,92.591322,11,5760
776066,2026-01-01,2026-08-31,225,69972,64788,5184,92.591322,11,5760
776073,2026-01-01,2026-08-31,225,69972,64788,5184,92.591322,11,5760
776081,2026-01-01,2026-08-31,225,69972,64787,5185,92.589893,12,5760
776136,2026-01-01,2026-08-31,225,69972,64788,5184,92.591322,11,5760
776177,2026-01-01,2026-08-31,225,69972,64787,5185,92.589893,12,5760
776188,2026-01-01,2026-08-31,225,69972,64787,5185,92.589893,12,5760
776196,2026-01-01,2026-08-31,225,69972,64788,5184,92.591322,11,5760
776197,2026-01-01,2026-08-31,225,69972,64788,5184,92.591322,11,5760
776203,2026-01-01,2026-08-31,225,69972,64787,5185,92.589893,12,5760
776208,2026-01-01,2026-08-31,225,69972,64787,5185,92.589893,12,5760
776215,2026-01-01,2026-08-31,225,69972,64788,5184,92.591322,11,5760
776221,2026-01-01,2026-08-31,225,69972,64788,5184,92.591322,11,5760
776228,2026-01-01,2026-08-31,225,69972,64787,5185,92.589893,12,5760
776242,2026-01-01,2026-08-31,225,69972,64788,5184,92.591322,11,5760
776253,2026-01-01,2026-08-31,225,69972,64787,5185,92.589893,12,5760
776266,2026-01-01,2026-08-31,225,69972,64787,5185,92.589893,12,5760
776289,2026-01-01,2026-08-31,225,69972,64788,5184,92.591322,11,5760
776290,2026-01-01,2026-08-31,225,69972,64787,5185,92.589893,12,5760
776295,2026-01-01,2026-08-31,225,69972,64787,5185,92.589893,12,5760
776313,2026-01-01,2026-08-31,225,69972,64788,5184,92.591322,11,5760
776328,2026-01-01,2026-08-31,225,69972,64787,5185,92.589893,12,5760
776425,2026-01-01,2026-08-31,225,69972,64788,5184,92.591322,11,5760
776440,2026-01-01,2026-08-31,225,69972,64787,5185,92.589893,12,5760
776457,2026-01-01,2026-08-31,225,69972,64788,5184,92.591322,11,5760
776465,2026-01-01,2026-08-31,225,69972,64787,5185,92.589893,12,5760
776480,2026-01-01,2026-08-31,225,69972,64788,5184,92.591322,11,5760
776487,2026-01-01,2026-08-31,225,69972,64788,5184,92.591322,11,5760
776493,2026-01-01,2026-08-31,225,69972,64788,5184,92.591322,11,5760
776518,2026-01-01,2026-08-31,225,69972,64787,5185,92.589893,12,5760
776628,2026-01-01,2026-08-31,225,69972,64788,5184,92.591322,11,5760
776629,2026-01-01,2026-08-31,225,69972,64788,5184,92.591322,11,5760
776657,2026-01-01,2026-08-31,225,69972,64788,5184,92.591322,11,5760
776690,2026-01-01,2026-08-31,225,69972,64787,5185,92.589893,12,5760
776708,2026-01-01,2026-08-31,225,69972,64787,5185,92.589893,12,5760
776739,2026-01-01,2026-08-31,225,69972,64788,5184,92.591322,11,5760
776751,2026-01-01,2026-08-31,225,69972,64788,5184,92.591322,11,5760
776752,2026-01-01,2026-08-31,225,69972,64788,5184,92.591322,11,5760
776773,2026-01-01,2026-08-31,225,69972,64788,5184,92.591322,11,5760
776826,2026-01-01,2026-08-31,225,69972,64787,5185,92.589893,12,5760
776843,2026-01-01,2026-08-31,225,69972,64787,5185,92.589893,12,5760
776844,2026-01-01,2026-08-31,225,69972,64788,5184,92.591322,11,5760
776906,2026-01-01,2026-08-31,225,69972,64788,5184,92.591322,11,5760
776981,2026-01-01,2026-08-31,225,69972,64788,5184,92.591322,11,5760
776986,2026-01-01,2026-08-31,225,69972,64787,5185,92.589893,12,5760
777061,2026-01-01,2026-08-31,225,69972,64788,5184,92.591322,11,5760
777065,2026-01-01,2026-08-31,225,69972,64787,5185,92.589893,12,5760
777066,2026-01-01,2026-08-31,225,69972,64787,5185,92.589893,12,5760
777203,2026-01-01,2026-08-31,225,69972,64787,5185,92.589893,12,5760
777204,2026-01-01,2026-08-31,225,69972,64788,5184,92.591322,11,5760
777212,2026-01-01,2026-08-31,225,69972,64787,5185,92.589893,12,5760
777213,2026-01-01,2026-08-31,225,69972,64787,5185,92.589893,12,5760
777223,2026-01-01,2026-08-31,225,69972,64787,5185,92.589893,12,5760
777224,2026-01-01,2026-08-31,225,69972,64787,5185,92.589893,12,5760
777232,2026-01-01,2026-08-31,225,69972,64788,5184,92.591322,11,5760
777233,2026-01-01,2026-08-31,225,69972,64788,5184,92.591322,11,5760
777243,2026-01-01,2026-08-31,225,69972,64788,5184,92.591322,11,5760
777245,2026-01-01,2026-08-31,225,69972,64788,5184,92.591322,11,5760
777253,2026-01-01,2026-08-31,225,69972,64787,5185,92.589893,12,5760
777254,2026-01-01,2026-08-31,225,69972,64788,5184,92.591322,11,5760
777262,2026-01-01,2026-08-31,225,69972,64788,5184,92.591322,11,5760
777263,2026-01-01,2026-08-31,225,69972,64788,5184,92.591322,11,5760
777316,2026-01-01,2026-08-31,225,69972,64787,5185,92.589893,12,5760
777317,2026-01-01,2026-08-31,225,69972,64787,5185,92.589893,12,5760
777733,2026-01-01,2026-08-31,225,69972,64788,5184,92.591322,11,5760
777767,2026-01-01,2026-08-31,225,69972,64787,5185,92.589893,12,5760
777781,2026-01-01,2026-08-31,225,69972,64788,5184,92.591322,11,5760
777796,2026-01-01,2026-08-31,225,69972,64787,5185,92.589893,12,5760
777998,2026-07-17,2026-08-31,42,13248,12093,1155,91.281703,3,2880
777999,2026-07-17,2026-08-31,42,13248,12093,1155,91.281703,3,2880
778040,2026-07-17,2026-08-31,42,13248,12093,1155,91.281703,3,2880
778051,2026-07-17,2026-08-31,42,13248,12093,1155,91.281703,3,2880
778062,2026-07-17,2026-08-31,42,13248,12093,1155,91.281703,3,2880
778074,2026-07-17,2026-08-31,42,13248,12093,1155,91.281703,3,2880
778086,2026-07-17,2026-08-31,42,13248,12093,1155,91.281703,3,2880
778097,2026-07-17,2026-08-31,42,13248,12093,1155,91.281703,3,2880
778108,2026-07-17,2026-08-31,42,13248,12093,1155,91.281703,3,2880
778119,2026-07-17,2026-08-31,42,13248,12093,1155,91.281703,3,2880
778130,2026-07-17,2026-08-31,42,13248,12093,1155,91.281703,3,2880
778139,2026-07-17,2026-08-31,42,13248,12093,1155,91.281703,3,2880
778140,2026-07-17,2026-08-31,42,13248,12093,1155,91.281703,3,2880
778155,2026-07-17,2026-08-31,42,13248,12093,1155,91.281703,3,2880
778156,2026-07-17,2026-08-31,42,13248,12093,1155,91.281703,3,2880
778167,2026-07-17,2026-08-31,42,13248,12093,1155,91.281703,3,2880
778168,2026-07-17,2026-08-31,42,13248,12093,1155,91.281703,3,2880
778179,2026-07-17,2026-08-31,42,13248,12093,1155,91.281703,3,2880
