split,target_station,timestamp,sample_id,variant,selected_source,oracle_source,selected_loss,oracle_loss,worst_loss,raw_regret_mph,normalized_regret,exact_top1_hit,top2_hit,near_oracle_hit_0p5,ablation_score
validation,765501,2026-06-03T15:25:00-07:00,765501_1780525500_H30,FULL_QSDC,773773,773773,9.265514373779297,9.265514373779297,14.717269897460938,0.0,0.0,True,True,True,0.5300063967174329
validation,765501,2026-06-03T15:30:00-07:00,765501_1780525800_H30,FULL_QSDC,773773,763616,10.149818420410156,7.766017913818359,12.859901428222656,2.383800506591797,0.46797310928900776,False,False,False,0.5495121795425977
validation,765501,2026-06-03T15:35:00-07:00,765501_1780526100_H30,FULL_QSDC,773773,763616,11.66946792602539,2.32741928100586,14.131969451904297,9.342048645019531,0.7913938701408826,False,False,False,0.508469368400364
validation,765501,2026-06-03T15:40:00-07:00,765501_1780526400_H30,FULL_QSDC,773773,763616,11.764209747314451,5.4029083251953125,16.140243530273438,6.361301422119139,0.5924469433636215,False,False,False,0.4902452402954215
validation,765501,2026-06-03T15:45:00-07:00,765501_1780526700_H30,FULL_QSDC,773773,763616,12.993793487548828,5.657157897949219,16.346275329589844,7.336635589599609,0.6863649535632,False,False,False,0.4578147663562534
validation,765501,2026-06-03T15:50:00-07:00,765501_1780527000_H30,FULL_QSDC,773773,763616,13.161766052246094,8.121150970458984,18.257583618164062,5.040615081787109,0.49727702604804674,False,False,False,0.4292809626392391
validation,765501,2026-06-06T07:20:00-07:00,765501_1780755600_H30,FULL_QSDC,763616,763616,0.408782958984375,0.408782958984375,4.986431121826172,0.0,0.0,True,True,True,0.5899213206985198
validation,765501,2026-06-06T07:25:00-07:00,765501_1780755900_H30,FULL_QSDC,763616,717951,1.88330078125,1.1006240844726562,5.812053680419922,0.7826766967773438,0.16612297410760335,False,True,False,0.5884990963569058
validation,765501,2026-06-06T07:30:00-07:00,765501_1780756200_H30,FULL_QSDC,763616,763616,0.959503173828125,0.959503173828125,5.2108001708984375,0.0,0.0,True,True,True,0.5625489730670978
validation,765501,2026-06-06T07:35:00-07:00,765501_1780756500_H30,FULL_QSDC,763616,776019,1.9462661743164065,0.2828750610351562,5.2697296142578125,1.6633911132812502,0.3335551690005309,False,False,False,0.5935780704904233
validation,765501,2026-06-06T07:40:00-07:00,765501_1780756800_H30,FULL_QSDC,763616,717951,1.40594482421875,0.369842529296875,3.689170837402344,1.036102294921875,0.3121421561078536,False,True,False,0.5942228577342725
validation,765501,2026-06-06T07:45:00-07:00,765501_1780757100_H30,FULL_QSDC,763616,776019,1.5462493896484375,0.2406005859375,4.611083984375,1.3056488037109375,0.29874242381923305,False,False,False,0.5609201132165152
validation,765501,2026-06-11T23:30:00-07:00,765501_1781245800_H30,FULL_QSDC,763616,763616,1.5694046020507812,1.5694046020507812,7.730613708496094,0.0,0.0,True,True,True,0.6648911436964843
validation,765501,2026-06-11T23:35:00-07:00,765501_1781246100_H30,FULL_QSDC,763616,763616,1.4680938720703125,1.4680938720703125,6.0147247314453125,0.0,0.0,True,True,True,0.5542815434299261
validation,765501,2026-06-11T23:40:00-07:00,765501_1781246400_H30,FULL_QSDC,763616,773784,1.3957290649414062,1.1476974487304688,5.465484619140625,0.2480316162109375,0.05744415053866039,False,False,True,0.6524466644428053
validation,765501,2026-06-11T23:45:00-07:00,765501_1781246700_H30,FULL_QSDC,763616,763616,0.6777496337890625,0.6777496337890625,6.084281921386719,0.0,0.0,True,True,True,0.6927576288107714
validation,765501,2026-06-11T23:50:00-07:00,765501_1781247000_H30,FULL_QSDC,763616,763616,0.0621871948242187,0.0621871948242187,5.580940246582031,0.0,0.0,True,True,True,0.5957702956837542
validation,765501,2026-06-11T23:55:00-07:00,765501_1781247300_H30,FULL_QSDC,763616,763616,0.901702880859375,0.901702880859375,4.375164031982422,0.0,0.0,True,True,True,0.6154342036382628
validation,765501,2026-06-15T23:30:00-07:00,765501_1781591400_H30,FULL_QSDC,763616,773784,3.4067459106445312,3.362983703613281,12.888511657714844,0.043762207031250444,0.004594202782472234,False,False,True,0.735299613647143
validation,765501,2026-06-15T23:35:00-07:00,765501_1781591700_H30,FULL_QSDC,763616,763616,0.6665878295898438,0.6665878295898438,9.146846771240234,0.0,0.0,True,True,True,0.7168963982570599
validation,765501,2026-06-15T23:40:00-07:00,765501_1781592000_H30,FULL_QSDC,763616,776019,3.4026870727539062,0.8366851806640625,6.101020812988281,2.5660018920898438,0.4874312869289732,False,True,False,0.5401009025582139
validation,765501,2026-06-15T23:45:00-07:00,765501_1781592300_H30,FULL_QSDC,763616,776019,2.677207946777344,0.5329322814941406,5.518070220947266,2.1442756652832036,0.43013366757880184,False,False,False,0.7063110255741869
validation,765501,2026-06-15T23:50:00-07:00,765501_1781592600_H30,FULL_QSDC,763616,776019,2.755615234375,0.4062042236328125,5.804420471191406,2.3494110107421875,0.43521987690002895,False,False,False,0.5883390688073808
validation,765501,2026-06-15T23:55:00-07:00,765501_1781592900_H30,FULL_QSDC,763616,763616,1.7599945068359375,1.7599945068359375,10.49136734008789,0.0,0.0,True,True,True,0.6473964758424805
validation,765501,2026-06-17T22:00:00-07:00,765501_1781758800_H30,FULL_QSDC,763616,763616,3.382080078125,3.382080078125,6.303215026855469,0.0,0.0,True,True,True,0.5345745806529882
validation,765501,2026-06-17T22:05:00-07:00,765501_1781759100_H30,FULL_QSDC,763616,763616,1.907066345214844,1.907066345214844,4.920204162597656,0.0,0.0,True,True,True,0.697595966840735
validation,765501,2026-06-17T22:10:00-07:00,765501_1781759400_H30,FULL_QSDC,763616,763616,3.1412353515625,3.1412353515625,8.216136932373047,0.0,0.0,True,True,True,0.6128195829451141
validation,765501,2026-06-17T22:15:00-07:00,765501_1781759700_H30,FULL_QSDC,763616,763616,3.6384353637695312,3.6384353637695312,8.491710662841797,0.0,0.0,True,True,True,0.6373878123026891
validation,765501,2026-06-17T22:20:00-07:00,765501_1781760000_H30,FULL_QSDC,763616,763616,0.5210494995117188,0.5210494995117188,5.544830322265625,0.0,0.0,True,True,True,0.7288499136504999
validation,765501,2026-06-17T22:25:00-07:00,765501_1781760300_H30,FULL_QSDC,763616,773784,1.8023910522460935,0.4557647705078125,3.335399627685547,1.346626281738281,0.4676378598424383,False,False,False,0.66652087881764
validation,765501,2026-06-18T23:30:00-07:00,765501_1781850600_H30,FULL_QSDC,763616,763616,1.1622085571289062,1.1622085571289062,7.3306121826171875,0.0,0.0,True,True,True,0.6127774679955871
validation,765501,2026-06-18T23:35:00-07:00,765501_1781850900_H30,FULL_QSDC,763616,763616,0.096710205078125,0.096710205078125,7.314727783203125,0.0,0.0,True,True,True,0.6456457792441641
validation,765501,2026-06-18T23:40:00-07:00,765501_1781851200_H30,FULL_QSDC,763616,763616,1.34796142578125,1.34796142578125,5.965484619140625,0.0,0.0,True,True,True,0.626662773358457
validation,765501,2026-06-18T23:45:00-07:00,765501_1781851500_H30,FULL_QSDC,763616,773784,2.1846923828125,0.803955078125,3.684280395507813,1.3807373046875,0.4793685270044764,False,False,False,0.5791108195173018
validation,765501,2026-06-18T23:50:00-07:00,765501_1781851800_H30,FULL_QSDC,763616,773784,3.5582427978515625,1.0506591796875,3.5582427978515625,2.5075836181640625,1.0,False,False,False,0.7323736712344305
validation,765501,2026-06-18T23:55:00-07:00,765501_1781852100_H30,FULL_QSDC,763616,773784,3.3749313354492188,0.2287368774414062,3.3749313354492188,3.1461944580078125,1.0,False,False,False,0.6951697967607287
validation,765501,2026-06-24T23:30:00-07:00,765501_1782369000_H30,FULL_QSDC,776019,763616,6.1489105224609375,0.7396621704101562,6.1489105224609375,5.409248352050781,1.0,False,False,False,0.5354051224209192
validation,765501,2026-06-24T23:35:00-07:00,765501_1782369300_H30,FULL_QSDC,776019,763616,7.193305969238281,2.143867492675781,7.193305969238281,5.0494384765625,1.0,False,True,False,0.5291847231212402
validation,765501,2026-06-24T23:40:00-07:00,765501_1782369600_H30,FULL_QSDC,763616,763616,1.307281494140625,1.307281494140625,6.137977600097656,0.0,0.0,True,True,True,0.5508932037227923
validation,765501,2026-06-24T23:45:00-07:00,765501_1782369900_H30,FULL_QSDC,776019,763616,5.977573394775391,1.3118133544921875,5.977573394775391,4.665760040283203,1.0,False,False,False,0.5385904946339832
validation,765501,2026-06-24T23:50:00-07:00,765501_1782370200_H30,FULL_QSDC,776019,763616,6.286907196044922,1.9117431640625,6.286907196044922,4.375164031982422,1.0,False,False,False,0.5372634643254808
validation,765501,2026-06-24T23:55:00-07:00,765501_1782370500_H30,FULL_QSDC,763616,763616,0.84039306640625,0.84039306640625,4.241691589355469,0.0,0.0,True,True,True,0.5109227722829411
validation,765501,2026-06-27T23:30:00-07:00,765501_1782628200_H30,FULL_QSDC,763616,763616,1.0807342529296875,1.0807342529296875,6.393463134765625,0.0,0.0,True,True,True,0.7559365953359037
validation,765501,2026-06-27T23:35:00-07:00,765501_1782628500_H30,FULL_QSDC,763616,763616,1.0346527099609375,1.0346527099609375,6.511741638183594,0.0,0.0,True,True,True,0.7279069611437496
validation,765501,2026-06-27T23:40:00-07:00,765501_1782628800_H30,FULL_QSDC,763616,763616,1.3554763793945312,1.3554763793945312,6.3412933349609375,0.0,0.0,True,True,True,0.7651573300624247
validation,765501,2026-06-27T23:45:00-07:00,765501_1782629100_H30,FULL_QSDC,763616,763616,0.2803421020507812,0.2803421020507812,5.221237182617188,0.0,0.0,True,True,True,0.7870516474408309
validation,765501,2026-06-27T23:50:00-07:00,765501_1782629400_H30,FULL_QSDC,763616,763616,0.1573638916015625,0.1573638916015625,2.7491912841796875,0.0,0.0,True,True,True,0.7217031793485248
validation,765501,2026-06-27T23:55:00-07:00,765501_1782629700_H30,FULL_QSDC,763616,763616,0.0630035400390625,0.0630035400390625,4.773464202880859,0.0,0.0,True,True,True,0.7906204505492916
validation,769895,2026-06-03T17:30:00-07:00,769895_1780533000_H30,FULL_QSDC,769880,769847,3.3738784790039062,1.6959075927734375,8.441547393798828,1.6779708862304688,0.24874896017652823,False,True,False,0.7801680247976417
validation,769895,2026-06-03T17:35:00-07:00,769895_1780533300_H30,FULL_QSDC,769880,769880,0.6902694702148438,0.6902694702148438,5.220458984375,0.0,0.0,True,True,True,0.7160656041701061
validation,769895,2026-06-03T17:40:00-07:00,769895_1780533600_H30,FULL_QSDC,769880,769880,0.4317245483398437,0.4317245483398437,4.966014862060547,0.0,0.0,True,True,True,0.7871163177415289
validation,769895,2026-06-03T17:45:00-07:00,769895_1780533900_H30,FULL_QSDC,769847,769866,2.1755294799804688,1.0536956787109375,4.967674255371094,1.1218338012695312,0.28662236629481125,False,True,False,0.7640811634706545
validation,769895,2026-06-03T17:50:00-07:00,769895_1780534200_H30,FULL_QSDC,769866,769866,0.19903564453125,0.19903564453125,4.173469543457031,0.0,0.0,True,True,True,0.7225570119710875
validation,769895,2026-06-03T17:55:00-07:00,769895_1780534500_H30,FULL_QSDC,769847,769866,3.623291015625,0.6420745849609375,3.623291015625,2.9812164306640625,1.0,False,True,False,0.7855856557961111
validation,769895,2026-06-04T23:30:00-07:00,769895_1780641000_H30,FULL_QSDC,769880,769880,0.5397567749023438,0.5397567749023438,2.622886657714844,0.0,0.0,True,True,True,0.6272442407794955
validation,769895,2026-06-04T23:35:00-07:00,769895_1780641300_H30,FULL_QSDC,769847,770385,0.4967880249023437,0.391693115234375,1.2913742065429688,0.1050949096679687,0.11681351390314013,False,False,True,0.5726919997019316
validation,769895,2026-06-04T23:40:00-07:00,769895_1780641600_H30,FULL_QSDC,769847,769866,3.0213394165039062,2.3920211791992188,4.324180603027344,0.6293182373046875,0.32570720073286685,False,False,False,0.5903909789345098
validation,769895,2026-06-04T23:45:00-07:00,769895_1780641900_H30,FULL_QSDC,769866,769866,4.1884307861328125,4.1884307861328125,6.109367370605469,0.0,0.0,True,True,True,0.5937234012692767
validation,769895,2026-06-04T23:50:00-07:00,769895_1780642200_H30,FULL_QSDC,769880,769866,8.194202423095703,5.606586456298828,8.194202423095703,2.587615966796875,1.0,False,True,False,0.6720637517386436
validation,769895,2026-06-04T23:55:00-07:00,769895_1780642500_H30,FULL_QSDC,769847,770385,0.5775299072265625,0.1097946166992187,1.3567352294921875,0.4677352905273438,0.37510630877575124,False,False,True,0.6832700295949371
validation,769895,2026-06-06T07:20:00-07:00,769895_1780755600_H30,FULL_QSDC,769847,769847,3.0790557861328125,3.0790557861328125,7.3369598388671875,0.0,0.0,True,True,True,0.5488953464933551
validation,769895,2026-06-06T07:25:00-07:00,769895_1780755900_H30,FULL_QSDC,769847,769847,3.4980926513671875,3.4980926513671875,9.222999572753906,0.0,0.0,True,True,True,0.5275086553475578
validation,769895,2026-06-06T07:30:00-07:00,769895_1780756200_H30,FULL_QSDC,769847,769847,0.4498672485351562,0.4498672485351562,6.263149261474609,0.0,0.0,True,True,True,0.5452366012128107
validation,769895,2026-06-06T07:35:00-07:00,769895_1780756500_H30,FULL_QSDC,769847,770116,2.8180694580078125,0.3459930419921875,2.8180694580078125,2.472076416015625,1.0,False,False,False,0.5296215878248322
validation,769895,2026-06-06T07:40:00-07:00,769895_1780756800_H30,FULL_QSDC,769847,769880,4.263088226318359,0.6638717651367188,4.263088226318359,3.5992164611816406,1.0,False,False,False,0.5445364207347289
validation,769895,2026-06-06T07:45:00-07:00,769895_1780757100_H30,FULL_QSDC,770385,769880,2.920745849609375,0.1684761047363281,5.276458740234375,2.752269744873047,0.5388173651464833,False,False,False,0.5275896801289822
validation,769895,2026-06-12T23:30:00-07:00,769895_1781332200_H30,FULL_QSDC,769847,770385,0.7501602172851562,0.51239013671875,2.6973114013671875,0.23777008056640625,0.10882318022780761,False,False,True,0.6943322068422323
validation,769895,2026-06-12T23:35:00-07:00,769895_1781332500_H30,FULL_QSDC,769847,769847,0.3840408325195312,0.3840408325195312,2.4090347290039062,0.0,0.0,True,True,True,0.679668961418514
validation,769895,2026-06-12T23:40:00-07:00,769895_1781332800_H30,FULL_QSDC,769847,769847,2.233505249023437,2.233505249023437,4.269447326660156,0.0,0.0,True,True,True,0.6503671741462456
validation,769895,2026-06-12T23:45:00-07:00,769895_1781333100_H30,FULL_QSDC,769847,769847,0.5497207641601562,0.5497207641601562,3.314537048339844,0.0,0.0,True,True,True,0.690295250174794
validation,769895,2026-06-12T23:50:00-07:00,769895_1781333400_H30,FULL_QSDC,769847,769866,1.8331985473632808,0.5410308837890625,1.8331985473632808,1.2921676635742183,1.0,False,False,False,0.7067083915440038
validation,769895,2026-06-12T23:55:00-07:00,769895_1781333700_H30,FULL_QSDC,769847,769880,0.5751190185546875,0.2470016479492187,3.473106384277344,0.3281173706054688,0.1017069802200297,False,False,True,0.7090331782391242
validation,769895,2026-06-17T11:15:00-07:00,769895_1781720100_H30,FULL_QSDC,769880,769880,1.4925460815429688,1.4925460815429688,4.967475891113281,0.0,0.0,True,True,True,0.6698783644993671
validation,769965,2026-06-03T17:30:00-07:00,769965_1780533000_H30,FULL_QSDC,769926,769911,13.641397476196287,2.1030349731445312,17.069358825683594,11.538362503051756,0.7709550198657671,False,False,False,0.7144473133559185
validation,769965,2026-06-03T17:35:00-07:00,769965_1780533300_H30,FULL_QSDC,769926,769867,14.71120262145996,6.391258239746094,14.71120262145996,8.319944381713865,1.0,False,True,False,0.6966092919915149
validation,769965,2026-06-03T17:40:00-07:00,769965_1780533600_H30,FULL_QSDC,769867,769911,7.989574432373047,5.899688720703125,14.459896087646484,2.089885711669922,0.24413961275521867,False,False,False,0.7198094911930631
validation,769965,2026-06-03T17:45:00-07:00,769965_1780533900_H30,FULL_QSDC,769926,769911,15.008655548095703,2.885944366455078,15.008655548095703,12.122711181640625,1.0,False,False,False,0.7348521220685983
validation,769965,2026-06-03T17:50:00-07:00,769965_1780534200_H30,FULL_QSDC,770129,769926,7.876365661621094,6.421836853027344,10.409381866455078,1.45452880859375,0.364767997275452,False,False,False,0.6857223965865932
validation,769965,2026-06-03T17:55:00-07:00,769965_1780534500_H30,FULL_QSDC,770141,769911,7.274608612060547,4.758838653564453,11.469837188720703,2.5157699584960938,0.3748726728693169,False,False,False,0.6863116147549986
validation,769965,2026-06-04T23:30:00-07:00,769965_1780641000_H30,FULL_QSDC,770129,769926,0.4351425170898437,0.2534942626953125,1.9320755004882808,0.1816482543945312,0.10821534895348044,False,False,True,0.5795415513576748
validation,769965,2026-06-04T23:35:00-07:00,769965_1780641300_H30,FULL_QSDC,770129,769926,1.938392639160156,1.320037841796875,2.8302459716796875,0.618354797363281,0.40945005203439305,False,False,False,0.5729932374118608
validation,769965,2026-06-04T23:40:00-07:00,769965_1780641600_H30,FULL_QSDC,769867,769926,4.819755554199219,3.3481369018554688,5.058509826660156,1.47161865234375,0.8604080613073306,False,False,False,0.5904098256327218
validation,769965,2026-06-04T23:45:00-07:00,769965_1780641900_H30,FULL_QSDC,770129,769926,3.959884643554688,3.30047607421875,5.470161437988281,0.6594085693359379,0.30391898306872744,False,False,False,0.6328778445631377
validation,769965,2026-06-04T23:50:00-07:00,769965_1780642200_H30,FULL_QSDC,770129,769926,2.6276931762695312,2.063026428222656,6.383457183837891,0.5646667480468754,0.13069686334238362,False,False,False,0.6357348505331134
validation,769965,2026-06-04T23:55:00-07:00,769965_1780642500_H30,FULL_QSDC,770129,770141,2.6118316650390625,0.8677291870117188,3.0869674682617188,1.7441024780273438,0.785901402640264,False,False,False,0.6611222470360724
validation,769965,2026-06-06T07:20:00-07:00,769965_1780755600_H30,FULL_QSDC,770129,769926,0.6742095947265625,0.04083251953125,14.251022338867188,0.6333770751953125,0.04457203480374839,False,True,False,0.5263922263822668
validation,769965,2026-06-06T07:25:00-07:00,769965_1780755900_H30,FULL_QSDC,770129,769867,2.2454376220703125,1.7569351196289062,20.089679718017575,0.48850250244140625,0.026646446734677278,False,True,True,0.5264614330101529
validation,769965,2026-06-06T07:30:00-07:00,769965_1780756200_H30,FULL_QSDC,770129,770129,3.1787261962890625,3.1787261962890625,24.94419860839844,0.0,0.0,True,True,True,0.5087541013669616
validation,769965,2026-06-06T07:35:00-07:00,769965_1780756500_H30,FULL_QSDC,769926,770129,1.43182373046875,0.8619461059570312,14.56399154663086,0.5698776245117188,0.04159069731443642,False,False,False,0.4678069071183248
validation,769965,2026-06-06T07:40:00-07:00,769965_1780756800_H30,FULL_QSDC,770129,769867,1.1840133666992188,0.5607376098632812,10.92458724975586,0.6232757568359375,0.060139405577327325,False,True,False,0.4825067541090031
validation,769965,2026-06-06T07:45:00-07:00,769965_1780757100_H30,FULL_QSDC,770129,769867,3.731719970703125,3.4769821166992188,10.22153091430664,0.25473785400390625,0.03776944339023429,False,True,True,0.5039267721095184
validation,769965,2026-06-12T23:30:00-07:00,769965_1781332200_H30,FULL_QSDC,769926,769867,0.51123046875,0.0236358642578125,1.108184814453125,0.4875946044921875,0.4495828467718109,False,False,True,0.5626982388934799
validation,769965,2026-06-12T23:35:00-07:00,769965_1781332500_H30,FULL_QSDC,770129,769867,1.3648223876953125,0.67138671875,2.008941650390625,0.6934356689453125,0.5184352825754638,False,True,False,0.5454712747072901
validation,769965,2026-06-12T23:40:00-07:00,769965_1781332800_H30,FULL_QSDC,769867,769867,0.051177978515625,0.051177978515625,1.3978424072265625,0.0,0.0,True,True,True,0.6399979358681818
validation,769965,2026-06-12T23:45:00-07:00,769965_1781333100_H30,FULL_QSDC,770129,769911,0.5866546630859375,0.1507339477539062,1.7287750244140625,0.4359207153320313,0.2762416782297172,False,False,True,0.613291479793678
validation,769965,2026-06-12T23:50:00-07:00,769965_1781333400_H30,FULL_QSDC,770129,769926,3.852745056152344,2.9699859619140625,4.59649658203125,0.8827590942382817,0.5427318354519446,False,False,False,0.6354791948498073
validation,769965,2026-06-12T23:55:00-07:00,769965_1781333700_H30,FULL_QSDC,770129,769926,1.0620574951171875,0.4486770629882812,1.8897018432617188,0.6133804321289062,0.42565571427058735,False,False,False,0.6613821684118482
validation,769965,2026-06-17T11:15:00-07:00,769965_1781720100_H30,FULL_QSDC,770129,769867,2.851715087890625,2.5934715270996094,4.743236541748047,0.2582435607910156,0.12012641336674072,False,False,True,0.5453352164288536
validation,775511,2026-06-06T23:30:00-07:00,775511_1780813800_H30,FULL_QSDC,764311,764283,2.7627029418945312,0.1591796875,2.7627029418945312,2.6035232543945312,1.0,False,False,False,0.6155722195564719
validation,775511,2026-06-06T23:35:00-07:00,775511_1780814100_H30,FULL_QSDC,764297,764283,3.031402587890625,0.2073211669921875,3.375885009765625,2.8240814208984375,0.8912812116250511,False,False,False,0.5821034579140765
validation,775511,2026-06-06T23:40:00-07:00,775511_1780814400_H30,FULL_QSDC,764297,764283,2.9507827758789062,0.0472946166992187,3.904571533203125,2.9034881591796875,0.7527300274337841,False,False,False,0.5858229469660119
validation,775511,2026-06-06T23:45:00-07:00,775511_1780814700_H30,FULL_QSDC,764311,764283,4.398727416992188,0.042236328125,4.398727416992188,4.356491088867188,1.0,False,False,False,0.5374034187617578
validation,775511,2026-06-06T23:50:00-07:00,775511_1780815000_H30,FULL_QSDC,764311,764283,5.1397552490234375,0.7138442993164062,5.1397552490234375,4.425910949707031,1.0,False,False,False,0.5782314021268582
validation,775511,2026-06-06T23:55:00-07:00,775511_1780815300_H30,FULL_QSDC,764311,764283,5.938991546630859,1.6687049865722656,5.938991546630859,4.270286560058594,1.0,False,False,False,0.5847871006514778
validation,775511,2026-06-08T23:30:00-07:00,775511_1780986600_H30,FULL_QSDC,764311,764311,1.971405029296875,1.971405029296875,8.241268157958984,0.0,0.0,True,True,True,0.5058098878629366
validation,775511,2026-06-08T23:35:00-07:00,775511_1780986900_H30,FULL_QSDC,764297,764311,2.874458312988281,0.534027099609375,7.944782257080078,2.340431213378906,0.3158154821805902,False,False,False,0.54654569199917
validation,775511,2026-06-08T23:40:00-07:00,775511_1780987200_H30,FULL_QSDC,764297,764311,1.0855636596679688,0.3541488647460937,7.579780578613281,0.731414794921875,0.10122503109564365,False,True,False,0.5071213762203542
validation,775511,2026-06-08T23:45:00-07:00,775511_1780987500_H30,FULL_QSDC,764311,764311,0.7415542602539062,0.7415542602539062,7.430770874023437,0.0,0.0,True,True,True,0.5122830247800473
validation,775511,2026-06-08T23:50:00-07:00,775511_1780987800_H30,FULL_QSDC,764283,764311,1.5871047973632812,0.1132736206054687,5.4522857666015625,1.4738311767578125,0.2760494144713809,False,False,False,0.5128889313893812
validation,775511,2026-06-08T23:55:00-07:00,775511_1780988100_H30,FULL_QSDC,764311,764283,1.110687255859375,0.3416671752929687,4.462131500244141,0.7690200805664062,0.1866343256291921,False,True,False,0.5576147792016513
validation,775511,2026-06-10T23:30:00-07:00,775511_1781159400_H30,FULL_QSDC,764311,764322,0.5643692016601562,0.0645523071289062,1.1581649780273438,0.49981689453125006,0.4570328305730352,False,False,True,0.5310616778306919
validation,775511,2026-06-10T23:35:00-07:00,775511_1781159700_H30,FULL_QSDC,764311,764311,1.0601654052734375,1.0601654052734375,4.080123901367188,0.0,0.0,True,True,True,0.5364343513362134
validation,775511,2026-06-10T23:40:00-07:00,775511_1781160000_H30,FULL_QSDC,764311,764297,0.5753021240234375,0.2941131591796875,4.184654235839844,0.28118896484375,0.07227502789538398,False,False,True,0.550688583288513
validation,775511,2026-06-10T23:45:00-07:00,775511_1781160300_H30,FULL_QSDC,764311,764297,0.5681838989257812,0.5332565307617188,3.6620101928710938,0.0349273681640625,0.011163348711996332,False,True,True,0.5432434595597971
validation,775511,2026-06-10T23:50:00-07:00,775511_1781160600_H30,FULL_QSDC,764311,764297,0.3249282836914062,0.119476318359375,4.832210540771484,0.2054519653320312,0.0435950672446101,False,True,True,0.5462945598307887
validation,775511,2026-06-10T23:55:00-07:00,775511_1781160900_H30,FULL_QSDC,764311,764297,0.5459747314453125,0.511199951171875,6.973453521728516,0.0347747802734375,0.005381215684862409,False,False,True,0.5479821785859752
validation,775511,2026-06-23T23:30:00-07:00,775511_1782282600_H30,FULL_QSDC,764311,764311,0.0853652954101562,0.0853652954101562,0.9347610473632812,0.0,0.0,True,True,True,0.67062918695056
validation,775511,2026-06-23T23:35:00-07:00,775511_1782282900_H30,FULL_QSDC,764311,764311,0.1087493896484375,0.1087493896484375,2.2272491455078125,0.0,0.0,True,True,True,0.772502702864651
validation,775511,2026-06-23T23:40:00-07:00,775511_1782283200_H30,FULL_QSDC,764311,764311,0.337371826171875,0.337371826171875,1.4198379516601562,0.0,0.0,True,True,True,0.7907973930657138
validation,775511,2026-06-23T23:45:00-07:00,775511_1782283500_H30,FULL_QSDC,764311,764297,1.8790130615234373,0.646728515625,1.8790130615234373,1.2322845458984373,1.0,False,True,False,0.7808588733351199
validation,775511,2026-06-23T23:50:00-07:00,775511_1782283800_H30,FULL_QSDC,764311,764297,1.7884902954101562,0.0592880249023437,1.7884902954101562,1.7292022705078125,1.0,False,False,False,0.7740737293494455
validation,775511,2026-06-23T23:55:00-07:00,775511_1782284100_H30,FULL_QSDC,764311,764297,1.515716552734375,0.18756103515625,1.515716552734375,1.328155517578125,1.0,False,True,False,0.795723051099699
validation,775511,2026-06-26T23:30:00-07:00,775511_1782541800_H30,FULL_QSDC,764311,764297,0.5294189453125,0.2876434326171875,1.5057449340820312,0.2417755126953125,0.19848552226933652,False,True,True,0.7722194212369846
validation,775511,2026-06-26T23:35:00-07:00,775511_1782542100_H30,FULL_QSDC,764311,764322,0.7726287841796875,0.3212966918945312,1.7471466064453125,0.4513320922851563,0.3165354836293201,False,False,True,0.8441982616109226
validation,775511,2026-06-26T23:40:00-07:00,775511_1782542400_H30,FULL_QSDC,764311,764297,1.171539306640625,1.08441162109375,3.4495849609375,0.087127685546875,0.036837759025573534,False,False,True,0.7360576816541938
validation,775511,2026-06-26T23:45:00-07:00,775511_1782542700_H30,FULL_QSDC,764311,764311,0.323822021484375,0.323822021484375,2.6478347778320312,0.0,0.0,True,True,True,0.7895839442623545
validation,775511,2026-06-26T23:50:00-07:00,775511_1782543000_H30,FULL_QSDC,764311,764311,1.03961181640625,1.03961181640625,4.322174072265625,0.0,0.0,True,True,True,0.7426276103206962
validation,775511,2026-06-26T23:55:00-07:00,775511_1782543300_H30,FULL_QSDC,764311,764311,0.1421127319335937,0.1421127319335937,2.880165100097656,0.0,0.0,True,True,True,0.762380476323513
validation,775536,2026-06-02T23:30:00-07:00,775536_1780468200_H30,FULL_QSDC,768701,759870,3.9019775390625,3.895332336425781,4.189048767089844,0.006645202636719194,0.02262455192477679,False,False,True,0.5306342087365752
validation,775536,2026-06-02T23:35:00-07:00,775536_1780468500_H30,FULL_QSDC,768701,759870,0.6510734558105469,0.1459884643554687,0.6510734558105469,0.5050849914550781,1.0,False,False,False,0.5389860012183318
validation,775536,2026-06-02T23:40:00-07:00,775536_1780468800_H30,FULL_QSDC,774344,759870,2.0790557861328125,1.9369964599609373,2.672309875488281,0.14205932617187522,0.19319561315224307,False,False,True,0.5376369112296389
validation,775536,2026-06-02T23:45:00-07:00,775536_1780469100_H30,FULL_QSDC,768701,774344,6.077846527099609,5.827373504638672,6.2437744140625,0.2504730224609375,0.6015189131251317,False,False,True,0.5369818044052671
validation,775536,2026-06-02T23:50:00-07:00,775536_1780469400_H30,FULL_QSDC,774344,774344,6.346874237060547,6.346874237060547,6.961330413818359,0.0,0.0,True,True,True,0.5265580080494138
validation,775536,2026-06-02T23:55:00-07:00,775536_1780469700_H30,FULL_QSDC,768701,774344,9.489643096923828,9.152359008789062,10.14324188232422,0.3372840881347656,0.340387443504238,False,True,True,0.5221951538334012
validation,775536,2026-06-03T19:05:00-07:00,775536_1780538700_H30,FULL_QSDC,768701,718405,11.834251403808594,4.34954833984375,11.834251403808594,7.484703063964844,1.0,False,False,False,0.4188171452880254
validation,775536,2026-06-03T19:10:00-07:00,775536_1780539000_H30,FULL_QSDC,768701,718405,6.151691436767578,0.4546356201171875,8.917720794677734,5.697055816650391,0.6731653645381414,False,False,False,0.4203959802234191
validation,775536,2026-06-03T19:15:00-07:00,775536_1780539300_H30,FULL_QSDC,768701,774344,3.51712417602539,0.8779869079589844,6.482833862304688,2.639137268066406,0.47086696381961995,False,False,False,0.4314049061349794
validation,775536,2026-06-03T19:20:00-07:00,775536_1780539600_H30,FULL_QSDC,768701,759870,1.3369140625,0.9929847717285156,8.695808410644531,0.3439292907714844,0.04464976830494902,False,True,True,0.4408310022068448
validation,775536,2026-06-03T19:25:00-07:00,775536_1780539900_H30,FULL_QSDC,768701,759870,5.2169952392578125,2.236003875732422,8.882808685302734,2.9809913635253906,0.4484848658761952,False,True,False,0.4427845326127491
validation,775536,2026-06-03T19:30:00-07:00,775536_1780540200_H30,FULL_QSDC,768701,759870,0.9216270446777344,0.7783393859863281,7.191120147705078,0.14328765869140625,0.02234407568503907,False,True,True,0.4500228566261699
validation,775536,2026-06-06T23:30:00-07:00,775536_1780813800_H30,FULL_QSDC,768701,718405,5.819057464599609,2.637031555175781,5.819057464599609,3.1820259094238286,1.0,False,False,False,0.5519786653653961
validation,775536,2026-06-06T23:35:00-07:00,775536_1780814100_H30,FULL_QSDC,768701,718405,4.196083068847656,0.698974609375,4.196083068847656,3.4971084594726562,1.0,False,False,False,0.5295477343836474
validation,775536,2026-06-06T23:40:00-07:00,775536_1780814400_H30,FULL_QSDC,768701,774344,1.6116981506347656,1.2070159912109375,1.8224639892578125,0.4046821594238281,0.6575407844498438,False,False,True,0.5302711204044152
validation,775536,2026-06-06T23:45:00-07:00,775536_1780814700_H30,FULL_QSDC,768701,768701,0.8427352905273438,0.8427352905273438,4.23309326171875,0.0,0.0,True,True,True,0.5340331829376544
validation,775536,2026-06-06T23:50:00-07:00,775536_1780815000_H30,FULL_QSDC,768701,759870,6.553134918212891,6.500274658203125,11.467121124267578,0.052860260009765625,0.010642620095251335,False,True,True,0.5189522804762442
validation,775536,2026-06-06T23:55:00-07:00,775536_1780815300_H30,FULL_QSDC,768701,768701,7.522109985351562,7.522109985351562,11.958580017089844,0.0,0.0,True,True,True,0.5308647663901253
validation,775536,2026-06-10T23:30:00-07:00,775536_1781159400_H30,FULL_QSDC,768701,718405,4.279777526855469,3.2161865234375,4.926559448242188,1.0635910034179688,0.6218474275365548,False,False,False,0.5372249738006056
validation,775536,2026-06-10T23:35:00-07:00,775536_1781159700_H30,FULL_QSDC,768701,774344,0.3755874633789062,0.1846847534179687,0.4929237365722656,0.1909027099609375,0.619333440590077,False,False,True,0.5395919121605476
validation,775536,2026-06-10T23:40:00-07:00,775536_1781160000_H30,FULL_QSDC,768701,759870,3.574569702148437,2.662708282470703,3.574569702148437,0.9118614196777339,1.0,False,True,False,0.5326384489285304
validation,775536,2026-06-10T23:45:00-07:00,775536_1781160300_H30,FULL_QSDC,768701,768701,5.94207763671875,5.94207763671875,6.779857635498047,0.0,0.0,True,True,True,0.5225878657805326
validation,775536,2026-06-10T23:50:00-07:00,775536_1781160600_H30,FULL_QSDC,768701,759870,11.173011779785156,10.151618957519531,12.583229064941406,1.021392822265625,0.42004794236875465,False,False,False,0.5332931782387047
validation,775536,2026-06-10T23:55:00-07:00,775536_1781160900_H30,FULL_QSDC,768701,768701,13.340568542480469,13.340568542480469,15.339725494384766,0.0,0.0,True,True,True,0.5403536416501856
validation,775536,2026-06-17T11:15:00-07:00,775536_1781720100_H30,FULL_QSDC,718405,768701,9.093952178955078,2.58099365234375,9.093952178955078,6.512958526611328,1.0,False,False,False,0.5274955034941627
validation,775536,2026-06-18T23:30:00-07:00,775536_1781850600_H30,FULL_QSDC,768701,718405,7.840690612792969,5.707443237304688,7.840690612792969,2.1332473754882804,1.0,False,False,False,0.5339646094409897
validation,775536,2026-06-18T23:35:00-07:00,775536_1781850900_H30,FULL_QSDC,768701,718405,5.752731323242188,3.5247573852539062,5.752731323242188,2.227973937988282,1.0,False,False,False,0.5350433042685993
validation,775536,2026-06-18T23:40:00-07:00,775536_1781851200_H30,FULL_QSDC,768701,718405,5.35443115234375,3.705757141113281,5.35443115234375,1.6486740112304692,1.0,False,False,False,0.5356328644236683
validation,775536,2026-06-18T23:45:00-07:00,775536_1781851500_H30,FULL_QSDC,768701,759870,0.8995742797851562,0.84869384765625,1.0768814086914062,0.05088043212890625,0.2229763616302785,False,False,True,0.5399313916594195
validation,775536,2026-06-18T23:50:00-07:00,775536_1781851800_H30,FULL_QSDC,768701,718405,1.7720718383789062,1.6835861206054688,1.858203887939453,0.0884857177734375,0.5067394866193343,False,False,True,0.5427589919020664
validation,775536,2026-06-18T23:55:00-07:00,775536_1781852100_H30,FULL_QSDC,768701,774344,3.181812286376953,2.628082275390625,3.181812286376953,0.5537300109863281,1.0,False,False,False,0.5460617416235148
validation,775536,2026-06-22T23:30:00-07:00,775536_1782196200_H30,FULL_QSDC,768701,718405,5.619449615478516,4.532600402832031,8.882160186767578,1.0868492126464844,0.24987568090467466,False,False,False,0.5259408570260994
validation,775536,2026-06-22T23:35:00-07:00,775536_1782196500_H30,FULL_QSDC,768701,718405,9.953720092773438,7.443389892578125,12.346569061279297,2.5103302001953125,0.5119801079715157,False,False,False,0.5251799820986683
validation,775536,2026-06-22T23:40:00-07:00,775536_1782196800_H30,FULL_QSDC,768701,718405,9.478973388671877,7.09967041015625,11.747512817382812,2.3793029785156268,0.5119155879330669,False,False,False,0.5329919931360853
validation,775536,2026-06-22T23:45:00-07:00,775536_1782197100_H30,FULL_QSDC,768701,718405,9.175006866455078,7.487525939941406,11.862632751464844,1.6874809265136719,0.38570050954392154,False,False,False,0.5237027628231316
validation,775536,2026-06-22T23:50:00-07:00,775536_1782197400_H30,FULL_QSDC,768701,718405,7.416790008544922,4.67864990234375,8.536449432373047,2.738140106201172,0.7097673388384642,False,False,False,0.5496928083540794
validation,775536,2026-06-22T23:55:00-07:00,775536_1782197700_H30,FULL_QSDC,768701,718405,4.546878814697266,2.8359146118164062,6.718711853027344,1.7109642028808594,0.4406524720686308,False,False,False,0.5357375625593919
validation,775536,2026-06-26T23:30:00-07:00,775536_1782541800_H30,FULL_QSDC,768701,768701,6.690624237060547,6.690624237060547,7.755794525146484,0.0,0.0,True,True,True,0.5459243389032629
validation,775536,2026-06-26T23:35:00-07:00,775536_1782542100_H30,FULL_QSDC,768701,768701,5.341968536376953,5.341968536376953,6.639743804931641,0.0,0.0,True,True,True,0.5437084751467943
validation,775536,2026-06-26T23:40:00-07:00,775536_1782542400_H30,FULL_QSDC,774344,768701,7.237983703613281,6.455196380615234,7.586502075195312,0.7827873229980469,0.6919326285974412,False,True,False,0.5296704954710765
validation,775536,2026-06-26T23:45:00-07:00,775536_1782542700_H30,FULL_QSDC,768701,759870,3.1729965209960938,2.760845184326172,4.582660675048828,0.4121513366699219,0.2262311077980979,False,False,True,0.5279861532117794
validation,775536,2026-06-26T23:50:00-07:00,775536_1782543000_H30,FULL_QSDC,768701,759870,4.838722229003906,4.496604919433594,6.734905242919922,0.3421173095703125,0.15284691959363075,False,True,True,0.5502637813517811
validation,775536,2026-06-26T23:55:00-07:00,775536_1782543300_H30,FULL_QSDC,768701,759870,6.933292388916016,6.547634124755859,8.909114837646484,0.38565826416015625,0.1633120533464287,False,False,True,0.5196887683408747
validation,765501,2026-06-03T15:25:00-07:00,765501_1780525500_H30,MINUS_Q,773773,773773,9.265514373779297,9.265514373779297,14.717269897460938,0.0,0.0,True,True,True,0.7907253286361762
validation,765501,2026-06-03T15:30:00-07:00,765501_1780525800_H30,MINUS_Q,773773,763616,10.149818420410156,7.766017913818359,12.859901428222656,2.383800506591797,0.46797310928900776,False,False,False,0.9261681189364206
validation,765501,2026-06-03T15:35:00-07:00,765501_1780526100_H30,MINUS_Q,773773,763616,11.66946792602539,2.32741928100586,14.131969451904297,9.342048645019531,0.7913938701408826,False,False,False,0.6133405213206478
validation,765501,2026-06-03T15:40:00-07:00,765501_1780526400_H30,MINUS_Q,773773,763616,11.764209747314451,5.4029083251953125,16.140243530273438,6.361301422119139,0.5924469433636215,False,False,False,0.5777104408331077
validation,765501,2026-06-03T15:45:00-07:00,765501_1780526700_H30,MINUS_Q,773773,763616,12.993793487548828,5.657157897949219,16.346275329589844,7.336635589599609,0.6863649535632,False,False,False,0.5477303093319096
validation,765501,2026-06-03T15:50:00-07:00,765501_1780527000_H30,MINUS_Q,773773,763616,13.161766052246094,8.121150970458984,18.257583618164062,5.040615081787109,0.49727702604804674,False,False,False,0.5315029176142007
validation,765501,2026-06-06T07:20:00-07:00,765501_1780755600_H30,MINUS_Q,763616,763616,0.408782958984375,0.408782958984375,4.986431121826172,0.0,0.0,True,True,True,0.6850972174830703
validation,765501,2026-06-06T07:25:00-07:00,765501_1780755900_H30,MINUS_Q,763616,717951,1.88330078125,1.1006240844726562,5.812053680419922,0.7826766967773438,0.16612297410760335,False,False,False,0.673983999638529
validation,765501,2026-06-06T07:30:00-07:00,765501_1780756200_H30,MINUS_Q,763616,763616,0.959503173828125,0.959503173828125,5.2108001708984375,0.0,0.0,True,True,True,0.6815264728918913
validation,765501,2026-06-06T07:35:00-07:00,765501_1780756500_H30,MINUS_Q,773784,776019,5.2697296142578125,0.2828750610351562,5.2697296142578125,4.986854553222656,1.0,False,False,False,0.7438461165570665
validation,765501,2026-06-06T07:40:00-07:00,765501_1780756800_H30,MINUS_Q,763616,717951,1.40594482421875,0.369842529296875,3.689170837402344,1.036102294921875,0.3121421561078536,False,False,False,0.792975476925445
validation,765501,2026-06-06T07:45:00-07:00,765501_1780757100_H30,MINUS_Q,773784,776019,2.644794464111328,0.2406005859375,4.611083984375,2.404193878173828,0.5500979317375639,False,False,False,0.8021291681672691
validation,765501,2026-06-11T23:30:00-07:00,765501_1781245800_H30,MINUS_Q,773773,763616,5.636760711669922,1.5694046020507812,7.730613708496094,4.067356109619141,0.6601555050881542,False,False,False,0.6490273633642909
validation,765501,2026-06-11T23:35:00-07:00,765501_1781246100_H30,MINUS_Q,776019,763616,6.0147247314453125,1.4680938720703125,6.0147247314453125,4.546630859375,1.0,False,False,False,0.7326563062755597
validation,765501,2026-06-11T23:40:00-07:00,765501_1781246400_H30,MINUS_Q,773773,773784,3.549842834472656,1.1476974487304688,5.465484619140625,2.402145385742187,0.5563371446846932,False,False,False,0.7717431924584135
validation,765501,2026-06-11T23:45:00-07:00,765501_1781246700_H30,MINUS_Q,773773,763616,6.084281921386719,0.6777496337890625,6.084281921386719,5.406532287597656,1.0,False,True,False,0.7077896283438468
validation,765501,2026-06-11T23:50:00-07:00,765501_1781247000_H30,MINUS_Q,773773,763616,4.902793884277344,0.0621871948242187,5.580940246582031,4.840606689453125,0.8771196398996896,False,False,False,0.7294316038353029
validation,765501,2026-06-11T23:55:00-07:00,765501_1781247300_H30,MINUS_Q,773773,763616,3.7016334533691406,0.901702880859375,4.375164031982422,2.7999305725097656,0.8060923818320197,False,False,False,0.6311293952701081
validation,765501,2026-06-15T23:30:00-07:00,765501_1781591400_H30,MINUS_Q,763616,773784,3.4067459106445312,3.362983703613281,12.888511657714844,0.043762207031250444,0.004594202782472234,False,True,True,0.7242038204194854
validation,765501,2026-06-15T23:35:00-07:00,765501_1781591700_H30,MINUS_Q,776019,763616,1.0069923400878906,0.6665878295898438,9.146846771240234,0.3404045104980469,0.04014081560955247,False,False,True,0.6680174540619535
validation,765501,2026-06-15T23:40:00-07:00,765501_1781592000_H30,MINUS_Q,776019,776019,0.8366851806640625,0.8366851806640625,6.101020812988281,0.0,0.0,True,True,True,0.7941308523773537
validation,765501,2026-06-15T23:45:00-07:00,765501_1781592300_H30,MINUS_Q,763616,776019,2.677207946777344,0.5329322814941406,5.518070220947266,2.1442756652832036,0.43013366757880184,False,True,False,0.7749376471444607
validation,765501,2026-06-15T23:50:00-07:00,765501_1781592600_H30,MINUS_Q,773773,776019,5.804420471191406,0.4062042236328125,5.804420471191406,5.398216247558594,1.0,False,False,False,0.6390317772509602
validation,765501,2026-06-15T23:55:00-07:00,765501_1781592900_H30,MINUS_Q,773773,763616,10.49136734008789,1.7599945068359375,10.49136734008789,8.731372833251953,1.0,False,False,False,0.6133480909914245
validation,765501,2026-06-17T22:00:00-07:00,765501_1781758800_H30,MINUS_Q,773773,763616,3.4603805541992188,3.382080078125,6.303215026855469,0.07830047607421875,0.02680481300880957,False,False,True,0.7865018589116759
validation,765501,2026-06-17T22:05:00-07:00,765501_1781759100_H30,MINUS_Q,773773,763616,2.794746398925781,1.907066345214844,4.920204162597656,0.8876800537109368,0.2946032035408087,False,False,False,0.9345657464041237
validation,765501,2026-06-17T22:10:00-07:00,765501_1781759400_H30,MINUS_Q,773773,763616,6.618644714355469,3.1412353515625,8.216136932373047,3.4774093627929688,0.6852171037054019,False,False,False,0.8728395140929205
validation,765501,2026-06-17T22:15:00-07:00,765501_1781759700_H30,MINUS_Q,773773,763616,7.6356201171875,3.6384353637695312,8.491710662841797,3.9971847534179688,0.8236056079864367,False,False,False,0.9405345930237337
validation,765501,2026-06-17T22:20:00-07:00,765501_1781760000_H30,MINUS_Q,773773,763616,4.467941284179688,0.5210494995117188,5.544830322265625,3.9468917846679696,0.785641715655976,False,False,False,0.8118974880425942
validation,765501,2026-06-17T22:25:00-07:00,765501_1781760300_H30,MINUS_Q,773773,773784,1.7604904174804688,0.4557647705078125,3.335399627685547,1.3047256469726562,0.4530871835088802,False,False,False,0.8530257838092348
validation,765501,2026-06-18T23:30:00-07:00,765501_1781850600_H30,MINUS_Q,773773,763616,5.236759185791016,1.1622085571289062,7.3306121826171875,4.074550628662109,0.6605518827960247,False,False,False,0.6490273633642909
validation,765501,2026-06-18T23:35:00-07:00,765501_1781850900_H30,MINUS_Q,776019,763616,7.314727783203125,0.096710205078125,7.314727783203125,7.218017578125,1.0,False,False,False,0.7326563062755597
validation,765501,2026-06-18T23:40:00-07:00,765501_1781851200_H30,MINUS_Q,773773,763616,4.049842834472656,1.34796142578125,5.965484619140625,2.7018814086914062,0.5851365105381774,False,False,False,0.7717431924584135
validation,765501,2026-06-18T23:45:00-07:00,765501_1781851500_H30,MINUS_Q,773773,773784,3.684280395507813,0.803955078125,3.684280395507813,2.880325317382813,1.0,False,False,False,0.7077896283438468
validation,765501,2026-06-18T23:50:00-07:00,765501_1781851800_H30,MINUS_Q,773773,773784,1.902793884277344,1.0506591796875,3.5582427978515625,0.852134704589844,0.3398230465446005,False,False,False,0.7294316038353029
validation,765501,2026-06-18T23:55:00-07:00,765501_1781852100_H30,MINUS_Q,773784,773784,0.2287368774414062,0.2287368774414062,3.3749313354492188,0.0,0.0,True,True,True,0.6872951998841565
validation,765501,2026-06-24T23:30:00-07:00,765501_1782369000_H30,MINUS_Q,776019,763616,6.1489105224609375,0.7396621704101562,6.1489105224609375,5.409248352050781,1.0,False,False,False,0.806463955437992
validation,765501,2026-06-24T23:35:00-07:00,765501_1782369300_H30,MINUS_Q,776019,763616,7.193305969238281,2.143867492675781,7.193305969238281,5.0494384765625,1.0,False,False,False,0.736758402335528
validation,765501,2026-06-24T23:40:00-07:00,765501_1782369600_H30,MINUS_Q,776019,763616,6.137977600097656,1.307281494140625,6.137977600097656,4.830696105957031,1.0,False,False,False,0.7375561584345389
validation,765501,2026-06-24T23:45:00-07:00,765501_1782369900_H30,MINUS_Q,776019,763616,5.977573394775391,1.3118133544921875,5.977573394775391,4.665760040283203,1.0,False,False,False,0.843657679032279
validation,765501,2026-06-24T23:50:00-07:00,765501_1782370200_H30,MINUS_Q,776019,763616,6.286907196044922,1.9117431640625,6.286907196044922,4.375164031982422,1.0,False,False,False,0.8186094420546415
validation,765501,2026-06-24T23:55:00-07:00,765501_1782370500_H30,MINUS_Q,773773,763616,4.241691589355469,0.84039306640625,4.241691589355469,3.4012985229492188,1.0,False,False,False,0.6062928939217391
validation,765501,2026-06-27T23:30:00-07:00,765501_1782628200_H30,MINUS_Q,776019,763616,6.039581298828125,1.0807342529296875,6.393463134765625,4.9588470458984375,0.9333898183384792,False,False,False,0.8757126939703227
validation,765501,2026-06-27T23:35:00-07:00,765501_1782628500_H30,MINUS_Q,773773,763616,5.686374664306641,1.0346527099609375,6.511741638183594,4.651721954345703,0.849305537176153,False,True,False,0.6632110389810542
validation,765501,2026-06-27T23:40:00-07:00,765501_1782628800_H30,MINUS_Q,773784,763616,5.367912292480469,1.3554763793945312,6.3412933349609375,4.0124359130859375,0.8047700003519505,False,False,False,0.7496113446456913
validation,765501,2026-06-27T23:45:00-07:00,765501_1782629100_H30,MINUS_Q,773784,763616,3.827461242675781,0.2803421020507812,5.221237182617188,3.5471191406249996,0.7179102334264443,False,True,False,0.7332067768486761
validation,765501,2026-06-27T23:50:00-07:00,765501_1782629400_H30,MINUS_Q,773784,763616,2.7491912841796875,0.1573638916015625,2.7491912841796875,2.591827392578125,1.0,False,False,False,0.6020058682286142
validation,765501,2026-06-27T23:55:00-07:00,765501_1782629700_H30,MINUS_Q,763616,763616,0.0630035400390625,0.0630035400390625,4.773464202880859,0.0,0.0,True,True,True,0.7968607121688451
validation,769895,2026-06-03T17:30:00-07:00,769895_1780533000_H30,MINUS_Q,769880,769847,3.3738784790039062,1.6959075927734375,8.441547393798828,1.6779708862304688,0.24874896017652823,False,True,False,0.8310819582977028
validation,769895,2026-06-03T17:35:00-07:00,769895_1780533300_H30,MINUS_Q,769866,769880,1.9143524169921875,0.6902694702148438,5.220458984375,1.2240829467773438,0.27020568189281907,False,False,False,0.5931756417529654
validation,769895,2026-06-03T17:40:00-07:00,769895_1780533600_H30,MINUS_Q,769880,769880,0.4317245483398437,0.4317245483398437,4.966014862060547,0.0,0.0,True,True,True,0.6942122353330885
validation,769895,2026-06-03T17:45:00-07:00,769895_1780533900_H30,MINUS_Q,769847,769866,2.1755294799804688,1.0536956787109375,4.967674255371094,1.1218338012695312,0.28662236629481125,False,False,False,0.7556765693289544
validation,769895,2026-06-03T17:50:00-07:00,769895_1780534200_H30,MINUS_Q,769866,769866,0.19903564453125,0.19903564453125,4.173469543457031,0.0,0.0,True,True,True,0.7607679783717625
validation,769895,2026-06-03T17:55:00-07:00,769895_1780534500_H30,MINUS_Q,770385,769866,0.8449935913085938,0.6420745849609375,3.623291015625,0.20291900634765625,0.06806584193635894,False,False,True,0.7481337564600454
validation,769895,2026-06-04T23:30:00-07:00,769895_1780641000_H30,MINUS_Q,769880,769880,0.5397567749023438,0.5397567749023438,2.622886657714844,0.0,0.0,True,True,True,0.6166942759892764
validation,769895,2026-06-04T23:35:00-07:00,769895_1780641300_H30,MINUS_Q,770116,770385,1.2913742065429688,0.391693115234375,1.2913742065429688,0.8996810913085938,1.0,False,False,False,0.718465285698674
validation,769895,2026-06-04T23:40:00-07:00,769895_1780641600_H30,MINUS_Q,770116,769866,2.4319381713867188,2.3920211791992188,4.324180603027344,0.0399169921875,0.020659264290114193,False,False,True,0.7217068147959279
validation,769895,2026-06-04T23:45:00-07:00,769895_1780641900_H30,MINUS_Q,770116,769866,4.2652130126953125,4.1884307861328125,6.109367370605469,0.0767822265625,0.039971244851676656,False,True,True,0.7203589551749464
validation,769895,2026-06-04T23:50:00-07:00,769895_1780642200_H30,MINUS_Q,769880,769866,8.194202423095703,5.606586456298828,8.194202423095703,2.587615966796875,1.0,False,False,False,0.7078941358261988
validation,769895,2026-06-04T23:55:00-07:00,769895_1780642500_H30,MINUS_Q,770116,770385,0.7532196044921875,0.1097946166992187,1.3567352294921875,0.6434249877929688,0.5160029124015688,False,True,False,0.7065660426737552
validation,769895,2026-06-06T07:20:00-07:00,769895_1780755600_H30,MINUS_Q,769866,769847,6.761268615722656,3.0790557861328125,7.3369598388671875,3.6822128295898438,0.8647946933480501,False,False,False,0.7257763818130631
validation,769895,2026-06-06T07:25:00-07:00,769895_1780755900_H30,MINUS_Q,770385,769847,5.1826019287109375,3.4980926513671875,9.222999572753906,1.68450927734375,0.29424221222721975,False,False,False,0.6503797859678258
validation,769895,2026-06-06T07:30:00-07:00,769895_1780756200_H30,MINUS_Q,770385,769847,2.06134033203125,0.4498672485351562,6.263149261474609,1.6114730834960938,0.2772053858576287,False,False,False,0.666973027908675
validation,769895,2026-06-06T07:35:00-07:00,769895_1780756500_H30,MINUS_Q,770385,770116,0.6853256225585938,0.3459930419921875,2.8180694580078125,0.33933258056640625,0.13726621813468304,False,False,True,0.7430808811531402
validation,769895,2026-06-06T07:40:00-07:00,769895_1780756800_H30,MINUS_Q,770385,769880,2.2157859802246094,0.6638717651367188,4.263088226318359,1.5519142150878906,0.43118112839992667,False,True,False,0.7609994001240152
validation,769895,2026-06-06T07:45:00-07:00,769895_1780757100_H30,MINUS_Q,769880,769880,0.1684761047363281,0.1684761047363281,5.276458740234375,0.0,0.0,True,True,True,0.7233984743357318
validation,769895,2026-06-12T23:30:00-07:00,769895_1781332200_H30,MINUS_Q,770116,770385,2.6973114013671875,0.51239013671875,2.6973114013671875,2.1849212646484375,1.0,False,False,False,0.6410502053243562
validation,769895,2026-06-12T23:35:00-07:00,769895_1781332500_H30,MINUS_Q,770116,769847,2.4090347290039062,0.3840408325195312,2.4090347290039062,2.024993896484375,1.0,False,True,False,0.8924324388235871
validation,769895,2026-06-12T23:40:00-07:00,769895_1781332800_H30,MINUS_Q,770116,769847,4.269447326660156,2.233505249023437,4.269447326660156,2.035942077636719,1.0,False,False,False,0.8598026065092006
validation,769895,2026-06-12T23:45:00-07:00,769895_1781333100_H30,MINUS_Q,770385,769847,1.339874267578125,0.5497207641601562,3.314537048339844,0.7901535034179688,0.28578879108143157,False,False,False,0.6555041439057776
validation,769895,2026-06-12T23:50:00-07:00,769895_1781333400_H30,MINUS_Q,770116,769866,1.2395401000976562,0.5410308837890625,1.8331985473632808,0.6985092163085938,0.5405716579971307,False,False,False,0.7049562511039131
validation,769895,2026-06-12T23:55:00-07:00,769895_1781333700_H30,MINUS_Q,769847,769880,0.5751190185546875,0.2470016479492187,3.473106384277344,0.3281173706054688,0.1017069802200297,False,False,True,0.6954035629696456
validation,769895,2026-06-17T11:15:00-07:00,769895_1781720100_H30,MINUS_Q,769880,769880,1.4925460815429688,1.4925460815429688,4.967475891113281,0.0,0.0,True,True,True,0.8284606258383924
validation,769965,2026-06-03T17:30:00-07:00,769965_1780533000_H30,MINUS_Q,769926,769911,13.641397476196287,2.1030349731445312,17.069358825683594,11.538362503051756,0.7709550198657671,False,False,False,0.6963624934926647
validation,769965,2026-06-03T17:35:00-07:00,769965_1780533300_H30,MINUS_Q,769911,769867,7.402618408203125,6.391258239746094,14.71120262145996,1.0113601684570312,0.1215585251603204,False,False,False,0.7413917704730122
validation,769965,2026-06-03T17:40:00-07:00,769965_1780533600_H30,MINUS_Q,770129,769911,11.2421875,5.899688720703125,14.459896087646484,5.342498779296875,0.6241085700713055,False,False,False,0.6354897080752641
validation,769965,2026-06-03T17:45:00-07:00,769965_1780533900_H30,MINUS_Q,769926,769911,15.008655548095703,2.885944366455078,15.008655548095703,12.122711181640625,1.0,False,False,False,0.7096809027374911
validation,769965,2026-06-03T17:50:00-07:00,769965_1780534200_H30,MINUS_Q,770141,769926,10.409381866455078,6.421836853027344,10.409381866455078,3.9875450134277344,1.0,False,False,False,0.7926567863402034
validation,769965,2026-06-03T17:55:00-07:00,769965_1780534500_H30,MINUS_Q,769911,769911,4.758838653564453,4.758838653564453,11.469837188720703,0.0,0.0,True,True,True,0.6268594335367463
validation,769965,2026-06-04T23:30:00-07:00,769965_1780641000_H30,MINUS_Q,770129,769926,0.4351425170898437,0.2534942626953125,1.9320755004882808,0.1816482543945312,0.10821534895348044,False,False,True,0.5989022972193156
validation,769965,2026-06-04T23:35:00-07:00,769965_1780641300_H30,MINUS_Q,770141,769926,2.8302459716796875,1.320037841796875,2.8302459716796875,1.5102081298828125,1.0,False,False,False,0.7945531629767206
validation,769965,2026-06-04T23:40:00-07:00,769965_1780641600_H30,MINUS_Q,770141,769926,5.058509826660156,3.3481369018554688,5.058509826660156,1.7103729248046875,1.0,False,False,False,0.7163403757037541
validation,769965,2026-06-04T23:45:00-07:00,769965_1780641900_H30,MINUS_Q,770141,769926,5.470161437988281,3.30047607421875,5.470161437988281,2.1696853637695312,1.0,False,False,False,0.7192709864924651
validation,769965,2026-06-04T23:50:00-07:00,769965_1780642200_H30,MINUS_Q,769867,769926,3.5683364868164062,2.063026428222656,6.383457183837891,1.5053100585937504,0.3484166611482684,False,False,False,0.6694814774754317
validation,769965,2026-06-04T23:55:00-07:00,769965_1780642500_H30,MINUS_Q,770141,770141,0.8677291870117188,0.8677291870117188,3.0869674682617188,0.0,0.0,True,True,True,0.8094818647085684
validation,769965,2026-06-06T07:20:00-07:00,769965_1780755600_H30,MINUS_Q,770129,769926,0.6742095947265625,0.04083251953125,14.251022338867188,0.6333770751953125,0.04457203480374839,False,False,False,0.7738516122294665
validation,769965,2026-06-06T07:25:00-07:00,769965_1780755900_H30,MINUS_Q,770129,769867,2.2454376220703125,1.7569351196289062,20.089679718017575,0.48850250244140625,0.026646446734677278,False,True,True,0.7009354555672087
validation,769965,2026-06-06T07:30:00-07:00,769965_1780756200_H30,MINUS_Q,770129,770129,3.1787261962890625,3.1787261962890625,24.94419860839844,0.0,0.0,True,True,True,0.6762349853282017
validation,769965,2026-06-06T07:35:00-07:00,769965_1780756500_H30,MINUS_Q,769926,770129,1.43182373046875,0.8619461059570312,14.56399154663086,0.5698776245117188,0.04159069731443642,False,False,False,0.6716995699599947
validation,769965,2026-06-06T07:40:00-07:00,769965_1780756800_H30,MINUS_Q,769926,769867,0.9959793090820312,0.5607376098632812,10.92458724975586,0.43524169921875,0.04199614181427484,False,False,True,0.7270403714773326
validation,769965,2026-06-06T07:45:00-07:00,769965_1780757100_H30,MINUS_Q,770129,769867,3.731719970703125,3.4769821166992188,10.22153091430664,0.25473785400390625,0.03776944339023429,False,True,True,0.7929165595289089
validation,769965,2026-06-12T23:30:00-07:00,769965_1781332200_H30,MINUS_Q,770141,769867,0.6459808349609375,0.0236358642578125,1.108184814453125,0.622344970703125,0.5738283833026154,False,False,False,0.6454214035790045
validation,769965,2026-06-12T23:35:00-07:00,769965_1781332500_H30,MINUS_Q,770141,769867,1.7213592529296875,0.67138671875,2.008941650390625,1.0499725341796875,0.7849939537748979,False,False,False,0.5798565996405506
validation,769965,2026-06-12T23:40:00-07:00,769965_1781332800_H30,MINUS_Q,769911,769867,1.3978424072265625,0.051177978515625,1.3978424072265625,1.3466644287109375,1.0,False,False,False,0.658309265423529
validation,769965,2026-06-12T23:45:00-07:00,769965_1781333100_H30,MINUS_Q,770129,769911,0.5866546630859375,0.1507339477539062,1.7287750244140625,0.4359207153320313,0.2762416782297172,False,False,True,0.7233495823398133
validation,769965,2026-06-12T23:50:00-07:00,769965_1781333400_H30,MINUS_Q,770141,769926,4.59649658203125,2.9699859619140625,4.59649658203125,1.6265106201171875,1.0,False,False,False,0.791230019212463
validation,769965,2026-06-12T23:55:00-07:00,769965_1781333700_H30,MINUS_Q,769911,769926,1.8897018432617188,0.4486770629882812,1.8897018432617188,1.4410247802734375,1.0,False,False,False,0.6289624124919223
validation,769965,2026-06-17T11:15:00-07:00,769965_1781720100_H30,MINUS_Q,770141,769867,4.16497802734375,2.5934715270996094,4.743236541748047,1.5715065002441406,0.7310131523845351,False,False,False,0.7663489945355528
validation,775511,2026-06-06T23:30:00-07:00,775511_1780813800_H30,MINUS_Q,764283,764283,0.1591796875,0.1591796875,2.7627029418945312,0.0,0.0,True,True,True,0.7146315112060282
validation,775511,2026-06-06T23:35:00-07:00,775511_1780814100_H30,MINUS_Q,764283,764283,0.2073211669921875,0.2073211669921875,3.375885009765625,0.0,0.0,True,True,True,0.5843872902830711
validation,775511,2026-06-06T23:40:00-07:00,775511_1780814400_H30,MINUS_Q,764297,764283,2.9507827758789062,0.0472946166992187,3.904571533203125,2.9034881591796875,0.7527300274337841,False,True,False,0.6699410984806446
validation,775511,2026-06-06T23:45:00-07:00,775511_1780814700_H30,MINUS_Q,764283,764283,0.042236328125,0.042236328125,4.398727416992188,0.0,0.0,True,True,True,0.5880432912205328
validation,775511,2026-06-06T23:50:00-07:00,775511_1780815000_H30,MINUS_Q,764283,764283,0.7138442993164062,0.7138442993164062,5.1397552490234375,0.0,0.0,True,True,True,0.5513006190820321
validation,775511,2026-06-06T23:55:00-07:00,775511_1780815300_H30,MINUS_Q,764311,764283,5.938991546630859,1.6687049865722656,5.938991546630859,4.270286560058594,1.0,False,True,False,0.60004656981797
validation,775511,2026-06-08T23:30:00-07:00,775511_1780986600_H30,MINUS_Q,764283,764311,2.9523162841796875,1.971405029296875,8.241268157958984,0.9809112548828125,0.15644859142118522,False,False,False,0.5047173951425133
validation,775511,2026-06-08T23:35:00-07:00,775511_1780986900_H30,MINUS_Q,764297,764311,2.874458312988281,0.534027099609375,7.944782257080078,2.340431213378906,0.3158154821805902,False,False,False,0.6556786373637452
validation,775511,2026-06-08T23:40:00-07:00,775511_1780987200_H30,MINUS_Q,764283,764311,1.1890487670898438,0.3541488647460937,7.579780578613281,0.83489990234375,0.11554697712332036,False,False,False,0.5263650922469291
validation,775511,2026-06-08T23:45:00-07:00,775511_1780987500_H30,MINUS_Q,764283,764311,0.9794998168945312,0.7415542602539062,7.430770874023437,0.237945556640625,0.03557151313515875,False,False,True,0.5527518951255701
validation,775511,2026-06-08T23:50:00-07:00,775511_1780987800_H30,MINUS_Q,764283,764311,1.5871047973632812,0.1132736206054687,5.4522857666015625,1.4738311767578125,0.2760494144713809,False,False,False,0.5744436001453892
validation,775511,2026-06-08T23:55:00-07:00,775511_1780988100_H30,MINUS_Q,764311,764283,1.110687255859375,0.3416671752929687,4.462131500244141,0.7690200805664062,0.1866343256291921,False,True,False,0.5412896083065315
validation,775511,2026-06-10T23:30:00-07:00,775511_1781159400_H30,MINUS_Q,764283,764322,1.1581649780273438,0.0645523071289062,1.1581649780273438,1.0936126708984375,1.0,False,False,False,0.5358372103020309
validation,775511,2026-06-10T23:35:00-07:00,775511_1781159700_H30,MINUS_Q,764297,764311,1.2697677612304688,1.0601654052734375,4.080123901367188,0.20960235595703125,0.06940570747185673,False,False,True,0.639913053181784
validation,775511,2026-06-10T23:40:00-07:00,775511_1781160000_H30,MINUS_Q,764283,764297,1.176055908203125,0.2941131591796875,4.184654235839844,0.8819427490234375,0.22668896990043946,False,False,False,0.5600404322358203
validation,775511,2026-06-10T23:45:00-07:00,775511_1781160300_H30,MINUS_Q,764283,764297,1.63555908203125,0.5332565307617188,3.6620101928710938,1.1023025512695312,0.3523136271860948,False,False,False,0.5847621201381918
validation,775511,2026-06-10T23:50:00-07:00,775511_1781160600_H30,MINUS_Q,764322,764297,4.832210540771484,0.119476318359375,4.832210540771484,4.712734222412109,1.0,False,True,False,0.5137459408094823
validation,775511,2026-06-10T23:55:00-07:00,775511_1781160900_H30,MINUS_Q,764283,764297,1.7499847412109375,0.511199951171875,6.973453521728516,1.2387847900390625,0.19169547844473658,False,False,False,0.5973274499456148
validation,775511,2026-06-23T23:30:00-07:00,775511_1782282600_H30,MINUS_Q,764283,764311,0.9347610473632812,0.0853652954101562,0.9347610473632812,0.849395751953125,1.0,False,False,False,0.6449372305050647
validation,775511,2026-06-23T23:35:00-07:00,775511_1782282900_H30,MINUS_Q,764283,764311,1.1739578247070312,0.1087493896484375,2.2272491455078125,1.0652084350585938,0.5028126305478328,False,False,False,0.6761948002539733
validation,775511,2026-06-23T23:40:00-07:00,775511_1782283200_H30,MINUS_Q,764283,764311,0.72564697265625,0.337371826171875,1.4198379516601562,0.388275146484375,0.3586949626799924,False,False,True,0.7079950531133525
validation,775511,2026-06-23T23:45:00-07:00,775511_1782283500_H30,MINUS_Q,764283,764297,1.1736526489257812,0.646728515625,1.8790130615234373,0.5269241333007812,0.4275994006859917,False,False,False,0.7080065299417789
validation,775511,2026-06-23T23:50:00-07:00,775511_1782283800_H30,MINUS_Q,764283,764297,0.7187423706054688,0.0592880249023437,1.7884902954101562,0.659454345703125,0.3813633355393779,False,False,False,0.7513349819727317
validation,775511,2026-06-23T23:55:00-07:00,775511_1782284100_H30,MINUS_Q,764283,764297,0.35614013671875,0.18756103515625,1.515716552734375,0.1685791015625,0.12692723053238666,False,False,True,0.7499686054270294
validation,775511,2026-06-26T23:30:00-07:00,775511_1782541800_H30,MINUS_Q,764283,764297,1.5057449340820312,0.2876434326171875,1.5057449340820312,1.2181015014648438,1.0,False,False,False,0.5177301188743537
validation,775511,2026-06-26T23:35:00-07:00,775511_1782542100_H30,MINUS_Q,764311,764322,0.7726287841796875,0.3212966918945312,1.7471466064453125,0.4513320922851563,0.3165354836293201,False,False,True,0.6342650395038236
validation,775511,2026-06-26T23:40:00-07:00,775511_1782542400_H30,MINUS_Q,764283,764297,3.4495849609375,1.08441162109375,3.4495849609375,2.36517333984375,1.0,False,False,False,0.5622605270911167
validation,775511,2026-06-26T23:45:00-07:00,775511_1782542700_H30,MINUS_Q,764283,764311,2.6478347778320312,0.323822021484375,2.6478347778320312,2.3240127563476562,1.0,False,False,False,0.7410007093970612
validation,775511,2026-06-26T23:50:00-07:00,775511_1782543000_H30,MINUS_Q,764297,764311,2.1949005126953125,1.03961181640625,4.322174072265625,1.1552886962890625,0.35194723092513225,False,False,False,0.582935847053424
validation,775511,2026-06-26T23:55:00-07:00,775511_1782543300_H30,MINUS_Q,764297,764311,1.936431884765625,0.1421127319335937,2.880165100097656,1.7943191528320312,0.6553268205148212,False,True,False,0.6164889610356798
validation,775536,2026-06-02T23:30:00-07:00,775536_1780468200_H30,MINUS_Q,768701,759870,3.9019775390625,3.895332336425781,4.189048767089844,0.006645202636719194,0.02262455192477679,False,False,True,0.669058324605547
validation,775536,2026-06-02T23:35:00-07:00,775536_1780468500_H30,MINUS_Q,768701,759870,0.6510734558105469,0.1459884643554687,0.6510734558105469,0.5050849914550781,1.0,False,False,False,0.720799081154291
validation,775536,2026-06-02T23:40:00-07:00,775536_1780468800_H30,MINUS_Q,774344,759870,2.0790557861328125,1.9369964599609373,2.672309875488281,0.14205932617187522,0.19319561315224307,False,False,True,0.8022381673469834
validation,775536,2026-06-02T23:45:00-07:00,775536_1780469100_H30,MINUS_Q,718405,774344,6.2437744140625,5.827373504638672,6.2437744140625,0.4164009094238281,1.0,False,False,True,0.7989111535767186
validation,775536,2026-06-02T23:50:00-07:00,775536_1780469400_H30,MINUS_Q,774344,774344,6.346874237060547,6.346874237060547,6.961330413818359,0.0,0.0,True,True,True,0.6581619651739608
validation,775536,2026-06-02T23:55:00-07:00,775536_1780469700_H30,MINUS_Q,768701,774344,9.489643096923828,9.152359008789062,10.14324188232422,0.3372840881347656,0.340387443504238,False,False,True,0.6067483703678409
validation,775536,2026-06-03T19:05:00-07:00,775536_1780538700_H30,MINUS_Q,768701,718405,11.834251403808594,4.34954833984375,11.834251403808594,7.484703063964844,1.0,False,False,False,0.5575369095093099
validation,775536,2026-06-03T19:10:00-07:00,775536_1780539000_H30,MINUS_Q,768701,718405,6.151691436767578,0.4546356201171875,8.917720794677734,5.697055816650391,0.6731653645381414,False,False,False,0.5588543238527935
validation,775536,2026-06-03T19:15:00-07:00,775536_1780539300_H30,MINUS_Q,768701,774344,3.51712417602539,0.8779869079589844,6.482833862304688,2.639137268066406,0.47086696381961995,False,True,False,0.5736341806944848
validation,775536,2026-06-03T19:20:00-07:00,775536_1780539600_H30,MINUS_Q,768701,759870,1.3369140625,0.9929847717285156,8.695808410644531,0.3439292907714844,0.04464976830494902,False,False,True,0.5857819538777469
validation,775536,2026-06-03T19:25:00-07:00,775536_1780539900_H30,MINUS_Q,768701,759870,5.2169952392578125,2.236003875732422,8.882808685302734,2.9809913635253906,0.4484848658761952,False,False,False,0.5806997151251284
validation,775536,2026-06-03T19:30:00-07:00,775536_1780540200_H30,MINUS_Q,768701,759870,0.9216270446777344,0.7783393859863281,7.191120147705078,0.14328765869140625,0.02234407568503907,False,False,True,0.5889702961031248
validation,775536,2026-06-06T23:30:00-07:00,775536_1780813800_H30,MINUS_Q,768701,718405,5.819057464599609,2.637031555175781,5.819057464599609,3.1820259094238286,1.0,False,False,False,0.9075392020970898
validation,775536,2026-06-06T23:35:00-07:00,775536_1780814100_H30,MINUS_Q,768701,718405,4.196083068847656,0.698974609375,4.196083068847656,3.4971084594726562,1.0,False,False,False,0.7011953920620824
validation,775536,2026-06-06T23:40:00-07:00,775536_1780814400_H30,MINUS_Q,768701,774344,1.6116981506347656,1.2070159912109375,1.8224639892578125,0.4046821594238281,0.6575407844498438,False,False,True,0.7017226588223746
validation,775536,2026-06-06T23:45:00-07:00,775536_1780814700_H30,MINUS_Q,768701,768701,0.8427352905273438,0.8427352905273438,4.23309326171875,0.0,0.0,True,True,True,0.72263501705026
validation,775536,2026-06-06T23:50:00-07:00,775536_1780815000_H30,MINUS_Q,768701,759870,6.553134918212891,6.500274658203125,11.467121124267578,0.052860260009765625,0.010642620095251335,False,False,True,0.602828558749475
validation,775536,2026-06-06T23:55:00-07:00,775536_1780815300_H30,MINUS_Q,768701,768701,7.522109985351562,7.522109985351562,11.958580017089844,0.0,0.0,True,True,True,0.7203255990074576
validation,775536,2026-06-10T23:30:00-07:00,775536_1781159400_H30,MINUS_Q,768701,718405,4.279777526855469,3.2161865234375,4.926559448242188,1.0635910034179688,0.6218474275365548,False,False,False,0.7195154909345839
validation,775536,2026-06-10T23:35:00-07:00,775536_1781159700_H30,MINUS_Q,768701,774344,0.3755874633789062,0.1846847534179687,0.4929237365722656,0.1909027099609375,0.619333440590077,False,False,True,0.7448003694513077
validation,775536,2026-06-10T23:40:00-07:00,775536_1781160000_H30,MINUS_Q,768701,759870,3.574569702148437,2.662708282470703,3.574569702148437,0.9118614196777339,1.0,False,False,False,0.6705191894861513
validation,775536,2026-06-10T23:45:00-07:00,775536_1781160300_H30,MINUS_Q,774344,768701,6.501712799072266,5.94207763671875,6.779857635498047,0.5596351623535156,0.6679977597566695,False,True,False,0.6172541345185557
validation,775536,2026-06-10T23:50:00-07:00,775536_1781160600_H30,MINUS_Q,768701,759870,11.173011779785156,10.151618957519531,12.583229064941406,1.021392822265625,0.42004794236875465,False,False,False,0.706457442851273
validation,775536,2026-06-10T23:55:00-07:00,775536_1781160900_H30,MINUS_Q,768701,768701,13.340568542480469,13.340568542480469,15.339725494384766,0.0,0.0,True,True,True,0.7797681703047337
validation,775536,2026-06-17T11:15:00-07:00,775536_1781720100_H30,MINUS_Q,718405,768701,9.093952178955078,2.58099365234375,9.093952178955078,6.512958526611328,1.0,False,False,False,0.6876436721310992
validation,775536,2026-06-18T23:30:00-07:00,775536_1781850600_H30,MINUS_Q,768701,718405,7.840690612792969,5.707443237304688,7.840690612792969,2.1332473754882804,1.0,False,False,False,0.6943079206085566
validation,775536,2026-06-18T23:35:00-07:00,775536_1781850900_H30,MINUS_Q,768701,718405,5.752731323242188,3.5247573852539062,5.752731323242188,2.227973937988282,1.0,False,False,False,0.6950941673852001
validation,775536,2026-06-18T23:40:00-07:00,775536_1781851200_H30,MINUS_Q,774344,718405,4.01593017578125,3.705757141113281,5.35443115234375,0.3101730346679692,0.18813484809921585,False,False,True,0.7359707868362695
validation,775536,2026-06-18T23:45:00-07:00,775536_1781851500_H30,MINUS_Q,768701,759870,0.8995742797851562,0.84869384765625,1.0768814086914062,0.05088043212890625,0.2229763616302785,False,False,True,0.7450478116888088
validation,775536,2026-06-18T23:50:00-07:00,775536_1781851800_H30,MINUS_Q,768701,718405,1.7720718383789062,1.6835861206054688,1.858203887939453,0.0884857177734375,0.5067394866193343,False,False,True,0.7724240828217996
validation,775536,2026-06-18T23:55:00-07:00,775536_1781852100_H30,MINUS_Q,768701,774344,3.181812286376953,2.628082275390625,3.181812286376953,0.5537300109863281,1.0,False,False,False,0.8037442345699394
validation,775536,2026-06-22T23:30:00-07:00,775536_1782196200_H30,MINUS_Q,759870,718405,6.364597320556641,4.532600402832031,8.882160186767578,1.8319969177246094,0.4211913409009385,False,False,False,0.6451176917170834
validation,775536,2026-06-22T23:35:00-07:00,775536_1782196500_H30,MINUS_Q,759870,718405,9.846111297607422,7.443389892578125,12.346569061279297,2.402721405029297,0.49003336862882085,False,False,False,0.6645888334416107
validation,775536,2026-06-22T23:40:00-07:00,775536_1782196800_H30,MINUS_Q,768701,718405,9.478973388671877,7.09967041015625,11.747512817382812,2.3793029785156268,0.5119155879330669,False,False,False,0.6623628498187463
validation,775536,2026-06-22T23:45:00-07:00,775536_1782197100_H30,MINUS_Q,774344,718405,11.862632751464844,7.487525939941406,11.862632751464844,4.3751068115234375,1.0,False,False,False,0.6491924594279552
validation,775536,2026-06-22T23:50:00-07:00,775536_1782197400_H30,MINUS_Q,768701,718405,7.416790008544922,4.67864990234375,8.536449432373047,2.738140106201172,0.7097673388384642,False,False,False,0.8602132543265548
validation,775536,2026-06-22T23:55:00-07:00,775536_1782197700_H30,MINUS_Q,768701,718405,4.546878814697266,2.8359146118164062,6.718711853027344,1.7109642028808594,0.4406524720686308,False,False,False,0.6903567283128152
validation,775536,2026-06-26T23:30:00-07:00,775536_1782541800_H30,MINUS_Q,768701,768701,6.690624237060547,6.690624237060547,7.755794525146484,0.0,0.0,True,True,True,0.8345973981721613
validation,775536,2026-06-26T23:35:00-07:00,775536_1782542100_H30,MINUS_Q,768701,768701,5.341968536376953,5.341968536376953,6.639743804931641,0.0,0.0,True,True,True,0.8329822835990567
validation,775536,2026-06-26T23:40:00-07:00,775536_1782542400_H30,MINUS_Q,774344,768701,7.237983703613281,6.455196380615234,7.586502075195312,0.7827873229980469,0.6919326285974412,False,False,False,0.8878795692144668
validation,775536,2026-06-26T23:45:00-07:00,775536_1782542700_H30,MINUS_Q,774344,759870,4.208507537841797,2.760845184326172,4.582660675048828,1.447662353515625,0.7946262181256255,False,False,False,0.7538070698435924
validation,775536,2026-06-26T23:50:00-07:00,775536_1782543000_H30,MINUS_Q,768701,759870,4.838722229003906,4.496604919433594,6.734905242919922,0.3421173095703125,0.15284691959363075,False,False,True,0.8706762558255545
validation,775536,2026-06-26T23:55:00-07:00,775536_1782543300_H30,MINUS_Q,768701,759870,6.933292388916016,6.547634124755859,8.909114837646484,0.38565826416015625,0.1633120533464287,False,False,True,0.5929402489965274
validation,765501,2026-06-03T15:25:00-07:00,765501_1780525500_H30,MINUS_S,763616,773773,13.01229476928711,9.265514373779297,14.717269897460938,3.7467803955078125,0.6872612646022622,False,False,False,0.6640898479253184
validation,765501,2026-06-03T15:30:00-07:00,765501_1780525800_H30,MINUS_S,773773,763616,10.149818420410156,7.766017913818359,12.859901428222656,2.383800506591797,0.46797310928900776,False,False,False,0.6220137457393392
validation,765501,2026-06-03T15:35:00-07:00,765501_1780526100_H30,MINUS_S,763616,763616,2.32741928100586,2.32741928100586,14.131969451904297,0.0,0.0,True,True,True,0.48678302721187416
validation,765501,2026-06-03T15:40:00-07:00,765501_1780526400_H30,MINUS_S,763616,763616,5.4029083251953125,5.4029083251953125,16.140243530273438,0.0,0.0,True,True,True,0.5066347759166788
validation,765501,2026-06-03T15:45:00-07:00,765501_1780526700_H30,MINUS_S,763616,763616,5.657157897949219,5.657157897949219,16.346275329589844,0.0,0.0,True,True,True,0.5235309036341704
validation,765501,2026-06-03T15:50:00-07:00,765501_1780527000_H30,MINUS_S,763616,763616,8.121150970458984,8.121150970458984,18.257583618164062,0.0,0.0,True,True,True,0.5394393637784819
validation,765501,2026-06-06T07:20:00-07:00,765501_1780755600_H30,MINUS_S,763616,763616,0.408782958984375,0.408782958984375,4.986431121826172,0.0,0.0,True,True,True,0.5950805585379683
validation,765501,2026-06-06T07:25:00-07:00,765501_1780755900_H30,MINUS_S,763616,717951,1.88330078125,1.1006240844726562,5.812053680419922,0.7826766967773438,0.16612297410760335,False,False,False,0.5759525158199801
validation,765501,2026-06-06T07:30:00-07:00,765501_1780756200_H30,MINUS_S,763616,763616,0.959503173828125,0.959503173828125,5.2108001708984375,0.0,0.0,True,True,True,0.588219220935191
validation,765501,2026-06-06T07:35:00-07:00,765501_1780756500_H30,MINUS_S,763616,776019,1.9462661743164065,0.2828750610351562,5.2697296142578125,1.6633911132812502,0.3335551690005309,False,False,False,0.5706024125500779
validation,765501,2026-06-06T07:40:00-07:00,765501_1780756800_H30,MINUS_S,763616,717951,1.40594482421875,0.369842529296875,3.689170837402344,1.036102294921875,0.3121421561078536,False,False,False,0.6432143024376322
validation,765501,2026-06-06T07:45:00-07:00,765501_1780757100_H30,MINUS_S,773784,776019,2.644794464111328,0.2406005859375,4.611083984375,2.404193878173828,0.5500979317375639,False,False,False,0.6087163402676243
validation,765501,2026-06-11T23:30:00-07:00,765501_1781245800_H30,MINUS_S,763616,763616,1.5694046020507812,1.5694046020507812,7.730613708496094,0.0,0.0,True,True,True,0.562062128415971
validation,765501,2026-06-11T23:35:00-07:00,765501_1781246100_H30,MINUS_S,763616,763616,1.4680938720703125,1.4680938720703125,6.0147247314453125,0.0,0.0,True,True,True,0.5163747984056287
validation,765501,2026-06-11T23:40:00-07:00,765501_1781246400_H30,MINUS_S,763616,773784,1.3957290649414062,1.1476974487304688,5.465484619140625,0.2480316162109375,0.05744415053866039,False,False,True,0.6994756683925998
validation,765501,2026-06-11T23:45:00-07:00,765501_1781246700_H30,MINUS_S,763616,763616,0.6777496337890625,0.6777496337890625,6.084281921386719,0.0,0.0,True,True,True,0.7102545940649603
validation,765501,2026-06-11T23:50:00-07:00,765501_1781247000_H30,MINUS_S,763616,763616,0.0621871948242187,0.0621871948242187,5.580940246582031,0.0,0.0,True,True,True,0.5114407630401419
validation,765501,2026-06-11T23:55:00-07:00,765501_1781247300_H30,MINUS_S,763616,763616,0.901702880859375,0.901702880859375,4.375164031982422,0.0,0.0,True,True,True,0.5910791044930521
validation,765501,2026-06-15T23:30:00-07:00,765501_1781591400_H30,MINUS_S,763616,773784,3.4067459106445312,3.362983703613281,12.888511657714844,0.043762207031250444,0.004594202782472234,False,True,True,0.7051294910893979
validation,765501,2026-06-15T23:35:00-07:00,765501_1781591700_H30,MINUS_S,763616,763616,0.6665878295898438,0.6665878295898438,9.146846771240234,0.0,0.0,True,True,True,0.5473761578013184
validation,765501,2026-06-15T23:40:00-07:00,765501_1781592000_H30,MINUS_S,763616,776019,3.4026870727539062,0.8366851806640625,6.101020812988281,2.5660018920898438,0.4874312869289732,False,True,False,0.5084961085909878
validation,765501,2026-06-15T23:45:00-07:00,765501_1781592300_H30,MINUS_S,763616,776019,2.677207946777344,0.5329322814941406,5.518070220947266,2.1442756652832036,0.43013366757880184,False,False,False,0.766884100993388
validation,765501,2026-06-15T23:50:00-07:00,765501_1781592600_H30,MINUS_S,763616,776019,2.755615234375,0.4062042236328125,5.804420471191406,2.3494110107421875,0.43521987690002895,False,False,False,0.5808666825059337
validation,765501,2026-06-15T23:55:00-07:00,765501_1781592900_H30,MINUS_S,763616,763616,1.7599945068359375,1.7599945068359375,10.49136734008789,0.0,0.0,True,True,True,0.5682404480342677
validation,765501,2026-06-17T22:00:00-07:00,765501_1781758800_H30,MINUS_S,773773,763616,3.4603805541992188,3.382080078125,6.303215026855469,0.07830047607421875,0.02680481300880957,False,True,True,0.5274860070175025
validation,765501,2026-06-17T22:05:00-07:00,765501_1781759100_H30,MINUS_S,763616,763616,1.907066345214844,1.907066345214844,4.920204162597656,0.0,0.0,True,True,True,0.6956409448323893
validation,765501,2026-06-17T22:10:00-07:00,765501_1781759400_H30,MINUS_S,763616,763616,3.1412353515625,3.1412353515625,8.216136932373047,0.0,0.0,True,True,True,0.6708585293539062
validation,765501,2026-06-17T22:15:00-07:00,765501_1781759700_H30,MINUS_S,763616,763616,3.6384353637695312,3.6384353637695312,8.491710662841797,0.0,0.0,True,True,True,0.71362662105248
validation,765501,2026-06-17T22:20:00-07:00,765501_1781760000_H30,MINUS_S,763616,763616,0.5210494995117188,0.5210494995117188,5.544830322265625,0.0,0.0,True,True,True,0.7331099298195001
validation,765501,2026-06-17T22:25:00-07:00,765501_1781760300_H30,MINUS_S,763616,773784,1.8023910522460935,0.4557647705078125,3.335399627685547,1.346626281738281,0.4676378598424383,False,False,False,0.6417555442994763
validation,765501,2026-06-18T23:30:00-07:00,765501_1781850600_H30,MINUS_S,763616,763616,1.1622085571289062,1.1622085571289062,7.3306121826171875,0.0,0.0,True,True,True,0.6091399533283801
validation,765501,2026-06-18T23:35:00-07:00,765501_1781850900_H30,MINUS_S,763616,763616,0.096710205078125,0.096710205078125,7.314727783203125,0.0,0.0,True,True,True,0.6919487157451742
validation,765501,2026-06-18T23:40:00-07:00,765501_1781851200_H30,MINUS_S,763616,763616,1.34796142578125,1.34796142578125,5.965484619140625,0.0,0.0,True,True,True,0.5620250638421058
validation,765501,2026-06-18T23:45:00-07:00,765501_1781851500_H30,MINUS_S,763616,773784,2.1846923828125,0.803955078125,3.684280395507813,1.3807373046875,0.4793685270044764,False,False,False,0.6264237847104166
validation,765501,2026-06-18T23:50:00-07:00,765501_1781851800_H30,MINUS_S,763616,773784,3.5582427978515625,1.0506591796875,3.5582427978515625,2.5075836181640625,1.0,False,True,False,0.6740064210382571
validation,765501,2026-06-18T23:55:00-07:00,765501_1781852100_H30,MINUS_S,763616,773784,3.3749313354492188,0.2287368774414062,3.3749313354492188,3.1461944580078125,1.0,False,True,False,0.6846456048917076
validation,765501,2026-06-24T23:30:00-07:00,765501_1782369000_H30,MINUS_S,763616,763616,0.7396621704101562,0.7396621704101562,6.1489105224609375,0.0,0.0,True,True,True,0.5424863210527602
validation,765501,2026-06-24T23:35:00-07:00,765501_1782369300_H30,MINUS_S,763616,763616,2.143867492675781,2.143867492675781,7.193305969238281,0.0,0.0,True,True,True,0.6078086668972518
validation,765501,2026-06-24T23:40:00-07:00,765501_1782369600_H30,MINUS_S,763616,763616,1.307281494140625,1.307281494140625,6.137977600097656,0.0,0.0,True,True,True,0.6585213304001845
validation,765501,2026-06-24T23:45:00-07:00,765501_1782369900_H30,MINUS_S,763616,763616,1.3118133544921875,1.3118133544921875,5.977573394775391,0.0,0.0,True,True,True,0.7055153157349987
validation,765501,2026-06-24T23:50:00-07:00,765501_1782370200_H30,MINUS_S,763616,763616,1.9117431640625,1.9117431640625,6.286907196044922,0.0,0.0,True,True,True,0.7066300848147311
validation,765501,2026-06-24T23:55:00-07:00,765501_1782370500_H30,MINUS_S,763616,763616,0.84039306640625,0.84039306640625,4.241691589355469,0.0,0.0,True,True,True,0.5297042566407127
validation,765501,2026-06-27T23:30:00-07:00,765501_1782628200_H30,MINUS_S,763616,763616,1.0807342529296875,1.0807342529296875,6.393463134765625,0.0,0.0,True,True,True,0.678318766317036
validation,765501,2026-06-27T23:35:00-07:00,765501_1782628500_H30,MINUS_S,763616,763616,1.0346527099609375,1.0346527099609375,6.511741638183594,0.0,0.0,True,True,True,0.6422814553364189
validation,765501,2026-06-27T23:40:00-07:00,765501_1782628800_H30,MINUS_S,763616,763616,1.3554763793945312,1.3554763793945312,6.3412933349609375,0.0,0.0,True,True,True,0.5946350254300146
validation,765501,2026-06-27T23:45:00-07:00,765501_1782629100_H30,MINUS_S,763616,763616,0.2803421020507812,0.2803421020507812,5.221237182617188,0.0,0.0,True,True,True,0.6310683813685041
validation,765501,2026-06-27T23:50:00-07:00,765501_1782629400_H30,MINUS_S,763616,763616,0.1573638916015625,0.1573638916015625,2.7491912841796875,0.0,0.0,True,True,True,0.5057874341957106
validation,765501,2026-06-27T23:55:00-07:00,765501_1782629700_H30,MINUS_S,763616,763616,0.0630035400390625,0.0630035400390625,4.773464202880859,0.0,0.0,True,True,True,0.732915447543893
validation,769895,2026-06-03T17:30:00-07:00,769895_1780533000_H30,MINUS_S,769880,769847,3.3738784790039062,1.6959075927734375,8.441547393798828,1.6779708862304688,0.24874896017652823,False,True,False,0.8022794399994121
validation,769895,2026-06-03T17:35:00-07:00,769895_1780533300_H30,MINUS_S,769866,769880,1.9143524169921875,0.6902694702148438,5.220458984375,1.2240829467773438,0.27020568189281907,False,True,False,0.6597627818100398
validation,769895,2026-06-03T17:40:00-07:00,769895_1780533600_H30,MINUS_S,769880,769880,0.4317245483398437,0.4317245483398437,4.966014862060547,0.0,0.0,True,True,True,0.6803103437248207
validation,769895,2026-06-03T17:45:00-07:00,769895_1780533900_H30,MINUS_S,769847,769866,2.1755294799804688,1.0536956787109375,4.967674255371094,1.1218338012695312,0.28662236629481125,False,True,False,0.727031200439121
validation,769895,2026-06-03T17:50:00-07:00,769895_1780534200_H30,MINUS_S,769866,769866,0.19903564453125,0.19903564453125,4.173469543457031,0.0,0.0,True,True,True,0.7591244005412328
validation,769895,2026-06-03T17:55:00-07:00,769895_1780534500_H30,MINUS_S,769880,769866,1.1356964111328125,0.6420745849609375,3.623291015625,0.493621826171875,0.1655773197459271,False,True,True,0.650440072953534
validation,769895,2026-06-04T23:30:00-07:00,769895_1780641000_H30,MINUS_S,769880,769880,0.5397567749023438,0.5397567749023438,2.622886657714844,0.0,0.0,True,True,True,0.7138336468591935
validation,769895,2026-06-04T23:35:00-07:00,769895_1780641300_H30,MINUS_S,769880,770385,0.7091064453125,0.391693115234375,1.2913742065429688,0.317413330078125,0.3528064923721411,False,False,True,0.7793612938055404
validation,769895,2026-06-04T23:40:00-07:00,769895_1780641600_H30,MINUS_S,769880,769866,4.030319213867188,2.3920211791992188,4.324180603027344,1.6382980346679696,0.8479103817541426,False,False,False,0.7671765047789103
validation,769895,2026-06-04T23:45:00-07:00,769895_1780641900_H30,MINUS_S,769866,769866,4.1884307861328125,4.1884307861328125,6.109367370605469,0.0,0.0,True,True,True,0.728137901309875
validation,769895,2026-06-04T23:50:00-07:00,769895_1780642200_H30,MINUS_S,769880,769866,8.194202423095703,5.606586456298828,8.194202423095703,2.587615966796875,1.0,False,True,False,0.7641318226315778
validation,769895,2026-06-04T23:55:00-07:00,769895_1780642500_H30,MINUS_S,769866,770385,1.3567352294921875,0.1097946166992187,1.3567352294921875,1.2469406127929688,1.0,False,False,False,0.6060009230438845
validation,769895,2026-06-06T07:20:00-07:00,769895_1780755600_H30,MINUS_S,769866,769847,6.761268615722656,3.0790557861328125,7.3369598388671875,3.6822128295898438,0.8647946933480501,False,False,False,0.5760351490684927
validation,769895,2026-06-06T07:25:00-07:00,769895_1780755900_H30,MINUS_S,769847,769847,3.4980926513671875,3.4980926513671875,9.222999572753906,0.0,0.0,True,True,True,0.46634122174079684
validation,769895,2026-06-06T07:30:00-07:00,769895_1780756200_H30,MINUS_S,770385,769847,2.06134033203125,0.4498672485351562,6.263149261474609,1.6114730834960938,0.2772053858576287,False,False,False,0.46011053232732885
validation,769895,2026-06-06T07:35:00-07:00,769895_1780756500_H30,MINUS_S,769847,770116,2.8180694580078125,0.3459930419921875,2.8180694580078125,2.472076416015625,1.0,False,False,False,0.5492900154909524
validation,769895,2026-06-06T07:40:00-07:00,769895_1780756800_H30,MINUS_S,769880,769880,0.6638717651367188,0.6638717651367188,4.263088226318359,0.0,0.0,True,True,True,0.6130676207576969
validation,769895,2026-06-06T07:45:00-07:00,769895_1780757100_H30,MINUS_S,769880,769880,0.1684761047363281,0.1684761047363281,5.276458740234375,0.0,0.0,True,True,True,0.6206666993649057
validation,769895,2026-06-12T23:30:00-07:00,769895_1781332200_H30,MINUS_S,769847,770385,0.7501602172851562,0.51239013671875,2.6973114013671875,0.23777008056640625,0.10882318022780761,False,False,True,0.5435834659747264
validation,769895,2026-06-12T23:35:00-07:00,769895_1781332500_H30,MINUS_S,769847,769847,0.3840408325195312,0.3840408325195312,2.4090347290039062,0.0,0.0,True,True,True,0.5820917607039856
validation,769895,2026-06-12T23:40:00-07:00,769895_1781332800_H30,MINUS_S,769880,769847,2.8450164794921875,2.233505249023437,4.269447326660156,0.6115112304687504,0.30035787225272165,False,False,False,0.7241197783681158
validation,769895,2026-06-12T23:45:00-07:00,769895_1781333100_H30,MINUS_S,769866,769847,1.8567886352539065,0.5497207641601562,3.314537048339844,1.3070678710937502,0.4727503518309004,False,False,False,0.7248383787332748
validation,769895,2026-06-12T23:50:00-07:00,769895_1781333400_H30,MINUS_S,769866,769866,0.5410308837890625,0.5410308837890625,1.8331985473632808,0.0,0.0,True,True,True,0.6544691623454577
validation,769895,2026-06-12T23:55:00-07:00,769895_1781333700_H30,MINUS_S,769847,769880,0.5751190185546875,0.2470016479492187,3.473106384277344,0.3281173706054688,0.1017069802200297,False,False,True,0.7097162500375047
validation,769895,2026-06-17T11:15:00-07:00,769895_1781720100_H30,MINUS_S,769880,769880,1.4925460815429688,1.4925460815429688,4.967475891113281,0.0,0.0,True,True,True,0.6876470126202193
validation,769965,2026-06-03T17:30:00-07:00,769965_1780533000_H30,MINUS_S,769926,769911,13.641397476196287,2.1030349731445312,17.069358825683594,11.538362503051756,0.7709550198657671,False,False,False,0.6299978847533046
validation,769965,2026-06-03T17:35:00-07:00,769965_1780533300_H30,MINUS_S,769911,769867,7.402618408203125,6.391258239746094,14.71120262145996,1.0113601684570312,0.1215585251603204,False,False,False,0.6785757588815349
validation,769965,2026-06-03T17:40:00-07:00,769965_1780533600_H30,MINUS_S,770141,769911,12.755481719970703,5.899688720703125,14.459896087646484,6.855792999267578,0.8008909954380713,False,False,False,0.6550171517020751
validation,769965,2026-06-03T17:45:00-07:00,769965_1780533900_H30,MINUS_S,770141,769911,10.905197143554688,2.885944366455078,15.008655548095703,8.01925277709961,0.6615065439523509,False,False,False,0.6965537109236843
validation,769965,2026-06-03T17:50:00-07:00,769965_1780534200_H30,MINUS_S,770141,769926,10.409381866455078,6.421836853027344,10.409381866455078,3.9875450134277344,1.0,False,False,False,0.757980988555066
validation,769965,2026-06-03T17:55:00-07:00,769965_1780534500_H30,MINUS_S,769911,769911,4.758838653564453,4.758838653564453,11.469837188720703,0.0,0.0,True,True,True,0.6056806037545917
validation,769965,2026-06-04T23:30:00-07:00,769965_1780641000_H30,MINUS_S,770129,769926,0.4351425170898437,0.2534942626953125,1.9320755004882808,0.1816482543945312,0.10821534895348044,False,False,True,0.656916156479234
validation,769965,2026-06-04T23:35:00-07:00,769965_1780641300_H30,MINUS_S,770129,769926,1.938392639160156,1.320037841796875,2.8302459716796875,0.618354797363281,0.40945005203439305,False,False,False,0.6919474103441997
validation,769965,2026-06-04T23:40:00-07:00,769965_1780641600_H30,MINUS_S,769867,769926,4.819755554199219,3.3481369018554688,5.058509826660156,1.47161865234375,0.8604080613073306,False,False,False,0.6808072553291957
validation,769965,2026-06-04T23:45:00-07:00,769965_1780641900_H30,MINUS_S,770129,769926,3.959884643554688,3.30047607421875,5.470161437988281,0.6594085693359379,0.30391898306872744,False,True,False,0.6278807365860544
validation,769965,2026-06-04T23:50:00-07:00,769965_1780642200_H30,MINUS_S,769867,769926,3.5683364868164062,2.063026428222656,6.383457183837891,1.5053100585937504,0.3484166611482684,False,True,False,0.6691349066347901
validation,769965,2026-06-04T23:55:00-07:00,769965_1780642500_H30,MINUS_S,770129,770141,2.6118316650390625,0.8677291870117188,3.0869674682617188,1.7441024780273438,0.785901402640264,False,False,False,0.6578621934441902
validation,769965,2026-06-06T07:20:00-07:00,769965_1780755600_H30,MINUS_S,770129,769926,0.6742095947265625,0.04083251953125,14.251022338867188,0.6333770751953125,0.04457203480374839,False,False,False,0.6172105726763377
validation,769965,2026-06-06T07:25:00-07:00,769965_1780755900_H30,MINUS_S,770129,769867,2.2454376220703125,1.7569351196289062,20.089679718017575,0.48850250244140625,0.026646446734677278,False,False,True,0.54054928866666
validation,769965,2026-06-06T07:30:00-07:00,769965_1780756200_H30,MINUS_S,770129,770129,3.1787261962890625,3.1787261962890625,24.94419860839844,0.0,0.0,True,True,True,0.5164559264446902
validation,769965,2026-06-06T07:35:00-07:00,769965_1780756500_H30,MINUS_S,769926,770129,1.43182373046875,0.8619461059570312,14.56399154663086,0.5698776245117188,0.04159069731443642,False,False,False,0.4980776930209949
validation,769965,2026-06-06T07:40:00-07:00,769965_1780756800_H30,MINUS_S,769926,769867,0.9959793090820312,0.5607376098632812,10.92458724975586,0.43524169921875,0.04199614181427484,False,False,True,0.5320804280067317
validation,769965,2026-06-06T07:45:00-07:00,769965_1780757100_H30,MINUS_S,769911,769867,10.22153091430664,3.4769821166992188,10.22153091430664,6.744548797607422,1.0,False,False,False,0.5840741774442547
validation,769965,2026-06-12T23:30:00-07:00,769965_1781332200_H30,MINUS_S,770129,769867,0.3131561279296875,0.0236358642578125,1.108184814453125,0.289520263671875,0.26694992754336844,False,False,True,0.4930637253978148
validation,769965,2026-06-12T23:35:00-07:00,769965_1781332500_H30,MINUS_S,770129,769867,1.3648223876953125,0.67138671875,2.008941650390625,0.6934356689453125,0.5184352825754638,False,True,False,0.514520287424731
validation,769965,2026-06-12T23:40:00-07:00,769965_1781332800_H30,MINUS_S,770129,769867,0.4910049438476562,0.051177978515625,1.3978424072265625,0.4398269653320312,0.3266047249447623,False,False,True,0.6681611935970627
validation,769965,2026-06-12T23:45:00-07:00,769965_1781333100_H30,MINUS_S,770129,769911,0.5866546630859375,0.1507339477539062,1.7287750244140625,0.4359207153320313,0.2762416782297172,False,False,True,0.7427185419346587
validation,769965,2026-06-12T23:50:00-07:00,769965_1781333400_H30,MINUS_S,769867,769926,3.2761688232421875,2.9699859619140625,4.59649658203125,0.306182861328125,0.1882452272620667,False,False,True,0.6787910685468792
validation,769965,2026-06-12T23:55:00-07:00,769965_1781333700_H30,MINUS_S,769867,769926,0.4879608154296875,0.4486770629882812,1.8897018432617188,0.039283752441406306,0.02726098328021266,False,False,True,0.6295572838868844
validation,769965,2026-06-17T11:15:00-07:00,769965_1781720100_H30,MINUS_S,770129,769867,2.851715087890625,2.5934715270996094,4.743236541748047,0.2582435607910156,0.12012641336674072,False,False,True,0.5493336026248796
validation,775511,2026-06-06T23:30:00-07:00,775511_1780813800_H30,MINUS_S,764311,764283,2.7627029418945312,0.1591796875,2.7627029418945312,2.6035232543945312,1.0,False,True,False,0.4597041869777262
validation,775511,2026-06-06T23:35:00-07:00,775511_1780814100_H30,MINUS_S,764322,764283,1.3378982543945312,0.2073211669921875,3.375885009765625,1.1305770874023438,0.3568105752329585,False,False,False,0.3723070711702019
validation,775511,2026-06-06T23:40:00-07:00,775511_1780814400_H30,MINUS_S,764297,764283,2.9507827758789062,0.0472946166992187,3.904571533203125,2.9034881591796875,0.7527300274337841,False,True,False,0.4294010786785447
validation,775511,2026-06-06T23:45:00-07:00,775511_1780814700_H30,MINUS_S,764283,764283,0.042236328125,0.042236328125,4.398727416992188,0.0,0.0,True,True,True,0.30439066443251495
validation,775511,2026-06-06T23:50:00-07:00,775511_1780815000_H30,MINUS_S,764322,764283,1.7679901123046875,0.7138442993164062,5.1397552490234375,1.0541458129882812,0.23817601053587836,False,False,False,0.34044375672753424
validation,775511,2026-06-06T23:55:00-07:00,775511_1780815300_H30,MINUS_S,764311,764283,5.938991546630859,1.6687049865722656,5.938991546630859,4.270286560058594,1.0,False,False,False,0.4148015747570929
validation,775511,2026-06-08T23:30:00-07:00,775511_1780986600_H30,MINUS_S,764297,764311,3.0496978759765625,1.971405029296875,8.241268157958984,1.0782928466796875,0.17198028482477867,False,False,False,0.2787710359782921
validation,775511,2026-06-08T23:35:00-07:00,775511_1780986900_H30,MINUS_S,764297,764311,2.874458312988281,0.534027099609375,7.944782257080078,2.340431213378906,0.3158154821805902,False,False,False,0.44174648151021356
validation,775511,2026-06-08T23:40:00-07:00,775511_1780987200_H30,MINUS_S,764297,764311,1.0855636596679688,0.3541488647460937,7.579780578613281,0.731414794921875,0.10122503109564365,False,True,False,0.3424527213293138
validation,775511,2026-06-08T23:45:00-07:00,775511_1780987500_H30,MINUS_S,764311,764311,0.7415542602539062,0.7415542602539062,7.430770874023437,0.0,0.0,True,True,True,0.3053483784385419
validation,775511,2026-06-08T23:50:00-07:00,775511_1780987800_H30,MINUS_S,764311,764311,0.1132736206054687,0.1132736206054687,5.4522857666015625,0.0,0.0,True,True,True,0.3924370553520973
validation,775511,2026-06-08T23:55:00-07:00,775511_1780988100_H30,MINUS_S,764311,764283,1.110687255859375,0.3416671752929687,4.462131500244141,0.7690200805664062,0.1866343256291921,False,False,False,0.38132925926161787
validation,775511,2026-06-10T23:30:00-07:00,775511_1781159400_H30,MINUS_S,764311,764322,0.5643692016601562,0.0645523071289062,1.1581649780273438,0.49981689453125006,0.4570328305730352,False,True,True,0.39101763776755993
validation,775511,2026-06-10T23:35:00-07:00,775511_1781159700_H30,MINUS_S,764297,764311,1.2697677612304688,1.0601654052734375,4.080123901367188,0.20960235595703125,0.06940570747185673,False,True,True,0.446477497886705
validation,775511,2026-06-10T23:40:00-07:00,775511_1781160000_H30,MINUS_S,764311,764297,0.5753021240234375,0.2941131591796875,4.184654235839844,0.28118896484375,0.07227502789538398,False,False,True,0.3113806135172323
validation,775511,2026-06-10T23:45:00-07:00,775511_1781160300_H30,MINUS_S,764311,764297,0.5681838989257812,0.5332565307617188,3.6620101928710938,0.0349273681640625,0.011163348711996332,False,True,True,0.3485047460918891
validation,775511,2026-06-10T23:50:00-07:00,775511_1781160600_H30,MINUS_S,764311,764297,0.3249282836914062,0.119476318359375,4.832210540771484,0.2054519653320312,0.0435950672446101,False,False,True,0.3416419445767631
validation,775511,2026-06-10T23:55:00-07:00,775511_1781160900_H30,MINUS_S,764311,764297,0.5459747314453125,0.511199951171875,6.973453521728516,0.0347747802734375,0.005381215684862409,False,False,True,0.33974783969585187
validation,775511,2026-06-23T23:30:00-07:00,775511_1782282600_H30,MINUS_S,764311,764311,0.0853652954101562,0.0853652954101562,0.9347610473632812,0.0,0.0,True,True,True,0.5540429542672731
validation,775511,2026-06-23T23:35:00-07:00,775511_1782282900_H30,MINUS_S,764311,764311,0.1087493896484375,0.1087493896484375,2.2272491455078125,0.0,0.0,True,True,True,0.5322451841522332
validation,775511,2026-06-23T23:40:00-07:00,775511_1782283200_H30,MINUS_S,764311,764311,0.337371826171875,0.337371826171875,1.4198379516601562,0.0,0.0,True,True,True,0.6330430571220101
validation,775511,2026-06-23T23:45:00-07:00,775511_1782283500_H30,MINUS_S,764311,764297,1.8790130615234373,0.646728515625,1.8790130615234373,1.2322845458984373,1.0,False,True,False,0.6022958866704271
validation,775511,2026-06-23T23:50:00-07:00,775511_1782283800_H30,MINUS_S,764311,764297,1.7884902954101562,0.0592880249023437,1.7884902954101562,1.7292022705078125,1.0,False,False,False,0.5919254635314428
validation,775511,2026-06-23T23:55:00-07:00,775511_1782284100_H30,MINUS_S,764311,764297,1.515716552734375,0.18756103515625,1.515716552734375,1.328155517578125,1.0,False,False,False,0.6158458628889479
validation,775511,2026-06-26T23:30:00-07:00,775511_1782541800_H30,MINUS_S,764311,764297,0.5294189453125,0.2876434326171875,1.5057449340820312,0.2417755126953125,0.19848552226933652,False,True,True,0.45666623790870753
validation,775511,2026-06-26T23:35:00-07:00,775511_1782542100_H30,MINUS_S,764311,764322,0.7726287841796875,0.3212966918945312,1.7471466064453125,0.4513320922851563,0.3165354836293201,False,False,True,0.6167266830168987
validation,775511,2026-06-26T23:40:00-07:00,775511_1782542400_H30,MINUS_S,764311,764297,1.171539306640625,1.08441162109375,3.4495849609375,0.087127685546875,0.036837759025573534,False,False,True,0.40636675596094435
validation,775511,2026-06-26T23:45:00-07:00,775511_1782542700_H30,MINUS_S,764311,764311,0.323822021484375,0.323822021484375,2.6478347778320312,0.0,0.0,True,True,True,0.48246528770920866
validation,775511,2026-06-26T23:50:00-07:00,775511_1782543000_H30,MINUS_S,764311,764311,1.03961181640625,1.03961181640625,4.322174072265625,0.0,0.0,True,True,True,0.44978415248353965
validation,775511,2026-06-26T23:55:00-07:00,775511_1782543300_H30,MINUS_S,764311,764311,0.1421127319335937,0.1421127319335937,2.880165100097656,0.0,0.0,True,True,True,0.6021798317573108
validation,775536,2026-06-02T23:30:00-07:00,775536_1780468200_H30,MINUS_S,768701,759870,3.9019775390625,3.895332336425781,4.189048767089844,0.006645202636719194,0.02262455192477679,False,False,True,0.40617173005626905
validation,775536,2026-06-02T23:35:00-07:00,775536_1780468500_H30,MINUS_S,768701,759870,0.6510734558105469,0.1459884643554687,0.6510734558105469,0.5050849914550781,1.0,False,False,False,0.4454031696466526
validation,775536,2026-06-02T23:40:00-07:00,775536_1780468800_H30,MINUS_S,774344,759870,2.0790557861328125,1.9369964599609373,2.672309875488281,0.14205932617187522,0.19319561315224307,False,False,True,0.5112118299662871
validation,775536,2026-06-02T23:45:00-07:00,775536_1780469100_H30,MINUS_S,718405,774344,6.2437744140625,5.827373504638672,6.2437744140625,0.4164009094238281,1.0,False,True,True,0.4976667834935179
validation,775536,2026-06-02T23:50:00-07:00,775536_1780469400_H30,MINUS_S,774344,774344,6.346874237060547,6.346874237060547,6.961330413818359,0.0,0.0,True,True,True,0.394341437742566
validation,775536,2026-06-02T23:55:00-07:00,775536_1780469700_H30,MINUS_S,768701,774344,9.489643096923828,9.152359008789062,10.14324188232422,0.3372840881347656,0.340387443504238,False,True,True,0.35791246410086575
validation,775536,2026-06-03T19:05:00-07:00,775536_1780538700_H30,MINUS_S,768701,718405,11.834251403808594,4.34954833984375,11.834251403808594,7.484703063964844,1.0,False,False,False,0.3803750049445903
validation,775536,2026-06-03T19:10:00-07:00,775536_1780539000_H30,MINUS_S,768701,718405,6.151691436767578,0.4546356201171875,8.917720794677734,5.697055816650391,0.6731653645381414,False,False,False,0.38051818899533696
validation,775536,2026-06-03T19:15:00-07:00,775536_1780539300_H30,MINUS_S,768701,774344,3.51712417602539,0.8779869079589844,6.482833862304688,2.639137268066406,0.47086696381961995,False,True,False,0.3863235075652749
validation,775536,2026-06-03T19:20:00-07:00,775536_1780539600_H30,MINUS_S,768701,759870,1.3369140625,0.9929847717285156,8.695808410644531,0.3439292907714844,0.04464976830494902,False,False,True,0.3908584026696831
validation,775536,2026-06-03T19:25:00-07:00,775536_1780539900_H30,MINUS_S,774344,759870,8.739627838134766,2.236003875732422,8.882808685302734,6.503623962402344,0.9784586953776931,False,False,False,0.39043807101856043
validation,775536,2026-06-03T19:30:00-07:00,775536_1780540200_H30,MINUS_S,774344,759870,6.966152191162109,0.7783393859863281,7.191120147705078,6.187812805175781,0.9649188137093474,False,False,False,0.39523302464664806
validation,775536,2026-06-06T23:30:00-07:00,775536_1780813800_H30,MINUS_S,768701,718405,5.819057464599609,2.637031555175781,5.819057464599609,3.1820259094238286,1.0,False,False,False,0.5977374700346034
validation,775536,2026-06-06T23:35:00-07:00,775536_1780814100_H30,MINUS_S,768701,718405,4.196083068847656,0.698974609375,4.196083068847656,3.4971084594726562,1.0,False,False,False,0.4344687665978295
validation,775536,2026-06-06T23:40:00-07:00,775536_1780814400_H30,MINUS_S,768701,774344,1.6116981506347656,1.2070159912109375,1.8224639892578125,0.4046821594238281,0.6575407844498438,False,False,True,0.4344687665978295
validation,775536,2026-06-06T23:45:00-07:00,775536_1780814700_H30,MINUS_S,768701,768701,0.8427352905273438,0.8427352905273438,4.23309326171875,0.0,0.0,True,True,True,0.4500830933159547
validation,775536,2026-06-06T23:50:00-07:00,775536_1780815000_H30,MINUS_S,768701,759870,6.553134918212891,6.500274658203125,11.467121124267578,0.052860260009765625,0.010642620095251335,False,False,True,0.35657523281637166
validation,775536,2026-06-06T23:55:00-07:00,775536_1780815300_H30,MINUS_S,768701,768701,7.522109985351562,7.522109985351562,11.958580017089844,0.0,0.0,True,True,True,0.4500830933159547
validation,775536,2026-06-10T23:30:00-07:00,775536_1781159400_H30,MINUS_S,768701,718405,4.279777526855469,3.2161865234375,4.926559448242188,1.0635910034179688,0.6218474275365548,False,False,False,0.4454031696466526
validation,775536,2026-06-10T23:35:00-07:00,775536_1781159700_H30,MINUS_S,768701,774344,0.3755874633789062,0.1846847534179687,0.4929237365722656,0.1909027099609375,0.619333440590077,False,True,True,0.46564880481649484
validation,775536,2026-06-10T23:40:00-07:00,775536_1781160000_H30,MINUS_S,768701,759870,3.574569702148437,2.662708282470703,3.574569702148437,0.9118614196777339,1.0,False,False,False,0.40617173005626905
validation,775536,2026-06-10T23:45:00-07:00,775536_1781160300_H30,MINUS_S,774344,768701,6.501712799072266,5.94207763671875,6.779857635498047,0.5596351623535156,0.6679977597566695,False,True,False,0.36926375802158684
validation,775536,2026-06-10T23:50:00-07:00,775536_1781160600_H30,MINUS_S,768701,759870,11.173011779785156,10.151618957519531,12.583229064941406,1.021392822265625,0.42004794236875465,False,False,False,0.43664464204024706
validation,775536,2026-06-10T23:55:00-07:00,775536_1781160900_H30,MINUS_S,768701,768701,13.340568542480469,13.340568542480469,15.339725494384766,0.0,0.0,True,True,True,0.4952207523092994
validation,775536,2026-06-17T11:15:00-07:00,775536_1781720100_H30,MINUS_S,718405,768701,9.093952178955078,2.58099365234375,9.093952178955078,6.512958526611328,1.0,False,False,False,0.40604517453286265
validation,775536,2026-06-18T23:30:00-07:00,775536_1781850600_H30,MINUS_S,768701,718405,7.840690612792969,5.707443237304688,7.840690612792969,2.1332473754882804,1.0,False,False,False,0.42578357299780756
validation,775536,2026-06-18T23:35:00-07:00,775536_1781850900_H30,MINUS_S,768701,718405,5.752731323242188,3.5247573852539062,5.752731323242188,2.227973937988282,1.0,False,False,False,0.42578357299780756
validation,775536,2026-06-18T23:40:00-07:00,775536_1781851200_H30,MINUS_S,774344,718405,4.01593017578125,3.705757141113281,5.35443115234375,0.3101730346679692,0.18813484809921585,False,False,True,0.46233138814485464
validation,775536,2026-06-18T23:45:00-07:00,775536_1781851500_H30,MINUS_S,768701,759870,0.8995742797851562,0.84869384765625,1.0768814086914062,0.05088043212890625,0.2229763616302785,False,False,True,0.46564880481649484
validation,775536,2026-06-18T23:50:00-07:00,775536_1781851800_H30,MINUS_S,768701,718405,1.7720718383789062,1.6835861206054688,1.858203887939453,0.0884857177734375,0.5067394866193343,False,False,True,0.4874031079044042
validation,775536,2026-06-18T23:55:00-07:00,775536_1781852100_H30,MINUS_S,768701,774344,3.181812286376953,2.628082275390625,3.181812286376953,0.5537300109863281,1.0,False,True,False,0.5122489126814747
validation,775536,2026-06-22T23:30:00-07:00,775536_1782196200_H30,MINUS_S,768701,718405,5.619449615478516,4.532600402832031,8.882160186767578,1.0868492126464844,0.24987568090467466,False,False,False,0.3791561065178436
validation,775536,2026-06-22T23:35:00-07:00,775536_1782196500_H30,MINUS_S,768701,718405,9.953720092773438,7.443389892578125,12.346569061279297,2.5103302001953125,0.5119801079715157,False,False,False,0.3672471035234841
validation,775536,2026-06-22T23:40:00-07:00,775536_1782196800_H30,MINUS_S,768701,718405,9.478973388671877,7.09967041015625,11.747512817382812,2.3793029785156268,0.5119155879330669,False,False,False,0.3989412546616625
validation,775536,2026-06-22T23:45:00-07:00,775536_1782197100_H30,MINUS_S,774344,718405,11.862632751464844,7.487525939941406,11.862632751464844,4.3751068115234375,1.0,False,False,False,0.39164995287464927
validation,775536,2026-06-22T23:50:00-07:00,775536_1782197400_H30,MINUS_S,768701,718405,7.416790008544922,4.67864990234375,8.536449432373047,2.738140106201172,0.7097673388384642,False,False,False,0.5585003815908901
validation,775536,2026-06-22T23:55:00-07:00,775536_1782197700_H30,MINUS_S,768701,718405,4.546878814697266,2.8359146118164062,6.718711853027344,1.7109642028808594,0.4406524720686308,False,False,False,0.42127767020433093
validation,775536,2026-06-26T23:30:00-07:00,775536_1782541800_H30,MINUS_S,768701,768701,6.690624237060547,6.690624237060547,7.755794525146484,0.0,0.0,True,True,True,0.5388481864323257
validation,775536,2026-06-26T23:35:00-07:00,775536_1782542100_H30,MINUS_S,768701,768701,5.341968536376953,5.341968536376953,6.639743804931641,0.0,0.0,True,True,True,0.5388481864323257
validation,775536,2026-06-26T23:40:00-07:00,775536_1782542400_H30,MINUS_S,774344,768701,7.237983703613281,6.455196380615234,7.586502075195312,0.7827873229980469,0.6919326285974412,False,False,False,0.5897963349733021
validation,775536,2026-06-26T23:45:00-07:00,775536_1782542700_H30,MINUS_S,774344,759870,4.208507537841797,2.760845184326172,4.582660675048828,1.447662353515625,0.7946262181256255,False,False,False,0.4820256219832241
validation,775536,2026-06-26T23:50:00-07:00,775536_1782543000_H30,MINUS_S,768701,759870,4.838722229003906,4.496604919433594,6.734905242919922,0.3421173095703125,0.15284691959363075,False,False,True,0.5671339736517238
validation,775536,2026-06-26T23:55:00-07:00,775536_1782543300_H30,MINUS_S,768701,759870,6.933292388916016,6.547634124755859,8.909114837646484,0.38565826416015625,0.1633120533464287,False,False,True,0.3476165545400978
validation,765501,2026-06-03T15:25:00-07:00,765501_1780525500_H30,MINUS_D,773773,773773,9.265514373779297,9.265514373779297,14.717269897460938,0.0,0.0,True,True,True,0.5131221811160768
validation,765501,2026-06-03T15:30:00-07:00,765501_1780525800_H30,MINUS_D,773773,763616,10.149818420410156,7.766017913818359,12.859901428222656,2.383800506591797,0.46797310928900776,False,False,False,0.5381500241000599
validation,765501,2026-06-03T15:35:00-07:00,765501_1780526100_H30,MINUS_D,773773,763616,11.66946792602539,2.32741928100586,14.131969451904297,9.342048645019531,0.7913938701408826,False,False,False,0.4843930833119434
validation,765501,2026-06-03T15:40:00-07:00,765501_1780526400_H30,MINUS_D,773773,763616,11.764209747314451,5.4029083251953125,16.140243530273438,6.361301422119139,0.5924469433636215,False,False,False,0.46458571844108537
validation,765501,2026-06-03T15:45:00-07:00,765501_1780526700_H30,MINUS_D,773773,763616,12.993793487548828,5.657157897949219,16.346275329589844,7.336635589599609,0.6863649535632,False,False,False,0.43065255458938023
validation,765501,2026-06-03T15:50:00-07:00,765501_1780527000_H30,MINUS_D,773773,763616,13.161766052246094,8.121150970458984,18.257583618164062,5.040615081787109,0.49727702604804674,False,False,False,0.4011958761642858
validation,765501,2026-06-06T07:20:00-07:00,765501_1780755600_H30,MINUS_D,763616,763616,0.408782958984375,0.408782958984375,4.986431121826172,0.0,0.0,True,True,True,0.5893872837335874
validation,765501,2026-06-06T07:25:00-07:00,765501_1780755900_H30,MINUS_D,763616,717951,1.88330078125,1.1006240844726562,5.812053680419922,0.7826766967773438,0.16612297410760335,False,True,False,0.5873248548958165
validation,765501,2026-06-06T07:30:00-07:00,765501_1780756200_H30,MINUS_D,763616,763616,0.959503173828125,0.959503173828125,5.2108001708984375,0.0,0.0,True,True,True,0.5612236995769129
validation,765501,2026-06-06T07:35:00-07:00,765501_1780756500_H30,MINUS_D,763616,776019,1.9462661743164065,0.2828750610351562,5.2697296142578125,1.6633911132812502,0.3335551690005309,False,False,False,0.5929358055181808
validation,765501,2026-06-06T07:40:00-07:00,765501_1780756800_H30,MINUS_D,763616,717951,1.40594482421875,0.369842529296875,3.689170837402344,1.036102294921875,0.3121421561078536,False,True,False,0.5972194477535593
validation,765501,2026-06-06T07:45:00-07:00,765501_1780757100_H30,MINUS_D,763616,776019,1.5462493896484375,0.2406005859375,4.611083984375,1.3056488037109375,0.29874242381923305,False,False,False,0.5553023287171427
validation,765501,2026-06-11T23:30:00-07:00,765501_1781245800_H30,MINUS_D,763616,763616,1.5694046020507812,1.5694046020507812,7.730613708496094,0.0,0.0,True,True,True,0.6610981207589017
validation,765501,2026-06-11T23:35:00-07:00,765501_1781246100_H30,MINUS_D,763616,763616,1.4680938720703125,1.4680938720703125,6.0147247314453125,0.0,0.0,True,True,True,0.544122922660214
validation,765501,2026-06-11T23:40:00-07:00,765501_1781246400_H30,MINUS_D,763616,773784,1.3957290649414062,1.1476974487304688,5.465484619140625,0.2480316162109375,0.05744415053866039,False,False,True,0.6544625263755324
validation,765501,2026-06-11T23:45:00-07:00,765501_1781246700_H30,MINUS_D,763616,763616,0.6777496337890625,0.6777496337890625,6.084281921386719,0.0,0.0,True,True,True,0.6968246366397074
validation,765501,2026-06-11T23:50:00-07:00,765501_1781247000_H30,MINUS_D,763616,763616,0.0621871948242187,0.0621871948242187,5.580940246582031,0.0,0.0,True,True,True,0.5869891105955097
validation,765501,2026-06-11T23:55:00-07:00,765501_1781247300_H30,MINUS_D,763616,763616,0.901702880859375,0.901702880859375,4.375164031982422,0.0,0.0,True,True,True,0.6110581653168494
validation,765501,2026-06-15T23:30:00-07:00,765501_1781591400_H30,MINUS_D,763616,773784,3.4067459106445312,3.362983703613281,12.888511657714844,0.043762207031250444,0.004594202782472234,False,False,True,0.7407760123055077
validation,765501,2026-06-15T23:35:00-07:00,765501_1781591700_H30,MINUS_D,763616,763616,0.6665878295898438,0.6665878295898438,9.146846771240234,0.0,0.0,True,True,True,0.7144408355642248
validation,765501,2026-06-15T23:40:00-07:00,765501_1781592000_H30,MINUS_D,763616,776019,3.4026870727539062,0.8366851806640625,6.101020812988281,2.5660018920898438,0.4874312869289732,False,True,False,0.5290336603440892
validation,765501,2026-06-15T23:45:00-07:00,765501_1781592300_H30,MINUS_D,763616,776019,2.677207946777344,0.5329322814941406,5.518070220947266,2.1442756652832036,0.43013366757880184,False,True,False,0.7134938712972815
validation,765501,2026-06-15T23:50:00-07:00,765501_1781592600_H30,MINUS_D,763616,776019,2.755615234375,0.4062042236328125,5.804420471191406,2.3494110107421875,0.43521987690002895,False,False,False,0.5824485237884128
validation,765501,2026-06-15T23:55:00-07:00,765501_1781592900_H30,MINUS_D,763616,763616,1.7599945068359375,1.7599945068359375,10.49136734008789,0.0,0.0,True,True,True,0.643210192110163
validation,765501,2026-06-17T22:00:00-07:00,765501_1781758800_H30,MINUS_D,763616,763616,3.382080078125,3.382080078125,6.303215026855469,0.0,0.0,True,True,True,0.5241097537307087
validation,765501,2026-06-17T22:05:00-07:00,765501_1781759100_H30,MINUS_D,763616,763616,1.907066345214844,1.907066345214844,4.920204162597656,0.0,0.0,True,True,True,0.7011810401735191
validation,765501,2026-06-17T22:10:00-07:00,765501_1781759400_H30,MINUS_D,763616,763616,3.1412353515625,3.1412353515625,8.216136932373047,0.0,0.0,True,True,True,0.6119942239478019
validation,765501,2026-06-17T22:15:00-07:00,765501_1781759700_H30,MINUS_D,763616,763616,3.6384353637695312,3.6384353637695312,8.491710662841797,0.0,0.0,True,True,True,0.6394694711912154
validation,765501,2026-06-17T22:20:00-07:00,765501_1781760000_H30,MINUS_D,763616,763616,0.5210494995117188,0.5210494995117188,5.544830322265625,0.0,0.0,True,True,True,0.7353578115482446
validation,765501,2026-06-17T22:25:00-07:00,765501_1781760300_H30,MINUS_D,763616,773784,1.8023910522460935,0.4557647705078125,3.335399627685547,1.346626281738281,0.4676378598424383,False,False,False,0.6664386160377057
validation,765501,2026-06-18T23:30:00-07:00,765501_1781850600_H30,MINUS_D,763616,763616,1.1622085571289062,1.1622085571289062,7.3306121826171875,0.0,0.0,True,True,True,0.609125456961
validation,765501,2026-06-18T23:35:00-07:00,765501_1781850900_H30,MINUS_D,763616,763616,0.096710205078125,0.096710205078125,7.314727783203125,0.0,0.0,True,True,True,0.6470543008918597
validation,765501,2026-06-18T23:40:00-07:00,765501_1781851200_H30,MINUS_D,763616,763616,1.34796142578125,1.34796142578125,5.965484619140625,0.0,0.0,True,True,True,0.6213907674620709
validation,765501,2026-06-18T23:45:00-07:00,765501_1781851500_H30,MINUS_D,763616,773784,2.1846923828125,0.803955078125,3.684280395507813,1.3807373046875,0.4793685270044764,False,False,False,0.5749489312309828
validation,765501,2026-06-18T23:50:00-07:00,765501_1781851800_H30,MINUS_D,763616,773784,3.5582427978515625,1.0506591796875,3.5582427978515625,2.5075836181640625,1.0,False,False,False,0.7363124143053891
validation,765501,2026-06-18T23:55:00-07:00,765501_1781852100_H30,MINUS_D,763616,773784,3.3749313354492188,0.2287368774414062,3.3749313354492188,3.1461944580078125,1.0,False,False,False,0.6981578276940222
validation,765501,2026-06-24T23:30:00-07:00,765501_1782369000_H30,MINUS_D,776019,763616,6.1489105224609375,0.7396621704101562,6.1489105224609375,5.409248352050781,1.0,False,False,False,0.5330753181122734
validation,765501,2026-06-24T23:35:00-07:00,765501_1782369300_H30,MINUS_D,776019,763616,7.193305969238281,2.143867492675781,7.193305969238281,5.0494384765625,1.0,False,True,False,0.5240510754414603
validation,765501,2026-06-24T23:40:00-07:00,765501_1782369600_H30,MINUS_D,763616,763616,1.307281494140625,1.307281494140625,6.137977600097656,0.0,0.0,True,True,True,0.5471100724618798
validation,765501,2026-06-24T23:45:00-07:00,765501_1782369900_H30,MINUS_D,776019,763616,5.977573394775391,1.3118133544921875,5.977573394775391,4.665760040283203,1.0,False,True,False,0.5377554407409418
validation,765501,2026-06-24T23:50:00-07:00,765501_1782370200_H30,MINUS_D,776019,763616,6.286907196044922,1.9117431640625,6.286907196044922,4.375164031982422,1.0,False,False,False,0.5354299258959964
validation,765501,2026-06-24T23:55:00-07:00,765501_1782370500_H30,MINUS_D,763616,763616,0.84039306640625,0.84039306640625,4.241691589355469,0.0,0.0,True,True,True,0.49969873234125406
validation,765501,2026-06-27T23:30:00-07:00,765501_1782628200_H30,MINUS_D,763616,763616,1.0807342529296875,1.0807342529296875,6.393463134765625,0.0,0.0,True,True,True,0.760983285028046
validation,765501,2026-06-27T23:35:00-07:00,765501_1782628500_H30,MINUS_D,763616,763616,1.0346527099609375,1.0346527099609375,6.511741638183594,0.0,0.0,True,True,True,0.7302209572572788
validation,765501,2026-06-27T23:40:00-07:00,765501_1782628800_H30,MINUS_D,763616,763616,1.3554763793945312,1.3554763793945312,6.3412933349609375,0.0,0.0,True,True,True,0.7667299142435021
validation,765501,2026-06-27T23:45:00-07:00,765501_1782629100_H30,MINUS_D,763616,763616,0.2803421020507812,0.2803421020507812,5.221237182617188,0.0,0.0,True,True,True,0.7911379617782044
validation,765501,2026-06-27T23:50:00-07:00,765501_1782629400_H30,MINUS_D,763616,763616,0.1573638916015625,0.1573638916015625,2.7491912841796875,0.0,0.0,True,True,True,0.7175297412660547
validation,765501,2026-06-27T23:55:00-07:00,765501_1782629700_H30,MINUS_D,763616,763616,0.0630035400390625,0.0630035400390625,4.773464202880859,0.0,0.0,True,True,True,0.7995064897633686
validation,769895,2026-06-03T17:30:00-07:00,769895_1780533000_H30,MINUS_D,769880,769847,3.3738784790039062,1.6959075927734375,8.441547393798828,1.6779708862304688,0.24874896017652823,False,True,False,0.7896410953479683
validation,769895,2026-06-03T17:35:00-07:00,769895_1780533300_H30,MINUS_D,769847,769880,0.97216796875,0.6902694702148438,5.220458984375,0.28189849853515625,0.062226645850911366,False,True,True,0.7260333986382796
validation,769895,2026-06-03T17:40:00-07:00,769895_1780533600_H30,MINUS_D,769880,769880,0.4317245483398437,0.4317245483398437,4.966014862060547,0.0,0.0,True,True,True,0.7912750439018413
validation,769895,2026-06-03T17:45:00-07:00,769895_1780533900_H30,MINUS_D,769847,769866,2.1755294799804688,1.0536956787109375,4.967674255371094,1.1218338012695312,0.28662236629481125,False,True,False,0.7834178261932789
validation,769895,2026-06-03T17:50:00-07:00,769895_1780534200_H30,MINUS_D,769866,769866,0.19903564453125,0.19903564453125,4.173469543457031,0.0,0.0,True,True,True,0.7333929219989486
validation,769895,2026-06-03T17:55:00-07:00,769895_1780534500_H30,MINUS_D,769847,769866,3.623291015625,0.6420745849609375,3.623291015625,2.9812164306640625,1.0,False,True,False,0.8002154882340415
validation,769895,2026-06-04T23:30:00-07:00,769895_1780641000_H30,MINUS_D,769880,769880,0.5397567749023438,0.5397567749023438,2.622886657714844,0.0,0.0,True,True,True,0.626759366656307
validation,769895,2026-06-04T23:35:00-07:00,769895_1780641300_H30,MINUS_D,769847,770385,0.4967880249023437,0.391693115234375,1.2913742065429688,0.1050949096679687,0.11681351390314013,False,False,True,0.5848251945303938
validation,769895,2026-06-04T23:40:00-07:00,769895_1780641600_H30,MINUS_D,769847,769866,3.0213394165039062,2.3920211791992188,4.324180603027344,0.6293182373046875,0.32570720073286685,False,False,False,0.6026459640814852
validation,769895,2026-06-04T23:45:00-07:00,769895_1780641900_H30,MINUS_D,769866,769866,4.1884307861328125,4.1884307861328125,6.109367370605469,0.0,0.0,True,True,True,0.598162366326548
validation,769895,2026-06-04T23:50:00-07:00,769895_1780642200_H30,MINUS_D,769880,769866,8.194202423095703,5.606586456298828,8.194202423095703,2.587615966796875,1.0,False,True,False,0.675613152463636
validation,769895,2026-06-04T23:55:00-07:00,769895_1780642500_H30,MINUS_D,769847,770385,0.5775299072265625,0.1097946166992187,1.3567352294921875,0.4677352905273438,0.37510630877575124,False,False,True,0.690998918842936
validation,769895,2026-06-06T07:20:00-07:00,769895_1780755600_H30,MINUS_D,769847,769847,3.0790557861328125,3.0790557861328125,7.3369598388671875,0.0,0.0,True,True,True,0.5510328043435138
validation,769895,2026-06-06T07:25:00-07:00,769895_1780755900_H30,MINUS_D,769847,769847,3.4980926513671875,3.4980926513671875,9.222999572753906,0.0,0.0,True,True,True,0.5323508698872847
validation,769895,2026-06-06T07:30:00-07:00,769895_1780756200_H30,MINUS_D,769847,769847,0.4498672485351562,0.4498672485351562,6.263149261474609,0.0,0.0,True,True,True,0.5479414382601229
validation,769895,2026-06-06T07:35:00-07:00,769895_1780756500_H30,MINUS_D,770385,770116,0.6853256225585938,0.3459930419921875,2.8180694580078125,0.33933258056640625,0.13726621813468304,False,False,True,0.5430193155709852
validation,769895,2026-06-06T07:40:00-07:00,769895_1780756800_H30,MINUS_D,769847,769880,4.263088226318359,0.6638717651367188,4.263088226318359,3.5992164611816406,1.0,False,False,False,0.5530279959239994
validation,769895,2026-06-06T07:45:00-07:00,769895_1780757100_H30,MINUS_D,770385,769880,2.920745849609375,0.1684761047363281,5.276458740234375,2.752269744873047,0.5388173651464833,False,False,False,0.5434376325722529
validation,769895,2026-06-12T23:30:00-07:00,769895_1781332200_H30,MINUS_D,769847,770385,0.7501602172851562,0.51239013671875,2.6973114013671875,0.23777008056640625,0.10882318022780761,False,False,True,0.7025766162271337
validation,769895,2026-06-12T23:35:00-07:00,769895_1781332500_H30,MINUS_D,769847,769847,0.3840408325195312,0.3840408325195312,2.4090347290039062,0.0,0.0,True,True,True,0.6891093562701098
validation,769895,2026-06-12T23:40:00-07:00,769895_1781332800_H30,MINUS_D,769847,769847,2.233505249023437,2.233505249023437,4.269447326660156,0.0,0.0,True,True,True,0.6563742197444458
validation,769895,2026-06-12T23:45:00-07:00,769895_1781333100_H30,MINUS_D,769847,769847,0.5497207641601562,0.5497207641601562,3.314537048339844,0.0,0.0,True,True,True,0.6986530122050174
validation,769895,2026-06-12T23:50:00-07:00,769895_1781333400_H30,MINUS_D,769847,769866,1.8331985473632808,0.5410308837890625,1.8331985473632808,1.2921676635742183,1.0,False,True,False,0.7184975759118666
validation,769895,2026-06-12T23:55:00-07:00,769895_1781333700_H30,MINUS_D,769847,769880,0.5751190185546875,0.2470016479492187,3.473106384277344,0.3281173706054688,0.1017069802200297,False,False,True,0.725450030406624
validation,769895,2026-06-17T11:15:00-07:00,769895_1781720100_H30,MINUS_D,769880,769880,1.4925460815429688,1.4925460815429688,4.967475891113281,0.0,0.0,True,True,True,0.674874218926097
validation,769965,2026-06-03T17:30:00-07:00,769965_1780533000_H30,MINUS_D,769926,769911,13.641397476196287,2.1030349731445312,17.069358825683594,11.538362503051756,0.7709550198657671,False,False,False,0.730459733957575
validation,769965,2026-06-03T17:35:00-07:00,769965_1780533300_H30,MINUS_D,769926,769867,14.71120262145996,6.391258239746094,14.71120262145996,8.319944381713865,1.0,False,True,False,0.7117921711852044
validation,769965,2026-06-03T17:40:00-07:00,769965_1780533600_H30,MINUS_D,769867,769911,7.989574432373047,5.899688720703125,14.459896087646484,2.089885711669922,0.24413961275521867,False,False,False,0.7277961138064826
validation,769965,2026-06-03T17:45:00-07:00,769965_1780533900_H30,MINUS_D,769926,769911,15.008655548095703,2.885944366455078,15.008655548095703,12.122711181640625,1.0,False,False,False,0.7515919197514926
validation,769965,2026-06-03T17:50:00-07:00,769965_1780534200_H30,MINUS_D,770129,769926,7.876365661621094,6.421836853027344,10.409381866455078,1.45452880859375,0.364767997275452,False,False,False,0.6834731925963445
validation,769965,2026-06-03T17:55:00-07:00,769965_1780534500_H30,MINUS_D,769867,769911,9.352603912353516,4.758838653564453,11.469837188720703,4.5937652587890625,0.6845129282511618,False,False,False,0.6842531809971024
validation,769965,2026-06-04T23:30:00-07:00,769965_1780641000_H30,MINUS_D,770129,769926,0.4351425170898437,0.2534942626953125,1.9320755004882808,0.1816482543945312,0.10821534895348044,False,False,True,0.5738130432661575
validation,769965,2026-06-04T23:35:00-07:00,769965_1780641300_H30,MINUS_D,770129,769926,1.938392639160156,1.320037841796875,2.8302459716796875,0.618354797363281,0.40945005203439305,False,False,False,0.56861515244669
validation,769965,2026-06-04T23:40:00-07:00,769965_1780641600_H30,MINUS_D,769867,769926,4.819755554199219,3.3481369018554688,5.058509826660156,1.47161865234375,0.8604080613073306,False,False,False,0.5989657263735509
validation,769965,2026-06-04T23:45:00-07:00,769965_1780641900_H30,MINUS_D,770129,769926,3.959884643554688,3.30047607421875,5.470161437988281,0.6594085693359379,0.30391898306872744,False,False,False,0.6278814202668028
validation,769965,2026-06-04T23:50:00-07:00,769965_1780642200_H30,MINUS_D,769867,769926,3.5683364868164062,2.063026428222656,6.383457183837891,1.5053100585937504,0.3484166611482684,False,False,False,0.6362498185515848
validation,769965,2026-06-04T23:55:00-07:00,769965_1780642500_H30,MINUS_D,770129,770141,2.6118316650390625,0.8677291870117188,3.0869674682617188,1.7441024780273438,0.785901402640264,False,False,False,0.6585896230976541
validation,769965,2026-06-06T07:20:00-07:00,769965_1780755600_H30,MINUS_D,770129,769926,0.6742095947265625,0.04083251953125,14.251022338867188,0.6333770751953125,0.04457203480374839,False,True,False,0.5229854087890375
validation,769965,2026-06-06T07:25:00-07:00,769965_1780755900_H30,MINUS_D,770129,769867,2.2454376220703125,1.7569351196289062,20.089679718017575,0.48850250244140625,0.026646446734677278,False,True,True,0.5199353605503018
validation,769965,2026-06-06T07:30:00-07:00,769965_1780756200_H30,MINUS_D,770129,770129,3.1787261962890625,3.1787261962890625,24.94419860839844,0.0,0.0,True,True,True,0.5008279970861638
validation,769965,2026-06-06T07:35:00-07:00,769965_1780756500_H30,MINUS_D,769926,770129,1.43182373046875,0.8619461059570312,14.56399154663086,0.5698776245117188,0.04159069731443642,False,False,False,0.4756040827402583
validation,769965,2026-06-06T07:40:00-07:00,769965_1780756800_H30,MINUS_D,769926,769867,0.9959793090820312,0.5607376098632812,10.92458724975586,0.43524169921875,0.04199614181427484,False,False,True,0.4768760462423153
validation,769965,2026-06-06T07:45:00-07:00,769965_1780757100_H30,MINUS_D,770129,769867,3.731719970703125,3.4769821166992188,10.22153091430664,0.25473785400390625,0.03776944339023429,False,True,True,0.4997865172347771
validation,769965,2026-06-12T23:30:00-07:00,769965_1781332200_H30,MINUS_D,769926,769867,0.51123046875,0.0236358642578125,1.108184814453125,0.4875946044921875,0.4495828467718109,False,True,True,0.5619118613717854
validation,769965,2026-06-12T23:35:00-07:00,769965_1781332500_H30,MINUS_D,770129,769867,1.3648223876953125,0.67138671875,2.008941650390625,0.6934356689453125,0.5184352825754638,False,True,False,0.5319083240246166
validation,769965,2026-06-12T23:40:00-07:00,769965_1781332800_H30,MINUS_D,769867,769867,0.051177978515625,0.051177978515625,1.3978424072265625,0.0,0.0,True,True,True,0.6442498787621262
validation,769965,2026-06-12T23:45:00-07:00,769965_1781333100_H30,MINUS_D,770129,769911,0.5866546630859375,0.1507339477539062,1.7287750244140625,0.4359207153320313,0.2762416782297172,False,False,True,0.6127945994975155
validation,769965,2026-06-12T23:50:00-07:00,769965_1781333400_H30,MINUS_D,770129,769926,3.852745056152344,2.9699859619140625,4.59649658203125,0.8827590942382817,0.5427318354519446,False,False,False,0.63036751219998
validation,769965,2026-06-12T23:55:00-07:00,769965_1781333700_H30,MINUS_D,770129,769926,1.0620574951171875,0.4486770629882812,1.8897018432617188,0.6133804321289062,0.42565571427058735,False,False,False,0.6574467597241237
validation,769965,2026-06-17T11:15:00-07:00,769965_1781720100_H30,MINUS_D,770129,769867,2.851715087890625,2.5934715270996094,4.743236541748047,0.2582435607910156,0.12012641336674072,False,False,True,0.5383923264820986
validation,775511,2026-06-06T23:30:00-07:00,775511_1780813800_H30,MINUS_D,764311,764283,2.7627029418945312,0.1591796875,2.7627029418945312,2.6035232543945312,1.0,False,False,False,0.6438027953540582
validation,775511,2026-06-06T23:35:00-07:00,775511_1780814100_H30,MINUS_D,764297,764283,3.031402587890625,0.2073211669921875,3.375885009765625,2.8240814208984375,0.8912812116250511,False,False,False,0.6011302172748053
validation,775511,2026-06-06T23:40:00-07:00,775511_1780814400_H30,MINUS_D,764297,764283,2.9507827758789062,0.0472946166992187,3.904571533203125,2.9034881591796875,0.7527300274337841,False,False,False,0.6084464945841808
validation,775511,2026-06-06T23:45:00-07:00,775511_1780814700_H30,MINUS_D,764311,764283,4.398727416992188,0.042236328125,4.398727416992188,4.356491088867188,1.0,False,False,False,0.5536730863547132
validation,775511,2026-06-06T23:50:00-07:00,775511_1780815000_H30,MINUS_D,764311,764283,5.1397552490234375,0.7138442993164062,5.1397552490234375,4.425910949707031,1.0,False,False,False,0.5986447562673577
validation,775511,2026-06-06T23:55:00-07:00,775511_1780815300_H30,MINUS_D,764311,764283,5.938991546630859,1.6687049865722656,5.938991546630859,4.270286560058594,1.0,False,False,False,0.6097727121060826
validation,775511,2026-06-08T23:30:00-07:00,775511_1780986600_H30,MINUS_D,764311,764311,1.971405029296875,1.971405029296875,8.241268157958984,0.0,0.0,True,True,True,0.5198194459435738
validation,775511,2026-06-08T23:35:00-07:00,775511_1780986900_H30,MINUS_D,764297,764311,2.874458312988281,0.534027099609375,7.944782257080078,2.340431213378906,0.3158154821805902,False,False,False,0.5682165025591466
validation,775511,2026-06-08T23:40:00-07:00,775511_1780987200_H30,MINUS_D,764311,764311,0.3541488647460937,0.3541488647460937,7.579780578613281,0.0,0.0,True,True,True,0.523601483107674
validation,775511,2026-06-08T23:45:00-07:00,775511_1780987500_H30,MINUS_D,764311,764311,0.7415542602539062,0.7415542602539062,7.430770874023437,0.0,0.0,True,True,True,0.5294568430727606
validation,775511,2026-06-08T23:50:00-07:00,775511_1780987800_H30,MINUS_D,764311,764311,0.1132736206054687,0.1132736206054687,5.4522857666015625,0.0,0.0,True,True,True,0.5242923829247993
validation,775511,2026-06-08T23:55:00-07:00,775511_1780988100_H30,MINUS_D,764311,764283,1.110687255859375,0.3416671752929687,4.462131500244141,0.7690200805664062,0.1866343256291921,False,True,False,0.5800182335452118
validation,775511,2026-06-10T23:30:00-07:00,775511_1781159400_H30,MINUS_D,764311,764322,0.5643692016601562,0.0645523071289062,1.1581649780273438,0.49981689453125006,0.4570328305730352,False,False,True,0.5528824846152555
validation,775511,2026-06-10T23:35:00-07:00,775511_1781159700_H30,MINUS_D,764311,764311,1.0601654052734375,1.0601654052734375,4.080123901367188,0.0,0.0,True,True,True,0.5587150497552095
validation,775511,2026-06-10T23:40:00-07:00,775511_1781160000_H30,MINUS_D,764311,764297,0.5753021240234375,0.2941131591796875,4.184654235839844,0.28118896484375,0.07227502789538398,False,False,True,0.5696226467640766
validation,775511,2026-06-10T23:45:00-07:00,775511_1781160300_H30,MINUS_D,764311,764297,0.5681838989257812,0.5332565307617188,3.6620101928710938,0.0349273681640625,0.011163348711996332,False,True,True,0.5635890867611936
validation,775511,2026-06-10T23:50:00-07:00,775511_1781160600_H30,MINUS_D,764311,764297,0.3249282836914062,0.119476318359375,4.832210540771484,0.2054519653320312,0.0435950672446101,False,True,True,0.5664439640850131
validation,775511,2026-06-10T23:55:00-07:00,775511_1781160900_H30,MINUS_D,764311,764297,0.5459747314453125,0.511199951171875,6.973453521728516,0.0347747802734375,0.005381215684862409,False,False,True,0.5681101004513126
validation,775511,2026-06-23T23:30:00-07:00,775511_1782282600_H30,MINUS_D,764311,764311,0.0853652954101562,0.0853652954101562,0.9347610473632812,0.0,0.0,True,True,True,0.6960159932943613
validation,775511,2026-06-23T23:35:00-07:00,775511_1782282900_H30,MINUS_D,764311,764311,0.1087493896484375,0.1087493896484375,2.2272491455078125,0.0,0.0,True,True,True,0.8008285384341391
validation,775511,2026-06-23T23:40:00-07:00,775511_1782283200_H30,MINUS_D,764311,764311,0.337371826171875,0.337371826171875,1.4198379516601562,0.0,0.0,True,True,True,0.8244439921760237
validation,775511,2026-06-23T23:45:00-07:00,775511_1782283500_H30,MINUS_D,764311,764297,1.8790130615234373,0.646728515625,1.8790130615234373,1.2322845458984373,1.0,False,True,False,0.8127140307199854
validation,775511,2026-06-23T23:50:00-07:00,775511_1782283800_H30,MINUS_D,764311,764297,1.7884902954101562,0.0592880249023437,1.7884902954101562,1.7292022705078125,1.0,False,False,False,0.8051920014866891
validation,775511,2026-06-23T23:55:00-07:00,775511_1782284100_H30,MINUS_D,764311,764297,1.515716552734375,0.18756103515625,1.515716552734375,1.328155517578125,1.0,False,True,False,0.8287728343080042
validation,775511,2026-06-26T23:30:00-07:00,775511_1782541800_H30,MINUS_D,764311,764297,0.5294189453125,0.2876434326171875,1.5057449340820312,0.2417755126953125,0.19848552226933652,False,True,True,0.7970748589171589
validation,775511,2026-06-26T23:35:00-07:00,775511_1782542100_H30,MINUS_D,764311,764322,0.7726287841796875,0.3212966918945312,1.7471466064453125,0.4513320922851563,0.3165354836293201,False,False,True,0.8791616247457507
validation,775511,2026-06-26T23:40:00-07:00,775511_1782542400_H30,MINUS_D,764311,764297,1.171539306640625,1.08441162109375,3.4495849609375,0.087127685546875,0.036837759025573534,False,False,True,0.7572133531861737
validation,775511,2026-06-26T23:45:00-07:00,775511_1782542700_H30,MINUS_D,764311,764311,0.323822021484375,0.323822021484375,2.6478347778320312,0.0,0.0,True,True,True,0.8162913033176431
validation,775511,2026-06-26T23:50:00-07:00,775511_1782543000_H30,MINUS_D,764311,764311,1.03961181640625,1.03961181640625,4.322174072265625,0.0,0.0,True,True,True,0.7660244988792869
validation,775511,2026-06-26T23:55:00-07:00,775511_1782543300_H30,MINUS_D,764311,764311,0.1421127319335937,0.1421127319335937,2.880165100097656,0.0,0.0,True,True,True,0.7935162475762398
validation,775536,2026-06-02T23:30:00-07:00,775536_1780468200_H30,MINUS_D,768701,759870,3.9019775390625,3.895332336425781,4.189048767089844,0.006645202636719194,0.02262455192477679,False,True,True,0.5132252529511341
validation,775536,2026-06-02T23:35:00-07:00,775536_1780468500_H30,MINUS_D,768701,759870,0.6510734558105469,0.1459884643554687,0.6510734558105469,0.5050849914550781,1.0,False,True,False,0.5236955178423673
validation,775536,2026-06-02T23:40:00-07:00,775536_1780468800_H30,MINUS_D,774344,759870,2.0790557861328125,1.9369964599609373,2.672309875488281,0.14205932617187522,0.19319561315224307,False,False,True,0.52871316110933
validation,775536,2026-06-02T23:45:00-07:00,775536_1780469100_H30,MINUS_D,718405,774344,6.2437744140625,5.827373504638672,6.2437744140625,0.4164009094238281,1.0,False,False,True,0.5330354909712912
validation,775536,2026-06-02T23:50:00-07:00,775536_1780469400_H30,MINUS_D,759870,774344,6.816951751708984,6.346874237060547,6.961330413818359,0.4700775146484375,0.7650301720926768,False,False,True,0.5168349465069337
validation,775536,2026-06-02T23:55:00-07:00,775536_1780469700_H30,MINUS_D,759870,774344,9.586662292480469,9.152359008789062,10.14324188232422,0.43430328369140625,0.4382993139662904,False,False,True,0.5194298579730401
validation,775536,2026-06-03T19:05:00-07:00,775536_1780538700_H30,MINUS_D,768701,718405,11.834251403808594,4.34954833984375,11.834251403808594,7.484703063964844,1.0,False,False,False,0.39590637707213705
validation,775536,2026-06-03T19:10:00-07:00,775536_1780539000_H30,MINUS_D,759870,718405,8.917720794677734,0.4546356201171875,8.917720794677734,8.463085174560547,1.0,False,False,False,0.4021214854981931
validation,775536,2026-06-03T19:15:00-07:00,775536_1780539300_H30,MINUS_D,759870,774344,6.482833862304688,0.8779869079589844,6.482833862304688,5.604846954345704,1.0,False,False,False,0.4142220101130427
validation,775536,2026-06-03T19:20:00-07:00,775536_1780539600_H30,MINUS_D,759870,759870,0.9929847717285156,0.9929847717285156,8.695808410644531,0.0,0.0,True,True,True,0.42603256392450517
validation,775536,2026-06-03T19:25:00-07:00,775536_1780539900_H30,MINUS_D,759870,759870,2.236003875732422,2.236003875732422,8.882808685302734,0.0,0.0,True,True,True,0.42363788622229964
validation,775536,2026-06-03T19:30:00-07:00,775536_1780540200_H30,MINUS_D,759870,759870,0.7783393859863281,0.7783393859863281,7.191120147705078,0.0,0.0,True,True,True,0.43198405857973965
validation,775536,2026-06-06T23:30:00-07:00,775536_1780813800_H30,MINUS_D,768701,718405,5.819057464599609,2.637031555175781,5.819057464599609,3.1820259094238286,1.0,False,False,False,0.5441630158643793
validation,775536,2026-06-06T23:35:00-07:00,775536_1780814100_H30,MINUS_D,768701,718405,4.196083068847656,0.698974609375,4.196083068847656,3.4971084594726562,1.0,False,False,False,0.513392024354037
validation,775536,2026-06-06T23:40:00-07:00,775536_1780814400_H30,MINUS_D,759870,774344,1.5661659240722656,1.2070159912109375,1.8224639892578125,0.3591499328613281,0.5835585362225417,False,False,True,0.5368138146609099
validation,775536,2026-06-06T23:45:00-07:00,775536_1780814700_H30,MINUS_D,768701,768701,0.8427352905273438,0.8427352905273438,4.23309326171875,0.0,0.0,True,True,True,0.5187655168852542
validation,775536,2026-06-06T23:50:00-07:00,775536_1780815000_H30,MINUS_D,759870,759870,6.500274658203125,6.500274658203125,11.467121124267578,0.0,0.0,True,True,True,0.5092986075175066
validation,775536,2026-06-06T23:55:00-07:00,775536_1780815300_H30,MINUS_D,768701,768701,7.522109985351562,7.522109985351562,11.958580017089844,0.0,0.0,True,True,True,0.5154746609379266
validation,775536,2026-06-10T23:30:00-07:00,775536_1781159400_H30,MINUS_D,768701,718405,4.279777526855469,3.2161865234375,4.926559448242188,1.0635910034179688,0.6218474275365548,False,False,False,0.5218664377753697
validation,775536,2026-06-10T23:35:00-07:00,775536_1781159700_H30,MINUS_D,768701,774344,0.3755874633789062,0.1846847534179687,0.4929237365722656,0.1909027099609375,0.619333440590077,False,False,True,0.525251540393552
validation,775536,2026-06-10T23:40:00-07:00,775536_1781160000_H30,MINUS_D,759870,759870,2.662708282470703,2.662708282470703,3.574569702148437,0.0,0.0,True,True,True,0.5249778763990602
validation,775536,2026-06-10T23:45:00-07:00,775536_1781160300_H30,MINUS_D,759870,768701,6.236118316650391,5.94207763671875,6.779857635498047,0.2940406799316406,0.35097600845099924,False,True,True,0.5169207595776559
validation,775536,2026-06-10T23:50:00-07:00,775536_1781160600_H30,MINUS_D,768701,759870,11.173011779785156,10.151618957519531,12.583229064941406,1.021392822265625,0.42004794236875465,False,False,False,0.5173818017380385
validation,775536,2026-06-10T23:55:00-07:00,775536_1781160900_H30,MINUS_D,768701,768701,13.340568542480469,13.340568542480469,15.339725494384766,0.0,0.0,True,True,True,0.5273962931991093
validation,775536,2026-06-17T11:15:00-07:00,775536_1781720100_H30,MINUS_D,718405,768701,9.093952178955078,2.58099365234375,9.093952178955078,6.512958526611328,1.0,False,False,False,0.522218011216289
validation,775536,2026-06-18T23:30:00-07:00,775536_1781850600_H30,MINUS_D,768701,718405,7.840690612792969,5.707443237304688,7.840690612792969,2.1332473754882804,1.0,False,False,False,0.5175820393140996
validation,775536,2026-06-18T23:35:00-07:00,775536_1781850900_H30,MINUS_D,759870,718405,5.556243896484375,3.5247573852539062,5.752731323242188,2.0314865112304688,0.9118089204691375,False,False,False,0.5222078333894168
validation,775536,2026-06-18T23:40:00-07:00,775536_1781851200_H30,MINUS_D,759870,718405,5.17535400390625,3.705757141113281,5.35443115234375,1.4695968627929692,0.8913811055322891,False,False,False,0.5268269214498829
validation,775536,2026-06-18T23:45:00-07:00,775536_1781851500_H30,MINUS_D,768701,759870,0.8995742797851562,0.84869384765625,1.0768814086914062,0.05088043212890625,0.2229763616302785,False,True,True,0.5256041386428982
validation,775536,2026-06-18T23:50:00-07:00,775536_1781851800_H30,MINUS_D,768701,718405,1.7720718383789062,1.6835861206054688,1.858203887939453,0.0884857177734375,0.5067394866193343,False,False,True,0.5295367606043815
validation,775536,2026-06-18T23:55:00-07:00,775536_1781852100_H30,MINUS_D,768701,774344,3.181812286376953,2.628082275390625,3.181812286376953,0.5537300109863281,1.0,False,False,False,0.5341043999017238
validation,775536,2026-06-22T23:30:00-07:00,775536_1782196200_H30,MINUS_D,759870,718405,6.364597320556641,4.532600402832031,8.882160186767578,1.8319969177246094,0.4211913409009385,False,False,False,0.5286096017849922
validation,775536,2026-06-22T23:35:00-07:00,775536_1782196500_H30,MINUS_D,759870,718405,9.846111297607422,7.443389892578125,12.346569061279297,2.402721405029297,0.49003336862882085,False,False,False,0.527538959514037
validation,775536,2026-06-22T23:40:00-07:00,775536_1782196800_H30,MINUS_D,768701,718405,9.478973388671877,7.09967041015625,11.747512817382812,2.3793029785156268,0.5119155879330669,False,True,False,0.5153431926811202
validation,775536,2026-06-22T23:45:00-07:00,775536_1782197100_H30,MINUS_D,759870,718405,9.902374267578123,7.487525939941406,11.862632751464844,2.414848327636717,0.5519518566441245,False,False,False,0.5241417263879413
validation,775536,2026-06-22T23:50:00-07:00,775536_1782197400_H30,MINUS_D,768701,718405,7.416790008544922,4.67864990234375,8.536449432373047,2.738140106201172,0.7097673388384642,False,False,False,0.5399928381882593
validation,775536,2026-06-22T23:55:00-07:00,775536_1782197700_H30,MINUS_D,768701,718405,4.546878814697266,2.8359146118164062,6.718711853027344,1.7109642028808594,0.4406524720686308,False,False,False,0.5192172586937452
validation,775536,2026-06-26T23:30:00-07:00,775536_1782541800_H30,MINUS_D,768701,768701,6.690624237060547,6.690624237060547,7.755794525146484,0.0,0.0,True,True,True,0.5351792074441355
validation,775536,2026-06-26T23:35:00-07:00,775536_1782542100_H30,MINUS_D,759870,768701,5.639072418212891,5.341968536376953,6.639743804931641,0.2971038818359375,0.22893322829831514,False,True,True,0.544909583621836
validation,775536,2026-06-26T23:40:00-07:00,775536_1782542400_H30,MINUS_D,759870,768701,6.6530609130859375,6.455196380615234,7.586502075195312,0.19786453247070312,0.17489926323065783,False,False,True,0.5413469120765111
validation,775536,2026-06-26T23:45:00-07:00,775536_1782542700_H30,MINUS_D,768701,759870,3.1729965209960938,2.760845184326172,4.582660675048828,0.4121513366699219,0.2262311077980979,False,False,True,0.5113723633239405
validation,775536,2026-06-26T23:50:00-07:00,775536_1782543000_H30,MINUS_D,768701,759870,4.838722229003906,4.496604919433594,6.734905242919922,0.3421173095703125,0.15284691959363075,False,True,True,0.5409810583428829
validation,775536,2026-06-26T23:55:00-07:00,775536_1782543300_H30,MINUS_D,759870,759870,6.547634124755859,6.547634124755859,8.909114837646484,0.0,0.0,True,True,True,0.5005282764757384
validation,765501,2026-06-03T15:25:00-07:00,765501_1780525500_H30,MINUS_C,773773,773773,9.265514373779297,9.265514373779297,14.717269897460938,0.0,0.0,True,True,True,0.529758268405744
validation,765501,2026-06-03T15:30:00-07:00,765501_1780525800_H30,MINUS_C,773773,763616,10.149818420410156,7.766017913818359,12.859901428222656,2.383800506591797,0.46797310928900776,False,False,False,0.537274568448891
validation,765501,2026-06-03T15:35:00-07:00,765501_1780526100_H30,MINUS_C,773773,763616,11.66946792602539,2.32741928100586,14.131969451904297,9.342048645019531,0.7913938701408826,False,False,False,0.5243282491617574
validation,765501,2026-06-03T15:40:00-07:00,765501_1780526400_H30,MINUS_C,773773,763616,11.764209747314451,5.4029083251953125,16.140243530273438,6.361301422119139,0.5924469433636215,False,False,False,0.5079361315480835
validation,765501,2026-06-03T15:45:00-07:00,765501_1780526700_H30,MINUS_C,773773,763616,12.993793487548828,5.657157897949219,16.346275329589844,7.336635589599609,0.6863649535632,False,False,False,0.47532095865331253
validation,765501,2026-06-03T15:50:00-07:00,765501_1780527000_H30,MINUS_C,773773,763616,13.161766052246094,8.121150970458984,18.257583618164062,5.040615081787109,0.49727702604804674,False,False,False,0.4455785203398291
validation,765501,2026-06-06T07:20:00-07:00,765501_1780755600_H30,MINUS_C,763616,763616,0.408782958984375,0.408782958984375,4.986431121826172,0.0,0.0,True,True,True,0.5858326194540195
validation,765501,2026-06-06T07:25:00-07:00,765501_1780755900_H30,MINUS_C,763616,717951,1.88330078125,1.1006240844726562,5.812053680419922,0.7826766967773438,0.16612297410760335,False,True,False,0.5859388355429683
validation,765501,2026-06-06T07:30:00-07:00,765501_1780756200_H30,MINUS_C,763616,763616,0.959503173828125,0.959503173828125,5.2108001708984375,0.0,0.0,True,True,True,0.5571178799377455
validation,765501,2026-06-06T07:35:00-07:00,765501_1780756500_H30,MINUS_C,763616,776019,1.9462661743164065,0.2828750610351562,5.2697296142578125,1.6633911132812502,0.3335551690005309,False,False,False,0.590333025953656
validation,765501,2026-06-06T07:40:00-07:00,765501_1780756800_H30,MINUS_C,763616,717951,1.40594482421875,0.369842529296875,3.689170837402344,1.036102294921875,0.3121421561078536,False,True,False,0.5815571269362323
validation,765501,2026-06-06T07:45:00-07:00,765501_1780757100_H30,MINUS_C,763616,776019,1.5462493896484375,0.2406005859375,4.611083984375,1.3056488037109375,0.29874242381923305,False,False,False,0.5666243811644565
validation,765501,2026-06-11T23:30:00-07:00,765501_1781245800_H30,MINUS_C,763616,763616,1.5694046020507812,1.5694046020507812,7.730613708496094,0.0,0.0,True,True,True,0.6783621262044268
validation,765501,2026-06-11T23:35:00-07:00,765501_1781246100_H30,MINUS_C,763616,763616,1.4680938720703125,1.4680938720703125,6.0147247314453125,0.0,0.0,True,True,True,0.570372687447203
validation,765501,2026-06-11T23:40:00-07:00,765501_1781246400_H30,MINUS_C,763616,773784,1.3957290649414062,1.1476974487304688,5.465484619140625,0.2480316162109375,0.05744415053866039,False,False,True,0.6491156747424969
validation,765501,2026-06-11T23:45:00-07:00,765501_1781246700_H30,MINUS_C,763616,763616,0.6777496337890625,0.6777496337890625,6.084281921386719,0.0,0.0,True,True,True,0.6891759226535104
validation,765501,2026-06-11T23:50:00-07:00,765501_1781247000_H30,MINUS_C,763616,763616,0.0621871948242187,0.0621871948242187,5.580940246582031,0.0,0.0,True,True,True,0.6135256562022365
validation,765501,2026-06-11T23:55:00-07:00,765501_1781247300_H30,MINUS_C,763616,763616,0.901702880859375,0.901702880859375,4.375164031982422,0.0,0.0,True,True,True,0.6241466787711157
validation,765501,2026-06-15T23:30:00-07:00,765501_1781591400_H30,MINUS_C,763616,773784,3.4067459106445312,3.362983703613281,12.888511657714844,0.043762207031250444,0.004594202782472234,False,False,True,0.7334322647589853
validation,765501,2026-06-15T23:35:00-07:00,765501_1781591700_H30,MINUS_C,763616,763616,0.6665878295898438,0.6665878295898438,9.146846771240234,0.0,0.0,True,True,True,0.7334730141913772
validation,765501,2026-06-15T23:40:00-07:00,765501_1781592000_H30,MINUS_C,763616,776019,3.4026870727539062,0.8366851806640625,6.101020812988281,2.5660018920898438,0.4874312869289732,False,False,False,0.5567703901368942
validation,765501,2026-06-15T23:45:00-07:00,765501_1781592300_H30,MINUS_C,763616,776019,2.677207946777344,0.5329322814941406,5.518070220947266,2.1442756652832036,0.43013366757880184,False,False,False,0.6962879764526819
validation,765501,2026-06-15T23:50:00-07:00,765501_1781592600_H30,MINUS_C,763616,776019,2.755615234375,0.4062042236328125,5.804420471191406,2.3494110107421875,0.43521987690002895,False,False,False,0.5975759423179657
validation,765501,2026-06-15T23:55:00-07:00,765501_1781592900_H30,MINUS_C,763616,763616,1.7599945068359375,1.7599945068359375,10.49136734008789,0.0,0.0,True,True,True,0.6596742497030688
validation,765501,2026-06-17T22:00:00-07:00,765501_1781758800_H30,MINUS_C,763616,763616,3.382080078125,3.382080078125,6.303215026855469,0.0,0.0,True,True,True,0.5489632299467897
validation,765501,2026-06-17T22:05:00-07:00,765501_1781759100_H30,MINUS_C,763616,763616,1.907066345214844,1.907066345214844,4.920204162597656,0.0,0.0,True,True,True,0.695891974670461
validation,765501,2026-06-17T22:10:00-07:00,765501_1781759400_H30,MINUS_C,763616,763616,3.1412353515625,3.1412353515625,8.216136932373047,0.0,0.0,True,True,True,0.6118963612810348
validation,765501,2026-06-17T22:15:00-07:00,765501_1781759700_H30,MINUS_C,763616,763616,3.6384353637695312,3.6384353637695312,8.491710662841797,0.0,0.0,True,True,True,0.6319704045918015
validation,765501,2026-06-17T22:20:00-07:00,765501_1781760000_H30,MINUS_C,763616,763616,0.5210494995117188,0.5210494995117188,5.544830322265625,0.0,0.0,True,True,True,0.7234600912624476
validation,765501,2026-06-17T22:25:00-07:00,765501_1781760300_H30,MINUS_C,763616,773784,1.8023910522460935,0.4557647705078125,3.335399627685547,1.346626281738281,0.4676378598424383,False,False,False,0.6704761946492164
validation,765501,2026-06-18T23:30:00-07:00,765501_1781850600_H30,MINUS_C,763616,763616,1.1622085571289062,1.1622085571289062,7.3306121826171875,0.0,0.0,True,True,True,0.6192551929718827
validation,765501,2026-06-18T23:35:00-07:00,765501_1781850900_H30,MINUS_C,763616,763616,0.096710205078125,0.096710205078125,7.314727783203125,0.0,0.0,True,True,True,0.643041712256724
validation,765501,2026-06-18T23:40:00-07:00,765501_1781851200_H30,MINUS_C,763616,763616,1.34796142578125,1.34796142578125,5.965484619140625,0.0,0.0,True,True,True,0.6391500131264214
validation,765501,2026-06-18T23:45:00-07:00,765501_1781851500_H30,MINUS_C,763616,773784,2.1846923828125,0.803955078125,3.684280395507813,1.3807373046875,0.4793685270044764,False,False,False,0.5826453898801625
validation,765501,2026-06-18T23:50:00-07:00,765501_1781851800_H30,MINUS_C,763616,773784,3.5582427978515625,1.0506591796875,3.5582427978515625,2.5075836181640625,1.0,False,False,False,0.7341633414816476
validation,765501,2026-06-18T23:55:00-07:00,765501_1781852100_H30,MINUS_C,763616,773784,3.3749313354492188,0.2287368774414062,3.3749313354492188,3.1461944580078125,1.0,False,False,False,0.6947217827218906
validation,765501,2026-06-24T23:30:00-07:00,765501_1782369000_H30,MINUS_C,773773,763616,4.304725646972656,0.7396621704101562,6.1489105224609375,3.5650634765625,0.6590681818502372,False,False,False,0.5355381390262677
validation,765501,2026-06-24T23:35:00-07:00,765501_1782369300_H30,MINUS_C,773773,763616,6.843162536621094,2.143867492675781,7.193305969238281,4.6992950439453125,0.9306569563640759,False,False,False,0.527971755864156
validation,765501,2026-06-24T23:40:00-07:00,765501_1782369600_H30,MINUS_C,763616,763616,1.307281494140625,1.307281494140625,6.137977600097656,0.0,0.0,True,True,True,0.5498488356587643
validation,765501,2026-06-24T23:45:00-07:00,765501_1782369900_H30,MINUS_C,773773,763616,5.220672607421875,1.3118133544921875,5.977573394775391,3.9088592529296875,0.8377754576277838,False,False,False,0.5290097550166231
validation,765501,2026-06-24T23:50:00-07:00,765501_1782370200_H30,MINUS_C,773773,763616,5.454704284667969,1.9117431640625,6.286907196044922,3.5429611206054688,0.8097893232588412,False,False,False,0.530903817005292
validation,765501,2026-06-24T23:55:00-07:00,765501_1782370500_H30,MINUS_C,773773,763616,4.241691589355469,0.84039306640625,4.241691589355469,3.4012985229492188,1.0,False,True,False,0.5246939813354419
validation,765501,2026-06-27T23:30:00-07:00,765501_1782628200_H30,MINUS_C,763616,763616,1.0807342529296875,1.0807342529296875,6.393463134765625,0.0,0.0,True,True,True,0.7578181692711469
validation,765501,2026-06-27T23:35:00-07:00,765501_1782628500_H30,MINUS_C,763616,763616,1.0346527099609375,1.0346527099609375,6.511741638183594,0.0,0.0,True,True,True,0.7333860088814489
validation,765501,2026-06-27T23:40:00-07:00,765501_1782628800_H30,MINUS_C,763616,763616,1.3554763793945312,1.3554763793945312,6.3412933349609375,0.0,0.0,True,True,True,0.7773136188022707
validation,765501,2026-06-27T23:45:00-07:00,765501_1782629100_H30,MINUS_C,763616,763616,0.2803421020507812,0.2803421020507812,5.221237182617188,0.0,0.0,True,True,True,0.7954043684272625
validation,765501,2026-06-27T23:50:00-07:00,765501_1782629400_H30,MINUS_C,763616,763616,0.1573638916015625,0.1573638916015625,2.7491912841796875,0.0,0.0,True,True,True,0.743391869481867
validation,765501,2026-06-27T23:55:00-07:00,765501_1782629700_H30,MINUS_C,763616,763616,0.0630035400390625,0.0630035400390625,4.773464202880859,0.0,0.0,True,True,True,0.7868506963093473
validation,769895,2026-06-03T17:30:00-07:00,769895_1780533000_H30,MINUS_C,769880,769847,3.3738784790039062,1.6959075927734375,8.441547393798828,1.6779708862304688,0.24874896017652823,False,True,False,0.7709453125104048
validation,769895,2026-06-03T17:35:00-07:00,769895_1780533300_H30,MINUS_C,769880,769880,0.6902694702148438,0.6902694702148438,5.220458984375,0.0,0.0,True,True,True,0.7306403677851486
validation,769895,2026-06-03T17:40:00-07:00,769895_1780533600_H30,MINUS_C,769880,769880,0.4317245483398437,0.4317245483398437,4.966014862060547,0.0,0.0,True,True,True,0.7927012196794168
validation,769895,2026-06-03T17:45:00-07:00,769895_1780533900_H30,MINUS_C,769847,769866,2.1755294799804688,1.0536956787109375,4.967674255371094,1.1218338012695312,0.28662236629481125,False,True,False,0.7534311396958511
validation,769895,2026-06-03T17:50:00-07:00,769895_1780534200_H30,MINUS_C,769866,769866,0.19903564453125,0.19903564453125,4.173469543457031,0.0,0.0,True,True,True,0.7124620632072582
validation,769895,2026-06-03T17:55:00-07:00,769895_1780534500_H30,MINUS_C,769847,769866,3.623291015625,0.6420745849609375,3.623291015625,2.9812164306640625,1.0,False,True,False,0.7900015885670475
validation,769895,2026-06-04T23:30:00-07:00,769895_1780641000_H30,MINUS_C,769880,769880,0.5397567749023438,0.5397567749023438,2.622886657714844,0.0,0.0,True,True,True,0.6246759955035364
validation,769895,2026-06-04T23:35:00-07:00,769895_1780641300_H30,MINUS_C,769847,770385,0.4967880249023437,0.391693115234375,1.2913742065429688,0.1050949096679687,0.11681351390314013,False,False,True,0.5565902054299295
validation,769895,2026-06-04T23:40:00-07:00,769895_1780641600_H30,MINUS_C,769847,769866,3.0213394165039062,2.3920211791992188,4.324180603027344,0.6293182373046875,0.32570720073286685,False,False,False,0.5762196597176273
validation,769895,2026-06-04T23:45:00-07:00,769895_1780641900_H30,MINUS_C,769866,769866,4.1884307861328125,4.1884307861328125,6.109367370605469,0.0,0.0,True,True,True,0.5840144299279577
validation,769895,2026-06-04T23:50:00-07:00,769895_1780642200_H30,MINUS_C,769880,769866,8.194202423095703,5.606586456298828,8.194202423095703,2.587615966796875,1.0,False,True,False,0.6646217094722107
validation,769895,2026-06-04T23:55:00-07:00,769895_1780642500_H30,MINUS_C,769847,770385,0.5775299072265625,0.1097946166992187,1.3567352294921875,0.4677352905273438,0.37510630877575124,False,False,True,0.6927630034927879
validation,769895,2026-06-06T07:20:00-07:00,769895_1780755600_H30,MINUS_C,769847,769847,3.0790557861328125,3.0790557861328125,7.3369598388671875,0.0,0.0,True,True,True,0.5566371146932275
validation,769895,2026-06-06T07:25:00-07:00,769895_1780755900_H30,MINUS_C,769847,769847,3.4980926513671875,3.4980926513671875,9.222999572753906,0.0,0.0,True,True,True,0.5254875614981819
validation,769895,2026-06-06T07:30:00-07:00,769895_1780756200_H30,MINUS_C,769847,769847,0.4498672485351562,0.4498672485351562,6.263149261474609,0.0,0.0,True,True,True,0.5511114155192957
validation,769895,2026-06-06T07:35:00-07:00,769895_1780756500_H30,MINUS_C,769847,770116,2.8180694580078125,0.3459930419921875,2.8180694580078125,2.472076416015625,1.0,False,False,False,0.5157632642760523
validation,769895,2026-06-06T07:40:00-07:00,769895_1780756800_H30,MINUS_C,769847,769880,4.263088226318359,0.6638717651367188,4.263088226318359,3.5992164611816406,1.0,False,False,False,0.5352447318417581
validation,769895,2026-06-06T07:45:00-07:00,769895_1780757100_H30,MINUS_C,770385,769880,2.920745849609375,0.1684761047363281,5.276458740234375,2.752269744873047,0.5388173651464833,False,False,False,0.5111798733395483
validation,769895,2026-06-12T23:30:00-07:00,769895_1781332200_H30,MINUS_C,769847,770385,0.7501602172851562,0.51239013671875,2.6973114013671875,0.23777008056640625,0.10882318022780761,False,False,True,0.7038804633524824
validation,769895,2026-06-12T23:35:00-07:00,769895_1781332500_H30,MINUS_C,769847,769847,0.3840408325195312,0.3840408325195312,2.4090347290039062,0.0,0.0,True,True,True,0.6842198002455899
validation,769895,2026-06-12T23:40:00-07:00,769895_1781332800_H30,MINUS_C,769847,769847,2.233505249023437,2.233505249023437,4.269447326660156,0.0,0.0,True,True,True,0.6601896275040507
validation,769895,2026-06-12T23:45:00-07:00,769895_1781333100_H30,MINUS_C,769847,769847,0.5497207641601562,0.5497207641601562,3.314537048339844,0.0,0.0,True,True,True,0.6990333962341342
validation,769895,2026-06-12T23:50:00-07:00,769895_1781333400_H30,MINUS_C,769847,769866,1.8331985473632808,0.5410308837890625,1.8331985473632808,1.2921676635742183,1.0,False,False,False,0.7085417917158572
validation,769895,2026-06-12T23:55:00-07:00,769895_1781333700_H30,MINUS_C,769847,769880,0.5751190185546875,0.2470016479492187,3.473106384277344,0.3281173706054688,0.1017069802200297,False,False,True,0.6990368037090189
validation,769895,2026-06-17T11:15:00-07:00,769895_1781720100_H30,MINUS_C,769880,769880,1.4925460815429688,1.4925460815429688,4.967475891113281,0.0,0.0,True,True,True,0.6589192201281597
validation,769965,2026-06-03T17:30:00-07:00,769965_1780533000_H30,MINUS_C,769926,769911,13.641397476196287,2.1030349731445312,17.069358825683594,11.538362503051756,0.7709550198657671,False,False,False,0.708203121336109
validation,769965,2026-06-03T17:35:00-07:00,769965_1780533300_H30,MINUS_C,769926,769867,14.71120262145996,6.391258239746094,14.71120262145996,8.319944381713865,1.0,False,True,False,0.6902713781435239
validation,769965,2026-06-03T17:40:00-07:00,769965_1780533600_H30,MINUS_C,769867,769911,7.989574432373047,5.899688720703125,14.459896087646484,2.089885711669922,0.24413961275521867,False,False,False,0.7257984321736592
validation,769965,2026-06-03T17:45:00-07:00,769965_1780533900_H30,MINUS_C,769926,769911,15.008655548095703,2.885944366455078,15.008655548095703,12.122711181640625,1.0,False,False,False,0.7292955847487614
validation,769965,2026-06-03T17:50:00-07:00,769965_1780534200_H30,MINUS_C,770129,769926,7.876365661621094,6.421836853027344,10.409381866455078,1.45452880859375,0.364767997275452,False,False,False,0.6899378840507484
validation,769965,2026-06-03T17:55:00-07:00,769965_1780534500_H30,MINUS_C,770141,769911,7.274608612060547,4.758838653564453,11.469837188720703,2.5157699584960938,0.3748726728693169,False,False,False,0.7009317938727788
validation,769965,2026-06-04T23:30:00-07:00,769965_1780641000_H30,MINUS_C,770129,769926,0.4351425170898437,0.2534942626953125,1.9320755004882808,0.1816482543945312,0.10821534895348044,False,False,True,0.5793775358007729
validation,769965,2026-06-04T23:35:00-07:00,769965_1780641300_H30,MINUS_C,770129,769926,1.938392639160156,1.320037841796875,2.8302459716796875,0.618354797363281,0.40945005203439305,False,False,False,0.5684585805167395
validation,769965,2026-06-04T23:40:00-07:00,769965_1780641600_H30,MINUS_C,769867,769926,4.819755554199219,3.3481369018554688,5.058509826660156,1.47161865234375,0.8604080613073306,False,False,False,0.5784601311683808
validation,769965,2026-06-04T23:45:00-07:00,769965_1780641900_H30,MINUS_C,770129,769926,3.959884643554688,3.30047607421875,5.470161437988281,0.6594085693359379,0.30391898306872744,False,False,False,0.637574828101773
validation,769965,2026-06-04T23:50:00-07:00,769965_1780642200_H30,MINUS_C,770129,769926,2.6276931762695312,2.063026428222656,6.383457183837891,0.5646667480468754,0.13069686334238362,False,False,False,0.6469148420365389
validation,769965,2026-06-04T23:55:00-07:00,769965_1780642500_H30,MINUS_C,770129,770141,2.6118316650390625,0.8677291870117188,3.0869674682617188,1.7441024780273438,0.785901402640264,False,False,False,0.6629535994401841
validation,769965,2026-06-06T07:20:00-07:00,769965_1780755600_H30,MINUS_C,770129,769926,0.6742095947265625,0.04083251953125,14.251022338867188,0.6333770751953125,0.04457203480374839,False,True,False,0.5140672594858366
validation,769965,2026-06-06T07:25:00-07:00,769965_1780755900_H30,MINUS_C,770129,769867,2.2454376220703125,1.7569351196289062,20.089679718017575,0.48850250244140625,0.026646446734677278,False,True,True,0.5223605852899602
validation,769965,2026-06-06T07:30:00-07:00,769965_1780756200_H30,MINUS_C,770129,770129,3.1787261962890625,3.1787261962890625,24.94419860839844,0.0,0.0,True,True,True,0.5061132778903912
validation,769965,2026-06-06T07:35:00-07:00,769965_1780756500_H30,MINUS_C,769926,770129,1.43182373046875,0.8619461059570312,14.56399154663086,0.5698776245117188,0.04159069731443642,False,False,False,0.4525441401500663
validation,769965,2026-06-06T07:40:00-07:00,769965_1780756800_H30,MINUS_C,770129,769867,1.1840133666992188,0.5607376098632812,10.92458724975586,0.6232757568359375,0.060139405577327325,False,True,False,0.4821952518705497
validation,769965,2026-06-06T07:45:00-07:00,769965_1780757100_H30,MINUS_C,770129,769867,3.731719970703125,3.4769821166992188,10.22153091430664,0.25473785400390625,0.03776944339023429,False,False,True,0.49087989129297
validation,769965,2026-06-12T23:30:00-07:00,769965_1781332200_H30,MINUS_C,769926,769867,0.51123046875,0.0236358642578125,1.108184814453125,0.4875946044921875,0.4495828467718109,False,False,True,0.5811819989589715
validation,769965,2026-06-12T23:35:00-07:00,769965_1781332500_H30,MINUS_C,770129,769867,1.3648223876953125,0.67138671875,2.008941650390625,0.6934356689453125,0.5184352825754638,False,True,False,0.5615043845962009
validation,769965,2026-06-12T23:40:00-07:00,769965_1781332800_H30,MINUS_C,769867,769867,0.051177978515625,0.051177978515625,1.3978424072265625,0.0,0.0,True,True,True,0.6456281054026753
validation,769965,2026-06-12T23:45:00-07:00,769965_1781333100_H30,MINUS_C,770129,769911,0.5866546630859375,0.1507339477539062,1.7287750244140625,0.4359207153320313,0.2762416782297172,False,False,True,0.6037094303766366
validation,769965,2026-06-12T23:50:00-07:00,769965_1781333400_H30,MINUS_C,770129,769926,3.852745056152344,2.9699859619140625,4.59649658203125,0.8827590942382817,0.5427318354519446,False,False,False,0.6408088128319924
validation,769965,2026-06-12T23:55:00-07:00,769965_1781333700_H30,MINUS_C,770129,769926,1.0620574951171875,0.4486770629882812,1.8897018432617188,0.6133804321289062,0.42565571427058735,False,False,False,0.6669220873911252
validation,769965,2026-06-17T11:15:00-07:00,769965_1781720100_H30,MINUS_C,770129,769867,2.851715087890625,2.5934715270996094,4.743236541748047,0.2582435607910156,0.12012641336674072,False,False,True,0.5445559863150571
validation,775511,2026-06-06T23:30:00-07:00,775511_1780813800_H30,MINUS_C,764311,764283,2.7627029418945312,0.1591796875,2.7627029418945312,2.6035232543945312,1.0,False,False,False,0.6007838289758457
validation,775511,2026-06-06T23:35:00-07:00,775511_1780814100_H30,MINUS_C,764297,764283,3.031402587890625,0.2073211669921875,3.375885009765625,2.8240814208984375,0.8912812116250511,False,False,False,0.5787903106502688
validation,775511,2026-06-06T23:40:00-07:00,775511_1780814400_H30,MINUS_C,764297,764283,2.9507827758789062,0.0472946166992187,3.904571533203125,2.9034881591796875,0.7527300274337841,False,False,False,0.5735583715285749
validation,775511,2026-06-06T23:45:00-07:00,775511_1780814700_H30,MINUS_C,764311,764283,4.398727416992188,0.042236328125,4.398727416992188,4.356491088867188,1.0,False,False,False,0.5440191450784224
validation,775511,2026-06-06T23:50:00-07:00,775511_1780815000_H30,MINUS_C,764311,764283,5.1397552490234375,0.7138442993164062,5.1397552490234375,4.425910949707031,1.0,False,False,False,0.5791793210901444
validation,775511,2026-06-06T23:55:00-07:00,775511_1780815300_H30,MINUS_C,764311,764283,5.938991546630859,1.6687049865722656,5.938991546630859,4.270286560058594,1.0,False,False,False,0.5745881894479814
validation,775511,2026-06-08T23:30:00-07:00,775511_1780986600_H30,MINUS_C,764311,764311,1.971405029296875,1.971405029296875,8.241268157958984,0.0,0.0,True,True,True,0.5143318584652963
validation,775511,2026-06-08T23:35:00-07:00,775511_1780986900_H30,MINUS_C,764297,764311,2.874458312988281,0.534027099609375,7.944782257080078,2.340431213378906,0.3158154821805902,False,False,False,0.5317852058869385
validation,775511,2026-06-08T23:40:00-07:00,775511_1780987200_H30,MINUS_C,764283,764311,1.1890487670898438,0.3541488647460937,7.579780578613281,0.83489990234375,0.11554697712332036,False,True,False,0.5088351175482572
validation,775511,2026-06-08T23:45:00-07:00,775511_1780987500_H30,MINUS_C,764311,764311,0.7415542602539062,0.7415542602539062,7.430770874023437,0.0,0.0,True,True,True,0.5133368585517396
validation,775511,2026-06-08T23:50:00-07:00,775511_1780987800_H30,MINUS_C,764283,764311,1.5871047973632812,0.1132736206054687,5.4522857666015625,1.4738311767578125,0.2760494144713809,False,False,False,0.5144287435237136
validation,775511,2026-06-08T23:55:00-07:00,775511_1780988100_H30,MINUS_C,764311,764283,1.110687255859375,0.3416671752929687,4.462131500244141,0.7690200805664062,0.1866343256291921,False,True,False,0.5507278778249166
validation,775511,2026-06-10T23:30:00-07:00,775511_1781159400_H30,MINUS_C,764311,764322,0.5643692016601562,0.0645523071289062,1.1581649780273438,0.49981689453125006,0.4570328305730352,False,False,True,0.5223264423948939
validation,775511,2026-06-10T23:35:00-07:00,775511_1781159700_H30,MINUS_C,764311,764311,1.0601654052734375,1.0601654052734375,4.080123901367188,0.0,0.0,True,True,True,0.5271770038362302
validation,775511,2026-06-10T23:40:00-07:00,775511_1781160000_H30,MINUS_C,764311,764297,0.5753021240234375,0.2941131591796875,4.184654235839844,0.28118896484375,0.07227502789538398,False,False,True,0.5520117269592048
validation,775511,2026-06-10T23:45:00-07:00,775511_1781160300_H30,MINUS_C,764311,764297,0.5681838989257812,0.5332565307617188,3.6620101928710938,0.0349273681640625,0.011163348711996332,False,True,True,0.5399217764883978
validation,775511,2026-06-10T23:50:00-07:00,775511_1781160600_H30,MINUS_C,764311,764297,0.3249282836914062,0.119476318359375,4.832210540771484,0.2054519653320312,0.0435950672446101,False,True,True,0.5438748163208305
validation,775511,2026-06-10T23:55:00-07:00,775511_1781160900_H30,MINUS_C,764311,764297,0.5459747314453125,0.511199951171875,6.973453521728516,0.0347747802734375,0.005381215684862409,False,False,True,0.545833223220582
validation,775511,2026-06-23T23:30:00-07:00,775511_1782282600_H30,MINUS_C,764311,764311,0.0853652954101562,0.0853652954101562,0.9347610473632812,0.0,0.0,True,True,True,0.669273307215378
validation,775511,2026-06-23T23:35:00-07:00,775511_1782282900_H30,MINUS_C,764311,764311,0.1087493896484375,0.1087493896484375,2.2272491455078125,0.0,0.0,True,True,True,0.7763944637063233
validation,775511,2026-06-23T23:40:00-07:00,775511_1782283200_H30,MINUS_C,764311,764311,0.337371826171875,0.337371826171875,1.4198379516601562,0.0,0.0,True,True,True,0.7830731688201322
validation,775511,2026-06-23T23:45:00-07:00,775511_1782283500_H30,MINUS_C,764311,764297,1.8790130615234373,0.646728515625,1.8790130615234373,1.2322845458984373,1.0,False,True,False,0.776565313517493
validation,775511,2026-06-23T23:50:00-07:00,775511_1782283800_H30,MINUS_C,764311,764297,1.7884902954101562,0.0592880249023437,1.7884902954101562,1.7292022705078125,1.0,False,False,False,0.7708485223915185
validation,775511,2026-06-23T23:55:00-07:00,775511_1782284100_H30,MINUS_C,764311,764297,1.515716552734375,0.18756103515625,1.515716552734375,1.328155517578125,1.0,False,True,False,0.7901886478740681
validation,775511,2026-06-26T23:30:00-07:00,775511_1782541800_H30,MINUS_C,764311,764297,0.5294189453125,0.2876434326171875,1.5057449340820312,0.2417755126953125,0.19848552226933652,False,True,True,0.7851681972601297
validation,775511,2026-06-26T23:35:00-07:00,775511_1782542100_H30,MINUS_C,764311,764322,0.7726287841796875,0.3212966918945312,1.7471466064453125,0.4513320922851563,0.3165354836293201,False,False,True,0.8398112844824897
validation,775511,2026-06-26T23:40:00-07:00,775511_1782542400_H30,MINUS_C,764311,764297,1.171539306640625,1.08441162109375,3.4495849609375,0.087127685546875,0.036837759025573534,False,False,True,0.7541042112217946
validation,775511,2026-06-26T23:45:00-07:00,775511_1782542700_H30,MINUS_C,764311,764311,0.323822021484375,0.323822021484375,2.6478347778320312,0.0,0.0,True,True,True,0.7998874532998766
validation,775511,2026-06-26T23:50:00-07:00,775511_1782543000_H30,MINUS_C,764311,764311,1.03961181640625,1.03961181640625,4.322174072265625,0.0,0.0,True,True,True,0.7556368325624113
validation,775511,2026-06-26T23:55:00-07:00,775511_1782543300_H30,MINUS_C,764311,764311,0.1421127319335937,0.1421127319335937,2.880165100097656,0.0,0.0,True,True,True,0.7576231760919935
validation,775536,2026-06-02T23:30:00-07:00,775536_1780468200_H30,MINUS_C,768701,759870,3.9019775390625,3.895332336425781,4.189048767089844,0.006645202636719194,0.02262455192477679,False,False,True,0.5405078218864997
validation,775536,2026-06-02T23:35:00-07:00,775536_1780468500_H30,MINUS_C,768701,759870,0.6510734558105469,0.1459884643554687,0.6510734558105469,0.5050849914550781,1.0,False,False,False,0.5443703978966817
validation,775536,2026-06-02T23:40:00-07:00,775536_1780468800_H30,MINUS_C,768701,759870,2.672309875488281,1.9369964599609373,2.672309875488281,0.7353134155273435,1.0,False,False,False,0.542563870879869
validation,775536,2026-06-02T23:45:00-07:00,775536_1780469100_H30,MINUS_C,768701,774344,6.077846527099609,5.827373504638672,6.2437744140625,0.2504730224609375,0.6015189131251317,False,True,True,0.5423143934035297
validation,775536,2026-06-02T23:50:00-07:00,775536_1780469400_H30,MINUS_C,768701,774344,6.732536315917969,6.346874237060547,6.961330413818359,0.3856620788574219,0.6276478184211179,False,True,True,0.5354128846138417
validation,775536,2026-06-02T23:55:00-07:00,775536_1780469700_H30,MINUS_C,768701,774344,9.489643096923828,9.152359008789062,10.14324188232422,0.3372840881347656,0.340387443504238,False,True,True,0.5376384534720116
validation,775536,2026-06-03T19:05:00-07:00,775536_1780538700_H30,MINUS_C,768701,718405,11.834251403808594,4.34954833984375,11.834251403808594,7.484703063964844,1.0,False,False,False,0.42889418650573047
validation,775536,2026-06-03T19:10:00-07:00,775536_1780539000_H30,MINUS_C,768701,718405,6.151691436767578,0.4546356201171875,8.917720794677734,5.697055816650391,0.6731653645381414,False,False,False,0.4304966613314452
validation,775536,2026-06-03T19:15:00-07:00,775536_1780539300_H30,MINUS_C,768701,774344,3.51712417602539,0.8779869079589844,6.482833862304688,2.639137268066406,0.47086696381961995,False,False,False,0.4410939197899046
validation,775536,2026-06-03T19:20:00-07:00,775536_1780539600_H30,MINUS_C,768701,759870,1.3369140625,0.9929847717285156,8.695808410644531,0.3439292907714844,0.04464976830494902,False,True,True,0.45021979738460627
validation,775536,2026-06-03T19:25:00-07:00,775536_1780539900_H30,MINUS_C,768701,759870,5.2169952392578125,2.236003875732422,8.882808685302734,2.9809913635253906,0.4484848658761952,False,True,False,0.4528943606892157
validation,775536,2026-06-03T19:30:00-07:00,775536_1780540200_H30,MINUS_C,768701,759870,0.9216270446777344,0.7783393859863281,7.191120147705078,0.14328765869140625,0.02234407568503907,False,True,True,0.46001115733162196
validation,775536,2026-06-06T23:30:00-07:00,775536_1780813800_H30,MINUS_C,768701,718405,5.819057464599609,2.637031555175781,5.819057464599609,3.1820259094238286,1.0,False,False,False,0.5394291523719111
validation,775536,2026-06-06T23:35:00-07:00,775536_1780814100_H30,MINUS_C,768701,718405,4.196083068847656,0.698974609375,4.196083068847656,3.4971084594726562,1.0,False,False,False,0.5359995410313257
validation,775536,2026-06-06T23:40:00-07:00,775536_1780814400_H30,MINUS_C,768701,774344,1.6116981506347656,1.2070159912109375,1.8224639892578125,0.4046821594238281,0.6575407844498438,False,True,True,0.5367416262892638
validation,775536,2026-06-06T23:45:00-07:00,775536_1780814700_H30,MINUS_C,768701,768701,0.8427352905273438,0.8427352905273438,4.23309326171875,0.0,0.0,True,True,True,0.5387282784233989
validation,775536,2026-06-06T23:50:00-07:00,775536_1780815000_H30,MINUS_C,768701,759870,6.553134918212891,6.500274658203125,11.467121124267578,0.052860260009765625,0.010642620095251335,False,True,True,0.5344721300333587
validation,775536,2026-06-06T23:55:00-07:00,775536_1780815300_H30,MINUS_C,768701,768701,7.522109985351562,7.522109985351562,11.958580017089844,0.0,0.0,True,True,True,0.5354779595847335
validation,775536,2026-06-10T23:30:00-07:00,775536_1781159400_H30,MINUS_C,768701,718405,4.279777526855469,3.2161865234375,4.926559448242188,1.0635910034179688,0.6218474275365548,False,False,False,0.5425638486297599
validation,775536,2026-06-10T23:35:00-07:00,775536_1781159700_H30,MINUS_C,768701,774344,0.3755874633789062,0.1846847534179687,0.4929237365722656,0.1909027099609375,0.619333440590077,False,True,True,0.542563870879869
validation,775536,2026-06-10T23:40:00-07:00,775536_1781160000_H30,MINUS_C,768701,759870,3.574569702148437,2.662708282470703,3.574569702148437,0.9118614196777339,1.0,False,False,False,0.542563870879869
validation,775536,2026-06-10T23:45:00-07:00,775536_1781160300_H30,MINUS_C,768701,768701,5.94207763671875,5.94207763671875,6.779857635498047,0.0,0.0,True,True,True,0.5394489936759578
validation,775536,2026-06-10T23:50:00-07:00,775536_1781160600_H30,MINUS_C,768701,759870,11.173011779785156,10.151618957519531,12.583229064941406,1.021392822265625,0.42004794236875465,False,False,False,0.5395808459003663
validation,775536,2026-06-10T23:55:00-07:00,775536_1781160900_H30,MINUS_C,768701,768701,13.340568542480469,13.340568542480469,15.339725494384766,0.0,0.0,True,True,True,0.5397986665090162
validation,775536,2026-06-17T11:15:00-07:00,775536_1781720100_H30,MINUS_C,718405,768701,9.093952178955078,2.58099365234375,9.093952178955078,6.512958526611328,1.0,False,False,False,0.5284709659362122
validation,775536,2026-06-18T23:30:00-07:00,775536_1781850600_H30,MINUS_C,768701,718405,7.840690612792969,5.707443237304688,7.840690612792969,2.1332473754882804,1.0,False,False,False,0.541572223595179
validation,775536,2026-06-18T23:35:00-07:00,775536_1781850900_H30,MINUS_C,768701,718405,5.752731323242188,3.5247573852539062,5.752731323242188,2.227973937988282,1.0,False,False,False,0.5426788022494548
validation,775536,2026-06-18T23:40:00-07:00,775536_1781851200_H30,MINUS_C,768701,718405,5.35443115234375,3.705757141113281,5.35443115234375,1.6486740112304692,1.0,False,False,False,0.5409305838669209
validation,775536,2026-06-18T23:45:00-07:00,775536_1781851500_H30,MINUS_C,768701,759870,0.8995742797851562,0.84869384765625,1.0768814086914062,0.05088043212890625,0.2229763616302785,False,False,True,0.5429121257870038
validation,775536,2026-06-18T23:50:00-07:00,775536_1781851800_H30,MINUS_C,768701,718405,1.7720718383789062,1.6835861206054688,1.858203887939453,0.0884857177734375,0.5067394866193343,False,False,True,0.5432037802089389
validation,775536,2026-06-18T23:55:00-07:00,775536_1781852100_H30,MINUS_C,768701,774344,3.181812286376953,2.628082275390625,3.181812286376953,0.5537300109863281,1.0,False,True,False,0.5436120963996491
validation,775536,2026-06-22T23:30:00-07:00,775536_1782196200_H30,MINUS_C,768701,718405,5.619449615478516,4.532600402832031,8.882160186767578,1.0868492126464844,0.24987568090467466,False,False,False,0.5389331880160324
validation,775536,2026-06-22T23:35:00-07:00,775536_1782196500_H30,MINUS_C,768701,718405,9.953720092773438,7.443389892578125,12.346569061279297,2.5103302001953125,0.5119801079715157,False,False,False,0.5395809159110333
validation,775536,2026-06-22T23:40:00-07:00,775536_1782196800_H30,MINUS_C,768701,718405,9.478973388671877,7.09967041015625,11.747512817382812,2.3793029785156268,0.5119155879330669,False,False,False,0.5437937197933175
validation,775536,2026-06-22T23:45:00-07:00,775536_1782197100_H30,MINUS_C,768701,718405,9.175006866455078,7.487525939941406,11.862632751464844,1.6874809265136719,0.38570050954392154,False,False,False,0.5381026137445875
validation,775536,2026-06-22T23:50:00-07:00,775536_1782197400_H30,MINUS_C,768701,718405,7.416790008544922,4.67864990234375,8.536449432373047,2.738140106201172,0.7097673388384642,False,False,False,0.5417899912985503
validation,775536,2026-06-22T23:55:00-07:00,775536_1782197700_H30,MINUS_C,768701,718405,4.546878814697266,2.8359146118164062,6.718711853027344,1.7109642028808594,0.4406524720686308,False,False,False,0.5439314089927353
validation,775536,2026-06-26T23:30:00-07:00,775536_1782541800_H30,MINUS_C,768701,768701,6.690624237060547,6.690624237060547,7.755794525146484,0.0,0.0,True,True,True,0.5402810364669574
validation,775536,2026-06-26T23:35:00-07:00,775536_1782542100_H30,MINUS_C,768701,768701,5.341968536376953,5.341968536376953,6.639743804931641,0.0,0.0,True,True,True,0.5380078935251994
validation,775536,2026-06-26T23:40:00-07:00,775536_1782542400_H30,MINUS_C,768701,768701,6.455196380615234,6.455196380615234,7.586502075195312,0.0,0.0,True,True,True,0.536737715832348
validation,775536,2026-06-26T23:45:00-07:00,775536_1782542700_H30,MINUS_C,768701,759870,3.1729965209960938,2.760845184326172,4.582660675048828,0.4121513366699219,0.2262311077980979,False,False,True,0.5354397244510473
validation,775536,2026-06-26T23:50:00-07:00,775536_1782543000_H30,MINUS_C,768701,759870,4.838722229003906,4.496604919433594,6.734905242919922,0.3421173095703125,0.15284691959363075,False,False,True,0.5413402793305969
validation,775536,2026-06-26T23:55:00-07:00,775536_1782543300_H30,MINUS_C,768701,759870,6.933292388916016,6.547634124755859,8.909114837646484,0.38565826416015625,0.1633120533464287,False,False,True,0.5363020884561099
validation,765501,2026-06-03T15:25:00-07:00,765501_1780525500_H30,Q_ONLY,763616,773773,13.01229476928711,9.265514373779297,14.717269897460938,3.7467803955078125,0.6872612646022622,False,True,False,0.7189131466540104
validation,765501,2026-06-03T15:30:00-07:00,765501_1780525800_H30,Q_ONLY,763616,763616,7.766017913818359,7.766017913818359,12.859901428222656,0.0,0.0,True,True,True,0.7189131466540104
validation,765501,2026-06-03T15:35:00-07:00,765501_1780526100_H30,Q_ONLY,763616,763616,2.32741928100586,2.32741928100586,14.131969451904297,0.0,0.0,True,True,True,0.7189131466540104
validation,765501,2026-06-03T15:40:00-07:00,765501_1780526400_H30,Q_ONLY,763616,763616,5.4029083251953125,5.4029083251953125,16.140243530273438,0.0,0.0,True,True,True,0.7189131466540104
validation,765501,2026-06-03T15:45:00-07:00,765501_1780526700_H30,Q_ONLY,763616,763616,5.657157897949219,5.657157897949219,16.346275329589844,0.0,0.0,True,True,True,0.7189131466540104
validation,765501,2026-06-03T15:50:00-07:00,765501_1780527000_H30,Q_ONLY,763616,763616,8.121150970458984,8.121150970458984,18.257583618164062,0.0,0.0,True,True,True,0.7189131466540104
validation,765501,2026-06-06T07:20:00-07:00,765501_1780755600_H30,Q_ONLY,763616,763616,0.408782958984375,0.408782958984375,4.986431121826172,0.0,0.0,True,True,True,0.4689131466540104
validation,765501,2026-06-06T07:25:00-07:00,765501_1780755900_H30,Q_ONLY,763616,717951,1.88330078125,1.1006240844726562,5.812053680419922,0.7826766967773438,0.16612297410760335,False,False,False,0.4532881466540104
validation,765501,2026-06-06T07:30:00-07:00,765501_1780756200_H30,Q_ONLY,763616,763616,0.959503173828125,0.959503173828125,5.2108001708984375,0.0,0.0,True,True,True,0.4376631466540104
validation,765501,2026-06-06T07:35:00-07:00,765501_1780756500_H30,Q_ONLY,763616,776019,1.9462661743164065,0.2828750610351562,5.2697296142578125,1.6633911132812502,0.3335551690005309,False,False,False,0.4220381466540104
validation,765501,2026-06-06T07:40:00-07:00,765501_1780756800_H30,Q_ONLY,763616,717951,1.40594482421875,0.369842529296875,3.689170837402344,1.036102294921875,0.3121421561078536,False,False,False,0.4064131466540104
validation,765501,2026-06-06T07:45:00-07:00,765501_1780757100_H30,Q_ONLY,763616,776019,1.5462493896484375,0.2406005859375,4.611083984375,1.3056488037109375,0.29874242381923305,False,False,False,0.3907881466540104
validation,765501,2026-06-11T23:30:00-07:00,765501_1781245800_H30,Q_ONLY,763616,763616,1.5694046020507812,1.5694046020507812,7.730613708496094,0.0,0.0,True,True,True,0.7189131466540104
validation,765501,2026-06-11T23:35:00-07:00,765501_1781246100_H30,Q_ONLY,763616,763616,1.4680938720703125,1.4680938720703125,6.0147247314453125,0.0,0.0,True,True,True,0.7189131466540104
validation,765501,2026-06-11T23:40:00-07:00,765501_1781246400_H30,Q_ONLY,763616,773784,1.3957290649414062,1.1476974487304688,5.465484619140625,0.2480316162109375,0.05744415053866039,False,False,True,0.7189131466540104
validation,765501,2026-06-11T23:45:00-07:00,765501_1781246700_H30,Q_ONLY,763616,763616,0.6777496337890625,0.6777496337890625,6.084281921386719,0.0,0.0,True,True,True,0.7189131466540104
validation,765501,2026-06-11T23:50:00-07:00,765501_1781247000_H30,Q_ONLY,763616,763616,0.0621871948242187,0.0621871948242187,5.580940246582031,0.0,0.0,True,True,True,0.7189131466540104
validation,765501,2026-06-11T23:55:00-07:00,765501_1781247300_H30,Q_ONLY,763616,763616,0.901702880859375,0.901702880859375,4.375164031982422,0.0,0.0,True,True,True,0.7189131466540104
validation,765501,2026-06-15T23:30:00-07:00,765501_1781591400_H30,Q_ONLY,763616,773784,3.4067459106445312,3.362983703613281,12.888511657714844,0.043762207031250444,0.004594202782472234,False,False,True,0.7189131466540104
validation,765501,2026-06-15T23:35:00-07:00,765501_1781591700_H30,Q_ONLY,763616,763616,0.6665878295898438,0.6665878295898438,9.146846771240234,0.0,0.0,True,True,True,0.7189131466540104
validation,765501,2026-06-15T23:40:00-07:00,765501_1781592000_H30,Q_ONLY,763616,776019,3.4026870727539062,0.8366851806640625,6.101020812988281,2.5660018920898438,0.4874312869289732,False,False,False,0.7189131466540104
validation,765501,2026-06-15T23:45:00-07:00,765501_1781592300_H30,Q_ONLY,763616,776019,2.677207946777344,0.5329322814941406,5.518070220947266,2.1442756652832036,0.43013366757880184,False,False,False,0.7189131466540104
validation,765501,2026-06-15T23:50:00-07:00,765501_1781592600_H30,Q_ONLY,763616,776019,2.755615234375,0.4062042236328125,5.804420471191406,2.3494110107421875,0.43521987690002895,False,False,False,0.7189131466540104
validation,765501,2026-06-15T23:55:00-07:00,765501_1781592900_H30,Q_ONLY,763616,763616,1.7599945068359375,1.7599945068359375,10.49136734008789,0.0,0.0,True,True,True,0.7189131466540104
validation,765501,2026-06-17T22:00:00-07:00,765501_1781758800_H30,Q_ONLY,763616,763616,3.382080078125,3.382080078125,6.303215026855469,0.0,0.0,True,True,True,0.7189131466540104
validation,765501,2026-06-17T22:05:00-07:00,765501_1781759100_H30,Q_ONLY,763616,763616,1.907066345214844,1.907066345214844,4.920204162597656,0.0,0.0,True,True,True,0.7189131466540104
validation,765501,2026-06-17T22:10:00-07:00,765501_1781759400_H30,Q_ONLY,763616,763616,3.1412353515625,3.1412353515625,8.216136932373047,0.0,0.0,True,True,True,0.7189131466540104
validation,765501,2026-06-17T22:15:00-07:00,765501_1781759700_H30,Q_ONLY,763616,763616,3.6384353637695312,3.6384353637695312,8.491710662841797,0.0,0.0,True,True,True,0.7189131466540104
validation,765501,2026-06-17T22:20:00-07:00,765501_1781760000_H30,Q_ONLY,763616,763616,0.5210494995117188,0.5210494995117188,5.544830322265625,0.0,0.0,True,True,True,0.7189131466540104
validation,765501,2026-06-17T22:25:00-07:00,765501_1781760300_H30,Q_ONLY,763616,773784,1.8023910522460935,0.4557647705078125,3.335399627685547,1.346626281738281,0.4676378598424383,False,False,False,0.7189131466540104
validation,765501,2026-06-18T23:30:00-07:00,765501_1781850600_H30,Q_ONLY,763616,763616,1.1622085571289062,1.1622085571289062,7.3306121826171875,0.0,0.0,True,True,True,0.7189131466540104
validation,765501,2026-06-18T23:35:00-07:00,765501_1781850900_H30,Q_ONLY,763616,763616,0.096710205078125,0.096710205078125,7.314727783203125,0.0,0.0,True,True,True,0.7189131466540104
validation,765501,2026-06-18T23:40:00-07:00,765501_1781851200_H30,Q_ONLY,763616,763616,1.34796142578125,1.34796142578125,5.965484619140625,0.0,0.0,True,True,True,0.7189131466540104
validation,765501,2026-06-18T23:45:00-07:00,765501_1781851500_H30,Q_ONLY,763616,773784,2.1846923828125,0.803955078125,3.684280395507813,1.3807373046875,0.4793685270044764,False,False,False,0.7189131466540104
validation,765501,2026-06-18T23:50:00-07:00,765501_1781851800_H30,Q_ONLY,763616,773784,3.5582427978515625,1.0506591796875,3.5582427978515625,2.5075836181640625,1.0,False,False,False,0.7189131466540104
validation,765501,2026-06-18T23:55:00-07:00,765501_1781852100_H30,Q_ONLY,763616,773784,3.3749313354492188,0.2287368774414062,3.3749313354492188,3.1461944580078125,1.0,False,False,False,0.7189131466540104
validation,765501,2026-06-24T23:30:00-07:00,765501_1782369000_H30,Q_ONLY,763616,763616,0.7396621704101562,0.7396621704101562,6.1489105224609375,0.0,0.0,True,True,True,0.7189131466540104
validation,765501,2026-06-24T23:35:00-07:00,765501_1782369300_H30,Q_ONLY,763616,763616,2.143867492675781,2.143867492675781,7.193305969238281,0.0,0.0,True,True,True,0.7189131466540104
validation,765501,2026-06-24T23:40:00-07:00,765501_1782369600_H30,Q_ONLY,763616,763616,1.307281494140625,1.307281494140625,6.137977600097656,0.0,0.0,True,True,True,0.7189131466540104
validation,765501,2026-06-24T23:45:00-07:00,765501_1782369900_H30,Q_ONLY,763616,763616,1.3118133544921875,1.3118133544921875,5.977573394775391,0.0,0.0,True,True,True,0.7189131466540104
validation,765501,2026-06-24T23:50:00-07:00,765501_1782370200_H30,Q_ONLY,763616,763616,1.9117431640625,1.9117431640625,6.286907196044922,0.0,0.0,True,True,True,0.7189131466540104
validation,765501,2026-06-24T23:55:00-07:00,765501_1782370500_H30,Q_ONLY,763616,763616,0.84039306640625,0.84039306640625,4.241691589355469,0.0,0.0,True,True,True,0.7189131466540104
validation,765501,2026-06-27T23:30:00-07:00,765501_1782628200_H30,Q_ONLY,763616,763616,1.0807342529296875,1.0807342529296875,6.393463134765625,0.0,0.0,True,True,True,0.7189131466540104
validation,765501,2026-06-27T23:35:00-07:00,765501_1782628500_H30,Q_ONLY,763616,763616,1.0346527099609375,1.0346527099609375,6.511741638183594,0.0,0.0,True,True,True,0.7189131466540104
validation,765501,2026-06-27T23:40:00-07:00,765501_1782628800_H30,Q_ONLY,763616,763616,1.3554763793945312,1.3554763793945312,6.3412933349609375,0.0,0.0,True,True,True,0.7189131466540104
validation,765501,2026-06-27T23:45:00-07:00,765501_1782629100_H30,Q_ONLY,763616,763616,0.2803421020507812,0.2803421020507812,5.221237182617188,0.0,0.0,True,True,True,0.7189131466540104
validation,765501,2026-06-27T23:50:00-07:00,765501_1782629400_H30,Q_ONLY,763616,763616,0.1573638916015625,0.1573638916015625,2.7491912841796875,0.0,0.0,True,True,True,0.7189131466540104
validation,765501,2026-06-27T23:55:00-07:00,765501_1782629700_H30,Q_ONLY,763616,763616,0.0630035400390625,0.0630035400390625,4.773464202880859,0.0,0.0,True,True,True,0.7189131466540104
validation,769895,2026-06-03T17:30:00-07:00,769895_1780533000_H30,Q_ONLY,769880,769847,3.3738784790039062,1.6959075927734375,8.441547393798828,1.6779708862304688,0.24874896017652823,False,True,False,0.7658937862112813
validation,769895,2026-06-03T17:35:00-07:00,769895_1780533300_H30,Q_ONLY,769880,769880,0.6902694702148438,0.6902694702148438,5.220458984375,0.0,0.0,True,True,True,0.7658937862112813
validation,769895,2026-06-03T17:40:00-07:00,769895_1780533600_H30,Q_ONLY,769880,769880,0.4317245483398437,0.4317245483398437,4.966014862060547,0.0,0.0,True,True,True,0.7658937862112813
validation,769895,2026-06-03T17:45:00-07:00,769895_1780533900_H30,Q_ONLY,769880,769866,1.1387176513671875,1.0536956787109375,4.967674255371094,0.08502197265625,0.021722646404672006,False,False,True,0.7658937862112813
validation,769895,2026-06-03T17:50:00-07:00,769895_1780534200_H30,Q_ONLY,769880,769866,1.0633544921875,0.19903564453125,4.173469543457031,0.86431884765625,0.21746967483592067,False,False,False,0.7658937862112813
validation,769895,2026-06-03T17:55:00-07:00,769895_1780534500_H30,Q_ONLY,769880,769866,1.1356964111328125,0.6420745849609375,3.623291015625,0.493621826171875,0.1655773197459271,False,False,True,0.7658937862112813
validation,769895,2026-06-04T23:30:00-07:00,769895_1780641000_H30,Q_ONLY,769880,769880,0.5397567749023438,0.5397567749023438,2.622886657714844,0.0,0.0,True,True,True,0.7658937862112813
validation,769895,2026-06-04T23:35:00-07:00,769895_1780641300_H30,Q_ONLY,769880,770385,0.7091064453125,0.391693115234375,1.2913742065429688,0.317413330078125,0.3528064923721411,False,False,True,0.7658937862112813
validation,769895,2026-06-04T23:40:00-07:00,769895_1780641600_H30,Q_ONLY,769880,769866,4.030319213867188,2.3920211791992188,4.324180603027344,1.6382980346679696,0.8479103817541426,False,False,False,0.7658937862112813
validation,769895,2026-06-04T23:45:00-07:00,769895_1780641900_H30,Q_ONLY,769880,769866,6.109367370605469,4.1884307861328125,6.109367370605469,1.9209365844726562,1.0,False,False,False,0.7658937862112813
validation,769895,2026-06-04T23:50:00-07:00,769895_1780642200_H30,Q_ONLY,769880,769866,8.194202423095703,5.606586456298828,8.194202423095703,2.587615966796875,1.0,False,False,False,0.7658937862112813
validation,769895,2026-06-04T23:55:00-07:00,769895_1780642500_H30,Q_ONLY,769880,770385,1.1143646240234375,0.1097946166992187,1.3567352294921875,1.0045700073242188,0.8056277877373209,False,False,False,0.7658937862112813
validation,769895,2026-06-06T07:20:00-07:00,769895_1780755600_H30,Q_ONLY,769880,769847,7.3369598388671875,3.0790557861328125,7.3369598388671875,4.257904052734375,1.0,False,True,False,0.4325604528779481
validation,769895,2026-06-06T07:25:00-07:00,769895_1780755900_H30,Q_ONLY,769880,769847,9.222999572753906,3.4980926513671875,9.222999572753906,5.724906921386719,1.0,False,True,False,0.4117271195446147
validation,769895,2026-06-06T07:30:00-07:00,769895_1780756200_H30,Q_ONLY,769880,769847,6.263149261474609,0.4498672485351562,6.263149261474609,5.813282012939453,1.0,False,True,False,0.3908937862112813
validation,769895,2026-06-06T07:35:00-07:00,769895_1780756500_H30,Q_ONLY,769880,770116,2.0965576171875,0.3459930419921875,2.8180694580078125,1.7505645751953125,0.7081353002901055,False,False,False,0.370060452877948
validation,769895,2026-06-06T07:40:00-07:00,769895_1780756800_H30,Q_ONLY,769880,769880,0.6638717651367188,0.6638717651367188,4.263088226318359,0.0,0.0,True,True,True,0.3492271195446147
validation,769895,2026-06-06T07:45:00-07:00,769895_1780757100_H30,Q_ONLY,769880,769880,0.1684761047363281,0.1684761047363281,5.276458740234375,0.0,0.0,True,True,True,0.3283937862112813
validation,769895,2026-06-12T23:30:00-07:00,769895_1781332200_H30,Q_ONLY,769880,770385,1.0792922973632812,0.51239013671875,2.6973114013671875,0.5669021606445312,0.2594611393174152,False,False,False,0.7658937862112813
validation,769895,2026-06-12T23:35:00-07:00,769895_1781332500_H30,Q_ONLY,769880,769847,1.67388916015625,0.3840408325195312,2.4090347290039062,1.2898483276367188,0.6369640569663175,False,True,False,0.7658937862112813
validation,769895,2026-06-12T23:40:00-07:00,769895_1781332800_H30,Q_ONLY,769880,769847,2.8450164794921875,2.233505249023437,4.269447326660156,0.6115112304687504,0.30035787225272165,False,True,False,0.7658937862112813
validation,769895,2026-06-12T23:45:00-07:00,769895_1781333100_H30,Q_ONLY,769880,769847,0.7743072509765625,0.5497207641601562,3.314537048339844,0.22458648681640625,0.08123016639531995,False,True,True,0.7658937862112813
validation,769895,2026-06-12T23:50:00-07:00,769895_1781333400_H30,Q_ONLY,769880,769866,1.6780014038085938,0.5410308837890625,1.8331985473632808,1.1369705200195312,0.8798939580910098,False,False,False,0.7658937862112813
validation,769895,2026-06-12T23:55:00-07:00,769895_1781333700_H30,Q_ONLY,769880,769880,0.2470016479492187,0.2470016479492187,3.473106384277344,0.0,0.0,True,True,True,0.7658937862112813
validation,769895,2026-06-17T11:15:00-07:00,769895_1781720100_H30,Q_ONLY,769880,769880,1.4925460815429688,1.4925460815429688,4.967475891113281,0.0,0.0,True,True,True,0.4950604528779481
validation,769965,2026-06-03T17:30:00-07:00,769965_1780533000_H30,Q_ONLY,770129,769911,15.180549621582031,2.1030349731445312,17.069358825683594,13.0775146484375,0.8737960488686657,False,False,False,0.6527984948132077
validation,769965,2026-06-03T17:35:00-07:00,769965_1780533300_H30,Q_ONLY,770129,769867,11.26181411743164,6.391258239746094,14.71120262145996,4.870555877685547,0.5854072640666184,False,False,False,0.6527984948132077
validation,769965,2026-06-03T17:40:00-07:00,769965_1780533600_H30,Q_ONLY,770129,769911,11.2421875,5.899688720703125,14.459896087646484,5.342498779296875,0.6241085700713055,False,False,False,0.6527984948132077
validation,769965,2026-06-03T17:45:00-07:00,769965_1780533900_H30,Q_ONLY,770129,769911,8.59311294555664,2.885944366455078,15.008655548095703,5.7071685791015625,0.47078318484934684,False,False,False,0.6527984948132077
validation,769965,2026-06-03T17:50:00-07:00,769965_1780534200_H30,Q_ONLY,770129,769926,7.876365661621094,6.421836853027344,10.409381866455078,1.45452880859375,0.364767997275452,False,False,False,0.6527984948132077
validation,769965,2026-06-03T17:55:00-07:00,769965_1780534500_H30,Q_ONLY,770129,769911,5.156986236572266,4.758838653564453,11.469837188720703,0.3981475830078125,0.05932762180204269,False,False,True,0.6527984948132077
validation,769965,2026-06-04T23:30:00-07:00,769965_1780641000_H30,Q_ONLY,770129,769926,0.4351425170898437,0.2534942626953125,1.9320755004882808,0.1816482543945312,0.10821534895348044,False,False,True,0.6527984948132077
validation,769965,2026-06-04T23:35:00-07:00,769965_1780641300_H30,Q_ONLY,770129,769926,1.938392639160156,1.320037841796875,2.8302459716796875,0.618354797363281,0.40945005203439305,False,False,False,0.6527984948132077
validation,769965,2026-06-04T23:40:00-07:00,769965_1780641600_H30,Q_ONLY,770129,769926,4.029029846191406,3.3481369018554688,5.058509826660156,0.6808929443359375,0.39809618970300914,False,False,False,0.6527984948132077
validation,769965,2026-06-04T23:45:00-07:00,769965_1780641900_H30,Q_ONLY,770129,769926,3.959884643554688,3.30047607421875,5.470161437988281,0.6594085693359379,0.30391898306872744,False,False,False,0.6527984948132077
validation,769965,2026-06-04T23:50:00-07:00,769965_1780642200_H30,Q_ONLY,770129,769926,2.6276931762695312,2.063026428222656,6.383457183837891,0.5646667480468754,0.13069686334238362,False,False,False,0.6527984948132077
validation,769965,2026-06-04T23:55:00-07:00,769965_1780642500_H30,Q_ONLY,770129,770141,2.6118316650390625,0.8677291870117188,3.0869674682617188,1.7441024780273438,0.785901402640264,False,False,False,0.6527984948132077
validation,769965,2026-06-06T07:20:00-07:00,769965_1780755600_H30,Q_ONLY,770129,769926,0.6742095947265625,0.04083251953125,14.251022338867188,0.6333770751953125,0.04457203480374839,False,True,False,0.3194651614798743
validation,769965,2026-06-06T07:25:00-07:00,769965_1780755900_H30,Q_ONLY,770129,769867,2.2454376220703125,1.7569351196289062,20.089679718017575,0.48850250244140625,0.026646446734677278,False,False,True,0.298631828146541
validation,769965,2026-06-06T07:30:00-07:00,769965_1780756200_H30,Q_ONLY,770129,770129,3.1787261962890625,3.1787261962890625,24.94419860839844,0.0,0.0,True,True,True,0.2777984948132077
validation,769965,2026-06-06T07:35:00-07:00,769965_1780756500_H30,Q_ONLY,770129,770129,0.8619461059570312,0.8619461059570312,14.56399154663086,0.0,0.0,True,True,True,0.2569651614798743
validation,769965,2026-06-06T07:40:00-07:00,769965_1780756800_H30,Q_ONLY,770129,769867,1.1840133666992188,0.5607376098632812,10.92458724975586,0.6232757568359375,0.060139405577327325,False,False,False,0.236131828146541
validation,769965,2026-06-06T07:45:00-07:00,769965_1780757100_H30,Q_ONLY,770129,769867,3.731719970703125,3.4769821166992188,10.22153091430664,0.25473785400390625,0.03776944339023429,False,False,True,0.2152984948132076
validation,769965,2026-06-12T23:30:00-07:00,769965_1781332200_H30,Q_ONLY,770129,769867,0.3131561279296875,0.0236358642578125,1.108184814453125,0.289520263671875,0.26694992754336844,False,True,True,0.6527984948132077
validation,769965,2026-06-12T23:35:00-07:00,769965_1781332500_H30,Q_ONLY,770129,769867,1.3648223876953125,0.67138671875,2.008941650390625,0.6934356689453125,0.5184352825754638,False,True,False,0.6527984948132077
validation,769965,2026-06-12T23:40:00-07:00,769965_1781332800_H30,Q_ONLY,770129,769867,0.4910049438476562,0.051177978515625,1.3978424072265625,0.4398269653320312,0.3266047249447623,False,True,True,0.6527984948132077
validation,769965,2026-06-12T23:45:00-07:00,769965_1781333100_H30,Q_ONLY,770129,769911,0.5866546630859375,0.1507339477539062,1.7287750244140625,0.4359207153320313,0.2762416782297172,False,False,True,0.6527984948132077
validation,769965,2026-06-12T23:50:00-07:00,769965_1781333400_H30,Q_ONLY,770129,769926,3.852745056152344,2.9699859619140625,4.59649658203125,0.8827590942382817,0.5427318354519446,False,False,False,0.6527984948132077
validation,769965,2026-06-12T23:55:00-07:00,769965_1781333700_H30,Q_ONLY,770129,769926,1.0620574951171875,0.4486770629882812,1.8897018432617188,0.6133804321289062,0.42565571427058735,False,False,False,0.6527984948132077
validation,769965,2026-06-17T11:15:00-07:00,769965_1781720100_H30,Q_ONLY,770129,769867,2.851715087890625,2.5934715270996094,4.743236541748047,0.2582435607910156,0.12012641336674072,False,False,True,0.3819651614798743
validation,775511,2026-06-06T23:30:00-07:00,775511_1780813800_H30,Q_ONLY,764311,764283,2.7627029418945312,0.1591796875,2.7627029418945312,2.6035232543945312,1.0,False,False,False,0.375
validation,775511,2026-06-06T23:35:00-07:00,775511_1780814100_H30,Q_ONLY,764311,764283,3.375885009765625,0.2073211669921875,3.375885009765625,3.1685638427734375,1.0,False,False,False,0.375
validation,775511,2026-06-06T23:40:00-07:00,775511_1780814400_H30,Q_ONLY,764311,764283,3.904571533203125,0.0472946166992187,3.904571533203125,3.8572769165039062,1.0,False,False,False,0.375
validation,775511,2026-06-06T23:45:00-07:00,775511_1780814700_H30,Q_ONLY,764311,764283,4.398727416992188,0.042236328125,4.398727416992188,4.356491088867188,1.0,False,False,False,0.375
validation,775511,2026-06-06T23:50:00-07:00,775511_1780815000_H30,Q_ONLY,764311,764283,5.1397552490234375,0.7138442993164062,5.1397552490234375,4.425910949707031,1.0,False,False,False,0.375
validation,775511,2026-06-06T23:55:00-07:00,775511_1780815300_H30,Q_ONLY,764311,764283,5.938991546630859,1.6687049865722656,5.938991546630859,4.270286560058594,1.0,False,False,False,0.375
validation,775511,2026-06-08T23:30:00-07:00,775511_1780986600_H30,Q_ONLY,764311,764311,1.971405029296875,1.971405029296875,8.241268157958984,0.0,0.0,True,True,True,0.375
validation,775511,2026-06-08T23:35:00-07:00,775511_1780986900_H30,Q_ONLY,764311,764311,0.534027099609375,0.534027099609375,7.944782257080078,0.0,0.0,True,True,True,0.375
validation,775511,2026-06-08T23:40:00-07:00,775511_1780987200_H30,Q_ONLY,764311,764311,0.3541488647460937,0.3541488647460937,7.579780578613281,0.0,0.0,True,True,True,0.375
validation,775511,2026-06-08T23:45:00-07:00,775511_1780987500_H30,Q_ONLY,764311,764311,0.7415542602539062,0.7415542602539062,7.430770874023437,0.0,0.0,True,True,True,0.375
validation,775511,2026-06-08T23:50:00-07:00,775511_1780987800_H30,Q_ONLY,764311,764311,0.1132736206054687,0.1132736206054687,5.4522857666015625,0.0,0.0,True,True,True,0.375
validation,775511,2026-06-08T23:55:00-07:00,775511_1780988100_H30,Q_ONLY,764311,764283,1.110687255859375,0.3416671752929687,4.462131500244141,0.7690200805664062,0.1866343256291921,False,False,False,0.375
validation,775511,2026-06-10T23:30:00-07:00,775511_1781159400_H30,Q_ONLY,764311,764322,0.5643692016601562,0.0645523071289062,1.1581649780273438,0.49981689453125006,0.4570328305730352,False,False,True,0.375
validation,775511,2026-06-10T23:35:00-07:00,775511_1781159700_H30,Q_ONLY,764311,764311,1.0601654052734375,1.0601654052734375,4.080123901367188,0.0,0.0,True,True,True,0.375
validation,775511,2026-06-10T23:40:00-07:00,775511_1781160000_H30,Q_ONLY,764311,764297,0.5753021240234375,0.2941131591796875,4.184654235839844,0.28118896484375,0.07227502789538398,False,True,True,0.375
validation,775511,2026-06-10T23:45:00-07:00,775511_1781160300_H30,Q_ONLY,764311,764297,0.5681838989257812,0.5332565307617188,3.6620101928710938,0.0349273681640625,0.011163348711996332,False,True,True,0.375
validation,775511,2026-06-10T23:50:00-07:00,775511_1781160600_H30,Q_ONLY,764311,764297,0.3249282836914062,0.119476318359375,4.832210540771484,0.2054519653320312,0.0435950672446101,False,True,True,0.375
validation,775511,2026-06-10T23:55:00-07:00,775511_1781160900_H30,Q_ONLY,764311,764297,0.5459747314453125,0.511199951171875,6.973453521728516,0.0347747802734375,0.005381215684862409,False,True,True,0.375
validation,775511,2026-06-23T23:30:00-07:00,775511_1782282600_H30,Q_ONLY,764311,764311,0.0853652954101562,0.0853652954101562,0.9347610473632812,0.0,0.0,True,True,True,0.875
validation,775511,2026-06-23T23:35:00-07:00,775511_1782282900_H30,Q_ONLY,764311,764311,0.1087493896484375,0.1087493896484375,2.2272491455078125,0.0,0.0,True,True,True,0.875
validation,775511,2026-06-23T23:40:00-07:00,775511_1782283200_H30,Q_ONLY,764311,764311,0.337371826171875,0.337371826171875,1.4198379516601562,0.0,0.0,True,True,True,0.875
validation,775511,2026-06-23T23:45:00-07:00,775511_1782283500_H30,Q_ONLY,764311,764297,1.8790130615234373,0.646728515625,1.8790130615234373,1.2322845458984373,1.0,False,True,False,0.875
validation,775511,2026-06-23T23:50:00-07:00,775511_1782283800_H30,Q_ONLY,764311,764297,1.7884902954101562,0.0592880249023437,1.7884902954101562,1.7292022705078125,1.0,False,True,False,0.875
validation,775511,2026-06-23T23:55:00-07:00,775511_1782284100_H30,Q_ONLY,764311,764297,1.515716552734375,0.18756103515625,1.515716552734375,1.328155517578125,1.0,False,True,False,0.875
validation,775511,2026-06-26T23:30:00-07:00,775511_1782541800_H30,Q_ONLY,764311,764297,0.5294189453125,0.2876434326171875,1.5057449340820312,0.2417755126953125,0.19848552226933652,False,True,True,0.875
validation,775511,2026-06-26T23:35:00-07:00,775511_1782542100_H30,Q_ONLY,764311,764322,0.7726287841796875,0.3212966918945312,1.7471466064453125,0.4513320922851563,0.3165354836293201,False,False,True,0.875
validation,775511,2026-06-26T23:40:00-07:00,775511_1782542400_H30,Q_ONLY,764311,764297,1.171539306640625,1.08441162109375,3.4495849609375,0.087127685546875,0.036837759025573534,False,True,True,0.875
validation,775511,2026-06-26T23:45:00-07:00,775511_1782542700_H30,Q_ONLY,764311,764311,0.323822021484375,0.323822021484375,2.6478347778320312,0.0,0.0,True,True,True,0.875
validation,775511,2026-06-26T23:50:00-07:00,775511_1782543000_H30,Q_ONLY,764311,764311,1.03961181640625,1.03961181640625,4.322174072265625,0.0,0.0,True,True,True,0.875
validation,775511,2026-06-26T23:55:00-07:00,775511_1782543300_H30,Q_ONLY,764311,764311,0.1421127319335937,0.1421127319335937,2.880165100097656,0.0,0.0,True,True,True,0.875
validation,775536,2026-06-02T23:30:00-07:00,775536_1780468200_H30,Q_ONLY,768701,759870,3.9019775390625,3.895332336425781,4.189048767089844,0.006645202636719194,0.02262455192477679,False,False,True,0.125
validation,775536,2026-06-02T23:35:00-07:00,775536_1780468500_H30,Q_ONLY,768701,759870,0.6510734558105469,0.1459884643554687,0.6510734558105469,0.5050849914550781,1.0,False,False,False,0.125
validation,775536,2026-06-02T23:40:00-07:00,775536_1780468800_H30,Q_ONLY,768701,759870,2.672309875488281,1.9369964599609373,2.672309875488281,0.7353134155273435,1.0,False,False,False,0.125
validation,775536,2026-06-02T23:45:00-07:00,775536_1780469100_H30,Q_ONLY,768701,774344,6.077846527099609,5.827373504638672,6.2437744140625,0.2504730224609375,0.6015189131251317,False,True,True,0.125
validation,775536,2026-06-02T23:50:00-07:00,775536_1780469400_H30,Q_ONLY,768701,774344,6.732536315917969,6.346874237060547,6.961330413818359,0.3856620788574219,0.6276478184211179,False,True,True,0.125
validation,775536,2026-06-02T23:55:00-07:00,775536_1780469700_H30,Q_ONLY,768701,774344,9.489643096923828,9.152359008789062,10.14324188232422,0.3372840881347656,0.340387443504238,False,True,True,0.125
validation,775536,2026-06-03T19:05:00-07:00,775536_1780538700_H30,Q_ONLY,768701,718405,11.834251403808594,4.34954833984375,11.834251403808594,7.484703063964844,1.0,False,False,False,0.125
validation,775536,2026-06-03T19:10:00-07:00,775536_1780539000_H30,Q_ONLY,768701,718405,6.151691436767578,0.4546356201171875,8.917720794677734,5.697055816650391,0.6731653645381414,False,False,False,0.125
validation,775536,2026-06-03T19:15:00-07:00,775536_1780539300_H30,Q_ONLY,768701,774344,3.51712417602539,0.8779869079589844,6.482833862304688,2.639137268066406,0.47086696381961995,False,True,False,0.125
validation,775536,2026-06-03T19:20:00-07:00,775536_1780539600_H30,Q_ONLY,768701,759870,1.3369140625,0.9929847717285156,8.695808410644531,0.3439292907714844,0.04464976830494902,False,False,True,0.125
validation,775536,2026-06-03T19:25:00-07:00,775536_1780539900_H30,Q_ONLY,768701,759870,5.2169952392578125,2.236003875732422,8.882808685302734,2.9809913635253906,0.4484848658761952,False,False,False,0.125
validation,775536,2026-06-03T19:30:00-07:00,775536_1780540200_H30,Q_ONLY,768701,759870,0.9216270446777344,0.7783393859863281,7.191120147705078,0.14328765869140625,0.02234407568503907,False,False,True,0.125
validation,775536,2026-06-06T23:30:00-07:00,775536_1780813800_H30,Q_ONLY,768701,718405,5.819057464599609,2.637031555175781,5.819057464599609,3.1820259094238286,1.0,False,False,False,0.125
validation,775536,2026-06-06T23:35:00-07:00,775536_1780814100_H30,Q_ONLY,768701,718405,4.196083068847656,0.698974609375,4.196083068847656,3.4971084594726562,1.0,False,False,False,0.125
validation,775536,2026-06-06T23:40:00-07:00,775536_1780814400_H30,Q_ONLY,768701,774344,1.6116981506347656,1.2070159912109375,1.8224639892578125,0.4046821594238281,0.6575407844498438,False,True,True,0.125
validation,775536,2026-06-06T23:45:00-07:00,775536_1780814700_H30,Q_ONLY,768701,768701,0.8427352905273438,0.8427352905273438,4.23309326171875,0.0,0.0,True,True,True,0.125
validation,775536,2026-06-06T23:50:00-07:00,775536_1780815000_H30,Q_ONLY,768701,759870,6.553134918212891,6.500274658203125,11.467121124267578,0.052860260009765625,0.010642620095251335,False,False,True,0.125
validation,775536,2026-06-06T23:55:00-07:00,775536_1780815300_H30,Q_ONLY,768701,768701,7.522109985351562,7.522109985351562,11.958580017089844,0.0,0.0,True,True,True,0.125
validation,775536,2026-06-10T23:30:00-07:00,775536_1781159400_H30,Q_ONLY,768701,718405,4.279777526855469,3.2161865234375,4.926559448242188,1.0635910034179688,0.6218474275365548,False,False,False,0.125
validation,775536,2026-06-10T23:35:00-07:00,775536_1781159700_H30,Q_ONLY,768701,774344,0.3755874633789062,0.1846847534179687,0.4929237365722656,0.1909027099609375,0.619333440590077,False,True,True,0.125
validation,775536,2026-06-10T23:40:00-07:00,775536_1781160000_H30,Q_ONLY,768701,759870,3.574569702148437,2.662708282470703,3.574569702148437,0.9118614196777339,1.0,False,False,False,0.125
validation,775536,2026-06-10T23:45:00-07:00,775536_1781160300_H30,Q_ONLY,768701,768701,5.94207763671875,5.94207763671875,6.779857635498047,0.0,0.0,True,True,True,0.125
validation,775536,2026-06-10T23:50:00-07:00,775536_1781160600_H30,Q_ONLY,768701,759870,11.173011779785156,10.151618957519531,12.583229064941406,1.021392822265625,0.42004794236875465,False,False,False,0.125
validation,775536,2026-06-10T23:55:00-07:00,775536_1781160900_H30,Q_ONLY,768701,768701,13.340568542480469,13.340568542480469,15.339725494384766,0.0,0.0,True,True,True,0.125
validation,775536,2026-06-17T11:15:00-07:00,775536_1781720100_H30,Q_ONLY,768701,768701,2.58099365234375,2.58099365234375,9.093952178955078,0.0,0.0,True,True,True,0.125
validation,775536,2026-06-18T23:30:00-07:00,775536_1781850600_H30,Q_ONLY,768701,718405,7.840690612792969,5.707443237304688,7.840690612792969,2.1332473754882804,1.0,False,False,False,0.125
validation,775536,2026-06-18T23:35:00-07:00,775536_1781850900_H30,Q_ONLY,768701,718405,5.752731323242188,3.5247573852539062,5.752731323242188,2.227973937988282,1.0,False,False,False,0.125
validation,775536,2026-06-18T23:40:00-07:00,775536_1781851200_H30,Q_ONLY,768701,718405,5.35443115234375,3.705757141113281,5.35443115234375,1.6486740112304692,1.0,False,False,False,0.125
validation,775536,2026-06-18T23:45:00-07:00,775536_1781851500_H30,Q_ONLY,768701,759870,0.8995742797851562,0.84869384765625,1.0768814086914062,0.05088043212890625,0.2229763616302785,False,False,True,0.125
validation,775536,2026-06-18T23:50:00-07:00,775536_1781851800_H30,Q_ONLY,768701,718405,1.7720718383789062,1.6835861206054688,1.858203887939453,0.0884857177734375,0.5067394866193343,False,False,True,0.125
validation,775536,2026-06-18T23:55:00-07:00,775536_1781852100_H30,Q_ONLY,768701,774344,3.181812286376953,2.628082275390625,3.181812286376953,0.5537300109863281,1.0,False,True,False,0.125
validation,775536,2026-06-22T23:30:00-07:00,775536_1782196200_H30,Q_ONLY,768701,718405,5.619449615478516,4.532600402832031,8.882160186767578,1.0868492126464844,0.24987568090467466,False,False,False,0.125
validation,775536,2026-06-22T23:35:00-07:00,775536_1782196500_H30,Q_ONLY,768701,718405,9.953720092773438,7.443389892578125,12.346569061279297,2.5103302001953125,0.5119801079715157,False,False,False,0.125
validation,775536,2026-06-22T23:40:00-07:00,775536_1782196800_H30,Q_ONLY,768701,718405,9.478973388671877,7.09967041015625,11.747512817382812,2.3793029785156268,0.5119155879330669,False,False,False,0.125
validation,775536,2026-06-22T23:45:00-07:00,775536_1782197100_H30,Q_ONLY,768701,718405,9.175006866455078,7.487525939941406,11.862632751464844,1.6874809265136719,0.38570050954392154,False,False,False,0.125
validation,775536,2026-06-22T23:50:00-07:00,775536_1782197400_H30,Q_ONLY,768701,718405,7.416790008544922,4.67864990234375,8.536449432373047,2.738140106201172,0.7097673388384642,False,False,False,0.125
validation,775536,2026-06-22T23:55:00-07:00,775536_1782197700_H30,Q_ONLY,768701,718405,4.546878814697266,2.8359146118164062,6.718711853027344,1.7109642028808594,0.4406524720686308,False,False,False,0.125
validation,775536,2026-06-26T23:30:00-07:00,775536_1782541800_H30,Q_ONLY,768701,768701,6.690624237060547,6.690624237060547,7.755794525146484,0.0,0.0,True,True,True,0.125
validation,775536,2026-06-26T23:35:00-07:00,775536_1782542100_H30,Q_ONLY,768701,768701,5.341968536376953,5.341968536376953,6.639743804931641,0.0,0.0,True,True,True,0.125
validation,775536,2026-06-26T23:40:00-07:00,775536_1782542400_H30,Q_ONLY,768701,768701,6.455196380615234,6.455196380615234,7.586502075195312,0.0,0.0,True,True,True,0.125
validation,775536,2026-06-26T23:45:00-07:00,775536_1782542700_H30,Q_ONLY,768701,759870,3.1729965209960938,2.760845184326172,4.582660675048828,0.4121513366699219,0.2262311077980979,False,False,True,0.125
validation,775536,2026-06-26T23:50:00-07:00,775536_1782543000_H30,Q_ONLY,768701,759870,4.838722229003906,4.496604919433594,6.734905242919922,0.3421173095703125,0.15284691959363075,False,False,True,0.125
validation,775536,2026-06-26T23:55:00-07:00,775536_1782543300_H30,Q_ONLY,768701,759870,6.933292388916016,6.547634124755859,8.909114837646484,0.38565826416015625,0.1633120533464287,False,False,True,0.125
validation,765501,2026-06-03T15:25:00-07:00,765501_1780525500_H30,QS_ONLY,773773,773773,9.265514373779297,9.265514373779297,14.717269897460938,0.0,0.0,True,True,True,0.5071760698393716
validation,765501,2026-06-03T15:30:00-07:00,765501_1780525800_H30,QS_ONLY,773773,763616,10.149818420410156,7.766017913818359,12.859901428222656,2.383800506591797,0.46797310928900776,False,False,False,0.5151769455761769
validation,765501,2026-06-03T15:35:00-07:00,765501_1780526100_H30,QS_ONLY,773773,763616,11.66946792602539,2.32741928100586,14.131969451904297,9.342048645019531,0.7913938701408826,False,False,False,0.5013959773776276
validation,765501,2026-06-03T15:40:00-07:00,765501_1780526400_H30,QS_ONLY,773773,763616,11.764209747314451,5.4029083251953125,16.140243530273438,6.361301422119139,0.5924469433636215,False,False,False,0.48394706031241813
validation,765501,2026-06-03T15:45:00-07:00,765501_1780526700_H30,QS_ONLY,773773,763616,12.993793487548828,5.657157897949219,16.346275329589844,7.336635589599609,0.6863649535632,False,False,False,0.4492291879593304
validation,765501,2026-06-03T15:50:00-07:00,765501_1780527000_H30,QS_ONLY,773773,763616,13.161766052246094,8.121150970458984,18.257583618164062,5.040615081787109,0.49727702604804674,False,False,False,0.41756925532096467
validation,765501,2026-06-06T07:20:00-07:00,765501_1780755600_H30,QS_ONLY,763616,763616,0.408782958984375,0.408782958984375,4.986431121826172,0.0,0.0,True,True,True,0.5827851848263523
validation,765501,2026-06-06T07:25:00-07:00,765501_1780755900_H30,QS_ONLY,763616,717951,1.88330078125,1.1006240844726562,5.812053680419922,0.7826766967773438,0.16612297410760335,False,True,False,0.5829143439986926
validation,765501,2026-06-06T07:30:00-07:00,765501_1780756200_H30,QS_ONLY,763616,763616,0.959503173828125,0.959503173828125,5.2108001708984375,0.0,0.0,True,True,True,0.5522513973724733
validation,765501,2026-06-06T07:35:00-07:00,765501_1780756500_H30,QS_ONLY,763616,776019,1.9462661743164065,0.2828750610351562,5.2697296142578125,1.6633911132812502,0.3335551690005309,False,False,False,0.5876240184347816
validation,765501,2026-06-06T07:40:00-07:00,765501_1780756800_H30,QS_ONLY,763616,717951,1.40594482421875,0.369842529296875,3.689170837402344,1.036102294921875,0.3121421561078536,False,True,False,0.5782984327408787
validation,765501,2026-06-06T07:45:00-07:00,765501_1780757100_H30,QS_ONLY,763616,776019,1.5462493896484375,0.2406005859375,4.611083984375,1.3056488037109375,0.29874242381923305,False,False,False,0.5624190685217242
validation,765501,2026-06-11T23:30:00-07:00,765501_1781245800_H30,QS_ONLY,763616,763616,1.5694046020507812,1.5694046020507812,7.730613708496094,0.0,0.0,True,True,True,0.6810225414299959
validation,765501,2026-06-11T23:35:00-07:00,765501_1781246100_H30,QS_ONLY,763616,763616,1.4680938720703125,1.4680938720703125,6.0147247314453125,0.0,0.0,True,True,True,0.5660710260003181
validation,765501,2026-06-11T23:40:00-07:00,765501_1781246400_H30,QS_ONLY,763616,773784,1.3957290649414062,1.1476974487304688,5.465484619140625,0.2480316162109375,0.05744415053866039,False,False,True,0.649890571904277
validation,765501,2026-06-11T23:45:00-07:00,765501_1781246700_H30,QS_ONLY,763616,763616,0.6777496337890625,0.6777496337890625,6.084281921386719,0.0,0.0,True,True,True,0.6925335030913933
validation,765501,2026-06-11T23:50:00-07:00,765501_1781247000_H30,QS_ONLY,763616,763616,0.0621871948242187,0.0621871948242187,5.580940246582031,0.0,0.0,True,True,True,0.6120060656742677
validation,765501,2026-06-11T23:55:00-07:00,765501_1781247300_H30,QS_ONLY,763616,763616,0.901702880859375,0.901702880859375,4.375164031982422,0.0,0.0,True,True,True,0.6233118253277672
validation,765501,2026-06-15T23:30:00-07:00,765501_1781591400_H30,QS_ONLY,763616,773784,3.4067459106445312,3.362983703613281,12.888511657714844,0.043762207031250444,0.004594202782472234,False,False,True,0.7396430505707137
validation,765501,2026-06-15T23:35:00-07:00,765501_1781591700_H30,QS_ONLY,763616,763616,0.6665878295898438,0.6665878295898438,9.146846771240234,0.0,0.0,True,True,True,0.7396864271180894
validation,765501,2026-06-15T23:40:00-07:00,765501_1781592000_H30,QS_ONLY,763616,776019,3.4026870727539062,0.8366851806640625,6.101020812988281,2.5660018920898438,0.4874312869289732,False,False,False,0.5515917888902869
validation,765501,2026-06-15T23:45:00-07:00,765501_1781592300_H30,QS_ONLY,763616,776019,2.677207946777344,0.5329322814941406,5.518070220947266,2.1442756652832036,0.43013366757880184,False,False,False,0.7001040708380237
validation,765501,2026-06-15T23:50:00-07:00,765501_1781592600_H30,QS_ONLY,763616,776019,2.755615234375,0.4062042236328125,5.804420471191406,2.3494110107421875,0.43521987690002895,False,False,False,0.5950280740968825
validation,765501,2026-06-15T23:55:00-07:00,765501_1781592900_H30,QS_ONLY,763616,763616,1.7599945068359375,1.7599945068359375,10.49136734008789,0.0,0.0,True,True,True,0.6611298579535752
validation,765501,2026-06-17T22:00:00-07:00,765501_1781758800_H30,QS_ONLY,763616,763616,3.382080078125,3.382080078125,6.303215026855469,0.0,0.0,True,True,True,0.5432813012594331
validation,765501,2026-06-17T22:05:00-07:00,765501_1781759100_H30,QS_ONLY,763616,763616,1.907066345214844,1.907066345214844,4.920204162597656,0.0,0.0,True,True,True,0.6996825388298661
validation,765501,2026-06-17T22:10:00-07:00,765501_1781759400_H30,QS_ONLY,763616,763616,3.1412353515625,3.1412353515625,8.216136932373047,0.0,0.0,True,True,True,0.6102717301463734
validation,765501,2026-06-17T22:15:00-07:00,765501_1781759700_H30,QS_ONLY,763616,763616,3.6384353637695312,3.6384353637695312,8.491710662841797,0.0,0.0,True,True,True,0.6316399465750311
validation,765501,2026-06-17T22:20:00-07:00,765501_1781760000_H30,QS_ONLY,763616,763616,0.5210494995117188,0.5210494995117188,5.544830322265625,0.0,0.0,True,True,True,0.7290279712745635
validation,765501,2026-06-17T22:25:00-07:00,765501_1781760300_H30,QS_ONLY,763616,773784,1.8023910522460935,0.4557647705078125,3.335399627685547,1.346626281738281,0.4676378598424383,False,False,False,0.6726282040459104
validation,765501,2026-06-18T23:30:00-07:00,765501_1781850600_H30,QS_ONLY,763616,763616,1.1622085571289062,1.1622085571289062,7.3306121826171875,0.0,0.0,True,True,True,0.6181049855497711
validation,765501,2026-06-18T23:35:00-07:00,765501_1781850900_H30,QS_ONLY,763616,763616,0.096710205078125,0.096710205078125,7.314727783203125,0.0,0.0,True,True,True,0.643425021194524
validation,765501,2026-06-18T23:40:00-07:00,765501_1781851200_H30,QS_ONLY,763616,763616,1.34796142578125,1.34796142578125,5.965484619140625,0.0,0.0,True,True,True,0.6392824243093751
validation,765501,2026-06-18T23:45:00-07:00,765501_1781851500_H30,QS_ONLY,763616,773784,2.1846923828125,0.803955078125,3.684280395507813,1.3807373046875,0.4793685270044764,False,False,False,0.579134949281351
validation,765501,2026-06-18T23:50:00-07:00,765501_1781851800_H30,QS_ONLY,763616,773784,3.5582427978515625,1.0506591796875,3.5582427978515625,2.5075836181640625,1.0,False,False,False,0.7404212597931389
validation,765501,2026-06-18T23:55:00-07:00,765501_1781852100_H30,QS_ONLY,763616,773784,3.3749313354492188,0.2287368774414062,3.3749313354492188,3.1461944580078125,1.0,False,False,False,0.6984369046328573
validation,765501,2026-06-24T23:30:00-07:00,765501_1782369000_H30,QS_ONLY,776019,763616,6.1489105224609375,0.7396621704101562,6.1489105224609375,5.409248352050781,1.0,False,False,False,0.5175038362773516
validation,765501,2026-06-24T23:35:00-07:00,765501_1782369300_H30,QS_ONLY,776019,763616,7.193305969238281,2.143867492675781,7.193305969238281,5.0494384765625,1.0,False,True,False,0.51786097545842
validation,765501,2026-06-24T23:40:00-07:00,765501_1782369600_H30,QS_ONLY,763616,763616,1.307281494140625,1.307281494140625,6.137977600097656,0.0,0.0,True,True,True,0.5442240019516138
validation,765501,2026-06-24T23:45:00-07:00,765501_1782369900_H30,QS_ONLY,776019,763616,5.977573394775391,1.3118133544921875,5.977573394775391,4.665760040283203,1.0,False,False,False,0.5171565486663123
validation,765501,2026-06-24T23:50:00-07:00,765501_1782370200_H30,QS_ONLY,776019,763616,6.286907196044922,1.9117431640625,6.286907196044922,4.375164031982422,1.0,False,False,False,0.5183492837098049
validation,765501,2026-06-24T23:55:00-07:00,765501_1782370500_H30,QS_ONLY,763616,763616,0.84039306640625,0.84039306640625,4.241691589355469,0.0,0.0,True,True,True,0.5170221578766431
validation,765501,2026-06-27T23:30:00-07:00,765501_1782628200_H30,QS_ONLY,763616,763616,1.0807342529296875,1.0807342529296875,6.393463134765625,0.0,0.0,True,True,True,0.7656011137948256
validation,765501,2026-06-27T23:35:00-07:00,765501_1782628500_H30,QS_ONLY,763616,763616,1.0346527099609375,1.0346527099609375,6.511741638183594,0.0,0.0,True,True,True,0.7395938125777994
validation,765501,2026-06-27T23:40:00-07:00,765501_1782628800_H30,QS_ONLY,763616,763616,1.3554763793945312,1.3554763793945312,6.3412933349609375,0.0,0.0,True,True,True,0.7863534345159625
validation,765501,2026-06-27T23:45:00-07:00,765501_1782629100_H30,QS_ONLY,763616,763616,0.2803421020507812,0.2803421020507812,5.221237182617188,0.0,0.0,True,True,True,0.805610494359813
validation,765501,2026-06-27T23:50:00-07:00,765501_1782629400_H30,QS_ONLY,763616,763616,0.1573638916015625,0.1573638916015625,2.7491912841796875,0.0,0.0,True,True,True,0.7502447507846546
validation,765501,2026-06-27T23:55:00-07:00,765501_1782629700_H30,QS_ONLY,763616,763616,0.0630035400390625,0.0630035400390625,4.773464202880859,0.0,0.0,True,True,True,0.796505367194059
validation,769895,2026-06-03T17:30:00-07:00,769895_1780533000_H30,QS_ONLY,769880,769847,3.3738784790039062,1.6959075927734375,8.441547393798828,1.6779708862304688,0.24874896017652823,False,True,False,0.7782627463776742
validation,769895,2026-06-03T17:35:00-07:00,769895_1780533300_H30,QS_ONLY,769847,769880,0.97216796875,0.6902694702148438,5.220458984375,0.28189849853515625,0.062226645850911366,False,True,True,0.7403588991598111
validation,769895,2026-06-03T17:40:00-07:00,769895_1780533600_H30,QS_ONLY,769880,769880,0.4317245483398437,0.4317245483398437,4.966014862060547,0.0,0.0,True,True,True,0.801421256389451
validation,769895,2026-06-03T17:45:00-07:00,769895_1780533900_H30,QS_ONLY,769847,769866,2.1755294799804688,1.0536956787109375,4.967674255371094,1.1218338012695312,0.28662236629481125,False,True,False,0.7730417463058786
validation,769895,2026-06-03T17:50:00-07:00,769895_1780534200_H30,QS_ONLY,769866,769866,0.19903564453125,0.19903564453125,4.173469543457031,0.0,0.0,True,True,True,0.7210921551595257
validation,769895,2026-06-03T17:55:00-07:00,769895_1780534500_H30,QS_ONLY,769847,769866,3.623291015625,0.6420745849609375,3.623291015625,2.9812164306640625,1.0,False,True,False,0.8119698911880685
validation,769895,2026-06-04T23:30:00-07:00,769895_1780641000_H30,QS_ONLY,769880,769880,0.5397567749023438,0.5397567749023438,2.622886657714844,0.0,0.0,True,True,True,0.6225634498140209
validation,769895,2026-06-04T23:35:00-07:00,769895_1780641300_H30,QS_ONLY,769847,770385,0.4967880249023437,0.391693115234375,1.2913742065429688,0.1050949096679687,0.11681351390314013,False,False,True,0.5635104814631149
validation,769895,2026-06-04T23:40:00-07:00,769895_1780641600_H30,QS_ONLY,769847,769866,3.0213394165039062,2.3920211791992188,4.324180603027344,0.6293182373046875,0.32570720073286685,False,False,False,0.5844054462244491
validation,769895,2026-06-04T23:45:00-07:00,769895_1780641900_H30,QS_ONLY,769866,769866,4.1884307861328125,4.1884307861328125,6.109367370605469,0.0,0.0,True,True,True,0.5843635058699821
validation,769895,2026-06-04T23:50:00-07:00,769895_1780642200_H30,QS_ONLY,769880,769866,8.194202423095703,5.606586456298828,8.194202423095703,2.587615966796875,1.0,False,True,False,0.6650844630581275
validation,769895,2026-06-04T23:55:00-07:00,769895_1780642500_H30,QS_ONLY,769847,770385,0.5775299072265625,0.1097946166992187,1.3567352294921875,0.4677352905273438,0.37510630877575124,False,False,True,0.7084623367349616
validation,769895,2026-06-06T07:20:00-07:00,769895_1780755600_H30,QS_ONLY,769847,769847,3.0790557861328125,3.0790557861328125,7.3369598388671875,0.0,0.0,True,True,True,0.5639037821024322
validation,769895,2026-06-06T07:25:00-07:00,769895_1780755900_H30,QS_ONLY,769847,769847,3.4980926513671875,3.4980926513671875,9.222999572753906,0.0,0.0,True,True,True,0.5307674783639933
validation,769895,2026-06-06T07:30:00-07:00,769895_1780756200_H30,QS_ONLY,769847,769847,0.4498672485351562,0.4498672485351562,6.263149261474609,0.0,0.0,True,True,True,0.5580647621199347
validation,769895,2026-06-06T07:35:00-07:00,769895_1780756500_H30,QS_ONLY,769847,770116,2.8180694580078125,0.3459930419921875,2.8180694580078125,2.472076416015625,1.0,False,False,False,0.5204591768121614
validation,769895,2026-06-06T07:40:00-07:00,769895_1780756800_H30,QS_ONLY,769847,769880,4.263088226318359,0.6638717651367188,4.263088226318359,3.5992164611816406,1.0,False,False,False,0.5412180745969412
validation,769895,2026-06-06T07:45:00-07:00,769895_1780757100_H30,QS_ONLY,770385,769880,2.920745849609375,0.1684761047363281,5.276458740234375,2.752269744873047,0.5388173651464833,False,False,False,0.5228605836575466
validation,769895,2026-06-12T23:30:00-07:00,769895_1781332200_H30,QS_ONLY,769847,770385,0.7501602172851562,0.51239013671875,2.6973114013671875,0.23777008056640625,0.10882318022780761,False,False,True,0.720296538980179
validation,769895,2026-06-12T23:35:00-07:00,769895_1781332500_H30,QS_ONLY,769847,769847,0.3840408325195312,0.3840408325195312,2.4090347290039062,0.0,0.0,True,True,True,0.6993683533677831
validation,769895,2026-06-12T23:40:00-07:00,769895_1781332800_H30,QS_ONLY,769847,769847,2.233505249023437,2.233505249023437,4.269447326660156,0.0,0.0,True,True,True,0.6737889559334937
validation,769895,2026-06-12T23:45:00-07:00,769895_1781333100_H30,QS_ONLY,769847,769847,0.5497207641601562,0.5497207641601562,3.314537048339844,0.0,0.0,True,True,True,0.715136981554419
validation,769895,2026-06-12T23:50:00-07:00,769895_1781333400_H30,QS_ONLY,769847,769866,1.8331985473632808,0.5410308837890625,1.8331985473632808,1.2921676635742183,1.0,False,False,False,0.7252583830776365
validation,769895,2026-06-12T23:55:00-07:00,769895_1781333700_H30,QS_ONLY,769847,769880,0.5751190185546875,0.2470016479492187,3.473106384277344,0.3281173706054688,0.1017069802200297,False,False,True,0.7151406087091323
validation,769895,2026-06-17T11:15:00-07:00,769895_1781720100_H30,QS_ONLY,769880,769880,1.4925460815429688,1.4925460815429688,4.967475891113281,0.0,0.0,True,True,True,0.6592933201538473
validation,769965,2026-06-03T17:30:00-07:00,769965_1780533000_H30,QS_ONLY,769926,769911,13.641397476196287,2.1030349731445312,17.069358825683594,11.538362503051756,0.7709550198657671,False,False,False,0.7259144325097378
validation,769965,2026-06-03T17:35:00-07:00,769965_1780533300_H30,QS_ONLY,769926,769867,14.71120262145996,6.391258239746094,14.71120262145996,8.319944381713865,1.0,False,True,False,0.7068266302393923
validation,769965,2026-06-03T17:40:00-07:00,769965_1780533600_H30,QS_ONLY,769867,769911,7.989574432373047,5.899688720703125,14.459896087646484,2.089885711669922,0.24413961275521867,False,False,False,0.7398368556269548
validation,769965,2026-06-03T17:45:00-07:00,769965_1780533900_H30,QS_ONLY,769926,769911,15.008655548095703,2.885944366455078,15.008655548095703,12.122711181640625,1.0,False,False,False,0.7483667265611987
validation,769965,2026-06-03T17:50:00-07:00,769965_1780534200_H30,QS_ONLY,770129,769926,7.876365661621094,6.421836853027344,10.409381866455078,1.45452880859375,0.364767997275452,False,False,False,0.6893585761886238
validation,769965,2026-06-03T17:55:00-07:00,769965_1780534500_H30,QS_ONLY,769867,769911,9.352603912353516,4.758838653564453,11.469837188720703,4.5937652587890625,0.6845129282511618,False,False,False,0.7092620007351218
validation,769965,2026-06-04T23:30:00-07:00,769965_1780641000_H30,QS_ONLY,770129,769926,0.4351425170898437,0.2534942626953125,1.9320755004882808,0.1816482543945312,0.10821534895348044,False,False,True,0.5716704047893861
validation,769965,2026-06-04T23:35:00-07:00,769965_1780641300_H30,QS_ONLY,770129,769926,1.938392639160156,1.320037841796875,2.8302459716796875,0.618354797363281,0.40945005203439305,False,False,False,0.56004750470533
validation,769965,2026-06-04T23:40:00-07:00,769965_1780641600_H30,QS_ONLY,769867,769926,4.819755554199219,3.3481369018554688,5.058509826660156,1.47161865234375,0.8604080613073306,False,False,False,0.5829996576907092
validation,769965,2026-06-04T23:45:00-07:00,769965_1780641900_H30,QS_ONLY,770129,769926,3.959884643554688,3.30047607421875,5.470161437988281,0.6594085693359379,0.30391898306872744,False,False,False,0.6336196752077992
validation,769965,2026-06-04T23:50:00-07:00,769965_1780642200_H30,QS_ONLY,770129,769926,2.6276931762695312,2.063026428222656,6.383457183837891,0.5646667480468754,0.13069686334238362,False,False,False,0.6435618396295382
validation,769965,2026-06-04T23:55:00-07:00,769965_1780642500_H30,QS_ONLY,770129,770141,2.6118316650390625,0.8677291870117188,3.0869674682617188,1.7441024780273438,0.785901402640264,False,False,False,0.6606346153599765
validation,769965,2026-06-06T07:20:00-07:00,769965_1780755600_H30,QS_ONLY,770129,769926,0.6742095947265625,0.04083251953125,14.251022338867188,0.6333770751953125,0.04457203480374839,False,True,False,0.5024929435755299
validation,769965,2026-06-06T07:25:00-07:00,769965_1780755900_H30,QS_ONLY,770129,769867,2.2454376220703125,1.7569351196289062,20.089679718017575,0.48850250244140625,0.026646446734677278,False,True,True,0.5113424003525895
validation,769965,2026-06-06T07:30:00-07:00,769965_1780756200_H30,QS_ONLY,770129,770129,3.1787261962890625,3.1787261962890625,24.94419860839844,0.0,0.0,True,True,True,0.4940690898587651
validation,769965,2026-06-06T07:35:00-07:00,769965_1780756500_H30,QS_ONLY,769926,770129,1.43182373046875,0.8619461059570312,14.56399154663086,0.5698776245117188,0.04159069731443642,False,False,False,0.454180871068236
validation,769965,2026-06-06T07:40:00-07:00,769965_1780756800_H30,QS_ONLY,770129,769867,1.1840133666992188,0.5607376098632812,10.92458724975586,0.6232757568359375,0.060139405577327325,False,True,False,0.46865199013489267
validation,769965,2026-06-06T07:45:00-07:00,769965_1780757100_H30,QS_ONLY,770129,769867,3.731719970703125,3.4769821166992188,10.22153091430664,0.25473785400390625,0.03776944339023429,False,False,True,0.47791798851036377
validation,769965,2026-06-12T23:30:00-07:00,769965_1781332200_H30,QS_ONLY,769926,769867,0.51123046875,0.0236358642578125,1.108184814453125,0.4875946044921875,0.4495828467718109,False,True,True,0.590704261247932
validation,769965,2026-06-12T23:35:00-07:00,769965_1781332500_H30,QS_ONLY,770129,769867,1.3648223876953125,0.67138671875,2.008941650390625,0.6934356689453125,0.5184352825754638,False,True,False,0.552644971931195
validation,769965,2026-06-12T23:40:00-07:00,769965_1781332800_H30,QS_ONLY,769867,769867,0.051177978515625,0.051177978515625,1.3978424072265625,0.0,0.0,True,True,True,0.6544979497036143
validation,769965,2026-06-12T23:45:00-07:00,769965_1781333100_H30,QS_ONLY,770129,769911,0.5866546630859375,0.1507339477539062,1.7287750244140625,0.4359207153320313,0.2762416782297172,False,False,True,0.5975709760578296
validation,769965,2026-06-12T23:50:00-07:00,769965_1781333400_H30,QS_ONLY,770129,769926,3.852745056152344,2.9699859619140625,4.59649658203125,0.8827590942382817,0.5427318354519446,False,False,False,0.6370621548603779
validation,769965,2026-06-12T23:55:00-07:00,769965_1781333700_H30,QS_ONLY,770129,769926,1.0620574951171875,0.4486770629882812,1.8897018432617188,0.6133804321289062,0.42565571427058735,False,False,False,0.6648589516392922
validation,769965,2026-06-17T11:15:00-07:00,769965_1781720100_H30,QS_ONLY,770129,769867,2.851715087890625,2.5934715270996094,4.743236541748047,0.2582435607910156,0.12012641336674072,False,False,True,0.5348828965951863
validation,775511,2026-06-06T23:30:00-07:00,775511_1780813800_H30,QS_ONLY,764311,764283,2.7627029418945312,0.1591796875,2.7627029418945312,2.6035232543945312,1.0,False,False,False,0.6298486394328261
validation,775511,2026-06-06T23:35:00-07:00,775511_1780814100_H30,QS_ONLY,764311,764283,3.375885009765625,0.2073211669921875,3.375885009765625,3.1685638427734375,1.0,False,False,False,0.6058418758890982
validation,775511,2026-06-06T23:40:00-07:00,775511_1780814400_H30,QS_ONLY,764297,764283,2.9507827758789062,0.0472946166992187,3.904571533203125,2.9034881591796875,0.7527300274337841,False,False,False,0.5966140180075363
validation,775511,2026-06-06T23:45:00-07:00,775511_1780814700_H30,QS_ONLY,764311,764283,4.398727416992188,0.042236328125,4.398727416992188,4.356491088867188,1.0,False,False,False,0.5694243376493433
validation,775511,2026-06-06T23:50:00-07:00,775511_1780815000_H30,QS_ONLY,764311,764283,5.1397552490234375,0.7138442993164062,5.1397552490234375,4.425910949707031,1.0,False,False,False,0.6068512894127283
validation,775511,2026-06-06T23:55:00-07:00,775511_1780815300_H30,QS_ONLY,764311,764283,5.938991546630859,1.6687049865722656,5.938991546630859,4.270286560058594,1.0,False,False,False,0.6019641676175105
validation,775511,2026-06-08T23:30:00-07:00,775511_1780986600_H30,QS_ONLY,764311,764311,1.971405029296875,1.971405029296875,8.241268157958984,0.0,0.0,True,True,True,0.5378231123402084
validation,775511,2026-06-08T23:35:00-07:00,775511_1780986900_H30,QS_ONLY,764297,764311,2.874458312988281,0.534027099609375,7.944782257080078,2.340431213378906,0.3158154821805902,False,False,False,0.552147737322474
validation,775511,2026-06-08T23:40:00-07:00,775511_1780987200_H30,QS_ONLY,764311,764311,0.3541488647460937,0.3541488647460937,7.579780578613281,0.0,0.0,True,True,True,0.5313282396915954
validation,775511,2026-06-08T23:45:00-07:00,775511_1780987500_H30,QS_ONLY,764311,764311,0.7415542602539062,0.7415542602539062,7.430770874023437,0.0,0.0,True,True,True,0.5367639648047455
validation,775511,2026-06-08T23:50:00-07:00,775511_1780987800_H30,QS_ONLY,764283,764311,1.5871047973632812,0.1132736206054687,5.4522857666015625,1.4738311767578125,0.2760494144713809,False,False,False,0.5241269641843429
validation,775511,2026-06-08T23:55:00-07:00,775511_1780988100_H30,QS_ONLY,764311,764283,1.110687255859375,0.3416671752929687,4.462131500244141,0.7690200805664062,0.1866343256291921,False,True,False,0.576565582244159
validation,775511,2026-06-10T23:30:00-07:00,775511_1781159400_H30,QS_ONLY,764311,764322,0.5643692016601562,0.0645523071289062,1.1581649780273438,0.49981689453125006,0.4570328305730352,False,False,True,0.5463331069147984
validation,775511,2026-06-10T23:35:00-07:00,775511_1781159700_H30,QS_ONLY,764311,764311,1.0601654052734375,1.0601654052734375,4.080123901367188,0.0,0.0,True,True,True,0.5514963839424705
validation,775511,2026-06-10T23:40:00-07:00,775511_1781160000_H30,QS_ONLY,764311,764297,0.5753021240234375,0.2941131591796875,4.184654235839844,0.28118896484375,0.07227502789538398,False,False,True,0.5779322011030761
validation,775511,2026-06-10T23:45:00-07:00,775511_1781160300_H30,QS_ONLY,764311,764297,0.5681838989257812,0.5332565307617188,3.6620101928710938,0.0349273681640625,0.011163348711996332,False,True,True,0.5650628117990593
validation,775511,2026-06-10T23:50:00-07:00,775511_1781160600_H30,QS_ONLY,764311,764297,0.3249282836914062,0.119476318359375,4.832210540771484,0.2054519653320312,0.0435950672446101,False,True,True,0.569270704020016
validation,775511,2026-06-10T23:55:00-07:00,775511_1781160900_H30,QS_ONLY,764311,764297,0.5459747314453125,0.511199951171875,6.973453521728516,0.0347747802734375,0.005381215684862409,False,False,True,0.5713553693682683
validation,775511,2026-06-23T23:30:00-07:00,775511_1782282600_H30,QS_ONLY,764311,764311,0.0853652954101562,0.0853652954101562,0.9347610473632812,0.0,0.0,True,True,True,0.7022385820789616
validation,775511,2026-06-23T23:35:00-07:00,775511_1782282900_H30,QS_ONLY,764311,764311,0.1087493896484375,0.1087493896484375,2.2272491455078125,0.0,0.0,True,True,True,0.8162658371043064
validation,775511,2026-06-23T23:40:00-07:00,775511_1782283200_H30,QS_ONLY,764311,764311,0.337371826171875,0.337371826171875,1.4198379516601562,0.0,0.0,True,True,True,0.8233751181856375
validation,775511,2026-06-23T23:45:00-07:00,775511_1782283500_H30,QS_ONLY,764311,764297,1.8790130615234373,0.646728515625,1.8790130615234373,1.2322845458984373,1.0,False,True,False,0.8164477015989353
validation,775511,2026-06-23T23:50:00-07:00,775511_1782283800_H30,QS_ONLY,764311,764297,1.7884902954101562,0.0592880249023437,1.7884902954101562,1.7292022705078125,1.0,False,False,False,0.8103623490784626
validation,775511,2026-06-23T23:55:00-07:00,775511_1782284100_H30,QS_ONLY,764311,764297,1.515716552734375,0.18756103515625,1.515716552734375,1.328155517578125,1.0,False,True,False,0.8309493320131293
validation,775511,2026-06-26T23:30:00-07:00,775511_1782541800_H30,QS_ONLY,764311,764297,0.5294189453125,0.2876434326171875,1.5057449340820312,0.2417755126953125,0.19848552226933652,False,True,True,0.8256052130617428
validation,775511,2026-06-26T23:35:00-07:00,775511_1782542100_H30,QS_ONLY,764311,764322,0.7726287841796875,0.3212966918945312,1.7471466064453125,0.4513320922851563,0.3165354836293201,False,False,True,0.883771138880541
validation,775511,2026-06-26T23:40:00-07:00,775511_1782542400_H30,QS_ONLY,764311,764297,1.171539306640625,1.08441162109375,3.4495849609375,0.087127685546875,0.036837759025573534,False,False,True,0.7925385325466159
validation,775511,2026-06-26T23:45:00-07:00,775511_1782542700_H30,QS_ONLY,764311,764311,0.323822021484375,0.323822021484375,2.6478347778320312,0.0,0.0,True,True,True,0.8412734192052178
validation,775511,2026-06-26T23:50:00-07:00,775511_1782543000_H30,QS_ONLY,764311,764311,1.03961181640625,1.03961181640625,4.322174072265625,0.0,0.0,True,True,True,0.794169961950373
validation,775511,2026-06-26T23:55:00-07:00,775511_1782543300_H30,QS_ONLY,764311,764311,0.1421127319335937,0.1421127319335937,2.880165100097656,0.0,0.0,True,True,True,0.7962843650023486
validation,775536,2026-06-02T23:30:00-07:00,775536_1780468200_H30,QS_ONLY,768701,759870,3.9019775390625,3.895332336425781,4.189048767089844,0.006645202636719194,0.02262455192477679,False,True,True,0.523014887689767
validation,775536,2026-06-02T23:35:00-07:00,775536_1780468500_H30,QS_ONLY,768701,759870,0.6510734558105469,0.1459884643554687,0.6510734558105469,0.5050849914550781,1.0,False,True,False,0.5271264838879003
validation,775536,2026-06-02T23:40:00-07:00,775536_1780468800_H30,QS_ONLY,768701,759870,2.672309875488281,1.9369964599609373,2.672309875488281,0.7353134155273435,1.0,False,True,False,0.5252034901152024
validation,775536,2026-06-02T23:45:00-07:00,775536_1780469100_H30,QS_ONLY,768701,774344,6.077846527099609,5.827373504638672,6.2437744140625,0.2504730224609375,0.6015189131251317,False,False,True,0.5249379288316102
validation,775536,2026-06-02T23:50:00-07:00,775536_1780469400_H30,QS_ONLY,774344,774344,6.346874237060547,6.346874237060547,6.961330413818359,0.0,0.0,True,True,True,0.520743921614677
validation,775536,2026-06-02T23:55:00-07:00,775536_1780469700_H30,QS_ONLY,759870,774344,9.586662292480469,9.152359008789062,10.14324188232422,0.43430328369140625,0.4382993139662904,False,False,True,0.5218191272957534
validation,775536,2026-06-03T19:05:00-07:00,775536_1780538700_H30,QS_ONLY,768701,718405,11.834251403808594,4.34954833984375,11.834251403808594,7.484703063964844,1.0,False,False,False,0.4042055237622536
validation,775536,2026-06-03T19:10:00-07:00,775536_1780539000_H30,QS_ONLY,759870,718405,8.917720794677734,0.4546356201171875,8.917720794677734,8.463085174560547,1.0,False,False,False,0.41002978783565897
validation,775536,2026-06-03T19:15:00-07:00,775536_1780539300_H30,QS_ONLY,759870,774344,6.482833862304688,0.8779869079589844,6.482833862304688,5.604846954345704,1.0,False,False,False,0.42184102038134497
validation,775536,2026-06-03T19:20:00-07:00,775536_1780539600_H30,QS_ONLY,759870,759870,0.9929847717285156,0.9929847717285156,8.695808410644531,0.0,0.0,True,True,True,0.43355365356214387
validation,775536,2026-06-03T19:25:00-07:00,775536_1780539900_H30,QS_ONLY,759870,759870,2.236003875732422,2.236003875732422,8.882808685302734,0.0,0.0,True,True,True,0.4321805568197892
validation,775536,2026-06-03T19:30:00-07:00,775536_1780540200_H30,QS_ONLY,759870,759870,0.7783393859863281,0.7783393859863281,7.191120147705078,0.0,0.0,True,True,True,0.4405003610793482
validation,775536,2026-06-06T23:30:00-07:00,775536_1780813800_H30,QS_ONLY,759870,718405,5.492706298828125,2.637031555175781,5.819057464599609,2.855674743652344,0.89743918652423,False,False,False,0.5236300440648888
validation,775536,2026-06-06T23:35:00-07:00,775536_1780814100_H30,QS_ONLY,768701,718405,4.196083068847656,0.698974609375,4.196083068847656,3.4971084594726562,1.0,False,False,False,0.5182159580699002
validation,775536,2026-06-06T23:40:00-07:00,775536_1780814400_H30,QS_ONLY,759870,774344,1.5661659240722656,1.2070159912109375,1.8224639892578125,0.3591499328613281,0.5835585362225417,False,False,True,0.5235526287594271
validation,775536,2026-06-06T23:45:00-07:00,775536_1780814700_H30,QS_ONLY,768701,768701,0.8427352905273438,0.8427352905273438,4.23309326171875,0.0,0.0,True,True,True,0.5211206170998782
validation,775536,2026-06-06T23:50:00-07:00,775536_1780815000_H30,QS_ONLY,759870,759870,6.500274658203125,6.500274658203125,11.467121124267578,0.0,0.0,True,True,True,0.5207747063995188
validation,775536,2026-06-06T23:55:00-07:00,775536_1780815300_H30,QS_ONLY,768701,768701,7.522109985351562,7.522109985351562,11.958580017089844,0.0,0.0,True,True,True,0.5176607502792516
validation,775536,2026-06-10T23:30:00-07:00,775536_1781159400_H30,QS_ONLY,768701,718405,4.279777526855469,3.2161865234375,4.926559448242188,1.0635910034179688,0.6218474275365548,False,False,False,0.5252034664306293
validation,775536,2026-06-10T23:35:00-07:00,775536_1781159700_H30,QS_ONLY,768701,774344,0.3755874633789062,0.1846847534179687,0.4929237365722656,0.1909027099609375,0.619333440590077,False,False,True,0.5252034901152024
validation,775536,2026-06-10T23:40:00-07:00,775536_1781160000_H30,QS_ONLY,759870,759870,2.662708282470703,2.662708282470703,3.574569702148437,0.0,0.0,True,True,True,0.5265555623738392
validation,775536,2026-06-10T23:45:00-07:00,775536_1781160300_H30,QS_ONLY,768701,768701,5.94207763671875,5.94207763671875,6.779857635498047,0.0,0.0,True,True,True,0.521887796848457
validation,775536,2026-06-10T23:50:00-07:00,775536_1781160600_H30,QS_ONLY,768701,759870,11.173011779785156,10.151618957519531,12.583229064941406,1.021392822265625,0.42004794236875465,False,True,False,0.5220281495827886
validation,775536,2026-06-10T23:55:00-07:00,775536_1781160900_H30,QS_ONLY,759870,768701,13.35098648071289,13.340568542480469,15.339725494384766,0.010417938232421875,0.005211165747891014,False,True,True,0.5249938035302594
validation,775536,2026-06-17T11:15:00-07:00,775536_1781720100_H30,QS_ONLY,759870,768701,4.506095886230469,2.58099365234375,9.093952178955078,1.9251022338867188,0.29558029980091755,False,False,False,0.5235271457441294
validation,775536,2026-06-18T23:30:00-07:00,775536_1781850600_H30,QS_ONLY,768701,718405,7.840690612792969,5.707443237304688,7.840690612792969,2.1332473754882804,1.0,False,False,False,0.5241479113525133
validation,775536,2026-06-18T23:35:00-07:00,775536_1781850900_H30,QS_ONLY,768701,718405,5.752731323242188,3.5247573852539062,5.752731323242188,2.227973937988282,1.0,False,False,False,0.525325831107584
validation,775536,2026-06-18T23:40:00-07:00,775536_1781851200_H30,QS_ONLY,768701,718405,5.35443115234375,3.705757141113281,5.35443115234375,1.6486740112304692,1.0,False,False,False,0.5234649051254974
validation,775536,2026-06-18T23:45:00-07:00,775536_1781851500_H30,QS_ONLY,768701,759870,0.8995742797851562,0.84869384765625,1.0768814086914062,0.05088043212890625,0.2229763616302785,False,True,True,0.5255741970083178
validation,775536,2026-06-18T23:50:00-07:00,775536_1781851800_H30,QS_ONLY,768701,718405,1.7720718383789062,1.6835861206054688,1.858203887939453,0.0884857177734375,0.5067394866193343,False,False,True,0.5258846543842338
validation,775536,2026-06-18T23:55:00-07:00,775536_1781852100_H30,QS_ONLY,768701,774344,3.181812286376953,2.628082275390625,3.181812286376953,0.5537300109863281,1.0,False,False,False,0.5263192947105174
validation,775536,2026-06-22T23:30:00-07:00,775536_1782196200_H30,QS_ONLY,768701,718405,5.619449615478516,4.532600402832031,8.882160186767578,1.0868492126464844,0.24987568090467466,False,False,False,0.5213387372093109
validation,775536,2026-06-22T23:35:00-07:00,775536_1782196500_H30,QS_ONLY,768701,718405,9.953720092773438,7.443389892578125,12.346569061279297,2.5103302001953125,0.5119801079715157,False,False,False,0.5220282241070417
validation,775536,2026-06-22T23:40:00-07:00,775536_1782196800_H30,QS_ONLY,768701,718405,9.478973388671877,7.09967041015625,11.747512817382812,2.3793029785156268,0.5119155879330669,False,True,False,0.5265126273602646
validation,775536,2026-06-22T23:45:00-07:00,775536_1782197100_H30,QS_ONLY,759870,718405,9.902374267578123,7.487525939941406,11.862632751464844,2.414848327636717,0.5519518566441245,False,False,False,0.5210092832792504
validation,775536,2026-06-22T23:50:00-07:00,775536_1782197400_H30,QS_ONLY,768701,718405,7.416790008544922,4.67864990234375,8.536449432373047,2.738140106201172,0.7097673388384642,False,False,False,0.524379718534792
validation,775536,2026-06-22T23:55:00-07:00,775536_1782197700_H30,QS_ONLY,768701,718405,4.546878814697266,2.8359146118164062,6.718711853027344,1.7109642028808594,0.4406524720686308,False,False,False,0.5266591933792525
validation,775536,2026-06-26T23:30:00-07:00,775536_1782541800_H30,QS_ONLY,768701,768701,6.690624237060547,6.690624237060547,7.755794525146484,0.0,0.0,True,True,True,0.5227734814193599
validation,775536,2026-06-26T23:35:00-07:00,775536_1782542100_H30,QS_ONLY,768701,768701,5.341968536376953,5.341968536376953,6.639743804931641,0.0,0.0,True,True,True,0.520353789003597
validation,775536,2026-06-26T23:40:00-07:00,775536_1782542400_H30,QS_ONLY,768701,768701,6.455196380615234,6.455196380615234,7.586502075195312,0.0,0.0,True,True,True,0.5190017229836364
validation,775536,2026-06-26T23:45:00-07:00,775536_1782542700_H30,QS_ONLY,768701,759870,3.1729965209960938,2.760845184326172,4.582660675048828,0.4121513366699219,0.2262311077980979,False,True,True,0.5176200501273619
validation,775536,2026-06-26T23:50:00-07:00,775536_1782543000_H30,QS_ONLY,768701,759870,4.838722229003906,4.496604919433594,6.734905242919922,0.3421173095703125,0.15284691959363075,False,True,True,0.5239010136464434
validation,775536,2026-06-26T23:55:00-07:00,775536_1782543300_H30,QS_ONLY,759870,759870,6.547634124755859,6.547634124755859,8.909114837646484,0.0,0.0,True,True,True,0.5189582716361648
