split,target_station,timestamp,sample_id,method,selected_source,actual_target_speed,predicted_target_speed,forecast_error,absolute_error,squared_error,smape_component,oracle_source,oracle_absolute_error,selected_loss,raw_regret_mph
validation,765501,2026-06-03T15:25:00-07:00,765501_1780525500_H30,GRU,763616,64.30000305175781,51.2877082824707,-13.01229476928711,13.01229476928711,169.31981516281667,22.515013934459247,773773,9.265514373779297,13.01229476928711,3.746780395507813
validation,765501,2026-06-03T15:30:00-07:00,765501_1780525800_H30,GRU,763616,64.69999694824219,56.93397903442383,-7.766017913818359,7.766017913818359,60.31103423774766,12.769487780416963,763616,7.766017913818359,7.766017913818359,0.0
validation,765501,2026-06-03T15:35:00-07:00,765501_1780526100_H30,GRU,763616,65.5999984741211,63.272579193115234,-2.3274192810058594,2.3274192810058594,5.416880509597831,3.611969753496624,763616,2.32741928100586,2.32741928100586,0.0
validation,765501,2026-06-03T15:40:00-07:00,765501_1780526400_H30,GRU,773773,66.30000305175781,54.53579330444336,-11.764209747314453,11.764209747314453,138.3966309788084,19.471398384761393,763616,5.4029083251953125,11.764209747314451,6.361301422119139
validation,765501,2026-06-03T15:45:00-07:00,765501_1780526700_H30,GRU,773773,67.80000305175781,54.80620956420898,-12.993793487548835,12.993793487548835,168.8386691970665,21.19597874255971,763616,5.657157897949219,12.993793487548828,7.336635589599609
validation,765501,2026-06-03T15:50:00-07:00,765501_1780527000_H30,GRU,773773,67.9000015258789,54.73823547363281,-13.161766052246094,13.161766052246094,173.23208561405772,21.464375657938753,763616,8.121150970458984,13.161766052246094,5.040615081787109
validation,765501,2026-06-06T07:20:00-07:00,765501_1780755600_H30,GRU,773784,67.30000305175781,62.56428527832031,-4.7357177734375,4.7357177734375,22.427022829651833,7.2933333680372305,763616,0.408782958984375,4.7357177734375,4.326934814453125
validation,765501,2026-06-06T07:25:00-07:00,765501_1780755900_H30,GRU,773784,66.0999984741211,60.28794479370117,-5.812053680419922,5.812053680419922,33.77996798408276,9.19716467276957,717951,1.1006240844726562,5.812053680419922,4.711429595947266
validation,765501,2026-06-06T07:30:00-07:00,765501_1780756200_H30,GRU,773784,66.0999984741211,60.889198303222656,-5.2108001708984375,5.2108001708984375,27.152438421035185,8.206682555841928,763616,0.959503173828125,5.2108001708984375,4.2512969970703125
validation,765501,2026-06-06T07:35:00-07:00,765501_1780756500_H30,GRU,773773,65.4000015258789,63.90674209594727,-1.4932594299316335,1.4932594299316335,2.229823725079747,2.3096388889827186,776019,0.2828750610351562,1.4932594299316406,1.2103843688964844
validation,765501,2026-06-06T07:40:00-07:00,765501_1780756800_H30,GRU,773773,66.0,64.49089050292969,-1.5091094970703125,1.5091094970703125,2.2774114741478115,2.312972928131817,717951,0.369842529296875,1.5091094970703125,1.1392669677734375
validation,765501,2026-06-06T07:45:00-07:00,765501_1780757100_H30,GRU,773773,65.69999694824219,61.08891296386719,-4.611083984375,4.611083984375,21.262095510959625,7.273639234225182,776019,0.2406005859375,4.611083984375,4.3704833984375
validation,765501,2026-06-11T23:30:00-07:00,765501_1781245800_H30,GRU,773784,69.5,65.27482604980469,-4.2251739501953125,4.2251739501953125,17.85209490940906,6.269974954052721,763616,1.5694046020507812,4.2251739501953125,2.6557693481445312
validation,765501,2026-06-11T23:35:00-07:00,765501_1781246100_H30,GRU,773784,66.69999694824219,65.08255767822266,-1.6174392700195312,1.6174392700195312,2.616109792201314,2.454709217514543,763616,1.4680938720703125,1.6174392700195312,0.1493453979492187
validation,765501,2026-06-11T23:40:00-07:00,765501_1781246400_H30,GRU,773784,66.19999694824219,65.05229949951172,-1.1476974487304688,1.1476974487304688,1.317209433822427,1.7488416904661337,773784,1.1476974487304688,1.1476974487304688,0.0
validation,765501,2026-06-11T23:45:00-07:00,765501_1781246700_H30,GRU,773784,67.9000015258789,64.64199829101562,-3.2580032348632812,3.2580032348632812,10.614585078379605,4.91618236450826,763616,0.6777496337890625,3.258003234863281,2.5802536010742183
validation,765501,2026-06-11T23:50:00-07:00,765501_1781247000_H30,GRU,773784,67.0999984741211,63.32062911987305,-3.779369354248047,3.779369354248047,14.283632715829299,5.795661920957935,763616,0.0621871948242187,3.779369354248047,3.717182159423828
validation,765501,2026-06-11T23:55:00-07:00,765501_1781247300_H30,GRU,773784,66.0,62.62047576904297,-3.3795242309570312,3.3795242309570312,11.421184027625713,5.2550329711892845,763616,0.901702880859375,3.3795242309570312,2.477821350097656
validation,765501,2026-06-15T23:30:00-07:00,765501_1781591400_H30,GRU,763616,69.19999694824219,65.79325103759766,-3.4067459106445312,3.4067459106445312,11.605917699693237,5.047283380818374,773784,3.362983703613281,3.4067459106445312,0.0437622070312504
validation,765501,2026-06-15T23:35:00-07:00,765501_1781591700_H30,GRU,763616,64.30000305175781,64.96659088134766,0.6665878295898438,0.6665878295898438,0.44433933455729857,1.0313381116518126,763616,0.6665878295898438,0.6665878295898438,0.0
validation,765501,2026-06-15T23:40:00-07:00,765501_1781592000_H30,GRU,763616,61.5,64.9026870727539,3.4026870727539062,3.4026870727539062,11.578279315086547,5.383884037015753,776019,0.8366851806640625,3.4026870727539062,2.566001892089844
validation,765501,2026-06-15T23:45:00-07:00,765501_1781592300_H30,GRU,763616,61.59999847412109,64.27720642089844,2.677207946777351,2.677207946777351,7.167442390287799,4.253681876304306,776019,0.5329322814941406,2.677207946777344,2.144275665283204
validation,765501,2026-06-15T23:50:00-07:00,765501_1781592600_H30,GRU,763616,62.0,64.755615234375,2.755615234375,2.755615234375,7.593415319919586,4.347918169211191,776019,0.4062042236328125,2.755615234375,2.3494110107421875
validation,765501,2026-06-15T23:55:00-07:00,765501_1781592900_H30,GRU,763616,66.5999984741211,64.84000396728516,-1.7599945068359375,1.7599945068359375,3.097580664092675,2.6780195690127377,763616,1.7599945068359375,1.7599945068359375,0.0
validation,765501,2026-06-17T22:00:00-07:00,765501_1781758800_H30,GRU,763616,70.5,67.117919921875,-3.382080078125,3.382080078125,11.438465654850006,4.915173918438994,763616,3.382080078125,3.382080078125,0.0
validation,765501,2026-06-17T22:05:00-07:00,765501_1781759100_H30,GRU,763616,69.69999694824219,67.79293060302734,-1.9070663452148438,1.9070663452148438,3.6369020450511016,2.7740573501621513,763616,1.907066345214844,1.907066345214844,0.0
validation,765501,2026-06-17T22:10:00-07:00,765501_1781759400_H30,GRU,763616,70.9000015258789,67.7587661743164,-3.1412353515625,3.1412353515625,9.867359533905983,4.530885974264497,763616,3.1412353515625,3.1412353515625,0.0
validation,765501,2026-06-17T22:15:00-07:00,765501_1781759700_H30,GRU,763616,71.5,67.86156463623047,-3.6384353637695312,3.6384353637695312,13.238211896328721,5.221576475779245,763616,3.6384353637695312,3.6384353637695312,0.0
validation,765501,2026-06-17T22:20:00-07:00,765501_1781760000_H30,GRU,763616,68.5999984741211,68.07894897460938,-0.5210494995117188,0.5210494995117188,0.2714925809414126,0.7624429444702221,763616,0.5210494995117188,0.5210494995117188,0.0
validation,765501,2026-06-17T22:25:00-07:00,765501_1781760300_H30,GRU,763616,66.0999984741211,67.90238952636719,1.8023910522460938,1.8023910522460938,3.248613505216781,2.690087939013574,773784,0.4557647705078125,1.8023910522460933,1.346626281738281
validation,765501,2026-06-18T23:30:00-07:00,765501_1781850600_H30,GRU,773784,69.0999984741211,66.5707778930664,-2.5292205810546875,2.5292205810546875,6.396956747630611,3.7284677365847974,763616,1.1622085571289062,2.5292205810546875,1.3670120239257812
validation,765501,2026-06-18T23:35:00-07:00,765501_1781850900_H30,GRU,773784,68.0,64.63265228271484,-3.3673477172851562,3.3673477172851562,11.339030649105553,5.0777054276482625,763616,0.096710205078125,3.367347717285156,3.270637512207031
validation,765501,2026-06-18T23:40:00-07:00,765501_1781851200_H30,GRU,773784,66.69999694824219,64.50120544433594,-2.19879150390625,2.19879150390625,4.834684077650309,3.351785573684201,763616,1.34796142578125,2.19879150390625,0.850830078125
validation,765501,2026-06-18T23:45:00-07:00,765501_1781851500_H30,GRU,773784,65.5,64.696044921875,-0.803955078125,0.803955078125,0.6463437676429749,1.2349915428421208,773784,0.803955078125,0.803955078125,0.0
validation,765501,2026-06-18T23:50:00-07:00,765501_1781851800_H30,GRU,773784,64.0999984741211,65.1506576538086,1.0506591796875,1.0506591796875,1.1038847118616104,1.6257699620785353,773784,1.0506591796875,1.0506591796875,0.0
validation,765501,2026-06-18T23:55:00-07:00,765501_1781852100_H30,GRU,773784,64.5,64.2712631225586,-0.22873687744140625,0.22873687744140625,0.0523205591016449,0.3552607470308049,773784,0.2287368774414062,0.2287368774414062,0.0
validation,765501,2026-06-24T23:30:00-07:00,765501_1782369000_H30,GRU,773784,69.4000015258789,67.08116912841797,-2.3188323974609375,2.3188323974609375,5.376983687514439,3.39802533837338,763616,0.7396621704101562,2.318832397460937,1.5791702270507808
validation,765501,2026-06-24T23:35:00-07:00,765501_1782369300_H30,GRU,773784,70.5999984741211,67.3375015258789,-3.2624969482421875,3.2624969482421875,10.643886337289587,4.73039880321188,763616,2.143867492675781,3.2624969482421875,1.1186294555664067
validation,765501,2026-06-24T23:40:00-07:00,765501_1782369600_H30,GRU,773784,68.80000305175781,66.70720672607422,-2.0927963256835938,2.0927963256835938,4.379796460794751,3.088833891083174,763616,1.307281494140625,2.0927963256835938,0.7855148315429688
validation,765501,2026-06-24T23:45:00-07:00,765501_1782369900_H30,GRU,773784,68.9000015258789,66.17274475097656,-2.7272567749023438,2.7272567749023438,7.437929516250733,4.038204345266405,763616,1.3118133544921875,2.727256774902344,1.4154434204101567
validation,765501,2026-06-24T23:50:00-07:00,765501_1782370200_H30,GRU,773784,69.19999694824219,66.61293029785156,-2.587066650390625,2.587066650390625,6.692913853563368,3.8097501965392375,763616,1.9117431640625,2.587066650390625,0.675323486328125
validation,765501,2026-06-24T23:55:00-07:00,765501_1782370500_H30,GRU,773784,68.0,64.92996215820312,-3.070037841796875,3.070037841796875,9.425132350064814,4.619030606580624,763616,0.84039306640625,3.070037841796875,2.229644775390625
validation,765501,2026-06-27T23:30:00-07:00,765501_1782628200_H30,GRU,763616,69.19999694824219,68.1192626953125,-1.0807342529296875,1.0807342529296875,1.1679865254554898,1.5740461285106893,763616,1.0807342529296875,1.0807342529296875,0.0
validation,765501,2026-06-27T23:35:00-07:00,765501_1782628500_H30,GRU,763616,69.0,67.96534729003906,-1.0346527099609375,1.0346527099609375,1.0705062302295119,1.510824048386235,763616,1.0346527099609375,1.0346527099609375,0.0
validation,765501,2026-06-27T23:40:00-07:00,765501_1782628800_H30,GRU,763616,69.30000305175781,67.94452667236328,-1.3554763793945312,1.3554763793945312,1.8373162150965072,1.9752719794994391,763616,1.3554763793945312,1.3554763793945312,0.0
validation,765501,2026-06-27T23:45:00-07:00,765501_1782629100_H30,GRU,763616,68.0,67.71965789794922,-0.28034210205078125,0.28034210205078125,0.07859169418225065,0.41311937316549996,763616,0.2803421020507812,0.2803421020507812,0.0
validation,765501,2026-06-27T23:50:00-07:00,765501_1782629400_H30,GRU,773784,67.69999694824219,64.9508056640625,-2.7491912841796875,2.7491912841796875,7.558052717009559,4.14500509505345,763616,0.1573638916015625,2.7491912841796875,2.591827392578125
validation,765501,2026-06-27T23:55:00-07:00,765501_1782629700_H30,GRU,776019,67.9000015258789,65.53453063964844,-2.3654708862304688,2.3654708862304688,5.595452513603959,3.5455152877045255,763616,0.0630035400390625,2.3654708862304688,2.3024673461914062
validation,769895,2026-06-03T17:30:00-07:00,769895_1780533000_H30,GRU,770385,69.9000015258789,63.29560852050781,-6.604393005371094,6.604393005371094,43.61800696939463,9.916832774724156,769847,1.6959075927734375,6.604393005371094,4.908485412597656
validation,769895,2026-06-03T17:35:00-07:00,769895_1780533300_H30,GRU,770385,67.0,63.68773651123047,-3.3122634887695312,3.3122634887695312,10.971089419035707,5.068973649474797,769880,0.6902694702148438,3.3122634887695312,2.6219940185546875
validation,769895,2026-06-03T17:40:00-07:00,769895_1780533600_H30,GRU,770385,66.0999984741211,63.999610900878906,-2.1003875732421875,2.1003875732421875,4.411627957830206,3.2288914120311603,769880,0.4317245483398437,2.1003875732421875,1.6686630249023438
validation,769895,2026-06-03T17:45:00-07:00,769895_1780533900_H30,GRU,770385,66.0,63.89215469360352,-2.1078453063964773,2.1078453063964773,4.443011835697659,3.245531333498805,769866,1.0536956787109375,2.1078453063964844,1.0541496276855469
validation,769895,2026-06-03T17:50:00-07:00,769895_1780534200_H30,GRU,769880,65.5999984741211,64.5366439819336,-1.0633544921875,1.0633544921875,1.130722776055336,1.6342122617394537,769866,0.19903564453125,1.0633544921875,0.86431884765625
validation,769895,2026-06-03T17:55:00-07:00,769895_1780534500_H30,GRU,769880,64.69999694824219,65.835693359375,1.1356964111328125,1.1356964111328125,1.2898063382599503,1.7400549991441934,769866,0.6420745849609375,1.1356964111328125,0.493621826171875
validation,769895,2026-06-04T23:30:00-07:00,769895_1780641000_H30,GRU,769880,69.0,68.46024322509766,-0.5397567749023438,0.5397567749023438,0.2913373760529794,0.7853278276131482,769880,0.5397567749023438,0.5397567749023438,0.0
validation,769895,2026-06-04T23:35:00-07:00,769895_1780641300_H30,GRU,770385,67.4000015258789,67.79169464111328,0.391693115234375,0.391693115234375,0.15342349652200937,0.5794632709589345,770385,0.391693115234375,0.391693115234375,0.0
validation,769895,2026-06-04T23:40:00-07:00,769895_1780641600_H30,GRU,770385,63.400001525878906,67.72418212890625,4.324180603027344,4.324180603027344,18.698537887597922,6.595550034361324,769866,2.3920211791992188,4.324180603027344,1.932159423828125
validation,769895,2026-06-04T23:45:00-07:00,769895_1780641900_H30,GRU,770385,61.5,66.99083709716797,5.490837097167969,5.490837097167969,30.149292027635965,8.54665932370316,769866,4.1884307861328125,5.490837097167969,1.3024063110351562
validation,769895,2026-06-04T23:50:00-07:00,769895_1780642200_H30,GRU,770385,59.70000076293945,66.66509246826172,6.965091705322266,6.965091705322266,48.512502463549026,11.023758970303517,769866,5.606586456298828,6.965091705322266,1.3585052490234375
validation,769895,2026-06-04T23:55:00-07:00,769895_1780642500_H30,GRU,770385,66.30000305175781,66.1902084350586,-0.10979461669921875,0.10979461669921875,0.012054857856128365,0.16573996620338124,770385,0.1097946166992187,0.1097946166992187,0.0
validation,769895,2026-06-06T07:20:00-07:00,769895_1780755600_H30,GRU,770385,71.0,66.52717590332031,-4.4728240966796875,4.4728240966796875,20.006155399838462,6.504640315308763,769847,3.0790557861328125,4.472824096679688,1.393768310546876
validation,769895,2026-06-06T07:25:00-07:00,769895_1780755900_H30,GRU,770385,71.5999984741211,66.41739654541016,-5.1826019287109375,5.1826019287109375,26.85936275147833,7.510070582664134,769847,3.4980926513671875,5.1826019287109375,1.68450927734375
validation,769895,2026-06-06T07:30:00-07:00,769895_1780756200_H30,GRU,769847,67.80000305175781,67.35013580322266,-0.44986724853515625,0.44986724853515625,0.20238054130459204,0.6657296085936355,769847,0.4498672485351562,0.4498672485351562,0.0
validation,769895,2026-06-06T07:35:00-07:00,769895_1780756500_H30,GRU,769847,64.69999694824219,67.51806640625,2.8180694580078125,2.8180694580078125,7.941515470156446,4.262760117940068,770116,0.3459930419921875,2.8180694580078125,2.472076416015625
validation,769895,2026-06-06T07:40:00-07:00,769895_1780756800_H30,GRU,769847,63.20000076293945,67.46308898925781,4.263088226318359,4.263088226318359,18.173921225374215,6.525313616533551,769880,0.6638717651367188,4.263088226318359,3.5992164611816406
validation,769895,2026-06-06T07:45:00-07:00,769895_1780757100_H30,GRU,769847,62.400001525878906,67.67646026611328,5.276458740234375,5.276458740234375,27.841016837395728,8.112857048814533,769880,0.1684761047363281,5.276458740234375,5.107982635498047
validation,769895,2026-06-12T23:30:00-07:00,769895_1781332200_H30,GRU,769880,69.0999984741211,68.02070617675781,-1.0792922973632812,1.0792922973632812,1.1648718631477095,1.5742222040648655,770385,0.51239013671875,1.0792922973632812,0.5669021606445312
validation,769895,2026-06-12T23:35:00-07:00,769895_1781332500_H30,GRU,769847,68.5999984741211,68.21595764160156,-0.38404083251953125,0.38404083251953125,0.14748736104229465,0.5613977208735953,769847,0.3840408325195312,0.3840408325195312,0.0
validation,769895,2026-06-12T23:40:00-07:00,769895_1781332800_H30,GRU,769880,70.0999984741211,67.2549819946289,-2.8450164794921875,2.8450164794921875,8.09411876858212,4.142574880168383,769847,2.233505249023437,2.8450164794921875,0.6115112304687504
validation,769895,2026-06-12T23:45:00-07:00,769895_1781333100_H30,GRU,769880,68.19999694824219,67.42568969726562,-0.7743072509765625,0.7743072509765625,0.5995517189148813,1.141829788174658,769847,0.5497207641601562,0.7743072509765625,0.2245864868164062
validation,769895,2026-06-12T23:50:00-07:00,769895_1781333400_H30,GRU,769847,65.69999694824219,67.53319549560547,1.8331985473632812,1.8331985473632812,3.3606169140548445,2.7518646066768633,769866,0.5410308837890625,1.8331985473632808,1.2921676635742183
validation,769895,2026-06-12T23:55:00-07:00,769895_1781333700_H30,GRU,769847,68.0,67.42488098144531,-0.5751190185546875,0.5751190185546875,0.330761885503307,0.8493550227106494,769880,0.2470016479492187,0.5751190185546875,0.3281173706054688
validation,769895,2026-06-17T11:15:00-07:00,769895_1781720100_H30,GRU,769866,59.09999847412109,63.27995300292969,4.179954528808601,4.179954528808601,17.472019862907533,6.8311099068165495,769880,1.4925460815429688,4.179954528808594,2.687408447265625
validation,769965,2026-06-03T17:30:00-07:00,769965_1780533000_H30,GRU,770129,40.900001525878906,56.08055114746094,15.180549621582031,15.180549621582031,230.44908681331435,31.30637854000043,769911,2.1030349731445312,15.180549621582031,13.0775146484375
validation,769965,2026-06-03T17:35:00-07:00,769965_1780533300_H30,GRU,770129,46.29999923706055,57.56181335449219,11.26181411743164,11.26181411743164,126.8284572155826,21.68614956353426,769867,6.391258239746094,11.26181411743164,4.870555877685547
validation,769965,2026-06-03T17:40:00-07:00,769965_1780533600_H30,GRU,770129,46.70000076293945,57.94218826293945,11.2421875,11.2421875,126.38677978515625,21.486911726942473,769911,5.899688720703125,11.2421875,5.342498779296875
validation,769965,2026-06-03T17:45:00-07:00,769965_1780533900_H30,GRU,770129,48.29999923706055,56.89311218261719,8.59311294555664,8.59311294555664,73.84159009509312,16.337786282572598,769911,2.885944366455078,8.59311294555664,5.7071685791015625
validation,769965,2026-06-03T17:50:00-07:00,769965_1780534200_H30,GRU,770129,49.79999923706055,57.67636489868164,7.876365661621094,7.876365661621094,62.03713603556389,14.656926016567974,769926,6.421836853027344,7.876365661621094,1.45452880859375
validation,769965,2026-06-03T17:55:00-07:00,769965_1780534500_H30,GRU,770129,52.20000076293945,57.35698699951172,5.156986236572266,5.156986236572266,26.59450704419578,9.414253339426825,769911,4.758838653564453,5.156986236572266,0.3981475830078125
validation,769965,2026-06-04T23:30:00-07:00,769965_1780641000_H30,GRU,770129,68.0,67.56485748291016,-0.43514251708984375,0.43514251708984375,0.18934901017928496,0.641969492624373,769926,0.2534942626953125,0.4351425170898437,0.1816482543945312
validation,769965,2026-06-04T23:35:00-07:00,769965_1780641300_H30,GRU,769926,69.30000305175781,67.97996520996094,-1.320037841796875,1.320037841796875,1.7424999037757516,1.9231324845073003,769926,1.320037841796875,1.320037841796875,0.0
validation,769965,2026-06-04T23:40:00-07:00,769965_1780641600_H30,GRU,769926,71.30000305175781,67.95186614990234,-3.3481369018554688,3.3481369018554688,11.210020713566337,4.808749637626845,769926,3.3481369018554688,3.3481369018554688,0.0
validation,769965,2026-06-04T23:45:00-07:00,769965_1780641900_H30,GRU,769926,71.4000015258789,68.09952545166016,-3.30047607421875,3.30047607421875,10.893142316490412,4.731881350523512,769926,3.30047607421875,3.30047607421875,0.0
validation,769965,2026-06-04T23:50:00-07:00,769965_1780642200_H30,GRU,770129,70.0,67.37230682373047,-2.6276931762695312,2.6276931762695312,6.904771428613458,3.825651935091985,769926,2.063026428222656,2.6276931762695312,0.5646667480468754
validation,769965,2026-06-04T23:55:00-07:00,769965_1780642500_H30,GRU,770129,64.80000305175781,67.41183471679688,2.6118316650390625,2.6118316650390625,6.821664646500722,3.9509800171696297,770141,0.8677291870117188,2.6118316650390625,1.7441024780273438
validation,769965,2026-06-06T07:20:00-07:00,769965_1780755600_H30,GRU,770141,68.30000305175781,67.7474136352539,-0.5525894165039062,0.5525894165039062,0.3053550632321276,0.8123482619496442,769926,0.04083251953125,0.5525894165039062,0.5117568969726562
validation,769965,2026-06-06T07:25:00-07:00,769965_1780755900_H30,GRU,770129,70.9000015258789,68.6545639038086,-2.2454376220703125,2.2454376220703125,5.0419901146087795,3.218006661504184,769867,1.7569351196289062,2.2454376220703125,0.4885025024414062
validation,769965,2026-06-06T07:30:00-07:00,769965_1780756200_H30,GRU,770129,72.0999984741211,68.92127227783203,-3.1787261962890625,3.1787261962890625,10.104300230974331,4.508151368653414,770129,3.1787261962890625,3.1787261962890625,0.0
validation,769965,2026-06-06T07:35:00-07:00,769965_1780756500_H30,GRU,770129,69.9000015258789,69.03805541992188,-0.8619461059570312,0.8619461059570312,0.7429510895744897,1.2407631410729423,770129,0.8619461059570312,0.8619461059570312,0.0
validation,769965,2026-06-06T07:40:00-07:00,769965_1780756800_H30,GRU,770129,67.30000305175781,68.48401641845703,1.1840133666992188,1.1840133666992188,1.4018876525224186,1.7439656928687572,769867,0.5607376098632812,1.1840133666992188,0.6232757568359375
validation,769965,2026-06-06T07:45:00-07:00,769965_1780757100_H30,GRU,770129,64.9000015258789,68.63172149658203,3.731719970703125,3.731719970703125,13.925733939744532,5.58926352224049,769867,3.4769821166992188,3.731719970703125,0.2547378540039062
validation,769965,2026-06-12T23:30:00-07:00,769965_1781332200_H30,GRU,770129,67.5999984741211,67.91315460205078,0.3131561279296875,0.3131561279296875,0.0980667604599148,0.46217819969515667,769867,0.0236358642578125,0.3131561279296875,0.289520263671875
validation,769965,2026-06-12T23:35:00-07:00,769965_1781332500_H30,GRU,770129,66.0999984741211,67.4648208618164,1.3648223876953125,1.3648223876953125,1.862740149954334,2.043685431931192,769867,0.67138671875,1.3648223876953125,0.6934356689453125
validation,769965,2026-06-12T23:40:00-07:00,769965_1781332800_H30,GRU,770129,66.4000015258789,66.89100646972656,0.49100494384765625,0.49100494384765625,0.24108585488284007,0.7367412814225818,769867,0.051177978515625,0.4910049438476562,0.4398269653320312
validation,769965,2026-06-12T23:45:00-07:00,769965_1781333100_H30,GRU,770129,67.0999984741211,66.51334381103516,-0.5866546630859375,0.5866546630859375,0.34416369372047484,0.8781378396226566,769911,0.1507339477539062,0.5866546630859375,0.4359207153320313
validation,769965,2026-06-12T23:50:00-07:00,769965_1781333400_H30,GRU,770129,62.5,66.35274505615234,3.8527450561523438,3.8527450561523438,14.843644467706326,5.980074424604607,769926,2.9699859619140625,3.852745056152344,0.8827590942382817
validation,769965,2026-06-12T23:55:00-07:00,769965_1781333700_H30,GRU,770129,65.19999694824219,66.26205444335938,1.0620574951171875,1.0620574951171875,1.1279661229345948,1.6157628392313719,769926,0.4486770629882812,1.0620574951171875,0.6133804321289062
validation,769965,2026-06-17T11:15:00-07:00,769965_1781720100_H30,GRU,770141,57.79999923706055,61.9649772644043,4.16497802734375,4.16497802734375,17.347041968256235,6.955252051532024,769867,2.5934715270996094,4.16497802734375,1.5715065002441406
validation,775511,2026-06-06T23:30:00-07:00,775511_1780813800_H30,GRU,764311,66.5,69.26270294189453,2.7627029418945312,2.7627029418945312,7.632527545152698,4.069899702464601,764283,0.1591796875,2.7627029418945312,2.6035232543945312
validation,775511,2026-06-06T23:35:00-07:00,775511_1780814100_H30,GRU,764311,65.80000305175781,69.17588806152344,3.375885009765625,3.375885009765625,11.396599599160254,5.002204403927696,764283,0.2073211669921875,3.375885009765625,3.168563842773437
validation,775511,2026-06-06T23:40:00-07:00,775511_1780814400_H30,GRU,764311,65.30000305175781,69.20457458496094,3.904571533203125,3.904571533203125,15.245678857900202,5.805856682022579,764283,0.0472946166992187,3.904571533203125,3.857276916503906
validation,775511,2026-06-06T23:45:00-07:00,775511_1780814700_H30,GRU,764311,64.9000015258789,69.2987289428711,4.3987274169921875,4.3987274169921875,19.34880288899876,6.555542468769895,764283,0.042236328125,4.398727416992188,4.356491088867188
validation,775511,2026-06-06T23:50:00-07:00,775511_1780815000_H30,GRU,764311,64.0999984741211,69.23975372314453,5.1397552490234375,5.1397552490234375,26.417084019863978,7.709261680452604,764283,0.7138442993164062,5.1397552490234375,4.425910949707031
validation,775511,2026-06-06T23:55:00-07:00,775511_1780815300_H30,GRU,764311,63.20000076293945,69.13899230957031,5.938991546630859,5.938991546630859,35.27162059095281,8.975421927987197,764283,1.6687049865722656,5.938991546630859,4.270286560058594
validation,775511,2026-06-08T23:30:00-07:00,775511_1780986600_H30,GRU,764311,69.9000015258789,67.92859649658203,-1.971405029296875,1.971405029296875,3.8864377895370126,2.8606617832277457,764311,1.971405029296875,1.971405029296875,0.0
validation,775511,2026-06-08T23:35:00-07:00,775511_1780986900_H30,GRU,764297,67.5999984741211,64.72554016113281,-2.8744583129882812,2.8744583129882812,8.262510593107436,4.344525359067531,764311,0.534027099609375,2.874458312988281,2.340431213378906
validation,775511,2026-06-08T23:40:00-07:00,775511_1780987200_H30,GRU,764311,67.5,67.8541488647461,0.35414886474609375,0.35414886474609375,0.125421418400947,0.523292215421515,764311,0.3541488647460937,0.3541488647460937,0.0
validation,775511,2026-06-08T23:45:00-07:00,775511_1780987500_H30,GRU,764311,67.0999984741211,67.841552734375,0.7415542602539062,0.7415542602539062,0.5499027209007181,1.0990747447578524,764311,0.7415542602539062,0.7415542602539062,0.0
validation,775511,2026-06-08T23:50:00-07:00,775511_1780987800_H30,GRU,764311,67.80000305175781,67.68672943115234,-0.11327362060546875,0.11327362060546875,0.012830913125071675,0.16720990711574976,764311,0.1132736206054687,0.1132736206054687,0.0
validation,775511,2026-06-08T23:55:00-07:00,775511_1780988100_H30,GRU,764311,66.5999984741211,67.71068572998047,1.110687255859375,1.110687255859375,1.2336261803284287,1.653907511783667,764283,0.3416671752929687,1.110687255859375,0.7690200805664062
validation,775511,2026-06-10T23:30:00-07:00,775511_1781159400_H30,GRU,764311,69.19999694824219,68.63562774658203,-0.5643692016601562,0.5643692016601562,0.3185125957825221,0.8189017880031991,764322,0.0645523071289062,0.5643692016601562,0.49981689453125
validation,775511,2026-06-10T23:35:00-07:00,775511_1781159700_H30,GRU,764311,69.69999694824219,68.63983154296875,-1.0601654052734375,1.0601654052734375,1.123950686538592,1.5326972848998521,764311,1.0601654052734375,1.0601654052734375,0.0
validation,775511,2026-06-10T23:40:00-07:00,775511_1781160000_H30,GRU,764311,68.5999984741211,68.02469635009766,-0.5753021240234375,0.5753021240234375,0.33097253390587866,0.8421641791080302,764297,0.2941131591796875,0.5753021240234375,0.28118896484375
validation,775511,2026-06-10T23:45:00-07:00,775511_1781160300_H30,GRU,764311,68.80000305175781,68.23181915283203,-0.5681838989257812,0.5681838989257812,0.3228329429985024,0.829272917251458,764297,0.5332565307617188,0.5681838989257812,0.0349273681640625
validation,775511,2026-06-10T23:50:00-07:00,775511_1781160600_H30,GRU,764311,68.0999984741211,68.4249267578125,0.32492828369140625,0.32492828369140625,0.10557838954264298,0.4759984753837641,764297,0.119476318359375,0.3249282836914062,0.2054519653320312
validation,775511,2026-06-10T23:55:00-07:00,775511_1781160900_H30,GRU,764297,68.80000305175781,68.28880310058594,-0.511199951171875,0.511199951171875,0.2613253900781274,0.7457938569759234,764297,0.511199951171875,0.511199951171875,0.0
validation,775511,2026-06-23T23:30:00-07:00,775511_1782282600_H30,GRU,764311,68.69999694824219,68.61463165283203,-0.08536529541015625,0.08536529541015625,0.007287233660463244,0.12433532487857861,764311,0.0853652954101562,0.0853652954101562,0.0
validation,775511,2026-06-23T23:35:00-07:00,775511_1782282900_H30,GRU,764311,68.5999984741211,68.49124908447266,-0.1087493896484375,0.1087493896484375,0.011826429748907685,0.158652562861381,764311,0.1087493896484375,0.1087493896484375,0.0
validation,775511,2026-06-23T23:40:00-07:00,775511_1782283200_H30,GRU,764311,67.80000305175781,68.13737487792969,0.337371826171875,0.337371826171875,0.11381974909454584,0.4963635886291111,764311,0.337371826171875,0.337371826171875,0.0
validation,775511,2026-06-23T23:45:00-07:00,775511_1782283500_H30,GRU,764311,66.0,67.87901306152344,1.8790130615234375,1.8790130615234375,3.5306900853756815,2.8070315197570044,764297,0.646728515625,1.8790130615234373,1.2322845458984373
validation,775511,2026-06-23T23:50:00-07:00,775511_1782283800_H30,GRU,764311,66.19999694824219,67.98848724365234,1.7884902954101562,1.7884902954101562,3.198697536776308,2.6656389970459067,764297,0.0592880249023437,1.7884902954101562,1.7292022705078125
validation,775511,2026-06-23T23:55:00-07:00,775511_1782284100_H30,GRU,764311,66.4000015258789,67.91571807861328,1.515716552734375,1.515716552734375,2.2973966682329774,2.256945867412756,764297,0.18756103515625,1.515716552734375,1.328155517578125
validation,775511,2026-06-26T23:30:00-07:00,775511_1782541800_H30,GRU,764311,69.0999984741211,69.6294174194336,0.5294189453125,0.5294189453125,0.28028441965579987,0.76323963174835,764297,0.2876434326171875,0.5294189453125,0.2417755126953125
validation,775511,2026-06-26T23:35:00-07:00,775511_1782542100_H30,GRU,764311,69.0,69.77262878417969,0.7726287841796875,0.7726287841796875,0.5969552381429821,1.1135175363921344,764322,0.3212966918945312,0.7726287841796875,0.4513320922851563
validation,775511,2026-06-26T23:40:00-07:00,775511_1782542400_H30,GRU,764311,70.4000015258789,69.22846221923828,-1.171539306640625,1.171539306640625,1.3725043470039964,1.678080911050902,764297,1.08441162109375,1.171539306640625,0.087127685546875
validation,775511,2026-06-26T23:45:00-07:00,775511_1782542700_H30,GRU,764311,69.5,69.17617797851562,-0.323822021484375,0.323822021484375,0.10486070159822702,0.4670189557711178,764311,0.323822021484375,0.323822021484375,0.0
validation,775511,2026-06-26T23:50:00-07:00,775511_1782543000_H30,GRU,764311,70.0999984741211,69.06038665771484,-1.03961181640625,1.03961181640625,1.0807927288115025,1.4941203388460798,764311,1.03961181640625,1.03961181640625,0.0
validation,775511,2026-06-26T23:55:00-07:00,775511_1782543300_H30,GRU,764311,69.30000305175781,69.15789031982422,-0.14211273193359375,0.14211273193359375,0.020196028577629477,0.205279348755952,764311,0.1421127319335937,0.1421127319335937,0.0
validation,775536,2026-06-02T23:30:00-07:00,775536_1780468200_H30,GRU,759870,68.5999984741211,64.70466613769531,-3.8953323364257812,3.8953323364257812,15.173614011204336,5.844255065713905,759870,3.895332336425781,3.895332336425781,0.0
validation,775536,2026-06-02T23:35:00-07:00,775536_1780468500_H30,GRU,759870,63.0,62.85401153564453,-0.14598846435546875,0.14598846435546875,0.02131263172486797,0.23199651948184286,759870,0.1459884643554687,0.1459884643554687,0.0
validation,775536,2026-06-02T23:40:00-07:00,775536_1780468800_H30,GRU,759870,60.79999923706055,62.73699569702149,1.9369964599609446,1.9369964599609446,3.7519552859012313,3.1358969761487554,759870,1.9369964599609373,1.9369964599609373,0.0
validation,775536,2026-06-02T23:45:00-07:00,775536_1780469100_H30,GRU,759870,57.20000076293945,63.40479278564453,6.204792022705078,6.204792022705078,38.499444045024575,10.289461618717924,774344,5.827373504638672,6.204792022705078,0.3774185180664062
validation,775536,2026-06-02T23:50:00-07:00,775536_1780469400_H30,GRU,768701,56.59999847412109,63.33253479003906,6.732536315917976,6.732536315917976,45.32704524515439,11.227205957457837,774344,6.346874237060547,6.732536315917969,0.3856620788574219
validation,775536,2026-06-02T23:55:00-07:00,775536_1780469700_H30,GRU,768701,53.59999847412109,63.08964157104492,9.489643096923835,9.489643096923835,90.05332610699419,16.264756686072527,774344,9.152359008789062,9.489643096923828,0.3372840881347656
validation,775536,2026-06-03T19:05:00-07:00,775536_1780538700_H30,GRU,768701,67.5999984741211,55.7657470703125,-11.834251403808594,11.834251403808594,140.04950628854567,19.18563577864162,718405,4.34954833984375,11.834251403808594,7.484703063964844
validation,775536,2026-06-03T19:10:00-07:00,775536_1780539000_H30,GRU,768701,64.69999694824219,58.54830551147461,-6.151691436767578,6.151691436767578,37.84330753319955,9.982598160108928,718405,0.4546356201171875,6.151691436767578,5.697055816650391
validation,775536,2026-06-03T19:15:00-07:00,775536_1780539300_H30,GRU,768701,62.20000076293945,58.68287658691406,-3.5171241760253906,3.5171241760253906,12.370162469582283,5.81906093573698,774344,0.8779869079589844,3.51712417602539,2.639137268066406
validation,775536,2026-06-03T19:20:00-07:00,775536_1780539600_H30,GRU,768701,57.59999847412109,58.93691253662109,1.3369140625,1.3369140625,1.787339210510254,2.2944044756853788,759870,0.9929847717285156,1.3369140625,0.3439292907714844
validation,775536,2026-06-03T19:25:00-07:00,775536_1780539900_H30,GRU,768701,56.29999923706055,61.51699447631836,5.2169952392578125,5.2169952392578125,27.21703932643868,8.856099668726973,759870,2.236003875732422,5.2169952392578125,2.98099136352539
validation,775536,2026-06-03T19:30:00-07:00,775536_1780540200_H30,GRU,768701,58.29999923706055,59.22162628173828,0.9216270446777344,0.9216270446777344,0.8493964094814146,1.5684382049125407,759870,0.7783393859863281,0.9216270446777344,0.1432876586914062
validation,775536,2026-06-06T23:30:00-07:00,775536_1780813800_H30,GRU,718405,68.5999984741211,65.96296691894531,-2.6370315551757812,2.6370315551757812,6.953935422992799,3.919401639040649,718405,2.637031555175781,2.637031555175781,0.0
validation,775536,2026-06-06T23:35:00-07:00,775536_1780814100_H30,GRU,718405,66.5,65.801025390625,-0.698974609375,0.698974609375,0.48856550455093384,1.0566427615024612,718405,0.698974609375,0.698974609375,0.0
validation,775536,2026-06-06T23:40:00-07:00,775536_1780814400_H30,GRU,718405,64.0,65.82246398925781,1.8224639892578125,1.8224639892578125,3.3213749921415,2.807624996811781,774344,1.2070159912109375,1.8224639892578125,0.615447998046875
validation,775536,2026-06-06T23:45:00-07:00,775536_1780814700_H30,GRU,718405,61.400001525878906,65.63309478759766,4.23309326171875,4.23309326171875,17.919078562408686,6.66455176051143,768701,0.8427352905273438,4.23309326171875,3.3903579711914062
validation,775536,2026-06-06T23:50:00-07:00,775536_1780815000_H30,GRU,718405,55.70000076293945,67.16712188720703,11.467121124267578,11.467121124267578,131.49486687862372,18.665890082882083,759870,6.500274658203125,11.467121124267578,4.966846466064453
validation,775536,2026-06-06T23:55:00-07:00,775536_1780815300_H30,GRU,718405,54.900001525878906,66.85858154296875,11.958580017089844,11.958580017089844,143.00763602514053,19.643099677190623,768701,7.522109985351562,11.958580017089844,4.436470031738282
validation,775536,2026-06-10T23:30:00-07:00,775536_1781159400_H30,GRU,759870,68.5999984741211,63.673439025878906,-4.9265594482421875,4.9265594482421875,24.270987997064367,7.449053270422373,718405,3.2161865234375,4.926559448242188,1.7103729248046884
validation,775536,2026-06-10T23:35:00-07:00,775536_1781159700_H30,GRU,759870,62.70000076293945,63.12959289550781,0.4295921325683594,0.4295921325683594,0.18454940036463086,0.682815729851864,774344,0.1846847534179687,0.4295921325683594,0.2449073791503906
validation,775536,2026-06-10T23:40:00-07:00,775536_1781160000_H30,GRU,759870,59.400001525878906,62.06270980834961,2.662708282470703,2.662708282470703,7.090015397538082,4.384404450221297,759870,2.662708282470703,2.662708282470703,0.0
validation,775536,2026-06-10T23:45:00-07:00,775536_1781160300_H30,GRU,759870,56.20000076293945,62.43611907958984,6.2361183166503835,6.2361183166503835,38.889171659262416,10.51301791117706,768701,5.94207763671875,6.236118316650391,0.2940406799316406
validation,775536,2026-06-10T23:50:00-07:00,775536_1781160600_H30,GRU,759870,50.900001525878906,61.05162048339844,10.151618957519531,10.151618957519531,103.05536745866993,18.135724493566787,759870,10.151618957519531,10.151618957519531,0.0
validation,775536,2026-06-10T23:55:00-07:00,775536_1781160900_H30,GRU,759870,48.5,61.85098648071289,13.35098648071289,13.35098648071289,178.24884000817838,24.197312204471885,768701,13.340568542480469,13.35098648071289,0.0104179382324218
validation,775536,2026-06-17T11:15:00-07:00,775536_1781720100_H30,GRU,774344,66.9000015258789,61.70486831665039,-5.195133209228516,5.195133209228516,26.989409061628976,8.079216868216003,768701,2.58099365234375,5.195133209228516,2.6141395568847656
validation,775536,2026-06-18T23:30:00-07:00,775536_1781850600_H30,GRU,759870,72.19999694824219,64.42697143554688,-7.7730255126953125,7.7730255126953125,60.419925621012226,11.378464365788078,718405,5.707443237304688,7.773025512695312,2.0655822753906232
validation,775536,2026-06-18T23:35:00-07:00,775536_1781850900_H30,GRU,759870,69.69999694824219,64.14375305175781,-5.556243896484375,5.556243896484375,30.87184623721987,8.302582458981407,718405,3.5247573852539062,5.556243896484375,2.0314865112304688
validation,775536,2026-06-18T23:40:00-07:00,775536_1781851200_H30,GRU,759870,69.19999694824219,64.02464294433594,-5.17535400390625,5.17535400390625,26.784289065748453,7.769364539821502,718405,3.705757141113281,5.17535400390625,1.4695968627929692
validation,775536,2026-06-18T23:45:00-07:00,775536_1781851500_H30,GRU,759870,62.900001525878906,63.74869537353516,0.8486938476562571,0.8486938476562571,0.7202812470495822,1.340233041053924,759870,0.84869384765625,0.84869384765625,0.0
validation,775536,2026-06-18T23:50:00-07:00,775536_1781851800_H30,GRU,759870,65.4000015258789,63.54179763793945,-1.8582038879394531,1.8582038879394531,3.4529216891532997,2.8822366146255702,718405,1.6835861206054688,1.858203887939453,0.1746177673339841
validation,775536,2026-06-18T23:55:00-07:00,775536_1781852100_H30,GRU,759870,66.5,63.37029266357422,-3.1297073364257812,3.1297073364257812,9.795068011677358,4.819743219389664,774344,2.628082275390625,3.129707336425781,0.5016250610351558
validation,775536,2026-06-22T23:30:00-07:00,775536_1782196200_H30,GRU,759870,69.30000305175781,62.93540573120117,-6.364597320556641,6.364597320556641,40.50809905283677,9.626161904746997,718405,4.532600402832031,6.364597320556641,1.8319969177246092
validation,775536,2026-06-22T23:35:00-07:00,775536_1782196500_H30,GRU,759870,72.19999694824219,62.353885650634766,-9.846111297607422,9.846111297607422,96.94590768487251,14.635194517253758,718405,7.443389892578125,9.846111297607422,2.402721405029297
validation,775536,2026-06-22T23:40:00-07:00,775536_1782196800_H30,GRU,759870,71.5999984741211,60.97759246826172,-10.622406005859375,10.622406005859375,112.83550935331732,16.02443648316646,718405,7.09967041015625,10.622406005859377,3.5227355957031268
validation,775536,2026-06-22T23:45:00-07:00,775536_1782197100_H30,GRU,759870,72.0,62.09762573242188,-9.902374267578118,9.902374267578118,98.05701613519327,14.768903087803777,718405,7.487525939941406,9.902374267578123,2.414848327636717
validation,775536,2026-06-22T23:50:00-07:00,775536_1782197400_H30,GRU,759870,69.19999694824219,62.01927947998047,-7.180717468261719,7.180717468261719,51.56270335899899,10.944607543948095,718405,4.67864990234375,7.180717468261719,2.5020675659179688
validation,775536,2026-06-22T23:55:00-07:00,775536_1782197700_H30,GRU,759870,67.30000305175781,61.9482536315918,-5.351749420166016,5.351749420166016,28.641221856247284,8.281348648083872,718405,2.8359146118164062,5.351749420166016,2.5158348083496094
validation,775536,2026-06-26T23:30:00-07:00,775536_1782541800_H30,GRU,759870,57.70000076293945,64.7017593383789,7.001758575439453,7.001758575439453,49.02462314873992,11.440617377463598,768701,6.690624237060547,7.001758575439453,0.3111343383789062
validation,775536,2026-06-26T23:35:00-07:00,775536_1782542100_H30,GRU,759870,58.70000076293945,64.33907318115234,5.639072418212891,5.639072418212891,31.799137737849378,9.166311467759735,768701,5.341968536376953,5.639072418212891,0.2971038818359375
validation,775536,2026-06-26T23:40:00-07:00,775536_1782542400_H30,GRU,759870,57.5,64.15306091308594,6.6530609130859375,6.6530609130859375,44.26321951323189,10.937761546584277,768701,6.455196380615234,6.6530609130859375,0.1978645324707031
validation,775536,2026-06-26T23:45:00-07:00,775536_1782542700_H30,GRU,759870,60.29999923706055,63.06084442138672,2.760845184326172,2.760845184326172,7.622266131817014,4.476047796154774,759870,2.760845184326172,2.760845184326172,0.0
validation,775536,2026-06-26T23:50:00-07:00,775536_1782543000_H30,GRU,759870,58.20000076293945,62.69660568237305,4.496604919433594,4.496604919433594,20.219455801474396,7.438761127300665,759870,4.496604919433594,4.496604919433594,0.0
validation,775536,2026-06-26T23:55:00-07:00,775536_1782543300_H30,GRU,759870,56.20000076293945,62.74763488769531,6.547634124755859,6.547634124755859,42.87151263166743,11.00927148975165,759870,6.547634124755859,6.547634124755859,0.0
validation,765501,2026-06-03T15:25:00-07:00,765501_1780525500_H30,Historical Best,773773,64.30000305175781,55.03448867797852,-9.26551437377929,9.26551437377929,85.84975661071063,15.52864416956702,773773,9.265514373779297,9.265514373779297,0.0
validation,765501,2026-06-03T15:30:00-07:00,765501_1780525800_H30,Historical Best,773773,64.69999694824219,54.55017852783203,-10.149818420410156,10.149818420410156,103.01881396729732,17.022731068991863,763616,7.766017913818359,10.149818420410156,2.383800506591797
validation,765501,2026-06-03T15:35:00-07:00,765501_1780526100_H30,Historical Best,773773,65.5999984741211,53.9305305480957,-11.66946792602539,11.66946792602539,136.17648167653533,19.525501851044115,763616,2.32741928100586,11.66946792602539,9.342048645019531
validation,765501,2026-06-03T15:40:00-07:00,765501_1780526400_H30,Historical Best,773773,66.30000305175781,54.53579330444336,-11.764209747314453,11.764209747314453,138.3966309788084,19.471398384761393,763616,5.4029083251953125,11.764209747314451,6.361301422119139
validation,765501,2026-06-03T15:45:00-07:00,765501_1780526700_H30,Historical Best,773773,67.80000305175781,54.80620956420898,-12.993793487548835,12.993793487548835,168.8386691970665,21.19597874255971,763616,5.657157897949219,12.993793487548828,7.336635589599609
validation,765501,2026-06-03T15:50:00-07:00,765501_1780527000_H30,Historical Best,773773,67.9000015258789,54.73823547363281,-13.161766052246094,13.161766052246094,173.23208561405772,21.464375657938753,763616,8.121150970458984,13.161766052246094,5.040615081787109
validation,765501,2026-06-06T07:20:00-07:00,765501_1780755600_H30,Historical Best,773773,67.30000305175781,63.80559158325195,-3.4944114685058594,3.4944114685058594,12.210911511225277,5.330682419130446,763616,0.408782958984375,3.49441146850586,3.085628509521485
validation,765501,2026-06-06T07:25:00-07:00,765501_1780755900_H30,Historical Best,773773,66.0999984741211,63.082794189453125,-3.0172042846679688,3.0172042846679688,9.103521695418749,4.671216961796875,717951,1.1006240844726562,3.0172042846679688,1.9165802001953125
validation,765501,2026-06-06T07:30:00-07:00,765501_1780756200_H30,Historical Best,773773,66.0999984741211,64.23772430419922,-1.862274169921875,1.862274169921875,3.4680650839582086,2.8576134613018858,763616,0.959503173828125,1.862274169921875,0.90277099609375
validation,765501,2026-06-06T07:35:00-07:00,765501_1780756500_H30,Historical Best,773773,65.4000015258789,63.90674209594727,-1.4932594299316335,1.4932594299316335,2.229823725079747,2.3096388889827186,776019,0.2828750610351562,1.4932594299316406,1.2103843688964844
validation,765501,2026-06-06T07:40:00-07:00,765501_1780756800_H30,Historical Best,773773,66.0,64.49089050292969,-1.5091094970703125,1.5091094970703125,2.2774114741478115,2.312972928131817,717951,0.369842529296875,1.5091094970703125,1.1392669677734375
validation,765501,2026-06-06T07:45:00-07:00,765501_1780757100_H30,Historical Best,773773,65.69999694824219,61.08891296386719,-4.611083984375,4.611083984375,21.262095510959625,7.273639234225182,776019,0.2406005859375,4.611083984375,4.3704833984375
validation,765501,2026-06-11T23:30:00-07:00,765501_1781245800_H30,Historical Best,773773,69.5,63.86323928833008,-5.636760711669922,5.636760711669922,31.773071320625604,8.453244986374504,763616,1.5694046020507812,5.636760711669922,4.067356109619141
validation,765501,2026-06-11T23:35:00-07:00,765501_1781246100_H30,Historical Best,773773,66.69999694824219,63.52117156982422,-3.1788253784179688,3.1788253784179688,10.104930786474142,4.882194485247577,763616,1.4680938720703125,3.1788253784179688,1.7107315063476562
validation,765501,2026-06-11T23:40:00-07:00,765501_1781246400_H30,Historical Best,773773,66.19999694824219,62.65015411376953,-3.5498428344726562,3.5498428344726562,12.601384149456862,5.510032821326005,773784,1.1476974487304688,3.549842834472656,2.402145385742187
validation,765501,2026-06-11T23:45:00-07:00,765501_1781246700_H30,Historical Best,773773,67.9000015258789,61.81571960449219,-6.084281921386719,6.084281921386719,37.01848649891326,9.380947538913897,763616,0.6777496337890625,6.084281921386719,5.406532287597656
validation,765501,2026-06-11T23:50:00-07:00,765501_1781247000_H30,Historical Best,773773,67.0999984741211,62.19720458984375,-4.902793884277344,4.902793884277344,24.037387871707324,7.583758550342472,763616,0.0621871948242187,4.902793884277344,4.840606689453125
validation,765501,2026-06-11T23:55:00-07:00,765501_1781247300_H30,Historical Best,773773,66.0,62.29836654663086,-3.7016334533691406,3.7016334533691406,13.70209022310155,5.770351601743894,763616,0.901702880859375,3.7016334533691406,2.7999305725097656
validation,765501,2026-06-15T23:30:00-07:00,765501_1781591400_H30,Historical Best,773773,69.19999694824219,56.311485290527344,-12.888511657714844,12.888511657714844,166.11373275105143,20.53758162222671,773784,3.362983703613281,12.888511657714844,9.525527954101562
validation,765501,2026-06-15T23:35:00-07:00,765501_1781591700_H30,Historical Best,773773,64.30000305175781,55.15315628051758,-9.146846771240234,9.146846771240234,83.6648058565479,15.314532902766278,763616,0.6665878295898438,9.146846771240234,8.48025894165039
validation,765501,2026-06-15T23:40:00-07:00,765501_1781592000_H30,Historical Best,773773,61.5,55.39897918701172,-6.101020812988281,6.101020812988281,37.22245496051619,10.4381078487221,776019,0.8366851806640625,6.101020812988281,5.264335632324219
validation,765501,2026-06-15T23:45:00-07:00,765501_1781592300_H30,Historical Best,773773,61.59999847412109,56.08192825317383,-5.5180702209472585,5.5180702209472585,30.449098963304927,9.377939888500668,776019,0.5329322814941406,5.518070220947266,4.985137939453125
validation,765501,2026-06-15T23:50:00-07:00,765501_1781592600_H30,Historical Best,773773,62.0,56.195579528808594,-5.804420471191406,5.804420471191406,33.69129700638587,9.821721667125543,776019,0.4062042236328125,5.804420471191406,5.398216247558594
validation,765501,2026-06-15T23:55:00-07:00,765501_1781592900_H30,Historical Best,773773,66.5999984741211,56.1086311340332,-10.49136734008789,10.49136734008789,110.06878866466286,17.099640486723374,763616,1.7599945068359375,10.49136734008789,8.731372833251953
validation,765501,2026-06-17T22:00:00-07:00,765501_1781758800_H30,Historical Best,773773,70.5,67.03961944580078,-3.4603805541992188,3.4603805541992188,11.974233579880092,5.031830890594649,763616,3.382080078125,3.4603805541992188,0.0783004760742187
validation,765501,2026-06-17T22:05:00-07:00,765501_1781759100_H30,Historical Best,773773,69.69999694824219,66.9052505493164,-2.7947463989257812,2.7947463989257812,7.810607434308622,4.091711599171432,763616,1.907066345214844,2.794746398925781,0.8876800537109368
validation,765501,2026-06-17T22:10:00-07:00,765501_1781759400_H30,Historical Best,773773,70.9000015258789,64.28135681152344,-6.618644714355469,6.618644714355469,43.806457854865585,9.792244650885388,763616,3.1412353515625,6.618644714355469,3.4774093627929688
validation,765501,2026-06-17T22:15:00-07:00,765501_1781759700_H30,Historical Best,773773,71.5,63.8643798828125,-7.6356201171875,7.6356201171875,58.30269457399845,11.281579492906337,763616,3.6384353637695312,7.6356201171875,3.9971847534179688
validation,765501,2026-06-17T22:20:00-07:00,765501_1781760000_H30,Historical Best,773773,68.5999984741211,64.1320571899414,-4.4679412841796875,4.4679412841796875,19.962499318877235,6.732271610147351,763616,0.5210494995117188,4.467941284179688,3.9468917846679696
validation,765501,2026-06-17T22:25:00-07:00,765501_1781760300_H30,Historical Best,773773,66.0999984741211,64.33950805664062,-1.7604904174804688,1.7604904174804688,3.099326510040555,2.6993208588514337,773784,0.4557647705078125,1.7604904174804688,1.3047256469726562
validation,765501,2026-06-18T23:30:00-07:00,765501_1781850600_H30,Historical Best,773773,69.0999984741211,63.86323928833008,-5.236759185791016,5.236759185791016,27.42364676996658,7.8770030491614005,763616,1.1622085571289062,5.236759185791016,4.074550628662109
validation,765501,2026-06-18T23:35:00-07:00,765501_1781850900_H30,Historical Best,773773,68.0,63.52117156982422,-4.478828430175781,4.478828430175781,20.059904106950853,6.810809761900479,763616,0.096710205078125,4.478828430175781,4.382118225097656
validation,765501,2026-06-18T23:40:00-07:00,765501_1781851200_H30,Historical Best,773773,66.69999694824219,62.65015411376953,-4.049842834472656,4.049842834472656,16.40122698392952,6.261829259437008,763616,1.34796142578125,4.049842834472656,2.7018814086914062
validation,765501,2026-06-18T23:45:00-07:00,765501_1781851500_H30,Historical Best,773773,65.5,61.81571960449219,-3.6842803955078125,3.6842803955078125,13.573922032723203,5.78762839029608,773784,0.803955078125,3.684280395507813,2.880325317382813
validation,765501,2026-06-18T23:50:00-07:00,765501_1781851800_H30,Historical Best,773773,64.0999984741211,62.19720458984375,-1.9027938842773438,1.9027938842773438,3.6206245660432614,3.013200329143707,773784,1.0506591796875,1.902793884277344,0.852134704589844
validation,765501,2026-06-18T23:55:00-07:00,765501_1781852100_H30,Historical Best,773773,64.5,62.29836654663086,-2.2016334533691406,2.2016334533691406,4.847189862994128,3.4726526783706055,773784,0.2287368774414062,2.2016334533691406,1.9728965759277344
validation,765501,2026-06-24T23:30:00-07:00,765501_1782369000_H30,Historical Best,773773,69.4000015258789,65.09527587890625,-4.304725646972656,4.304725646972656,18.530662895704154,6.401303745425015,763616,0.7396621704101562,4.304725646972656,3.5650634765625
validation,765501,2026-06-24T23:35:00-07:00,765501_1782369300_H30,Historical Best,773773,70.5999984741211,63.7568359375,-6.843162536621094,6.843162536621094,46.82887350261444,10.186549148253011,763616,2.143867492675781,6.843162536621094,4.6992950439453125
validation,765501,2026-06-24T23:40:00-07:00,765501_1782369600_H30,Historical Best,773773,68.80000305175781,63.28497695922852,-5.51502609252929,5.51502609252929,30.415512801278886,8.350723981359502,763616,1.307281494140625,5.515026092529297,4.207744598388672
validation,765501,2026-06-24T23:45:00-07:00,765501_1782369900_H30,Historical Best,773773,68.9000015258789,63.67932891845703,-5.220672607421875,5.220672607421875,27.25542247388512,7.875545230990698,763616,1.3118133544921875,5.220672607421875,3.908859252929688
validation,765501,2026-06-24T23:50:00-07:00,765501_1782370200_H30,Historical Best,773773,69.19999694824219,63.74529266357422,-5.454704284667969,5.454704284667969,29.753798833175097,8.205938336838154,763616,1.9117431640625,5.454704284667969,3.5429611206054688
validation,765501,2026-06-24T23:55:00-07:00,765501_1782370500_H30,Historical Best,773773,68.0,63.75830841064453,-4.241691589355469,4.241691589355469,17.991947539208923,6.438594436022401,763616,0.84039306640625,4.241691589355469,3.4012985229492188
validation,765501,2026-06-27T23:30:00-07:00,765501_1782628200_H30,Historical Best,773773,69.19999694824219,62.80653381347656,-6.393463134765625,6.393463134765625,40.87637085560709,9.686586033949114,763616,1.0807342529296875,6.393463134765625,5.3127288818359375
validation,765501,2026-06-27T23:35:00-07:00,765501_1782628500_H30,Historical Best,773773,69.0,63.31362533569336,-5.686374664306641,5.686374664306641,32.33485682286846,8.595297131196027,763616,1.0346527099609375,5.686374664306641,4.651721954345703
validation,765501,2026-06-27T23:40:00-07:00,765501_1782628800_H30,Historical Best,773773,69.30000305175781,62.95870971679688,-6.34129333496093,6.34129333496093,40.212001160019916,9.589225774655329,763616,1.3554763793945312,6.3412933349609375,4.985816955566406
validation,765501,2026-06-27T23:45:00-07:00,765501_1782629100_H30,Historical Best,773773,68.0,62.77876281738281,-5.2212371826171875,5.2212371826171875,27.261317717144266,7.984839480373178,763616,0.2803421020507812,5.221237182617188,4.940895080566407
validation,765501,2026-06-27T23:50:00-07:00,765501_1782629400_H30,Historical Best,773773,67.69999694824219,65.93740844726562,-1.7625885009765625,1.7625885009765625,3.1067182237748057,2.6378669693125856,763616,0.1573638916015625,1.7625885009765625,1.605224609375
validation,765501,2026-06-27T23:55:00-07:00,765501_1782629700_H30,Historical Best,773773,67.9000015258789,67.59587860107422,-0.3041229248046875,0.3041229248046875,0.09249075339175761,0.4489035714963748,763616,0.0630035400390625,0.3041229248046875,0.241119384765625
validation,769895,2026-06-03T17:30:00-07:00,769895_1780533000_H30,Historical Best,769866,69.9000015258789,66.97347259521484,-2.9265289306640625,2.9265289306640625,8.564571582013741,4.276254297006669,769847,1.6959075927734375,2.9265289306640625,1.230621337890625
validation,769895,2026-06-03T17:35:00-07:00,769895_1780533300_H30,Historical Best,769866,67.0,65.08564758300781,-1.9143524169921875,1.9143524169921875,3.66474517644383,2.8986531656225063,769880,0.6902694702148438,1.9143524169921875,1.2240829467773438
validation,769895,2026-06-03T17:40:00-07:00,769895_1780533600_H30,Historical Best,769866,66.0999984741211,65.35717010498047,-0.742828369140625,0.742828369140625,0.5517939860001206,1.1301450830243895,769880,0.4317245483398437,0.742828369140625,0.3111038208007813
validation,769895,2026-06-03T17:45:00-07:00,769895_1780533900_H30,Historical Best,769866,66.0,64.94630432128906,-1.0536956787109375,1.0536956787109375,1.1102745833341032,1.6093553401535021,769866,1.0536956787109375,1.0536956787109375,0.0
validation,769895,2026-06-03T17:50:00-07:00,769895_1780534200_H30,Historical Best,769866,65.5999984741211,65.79903411865234,0.19903564453125,0.19903564453125,0.03961518779397011,0.3029484145950315,769866,0.19903564453125,0.19903564453125,0.0
validation,769895,2026-06-03T17:55:00-07:00,769895_1780534500_H30,Historical Best,769866,64.69999694824219,65.34207153320312,0.6420745849609375,0.6420745849609375,0.41225977265276015,0.9874874915806382,769866,0.6420745849609375,0.6420745849609375,0.0
validation,769895,2026-06-04T23:30:00-07:00,769895_1780641000_H30,Historical Best,769866,69.0,67.50364685058594,-1.4963531494140625,1.4963531494140625,2.2390727477613837,2.1924002368814928,769880,0.5397567749023438,1.4963531494140625,0.9565963745117188
validation,769895,2026-06-04T23:35:00-07:00,769895_1780641300_H30,Historical Best,769866,67.4000015258789,66.3626937866211,-1.0373077392578125,1.0373077392578125,1.076007345924154,1.5509671498164577,770385,0.391693115234375,1.0373077392578125,0.6456146240234375
validation,769895,2026-06-04T23:40:00-07:00,769895_1780641600_H30,Historical Best,769866,63.400001525878906,65.79202270507812,2.3920211791992188,2.3920211791992188,5.721765321737621,3.7030477305746916,769866,2.3920211791992188,2.3920211791992188,0.0
validation,769895,2026-06-04T23:45:00-07:00,769895_1780641900_H30,Historical Best,769866,61.5,65.68843078613281,4.1884307861328125,4.1884307861328125,17.54295245022513,6.586181977895055,769866,4.1884307861328125,4.1884307861328125,0.0
validation,769895,2026-06-04T23:50:00-07:00,769895_1780642200_H30,Historical Best,769866,59.70000076293945,65.30658721923828,5.606586456298828,5.606586456298828,31.43381169195345,8.970065501264358,769866,5.606586456298828,5.606586456298828,0.0
validation,769895,2026-06-04T23:55:00-07:00,769895_1780642500_H30,Historical Best,769866,66.30000305175781,64.94326782226562,-1.3567352294921875,1.3567352294921875,1.8407304829452187,2.0675120486092085,770385,0.1097946166992187,1.3567352294921875,1.2469406127929688
validation,769895,2026-06-06T07:20:00-07:00,769895_1780755600_H30,Historical Best,769866,71.0,64.23873138427734,-6.761268615722656,6.761268615722656,45.714753293956164,9.999012112167227,769847,3.0790557861328125,6.761268615722656,3.682212829589844
validation,769895,2026-06-06T07:25:00-07:00,769895_1780755900_H30,Historical Best,769866,71.5999984741211,64.1204833984375,-7.479515075683594,7.479515075683594,55.943145767378155,11.021939971591246,769847,3.4980926513671875,7.479515075683594,3.9814224243164062
validation,769895,2026-06-06T07:30:00-07:00,769895_1780756200_H30,Historical Best,769866,67.80000305175781,63.61156845092773,-4.188434600830085,4.188434600830085,17.542984405430676,6.374529306761761,769847,0.4498672485351562,4.188434600830078,3.738567352294922
validation,769895,2026-06-06T07:35:00-07:00,769895_1780756500_H30,Historical Best,769866,64.69999694824219,64.1123275756836,-0.5876693725585938,0.5876693725585938,0.34535529144341126,0.9124427653461458,770116,0.3459930419921875,0.5876693725585938,0.2416763305664062
validation,769895,2026-06-06T07:40:00-07:00,769895_1780756800_H30,Historical Best,769866,63.20000076293945,64.352783203125,1.1527824401855469,1.1527824401855469,1.328907354400144,1.8075378604900643,769880,0.6638717651367188,1.1527824401855469,0.4889106750488281
validation,769895,2026-06-06T07:45:00-07:00,769895_1780757100_H30,Historical Best,769866,62.400001525878906,64.32505798339844,1.9250564575195312,1.9250564575195312,3.705842364637647,3.0381622226625034,769880,0.1684761047363281,1.9250564575195312,1.7565803527832031
validation,769895,2026-06-12T23:30:00-07:00,769895_1781332200_H30,Historical Best,769866,69.0999984741211,67.8953857421875,-1.2046127319335938,1.2046127319335938,1.4510918339365162,1.7586179710091299,770385,0.51239013671875,1.2046127319335938,0.6922225952148438
validation,769895,2026-06-12T23:35:00-07:00,769895_1781332500_H30,Historical Best,769866,68.5999984741211,66.65852355957031,-1.9414749145507812,1.9414749145507812,3.7693248438299634,2.870761665891001,769847,0.3840408325195312,1.9414749145507808,1.5574340820312496
validation,769895,2026-06-12T23:40:00-07:00,769895_1781332800_H30,Historical Best,769866,70.0999984741211,66.47006225585938,-3.6299362182617188,3.6299362182617188,13.176436948648188,5.315859379837798,769847,2.233505249023437,3.629936218261719,1.396430969238282
validation,769895,2026-06-12T23:45:00-07:00,769895_1781333100_H30,Historical Best,769866,68.19999694824219,66.34320831298828,-1.8567886352539062,1.8567886352539062,3.4476640360080637,2.760137337070363,769847,0.5497207641601562,1.8567886352539065,1.3070678710937502
validation,769895,2026-06-12T23:50:00-07:00,769895_1781333400_H30,Historical Best,769866,65.69999694824219,66.24102783203125,0.5410308837890625,0.5410308837890625,0.29271441721357405,0.8201101675381279,769866,0.5410308837890625,0.5410308837890625,0.0
validation,769895,2026-06-12T23:55:00-07:00,769895_1781333700_H30,Historical Best,769866,68.0,66.46046447753906,-1.5395355224609375,1.5395355224609375,2.370169624919072,2.2899452519270196,769880,0.2470016479492187,1.5395355224609375,1.2925338745117188
validation,769895,2026-06-17T11:15:00-07:00,769895_1781720100_H30,Historical Best,769866,59.09999847412109,63.27995300292969,4.179954528808601,4.179954528808601,17.472019862907533,6.8311099068165495,769880,1.4925460815429688,4.179954528808594,2.687408447265625
validation,769965,2026-06-03T17:30:00-07:00,769965_1780533000_H30,Historical Best,770141,40.900001525878906,57.9693603515625,17.069358825683594,17.069358825683594,291.3630107199424,34.52911666244435,769911,2.1030349731445312,17.069358825683594,14.966323852539062
validation,769965,2026-06-03T17:35:00-07:00,769965_1780533300_H30,Historical Best,770141,46.29999923706055,59.38692092895508,13.086921691894531,13.086921691894531,171.26751936977962,24.76545167085958,769867,6.391258239746094,13.086921691894531,6.6956634521484375
validation,769965,2026-06-03T17:40:00-07:00,769965_1780533600_H30,Historical Best,770141,46.70000076293945,59.45548248291016,12.75548171997071,12.75548171997071,162.70231390850694,24.031696168291777,769911,5.899688720703125,12.755481719970703,6.855792999267578
validation,769965,2026-06-03T17:45:00-07:00,769965_1780533900_H30,Historical Best,770141,48.29999923706055,59.205196380615234,10.905197143554688,10.905197143554688,118.92332473979332,20.28775814872874,769911,2.885944366455078,10.905197143554688,8.01925277709961
validation,769965,2026-06-03T17:50:00-07:00,769965_1780534200_H30,Historical Best,770141,49.79999923706055,60.209381103515625,10.409381866455078,10.409381866455078,108.3552308416838,18.924534870764976,769926,6.421836853027344,10.409381866455078,3.9875450134277344
validation,769965,2026-06-03T17:55:00-07:00,769965_1780534500_H30,Historical Best,770141,52.20000076293945,59.474609375,7.274608612060547,7.274608612060547,52.919930458665476,13.02822286629683,769911,4.758838653564453,7.274608612060547,2.5157699584960938
validation,769965,2026-06-04T23:30:00-07:00,769965_1780641000_H30,Historical Best,770141,68.0,67.10873413085938,-0.891265869140625,0.891265869140625,0.7943548494949937,1.3193312309191418,769926,0.2534942626953125,0.891265869140625,0.6377716064453125
validation,769965,2026-06-04T23:35:00-07:00,769965_1780641300_H30,Historical Best,770141,69.30000305175781,66.46975708007812,-2.8302459716796875,2.8302459716796875,8.010292260209098,4.169184578488646,769926,1.320037841796875,2.8302459716796875,1.5102081298828125
validation,769965,2026-06-04T23:40:00-07:00,769965_1780641600_H30,Historical Best,770141,71.30000305175781,66.24149322509766,-5.058509826660156,5.058509826660156,25.588521666417364,7.355612563207668,769926,3.3481369018554688,5.058509826660156,1.7103729248046875
validation,769965,2026-06-04T23:45:00-07:00,769965_1780641900_H30,Historical Best,770141,71.4000015258789,65.92984008789062,-5.470161437988281,5.470161437988281,29.92266615765402,7.966457011638357,769926,3.30047607421875,5.470161437988281,2.1696853637695312
validation,769965,2026-06-04T23:50:00-07:00,769965_1780642200_H30,Historical Best,770141,70.0,65.910400390625,-4.089599609375,4.089599609375,16.724824965000153,6.018081865008895,769926,2.063026428222656,4.089599609375,2.026573181152344
validation,769965,2026-06-04T23:55:00-07:00,769965_1780642500_H30,Historical Best,770141,64.80000305175781,65.66773223876953,0.8677291870117188,0.8677291870117188,0.7529539419920184,1.3301820230550294,770141,0.8677291870117188,0.8677291870117188,0.0
validation,769965,2026-06-06T07:20:00-07:00,769965_1780755600_H30,Historical Best,770141,68.30000305175781,67.7474136352539,-0.5525894165039062,0.5525894165039062,0.3053550632321276,0.8123482619496442,769926,0.04083251953125,0.5525894165039062,0.5117568969726562
validation,769965,2026-06-06T07:25:00-07:00,769965_1780755900_H30,Historical Best,770141,70.9000015258789,67.77967834472656,-3.1203231811523438,3.1203231811523438,9.736416754836682,4.500043786607425,769867,1.7569351196289062,3.120323181152344,1.363388061523438
validation,769965,2026-06-06T07:30:00-07:00,769965_1780756200_H30,Historical Best,770141,72.0999984741211,67.95609283447266,-4.1439056396484375,4.1439056396484375,17.171953950310126,5.917494300095035,770129,3.1787261962890625,4.1439056396484375,0.965179443359375
validation,769965,2026-06-06T07:35:00-07:00,769965_1780756500_H30,Historical Best,770141,69.9000015258789,68.12955474853516,-1.77044677734375,1.77044677734375,3.13448179140687,2.5653154473631425,770129,0.8619461059570312,1.77044677734375,0.9085006713867188
validation,769965,2026-06-06T07:40:00-07:00,769965_1780756800_H30,Historical Best,770141,67.30000305175781,68.18415069580078,0.8841476440429688,0.8841476440429688,0.7817170564667322,1.305167597923699,769867,0.5607376098632812,0.8841476440429688,0.3234100341796875
validation,769965,2026-06-06T07:45:00-07:00,769965_1780757100_H30,Historical Best,770141,64.9000015258789,68.8040542602539,3.904052734375,3.904052734375,15.241627752780914,5.839841854042997,769867,3.4769821166992188,3.904052734375,0.4270706176757812
validation,769965,2026-06-12T23:30:00-07:00,769965_1781332200_H30,Historical Best,770141,67.5999984741211,68.24597930908203,0.6459808349609375,0.6459808349609375,0.41729123913683,0.9510488874931803,769867,0.0236358642578125,0.6459808349609375,0.622344970703125
validation,769965,2026-06-12T23:35:00-07:00,769965_1781332500_H30,Historical Best,770141,66.0999984741211,67.82135772705078,1.7213592529296875,1.7213592529296875,2.963077677646652,2.5707016250498764,769867,0.67138671875,1.7213592529296875,1.0499725341796875
validation,769965,2026-06-12T23:40:00-07:00,769965_1781332800_H30,Historical Best,770141,66.4000015258789,67.6552963256836,1.2552947998046875,1.2552947998046875,1.5757650344166905,1.8728014641102062,769867,0.051177978515625,1.2552947998046875,1.2041168212890625
validation,769965,2026-06-12T23:45:00-07:00,769965_1781333100_H30,Historical Best,770141,67.0999984741211,66.65193939208984,-0.44805908203125,0.44805908203125,0.20075694099068642,0.6699851767822722,769911,0.1507339477539062,0.44805908203125,0.2973251342773438
validation,769965,2026-06-12T23:50:00-07:00,769965_1781333400_H30,Historical Best,770141,62.5,67.09649658203125,4.59649658203125,4.59649658203125,21.127780828624964,7.093550624887507,769926,2.9699859619140625,4.59649658203125,1.6265106201171875
validation,769965,2026-06-12T23:55:00-07:00,769965_1781333700_H30,Historical Best,770141,65.19999694824219,66.0830307006836,0.8830337524414062,0.8830337524414062,0.7797486079507507,1.345236717234481,769926,0.4486770629882812,0.8830337524414062,0.434356689453125
validation,769965,2026-06-17T11:15:00-07:00,769965_1781720100_H30,Historical Best,770141,57.79999923706055,61.9649772644043,4.16497802734375,4.16497802734375,17.347041968256235,6.955252051532024,769867,2.5934715270996094,4.16497802734375,1.5715065002441406
validation,775511,2026-06-06T23:30:00-07:00,775511_1780813800_H30,Historical Best,764311,66.5,69.26270294189453,2.7627029418945312,2.7627029418945312,7.632527545152698,4.069899702464601,764283,0.1591796875,2.7627029418945312,2.6035232543945312
validation,775511,2026-06-06T23:35:00-07:00,775511_1780814100_H30,Historical Best,764311,65.80000305175781,69.17588806152344,3.375885009765625,3.375885009765625,11.396599599160254,5.002204403927696,764283,0.2073211669921875,3.375885009765625,3.168563842773437
validation,775511,2026-06-06T23:40:00-07:00,775511_1780814400_H30,Historical Best,764311,65.30000305175781,69.20457458496094,3.904571533203125,3.904571533203125,15.245678857900202,5.805856682022579,764283,0.0472946166992187,3.904571533203125,3.857276916503906
validation,775511,2026-06-06T23:45:00-07:00,775511_1780814700_H30,Historical Best,764311,64.9000015258789,69.2987289428711,4.3987274169921875,4.3987274169921875,19.34880288899876,6.555542468769895,764283,0.042236328125,4.398727416992188,4.356491088867188
validation,775511,2026-06-06T23:50:00-07:00,775511_1780815000_H30,Historical Best,764311,64.0999984741211,69.23975372314453,5.1397552490234375,5.1397552490234375,26.417084019863978,7.709261680452604,764283,0.7138442993164062,5.1397552490234375,4.425910949707031
validation,775511,2026-06-06T23:55:00-07:00,775511_1780815300_H30,Historical Best,764311,63.20000076293945,69.13899230957031,5.938991546630859,5.938991546630859,35.27162059095281,8.975421927987197,764283,1.6687049865722656,5.938991546630859,4.270286560058594
validation,775511,2026-06-08T23:30:00-07:00,775511_1780986600_H30,Historical Best,764311,69.9000015258789,67.92859649658203,-1.971405029296875,1.971405029296875,3.8864377895370126,2.8606617832277457,764311,1.971405029296875,1.971405029296875,0.0
validation,775511,2026-06-08T23:35:00-07:00,775511_1780986900_H30,Historical Best,764311,67.5999984741211,68.13402557373047,0.534027099609375,0.534027099609375,0.28518494311720133,0.7868728558238947,764311,0.534027099609375,0.534027099609375,0.0
validation,775511,2026-06-08T23:40:00-07:00,775511_1780987200_H30,Historical Best,764311,67.5,67.8541488647461,0.35414886474609375,0.35414886474609375,0.125421418400947,0.523292215421515,764311,0.3541488647460937,0.3541488647460937,0.0
validation,775511,2026-06-08T23:45:00-07:00,775511_1780987500_H30,Historical Best,764311,67.0999984741211,67.841552734375,0.7415542602539062,0.7415542602539062,0.5499027209007181,1.0990747447578524,764311,0.7415542602539062,0.7415542602539062,0.0
validation,775511,2026-06-08T23:50:00-07:00,775511_1780987800_H30,Historical Best,764311,67.80000305175781,67.68672943115234,-0.11327362060546875,0.11327362060546875,0.012830913125071675,0.16720990711574976,764311,0.1132736206054687,0.1132736206054687,0.0
validation,775511,2026-06-08T23:55:00-07:00,775511_1780988100_H30,Historical Best,764311,66.5999984741211,67.71068572998047,1.110687255859375,1.110687255859375,1.2336261803284287,1.653907511783667,764283,0.3416671752929687,1.110687255859375,0.7690200805664062
validation,775511,2026-06-10T23:30:00-07:00,775511_1781159400_H30,Historical Best,764311,69.19999694824219,68.63562774658203,-0.5643692016601562,0.5643692016601562,0.3185125957825221,0.8189017880031991,764322,0.0645523071289062,0.5643692016601562,0.49981689453125
validation,775511,2026-06-10T23:35:00-07:00,775511_1781159700_H30,Historical Best,764311,69.69999694824219,68.63983154296875,-1.0601654052734375,1.0601654052734375,1.123950686538592,1.5326972848998521,764311,1.0601654052734375,1.0601654052734375,0.0
validation,775511,2026-06-10T23:40:00-07:00,775511_1781160000_H30,Historical Best,764311,68.5999984741211,68.02469635009766,-0.5753021240234375,0.5753021240234375,0.33097253390587866,0.8421641791080302,764297,0.2941131591796875,0.5753021240234375,0.28118896484375
validation,775511,2026-06-10T23:45:00-07:00,775511_1781160300_H30,Historical Best,764311,68.80000305175781,68.23181915283203,-0.5681838989257812,0.5681838989257812,0.3228329429985024,0.829272917251458,764297,0.5332565307617188,0.5681838989257812,0.0349273681640625
validation,775511,2026-06-10T23:50:00-07:00,775511_1781160600_H30,Historical Best,764311,68.0999984741211,68.4249267578125,0.32492828369140625,0.32492828369140625,0.10557838954264298,0.4759984753837641,764297,0.119476318359375,0.3249282836914062,0.2054519653320312
validation,775511,2026-06-10T23:55:00-07:00,775511_1781160900_H30,Historical Best,764311,68.80000305175781,68.2540283203125,-0.5459747314453125,0.5459747314453125,0.2980884073767811,0.7967291760713996,764297,0.511199951171875,0.5459747314453125,0.0347747802734375
validation,775511,2026-06-23T23:30:00-07:00,775511_1782282600_H30,Historical Best,764311,68.69999694824219,68.61463165283203,-0.08536529541015625,0.08536529541015625,0.007287233660463244,0.12433532487857861,764311,0.0853652954101562,0.0853652954101562,0.0
validation,775511,2026-06-23T23:35:00-07:00,775511_1782282900_H30,Historical Best,764311,68.5999984741211,68.49124908447266,-0.1087493896484375,0.1087493896484375,0.011826429748907685,0.158652562861381,764311,0.1087493896484375,0.1087493896484375,0.0
validation,775511,2026-06-23T23:40:00-07:00,775511_1782283200_H30,Historical Best,764311,67.80000305175781,68.13737487792969,0.337371826171875,0.337371826171875,0.11381974909454584,0.4963635886291111,764311,0.337371826171875,0.337371826171875,0.0
validation,775511,2026-06-23T23:45:00-07:00,775511_1782283500_H30,Historical Best,764311,66.0,67.87901306152344,1.8790130615234375,1.8790130615234375,3.5306900853756815,2.8070315197570044,764297,0.646728515625,1.8790130615234373,1.2322845458984373
validation,775511,2026-06-23T23:50:00-07:00,775511_1782283800_H30,Historical Best,764311,66.19999694824219,67.98848724365234,1.7884902954101562,1.7884902954101562,3.198697536776308,2.6656389970459067,764297,0.0592880249023437,1.7884902954101562,1.7292022705078125
validation,775511,2026-06-23T23:55:00-07:00,775511_1782284100_H30,Historical Best,764311,66.4000015258789,67.91571807861328,1.515716552734375,1.515716552734375,2.2973966682329774,2.256945867412756,764297,0.18756103515625,1.515716552734375,1.328155517578125
validation,775511,2026-06-26T23:30:00-07:00,775511_1782541800_H30,Historical Best,764311,69.0999984741211,69.6294174194336,0.5294189453125,0.5294189453125,0.28028441965579987,0.76323963174835,764297,0.2876434326171875,0.5294189453125,0.2417755126953125
validation,775511,2026-06-26T23:35:00-07:00,775511_1782542100_H30,Historical Best,764311,69.0,69.77262878417969,0.7726287841796875,0.7726287841796875,0.5969552381429821,1.1135175363921344,764322,0.3212966918945312,0.7726287841796875,0.4513320922851563
validation,775511,2026-06-26T23:40:00-07:00,775511_1782542400_H30,Historical Best,764311,70.4000015258789,69.22846221923828,-1.171539306640625,1.171539306640625,1.3725043470039964,1.678080911050902,764297,1.08441162109375,1.171539306640625,0.087127685546875
validation,775511,2026-06-26T23:45:00-07:00,775511_1782542700_H30,Historical Best,764311,69.5,69.17617797851562,-0.323822021484375,0.323822021484375,0.10486070159822702,0.4670189557711178,764311,0.323822021484375,0.323822021484375,0.0
validation,775511,2026-06-26T23:50:00-07:00,775511_1782543000_H30,Historical Best,764311,70.0999984741211,69.06038665771484,-1.03961181640625,1.03961181640625,1.0807927288115025,1.4941203388460798,764311,1.03961181640625,1.03961181640625,0.0
validation,775511,2026-06-26T23:55:00-07:00,775511_1782543300_H30,Historical Best,764311,69.30000305175781,69.15789031982422,-0.14211273193359375,0.14211273193359375,0.020196028577629477,0.205279348755952,764311,0.1421127319335937,0.1421127319335937,0.0
validation,775536,2026-06-02T23:30:00-07:00,775536_1780468200_H30,Historical Best,718405,68.5999984741211,64.57980346679688,-4.020195007324219,4.020195007324219,16.161967896914575,6.037244264594207,759870,3.895332336425781,4.020195007324219,0.1248626708984379
validation,775536,2026-06-02T23:35:00-07:00,775536_1780468500_H30,Historical Best,718405,63.0,63.31037521362305,0.3103752136230469,0.3103752136230469,0.09633277323155198,0.49144848258249707,759870,0.1459884643554687,0.3103752136230469,0.1643867492675781
validation,775536,2026-06-02T23:40:00-07:00,775536_1780468800_H30,Historical Best,718405,60.79999923706055,62.81712341308594,2.0171241760253906,2.0171241760253906,4.068789941506111,3.2635028489000124,759870,1.9369964599609373,2.01712417602539,0.0801277160644529
validation,775536,2026-06-02T23:45:00-07:00,775536_1780469100_H30,Historical Best,718405,57.20000076293945,63.44377517700195,6.2437744140625,6.2437744140625,38.984718933701515,10.350760847235014,774344,5.827373504638672,6.2437744140625,0.4164009094238281
validation,775536,2026-06-02T23:50:00-07:00,775536_1780469400_H30,Historical Best,718405,56.59999847412109,63.56132888793945,6.9613304138183665,6.9613304138183665,48.46012113035259,11.586640242263368,774344,6.346874237060547,6.961330413818359,0.6144561767578125
validation,775536,2026-06-02T23:55:00-07:00,775536_1780469700_H30,Historical Best,718405,53.59999847412109,63.74324035644531,10.143241882324226,10.143241882324226,102.8853558833363,17.288157199290218,774344,9.152359008789062,10.14324188232422,0.990882873535158
validation,775536,2026-06-03T19:05:00-07:00,775536_1780538700_H30,Historical Best,718405,67.5999984741211,63.250450134277344,-4.34954833984375,4.34954833984375,18.91857076063752,6.648121352063861,718405,4.34954833984375,4.34954833984375,0.0
validation,775536,2026-06-03T19:10:00-07:00,775536_1780539000_H30,Historical Best,718405,64.69999694824219,65.15463256835938,0.4546356201171875,0.4546356201171875,0.20669354707933962,0.7002224230410691,718405,0.4546356201171875,0.4546356201171875,0.0
validation,775536,2026-06-03T19:15:00-07:00,775536_1780539300_H30,Historical Best,718405,62.20000076293945,65.58937072753906,3.3893699645996094,3.3893699645996094,11.487828756929957,5.304619466461734,774344,0.8779869079589844,3.3893699645996094,2.511383056640625
validation,775536,2026-06-03T19:20:00-07:00,775536_1780539600_H30,Historical Best,718405,57.59999847412109,66.29580688476562,8.695808410644538,8.695808410644538,75.6170839146363,14.037292570590402,759870,0.9929847717285156,8.695808410644531,7.702823638916016
validation,775536,2026-06-03T19:25:00-07:00,775536_1780539900_H30,Historical Best,718405,56.29999923706055,65.18280792236328,8.882808685302734,8.882808685302734,78.90429013968969,14.623976544311823,759870,2.236003875732422,8.882808685302734,6.6468048095703125
validation,775536,2026-06-03T19:30:00-07:00,775536_1780540200_H30,Historical Best,718405,58.29999923706055,65.49111938476562,7.191120147705078,7.191120147705078,51.712208978729905,11.618151883064767,759870,0.7783393859863281,7.191120147705078,6.41278076171875
validation,775536,2026-06-06T23:30:00-07:00,775536_1780813800_H30,Historical Best,718405,68.5999984741211,65.96296691894531,-2.6370315551757812,2.6370315551757812,6.953935422992799,3.919401639040649,718405,2.637031555175781,2.637031555175781,0.0
validation,775536,2026-06-06T23:35:00-07:00,775536_1780814100_H30,Historical Best,718405,66.5,65.801025390625,-0.698974609375,0.698974609375,0.48856550455093384,1.0566427615024612,718405,0.698974609375,0.698974609375,0.0
validation,775536,2026-06-06T23:40:00-07:00,775536_1780814400_H30,Historical Best,718405,64.0,65.82246398925781,1.8224639892578125,1.8224639892578125,3.3213749921415,2.807624996811781,774344,1.2070159912109375,1.8224639892578125,0.615447998046875
validation,775536,2026-06-06T23:45:00-07:00,775536_1780814700_H30,Historical Best,718405,61.400001525878906,65.63309478759766,4.23309326171875,4.23309326171875,17.919078562408686,6.66455176051143,768701,0.8427352905273438,4.23309326171875,3.3903579711914062
validation,775536,2026-06-06T23:50:00-07:00,775536_1780815000_H30,Historical Best,718405,55.70000076293945,67.16712188720703,11.467121124267578,11.467121124267578,131.49486687862372,18.665890082882083,759870,6.500274658203125,11.467121124267578,4.966846466064453
validation,775536,2026-06-06T23:55:00-07:00,775536_1780815300_H30,Historical Best,718405,54.900001525878906,66.85858154296875,11.958580017089844,11.958580017089844,143.00763602514053,19.643099677190623,768701,7.522109985351562,11.958580017089844,4.436470031738282
validation,775536,2026-06-10T23:30:00-07:00,775536_1781159400_H30,Historical Best,718405,68.5999984741211,65.3838119506836,-3.2161865234375,3.2161865234375,10.343855753540993,4.800858386152883,718405,3.2161865234375,3.2161865234375,0.0
validation,775536,2026-06-10T23:35:00-07:00,775536_1781159700_H30,Historical Best,718405,62.70000076293945,63.19292449951172,0.4929237365722656,0.4929237365722656,0.24297381007636432,0.7830840877344593,774344,0.1846847534179687,0.4929237365722656,0.3082389831542969
validation,775536,2026-06-10T23:40:00-07:00,775536_1781160000_H30,Historical Best,718405,59.400001525878906,62.81048583984375,3.4104843139648438,3.4104843139648438,11.631403255800251,5.581328345172393,759870,2.662708282470703,3.410484313964844,0.7477760314941411
validation,775536,2026-06-10T23:45:00-07:00,775536_1781160300_H30,Historical Best,718405,56.20000076293945,62.9798583984375,6.779857635498047,6.779857635498047,45.96646955762117,11.377522387285397,768701,5.94207763671875,6.779857635498047,0.8377799987792969
validation,775536,2026-06-10T23:50:00-07:00,775536_1781160600_H30,Historical Best,718405,50.900001525878906,63.48323059082031,12.583229064941406,12.583229064941406,158.33765370078618,22.00187688715425,759870,10.151618957519531,12.583229064941406,2.431610107421875
validation,775536,2026-06-10T23:55:00-07:00,775536_1781160900_H30,Historical Best,718405,48.5,63.839725494384766,15.339725494384766,15.339725494384766,235.30717824307794,27.309529715031864,768701,13.340568542480469,15.339725494384766,1.9991569519042969
validation,775536,2026-06-17T11:15:00-07:00,775536_1781720100_H30,Historical Best,718405,66.9000015258789,57.80604934692383,-9.093952178955078,9.093952178955078,82.69996623312181,14.584620461291962,768701,2.58099365234375,9.093952178955078,6.512958526611328
validation,775536,2026-06-18T23:30:00-07:00,775536_1781850600_H30,Historical Best,718405,72.19999694824219,66.4925537109375,-5.7074432373046875,5.7074432373046875,32.57490830705501,8.230352919499303,718405,5.707443237304688,5.707443237304688,0.0
validation,775536,2026-06-18T23:35:00-07:00,775536_1781850900_H30,Historical Best,718405,69.69999694824219,66.17523956298828,-3.5247573852539062,3.5247573852539062,12.423914624901954,5.188226272594482,718405,3.5247573852539062,3.5247573852539062,0.0
validation,775536,2026-06-18T23:40:00-07:00,775536_1781851200_H30,Historical Best,718405,69.19999694824219,65.4942398071289,-3.7057571411132812,3.7057571411132812,13.73263598891208,5.502473161240351,718405,3.705757141113281,3.705757141113281,0.0
validation,775536,2026-06-18T23:45:00-07:00,775536_1781851500_H30,Historical Best,718405,62.900001525878906,63.94295120239258,1.0429496765136719,1.0429496765136719,1.0877440277399728,1.644473966993743,759870,0.84869384765625,1.042949676513672,0.1942558288574221
validation,775536,2026-06-18T23:50:00-07:00,775536_1781851800_H30,Historical Best,718405,65.4000015258789,63.71641540527344,-1.6835861206054688,1.6835861206054688,2.834462225495372,2.6078575406315765,718405,1.6835861206054688,1.6835861206054688,0.0
validation,775536,2026-06-18T23:55:00-07:00,775536_1781852100_H30,Historical Best,718405,66.5,63.86285400390625,-2.63714599609375,2.63714599609375,6.954539004713297,4.045854927026152,774344,2.628082275390625,2.63714599609375,0.009063720703125
validation,775536,2026-06-22T23:30:00-07:00,775536_1782196200_H30,Historical Best,718405,69.30000305175781,64.76740264892578,-4.532600402832031,4.532600402832031,20.544466411753092,6.761673868953744,718405,4.532600402832031,4.532600402832031,0.0
validation,775536,2026-06-22T23:35:00-07:00,775536_1782196500_H30,Historical Best,718405,72.19999694824219,64.75660705566406,-7.443389892578125,7.443389892578125,55.40405309293419,10.869705615681443,718405,7.443389892578125,7.443389892578125,0.0
validation,775536,2026-06-22T23:40:00-07:00,775536_1782196800_H30,Historical Best,718405,71.5999984741211,64.50032806396484,-7.09967041015625,7.09967041015625,50.405319932848215,10.4329953330487,718405,7.09967041015625,7.09967041015625,0.0
validation,775536,2026-06-22T23:45:00-07:00,775536_1782197100_H30,Historical Best,718405,72.0,64.5124740600586,-7.487525939941406,7.487525939941406,56.06304470129544,10.9697314280578,718405,7.487525939941406,7.487525939941406,0.0
validation,775536,2026-06-22T23:50:00-07:00,775536_1782197400_H30,Historical Best,718405,69.19999694824219,64.52134704589844,-4.67864990234375,4.67864990234375,21.88976490870118,6.997611192960642,718405,4.67864990234375,4.67864990234375,0.0
validation,775536,2026-06-22T23:55:00-07:00,775536_1782197700_H30,Historical Best,718405,67.30000305175781,64.4640884399414,-2.8359146118164062,2.8359146118164062,8.042411685513798,4.304533288528605,718405,2.8359146118164062,2.8359146118164062,0.0
validation,775536,2026-06-26T23:30:00-07:00,775536_1782541800_H30,Historical Best,718405,57.70000076293945,65.45579528808594,7.755794525146484,7.755794525146484,60.15234871629218,12.595094523943743,768701,6.690624237060547,7.755794525146484,1.0651702880859375
validation,775536,2026-06-26T23:35:00-07:00,775536_1782542100_H30,Historical Best,718405,58.70000076293945,65.3397445678711,6.639743804931641,6.639743804931641,44.0861977951281,10.705832608240957,768701,5.341968536376953,6.639743804931641,1.2977752685546875
validation,775536,2026-06-26T23:40:00-07:00,775536_1782542400_H30,Historical Best,718405,57.5,65.08650207519531,7.5865020751953125,7.5865020751953125,57.55501373694278,12.377385576520942,768701,6.455196380615234,7.586502075195312,1.1313056945800772
validation,775536,2026-06-26T23:45:00-07:00,775536_1782542700_H30,Historical Best,718405,60.29999923706055,64.88265991210938,4.582660675048828,4.582660675048828,21.00077886263898,7.321558224738229,759870,2.760845184326172,4.582660675048828,1.821815490722656
validation,775536,2026-06-26T23:50:00-07:00,775536_1782543000_H30,Historical Best,718405,58.20000076293945,64.93490600585938,6.734905242919922,6.734905242919922,45.35894863111025,10.939067344843508,759870,4.496604919433594,6.734905242919922,2.238300323486328
validation,775536,2026-06-26T23:55:00-07:00,775536_1782543300_H30,Historical Best,718405,56.20000076293945,65.10911560058594,8.909114837646484,8.909114837646484,79.37232719037274,14.68828564789349,759870,6.547634124755859,8.909114837646484,2.361480712890625
validation,765501,2026-06-03T15:25:00-07:00,765501_1780525500_H30,JEV v1.0,773773,64.30000305175781,55.03448867797852,-9.26551437377929,9.26551437377929,85.84975661071063,15.52864416956702,773773,9.265514373779297,9.265514373779297,0.0
validation,765501,2026-06-03T15:30:00-07:00,765501_1780525800_H30,JEV v1.0,773773,64.69999694824219,54.55017852783203,-10.149818420410156,10.149818420410156,103.01881396729732,17.022731068991863,763616,7.766017913818359,10.149818420410156,2.383800506591797
validation,765501,2026-06-03T15:35:00-07:00,765501_1780526100_H30,JEV v1.0,773773,65.5999984741211,53.9305305480957,-11.66946792602539,11.66946792602539,136.17648167653533,19.525501851044115,763616,2.32741928100586,11.66946792602539,9.342048645019531
validation,765501,2026-06-03T15:40:00-07:00,765501_1780526400_H30,JEV v1.0,773773,66.30000305175781,54.53579330444336,-11.764209747314453,11.764209747314453,138.3966309788084,19.471398384761393,763616,5.4029083251953125,11.764209747314451,6.361301422119139
validation,765501,2026-06-03T15:45:00-07:00,765501_1780526700_H30,JEV v1.0,773773,67.80000305175781,54.80620956420898,-12.993793487548835,12.993793487548835,168.8386691970665,21.19597874255971,763616,5.657157897949219,12.993793487548828,7.336635589599609
validation,765501,2026-06-03T15:50:00-07:00,765501_1780527000_H30,JEV v1.0,773773,67.9000015258789,54.73823547363281,-13.161766052246094,13.161766052246094,173.23208561405772,21.464375657938753,763616,8.121150970458984,13.161766052246094,5.040615081787109
validation,765501,2026-06-06T07:20:00-07:00,765501_1780755600_H30,JEV v1.0,763616,67.30000305175781,67.70878601074219,0.408782958984375,0.408782958984375,0.1671035075560212,0.6055649543931709,763616,0.408782958984375,0.408782958984375,0.0
validation,765501,2026-06-06T07:25:00-07:00,765501_1780755900_H30,JEV v1.0,763616,66.0999984741211,67.9832992553711,1.88330078125,1.88330078125,3.5468218326568604,2.809150429763047,717951,1.1006240844726562,1.88330078125,0.7826766967773438
validation,765501,2026-06-06T07:30:00-07:00,765501_1780756200_H30,JEV v1.0,763616,66.0999984741211,67.05950164794922,0.959503173828125,0.959503173828125,0.9206463405862451,1.4411336265799417,763616,0.959503173828125,0.959503173828125,0.0
validation,765501,2026-06-06T07:35:00-07:00,765501_1780756500_H30,JEV v1.0,763616,65.4000015258789,67.34626770019531,1.9462661743164062,1.9462661743164062,3.78795202128822,2.9323101447623463,776019,0.2828750610351562,1.9462661743164065,1.6633911132812502
validation,765501,2026-06-06T07:40:00-07:00,765501_1780756800_H30,JEV v1.0,763616,66.0,67.40594482421875,1.40594482421875,1.40594482421875,1.9766808487474918,2.107769358453156,717951,0.369842529296875,1.40594482421875,1.036102294921875
validation,765501,2026-06-06T07:45:00-07:00,765501_1780757100_H30,JEV v1.0,763616,65.69999694824219,67.24624633789062,1.5462493896484375,1.5462493896484375,2.3908871749881655,2.326127222248612,776019,0.2406005859375,1.5462493896484375,1.3056488037109375
validation,765501,2026-06-11T23:30:00-07:00,765501_1781245800_H30,JEV v1.0,763616,69.5,67.93059539794922,-1.5694046020507812,1.5694046020507812,2.463030804938171,2.2839231483888116,763616,1.5694046020507812,1.5694046020507812,0.0
validation,765501,2026-06-11T23:35:00-07:00,765501_1781246100_H30,JEV v1.0,773773,66.69999694824219,63.52117156982422,-3.1788253784179688,3.1788253784179688,10.104930786474142,4.882194485247577,763616,1.4680938720703125,3.1788253784179688,1.7107315063476562
validation,765501,2026-06-11T23:40:00-07:00,765501_1781246400_H30,JEV v1.0,763616,66.19999694824219,67.5957260131836,1.3957290649414062,1.3957290649414062,1.9480596227222122,2.086358253637171,773784,1.1476974487304688,1.3957290649414062,0.2480316162109375
validation,765501,2026-06-11T23:45:00-07:00,765501_1781246700_H30,JEV v1.0,763616,67.9000015258789,67.22225189208984,-0.6777496337890625,0.6777496337890625,0.45934456610120833,1.0031650770014602,763616,0.6777496337890625,0.6777496337890625,0.0
validation,765501,2026-06-11T23:50:00-07:00,765501_1781247000_H30,JEV v1.0,773773,67.0999984741211,62.19720458984375,-4.902793884277344,4.902793884277344,24.037387871707324,7.583758550342472,763616,0.0621871948242187,4.902793884277344,4.840606689453125
validation,765501,2026-06-11T23:55:00-07:00,765501_1781247300_H30,JEV v1.0,763616,66.0,66.90170288085938,0.901702880859375,0.901702880859375,0.8130680853500962,1.3569470586588004,763616,0.901702880859375,0.901702880859375,0.0
validation,765501,2026-06-15T23:30:00-07:00,765501_1781591400_H30,JEV v1.0,763616,69.19999694824219,65.79325103759766,-3.4067459106445312,3.4067459106445312,11.605917699693237,5.047283380818374,773784,3.362983703613281,3.4067459106445312,0.0437622070312504
validation,765501,2026-06-15T23:35:00-07:00,765501_1781591700_H30,JEV v1.0,763616,64.30000305175781,64.96659088134766,0.6665878295898438,0.6665878295898438,0.44433933455729857,1.0313381116518126,763616,0.6665878295898438,0.6665878295898438,0.0
validation,765501,2026-06-15T23:40:00-07:00,765501_1781592000_H30,JEV v1.0,773773,61.5,55.39897918701172,-6.101020812988281,6.101020812988281,37.22245496051619,10.4381078487221,776019,0.8366851806640625,6.101020812988281,5.264335632324219
validation,765501,2026-06-15T23:45:00-07:00,765501_1781592300_H30,JEV v1.0,763616,61.59999847412109,64.27720642089844,2.677207946777351,2.677207946777351,7.167442390287799,4.253681876304306,776019,0.5329322814941406,2.677207946777344,2.144275665283204
validation,765501,2026-06-15T23:50:00-07:00,765501_1781592600_H30,JEV v1.0,763616,62.0,64.755615234375,2.755615234375,2.755615234375,7.593415319919586,4.347918169211191,776019,0.4062042236328125,2.755615234375,2.3494110107421875
validation,765501,2026-06-15T23:55:00-07:00,765501_1781592900_H30,JEV v1.0,763616,66.5999984741211,64.84000396728516,-1.7599945068359375,1.7599945068359375,3.097580664092675,2.6780195690127377,763616,1.7599945068359375,1.7599945068359375,0.0
validation,765501,2026-06-17T22:00:00-07:00,765501_1781758800_H30,JEV v1.0,773773,70.5,67.03961944580078,-3.4603805541992188,3.4603805541992188,11.974233579880092,5.031830890594649,763616,3.382080078125,3.4603805541992188,0.0783004760742187
validation,765501,2026-06-17T22:05:00-07:00,765501_1781759100_H30,JEV v1.0,763616,69.69999694824219,67.79293060302734,-1.9070663452148438,1.9070663452148438,3.6369020450511016,2.7740573501621513,763616,1.907066345214844,1.907066345214844,0.0
validation,765501,2026-06-17T22:10:00-07:00,765501_1781759400_H30,JEV v1.0,763616,70.9000015258789,67.7587661743164,-3.1412353515625,3.1412353515625,9.867359533905983,4.530885974264497,763616,3.1412353515625,3.1412353515625,0.0
validation,765501,2026-06-17T22:15:00-07:00,765501_1781759700_H30,JEV v1.0,763616,71.5,67.86156463623047,-3.6384353637695312,3.6384353637695312,13.238211896328721,5.221576475779245,763616,3.6384353637695312,3.6384353637695312,0.0
validation,765501,2026-06-17T22:20:00-07:00,765501_1781760000_H30,JEV v1.0,763616,68.5999984741211,68.07894897460938,-0.5210494995117188,0.5210494995117188,0.2714925809414126,0.7624429444702221,763616,0.5210494995117188,0.5210494995117188,0.0
validation,765501,2026-06-17T22:25:00-07:00,765501_1781760300_H30,JEV v1.0,763616,66.0999984741211,67.90238952636719,1.8023910522460938,1.8023910522460938,3.248613505216781,2.690087939013574,773784,0.4557647705078125,1.8023910522460933,1.346626281738281
validation,765501,2026-06-18T23:30:00-07:00,765501_1781850600_H30,JEV v1.0,763616,69.0999984741211,67.93778991699219,-1.1622085571289062,1.1622085571289062,1.3507287302636541,1.696186960243353,763616,1.1622085571289062,1.1622085571289062,0.0
validation,765501,2026-06-18T23:35:00-07:00,765501_1781850900_H30,JEV v1.0,763616,68.0,67.90328979492188,-0.096710205078125,0.096710205078125,0.009352863766252995,0.14232209464899676,763616,0.096710205078125,0.096710205078125,0.0
validation,765501,2026-06-18T23:40:00-07:00,765501_1781851200_H30,JEV v1.0,763616,66.69999694824219,68.04795837402344,1.34796142578125,1.34796142578125,1.8170000053942204,2.000715205739286,763616,1.34796142578125,1.34796142578125,0.0
validation,765501,2026-06-18T23:45:00-07:00,765501_1781851500_H30,JEV v1.0,763616,65.5,67.6846923828125,2.1846923828125,2.1846923828125,4.772880807518959,3.2806958927825782,773784,0.803955078125,2.1846923828125,1.3807373046875
validation,765501,2026-06-18T23:50:00-07:00,765501_1781851800_H30,JEV v1.0,763616,64.0999984741211,67.65824127197266,3.5582427978515625,3.5582427978515625,12.661091808462515,5.401169259247345,773784,1.0506591796875,3.5582427978515625,2.5075836181640625
validation,765501,2026-06-18T23:55:00-07:00,765501_1781852100_H30,JEV v1.0,763616,64.5,67.87493133544922,3.3749313354492188,3.3749313354492188,11.390161518997047,5.099049005587944,773784,0.2287368774414062,3.3749313354492188,3.1461944580078125
validation,765501,2026-06-24T23:30:00-07:00,765501_1782369000_H30,JEV v1.0,773773,69.4000015258789,65.09527587890625,-4.304725646972656,4.304725646972656,18.530662895704154,6.401303745425015,763616,0.7396621704101562,4.304725646972656,3.5650634765625
validation,765501,2026-06-24T23:35:00-07:00,765501_1782369300_H30,JEV v1.0,763616,70.5999984741211,68.45613098144531,-2.1438674926757812,2.1438674926757812,4.596167826151941,3.083456278629624,763616,2.143867492675781,2.143867492675781,0.0
validation,765501,2026-06-24T23:40:00-07:00,765501_1782369600_H30,JEV v1.0,763616,68.80000305175781,67.49272155761719,-1.307281494140625,1.307281494140625,1.708984904922545,1.9183437535578973,763616,1.307281494140625,1.307281494140625,0.0
validation,765501,2026-06-24T23:45:00-07:00,765501_1782369900_H30,JEV v1.0,763616,68.9000015258789,67.58818817138672,-1.3118133544921875,1.3118133544921875,1.7208542770240456,1.9222371514936758,763616,1.3118133544921875,1.3118133544921875,0.0
validation,765501,2026-06-24T23:50:00-07:00,765501_1782370200_H30,JEV v1.0,763616,69.19999694824219,67.28825378417969,-1.9117431640625,1.9117431640625,3.654761925339699,2.801329989646835,763616,1.9117431640625,1.9117431640625,0.0
validation,765501,2026-06-24T23:55:00-07:00,765501_1782370500_H30,JEV v1.0,773773,68.0,63.75830841064453,-4.241691589355469,4.241691589355469,17.991947539208923,6.438594436022401,763616,0.84039306640625,4.241691589355469,3.4012985229492188
validation,765501,2026-06-27T23:30:00-07:00,765501_1782628200_H30,JEV v1.0,763616,69.19999694824219,68.1192626953125,-1.0807342529296875,1.0807342529296875,1.1679865254554898,1.5740461285106893,763616,1.0807342529296875,1.0807342529296875,0.0
validation,765501,2026-06-27T23:35:00-07:00,765501_1782628500_H30,JEV v1.0,763616,69.0,67.96534729003906,-1.0346527099609375,1.0346527099609375,1.0705062302295119,1.510824048386235,763616,1.0346527099609375,1.0346527099609375,0.0
validation,765501,2026-06-27T23:40:00-07:00,765501_1782628800_H30,JEV v1.0,763616,69.30000305175781,67.94452667236328,-1.3554763793945312,1.3554763793945312,1.8373162150965072,1.9752719794994391,763616,1.3554763793945312,1.3554763793945312,0.0
validation,765501,2026-06-27T23:45:00-07:00,765501_1782629100_H30,JEV v1.0,763616,68.0,67.71965789794922,-0.28034210205078125,0.28034210205078125,0.07859169418225065,0.41311937316549996,763616,0.2803421020507812,0.2803421020507812,0.0
validation,765501,2026-06-27T23:50:00-07:00,765501_1782629400_H30,JEV v1.0,763616,67.69999694824219,67.85736083984375,0.1573638916015625,0.1573638916015625,0.024763394379988313,0.2321731450191004,763616,0.1573638916015625,0.1573638916015625,0.0
validation,765501,2026-06-27T23:55:00-07:00,765501_1782629700_H30,JEV v1.0,763616,67.9000015258789,67.83699798583984,-0.0630035400390625,0.0630035400390625,0.0039694460574537516,0.09283178470357187,763616,0.0630035400390625,0.0630035400390625,0.0
validation,769895,2026-06-03T17:30:00-07:00,769895_1780533000_H30,JEV v1.0,769880,69.9000015258789,66.526123046875,-3.3738784790039062,3.3738784790039062,11.383055991085712,4.946088536692585,769847,1.6959075927734375,3.3738784790039062,1.6779708862304688
validation,769895,2026-06-03T17:35:00-07:00,769895_1780533300_H30,JEV v1.0,769880,67.0,66.30973052978516,-0.6902694702148438,0.6902694702148438,0.47647194151068106,1.0355875183209984,769880,0.6902694702148438,0.6902694702148438,0.0
validation,769895,2026-06-03T17:40:00-07:00,769895_1780533600_H30,JEV v1.0,769880,66.0999984741211,66.53172302246094,0.43172454833984375,0.43172454833984375,0.18638608563924208,0.6510125032131275,769880,0.4317245483398437,0.4317245483398437,0.0
validation,769895,2026-06-03T17:45:00-07:00,769895_1780533900_H30,JEV v1.0,769847,66.0,68.17552947998047,2.1755294799804688,2.1755294799804688,4.732928518264089,3.24281107322332,769866,1.0536956787109375,2.1755294799804688,1.1218338012695312
validation,769895,2026-06-03T17:50:00-07:00,769895_1780534200_H30,JEV v1.0,769866,65.5999984741211,65.79903411865234,0.19903564453125,0.19903564453125,0.03961518779397011,0.3029484145950315,769866,0.19903564453125,0.19903564453125,0.0
validation,769895,2026-06-03T17:55:00-07:00,769895_1780534500_H30,JEV v1.0,769866,64.69999694824219,65.34207153320312,0.6420745849609375,0.6420745849609375,0.41225977265276015,0.9874874915806382,769866,0.6420745849609375,0.6420745849609375,0.0
validation,769895,2026-06-04T23:30:00-07:00,769895_1780641000_H30,JEV v1.0,769880,69.0,68.46024322509766,-0.5397567749023438,0.5397567749023438,0.2913373760529794,0.7853278276131482,769880,0.5397567749023438,0.5397567749023438,0.0
validation,769895,2026-06-04T23:35:00-07:00,769895_1780641300_H30,JEV v1.0,769880,67.4000015258789,68.1091079711914,0.7091064453125,0.7091064453125,0.5028319507837296,1.046581211715401,770385,0.391693115234375,0.7091064453125,0.317413330078125
validation,769895,2026-06-04T23:40:00-07:00,769895_1780641600_H30,JEV v1.0,769847,63.400001525878906,66.42134094238281,3.0213394165039062,3.0213394165039062,9.128491869720165,4.654611230768157,769866,2.3920211791992188,3.0213394165039062,0.6293182373046875
validation,769895,2026-06-04T23:45:00-07:00,769895_1780641900_H30,JEV v1.0,769866,61.5,65.68843078613281,4.1884307861328125,4.1884307861328125,17.54295245022513,6.586181977895055,769866,4.1884307861328125,4.1884307861328125,0.0
validation,769895,2026-06-04T23:50:00-07:00,769895_1780642200_H30,JEV v1.0,769880,59.70000076293945,67.89420318603516,8.194202423095703,8.194202423095703,67.14495335066749,12.844160792996194,769866,5.606586456298828,8.194202423095703,2.587615966796875
validation,769895,2026-06-04T23:55:00-07:00,769895_1780642500_H30,JEV v1.0,769866,66.30000305175781,64.94326782226562,-1.3567352294921875,1.3567352294921875,1.8407304829452187,2.0675120486092085,770385,0.1097946166992187,1.3567352294921875,1.2469406127929688
validation,769895,2026-06-06T07:20:00-07:00,769895_1780755600_H30,JEV v1.0,769880,71.0,63.66304016113281,-7.3369598388671875,7.3369598388671875,53.830979677150026,10.896768371788148,769847,3.0790557861328125,7.3369598388671875,4.257904052734375
validation,769895,2026-06-06T07:25:00-07:00,769895_1780755900_H30,JEV v1.0,769847,71.5999984741211,68.1019058227539,-3.4980926513671875,3.4980926513671875,12.23665219754912,5.007938358368884,769847,3.4980926513671875,3.4980926513671875,0.0
validation,769895,2026-06-06T07:30:00-07:00,769895_1780756200_H30,JEV v1.0,769847,67.80000305175781,67.35013580322266,-0.44986724853515625,0.44986724853515625,0.20238054130459204,0.6657296085936355,769847,0.4498672485351562,0.4498672485351562,0.0
validation,769895,2026-06-06T07:35:00-07:00,769895_1780756500_H30,JEV v1.0,769847,64.69999694824219,67.51806640625,2.8180694580078125,2.8180694580078125,7.941515470156446,4.262760117940068,770116,0.3459930419921875,2.8180694580078125,2.472076416015625
validation,769895,2026-06-06T07:40:00-07:00,769895_1780756800_H30,JEV v1.0,770385,63.20000076293945,65.41578674316406,2.2157859802246094,2.2157859802246094,4.909707510159933,3.445589388303534,769880,0.6638717651367188,2.2157859802246094,1.5519142150878906
validation,769895,2026-06-06T07:45:00-07:00,769895_1780757100_H30,JEV v1.0,770385,62.400001525878906,65.32074737548828,2.920745849609375,2.920745849609375,8.53075631801039,4.573643439871645,769880,0.1684761047363281,2.920745849609375,2.752269744873047
validation,769895,2026-06-12T23:30:00-07:00,769895_1781332200_H30,JEV v1.0,769847,69.0999984741211,68.34983825683594,-0.7501602172851562,0.7501602172851562,0.5627403515973128,1.0915403461639765,770385,0.51239013671875,0.7501602172851562,0.2377700805664062
validation,769895,2026-06-12T23:35:00-07:00,769895_1781332500_H30,JEV v1.0,769847,68.5999984741211,68.21595764160156,-0.38404083251953125,0.38404083251953125,0.14748736104229465,0.5613977208735953,769847,0.3840408325195312,0.3840408325195312,0.0
validation,769895,2026-06-12T23:40:00-07:00,769895_1781332800_H30,JEV v1.0,769880,70.0999984741211,67.2549819946289,-2.8450164794921875,2.8450164794921875,8.09411876858212,4.142574880168383,769847,2.233505249023437,2.8450164794921875,0.6115112304687504
validation,769895,2026-06-12T23:45:00-07:00,769895_1781333100_H30,JEV v1.0,769866,68.19999694824219,66.34320831298828,-1.8567886352539062,1.8567886352539062,3.4476640360080637,2.760137337070363,769847,0.5497207641601562,1.8567886352539065,1.3070678710937502
validation,769895,2026-06-12T23:50:00-07:00,769895_1781333400_H30,JEV v1.0,769847,65.69999694824219,67.53319549560547,1.8331985473632812,1.8331985473632812,3.3606169140548445,2.7518646066768633,769866,0.5410308837890625,1.8331985473632808,1.2921676635742183
validation,769895,2026-06-12T23:55:00-07:00,769895_1781333700_H30,JEV v1.0,769847,68.0,67.42488098144531,-0.5751190185546875,0.5751190185546875,0.330761885503307,0.8493550227106494,769880,0.2470016479492187,0.5751190185546875,0.3281173706054688
validation,769895,2026-06-17T11:15:00-07:00,769895_1781720100_H30,JEV v1.0,769880,59.09999847412109,60.59254455566406,1.4925460815429759,1.4925460815429759,2.2276938055292916,2.4939666771082414,769880,1.4925460815429688,1.4925460815429688,0.0
validation,769965,2026-06-03T17:30:00-07:00,769965_1780533000_H30,JEV v1.0,769926,40.900001525878906,27.258604049682617,-13.641397476196289,13.641397476196289,186.08772510357448,40.0283930718955,769911,2.1030349731445312,13.641397476196287,11.538362503051756
validation,769965,2026-06-03T17:35:00-07:00,769965_1780533300_H30,JEV v1.0,769926,46.29999923706055,31.588796615600582,-14.711202621459964,14.711202621459964,216.41948256965054,37.77488731605012,769867,6.391258239746094,14.71120262145996,8.319944381713865
validation,769965,2026-06-03T17:40:00-07:00,769965_1780533600_H30,JEV v1.0,770129,46.70000076293945,57.94218826293945,11.2421875,11.2421875,126.38677978515625,21.486911726942473,769911,5.899688720703125,11.2421875,5.342498779296875
validation,769965,2026-06-03T17:45:00-07:00,769965_1780533900_H30,JEV v1.0,769926,48.29999923706055,33.291343688964844,-15.008655548095703,15.008655548095703,225.25974136138393,36.78982310109579,769911,2.885944366455078,15.008655548095703,12.122711181640623
validation,769965,2026-06-03T17:50:00-07:00,769965_1780534200_H30,JEV v1.0,770129,49.79999923706055,57.67636489868164,7.876365661621094,7.876365661621094,62.03713603556389,14.656926016567974,769926,6.421836853027344,7.876365661621094,1.45452880859375
validation,769965,2026-06-03T17:55:00-07:00,769965_1780534500_H30,JEV v1.0,769926,52.20000076293945,40.73016357421875,-11.469837188720703,11.469837188720703,131.55716513576044,24.684852646301017,769911,4.758838653564453,11.469837188720703,6.71099853515625
validation,769965,2026-06-04T23:30:00-07:00,769965_1780641000_H30,JEV v1.0,770129,68.0,67.56485748291016,-0.43514251708984375,0.43514251708984375,0.18934901017928496,0.641969492624373,769926,0.2534942626953125,0.4351425170898437,0.1816482543945312
validation,769965,2026-06-04T23:35:00-07:00,769965_1780641300_H30,JEV v1.0,770129,69.30000305175781,67.36161041259766,-1.9383926391601562,1.9383926391601562,3.7573660235502757,2.8367770229521683,769926,1.320037841796875,1.938392639160156,0.618354797363281
validation,769965,2026-06-04T23:40:00-07:00,769965_1780641600_H30,JEV v1.0,769867,71.30000305175781,66.4802474975586,-4.819755554199219,4.819755554199219,23.23004360223422,6.996293735861062,769926,3.3481369018554688,4.819755554199219,1.47161865234375
validation,769965,2026-06-04T23:45:00-07:00,769965_1780641900_H30,JEV v1.0,770129,71.4000015258789,67.44011688232422,-3.9598846435546875,3.9598846435546875,15.680686390260234,5.704236873943116,769926,3.30047607421875,3.959884643554688,0.6594085693359379
validation,769965,2026-06-04T23:50:00-07:00,769965_1780642200_H30,JEV v1.0,770129,70.0,67.37230682373047,-2.6276931762695312,2.6276931762695312,6.904771428613458,3.825651935091985,769926,2.063026428222656,2.6276931762695312,0.5646667480468754
validation,769965,2026-06-04T23:55:00-07:00,769965_1780642500_H30,JEV v1.0,770129,64.80000305175781,67.41183471679688,2.6118316650390625,2.6118316650390625,6.821664646500722,3.9509800171696297,770141,0.8677291870117188,2.6118316650390625,1.7441024780273438
validation,769965,2026-06-06T07:20:00-07:00,769965_1780755600_H30,JEV v1.0,770129,68.30000305175781,68.97421264648438,0.6742095947265625,0.6742095947265625,0.45455857762135565,0.9822814668957363,769926,0.04083251953125,0.6742095947265625,0.6333770751953125
validation,769965,2026-06-06T07:25:00-07:00,769965_1780755900_H30,JEV v1.0,770129,70.9000015258789,68.6545639038086,-2.2454376220703125,2.2454376220703125,5.0419901146087795,3.218006661504184,769867,1.7569351196289062,2.2454376220703125,0.4885025024414062
validation,769965,2026-06-06T07:30:00-07:00,769965_1780756200_H30,JEV v1.0,770129,72.0999984741211,68.92127227783203,-3.1787261962890625,3.1787261962890625,10.104300230974331,4.508151368653414,770129,3.1787261962890625,3.1787261962890625,0.0
validation,769965,2026-06-06T07:35:00-07:00,769965_1780756500_H30,JEV v1.0,769926,69.9000015258789,68.46817779541016,-1.43182373046875,1.43182373046875,2.0501191951334476,2.069585257454531,770129,0.8619461059570312,1.43182373046875,0.5698776245117188
validation,769965,2026-06-06T07:40:00-07:00,769965_1780756800_H30,JEV v1.0,770129,67.30000305175781,68.48401641845703,1.1840133666992188,1.1840133666992188,1.4018876525224186,1.7439656928687572,769867,0.5607376098632812,1.1840133666992188,0.6232757568359375
validation,769965,2026-06-06T07:45:00-07:00,769965_1780757100_H30,JEV v1.0,770129,64.9000015258789,68.63172149658203,3.731719970703125,3.731719970703125,13.925733939744532,5.58926352224049,769867,3.4769821166992188,3.731719970703125,0.2547378540039062
validation,769965,2026-06-12T23:30:00-07:00,769965_1781332200_H30,JEV v1.0,770129,67.5999984741211,67.91315460205078,0.3131561279296875,0.3131561279296875,0.0980667604599148,0.46217819969515667,769867,0.0236358642578125,0.3131561279296875,0.289520263671875
validation,769965,2026-06-12T23:35:00-07:00,769965_1781332500_H30,JEV v1.0,770129,66.0999984741211,67.4648208618164,1.3648223876953125,1.3648223876953125,1.862740149954334,2.043685431931192,769867,0.67138671875,1.3648223876953125,0.6934356689453125
validation,769965,2026-06-12T23:40:00-07:00,769965_1781332800_H30,JEV v1.0,770129,66.4000015258789,66.89100646972656,0.49100494384765625,0.49100494384765625,0.24108585488284007,0.7367412814225818,769867,0.051177978515625,0.4910049438476562,0.4398269653320312
validation,769965,2026-06-12T23:45:00-07:00,769965_1781333100_H30,JEV v1.0,770129,67.0999984741211,66.51334381103516,-0.5866546630859375,0.5866546630859375,0.34416369372047484,0.8781378396226566,769911,0.1507339477539062,0.5866546630859375,0.4359207153320313
validation,769965,2026-06-12T23:50:00-07:00,769965_1781333400_H30,JEV v1.0,770129,62.5,66.35274505615234,3.8527450561523438,3.8527450561523438,14.843644467706326,5.980074424604607,769926,2.9699859619140625,3.852745056152344,0.8827590942382817
validation,769965,2026-06-12T23:55:00-07:00,769965_1781333700_H30,JEV v1.0,770129,65.19999694824219,66.26205444335938,1.0620574951171875,1.0620574951171875,1.1279661229345948,1.6157628392313719,769926,0.4486770629882812,1.0620574951171875,0.6133804321289062
validation,769965,2026-06-17T11:15:00-07:00,769965_1781720100_H30,JEV v1.0,770129,57.79999923706055,60.65171432495117,2.851715087890625,2.851715087890625,8.132278942503035,4.814983216469523,769867,2.5934715270996094,2.851715087890625,0.2582435607910156
validation,775511,2026-06-06T23:30:00-07:00,775511_1780813800_H30,JEV v1.0,764311,66.5,69.26270294189453,2.7627029418945312,2.7627029418945312,7.632527545152698,4.069899702464601,764283,0.1591796875,2.7627029418945312,2.6035232543945312
validation,775511,2026-06-06T23:35:00-07:00,775511_1780814100_H30,JEV v1.0,764297,65.80000305175781,68.83140563964844,3.031402587890625,3.031402587890625,9.189401649869978,4.503262046856699,764283,0.2073211669921875,3.031402587890625,2.824081420898437
validation,775511,2026-06-06T23:40:00-07:00,775511_1780814400_H30,JEV v1.0,764297,65.30000305175781,68.25078582763672,2.9507827758789062,2.9507827758789062,8.707118990423623,4.418967163793886,764283,0.0472946166992187,2.9507827758789062,2.9034881591796875
validation,775511,2026-06-06T23:45:00-07:00,775511_1780814700_H30,JEV v1.0,764311,64.9000015258789,69.2987289428711,4.3987274169921875,4.3987274169921875,19.34880288899876,6.555542468769895,764283,0.042236328125,4.398727416992188,4.356491088867188
validation,775511,2026-06-06T23:50:00-07:00,775511_1780815000_H30,JEV v1.0,764311,64.0999984741211,69.23975372314453,5.1397552490234375,5.1397552490234375,26.417084019863978,7.709261680452604,764283,0.7138442993164062,5.1397552490234375,4.425910949707031
validation,775511,2026-06-06T23:55:00-07:00,775511_1780815300_H30,JEV v1.0,764311,63.20000076293945,69.13899230957031,5.938991546630859,5.938991546630859,35.27162059095281,8.975421927987197,764283,1.6687049865722656,5.938991546630859,4.270286560058594
validation,775511,2026-06-08T23:30:00-07:00,775511_1780986600_H30,JEV v1.0,764311,69.9000015258789,67.92859649658203,-1.971405029296875,1.971405029296875,3.8864377895370126,2.8606617832277457,764311,1.971405029296875,1.971405029296875,0.0
validation,775511,2026-06-08T23:35:00-07:00,775511_1780986900_H30,JEV v1.0,764297,67.5999984741211,64.72554016113281,-2.8744583129882812,2.8744583129882812,8.262510593107436,4.344525359067531,764311,0.534027099609375,2.874458312988281,2.340431213378906
validation,775511,2026-06-08T23:40:00-07:00,775511_1780987200_H30,JEV v1.0,764297,67.5,66.41443634033203,-1.0855636596679688,1.0855636596679688,1.1784484591917135,1.621279499400206,764311,0.3541488647460937,1.0855636596679688,0.731414794921875
validation,775511,2026-06-08T23:45:00-07:00,775511_1780987500_H30,JEV v1.0,764311,67.0999984741211,67.841552734375,0.7415542602539062,0.7415542602539062,0.5499027209007181,1.0990747447578524,764311,0.7415542602539062,0.7415542602539062,0.0
validation,775511,2026-06-08T23:50:00-07:00,775511_1780987800_H30,JEV v1.0,764311,67.80000305175781,67.68672943115234,-0.11327362060546875,0.11327362060546875,0.012830913125071675,0.16720990711574976,764311,0.1132736206054687,0.1132736206054687,0.0
validation,775511,2026-06-08T23:55:00-07:00,775511_1780988100_H30,JEV v1.0,764311,66.5999984741211,67.71068572998047,1.110687255859375,1.110687255859375,1.2336261803284287,1.653907511783667,764283,0.3416671752929687,1.110687255859375,0.7690200805664062
validation,775511,2026-06-10T23:30:00-07:00,775511_1781159400_H30,JEV v1.0,764311,69.19999694824219,68.63562774658203,-0.5643692016601562,0.5643692016601562,0.3185125957825221,0.8189017880031991,764322,0.0645523071289062,0.5643692016601562,0.49981689453125
validation,775511,2026-06-10T23:35:00-07:00,775511_1781159700_H30,JEV v1.0,764297,69.69999694824219,68.43022918701172,-1.2697677612304688,1.2697677612304688,1.6123101674602367,1.8385081782094541,764311,1.0601654052734375,1.2697677612304688,0.2096023559570312
validation,775511,2026-06-10T23:40:00-07:00,775511_1781160000_H30,JEV v1.0,764311,68.5999984741211,68.02469635009766,-0.5753021240234375,0.5753021240234375,0.33097253390587866,0.8421641791080302,764297,0.2941131591796875,0.5753021240234375,0.28118896484375
validation,775511,2026-06-10T23:45:00-07:00,775511_1781160300_H30,JEV v1.0,764311,68.80000305175781,68.23181915283203,-0.5681838989257812,0.5681838989257812,0.3228329429985024,0.829272917251458,764297,0.5332565307617188,0.5681838989257812,0.0349273681640625
validation,775511,2026-06-10T23:50:00-07:00,775511_1781160600_H30,JEV v1.0,764311,68.0999984741211,68.4249267578125,0.32492828369140625,0.32492828369140625,0.10557838954264298,0.4759984753837641,764297,0.119476318359375,0.3249282836914062,0.2054519653320312
validation,775511,2026-06-10T23:55:00-07:00,775511_1781160900_H30,JEV v1.0,764311,68.80000305175781,68.2540283203125,-0.5459747314453125,0.5459747314453125,0.2980884073767811,0.7967291760713996,764297,0.511199951171875,0.5459747314453125,0.0347747802734375
validation,775511,2026-06-23T23:30:00-07:00,775511_1782282600_H30,JEV v1.0,764311,68.69999694824219,68.61463165283203,-0.08536529541015625,0.08536529541015625,0.007287233660463244,0.12433532487857861,764311,0.0853652954101562,0.0853652954101562,0.0
validation,775511,2026-06-23T23:35:00-07:00,775511_1782282900_H30,JEV v1.0,764311,68.5999984741211,68.49124908447266,-0.1087493896484375,0.1087493896484375,0.011826429748907685,0.158652562861381,764311,0.1087493896484375,0.1087493896484375,0.0
validation,775511,2026-06-23T23:40:00-07:00,775511_1782283200_H30,JEV v1.0,764311,67.80000305175781,68.13737487792969,0.337371826171875,0.337371826171875,0.11381974909454584,0.4963635886291111,764311,0.337371826171875,0.337371826171875,0.0
validation,775511,2026-06-23T23:45:00-07:00,775511_1782283500_H30,JEV v1.0,764311,66.0,67.87901306152344,1.8790130615234375,1.8790130615234375,3.5306900853756815,2.8070315197570044,764297,0.646728515625,1.8790130615234373,1.2322845458984373
validation,775511,2026-06-23T23:50:00-07:00,775511_1782283800_H30,JEV v1.0,764311,66.19999694824219,67.98848724365234,1.7884902954101562,1.7884902954101562,3.198697536776308,2.6656389970459067,764297,0.0592880249023437,1.7884902954101562,1.7292022705078125
validation,775511,2026-06-23T23:55:00-07:00,775511_1782284100_H30,JEV v1.0,764311,66.4000015258789,67.91571807861328,1.515716552734375,1.515716552734375,2.2973966682329774,2.256945867412756,764297,0.18756103515625,1.515716552734375,1.328155517578125
validation,775511,2026-06-26T23:30:00-07:00,775511_1782541800_H30,JEV v1.0,764311,69.0999984741211,69.6294174194336,0.5294189453125,0.5294189453125,0.28028441965579987,0.76323963174835,764297,0.2876434326171875,0.5294189453125,0.2417755126953125
validation,775511,2026-06-26T23:35:00-07:00,775511_1782542100_H30,JEV v1.0,764311,69.0,69.77262878417969,0.7726287841796875,0.7726287841796875,0.5969552381429821,1.1135175363921344,764322,0.3212966918945312,0.7726287841796875,0.4513320922851563
validation,775511,2026-06-26T23:40:00-07:00,775511_1782542400_H30,JEV v1.0,764311,70.4000015258789,69.22846221923828,-1.171539306640625,1.171539306640625,1.3725043470039964,1.678080911050902,764297,1.08441162109375,1.171539306640625,0.087127685546875
validation,775511,2026-06-26T23:45:00-07:00,775511_1782542700_H30,JEV v1.0,764311,69.5,69.17617797851562,-0.323822021484375,0.323822021484375,0.10486070159822702,0.4670189557711178,764311,0.323822021484375,0.323822021484375,0.0
validation,775511,2026-06-26T23:50:00-07:00,775511_1782543000_H30,JEV v1.0,764311,70.0999984741211,69.06038665771484,-1.03961181640625,1.03961181640625,1.0807927288115025,1.4941203388460798,764311,1.03961181640625,1.03961181640625,0.0
validation,775511,2026-06-26T23:55:00-07:00,775511_1782543300_H30,JEV v1.0,764311,69.30000305175781,69.15789031982422,-0.14211273193359375,0.14211273193359375,0.020196028577629477,0.205279348755952,764311,0.1421127319335937,0.1421127319335937,0.0
validation,775536,2026-06-02T23:30:00-07:00,775536_1780468200_H30,JEV v1.0,768701,68.5999984741211,64.6980209350586,-3.9019775390625,3.9019775390625,15.225428715348244,5.8545168594173465,759870,3.895332336425781,3.9019775390625,0.0066452026367191
validation,775536,2026-06-02T23:35:00-07:00,775536_1780468500_H30,JEV v1.0,768701,63.0,63.65107345581055,0.6510734558105469,0.6510734558105469,0.42389664486108813,1.0281372797002382,759870,0.1459884643554687,0.6510734558105469,0.5050849914550781
validation,775536,2026-06-02T23:40:00-07:00,775536_1780468800_H30,JEV v1.0,774344,60.79999923706055,62.87905502319336,2.0790557861328125,2.0790557861328125,4.322472961852327,3.3620175732389312,759870,1.9369964599609373,2.0790557861328125,0.1420593261718752
validation,775536,2026-06-02T23:45:00-07:00,775536_1780469100_H30,JEV v1.0,768701,57.20000076293945,63.27784729003906,6.077846527099609,6.077846527099609,36.94021840697678,10.089566795680355,774344,5.827373504638672,6.077846527099609,0.2504730224609375
validation,775536,2026-06-02T23:50:00-07:00,775536_1780469400_H30,JEV v1.0,774344,56.59999847412109,62.94687271118164,6.346874237060554,6.346874237060554,40.28281258106299,10.618218814161242,774344,6.346874237060547,6.346874237060547,0.0
validation,775536,2026-06-02T23:55:00-07:00,775536_1780469700_H30,JEV v1.0,768701,53.59999847412109,63.08964157104492,9.489643096923835,9.489643096923835,90.05332610699419,16.264756686072527,774344,9.152359008789062,9.489643096923828,0.3372840881347656
validation,775536,2026-06-03T19:05:00-07:00,775536_1780538700_H30,JEV v1.0,768701,67.5999984741211,55.7657470703125,-11.834251403808594,11.834251403808594,140.04950628854567,19.18563577864162,718405,4.34954833984375,11.834251403808594,7.484703063964844
validation,775536,2026-06-03T19:10:00-07:00,775536_1780539000_H30,JEV v1.0,768701,64.69999694824219,58.54830551147461,-6.151691436767578,6.151691436767578,37.84330753319955,9.982598160108928,718405,0.4546356201171875,6.151691436767578,5.697055816650391
validation,775536,2026-06-03T19:15:00-07:00,775536_1780539300_H30,JEV v1.0,768701,62.20000076293945,58.68287658691406,-3.5171241760253906,3.5171241760253906,12.370162469582283,5.81906093573698,774344,0.8779869079589844,3.51712417602539,2.639137268066406
validation,775536,2026-06-03T19:20:00-07:00,775536_1780539600_H30,JEV v1.0,768701,57.59999847412109,58.93691253662109,1.3369140625,1.3369140625,1.787339210510254,2.2944044756853788,759870,0.9929847717285156,1.3369140625,0.3439292907714844
validation,775536,2026-06-03T19:25:00-07:00,775536_1780539900_H30,JEV v1.0,768701,56.29999923706055,61.51699447631836,5.2169952392578125,5.2169952392578125,27.21703932643868,8.856099668726973,759870,2.236003875732422,5.2169952392578125,2.98099136352539
validation,775536,2026-06-03T19:30:00-07:00,775536_1780540200_H30,JEV v1.0,768701,58.29999923706055,59.22162628173828,0.9216270446777344,0.9216270446777344,0.8493964094814146,1.5684382049125407,759870,0.7783393859863281,0.9216270446777344,0.1432876586914062
validation,775536,2026-06-06T23:30:00-07:00,775536_1780813800_H30,JEV v1.0,768701,68.5999984741211,62.78094100952149,-5.819057464599602,5.819057464599602,33.86142977631235,8.858297776189382,718405,2.637031555175781,5.819057464599609,3.182025909423829
validation,775536,2026-06-06T23:35:00-07:00,775536_1780814100_H30,JEV v1.0,768701,66.5,62.30391693115234,-4.196083068847663,4.196083068847663,17.607113120670025,6.515458747288314,718405,0.698974609375,4.196083068847656,3.497108459472656
validation,775536,2026-06-06T23:40:00-07:00,775536_1780814400_H30,JEV v1.0,768701,64.0,62.388301849365234,-1.6116981506347656,1.6116981506347656,2.5975709287595237,2.5503913167592,774344,1.2070159912109375,1.6116981506347656,0.4046821594238281
validation,775536,2026-06-06T23:45:00-07:00,775536_1780814700_H30,JEV v1.0,768701,61.400001525878906,62.24273681640625,0.8427352905273438,0.8427352905273438,0.7102027699002065,1.3631779674411222,768701,0.8427352905273438,0.8427352905273438,0.0
validation,775536,2026-06-06T23:50:00-07:00,775536_1780815000_H30,JEV v1.0,768701,55.70000076293945,62.25313568115234,6.5531349182128835,6.5531349182128835,42.943577256300976,11.111421129122542,759870,6.500274658203125,6.553134918212891,0.0528602600097656
validation,775536,2026-06-06T23:55:00-07:00,775536_1780815300_H30,JEV v1.0,768701,54.900001525878906,62.42211151123047,7.5221099853515625,7.5221099853515625,56.582138631725684,12.823004507014414,768701,7.522109985351562,7.522109985351562,0.0
validation,775536,2026-06-10T23:30:00-07:00,775536_1781159400_H30,JEV v1.0,768701,68.5999984741211,64.32022094726562,-4.279777526855469,4.279777526855469,18.316495679377113,6.439618461792525,718405,3.2161865234375,4.279777526855469,1.0635910034179688
validation,775536,2026-06-10T23:35:00-07:00,775536_1781159700_H30,JEV v1.0,768701,62.70000076293945,63.07558822631836,0.37558746337890625,0.37558746337890625,0.14106594264740124,0.5972342700375872,774344,0.1846847534179687,0.3755874633789062,0.1909027099609375
validation,775536,2026-06-10T23:40:00-07:00,775536_1781160000_H30,JEV v1.0,768701,59.400001525878906,62.974571228027344,3.5745697021484375,3.5745697021484375,12.77754855551757,5.842013732912938,759870,2.662708282470703,3.574569702148437,0.911861419677734
validation,775536,2026-06-10T23:45:00-07:00,775536_1781160300_H30,JEV v1.0,768701,56.20000076293945,62.1420783996582,5.94207763671875,5.94207763671875,35.308286640793085,10.042205830004939,768701,5.94207763671875,5.94207763671875,0.0
validation,775536,2026-06-10T23:50:00-07:00,775536_1781160600_H30,JEV v1.0,768701,50.900001525878906,62.07301330566406,11.173011779785156,11.173011779785156,124.83619223121786,19.779965503347327,759870,10.151618957519531,11.173011779785156,1.021392822265625
validation,775536,2026-06-10T23:55:00-07:00,775536_1781160900_H30,JEV v1.0,768701,48.5,61.84056854248047,13.340568542480469,13.340568542480469,177.97076903661946,24.18071358122622,768701,13.340568542480469,13.340568542480469,0.0
validation,775536,2026-06-17T11:15:00-07:00,775536_1781720100_H30,JEV v1.0,718405,66.9000015258789,57.80604934692383,-9.093952178955078,9.093952178955078,82.69996623312181,14.584620461291962,768701,2.58099365234375,9.093952178955078,6.512958526611328
validation,775536,2026-06-18T23:30:00-07:00,775536_1781850600_H30,JEV v1.0,768701,72.19999694824219,64.35930633544922,-7.840690612792969,7.840690612792969,61.47642928553978,11.483202340434511,718405,5.707443237304688,7.840690612792969,2.1332473754882804
validation,775536,2026-06-18T23:35:00-07:00,775536_1781850900_H30,JEV v1.0,768701,69.69999694824219,63.947265625,-5.7527313232421875,5.7527313232421875,33.09391767741181,8.60882769977485,718405,3.5247573852539062,5.752731323242188,2.227973937988282
validation,775536,2026-06-18T23:40:00-07:00,775536_1781851200_H30,JEV v1.0,768701,69.19999694824219,63.84556579589844,-5.35443115234375,5.35443115234375,28.66993296518922,8.04901869954993,718405,3.705757141113281,5.35443115234375,1.6486740112304692
validation,775536,2026-06-18T23:45:00-07:00,775536_1781851500_H30,JEV v1.0,768701,62.900001525878906,63.79957580566406,0.8995742797851562,0.8995742797851562,0.8092338848509826,1.4200114816975669,759870,0.84869384765625,0.8995742797851562,0.0508804321289062
validation,775536,2026-06-18T23:50:00-07:00,775536_1781851800_H30,JEV v1.0,768701,65.4000015258789,63.6279296875,-1.7720718383789062,1.7720718383789062,3.1402386003755964,2.746803437023786,718405,1.6835861206054688,1.7720718383789062,0.0884857177734375
validation,775536,2026-06-18T23:55:00-07:00,775536_1781852100_H30,JEV v1.0,768701,66.5,63.31818771362305,-3.181812286376953,3.181812286376953,10.123929425739334,4.90195144132843,774344,2.628082275390625,3.181812286376953,0.5537300109863281
validation,775536,2026-06-22T23:30:00-07:00,775536_1782196200_H30,JEV v1.0,768701,69.30000305175781,63.6805534362793,-5.619449615478516,5.619449615478516,31.578213980901637,8.45153565547962,718405,4.532600402832031,5.619449615478516,1.0868492126464844
validation,775536,2026-06-22T23:35:00-07:00,775536_1782196500_H30,JEV v1.0,768701,72.19999694824219,62.24627685546875,-9.953720092773438,9.953720092773438,99.07654368528165,14.80698532898094,718405,7.443389892578125,9.953720092773438,2.5103302001953125
validation,775536,2026-06-22T23:40:00-07:00,775536_1782196800_H30,JEV v1.0,768701,71.5999984741211,62.12102508544922,-9.478973388671875,9.478973388671875,89.85093650314957,14.177237154579478,718405,7.09967041015625,9.478973388671877,2.3793029785156268
validation,775536,2026-06-22T23:45:00-07:00,775536_1782197100_H30,JEV v1.0,768701,72.0,62.82499313354492,-9.175006866455078,9.175006866455078,84.18075099949783,13.610246268384305,718405,7.487525939941406,9.175006866455078,1.687480926513672
validation,775536,2026-06-22T23:50:00-07:00,775536_1782197400_H30,JEV v1.0,768701,69.19999694824219,61.78320693969727,-7.416790008544915,7.416790008544915,55.008774030851676,11.324795442118292,718405,4.67864990234375,7.416790008544922,2.738140106201172
validation,775536,2026-06-22T23:55:00-07:00,775536_1782197700_H30,JEV v1.0,768701,67.30000305175781,62.75312423706055,-4.546878814697266,4.546878814697266,20.67410695554281,6.992340552700408,718405,2.8359146118164062,4.546878814697266,1.7109642028808594
validation,775536,2026-06-26T23:30:00-07:00,775536_1782541800_H30,JEV v1.0,768701,57.70000076293945,64.390625,6.690624237060547,6.690624237060547,44.764452681542025,10.960094831934276,768701,6.690624237060547,6.690624237060547,0.0
validation,775536,2026-06-26T23:35:00-07:00,775536_1782542100_H30,JEV v1.0,768701,58.70000076293945,64.0419692993164,5.341968536376953,5.341968536376953,28.536627843641327,8.704387733300221,768701,5.341968536376953,5.341968536376953,0.0
validation,775536,2026-06-26T23:40:00-07:00,775536_1782542400_H30,JEV v1.0,774344,57.5,64.73798370361328,7.237983703613281,7.237983703613281,52.38840809377143,11.842446063166044,768701,6.455196380615234,7.237983703613281,0.7827873229980469
validation,775536,2026-06-26T23:45:00-07:00,775536_1782542700_H30,JEV v1.0,768701,60.29999923706055,63.47299575805664,3.1729965209960938,3.1729965209960938,10.067906922253314,5.127122431651033,759870,2.760845184326172,3.1729965209960938,0.4121513366699219
validation,775536,2026-06-26T23:50:00-07:00,775536_1782543000_H30,JEV v1.0,768701,58.20000076293945,63.03872299194336,4.838722229003906,4.838722229003906,23.41323280945653,7.982139763984988,759870,4.496604919433594,4.838722229003906,0.3421173095703125
validation,775536,2026-06-26T23:55:00-07:00,775536_1782543300_H30,JEV v1.0,768701,56.20000076293945,63.13329315185547,6.933292388916016,6.933292388916016,48.07054335020075,11.620046850908542,759870,6.547634124755859,6.933292388916016,0.3856582641601562
validation,765501,2026-06-03T15:25:00-07:00,765501_1780525500_H30,Nearest,773773,64.30000305175781,55.03448867797852,-9.26551437377929,9.26551437377929,85.84975661071063,15.52864416956702,773773,9.265514373779297,9.265514373779297,0.0
validation,765501,2026-06-03T15:30:00-07:00,765501_1780525800_H30,Nearest,773773,64.69999694824219,54.55017852783203,-10.149818420410156,10.149818420410156,103.01881396729732,17.022731068991863,763616,7.766017913818359,10.149818420410156,2.383800506591797
validation,765501,2026-06-03T15:35:00-07:00,765501_1780526100_H30,Nearest,773773,65.5999984741211,53.9305305480957,-11.66946792602539,11.66946792602539,136.17648167653533,19.525501851044115,763616,2.32741928100586,11.66946792602539,9.342048645019531
validation,765501,2026-06-03T15:40:00-07:00,765501_1780526400_H30,Nearest,773773,66.30000305175781,54.53579330444336,-11.764209747314453,11.764209747314453,138.3966309788084,19.471398384761393,763616,5.4029083251953125,11.764209747314451,6.361301422119139
validation,765501,2026-06-03T15:45:00-07:00,765501_1780526700_H30,Nearest,773773,67.80000305175781,54.80620956420898,-12.993793487548835,12.993793487548835,168.8386691970665,21.19597874255971,763616,5.657157897949219,12.993793487548828,7.336635589599609
validation,765501,2026-06-03T15:50:00-07:00,765501_1780527000_H30,Nearest,773773,67.9000015258789,54.73823547363281,-13.161766052246094,13.161766052246094,173.23208561405772,21.464375657938753,763616,8.121150970458984,13.161766052246094,5.040615081787109
validation,765501,2026-06-06T07:20:00-07:00,765501_1780755600_H30,Nearest,773773,67.30000305175781,63.80559158325195,-3.4944114685058594,3.4944114685058594,12.210911511225277,5.330682419130446,763616,0.408782958984375,3.49441146850586,3.085628509521485
validation,765501,2026-06-06T07:25:00-07:00,765501_1780755900_H30,Nearest,773773,66.0999984741211,63.082794189453125,-3.0172042846679688,3.0172042846679688,9.103521695418749,4.671216961796875,717951,1.1006240844726562,3.0172042846679688,1.9165802001953125
validation,765501,2026-06-06T07:30:00-07:00,765501_1780756200_H30,Nearest,773773,66.0999984741211,64.23772430419922,-1.862274169921875,1.862274169921875,3.4680650839582086,2.8576134613018858,763616,0.959503173828125,1.862274169921875,0.90277099609375
validation,765501,2026-06-06T07:35:00-07:00,765501_1780756500_H30,Nearest,773773,65.4000015258789,63.90674209594727,-1.4932594299316335,1.4932594299316335,2.229823725079747,2.3096388889827186,776019,0.2828750610351562,1.4932594299316406,1.2103843688964844
validation,765501,2026-06-06T07:40:00-07:00,765501_1780756800_H30,Nearest,773773,66.0,64.49089050292969,-1.5091094970703125,1.5091094970703125,2.2774114741478115,2.312972928131817,717951,0.369842529296875,1.5091094970703125,1.1392669677734375
validation,765501,2026-06-06T07:45:00-07:00,765501_1780757100_H30,Nearest,773773,65.69999694824219,61.08891296386719,-4.611083984375,4.611083984375,21.262095510959625,7.273639234225182,776019,0.2406005859375,4.611083984375,4.3704833984375
validation,765501,2026-06-11T23:30:00-07:00,765501_1781245800_H30,Nearest,773773,69.5,63.86323928833008,-5.636760711669922,5.636760711669922,31.773071320625604,8.453244986374504,763616,1.5694046020507812,5.636760711669922,4.067356109619141
validation,765501,2026-06-11T23:35:00-07:00,765501_1781246100_H30,Nearest,773773,66.69999694824219,63.52117156982422,-3.1788253784179688,3.1788253784179688,10.104930786474142,4.882194485247577,763616,1.4680938720703125,3.1788253784179688,1.7107315063476562
validation,765501,2026-06-11T23:40:00-07:00,765501_1781246400_H30,Nearest,773773,66.19999694824219,62.65015411376953,-3.5498428344726562,3.5498428344726562,12.601384149456862,5.510032821326005,773784,1.1476974487304688,3.549842834472656,2.402145385742187
validation,765501,2026-06-11T23:45:00-07:00,765501_1781246700_H30,Nearest,773773,67.9000015258789,61.81571960449219,-6.084281921386719,6.084281921386719,37.01848649891326,9.380947538913897,763616,0.6777496337890625,6.084281921386719,5.406532287597656
validation,765501,2026-06-11T23:50:00-07:00,765501_1781247000_H30,Nearest,773773,67.0999984741211,62.19720458984375,-4.902793884277344,4.902793884277344,24.037387871707324,7.583758550342472,763616,0.0621871948242187,4.902793884277344,4.840606689453125
validation,765501,2026-06-11T23:55:00-07:00,765501_1781247300_H30,Nearest,773773,66.0,62.29836654663086,-3.7016334533691406,3.7016334533691406,13.70209022310155,5.770351601743894,763616,0.901702880859375,3.7016334533691406,2.7999305725097656
validation,765501,2026-06-15T23:30:00-07:00,765501_1781591400_H30,Nearest,773773,69.19999694824219,56.311485290527344,-12.888511657714844,12.888511657714844,166.11373275105143,20.53758162222671,773784,3.362983703613281,12.888511657714844,9.525527954101562
validation,765501,2026-06-15T23:35:00-07:00,765501_1781591700_H30,Nearest,773773,64.30000305175781,55.15315628051758,-9.146846771240234,9.146846771240234,83.6648058565479,15.314532902766278,763616,0.6665878295898438,9.146846771240234,8.48025894165039
validation,765501,2026-06-15T23:40:00-07:00,765501_1781592000_H30,Nearest,773773,61.5,55.39897918701172,-6.101020812988281,6.101020812988281,37.22245496051619,10.4381078487221,776019,0.8366851806640625,6.101020812988281,5.264335632324219
validation,765501,2026-06-15T23:45:00-07:00,765501_1781592300_H30,Nearest,773773,61.59999847412109,56.08192825317383,-5.5180702209472585,5.5180702209472585,30.449098963304927,9.377939888500668,776019,0.5329322814941406,5.518070220947266,4.985137939453125
validation,765501,2026-06-15T23:50:00-07:00,765501_1781592600_H30,Nearest,773773,62.0,56.195579528808594,-5.804420471191406,5.804420471191406,33.69129700638587,9.821721667125543,776019,0.4062042236328125,5.804420471191406,5.398216247558594
validation,765501,2026-06-15T23:55:00-07:00,765501_1781592900_H30,Nearest,773773,66.5999984741211,56.1086311340332,-10.49136734008789,10.49136734008789,110.06878866466286,17.099640486723374,763616,1.7599945068359375,10.49136734008789,8.731372833251953
validation,765501,2026-06-17T22:00:00-07:00,765501_1781758800_H30,Nearest,773773,70.5,67.03961944580078,-3.4603805541992188,3.4603805541992188,11.974233579880092,5.031830890594649,763616,3.382080078125,3.4603805541992188,0.0783004760742187
validation,765501,2026-06-17T22:05:00-07:00,765501_1781759100_H30,Nearest,773773,69.69999694824219,66.9052505493164,-2.7947463989257812,2.7947463989257812,7.810607434308622,4.091711599171432,763616,1.907066345214844,2.794746398925781,0.8876800537109368
validation,765501,2026-06-17T22:10:00-07:00,765501_1781759400_H30,Nearest,773773,70.9000015258789,64.28135681152344,-6.618644714355469,6.618644714355469,43.806457854865585,9.792244650885388,763616,3.1412353515625,6.618644714355469,3.4774093627929688
validation,765501,2026-06-17T22:15:00-07:00,765501_1781759700_H30,Nearest,773773,71.5,63.8643798828125,-7.6356201171875,7.6356201171875,58.30269457399845,11.281579492906337,763616,3.6384353637695312,7.6356201171875,3.9971847534179688
validation,765501,2026-06-17T22:20:00-07:00,765501_1781760000_H30,Nearest,773773,68.5999984741211,64.1320571899414,-4.4679412841796875,4.4679412841796875,19.962499318877235,6.732271610147351,763616,0.5210494995117188,4.467941284179688,3.9468917846679696
validation,765501,2026-06-17T22:25:00-07:00,765501_1781760300_H30,Nearest,773773,66.0999984741211,64.33950805664062,-1.7604904174804688,1.7604904174804688,3.099326510040555,2.6993208588514337,773784,0.4557647705078125,1.7604904174804688,1.3047256469726562
validation,765501,2026-06-18T23:30:00-07:00,765501_1781850600_H30,Nearest,773773,69.0999984741211,63.86323928833008,-5.236759185791016,5.236759185791016,27.42364676996658,7.8770030491614005,763616,1.1622085571289062,5.236759185791016,4.074550628662109
validation,765501,2026-06-18T23:35:00-07:00,765501_1781850900_H30,Nearest,773773,68.0,63.52117156982422,-4.478828430175781,4.478828430175781,20.059904106950853,6.810809761900479,763616,0.096710205078125,4.478828430175781,4.382118225097656
validation,765501,2026-06-18T23:40:00-07:00,765501_1781851200_H30,Nearest,773773,66.69999694824219,62.65015411376953,-4.049842834472656,4.049842834472656,16.40122698392952,6.261829259437008,763616,1.34796142578125,4.049842834472656,2.7018814086914062
validation,765501,2026-06-18T23:45:00-07:00,765501_1781851500_H30,Nearest,773773,65.5,61.81571960449219,-3.6842803955078125,3.6842803955078125,13.573922032723203,5.78762839029608,773784,0.803955078125,3.684280395507813,2.880325317382813
validation,765501,2026-06-18T23:50:00-07:00,765501_1781851800_H30,Nearest,773773,64.0999984741211,62.19720458984375,-1.9027938842773438,1.9027938842773438,3.6206245660432614,3.013200329143707,773784,1.0506591796875,1.902793884277344,0.852134704589844
validation,765501,2026-06-18T23:55:00-07:00,765501_1781852100_H30,Nearest,773773,64.5,62.29836654663086,-2.2016334533691406,2.2016334533691406,4.847189862994128,3.4726526783706055,773784,0.2287368774414062,2.2016334533691406,1.9728965759277344
validation,765501,2026-06-24T23:30:00-07:00,765501_1782369000_H30,Nearest,773773,69.4000015258789,65.09527587890625,-4.304725646972656,4.304725646972656,18.530662895704154,6.401303745425015,763616,0.7396621704101562,4.304725646972656,3.5650634765625
validation,765501,2026-06-24T23:35:00-07:00,765501_1782369300_H30,Nearest,773773,70.5999984741211,63.7568359375,-6.843162536621094,6.843162536621094,46.82887350261444,10.186549148253011,763616,2.143867492675781,6.843162536621094,4.6992950439453125
validation,765501,2026-06-24T23:40:00-07:00,765501_1782369600_H30,Nearest,773773,68.80000305175781,63.28497695922852,-5.51502609252929,5.51502609252929,30.415512801278886,8.350723981359502,763616,1.307281494140625,5.515026092529297,4.207744598388672
validation,765501,2026-06-24T23:45:00-07:00,765501_1782369900_H30,Nearest,773773,68.9000015258789,63.67932891845703,-5.220672607421875,5.220672607421875,27.25542247388512,7.875545230990698,763616,1.3118133544921875,5.220672607421875,3.908859252929688
validation,765501,2026-06-24T23:50:00-07:00,765501_1782370200_H30,Nearest,773773,69.19999694824219,63.74529266357422,-5.454704284667969,5.454704284667969,29.753798833175097,8.205938336838154,763616,1.9117431640625,5.454704284667969,3.5429611206054688
validation,765501,2026-06-24T23:55:00-07:00,765501_1782370500_H30,Nearest,773773,68.0,63.75830841064453,-4.241691589355469,4.241691589355469,17.991947539208923,6.438594436022401,763616,0.84039306640625,4.241691589355469,3.4012985229492188
validation,765501,2026-06-27T23:30:00-07:00,765501_1782628200_H30,Nearest,773773,69.19999694824219,62.80653381347656,-6.393463134765625,6.393463134765625,40.87637085560709,9.686586033949114,763616,1.0807342529296875,6.393463134765625,5.3127288818359375
validation,765501,2026-06-27T23:35:00-07:00,765501_1782628500_H30,Nearest,773773,69.0,63.31362533569336,-5.686374664306641,5.686374664306641,32.33485682286846,8.595297131196027,763616,1.0346527099609375,5.686374664306641,4.651721954345703
validation,765501,2026-06-27T23:40:00-07:00,765501_1782628800_H30,Nearest,773773,69.30000305175781,62.95870971679688,-6.34129333496093,6.34129333496093,40.212001160019916,9.589225774655329,763616,1.3554763793945312,6.3412933349609375,4.985816955566406
validation,765501,2026-06-27T23:45:00-07:00,765501_1782629100_H30,Nearest,773773,68.0,62.77876281738281,-5.2212371826171875,5.2212371826171875,27.261317717144266,7.984839480373178,763616,0.2803421020507812,5.221237182617188,4.940895080566407
validation,765501,2026-06-27T23:50:00-07:00,765501_1782629400_H30,Nearest,773773,67.69999694824219,65.93740844726562,-1.7625885009765625,1.7625885009765625,3.1067182237748057,2.6378669693125856,763616,0.1573638916015625,1.7625885009765625,1.605224609375
validation,765501,2026-06-27T23:55:00-07:00,765501_1782629700_H30,Nearest,773773,67.9000015258789,67.59587860107422,-0.3041229248046875,0.3041229248046875,0.09249075339175761,0.4489035714963748,763616,0.0630035400390625,0.3041229248046875,0.241119384765625
validation,769895,2026-06-03T17:30:00-07:00,769895_1780533000_H30,Nearest,770116,69.9000015258789,61.45845413208008,-8.441547393798828,8.441547393798828,71.25972240175179,12.85268966851455,769847,1.6959075927734375,8.441547393798828,6.745639801025391
validation,769895,2026-06-03T17:35:00-07:00,769895_1780533300_H30,Nearest,770116,67.0,61.779541015625,-5.220458984375,5.220458984375,27.253192007541656,8.107590542202106,769880,0.6902694702148438,5.220458984375,4.530189514160156
validation,769895,2026-06-03T17:40:00-07:00,769895_1780533600_H30,Nearest,770116,66.0999984741211,61.13398361206055,-4.966014862060547,4.966014862060547,24.661303610206232,7.8061139667329735,769880,0.4317245483398437,4.966014862060547,4.534290313720703
validation,769895,2026-06-03T17:45:00-07:00,769895_1780533900_H30,Nearest,770116,66.0,61.032325744628906,-4.967674255371094,4.967674255371094,24.67778750747675,7.821118265994658,769866,1.0536956787109375,4.967674255371094,3.913978576660156
validation,769895,2026-06-03T17:50:00-07:00,769895_1780534200_H30,Nearest,770116,65.5999984741211,61.42652893066406,-4.173469543457031,4.173469543457031,17.41784803016344,6.571020393720867,769866,0.19903564453125,4.173469543457031,3.974433898925781
validation,769895,2026-06-03T17:55:00-07:00,769895_1780534500_H30,Nearest,770116,64.69999694824219,61.5399055480957,-3.1600914001464844,3.1600914001464844,9.986177657279768,5.006485766583553,769866,0.6420745849609375,3.1600914001464844,2.518016815185547
validation,769895,2026-06-04T23:30:00-07:00,769895_1780641000_H30,Nearest,770116,69.0,66.37711334228516,-2.6228866577148438,2.6228866577148438,6.879534419218544,3.8749336185186847,769880,0.5397567749023438,2.622886657714844,2.0831298828125004
validation,769895,2026-06-04T23:35:00-07:00,769895_1780641300_H30,Nearest,770116,67.4000015258789,66.10862731933594,-1.2913742065429688,1.2913742065429688,1.6676473413244821,1.9345179529445282,770385,0.391693115234375,1.2913742065429688,0.8996810913085938
validation,769895,2026-06-04T23:40:00-07:00,769895_1780641600_H30,Nearest,770116,63.400001525878906,65.83193969726562,2.4319381713867188,2.4319381713867188,5.914323269447777,3.7636796747780763,769866,2.3920211791992188,2.4319381713867188,0.0399169921875
validation,769895,2026-06-04T23:45:00-07:00,769895_1780641900_H30,Nearest,770116,61.5,65.76521301269531,4.2652130126953125,4.2652130126953125,18.192042043665424,6.702873280470557,769866,4.1884307861328125,4.2652130126953125,0.0767822265625
validation,769895,2026-06-04T23:50:00-07:00,769895_1780642200_H30,Nearest,770116,59.70000076293945,65.64144134521484,5.941440582275391,5.941440582275391,35.30071619270893,9.480408769745305,769866,5.606586456298828,5.941440582275391,0.3348541259765625
validation,769895,2026-06-04T23:55:00-07:00,769895_1780642500_H30,Nearest,770116,66.30000305175781,65.54678344726562,-0.7532196044921875,0.7532196044921875,0.5673397725913674,1.1425680045450732,770385,0.1097946166992187,0.7532196044921875,0.6434249877929688
validation,769895,2026-06-06T07:20:00-07:00,769895_1780755600_H30,Nearest,770116,71.0,66.50077819824219,-4.4992218017578125,4.4992218017578125,20.242996821412817,6.544285534951108,769847,3.0790557861328125,4.4992218017578125,1.420166015625
validation,769895,2026-06-06T07:25:00-07:00,769895_1780755900_H30,Nearest,770116,71.5999984741211,66.05856323242188,-5.541435241699219,5.541435241699219,30.70750453794608,8.050985180649183,769847,3.4980926513671875,5.541435241699219,2.0433425903320312
validation,769895,2026-06-06T07:30:00-07:00,769895_1780756200_H30,Nearest,770116,67.80000305175781,65.32467651367188,-2.4753265380859375,2.4753265380859375,6.127241470152512,3.718809356119859,769847,0.4498672485351562,2.475326538085937,2.025459289550781
validation,769895,2026-06-06T07:35:00-07:00,769895_1780756500_H30,Nearest,770116,64.69999694824219,65.04598999023438,0.3459930419921875,0.3459930419921875,0.11971118510700762,0.5333390997126659,770116,0.3459930419921875,0.3459930419921875,0.0
validation,769895,2026-06-06T07:40:00-07:00,769895_1780756800_H30,Nearest,770116,63.20000076293945,65.17839813232422,1.9783973693847656,1.9783973693847656,3.9140561511885608,3.0821343325650155,769880,0.6638717651367188,1.9783973693847656,1.3145256042480469
validation,769895,2026-06-06T07:45:00-07:00,769895_1780757100_H30,Nearest,770116,62.400001525878906,65.31710815429688,2.9171066284179688,2.9171066284179688,8.50951108156005,4.568074885005618,769880,0.1684761047363281,2.9171066284179688,2.7486305236816406
validation,769895,2026-06-12T23:30:00-07:00,769895_1781332200_H30,Nearest,770116,69.0999984741211,66.4026870727539,-2.6973114013671875,2.6973114013671875,7.275488795945421,3.981192506370116,770385,0.51239013671875,2.6973114013671875,2.184921264648437
validation,769895,2026-06-12T23:35:00-07:00,769895_1781332500_H30,Nearest,770116,68.5999984741211,66.19096374511719,-2.4090347290039062,2.4090347290039062,5.803448325546924,3.574475130184503,769847,0.3840408325195312,2.4090347290039062,2.024993896484375
validation,769895,2026-06-12T23:40:00-07:00,769895_1781332800_H30,Nearest,770116,70.0999984741211,65.83055114746094,-4.269447326660156,4.269447326660156,18.228180475125555,6.28180685966012,769847,2.233505249023437,4.269447326660156,2.035942077636719
validation,769895,2026-06-12T23:45:00-07:00,769895_1781333100_H30,Nearest,770116,68.19999694824219,64.88545989990234,-3.3145370483398438,3.3145370483398438,10.986155844817404,4.981065703094104,769847,0.5497207641601562,3.314537048339844,2.764816284179688
validation,769895,2026-06-12T23:50:00-07:00,769895_1781333400_H30,Nearest,770116,65.69999694824219,64.46045684814453,-1.2395401000976562,1.2395401000976562,1.5364596597501077,1.9046339412945354,769866,0.5410308837890625,1.2395401000976562,0.6985092163085938
validation,769895,2026-06-12T23:55:00-07:00,769895_1781333700_H30,Nearest,770116,68.0,64.52689361572266,-3.4731063842773438,3.4731063842773438,12.062467956508044,5.241360848826987,769880,0.2470016479492187,3.473106384277344,3.226104736328125
validation,769895,2026-06-17T11:15:00-07:00,769895_1781720100_H30,Nearest,770116,59.09999847412109,63.09743118286133,3.9974327087402415,3.9974327087402415,15.979468260906344,6.542580620964678,769880,1.4925460815429688,3.9974327087402335,2.5048866271972647
validation,769965,2026-06-03T17:30:00-07:00,769965_1780533000_H30,Nearest,770129,40.900001525878906,56.08055114746094,15.180549621582031,15.180549621582031,230.44908681331435,31.30637854000043,769911,2.1030349731445312,15.180549621582031,13.0775146484375
validation,769965,2026-06-03T17:35:00-07:00,769965_1780533300_H30,Nearest,770129,46.29999923706055,57.56181335449219,11.26181411743164,11.26181411743164,126.8284572155826,21.68614956353426,769867,6.391258239746094,11.26181411743164,4.870555877685547
validation,769965,2026-06-03T17:40:00-07:00,769965_1780533600_H30,Nearest,770129,46.70000076293945,57.94218826293945,11.2421875,11.2421875,126.38677978515625,21.486911726942473,769911,5.899688720703125,11.2421875,5.342498779296875
validation,769965,2026-06-03T17:45:00-07:00,769965_1780533900_H30,Nearest,770129,48.29999923706055,56.89311218261719,8.59311294555664,8.59311294555664,73.84159009509312,16.337786282572598,769911,2.885944366455078,8.59311294555664,5.7071685791015625
validation,769965,2026-06-03T17:50:00-07:00,769965_1780534200_H30,Nearest,770129,49.79999923706055,57.67636489868164,7.876365661621094,7.876365661621094,62.03713603556389,14.656926016567974,769926,6.421836853027344,7.876365661621094,1.45452880859375
validation,769965,2026-06-03T17:55:00-07:00,769965_1780534500_H30,Nearest,770129,52.20000076293945,57.35698699951172,5.156986236572266,5.156986236572266,26.59450704419578,9.414253339426825,769911,4.758838653564453,5.156986236572266,0.3981475830078125
validation,769965,2026-06-04T23:30:00-07:00,769965_1780641000_H30,Nearest,770129,68.0,67.56485748291016,-0.43514251708984375,0.43514251708984375,0.18934901017928496,0.641969492624373,769926,0.2534942626953125,0.4351425170898437,0.1816482543945312
validation,769965,2026-06-04T23:35:00-07:00,769965_1780641300_H30,Nearest,770129,69.30000305175781,67.36161041259766,-1.9383926391601562,1.9383926391601562,3.7573660235502757,2.8367770229521683,769926,1.320037841796875,1.938392639160156,0.618354797363281
validation,769965,2026-06-04T23:40:00-07:00,769965_1780641600_H30,Nearest,770129,71.30000305175781,67.2709732055664,-4.029029846191406,4.029029846191406,16.233081501501147,5.815113562646756,769926,3.3481369018554688,4.029029846191406,0.6808929443359375
validation,769965,2026-06-04T23:45:00-07:00,769965_1780641900_H30,Nearest,770129,71.4000015258789,67.44011688232422,-3.9598846435546875,3.9598846435546875,15.680686390260234,5.704236873943116,769926,3.30047607421875,3.959884643554688,0.6594085693359379
validation,769965,2026-06-04T23:50:00-07:00,769965_1780642200_H30,Nearest,770129,70.0,67.37230682373047,-2.6276931762695312,2.6276931762695312,6.904771428613458,3.825651935091985,769926,2.063026428222656,2.6276931762695312,0.5646667480468754
validation,769965,2026-06-04T23:55:00-07:00,769965_1780642500_H30,Nearest,770129,64.80000305175781,67.41183471679688,2.6118316650390625,2.6118316650390625,6.821664646500722,3.9509800171696297,770141,0.8677291870117188,2.6118316650390625,1.7441024780273438
validation,769965,2026-06-06T07:20:00-07:00,769965_1780755600_H30,Nearest,770129,68.30000305175781,68.97421264648438,0.6742095947265625,0.6742095947265625,0.45455857762135565,0.9822814668957363,769926,0.04083251953125,0.6742095947265625,0.6333770751953125
validation,769965,2026-06-06T07:25:00-07:00,769965_1780755900_H30,Nearest,770129,70.9000015258789,68.6545639038086,-2.2454376220703125,2.2454376220703125,5.0419901146087795,3.218006661504184,769867,1.7569351196289062,2.2454376220703125,0.4885025024414062
validation,769965,2026-06-06T07:30:00-07:00,769965_1780756200_H30,Nearest,770129,72.0999984741211,68.92127227783203,-3.1787261962890625,3.1787261962890625,10.104300230974331,4.508151368653414,770129,3.1787261962890625,3.1787261962890625,0.0
validation,769965,2026-06-06T07:35:00-07:00,769965_1780756500_H30,Nearest,770129,69.9000015258789,69.03805541992188,-0.8619461059570312,0.8619461059570312,0.7429510895744897,1.2407631410729423,770129,0.8619461059570312,0.8619461059570312,0.0
validation,769965,2026-06-06T07:40:00-07:00,769965_1780756800_H30,Nearest,770129,67.30000305175781,68.48401641845703,1.1840133666992188,1.1840133666992188,1.4018876525224186,1.7439656928687572,769867,0.5607376098632812,1.1840133666992188,0.6232757568359375
validation,769965,2026-06-06T07:45:00-07:00,769965_1780757100_H30,Nearest,770129,64.9000015258789,68.63172149658203,3.731719970703125,3.731719970703125,13.925733939744532,5.58926352224049,769867,3.4769821166992188,3.731719970703125,0.2547378540039062
validation,769965,2026-06-12T23:30:00-07:00,769965_1781332200_H30,Nearest,770129,67.5999984741211,67.91315460205078,0.3131561279296875,0.3131561279296875,0.0980667604599148,0.46217819969515667,769867,0.0236358642578125,0.3131561279296875,0.289520263671875
validation,769965,2026-06-12T23:35:00-07:00,769965_1781332500_H30,Nearest,770129,66.0999984741211,67.4648208618164,1.3648223876953125,1.3648223876953125,1.862740149954334,2.043685431931192,769867,0.67138671875,1.3648223876953125,0.6934356689453125
validation,769965,2026-06-12T23:40:00-07:00,769965_1781332800_H30,Nearest,770129,66.4000015258789,66.89100646972656,0.49100494384765625,0.49100494384765625,0.24108585488284007,0.7367412814225818,769867,0.051177978515625,0.4910049438476562,0.4398269653320312
validation,769965,2026-06-12T23:45:00-07:00,769965_1781333100_H30,Nearest,770129,67.0999984741211,66.51334381103516,-0.5866546630859375,0.5866546630859375,0.34416369372047484,0.8781378396226566,769911,0.1507339477539062,0.5866546630859375,0.4359207153320313
validation,769965,2026-06-12T23:50:00-07:00,769965_1781333400_H30,Nearest,770129,62.5,66.35274505615234,3.8527450561523438,3.8527450561523438,14.843644467706326,5.980074424604607,769926,2.9699859619140625,3.852745056152344,0.8827590942382817
validation,769965,2026-06-12T23:55:00-07:00,769965_1781333700_H30,Nearest,770129,65.19999694824219,66.26205444335938,1.0620574951171875,1.0620574951171875,1.1279661229345948,1.6157628392313719,769926,0.4486770629882812,1.0620574951171875,0.6133804321289062
validation,769965,2026-06-17T11:15:00-07:00,769965_1781720100_H30,Nearest,770129,57.79999923706055,60.65171432495117,2.851715087890625,2.851715087890625,8.132278942503035,4.814983216469523,769867,2.5934715270996094,2.851715087890625,0.2582435607910156
validation,775511,2026-06-06T23:30:00-07:00,775511_1780813800_H30,Nearest,764283,66.5,66.3408203125,-0.1591796875,0.1591796875,0.025338172912597656,0.23965477769147395,764283,0.1591796875,0.1591796875,0.0
validation,775511,2026-06-06T23:35:00-07:00,775511_1780814100_H30,Nearest,764283,65.80000305175781,66.00732421875,0.2073211669921875,0.2073211669921875,0.042982066283002496,0.3145821551995999,764283,0.2073211669921875,0.2073211669921875,0.0
validation,775511,2026-06-06T23:40:00-07:00,775511_1780814400_H30,Nearest,764283,65.30000305175781,65.2527084350586,-0.04729461669921875,0.04729461669921875,0.002236780768726021,0.07245290549439132,764283,0.0472946166992187,0.0472946166992187,0.0
validation,775511,2026-06-06T23:45:00-07:00,775511_1780814700_H30,Nearest,764283,64.9000015258789,64.8577651977539,-0.042236328125,0.042236328125,0.001783907413482666,0.06510026931868602,764283,0.042236328125,0.042236328125,0.0
validation,775511,2026-06-06T23:50:00-07:00,775511_1780815000_H30,Nearest,764283,64.0999984741211,64.8138427734375,0.7138442993164062,0.7138442993164062,0.509573683666531,1.1074750187735176,764283,0.7138442993164062,0.7138442993164062,0.0
validation,775511,2026-06-06T23:55:00-07:00,775511_1780815300_H30,Nearest,764283,63.20000076293945,64.86870574951172,1.6687049865722656,1.6687049865722656,2.784576332211145,2.6059527248840704,764283,1.6687049865722656,1.6687049865722656,0.0
validation,775511,2026-06-08T23:30:00-07:00,775511_1780986600_H30,Nearest,764283,69.9000015258789,66.94768524169922,-2.9523162841796875,2.9523162841796875,8.716171441832557,4.314747778850157,764311,1.971405029296875,2.9523162841796875,0.9809112548828124
validation,775511,2026-06-08T23:35:00-07:00,775511_1780986900_H30,Nearest,764283,67.5999984741211,66.52688598632812,-1.0731124877929688,1.0731124877929688,1.1515704114572145,1.60014524173739,764311,0.534027099609375,1.0731124877929688,0.5390853881835938
validation,775511,2026-06-08T23:40:00-07:00,775511_1780987200_H30,Nearest,764283,67.5,66.31095123291016,-1.1890487670898438,1.1890487670898438,1.4138369705178775,1.7772069434498845,764311,0.3541488647460937,1.1890487670898438,0.83489990234375
validation,775511,2026-06-08T23:45:00-07:00,775511_1780987500_H30,Nearest,764283,67.0999984741211,66.12049865722656,-0.9794998168945312,0.9794998168945312,0.9594198912964202,1.4704941516264283,764311,0.7415542602539062,0.9794998168945312,0.237945556640625
validation,775511,2026-06-08T23:50:00-07:00,775511_1780987800_H30,Nearest,764283,67.80000305175781,66.21289825439453,-1.5871047973632812,1.5871047973632812,2.518901637813542,2.3685850691264667,764311,0.1132736206054687,1.5871047973632812,1.4738311767578125
validation,775511,2026-06-08T23:55:00-07:00,775511_1780988100_H30,Nearest,764283,66.5999984741211,66.25833129882812,-0.34166717529296875,0.34166717529296875,0.11673645867267624,0.5143330844294098,764283,0.3416671752929687,0.3416671752929687,0.0
validation,775511,2026-06-10T23:30:00-07:00,775511_1781159400_H30,Nearest,764283,69.19999694824219,68.04183197021484,-1.1581649780273438,1.1581649780273438,1.3413461163290776,1.6877725671764559,764322,0.0645523071289062,1.1581649780273438,1.0936126708984375
validation,775511,2026-06-10T23:35:00-07:00,775511_1781159700_H30,Nearest,764283,69.69999694824219,67.72064971923828,-1.9793472290039062,1.9793472290039062,3.917815452965442,2.880712997064856,764311,1.0601654052734375,1.9793472290039065,0.919181823730469
validation,775511,2026-06-10T23:40:00-07:00,775511_1781160000_H30,Nearest,764283,68.5999984741211,67.42394256591797,-1.176055908203125,1.176055908203125,1.3831074992194772,1.7291895684907432,764297,0.2941131591796875,1.176055908203125,0.8819427490234375
validation,775511,2026-06-10T23:45:00-07:00,775511_1781160300_H30,Nearest,764283,68.80000305175781,67.16444396972656,-1.63555908203125,1.63555908203125,2.675053510814905,2.405862864640627,764297,0.5332565307617188,1.63555908203125,1.1023025512695312
validation,775511,2026-06-10T23:50:00-07:00,775511_1781160600_H30,Nearest,764283,68.0999984741211,67.21398162841797,-0.886016845703125,0.886016845703125,0.7850258508697152,1.3095717655837997,764297,0.119476318359375,0.886016845703125,0.76654052734375
validation,775511,2026-06-10T23:55:00-07:00,775511_1781160900_H30,Nearest,764283,68.80000305175781,67.05001831054688,-1.7499847412109375,1.7499847412109375,3.062446594471112,2.57634810915794,764297,0.511199951171875,1.7499847412109375,1.2387847900390625
validation,775511,2026-06-23T23:30:00-07:00,775511_1782282600_H30,Nearest,764283,68.69999694824219,67.7652359008789,-0.9347610473632812,0.9347610473632812,0.8737782156676985,1.3699621815718621,764311,0.0853652954101562,0.9347610473632812,0.849395751953125
validation,775511,2026-06-23T23:35:00-07:00,775511_1782282900_H30,Nearest,764283,68.5999984741211,67.42604064941406,-1.1739578247070312,1.1739578247070312,1.3781769741908647,1.7260780709941634,764311,0.1087493896484375,1.1739578247070312,1.0652084350585938
validation,775511,2026-06-23T23:40:00-07:00,775511_1782283200_H30,Nearest,764283,67.80000305175781,67.07435607910156,-0.72564697265625,0.72564697265625,0.5265635289251804,1.0760339799976872,764311,0.337371826171875,0.72564697265625,0.388275146484375
validation,775511,2026-06-23T23:45:00-07:00,775511_1782283500_H30,Nearest,764283,66.0,67.17365264892578,1.1736526489257812,1.1736526489257812,1.3774605403305031,1.76258984681727,764297,0.646728515625,1.1736526489257812,0.5269241333007812
validation,775511,2026-06-23T23:50:00-07:00,775511_1782283800_H30,Nearest,764283,66.19999694824219,66.91873931884766,0.7187423706054688,0.7187423706054688,0.516590595303569,1.0798515451110116,764297,0.0592880249023437,0.7187423706054688,0.659454345703125
validation,775511,2026-06-23T23:55:00-07:00,775511_1782284100_H30,Nearest,764283,66.4000015258789,66.75614166259766,0.35614013671875,0.35614013671875,0.12683579698204994,0.5349210716324883,764297,0.18756103515625,0.35614013671875,0.1685791015625
validation,775511,2026-06-26T23:30:00-07:00,775511_1782541800_H30,Nearest,764283,69.0999984741211,67.59425354003906,-1.5057449340820312,1.5057449340820312,2.2672678065137006,2.2030844763108677,764297,0.2876434326171875,1.5057449340820312,1.2181015014648438
validation,775511,2026-06-26T23:35:00-07:00,775511_1782542100_H30,Nearest,764283,69.0,67.25285339355469,-1.7471466064453125,1.7471466064453125,3.0525212644133717,2.5645651450337024,764322,0.3212966918945312,1.7471466064453125,1.4258499145507812
validation,775511,2026-06-26T23:40:00-07:00,775511_1782542400_H30,Nearest,764283,70.4000015258789,66.9504165649414,-3.4495849609375,3.4495849609375,11.899636402726173,5.023042497826713,764297,1.08441162109375,3.4495849609375,2.36517333984375
validation,775511,2026-06-26T23:45:00-07:00,775511_1782542700_H30,Nearest,764283,69.5,66.85216522216797,-2.6478347778320312,2.6478347778320312,7.011029010696802,3.883817692368351,764311,0.323822021484375,2.6478347778320312,2.324012756347656
validation,775511,2026-06-26T23:50:00-07:00,775511_1782543000_H30,Nearest,764283,70.0999984741211,66.4754409790039,-3.6245574951171875,3.6245574951171875,13.13741703541018,5.307773466579003,764311,1.03961181640625,3.624557495117188,2.584945678710938
validation,775511,2026-06-26T23:55:00-07:00,775511_1782543300_H30,Nearest,764283,69.30000305175781,66.41983795166016,-2.8801651000976562,2.8801651000976562,8.295351003820542,4.244280066322391,764311,0.1421127319335937,2.880165100097656,2.738052368164062
validation,775536,2026-06-02T23:30:00-07:00,775536_1780468200_H30,Nearest,768701,68.5999984741211,64.6980209350586,-3.9019775390625,3.9019775390625,15.225428715348244,5.8545168594173465,759870,3.895332336425781,3.9019775390625,0.0066452026367191
validation,775536,2026-06-02T23:35:00-07:00,775536_1780468500_H30,Nearest,768701,63.0,63.65107345581055,0.6510734558105469,0.6510734558105469,0.42389664486108813,1.0281372797002382,759870,0.1459884643554687,0.6510734558105469,0.5050849914550781
validation,775536,2026-06-02T23:40:00-07:00,775536_1780468800_H30,Nearest,768701,60.79999923706055,63.47230911254883,2.6723098754882812,2.6723098754882812,7.141240070632193,4.30073262414461,759870,1.9369964599609373,2.672309875488281,0.7353134155273435
validation,775536,2026-06-02T23:45:00-07:00,775536_1780469100_H30,Nearest,768701,57.20000076293945,63.27784729003906,6.077846527099609,6.077846527099609,36.94021840697678,10.089566795680355,774344,5.827373504638672,6.077846527099609,0.2504730224609375
validation,775536,2026-06-02T23:50:00-07:00,775536_1780469400_H30,Nearest,768701,56.59999847412109,63.33253479003906,6.732536315917976,6.732536315917976,45.32704524515439,11.227205957457837,774344,6.346874237060547,6.732536315917969,0.3856620788574219
validation,775536,2026-06-02T23:55:00-07:00,775536_1780469700_H30,Nearest,768701,53.59999847412109,63.08964157104492,9.489643096923835,9.489643096923835,90.05332610699419,16.264756686072527,774344,9.152359008789062,9.489643096923828,0.3372840881347656
validation,775536,2026-06-03T19:05:00-07:00,775536_1780538700_H30,Nearest,768701,67.5999984741211,55.7657470703125,-11.834251403808594,11.834251403808594,140.04950628854567,19.18563577864162,718405,4.34954833984375,11.834251403808594,7.484703063964844
validation,775536,2026-06-03T19:10:00-07:00,775536_1780539000_H30,Nearest,768701,64.69999694824219,58.54830551147461,-6.151691436767578,6.151691436767578,37.84330753319955,9.982598160108928,718405,0.4546356201171875,6.151691436767578,5.697055816650391
validation,775536,2026-06-03T19:15:00-07:00,775536_1780539300_H30,Nearest,768701,62.20000076293945,58.68287658691406,-3.5171241760253906,3.5171241760253906,12.370162469582283,5.81906093573698,774344,0.8779869079589844,3.51712417602539,2.639137268066406
validation,775536,2026-06-03T19:20:00-07:00,775536_1780539600_H30,Nearest,768701,57.59999847412109,58.93691253662109,1.3369140625,1.3369140625,1.787339210510254,2.2944044756853788,759870,0.9929847717285156,1.3369140625,0.3439292907714844
validation,775536,2026-06-03T19:25:00-07:00,775536_1780539900_H30,Nearest,768701,56.29999923706055,61.51699447631836,5.2169952392578125,5.2169952392578125,27.21703932643868,8.856099668726973,759870,2.236003875732422,5.2169952392578125,2.98099136352539
validation,775536,2026-06-03T19:30:00-07:00,775536_1780540200_H30,Nearest,768701,58.29999923706055,59.22162628173828,0.9216270446777344,0.9216270446777344,0.8493964094814146,1.5684382049125407,759870,0.7783393859863281,0.9216270446777344,0.1432876586914062
validation,775536,2026-06-06T23:30:00-07:00,775536_1780813800_H30,Nearest,768701,68.5999984741211,62.78094100952149,-5.819057464599602,5.819057464599602,33.86142977631235,8.858297776189382,718405,2.637031555175781,5.819057464599609,3.182025909423829
validation,775536,2026-06-06T23:35:00-07:00,775536_1780814100_H30,Nearest,768701,66.5,62.30391693115234,-4.196083068847663,4.196083068847663,17.607113120670025,6.515458747288314,718405,0.698974609375,4.196083068847656,3.497108459472656
validation,775536,2026-06-06T23:40:00-07:00,775536_1780814400_H30,Nearest,768701,64.0,62.388301849365234,-1.6116981506347656,1.6116981506347656,2.5975709287595237,2.5503913167592,774344,1.2070159912109375,1.6116981506347656,0.4046821594238281
validation,775536,2026-06-06T23:45:00-07:00,775536_1780814700_H30,Nearest,768701,61.400001525878906,62.24273681640625,0.8427352905273438,0.8427352905273438,0.7102027699002065,1.3631779674411222,768701,0.8427352905273438,0.8427352905273438,0.0
validation,775536,2026-06-06T23:50:00-07:00,775536_1780815000_H30,Nearest,768701,55.70000076293945,62.25313568115234,6.5531349182128835,6.5531349182128835,42.943577256300976,11.111421129122542,759870,6.500274658203125,6.553134918212891,0.0528602600097656
validation,775536,2026-06-06T23:55:00-07:00,775536_1780815300_H30,Nearest,768701,54.900001525878906,62.42211151123047,7.5221099853515625,7.5221099853515625,56.582138631725684,12.823004507014414,768701,7.522109985351562,7.522109985351562,0.0
validation,775536,2026-06-10T23:30:00-07:00,775536_1781159400_H30,Nearest,768701,68.5999984741211,64.32022094726562,-4.279777526855469,4.279777526855469,18.316495679377113,6.439618461792525,718405,3.2161865234375,4.279777526855469,1.0635910034179688
validation,775536,2026-06-10T23:35:00-07:00,775536_1781159700_H30,Nearest,768701,62.70000076293945,63.07558822631836,0.37558746337890625,0.37558746337890625,0.14106594264740124,0.5972342700375872,774344,0.1846847534179687,0.3755874633789062,0.1909027099609375
validation,775536,2026-06-10T23:40:00-07:00,775536_1781160000_H30,Nearest,768701,59.400001525878906,62.974571228027344,3.5745697021484375,3.5745697021484375,12.77754855551757,5.842013732912938,759870,2.662708282470703,3.574569702148437,0.911861419677734
validation,775536,2026-06-10T23:45:00-07:00,775536_1781160300_H30,Nearest,768701,56.20000076293945,62.1420783996582,5.94207763671875,5.94207763671875,35.308286640793085,10.042205830004939,768701,5.94207763671875,5.94207763671875,0.0
validation,775536,2026-06-10T23:50:00-07:00,775536_1781160600_H30,Nearest,768701,50.900001525878906,62.07301330566406,11.173011779785156,11.173011779785156,124.83619223121786,19.779965503347327,759870,10.151618957519531,11.173011779785156,1.021392822265625
validation,775536,2026-06-10T23:55:00-07:00,775536_1781160900_H30,Nearest,768701,48.5,61.84056854248047,13.340568542480469,13.340568542480469,177.97076903661946,24.18071358122622,768701,13.340568542480469,13.340568542480469,0.0
validation,775536,2026-06-17T11:15:00-07:00,775536_1781720100_H30,Nearest,768701,66.9000015258789,64.31900787353516,-2.58099365234375,2.58099365234375,6.66152823343873,3.933871539630625,768701,2.58099365234375,2.58099365234375,0.0
validation,775536,2026-06-18T23:30:00-07:00,775536_1781850600_H30,Nearest,768701,72.19999694824219,64.35930633544922,-7.840690612792969,7.840690612792969,61.47642928553978,11.483202340434511,718405,5.707443237304688,7.840690612792969,2.1332473754882804
validation,775536,2026-06-18T23:35:00-07:00,775536_1781850900_H30,Nearest,768701,69.69999694824219,63.947265625,-5.7527313232421875,5.7527313232421875,33.09391767741181,8.60882769977485,718405,3.5247573852539062,5.752731323242188,2.227973937988282
validation,775536,2026-06-18T23:40:00-07:00,775536_1781851200_H30,Nearest,768701,69.19999694824219,63.84556579589844,-5.35443115234375,5.35443115234375,28.66993296518922,8.04901869954993,718405,3.705757141113281,5.35443115234375,1.6486740112304692
validation,775536,2026-06-18T23:45:00-07:00,775536_1781851500_H30,Nearest,768701,62.900001525878906,63.79957580566406,0.8995742797851562,0.8995742797851562,0.8092338848509826,1.4200114816975669,759870,0.84869384765625,0.8995742797851562,0.0508804321289062
validation,775536,2026-06-18T23:50:00-07:00,775536_1781851800_H30,Nearest,768701,65.4000015258789,63.6279296875,-1.7720718383789062,1.7720718383789062,3.1402386003755964,2.746803437023786,718405,1.6835861206054688,1.7720718383789062,0.0884857177734375
validation,775536,2026-06-18T23:55:00-07:00,775536_1781852100_H30,Nearest,768701,66.5,63.31818771362305,-3.181812286376953,3.181812286376953,10.123929425739334,4.90195144132843,774344,2.628082275390625,3.181812286376953,0.5537300109863281
validation,775536,2026-06-22T23:30:00-07:00,775536_1782196200_H30,Nearest,768701,69.30000305175781,63.6805534362793,-5.619449615478516,5.619449615478516,31.578213980901637,8.45153565547962,718405,4.532600402832031,5.619449615478516,1.0868492126464844
validation,775536,2026-06-22T23:35:00-07:00,775536_1782196500_H30,Nearest,768701,72.19999694824219,62.24627685546875,-9.953720092773438,9.953720092773438,99.07654368528165,14.80698532898094,718405,7.443389892578125,9.953720092773438,2.5103302001953125
validation,775536,2026-06-22T23:40:00-07:00,775536_1782196800_H30,Nearest,768701,71.5999984741211,62.12102508544922,-9.478973388671875,9.478973388671875,89.85093650314957,14.177237154579478,718405,7.09967041015625,9.478973388671877,2.3793029785156268
validation,775536,2026-06-22T23:45:00-07:00,775536_1782197100_H30,Nearest,768701,72.0,62.82499313354492,-9.175006866455078,9.175006866455078,84.18075099949783,13.610246268384305,718405,7.487525939941406,9.175006866455078,1.687480926513672
validation,775536,2026-06-22T23:50:00-07:00,775536_1782197400_H30,Nearest,768701,69.19999694824219,61.78320693969727,-7.416790008544915,7.416790008544915,55.008774030851676,11.324795442118292,718405,4.67864990234375,7.416790008544922,2.738140106201172
validation,775536,2026-06-22T23:55:00-07:00,775536_1782197700_H30,Nearest,768701,67.30000305175781,62.75312423706055,-4.546878814697266,4.546878814697266,20.67410695554281,6.992340552700408,718405,2.8359146118164062,4.546878814697266,1.7109642028808594
validation,775536,2026-06-26T23:30:00-07:00,775536_1782541800_H30,Nearest,768701,57.70000076293945,64.390625,6.690624237060547,6.690624237060547,44.764452681542025,10.960094831934276,768701,6.690624237060547,6.690624237060547,0.0
validation,775536,2026-06-26T23:35:00-07:00,775536_1782542100_H30,Nearest,768701,58.70000076293945,64.0419692993164,5.341968536376953,5.341968536376953,28.536627843641327,8.704387733300221,768701,5.341968536376953,5.341968536376953,0.0
validation,775536,2026-06-26T23:40:00-07:00,775536_1782542400_H30,Nearest,768701,57.5,63.955196380615234,6.455196380615234,6.455196380615234,41.66956031230802,10.629757342349041,768701,6.455196380615234,6.455196380615234,0.0
validation,775536,2026-06-26T23:45:00-07:00,775536_1782542700_H30,Nearest,768701,60.29999923706055,63.47299575805664,3.1729965209960938,3.1729965209960938,10.067906922253314,5.127122431651033,759870,2.760845184326172,3.1729965209960938,0.4121513366699219
validation,775536,2026-06-26T23:50:00-07:00,775536_1782543000_H30,Nearest,768701,58.20000076293945,63.03872299194336,4.838722229003906,4.838722229003906,23.41323280945653,7.982139763984988,759870,4.496604919433594,4.838722229003906,0.3421173095703125
validation,775536,2026-06-26T23:55:00-07:00,775536_1782543300_H30,Nearest,768701,56.20000076293945,63.13329315185547,6.933292388916016,6.933292388916016,48.07054335020075,11.620046850908542,759870,6.547634124755859,6.933292388916016,0.3856582641601562
validation,765501,2026-06-03T15:25:00-07:00,765501_1780525500_H30,Quality Rule,763616,64.30000305175781,51.2877082824707,-13.01229476928711,13.01229476928711,169.31981516281667,22.515013934459247,773773,9.265514373779297,13.01229476928711,3.746780395507813
validation,765501,2026-06-03T15:30:00-07:00,765501_1780525800_H30,Quality Rule,763616,64.69999694824219,56.93397903442383,-7.766017913818359,7.766017913818359,60.31103423774766,12.769487780416963,763616,7.766017913818359,7.766017913818359,0.0
validation,765501,2026-06-03T15:35:00-07:00,765501_1780526100_H30,Quality Rule,763616,65.5999984741211,63.272579193115234,-2.3274192810058594,2.3274192810058594,5.416880509597831,3.611969753496624,763616,2.32741928100586,2.32741928100586,0.0
validation,765501,2026-06-03T15:40:00-07:00,765501_1780526400_H30,Quality Rule,763616,66.30000305175781,60.8970947265625,-5.4029083251953125,5.4029083251953125,29.191418370464817,8.495332640584085,763616,5.4029083251953125,5.4029083251953125,0.0
validation,765501,2026-06-03T15:45:00-07:00,765501_1780526700_H30,Quality Rule,763616,67.80000305175781,62.142845153808594,-5.657157897949219,5.657157897949219,32.00343548232922,8.707147692290068,763616,5.657157897949219,5.657157897949219,0.0
validation,765501,2026-06-03T15:50:00-07:00,765501_1780527000_H30,Quality Rule,763616,67.9000015258789,59.77885055541992,-8.121150970458984,8.121150970458984,65.9530930849869,12.721215415818131,763616,8.121150970458984,8.121150970458984,0.0
validation,765501,2026-06-06T07:20:00-07:00,765501_1780755600_H30,Quality Rule,763616,67.30000305175781,67.70878601074219,0.408782958984375,0.408782958984375,0.1671035075560212,0.6055649543931709,763616,0.408782958984375,0.408782958984375,0.0
validation,765501,2026-06-06T07:25:00-07:00,765501_1780755900_H30,Quality Rule,763616,66.0999984741211,67.9832992553711,1.88330078125,1.88330078125,3.5468218326568604,2.809150429763047,717951,1.1006240844726562,1.88330078125,0.7826766967773438
validation,765501,2026-06-06T07:30:00-07:00,765501_1780756200_H30,Quality Rule,763616,66.0999984741211,67.05950164794922,0.959503173828125,0.959503173828125,0.9206463405862451,1.4411336265799417,763616,0.959503173828125,0.959503173828125,0.0
validation,765501,2026-06-06T07:35:00-07:00,765501_1780756500_H30,Quality Rule,763616,65.4000015258789,67.34626770019531,1.9462661743164062,1.9462661743164062,3.78795202128822,2.9323101447623463,776019,0.2828750610351562,1.9462661743164065,1.6633911132812502
validation,765501,2026-06-06T07:40:00-07:00,765501_1780756800_H30,Quality Rule,763616,66.0,67.40594482421875,1.40594482421875,1.40594482421875,1.9766808487474918,2.107769358453156,717951,0.369842529296875,1.40594482421875,1.036102294921875
validation,765501,2026-06-06T07:45:00-07:00,765501_1780757100_H30,Quality Rule,763616,65.69999694824219,67.24624633789062,1.5462493896484375,1.5462493896484375,2.3908871749881655,2.326127222248612,776019,0.2406005859375,1.5462493896484375,1.3056488037109375
validation,765501,2026-06-11T23:30:00-07:00,765501_1781245800_H30,Quality Rule,763616,69.5,67.93059539794922,-1.5694046020507812,1.5694046020507812,2.463030804938171,2.2839231483888116,763616,1.5694046020507812,1.5694046020507812,0.0
validation,765501,2026-06-11T23:35:00-07:00,765501_1781246100_H30,Quality Rule,763616,66.69999694824219,68.1680908203125,1.4680938720703125,1.4680938720703125,2.155299617210403,2.177081154593491,763616,1.4680938720703125,1.4680938720703125,0.0
validation,765501,2026-06-11T23:40:00-07:00,765501_1781246400_H30,Quality Rule,763616,66.19999694824219,67.5957260131836,1.3957290649414062,1.3957290649414062,1.9480596227222122,2.086358253637171,773784,1.1476974487304688,1.3957290649414062,0.2480316162109375
validation,765501,2026-06-11T23:45:00-07:00,765501_1781246700_H30,Quality Rule,763616,67.9000015258789,67.22225189208984,-0.6777496337890625,0.6777496337890625,0.45934456610120833,1.0031650770014602,763616,0.6777496337890625,0.6777496337890625,0.0
validation,765501,2026-06-11T23:50:00-07:00,765501_1781247000_H30,Quality Rule,763616,67.0999984741211,67.03781127929688,-0.06218719482421875,0.06218719482421875,0.0038672472001053393,0.09272135049011028,763616,0.0621871948242187,0.0621871948242187,0.0
validation,765501,2026-06-11T23:55:00-07:00,765501_1781247300_H30,Quality Rule,763616,66.0,66.90170288085938,0.901702880859375,0.901702880859375,0.8130680853500962,1.3569470586588004,763616,0.901702880859375,0.901702880859375,0.0
validation,765501,2026-06-15T23:30:00-07:00,765501_1781591400_H30,Quality Rule,763616,69.19999694824219,65.79325103759766,-3.4067459106445312,3.4067459106445312,11.605917699693237,5.047283380818374,773784,3.362983703613281,3.4067459106445312,0.0437622070312504
validation,765501,2026-06-15T23:35:00-07:00,765501_1781591700_H30,Quality Rule,763616,64.30000305175781,64.96659088134766,0.6665878295898438,0.6665878295898438,0.44433933455729857,1.0313381116518126,763616,0.6665878295898438,0.6665878295898438,0.0
validation,765501,2026-06-15T23:40:00-07:00,765501_1781592000_H30,Quality Rule,763616,61.5,64.9026870727539,3.4026870727539062,3.4026870727539062,11.578279315086547,5.383884037015753,776019,0.8366851806640625,3.4026870727539062,2.566001892089844
validation,765501,2026-06-15T23:45:00-07:00,765501_1781592300_H30,Quality Rule,763616,61.59999847412109,64.27720642089844,2.677207946777351,2.677207946777351,7.167442390287799,4.253681876304306,776019,0.5329322814941406,2.677207946777344,2.144275665283204
validation,765501,2026-06-15T23:50:00-07:00,765501_1781592600_H30,Quality Rule,763616,62.0,64.755615234375,2.755615234375,2.755615234375,7.593415319919586,4.347918169211191,776019,0.4062042236328125,2.755615234375,2.3494110107421875
validation,765501,2026-06-15T23:55:00-07:00,765501_1781592900_H30,Quality Rule,763616,66.5999984741211,64.84000396728516,-1.7599945068359375,1.7599945068359375,3.097580664092675,2.6780195690127377,763616,1.7599945068359375,1.7599945068359375,0.0
validation,765501,2026-06-17T22:00:00-07:00,765501_1781758800_H30,Quality Rule,763616,70.5,67.117919921875,-3.382080078125,3.382080078125,11.438465654850006,4.915173918438994,763616,3.382080078125,3.382080078125,0.0
validation,765501,2026-06-17T22:05:00-07:00,765501_1781759100_H30,Quality Rule,763616,69.69999694824219,67.79293060302734,-1.9070663452148438,1.9070663452148438,3.6369020450511016,2.7740573501621513,763616,1.907066345214844,1.907066345214844,0.0
validation,765501,2026-06-17T22:10:00-07:00,765501_1781759400_H30,Quality Rule,763616,70.9000015258789,67.7587661743164,-3.1412353515625,3.1412353515625,9.867359533905983,4.530885974264497,763616,3.1412353515625,3.1412353515625,0.0
validation,765501,2026-06-17T22:15:00-07:00,765501_1781759700_H30,Quality Rule,763616,71.5,67.86156463623047,-3.6384353637695312,3.6384353637695312,13.238211896328721,5.221576475779245,763616,3.6384353637695312,3.6384353637695312,0.0
validation,765501,2026-06-17T22:20:00-07:00,765501_1781760000_H30,Quality Rule,763616,68.5999984741211,68.07894897460938,-0.5210494995117188,0.5210494995117188,0.2714925809414126,0.7624429444702221,763616,0.5210494995117188,0.5210494995117188,0.0
validation,765501,2026-06-17T22:25:00-07:00,765501_1781760300_H30,Quality Rule,763616,66.0999984741211,67.90238952636719,1.8023910522460938,1.8023910522460938,3.248613505216781,2.690087939013574,773784,0.4557647705078125,1.8023910522460933,1.346626281738281
validation,765501,2026-06-18T23:30:00-07:00,765501_1781850600_H30,Quality Rule,763616,69.0999984741211,67.93778991699219,-1.1622085571289062,1.1622085571289062,1.3507287302636541,1.696186960243353,763616,1.1622085571289062,1.1622085571289062,0.0
validation,765501,2026-06-18T23:35:00-07:00,765501_1781850900_H30,Quality Rule,763616,68.0,67.90328979492188,-0.096710205078125,0.096710205078125,0.009352863766252995,0.14232209464899676,763616,0.096710205078125,0.096710205078125,0.0
validation,765501,2026-06-18T23:40:00-07:00,765501_1781851200_H30,Quality Rule,763616,66.69999694824219,68.04795837402344,1.34796142578125,1.34796142578125,1.8170000053942204,2.000715205739286,763616,1.34796142578125,1.34796142578125,0.0
validation,765501,2026-06-18T23:45:00-07:00,765501_1781851500_H30,Quality Rule,763616,65.5,67.6846923828125,2.1846923828125,2.1846923828125,4.772880807518959,3.2806958927825782,773784,0.803955078125,2.1846923828125,1.3807373046875
validation,765501,2026-06-18T23:50:00-07:00,765501_1781851800_H30,Quality Rule,763616,64.0999984741211,67.65824127197266,3.5582427978515625,3.5582427978515625,12.661091808462515,5.401169259247345,773784,1.0506591796875,3.5582427978515625,2.5075836181640625
validation,765501,2026-06-18T23:55:00-07:00,765501_1781852100_H30,Quality Rule,763616,64.5,67.87493133544922,3.3749313354492188,3.3749313354492188,11.390161518997047,5.099049005587944,773784,0.2287368774414062,3.3749313354492188,3.1461944580078125
validation,765501,2026-06-24T23:30:00-07:00,765501_1782369000_H30,Quality Rule,763616,69.4000015258789,68.66033935546875,-0.7396621704101562,0.7396621704101562,0.547100126335863,1.0715056334509725,763616,0.7396621704101562,0.7396621704101562,0.0
validation,765501,2026-06-24T23:35:00-07:00,765501_1782369300_H30,Quality Rule,763616,70.5999984741211,68.45613098144531,-2.1438674926757812,2.1438674926757812,4.596167826151941,3.083456278629624,763616,2.143867492675781,2.143867492675781,0.0
validation,765501,2026-06-24T23:40:00-07:00,765501_1782369600_H30,Quality Rule,763616,68.80000305175781,67.49272155761719,-1.307281494140625,1.307281494140625,1.708984904922545,1.9183437535578973,763616,1.307281494140625,1.307281494140625,0.0
validation,765501,2026-06-24T23:45:00-07:00,765501_1782369900_H30,Quality Rule,763616,68.9000015258789,67.58818817138672,-1.3118133544921875,1.3118133544921875,1.7208542770240456,1.9222371514936758,763616,1.3118133544921875,1.3118133544921875,0.0
validation,765501,2026-06-24T23:50:00-07:00,765501_1782370200_H30,Quality Rule,763616,69.19999694824219,67.28825378417969,-1.9117431640625,1.9117431640625,3.654761925339699,2.801329989646835,763616,1.9117431640625,1.9117431640625,0.0
validation,765501,2026-06-24T23:55:00-07:00,765501_1782370500_H30,Quality Rule,763616,68.0,67.15960693359375,-0.84039306640625,0.84039306640625,0.7062605060636997,1.2435565317992778,763616,0.84039306640625,0.84039306640625,0.0
validation,765501,2026-06-27T23:30:00-07:00,765501_1782628200_H30,Quality Rule,763616,69.19999694824219,68.1192626953125,-1.0807342529296875,1.0807342529296875,1.1679865254554898,1.5740461285106893,763616,1.0807342529296875,1.0807342529296875,0.0
validation,765501,2026-06-27T23:35:00-07:00,765501_1782628500_H30,Quality Rule,763616,69.0,67.96534729003906,-1.0346527099609375,1.0346527099609375,1.0705062302295119,1.510824048386235,763616,1.0346527099609375,1.0346527099609375,0.0
validation,765501,2026-06-27T23:40:00-07:00,765501_1782628800_H30,Quality Rule,763616,69.30000305175781,67.94452667236328,-1.3554763793945312,1.3554763793945312,1.8373162150965072,1.9752719794994391,763616,1.3554763793945312,1.3554763793945312,0.0
validation,765501,2026-06-27T23:45:00-07:00,765501_1782629100_H30,Quality Rule,763616,68.0,67.71965789794922,-0.28034210205078125,0.28034210205078125,0.07859169418225065,0.41311937316549996,763616,0.2803421020507812,0.2803421020507812,0.0
validation,765501,2026-06-27T23:50:00-07:00,765501_1782629400_H30,Quality Rule,763616,67.69999694824219,67.85736083984375,0.1573638916015625,0.1573638916015625,0.024763394379988313,0.2321731450191004,763616,0.1573638916015625,0.1573638916015625,0.0
validation,765501,2026-06-27T23:55:00-07:00,765501_1782629700_H30,Quality Rule,763616,67.9000015258789,67.83699798583984,-0.0630035400390625,0.0630035400390625,0.0039694460574537516,0.09283178470357187,763616,0.0630035400390625,0.0630035400390625,0.0
validation,769895,2026-06-03T17:30:00-07:00,769895_1780533000_H30,Quality Rule,769880,69.9000015258789,66.526123046875,-3.3738784790039062,3.3738784790039062,11.383055991085712,4.946088536692585,769847,1.6959075927734375,3.3738784790039062,1.6779708862304688
validation,769895,2026-06-03T17:35:00-07:00,769895_1780533300_H30,Quality Rule,769880,67.0,66.30973052978516,-0.6902694702148438,0.6902694702148438,0.47647194151068106,1.0355875183209984,769880,0.6902694702148438,0.6902694702148438,0.0
validation,769895,2026-06-03T17:40:00-07:00,769895_1780533600_H30,Quality Rule,769880,66.0999984741211,66.53172302246094,0.43172454833984375,0.43172454833984375,0.18638608563924208,0.6510125032131275,769880,0.4317245483398437,0.4317245483398437,0.0
validation,769895,2026-06-03T17:45:00-07:00,769895_1780533900_H30,Quality Rule,769880,66.0,64.86128234863281,-1.1387176513671875,1.1387176513671875,1.2966778895352036,1.7403430903753008,769866,1.0536956787109375,1.1387176513671875,0.08502197265625
validation,769895,2026-06-03T17:50:00-07:00,769895_1780534200_H30,Quality Rule,769880,65.5999984741211,64.5366439819336,-1.0633544921875,1.0633544921875,1.130722776055336,1.6342122617394537,769866,0.19903564453125,1.0633544921875,0.86431884765625
validation,769895,2026-06-03T17:55:00-07:00,769895_1780534500_H30,Quality Rule,769880,64.69999694824219,65.835693359375,1.1356964111328125,1.1356964111328125,1.2898063382599503,1.7400549991441934,769866,0.6420745849609375,1.1356964111328125,0.493621826171875
validation,769895,2026-06-04T23:30:00-07:00,769895_1780641000_H30,Quality Rule,769880,69.0,68.46024322509766,-0.5397567749023438,0.5397567749023438,0.2913373760529794,0.7853278276131482,769880,0.5397567749023438,0.5397567749023438,0.0
validation,769895,2026-06-04T23:35:00-07:00,769895_1780641300_H30,Quality Rule,769880,67.4000015258789,68.1091079711914,0.7091064453125,0.7091064453125,0.5028319507837296,1.046581211715401,770385,0.391693115234375,0.7091064453125,0.317413330078125
validation,769895,2026-06-04T23:40:00-07:00,769895_1780641600_H30,Quality Rule,769880,63.400001525878906,67.4303207397461,4.0303192138671875,4.0303192138671875,16.243472965667024,6.161139273017654,769866,2.3920211791992188,4.030319213867188,1.6382980346679696
validation,769895,2026-06-04T23:45:00-07:00,769895_1780641900_H30,Quality Rule,769880,61.5,67.60936737060547,6.109367370605469,6.109367370605469,37.32436966901878,9.463863773337765,769866,4.1884307861328125,6.109367370605469,1.920936584472656
validation,769895,2026-06-04T23:50:00-07:00,769895_1780642200_H30,Quality Rule,769880,59.70000076293945,67.89420318603516,8.194202423095703,8.194202423095703,67.14495335066749,12.844160792996194,769866,5.606586456298828,8.194202423095703,2.587615966796875
validation,769895,2026-06-04T23:55:00-07:00,769895_1780642500_H30,Quality Rule,769880,66.30000305175781,67.41436767578125,1.1143646240234375,1.1143646240234375,1.2418085152748972,1.6667836218744005,770385,0.1097946166992187,1.1143646240234375,1.0045700073242188
validation,769895,2026-06-06T07:20:00-07:00,769895_1780755600_H30,Quality Rule,769880,71.0,63.66304016113281,-7.3369598388671875,7.3369598388671875,53.830979677150026,10.896768371788148,769847,3.0790557861328125,7.3369598388671875,4.257904052734375
validation,769895,2026-06-06T07:25:00-07:00,769895_1780755900_H30,Quality Rule,769880,71.5999984741211,62.37699890136719,-9.222999572753906,9.222999572753906,85.06372111901874,13.768034341096714,769847,3.4980926513671875,9.222999572753906,5.724906921386719
validation,769895,2026-06-06T07:30:00-07:00,769895_1780756200_H30,Quality Rule,769880,67.80000305175781,61.5368537902832,-6.263149261474609,6.263149261474609,39.227038671509945,9.68501843322,769847,0.4498672485351562,6.263149261474609,5.813282012939453
validation,769895,2026-06-06T07:35:00-07:00,769895_1780756500_H30,Quality Rule,769880,64.69999694824219,62.60343933105469,-2.0965576171875,2.0965576171875,4.395553842186928,3.2937957717320163,770116,0.3459930419921875,2.0965576171875,1.7505645751953125
validation,769895,2026-06-06T07:40:00-07:00,769895_1780756800_H30,Quality Rule,769880,63.20000076293945,62.536128997802734,-0.6638717651367188,0.6638717651367188,0.44072572054574266,1.0559761321110976,769880,0.6638717651367188,0.6638717651367188,0.0
validation,769895,2026-06-06T07:45:00-07:00,769895_1780757100_H30,Quality Rule,769880,62.400001525878906,62.568477630615234,0.16847610473632812,0.16847610473632812,0.028384197867126204,0.2696297570801065,769880,0.1684761047363281,0.1684761047363281,0.0
validation,769895,2026-06-12T23:30:00-07:00,769895_1781332200_H30,Quality Rule,769880,69.0999984741211,68.02070617675781,-1.0792922973632812,1.0792922973632812,1.1648718631477095,1.5742222040648655,770385,0.51239013671875,1.0792922973632812,0.5669021606445312
validation,769895,2026-06-12T23:35:00-07:00,769895_1781332500_H30,Quality Rule,769880,68.5999984741211,66.92610931396484,-1.67388916015625,1.67388916015625,2.801904920488596,2.4702091355306455,769847,0.3840408325195312,1.67388916015625,1.2898483276367188
validation,769895,2026-06-12T23:40:00-07:00,769895_1781332800_H30,Quality Rule,769880,70.0999984741211,67.2549819946289,-2.8450164794921875,2.8450164794921875,8.09411876858212,4.142574880168383,769847,2.233505249023437,2.8450164794921875,0.6115112304687504
validation,769895,2026-06-12T23:45:00-07:00,769895_1781333100_H30,Quality Rule,769880,68.19999694824219,67.42568969726562,-0.7743072509765625,0.7743072509765625,0.5995517189148813,1.141829788174658,769847,0.5497207641601562,0.7743072509765625,0.2245864868164062
validation,769895,2026-06-12T23:50:00-07:00,769895_1781333400_H30,Quality Rule,769880,65.69999694824219,67.37799835205078,1.6780014038085938,1.6780014038085938,2.8156887111836113,2.5218314829780764,769866,0.5410308837890625,1.6780014038085938,1.1369705200195312
validation,769895,2026-06-12T23:55:00-07:00,769895_1781333700_H30,Quality Rule,769880,68.0,67.75299835205078,-0.24700164794921875,0.24700164794921875,0.0610098140896298,0.36389862342365603,769880,0.2470016479492187,0.2470016479492187,0.0
validation,769895,2026-06-17T11:15:00-07:00,769895_1781720100_H30,Quality Rule,769880,59.09999847412109,60.59254455566406,1.4925460815429759,1.4925460815429759,2.2276938055292916,2.4939666771082414,769880,1.4925460815429688,1.4925460815429688,0.0
validation,769965,2026-06-03T17:30:00-07:00,769965_1780533000_H30,Quality Rule,770129,40.900001525878906,56.08055114746094,15.180549621582031,15.180549621582031,230.44908681331435,31.30637854000043,769911,2.1030349731445312,15.180549621582031,13.0775146484375
validation,769965,2026-06-03T17:35:00-07:00,769965_1780533300_H30,Quality Rule,770129,46.29999923706055,57.56181335449219,11.26181411743164,11.26181411743164,126.8284572155826,21.68614956353426,769867,6.391258239746094,11.26181411743164,4.870555877685547
validation,769965,2026-06-03T17:40:00-07:00,769965_1780533600_H30,Quality Rule,770129,46.70000076293945,57.94218826293945,11.2421875,11.2421875,126.38677978515625,21.486911726942473,769911,5.899688720703125,11.2421875,5.342498779296875
validation,769965,2026-06-03T17:45:00-07:00,769965_1780533900_H30,Quality Rule,770129,48.29999923706055,56.89311218261719,8.59311294555664,8.59311294555664,73.84159009509312,16.337786282572598,769911,2.885944366455078,8.59311294555664,5.7071685791015625
validation,769965,2026-06-03T17:50:00-07:00,769965_1780534200_H30,Quality Rule,770129,49.79999923706055,57.67636489868164,7.876365661621094,7.876365661621094,62.03713603556389,14.656926016567974,769926,6.421836853027344,7.876365661621094,1.45452880859375
validation,769965,2026-06-03T17:55:00-07:00,769965_1780534500_H30,Quality Rule,770129,52.20000076293945,57.35698699951172,5.156986236572266,5.156986236572266,26.59450704419578,9.414253339426825,769911,4.758838653564453,5.156986236572266,0.3981475830078125
validation,769965,2026-06-04T23:30:00-07:00,769965_1780641000_H30,Quality Rule,770129,68.0,67.56485748291016,-0.43514251708984375,0.43514251708984375,0.18934901017928496,0.641969492624373,769926,0.2534942626953125,0.4351425170898437,0.1816482543945312
validation,769965,2026-06-04T23:35:00-07:00,769965_1780641300_H30,Quality Rule,770129,69.30000305175781,67.36161041259766,-1.9383926391601562,1.9383926391601562,3.7573660235502757,2.8367770229521683,769926,1.320037841796875,1.938392639160156,0.618354797363281
validation,769965,2026-06-04T23:40:00-07:00,769965_1780641600_H30,Quality Rule,770129,71.30000305175781,67.2709732055664,-4.029029846191406,4.029029846191406,16.233081501501147,5.815113562646756,769926,3.3481369018554688,4.029029846191406,0.6808929443359375
validation,769965,2026-06-04T23:45:00-07:00,769965_1780641900_H30,Quality Rule,770129,71.4000015258789,67.44011688232422,-3.9598846435546875,3.9598846435546875,15.680686390260234,5.704236873943116,769926,3.30047607421875,3.959884643554688,0.6594085693359379
validation,769965,2026-06-04T23:50:00-07:00,769965_1780642200_H30,Quality Rule,770129,70.0,67.37230682373047,-2.6276931762695312,2.6276931762695312,6.904771428613458,3.825651935091985,769926,2.063026428222656,2.6276931762695312,0.5646667480468754
validation,769965,2026-06-04T23:55:00-07:00,769965_1780642500_H30,Quality Rule,770129,64.80000305175781,67.41183471679688,2.6118316650390625,2.6118316650390625,6.821664646500722,3.9509800171696297,770141,0.8677291870117188,2.6118316650390625,1.7441024780273438
validation,769965,2026-06-06T07:20:00-07:00,769965_1780755600_H30,Quality Rule,770129,68.30000305175781,68.97421264648438,0.6742095947265625,0.6742095947265625,0.45455857762135565,0.9822814668957363,769926,0.04083251953125,0.6742095947265625,0.6333770751953125
validation,769965,2026-06-06T07:25:00-07:00,769965_1780755900_H30,Quality Rule,770129,70.9000015258789,68.6545639038086,-2.2454376220703125,2.2454376220703125,5.0419901146087795,3.218006661504184,769867,1.7569351196289062,2.2454376220703125,0.4885025024414062
validation,769965,2026-06-06T07:30:00-07:00,769965_1780756200_H30,Quality Rule,770129,72.0999984741211,68.92127227783203,-3.1787261962890625,3.1787261962890625,10.104300230974331,4.508151368653414,770129,3.1787261962890625,3.1787261962890625,0.0
validation,769965,2026-06-06T07:35:00-07:00,769965_1780756500_H30,Quality Rule,770129,69.9000015258789,69.03805541992188,-0.8619461059570312,0.8619461059570312,0.7429510895744897,1.2407631410729423,770129,0.8619461059570312,0.8619461059570312,0.0
validation,769965,2026-06-06T07:40:00-07:00,769965_1780756800_H30,Quality Rule,770129,67.30000305175781,68.48401641845703,1.1840133666992188,1.1840133666992188,1.4018876525224186,1.7439656928687572,769867,0.5607376098632812,1.1840133666992188,0.6232757568359375
validation,769965,2026-06-06T07:45:00-07:00,769965_1780757100_H30,Quality Rule,770129,64.9000015258789,68.63172149658203,3.731719970703125,3.731719970703125,13.925733939744532,5.58926352224049,769867,3.4769821166992188,3.731719970703125,0.2547378540039062
validation,769965,2026-06-12T23:30:00-07:00,769965_1781332200_H30,Quality Rule,770129,67.5999984741211,67.91315460205078,0.3131561279296875,0.3131561279296875,0.0980667604599148,0.46217819969515667,769867,0.0236358642578125,0.3131561279296875,0.289520263671875
validation,769965,2026-06-12T23:35:00-07:00,769965_1781332500_H30,Quality Rule,770129,66.0999984741211,67.4648208618164,1.3648223876953125,1.3648223876953125,1.862740149954334,2.043685431931192,769867,0.67138671875,1.3648223876953125,0.6934356689453125
validation,769965,2026-06-12T23:40:00-07:00,769965_1781332800_H30,Quality Rule,770129,66.4000015258789,66.89100646972656,0.49100494384765625,0.49100494384765625,0.24108585488284007,0.7367412814225818,769867,0.051177978515625,0.4910049438476562,0.4398269653320312
validation,769965,2026-06-12T23:45:00-07:00,769965_1781333100_H30,Quality Rule,770129,67.0999984741211,66.51334381103516,-0.5866546630859375,0.5866546630859375,0.34416369372047484,0.8781378396226566,769911,0.1507339477539062,0.5866546630859375,0.4359207153320313
validation,769965,2026-06-12T23:50:00-07:00,769965_1781333400_H30,Quality Rule,770129,62.5,66.35274505615234,3.8527450561523438,3.8527450561523438,14.843644467706326,5.980074424604607,769926,2.9699859619140625,3.852745056152344,0.8827590942382817
validation,769965,2026-06-12T23:55:00-07:00,769965_1781333700_H30,Quality Rule,770129,65.19999694824219,66.26205444335938,1.0620574951171875,1.0620574951171875,1.1279661229345948,1.6157628392313719,769926,0.4486770629882812,1.0620574951171875,0.6133804321289062
validation,769965,2026-06-17T11:15:00-07:00,769965_1781720100_H30,Quality Rule,770129,57.79999923706055,60.65171432495117,2.851715087890625,2.851715087890625,8.132278942503035,4.814983216469523,769867,2.5934715270996094,2.851715087890625,0.2582435607910156
validation,775511,2026-06-06T23:30:00-07:00,775511_1780813800_H30,Quality Rule,764283,66.5,66.3408203125,-0.1591796875,0.1591796875,0.025338172912597656,0.23965477769147395,764283,0.1591796875,0.1591796875,0.0
validation,775511,2026-06-06T23:35:00-07:00,775511_1780814100_H30,Quality Rule,764283,65.80000305175781,66.00732421875,0.2073211669921875,0.2073211669921875,0.042982066283002496,0.3145821551995999,764283,0.2073211669921875,0.2073211669921875,0.0
validation,775511,2026-06-06T23:40:00-07:00,775511_1780814400_H30,Quality Rule,764283,65.30000305175781,65.2527084350586,-0.04729461669921875,0.04729461669921875,0.002236780768726021,0.07245290549439132,764283,0.0472946166992187,0.0472946166992187,0.0
validation,775511,2026-06-06T23:45:00-07:00,775511_1780814700_H30,Quality Rule,764283,64.9000015258789,64.8577651977539,-0.042236328125,0.042236328125,0.001783907413482666,0.06510026931868602,764283,0.042236328125,0.042236328125,0.0
validation,775511,2026-06-06T23:50:00-07:00,775511_1780815000_H30,Quality Rule,764283,64.0999984741211,64.8138427734375,0.7138442993164062,0.7138442993164062,0.509573683666531,1.1074750187735176,764283,0.7138442993164062,0.7138442993164062,0.0
validation,775511,2026-06-06T23:55:00-07:00,775511_1780815300_H30,Quality Rule,764283,63.20000076293945,64.86870574951172,1.6687049865722656,1.6687049865722656,2.784576332211145,2.6059527248840704,764283,1.6687049865722656,1.6687049865722656,0.0
validation,775511,2026-06-08T23:30:00-07:00,775511_1780986600_H30,Quality Rule,764283,69.9000015258789,66.94768524169922,-2.9523162841796875,2.9523162841796875,8.716171441832557,4.314747778850157,764311,1.971405029296875,2.9523162841796875,0.9809112548828124
validation,775511,2026-06-08T23:35:00-07:00,775511_1780986900_H30,Quality Rule,764283,67.5999984741211,66.52688598632812,-1.0731124877929688,1.0731124877929688,1.1515704114572145,1.60014524173739,764311,0.534027099609375,1.0731124877929688,0.5390853881835938
validation,775511,2026-06-08T23:40:00-07:00,775511_1780987200_H30,Quality Rule,764283,67.5,66.31095123291016,-1.1890487670898438,1.1890487670898438,1.4138369705178775,1.7772069434498845,764311,0.3541488647460937,1.1890487670898438,0.83489990234375
validation,775511,2026-06-08T23:45:00-07:00,775511_1780987500_H30,Quality Rule,764283,67.0999984741211,66.12049865722656,-0.9794998168945312,0.9794998168945312,0.9594198912964202,1.4704941516264283,764311,0.7415542602539062,0.9794998168945312,0.237945556640625
validation,775511,2026-06-08T23:50:00-07:00,775511_1780987800_H30,Quality Rule,764283,67.80000305175781,66.21289825439453,-1.5871047973632812,1.5871047973632812,2.518901637813542,2.3685850691264667,764311,0.1132736206054687,1.5871047973632812,1.4738311767578125
validation,775511,2026-06-08T23:55:00-07:00,775511_1780988100_H30,Quality Rule,764283,66.5999984741211,66.25833129882812,-0.34166717529296875,0.34166717529296875,0.11673645867267624,0.5143330844294098,764283,0.3416671752929687,0.3416671752929687,0.0
validation,775511,2026-06-10T23:30:00-07:00,775511_1781159400_H30,Quality Rule,764283,69.19999694824219,68.04183197021484,-1.1581649780273438,1.1581649780273438,1.3413461163290776,1.6877725671764559,764322,0.0645523071289062,1.1581649780273438,1.0936126708984375
validation,775511,2026-06-10T23:35:00-07:00,775511_1781159700_H30,Quality Rule,764283,69.69999694824219,67.72064971923828,-1.9793472290039062,1.9793472290039062,3.917815452965442,2.880712997064856,764311,1.0601654052734375,1.9793472290039065,0.919181823730469
validation,775511,2026-06-10T23:40:00-07:00,775511_1781160000_H30,Quality Rule,764283,68.5999984741211,67.42394256591797,-1.176055908203125,1.176055908203125,1.3831074992194772,1.7291895684907432,764297,0.2941131591796875,1.176055908203125,0.8819427490234375
validation,775511,2026-06-10T23:45:00-07:00,775511_1781160300_H30,Quality Rule,764283,68.80000305175781,67.16444396972656,-1.63555908203125,1.63555908203125,2.675053510814905,2.405862864640627,764297,0.5332565307617188,1.63555908203125,1.1023025512695312
validation,775511,2026-06-10T23:50:00-07:00,775511_1781160600_H30,Quality Rule,764283,68.0999984741211,67.21398162841797,-0.886016845703125,0.886016845703125,0.7850258508697152,1.3095717655837997,764297,0.119476318359375,0.886016845703125,0.76654052734375
validation,775511,2026-06-10T23:55:00-07:00,775511_1781160900_H30,Quality Rule,764283,68.80000305175781,67.05001831054688,-1.7499847412109375,1.7499847412109375,3.062446594471112,2.57634810915794,764297,0.511199951171875,1.7499847412109375,1.2387847900390625
validation,775511,2026-06-23T23:30:00-07:00,775511_1782282600_H30,Quality Rule,764311,68.69999694824219,68.61463165283203,-0.08536529541015625,0.08536529541015625,0.007287233660463244,0.12433532487857861,764311,0.0853652954101562,0.0853652954101562,0.0
validation,775511,2026-06-23T23:35:00-07:00,775511_1782282900_H30,Quality Rule,764311,68.5999984741211,68.49124908447266,-0.1087493896484375,0.1087493896484375,0.011826429748907685,0.158652562861381,764311,0.1087493896484375,0.1087493896484375,0.0
validation,775511,2026-06-23T23:40:00-07:00,775511_1782283200_H30,Quality Rule,764311,67.80000305175781,68.13737487792969,0.337371826171875,0.337371826171875,0.11381974909454584,0.4963635886291111,764311,0.337371826171875,0.337371826171875,0.0
validation,775511,2026-06-23T23:45:00-07:00,775511_1782283500_H30,Quality Rule,764311,66.0,67.87901306152344,1.8790130615234375,1.8790130615234375,3.5306900853756815,2.8070315197570044,764297,0.646728515625,1.8790130615234373,1.2322845458984373
validation,775511,2026-06-23T23:50:00-07:00,775511_1782283800_H30,Quality Rule,764311,66.19999694824219,67.98848724365234,1.7884902954101562,1.7884902954101562,3.198697536776308,2.6656389970459067,764297,0.0592880249023437,1.7884902954101562,1.7292022705078125
validation,775511,2026-06-23T23:55:00-07:00,775511_1782284100_H30,Quality Rule,764311,66.4000015258789,67.91571807861328,1.515716552734375,1.515716552734375,2.2973966682329774,2.256945867412756,764297,0.18756103515625,1.515716552734375,1.328155517578125
validation,775511,2026-06-26T23:30:00-07:00,775511_1782541800_H30,Quality Rule,764311,69.0999984741211,69.6294174194336,0.5294189453125,0.5294189453125,0.28028441965579987,0.76323963174835,764297,0.2876434326171875,0.5294189453125,0.2417755126953125
validation,775511,2026-06-26T23:35:00-07:00,775511_1782542100_H30,Quality Rule,764311,69.0,69.77262878417969,0.7726287841796875,0.7726287841796875,0.5969552381429821,1.1135175363921344,764322,0.3212966918945312,0.7726287841796875,0.4513320922851563
validation,775511,2026-06-26T23:40:00-07:00,775511_1782542400_H30,Quality Rule,764311,70.4000015258789,69.22846221923828,-1.171539306640625,1.171539306640625,1.3725043470039964,1.678080911050902,764297,1.08441162109375,1.171539306640625,0.087127685546875
validation,775511,2026-06-26T23:45:00-07:00,775511_1782542700_H30,Quality Rule,764311,69.5,69.17617797851562,-0.323822021484375,0.323822021484375,0.10486070159822702,0.4670189557711178,764311,0.323822021484375,0.323822021484375,0.0
validation,775511,2026-06-26T23:50:00-07:00,775511_1782543000_H30,Quality Rule,764311,70.0999984741211,69.06038665771484,-1.03961181640625,1.03961181640625,1.0807927288115025,1.4941203388460798,764311,1.03961181640625,1.03961181640625,0.0
validation,775511,2026-06-26T23:55:00-07:00,775511_1782543300_H30,Quality Rule,764311,69.30000305175781,69.15789031982422,-0.14211273193359375,0.14211273193359375,0.020196028577629477,0.205279348755952,764311,0.1421127319335937,0.1421127319335937,0.0
validation,775536,2026-06-02T23:30:00-07:00,775536_1780468200_H30,Quality Rule,768701,68.5999984741211,64.6980209350586,-3.9019775390625,3.9019775390625,15.225428715348244,5.8545168594173465,759870,3.895332336425781,3.9019775390625,0.0066452026367191
validation,775536,2026-06-02T23:35:00-07:00,775536_1780468500_H30,Quality Rule,768701,63.0,63.65107345581055,0.6510734558105469,0.6510734558105469,0.42389664486108813,1.0281372797002382,759870,0.1459884643554687,0.6510734558105469,0.5050849914550781
validation,775536,2026-06-02T23:40:00-07:00,775536_1780468800_H30,Quality Rule,768701,60.79999923706055,63.47230911254883,2.6723098754882812,2.6723098754882812,7.141240070632193,4.30073262414461,759870,1.9369964599609373,2.672309875488281,0.7353134155273435
validation,775536,2026-06-02T23:45:00-07:00,775536_1780469100_H30,Quality Rule,768701,57.20000076293945,63.27784729003906,6.077846527099609,6.077846527099609,36.94021840697678,10.089566795680355,774344,5.827373504638672,6.077846527099609,0.2504730224609375
validation,775536,2026-06-02T23:50:00-07:00,775536_1780469400_H30,Quality Rule,768701,56.59999847412109,63.33253479003906,6.732536315917976,6.732536315917976,45.32704524515439,11.227205957457837,774344,6.346874237060547,6.732536315917969,0.3856620788574219
validation,775536,2026-06-02T23:55:00-07:00,775536_1780469700_H30,Quality Rule,768701,53.59999847412109,63.08964157104492,9.489643096923835,9.489643096923835,90.05332610699419,16.264756686072527,774344,9.152359008789062,9.489643096923828,0.3372840881347656
validation,775536,2026-06-03T19:05:00-07:00,775536_1780538700_H30,Quality Rule,768701,67.5999984741211,55.7657470703125,-11.834251403808594,11.834251403808594,140.04950628854567,19.18563577864162,718405,4.34954833984375,11.834251403808594,7.484703063964844
validation,775536,2026-06-03T19:10:00-07:00,775536_1780539000_H30,Quality Rule,768701,64.69999694824219,58.54830551147461,-6.151691436767578,6.151691436767578,37.84330753319955,9.982598160108928,718405,0.4546356201171875,6.151691436767578,5.697055816650391
validation,775536,2026-06-03T19:15:00-07:00,775536_1780539300_H30,Quality Rule,768701,62.20000076293945,58.68287658691406,-3.5171241760253906,3.5171241760253906,12.370162469582283,5.81906093573698,774344,0.8779869079589844,3.51712417602539,2.639137268066406
validation,775536,2026-06-03T19:20:00-07:00,775536_1780539600_H30,Quality Rule,768701,57.59999847412109,58.93691253662109,1.3369140625,1.3369140625,1.787339210510254,2.2944044756853788,759870,0.9929847717285156,1.3369140625,0.3439292907714844
validation,775536,2026-06-03T19:25:00-07:00,775536_1780539900_H30,Quality Rule,768701,56.29999923706055,61.51699447631836,5.2169952392578125,5.2169952392578125,27.21703932643868,8.856099668726973,759870,2.236003875732422,5.2169952392578125,2.98099136352539
validation,775536,2026-06-03T19:30:00-07:00,775536_1780540200_H30,Quality Rule,768701,58.29999923706055,59.22162628173828,0.9216270446777344,0.9216270446777344,0.8493964094814146,1.5684382049125407,759870,0.7783393859863281,0.9216270446777344,0.1432876586914062
validation,775536,2026-06-06T23:30:00-07:00,775536_1780813800_H30,Quality Rule,768701,68.5999984741211,62.78094100952149,-5.819057464599602,5.819057464599602,33.86142977631235,8.858297776189382,718405,2.637031555175781,5.819057464599609,3.182025909423829
validation,775536,2026-06-06T23:35:00-07:00,775536_1780814100_H30,Quality Rule,768701,66.5,62.30391693115234,-4.196083068847663,4.196083068847663,17.607113120670025,6.515458747288314,718405,0.698974609375,4.196083068847656,3.497108459472656
validation,775536,2026-06-06T23:40:00-07:00,775536_1780814400_H30,Quality Rule,768701,64.0,62.388301849365234,-1.6116981506347656,1.6116981506347656,2.5975709287595237,2.5503913167592,774344,1.2070159912109375,1.6116981506347656,0.4046821594238281
validation,775536,2026-06-06T23:45:00-07:00,775536_1780814700_H30,Quality Rule,768701,61.400001525878906,62.24273681640625,0.8427352905273438,0.8427352905273438,0.7102027699002065,1.3631779674411222,768701,0.8427352905273438,0.8427352905273438,0.0
validation,775536,2026-06-06T23:50:00-07:00,775536_1780815000_H30,Quality Rule,768701,55.70000076293945,62.25313568115234,6.5531349182128835,6.5531349182128835,42.943577256300976,11.111421129122542,759870,6.500274658203125,6.553134918212891,0.0528602600097656
validation,775536,2026-06-06T23:55:00-07:00,775536_1780815300_H30,Quality Rule,768701,54.900001525878906,62.42211151123047,7.5221099853515625,7.5221099853515625,56.582138631725684,12.823004507014414,768701,7.522109985351562,7.522109985351562,0.0
validation,775536,2026-06-10T23:30:00-07:00,775536_1781159400_H30,Quality Rule,768701,68.5999984741211,64.32022094726562,-4.279777526855469,4.279777526855469,18.316495679377113,6.439618461792525,718405,3.2161865234375,4.279777526855469,1.0635910034179688
validation,775536,2026-06-10T23:35:00-07:00,775536_1781159700_H30,Quality Rule,768701,62.70000076293945,63.07558822631836,0.37558746337890625,0.37558746337890625,0.14106594264740124,0.5972342700375872,774344,0.1846847534179687,0.3755874633789062,0.1909027099609375
validation,775536,2026-06-10T23:40:00-07:00,775536_1781160000_H30,Quality Rule,768701,59.400001525878906,62.974571228027344,3.5745697021484375,3.5745697021484375,12.77754855551757,5.842013732912938,759870,2.662708282470703,3.574569702148437,0.911861419677734
validation,775536,2026-06-10T23:45:00-07:00,775536_1781160300_H30,Quality Rule,768701,56.20000076293945,62.1420783996582,5.94207763671875,5.94207763671875,35.308286640793085,10.042205830004939,768701,5.94207763671875,5.94207763671875,0.0
validation,775536,2026-06-10T23:50:00-07:00,775536_1781160600_H30,Quality Rule,768701,50.900001525878906,62.07301330566406,11.173011779785156,11.173011779785156,124.83619223121786,19.779965503347327,759870,10.151618957519531,11.173011779785156,1.021392822265625
validation,775536,2026-06-10T23:55:00-07:00,775536_1781160900_H30,Quality Rule,768701,48.5,61.84056854248047,13.340568542480469,13.340568542480469,177.97076903661946,24.18071358122622,768701,13.340568542480469,13.340568542480469,0.0
validation,775536,2026-06-17T11:15:00-07:00,775536_1781720100_H30,Quality Rule,768701,66.9000015258789,64.31900787353516,-2.58099365234375,2.58099365234375,6.66152823343873,3.933871539630625,768701,2.58099365234375,2.58099365234375,0.0
validation,775536,2026-06-18T23:30:00-07:00,775536_1781850600_H30,Quality Rule,768701,72.19999694824219,64.35930633544922,-7.840690612792969,7.840690612792969,61.47642928553978,11.483202340434511,718405,5.707443237304688,7.840690612792969,2.1332473754882804
validation,775536,2026-06-18T23:35:00-07:00,775536_1781850900_H30,Quality Rule,768701,69.69999694824219,63.947265625,-5.7527313232421875,5.7527313232421875,33.09391767741181,8.60882769977485,718405,3.5247573852539062,5.752731323242188,2.227973937988282
validation,775536,2026-06-18T23:40:00-07:00,775536_1781851200_H30,Quality Rule,768701,69.19999694824219,63.84556579589844,-5.35443115234375,5.35443115234375,28.66993296518922,8.04901869954993,718405,3.705757141113281,5.35443115234375,1.6486740112304692
validation,775536,2026-06-18T23:45:00-07:00,775536_1781851500_H30,Quality Rule,768701,62.900001525878906,63.79957580566406,0.8995742797851562,0.8995742797851562,0.8092338848509826,1.4200114816975669,759870,0.84869384765625,0.8995742797851562,0.0508804321289062
validation,775536,2026-06-18T23:50:00-07:00,775536_1781851800_H30,Quality Rule,768701,65.4000015258789,63.6279296875,-1.7720718383789062,1.7720718383789062,3.1402386003755964,2.746803437023786,718405,1.6835861206054688,1.7720718383789062,0.0884857177734375
validation,775536,2026-06-18T23:55:00-07:00,775536_1781852100_H30,Quality Rule,768701,66.5,63.31818771362305,-3.181812286376953,3.181812286376953,10.123929425739334,4.90195144132843,774344,2.628082275390625,3.181812286376953,0.5537300109863281
validation,775536,2026-06-22T23:30:00-07:00,775536_1782196200_H30,Quality Rule,768701,69.30000305175781,63.6805534362793,-5.619449615478516,5.619449615478516,31.578213980901637,8.45153565547962,718405,4.532600402832031,5.619449615478516,1.0868492126464844
validation,775536,2026-06-22T23:35:00-07:00,775536_1782196500_H30,Quality Rule,768701,72.19999694824219,62.24627685546875,-9.953720092773438,9.953720092773438,99.07654368528165,14.80698532898094,718405,7.443389892578125,9.953720092773438,2.5103302001953125
validation,775536,2026-06-22T23:40:00-07:00,775536_1782196800_H30,Quality Rule,768701,71.5999984741211,62.12102508544922,-9.478973388671875,9.478973388671875,89.85093650314957,14.177237154579478,718405,7.09967041015625,9.478973388671877,2.3793029785156268
validation,775536,2026-06-22T23:45:00-07:00,775536_1782197100_H30,Quality Rule,768701,72.0,62.82499313354492,-9.175006866455078,9.175006866455078,84.18075099949783,13.610246268384305,718405,7.487525939941406,9.175006866455078,1.687480926513672
validation,775536,2026-06-22T23:50:00-07:00,775536_1782197400_H30,Quality Rule,768701,69.19999694824219,61.78320693969727,-7.416790008544915,7.416790008544915,55.008774030851676,11.324795442118292,718405,4.67864990234375,7.416790008544922,2.738140106201172
validation,775536,2026-06-22T23:55:00-07:00,775536_1782197700_H30,Quality Rule,768701,67.30000305175781,62.75312423706055,-4.546878814697266,4.546878814697266,20.67410695554281,6.992340552700408,718405,2.8359146118164062,4.546878814697266,1.7109642028808594
validation,775536,2026-06-26T23:30:00-07:00,775536_1782541800_H30,Quality Rule,768701,57.70000076293945,64.390625,6.690624237060547,6.690624237060547,44.764452681542025,10.960094831934276,768701,6.690624237060547,6.690624237060547,0.0
validation,775536,2026-06-26T23:35:00-07:00,775536_1782542100_H30,Quality Rule,768701,58.70000076293945,64.0419692993164,5.341968536376953,5.341968536376953,28.536627843641327,8.704387733300221,768701,5.341968536376953,5.341968536376953,0.0
validation,775536,2026-06-26T23:40:00-07:00,775536_1782542400_H30,Quality Rule,768701,57.5,63.955196380615234,6.455196380615234,6.455196380615234,41.66956031230802,10.629757342349041,768701,6.455196380615234,6.455196380615234,0.0
validation,775536,2026-06-26T23:45:00-07:00,775536_1782542700_H30,Quality Rule,768701,60.29999923706055,63.47299575805664,3.1729965209960938,3.1729965209960938,10.067906922253314,5.127122431651033,759870,2.760845184326172,3.1729965209960938,0.4121513366699219
validation,775536,2026-06-26T23:50:00-07:00,775536_1782543000_H30,Quality Rule,768701,58.20000076293945,63.03872299194336,4.838722229003906,4.838722229003906,23.41323280945653,7.982139763984988,759870,4.496604919433594,4.838722229003906,0.3421173095703125
validation,775536,2026-06-26T23:55:00-07:00,775536_1782543300_H30,Quality Rule,768701,56.20000076293945,63.13329315185547,6.933292388916016,6.933292388916016,48.07054335020075,11.620046850908542,759870,6.547634124755859,6.933292388916016,0.3856582641601562
validation,765501,2026-06-03T15:25:00-07:00,765501_1780525500_H30,Ridge,773773,64.30000305175781,55.03448867797852,-9.26551437377929,9.26551437377929,85.84975661071063,15.52864416956702,773773,9.265514373779297,9.265514373779297,0.0
validation,765501,2026-06-03T15:30:00-07:00,765501_1780525800_H30,Ridge,763616,64.69999694824219,56.93397903442383,-7.766017913818359,7.766017913818359,60.31103423774766,12.769487780416963,763616,7.766017913818359,7.766017913818359,0.0
validation,765501,2026-06-03T15:35:00-07:00,765501_1780526100_H30,Ridge,763616,65.5999984741211,63.272579193115234,-2.3274192810058594,2.3274192810058594,5.416880509597831,3.611969753496624,763616,2.32741928100586,2.32741928100586,0.0
validation,765501,2026-06-03T15:40:00-07:00,765501_1780526400_H30,Ridge,763616,66.30000305175781,60.8970947265625,-5.4029083251953125,5.4029083251953125,29.191418370464817,8.495332640584085,763616,5.4029083251953125,5.4029083251953125,0.0
validation,765501,2026-06-03T15:45:00-07:00,765501_1780526700_H30,Ridge,763616,67.80000305175781,62.142845153808594,-5.657157897949219,5.657157897949219,32.00343548232922,8.707147692290068,763616,5.657157897949219,5.657157897949219,0.0
validation,765501,2026-06-03T15:50:00-07:00,765501_1780527000_H30,Ridge,763616,67.9000015258789,59.77885055541992,-8.121150970458984,8.121150970458984,65.9530930849869,12.721215415818131,763616,8.121150970458984,8.121150970458984,0.0
validation,765501,2026-06-06T07:20:00-07:00,765501_1780755600_H30,Ridge,763616,67.30000305175781,67.70878601074219,0.408782958984375,0.408782958984375,0.1671035075560212,0.6055649543931709,763616,0.408782958984375,0.408782958984375,0.0
validation,765501,2026-06-06T07:25:00-07:00,765501_1780755900_H30,Ridge,763616,66.0999984741211,67.9832992553711,1.88330078125,1.88330078125,3.5468218326568604,2.809150429763047,717951,1.1006240844726562,1.88330078125,0.7826766967773438
validation,765501,2026-06-06T07:30:00-07:00,765501_1780756200_H30,Ridge,763616,66.0999984741211,67.05950164794922,0.959503173828125,0.959503173828125,0.9206463405862451,1.4411336265799417,763616,0.959503173828125,0.959503173828125,0.0
validation,765501,2026-06-06T07:35:00-07:00,765501_1780756500_H30,Ridge,763616,65.4000015258789,67.34626770019531,1.9462661743164062,1.9462661743164062,3.78795202128822,2.9323101447623463,776019,0.2828750610351562,1.9462661743164065,1.6633911132812502
validation,765501,2026-06-06T07:40:00-07:00,765501_1780756800_H30,Ridge,763616,66.0,67.40594482421875,1.40594482421875,1.40594482421875,1.9766808487474918,2.107769358453156,717951,0.369842529296875,1.40594482421875,1.036102294921875
validation,765501,2026-06-06T07:45:00-07:00,765501_1780757100_H30,Ridge,763616,65.69999694824219,67.24624633789062,1.5462493896484375,1.5462493896484375,2.3908871749881655,2.326127222248612,776019,0.2406005859375,1.5462493896484375,1.3056488037109375
validation,765501,2026-06-11T23:30:00-07:00,765501_1781245800_H30,Ridge,763616,69.5,67.93059539794922,-1.5694046020507812,1.5694046020507812,2.463030804938171,2.2839231483888116,763616,1.5694046020507812,1.5694046020507812,0.0
validation,765501,2026-06-11T23:35:00-07:00,765501_1781246100_H30,Ridge,763616,66.69999694824219,68.1680908203125,1.4680938720703125,1.4680938720703125,2.155299617210403,2.177081154593491,763616,1.4680938720703125,1.4680938720703125,0.0
validation,765501,2026-06-11T23:40:00-07:00,765501_1781246400_H30,Ridge,763616,66.19999694824219,67.5957260131836,1.3957290649414062,1.3957290649414062,1.9480596227222122,2.086358253637171,773784,1.1476974487304688,1.3957290649414062,0.2480316162109375
validation,765501,2026-06-11T23:45:00-07:00,765501_1781246700_H30,Ridge,763616,67.9000015258789,67.22225189208984,-0.6777496337890625,0.6777496337890625,0.45934456610120833,1.0031650770014602,763616,0.6777496337890625,0.6777496337890625,0.0
validation,765501,2026-06-11T23:50:00-07:00,765501_1781247000_H30,Ridge,763616,67.0999984741211,67.03781127929688,-0.06218719482421875,0.06218719482421875,0.0038672472001053393,0.09272135049011028,763616,0.0621871948242187,0.0621871948242187,0.0
validation,765501,2026-06-11T23:55:00-07:00,765501_1781247300_H30,Ridge,763616,66.0,66.90170288085938,0.901702880859375,0.901702880859375,0.8130680853500962,1.3569470586588004,763616,0.901702880859375,0.901702880859375,0.0
validation,765501,2026-06-15T23:30:00-07:00,765501_1781591400_H30,Ridge,763616,69.19999694824219,65.79325103759766,-3.4067459106445312,3.4067459106445312,11.605917699693237,5.047283380818374,773784,3.362983703613281,3.4067459106445312,0.0437622070312504
validation,765501,2026-06-15T23:35:00-07:00,765501_1781591700_H30,Ridge,763616,64.30000305175781,64.96659088134766,0.6665878295898438,0.6665878295898438,0.44433933455729857,1.0313381116518126,763616,0.6665878295898438,0.6665878295898438,0.0
validation,765501,2026-06-15T23:40:00-07:00,765501_1781592000_H30,Ridge,763616,61.5,64.9026870727539,3.4026870727539062,3.4026870727539062,11.578279315086547,5.383884037015753,776019,0.8366851806640625,3.4026870727539062,2.566001892089844
validation,765501,2026-06-15T23:45:00-07:00,765501_1781592300_H30,Ridge,763616,61.59999847412109,64.27720642089844,2.677207946777351,2.677207946777351,7.167442390287799,4.253681876304306,776019,0.5329322814941406,2.677207946777344,2.144275665283204
validation,765501,2026-06-15T23:50:00-07:00,765501_1781592600_H30,Ridge,763616,62.0,64.755615234375,2.755615234375,2.755615234375,7.593415319919586,4.347918169211191,776019,0.4062042236328125,2.755615234375,2.3494110107421875
validation,765501,2026-06-15T23:55:00-07:00,765501_1781592900_H30,Ridge,763616,66.5999984741211,64.84000396728516,-1.7599945068359375,1.7599945068359375,3.097580664092675,2.6780195690127377,763616,1.7599945068359375,1.7599945068359375,0.0
validation,765501,2026-06-17T22:00:00-07:00,765501_1781758800_H30,Ridge,763616,70.5,67.117919921875,-3.382080078125,3.382080078125,11.438465654850006,4.915173918438994,763616,3.382080078125,3.382080078125,0.0
validation,765501,2026-06-17T22:05:00-07:00,765501_1781759100_H30,Ridge,763616,69.69999694824219,67.79293060302734,-1.9070663452148438,1.9070663452148438,3.6369020450511016,2.7740573501621513,763616,1.907066345214844,1.907066345214844,0.0
validation,765501,2026-06-17T22:10:00-07:00,765501_1781759400_H30,Ridge,763616,70.9000015258789,67.7587661743164,-3.1412353515625,3.1412353515625,9.867359533905983,4.530885974264497,763616,3.1412353515625,3.1412353515625,0.0
validation,765501,2026-06-17T22:15:00-07:00,765501_1781759700_H30,Ridge,763616,71.5,67.86156463623047,-3.6384353637695312,3.6384353637695312,13.238211896328721,5.221576475779245,763616,3.6384353637695312,3.6384353637695312,0.0
validation,765501,2026-06-17T22:20:00-07:00,765501_1781760000_H30,Ridge,763616,68.5999984741211,68.07894897460938,-0.5210494995117188,0.5210494995117188,0.2714925809414126,0.7624429444702221,763616,0.5210494995117188,0.5210494995117188,0.0
validation,765501,2026-06-17T22:25:00-07:00,765501_1781760300_H30,Ridge,763616,66.0999984741211,67.90238952636719,1.8023910522460938,1.8023910522460938,3.248613505216781,2.690087939013574,773784,0.4557647705078125,1.8023910522460933,1.346626281738281
validation,765501,2026-06-18T23:30:00-07:00,765501_1781850600_H30,Ridge,763616,69.0999984741211,67.93778991699219,-1.1622085571289062,1.1622085571289062,1.3507287302636541,1.696186960243353,763616,1.1622085571289062,1.1622085571289062,0.0
validation,765501,2026-06-18T23:35:00-07:00,765501_1781850900_H30,Ridge,763616,68.0,67.90328979492188,-0.096710205078125,0.096710205078125,0.009352863766252995,0.14232209464899676,763616,0.096710205078125,0.096710205078125,0.0
validation,765501,2026-06-18T23:40:00-07:00,765501_1781851200_H30,Ridge,763616,66.69999694824219,68.04795837402344,1.34796142578125,1.34796142578125,1.8170000053942204,2.000715205739286,763616,1.34796142578125,1.34796142578125,0.0
validation,765501,2026-06-18T23:45:00-07:00,765501_1781851500_H30,Ridge,763616,65.5,67.6846923828125,2.1846923828125,2.1846923828125,4.772880807518959,3.2806958927825782,773784,0.803955078125,2.1846923828125,1.3807373046875
validation,765501,2026-06-18T23:50:00-07:00,765501_1781851800_H30,Ridge,763616,64.0999984741211,67.65824127197266,3.5582427978515625,3.5582427978515625,12.661091808462515,5.401169259247345,773784,1.0506591796875,3.5582427978515625,2.5075836181640625
validation,765501,2026-06-18T23:55:00-07:00,765501_1781852100_H30,Ridge,763616,64.5,67.87493133544922,3.3749313354492188,3.3749313354492188,11.390161518997047,5.099049005587944,773784,0.2287368774414062,3.3749313354492188,3.1461944580078125
validation,765501,2026-06-24T23:30:00-07:00,765501_1782369000_H30,Ridge,763616,69.4000015258789,68.66033935546875,-0.7396621704101562,0.7396621704101562,0.547100126335863,1.0715056334509725,763616,0.7396621704101562,0.7396621704101562,0.0
validation,765501,2026-06-24T23:35:00-07:00,765501_1782369300_H30,Ridge,763616,70.5999984741211,68.45613098144531,-2.1438674926757812,2.1438674926757812,4.596167826151941,3.083456278629624,763616,2.143867492675781,2.143867492675781,0.0
validation,765501,2026-06-24T23:40:00-07:00,765501_1782369600_H30,Ridge,763616,68.80000305175781,67.49272155761719,-1.307281494140625,1.307281494140625,1.708984904922545,1.9183437535578973,763616,1.307281494140625,1.307281494140625,0.0
validation,765501,2026-06-24T23:45:00-07:00,765501_1782369900_H30,Ridge,763616,68.9000015258789,67.58818817138672,-1.3118133544921875,1.3118133544921875,1.7208542770240456,1.9222371514936758,763616,1.3118133544921875,1.3118133544921875,0.0
validation,765501,2026-06-24T23:50:00-07:00,765501_1782370200_H30,Ridge,763616,69.19999694824219,67.28825378417969,-1.9117431640625,1.9117431640625,3.654761925339699,2.801329989646835,763616,1.9117431640625,1.9117431640625,0.0
validation,765501,2026-06-24T23:55:00-07:00,765501_1782370500_H30,Ridge,763616,68.0,67.15960693359375,-0.84039306640625,0.84039306640625,0.7062605060636997,1.2435565317992778,763616,0.84039306640625,0.84039306640625,0.0
validation,765501,2026-06-27T23:30:00-07:00,765501_1782628200_H30,Ridge,763616,69.19999694824219,68.1192626953125,-1.0807342529296875,1.0807342529296875,1.1679865254554898,1.5740461285106893,763616,1.0807342529296875,1.0807342529296875,0.0
validation,765501,2026-06-27T23:35:00-07:00,765501_1782628500_H30,Ridge,763616,69.0,67.96534729003906,-1.0346527099609375,1.0346527099609375,1.0705062302295119,1.510824048386235,763616,1.0346527099609375,1.0346527099609375,0.0
validation,765501,2026-06-27T23:40:00-07:00,765501_1782628800_H30,Ridge,763616,69.30000305175781,67.94452667236328,-1.3554763793945312,1.3554763793945312,1.8373162150965072,1.9752719794994391,763616,1.3554763793945312,1.3554763793945312,0.0
validation,765501,2026-06-27T23:45:00-07:00,765501_1782629100_H30,Ridge,763616,68.0,67.71965789794922,-0.28034210205078125,0.28034210205078125,0.07859169418225065,0.41311937316549996,763616,0.2803421020507812,0.2803421020507812,0.0
validation,765501,2026-06-27T23:50:00-07:00,765501_1782629400_H30,Ridge,763616,67.69999694824219,67.85736083984375,0.1573638916015625,0.1573638916015625,0.024763394379988313,0.2321731450191004,763616,0.1573638916015625,0.1573638916015625,0.0
validation,765501,2026-06-27T23:55:00-07:00,765501_1782629700_H30,Ridge,763616,67.9000015258789,67.83699798583984,-0.0630035400390625,0.0630035400390625,0.0039694460574537516,0.09283178470357187,763616,0.0630035400390625,0.0630035400390625,0.0
validation,769895,2026-06-03T17:30:00-07:00,769895_1780533000_H30,Ridge,769866,69.9000015258789,66.97347259521484,-2.9265289306640625,2.9265289306640625,8.564571582013741,4.276254297006669,769847,1.6959075927734375,2.9265289306640625,1.230621337890625
validation,769895,2026-06-03T17:35:00-07:00,769895_1780533300_H30,Ridge,769847,67.0,67.97216796875,0.97216796875,0.97216796875,0.945110559463501,1.4405458194497642,769880,0.6902694702148438,0.97216796875,0.2818984985351562
validation,769895,2026-06-03T17:40:00-07:00,769895_1780533600_H30,Ridge,769866,66.0999984741211,65.35717010498047,-0.742828369140625,0.742828369140625,0.5517939860001206,1.1301450830243895,769880,0.4317245483398437,0.742828369140625,0.3111038208007813
validation,769895,2026-06-03T17:45:00-07:00,769895_1780533900_H30,Ridge,769847,66.0,68.17552947998047,2.1755294799804688,2.1755294799804688,4.732928518264089,3.24281107322332,769866,1.0536956787109375,2.1755294799804688,1.1218338012695312
validation,769895,2026-06-03T17:50:00-07:00,769895_1780534200_H30,Ridge,769847,65.5999984741211,68.3743667602539,2.7743682861328125,2.7743682861328125,7.697119387099519,4.141640470654405,769866,0.19903564453125,2.7743682861328125,2.5753326416015625
validation,769895,2026-06-03T17:55:00-07:00,769895_1780534500_H30,Ridge,769847,64.69999694824219,68.32328796386719,3.623291015625,3.623291015625,13.128237783908844,5.447604140554709,769866,0.6420745849609375,3.623291015625,2.9812164306640625
validation,769895,2026-06-04T23:30:00-07:00,769895_1780641000_H30,Ridge,769880,69.0,68.46024322509766,-0.5397567749023438,0.5397567749023438,0.2913373760529794,0.7853278276131482,769880,0.5397567749023438,0.5397567749023438,0.0
validation,769895,2026-06-04T23:35:00-07:00,769895_1780641300_H30,Ridge,769880,67.4000015258789,68.1091079711914,0.7091064453125,0.7091064453125,0.5028319507837296,1.046581211715401,770385,0.391693115234375,0.7091064453125,0.317413330078125
validation,769895,2026-06-04T23:40:00-07:00,769895_1780641600_H30,Ridge,769880,63.400001525878906,67.4303207397461,4.0303192138671875,4.0303192138671875,16.243472965667024,6.161139273017654,769866,2.3920211791992188,4.030319213867188,1.6382980346679696
validation,769895,2026-06-04T23:45:00-07:00,769895_1780641900_H30,Ridge,769880,61.5,67.60936737060547,6.109367370605469,6.109367370605469,37.32436966901878,9.463863773337765,769866,4.1884307861328125,6.109367370605469,1.920936584472656
validation,769895,2026-06-04T23:50:00-07:00,769895_1780642200_H30,Ridge,769880,59.70000076293945,67.89420318603516,8.194202423095703,8.194202423095703,67.14495335066749,12.844160792996194,769866,5.606586456298828,8.194202423095703,2.587615966796875
validation,769895,2026-06-04T23:55:00-07:00,769895_1780642500_H30,Ridge,769847,66.30000305175781,66.87753295898438,0.5775299072265625,0.5775299072265625,0.3335407937411219,0.8673082866519428,770385,0.1097946166992187,0.5775299072265625,0.4677352905273438
validation,769895,2026-06-06T07:20:00-07:00,769895_1780755600_H30,Ridge,769866,71.0,64.23873138427734,-6.761268615722656,6.761268615722656,45.714753293956164,9.999012112167227,769847,3.0790557861328125,6.761268615722656,3.682212829589844
validation,769895,2026-06-06T07:25:00-07:00,769895_1780755900_H30,Ridge,770385,71.5999984741211,66.41739654541016,-5.1826019287109375,5.1826019287109375,26.85936275147833,7.510070582664134,769847,3.4980926513671875,5.1826019287109375,1.68450927734375
validation,769895,2026-06-06T07:30:00-07:00,769895_1780756200_H30,Ridge,769847,67.80000305175781,67.35013580322266,-0.44986724853515625,0.44986724853515625,0.20238054130459204,0.6657296085936355,769847,0.4498672485351562,0.4498672485351562,0.0
validation,769895,2026-06-06T07:35:00-07:00,769895_1780756500_H30,Ridge,769847,64.69999694824219,67.51806640625,2.8180694580078125,2.8180694580078125,7.941515470156446,4.262760117940068,770116,0.3459930419921875,2.8180694580078125,2.472076416015625
validation,769895,2026-06-06T07:40:00-07:00,769895_1780756800_H30,Ridge,769847,63.20000076293945,67.46308898925781,4.263088226318359,4.263088226318359,18.173921225374215,6.525313616533551,769880,0.6638717651367188,4.263088226318359,3.5992164611816406
validation,769895,2026-06-06T07:45:00-07:00,769895_1780757100_H30,Ridge,769847,62.400001525878906,67.67646026611328,5.276458740234375,5.276458740234375,27.841016837395728,8.112857048814533,769880,0.1684761047363281,5.276458740234375,5.107982635498047
validation,769895,2026-06-12T23:30:00-07:00,769895_1781332200_H30,Ridge,769847,69.0999984741211,68.34983825683594,-0.7501602172851562,0.7501602172851562,0.5627403515973128,1.0915403461639765,770385,0.51239013671875,0.7501602172851562,0.2377700805664062
validation,769895,2026-06-12T23:35:00-07:00,769895_1781332500_H30,Ridge,769847,68.5999984741211,68.21595764160156,-0.38404083251953125,0.38404083251953125,0.14748736104229465,0.5613977208735953,769847,0.3840408325195312,0.3840408325195312,0.0
validation,769895,2026-06-12T23:40:00-07:00,769895_1781332800_H30,Ridge,769880,70.0999984741211,67.2549819946289,-2.8450164794921875,2.8450164794921875,8.09411876858212,4.142574880168383,769847,2.233505249023437,2.8450164794921875,0.6115112304687504
validation,769895,2026-06-12T23:45:00-07:00,769895_1781333100_H30,Ridge,769847,68.19999694824219,67.65027618408203,-0.5497207641601562,0.5497207641601562,0.30219291854882613,0.8093038717385344,769847,0.5497207641601562,0.5497207641601562,0.0
validation,769895,2026-06-12T23:50:00-07:00,769895_1781333400_H30,Ridge,769880,65.69999694824219,67.37799835205078,1.6780014038085938,1.6780014038085938,2.8156887111836113,2.5218314829780764,769866,0.5410308837890625,1.6780014038085938,1.1369705200195312
validation,769895,2026-06-12T23:55:00-07:00,769895_1781333700_H30,Ridge,769880,68.0,67.75299835205078,-0.24700164794921875,0.24700164794921875,0.0610098140896298,0.36389862342365603,769880,0.2470016479492187,0.2470016479492187,0.0
validation,769895,2026-06-17T11:15:00-07:00,769895_1781720100_H30,Ridge,769866,59.09999847412109,63.27995300292969,4.179954528808601,4.179954528808601,17.472019862907533,6.8311099068165495,769880,1.4925460815429688,4.179954528808594,2.687408447265625
validation,769965,2026-06-03T17:30:00-07:00,769965_1780533000_H30,Ridge,770129,40.900001525878906,56.08055114746094,15.180549621582031,15.180549621582031,230.44908681331435,31.30637854000043,769911,2.1030349731445312,15.180549621582031,13.0775146484375
validation,769965,2026-06-03T17:35:00-07:00,769965_1780533300_H30,Ridge,770129,46.29999923706055,57.56181335449219,11.26181411743164,11.26181411743164,126.8284572155826,21.68614956353426,769867,6.391258239746094,11.26181411743164,4.870555877685547
validation,769965,2026-06-03T17:40:00-07:00,769965_1780533600_H30,Ridge,770129,46.70000076293945,57.94218826293945,11.2421875,11.2421875,126.38677978515625,21.486911726942473,769911,5.899688720703125,11.2421875,5.342498779296875
validation,769965,2026-06-03T17:45:00-07:00,769965_1780533900_H30,Ridge,770129,48.29999923706055,56.89311218261719,8.59311294555664,8.59311294555664,73.84159009509312,16.337786282572598,769911,2.885944366455078,8.59311294555664,5.7071685791015625
validation,769965,2026-06-03T17:50:00-07:00,769965_1780534200_H30,Ridge,770129,49.79999923706055,57.67636489868164,7.876365661621094,7.876365661621094,62.03713603556389,14.656926016567974,769926,6.421836853027344,7.876365661621094,1.45452880859375
validation,769965,2026-06-03T17:55:00-07:00,769965_1780534500_H30,Ridge,770129,52.20000076293945,57.35698699951172,5.156986236572266,5.156986236572266,26.59450704419578,9.414253339426825,769911,4.758838653564453,5.156986236572266,0.3981475830078125
validation,769965,2026-06-04T23:30:00-07:00,769965_1780641000_H30,Ridge,770129,68.0,67.56485748291016,-0.43514251708984375,0.43514251708984375,0.18934901017928496,0.641969492624373,769926,0.2534942626953125,0.4351425170898437,0.1816482543945312
validation,769965,2026-06-04T23:35:00-07:00,769965_1780641300_H30,Ridge,769926,69.30000305175781,67.97996520996094,-1.320037841796875,1.320037841796875,1.7424999037757516,1.9231324845073003,769926,1.320037841796875,1.320037841796875,0.0
validation,769965,2026-06-04T23:40:00-07:00,769965_1780641600_H30,Ridge,770129,71.30000305175781,67.2709732055664,-4.029029846191406,4.029029846191406,16.233081501501147,5.815113562646756,769926,3.3481369018554688,4.029029846191406,0.6808929443359375
validation,769965,2026-06-04T23:45:00-07:00,769965_1780641900_H30,Ridge,770129,71.4000015258789,67.44011688232422,-3.9598846435546875,3.9598846435546875,15.680686390260234,5.704236873943116,769926,3.30047607421875,3.959884643554688,0.6594085693359379
validation,769965,2026-06-04T23:50:00-07:00,769965_1780642200_H30,Ridge,769926,70.0,67.93697357177734,-2.0630264282226562,2.0630264282226562,4.256078043545131,2.9912595004019504,769926,2.063026428222656,2.063026428222656,0.0
validation,769965,2026-06-04T23:55:00-07:00,769965_1780642500_H30,Ridge,769926,64.80000305175781,67.88697052001953,3.0869674682617188,3.0869674682617188,9.529368150106166,4.653007543844202,770141,0.8677291870117188,3.0869674682617188,2.21923828125
validation,769965,2026-06-06T07:20:00-07:00,769965_1780755600_H30,Ridge,769867,68.30000305175781,69.18226623535156,0.88226318359375,0.88226318359375,0.778388325124979,1.283457396726555,769926,0.04083251953125,0.88226318359375,0.8414306640625
validation,769965,2026-06-06T07:25:00-07:00,769965_1780755900_H30,Ridge,769926,70.9000015258789,68.71013641357422,-2.1898651123046875,2.1898651123046875,4.795509210089222,3.1371147238158685,769867,1.7569351196289062,2.1898651123046875,0.4329299926757812
validation,769965,2026-06-06T07:30:00-07:00,769965_1780756200_H30,Ridge,770129,72.0999984741211,68.92127227783203,-3.1787261962890625,3.1787261962890625,10.104300230974331,4.508151368653414,770129,3.1787261962890625,3.1787261962890625,0.0
validation,769965,2026-06-06T07:35:00-07:00,769965_1780756500_H30,Ridge,770129,69.9000015258789,69.03805541992188,-0.8619461059570312,0.8619461059570312,0.7429510895744897,1.2407631410729423,770129,0.8619461059570312,0.8619461059570312,0.0
validation,769965,2026-06-06T07:40:00-07:00,769965_1780756800_H30,Ridge,769926,67.30000305175781,68.29598236083984,0.9959793090820312,0.9959793090820312,0.9919747841195203,1.4690395127941618,769867,0.5607376098632812,0.9959793090820312,0.43524169921875
validation,769965,2026-06-06T07:45:00-07:00,769965_1780757100_H30,Ridge,770129,64.9000015258789,68.63172149658203,3.731719970703125,3.731719970703125,13.925733939744532,5.58926352224049,769867,3.4769821166992188,3.731719970703125,0.2547378540039062
validation,769965,2026-06-12T23:30:00-07:00,769965_1781332200_H30,Ridge,769926,67.5999984741211,68.1112289428711,0.51123046875,0.51123046875,0.2613565921783447,0.7534092421286928,769867,0.0236358642578125,0.51123046875,0.4875946044921875
validation,769965,2026-06-12T23:35:00-07:00,769965_1781332500_H30,Ridge,770129,66.0999984741211,67.4648208618164,1.3648223876953125,1.3648223876953125,1.862740149954334,2.043685431931192,769867,0.67138671875,1.3648223876953125,0.6934356689453125
validation,769965,2026-06-12T23:40:00-07:00,769965_1781332800_H30,Ridge,770129,66.4000015258789,66.89100646972656,0.49100494384765625,0.49100494384765625,0.24108585488284007,0.7367412814225818,769867,0.051177978515625,0.4910049438476562,0.4398269653320312
validation,769965,2026-06-12T23:45:00-07:00,769965_1781333100_H30,Ridge,770129,67.0999984741211,66.51334381103516,-0.5866546630859375,0.5866546630859375,0.34416369372047484,0.8781378396226566,769911,0.1507339477539062,0.5866546630859375,0.4359207153320313
validation,769965,2026-06-12T23:50:00-07:00,769965_1781333400_H30,Ridge,770129,62.5,66.35274505615234,3.8527450561523438,3.8527450561523438,14.843644467706326,5.980074424604607,769926,2.9699859619140625,3.852745056152344,0.8827590942382817
validation,769965,2026-06-12T23:55:00-07:00,769965_1781333700_H30,Ridge,770129,65.19999694824219,66.26205444335938,1.0620574951171875,1.0620574951171875,1.1279661229345948,1.6157628392313719,769926,0.4486770629882812,1.0620574951171875,0.6133804321289062
validation,769965,2026-06-17T11:15:00-07:00,769965_1781720100_H30,Ridge,769867,57.79999923706055,60.39347076416016,2.5934715270996165,2.5934715270996165,6.726094561876416,4.388519103686922,769867,2.5934715270996094,2.5934715270996094,0.0
validation,775511,2026-06-06T23:30:00-07:00,775511_1780813800_H30,Ridge,764311,66.5,69.26270294189453,2.7627029418945312,2.7627029418945312,7.632527545152698,4.069899702464601,764283,0.1591796875,2.7627029418945312,2.6035232543945312
validation,775511,2026-06-06T23:35:00-07:00,775511_1780814100_H30,Ridge,764311,65.80000305175781,69.17588806152344,3.375885009765625,3.375885009765625,11.396599599160254,5.002204403927696,764283,0.2073211669921875,3.375885009765625,3.168563842773437
validation,775511,2026-06-06T23:40:00-07:00,775511_1780814400_H30,Ridge,764311,65.30000305175781,69.20457458496094,3.904571533203125,3.904571533203125,15.245678857900202,5.805856682022579,764283,0.0472946166992187,3.904571533203125,3.857276916503906
validation,775511,2026-06-06T23:45:00-07:00,775511_1780814700_H30,Ridge,764311,64.9000015258789,69.2987289428711,4.3987274169921875,4.3987274169921875,19.34880288899876,6.555542468769895,764283,0.042236328125,4.398727416992188,4.356491088867188
validation,775511,2026-06-06T23:50:00-07:00,775511_1780815000_H30,Ridge,764311,64.0999984741211,69.23975372314453,5.1397552490234375,5.1397552490234375,26.417084019863978,7.709261680452604,764283,0.7138442993164062,5.1397552490234375,4.425910949707031
validation,775511,2026-06-06T23:55:00-07:00,775511_1780815300_H30,Ridge,764311,63.20000076293945,69.13899230957031,5.938991546630859,5.938991546630859,35.27162059095281,8.975421927987197,764283,1.6687049865722656,5.938991546630859,4.270286560058594
validation,775511,2026-06-08T23:30:00-07:00,775511_1780986600_H30,Ridge,764311,69.9000015258789,67.92859649658203,-1.971405029296875,1.971405029296875,3.8864377895370126,2.8606617832277457,764311,1.971405029296875,1.971405029296875,0.0
validation,775511,2026-06-08T23:35:00-07:00,775511_1780986900_H30,Ridge,764311,67.5999984741211,68.13402557373047,0.534027099609375,0.534027099609375,0.28518494311720133,0.7868728558238947,764311,0.534027099609375,0.534027099609375,0.0
validation,775511,2026-06-08T23:40:00-07:00,775511_1780987200_H30,Ridge,764311,67.5,67.8541488647461,0.35414886474609375,0.35414886474609375,0.125421418400947,0.523292215421515,764311,0.3541488647460937,0.3541488647460937,0.0
validation,775511,2026-06-08T23:45:00-07:00,775511_1780987500_H30,Ridge,764311,67.0999984741211,67.841552734375,0.7415542602539062,0.7415542602539062,0.5499027209007181,1.0990747447578524,764311,0.7415542602539062,0.7415542602539062,0.0
validation,775511,2026-06-08T23:50:00-07:00,775511_1780987800_H30,Ridge,764311,67.80000305175781,67.68672943115234,-0.11327362060546875,0.11327362060546875,0.012830913125071675,0.16720990711574976,764311,0.1132736206054687,0.1132736206054687,0.0
validation,775511,2026-06-08T23:55:00-07:00,775511_1780988100_H30,Ridge,764311,66.5999984741211,67.71068572998047,1.110687255859375,1.110687255859375,1.2336261803284287,1.653907511783667,764283,0.3416671752929687,1.110687255859375,0.7690200805664062
validation,775511,2026-06-10T23:30:00-07:00,775511_1781159400_H30,Ridge,764311,69.19999694824219,68.63562774658203,-0.5643692016601562,0.5643692016601562,0.3185125957825221,0.8189017880031991,764322,0.0645523071289062,0.5643692016601562,0.49981689453125
validation,775511,2026-06-10T23:35:00-07:00,775511_1781159700_H30,Ridge,764311,69.69999694824219,68.63983154296875,-1.0601654052734375,1.0601654052734375,1.123950686538592,1.5326972848998521,764311,1.0601654052734375,1.0601654052734375,0.0
validation,775511,2026-06-10T23:40:00-07:00,775511_1781160000_H30,Ridge,764311,68.5999984741211,68.02469635009766,-0.5753021240234375,0.5753021240234375,0.33097253390587866,0.8421641791080302,764297,0.2941131591796875,0.5753021240234375,0.28118896484375
validation,775511,2026-06-10T23:45:00-07:00,775511_1781160300_H30,Ridge,764311,68.80000305175781,68.23181915283203,-0.5681838989257812,0.5681838989257812,0.3228329429985024,0.829272917251458,764297,0.5332565307617188,0.5681838989257812,0.0349273681640625
validation,775511,2026-06-10T23:50:00-07:00,775511_1781160600_H30,Ridge,764311,68.0999984741211,68.4249267578125,0.32492828369140625,0.32492828369140625,0.10557838954264298,0.4759984753837641,764297,0.119476318359375,0.3249282836914062,0.2054519653320312
validation,775511,2026-06-10T23:55:00-07:00,775511_1781160900_H30,Ridge,764311,68.80000305175781,68.2540283203125,-0.5459747314453125,0.5459747314453125,0.2980884073767811,0.7967291760713996,764297,0.511199951171875,0.5459747314453125,0.0347747802734375
validation,775511,2026-06-23T23:30:00-07:00,775511_1782282600_H30,Ridge,764311,68.69999694824219,68.61463165283203,-0.08536529541015625,0.08536529541015625,0.007287233660463244,0.12433532487857861,764311,0.0853652954101562,0.0853652954101562,0.0
validation,775511,2026-06-23T23:35:00-07:00,775511_1782282900_H30,Ridge,764311,68.5999984741211,68.49124908447266,-0.1087493896484375,0.1087493896484375,0.011826429748907685,0.158652562861381,764311,0.1087493896484375,0.1087493896484375,0.0
validation,775511,2026-06-23T23:40:00-07:00,775511_1782283200_H30,Ridge,764311,67.80000305175781,68.13737487792969,0.337371826171875,0.337371826171875,0.11381974909454584,0.4963635886291111,764311,0.337371826171875,0.337371826171875,0.0
validation,775511,2026-06-23T23:45:00-07:00,775511_1782283500_H30,Ridge,764311,66.0,67.87901306152344,1.8790130615234375,1.8790130615234375,3.5306900853756815,2.8070315197570044,764297,0.646728515625,1.8790130615234373,1.2322845458984373
validation,775511,2026-06-23T23:50:00-07:00,775511_1782283800_H30,Ridge,764311,66.19999694824219,67.98848724365234,1.7884902954101562,1.7884902954101562,3.198697536776308,2.6656389970459067,764297,0.0592880249023437,1.7884902954101562,1.7292022705078125
validation,775511,2026-06-23T23:55:00-07:00,775511_1782284100_H30,Ridge,764311,66.4000015258789,67.91571807861328,1.515716552734375,1.515716552734375,2.2973966682329774,2.256945867412756,764297,0.18756103515625,1.515716552734375,1.328155517578125
validation,775511,2026-06-26T23:30:00-07:00,775511_1782541800_H30,Ridge,764311,69.0999984741211,69.6294174194336,0.5294189453125,0.5294189453125,0.28028441965579987,0.76323963174835,764297,0.2876434326171875,0.5294189453125,0.2417755126953125
validation,775511,2026-06-26T23:35:00-07:00,775511_1782542100_H30,Ridge,764311,69.0,69.77262878417969,0.7726287841796875,0.7726287841796875,0.5969552381429821,1.1135175363921344,764322,0.3212966918945312,0.7726287841796875,0.4513320922851563
validation,775511,2026-06-26T23:40:00-07:00,775511_1782542400_H30,Ridge,764311,70.4000015258789,69.22846221923828,-1.171539306640625,1.171539306640625,1.3725043470039964,1.678080911050902,764297,1.08441162109375,1.171539306640625,0.087127685546875
validation,775511,2026-06-26T23:45:00-07:00,775511_1782542700_H30,Ridge,764311,69.5,69.17617797851562,-0.323822021484375,0.323822021484375,0.10486070159822702,0.4670189557711178,764311,0.323822021484375,0.323822021484375,0.0
validation,775511,2026-06-26T23:50:00-07:00,775511_1782543000_H30,Ridge,764311,70.0999984741211,69.06038665771484,-1.03961181640625,1.03961181640625,1.0807927288115025,1.4941203388460798,764311,1.03961181640625,1.03961181640625,0.0
validation,775511,2026-06-26T23:55:00-07:00,775511_1782543300_H30,Ridge,764311,69.30000305175781,69.15789031982422,-0.14211273193359375,0.14211273193359375,0.020196028577629477,0.205279348755952,764311,0.1421127319335937,0.1421127319335937,0.0
validation,775536,2026-06-02T23:30:00-07:00,775536_1780468200_H30,Ridge,718405,68.5999984741211,64.57980346679688,-4.020195007324219,4.020195007324219,16.161967896914575,6.037244264594207,759870,3.895332336425781,4.020195007324219,0.1248626708984379
validation,775536,2026-06-02T23:35:00-07:00,775536_1780468500_H30,Ridge,718405,63.0,63.31037521362305,0.3103752136230469,0.3103752136230469,0.09633277323155198,0.49144848258249707,759870,0.1459884643554687,0.3103752136230469,0.1643867492675781
validation,775536,2026-06-02T23:40:00-07:00,775536_1780468800_H30,Ridge,718405,60.79999923706055,62.81712341308594,2.0171241760253906,2.0171241760253906,4.068789941506111,3.2635028489000124,759870,1.9369964599609373,2.01712417602539,0.0801277160644529
validation,775536,2026-06-02T23:45:00-07:00,775536_1780469100_H30,Ridge,718405,57.20000076293945,63.44377517700195,6.2437744140625,6.2437744140625,38.984718933701515,10.350760847235014,774344,5.827373504638672,6.2437744140625,0.4164009094238281
validation,775536,2026-06-02T23:50:00-07:00,775536_1780469400_H30,Ridge,718405,56.59999847412109,63.56132888793945,6.9613304138183665,6.9613304138183665,48.46012113035259,11.586640242263368,774344,6.346874237060547,6.961330413818359,0.6144561767578125
validation,775536,2026-06-02T23:55:00-07:00,775536_1780469700_H30,Ridge,718405,53.59999847412109,63.74324035644531,10.143241882324226,10.143241882324226,102.8853558833363,17.288157199290218,774344,9.152359008789062,10.14324188232422,0.990882873535158
validation,775536,2026-06-03T19:05:00-07:00,775536_1780538700_H30,Ridge,759870,67.5999984741211,56.34748840332031,-11.252510070800781,11.252510070800781,126.618982893473,18.156898963417802,718405,4.34954833984375,11.25251007080078,6.9029617309570295
validation,775536,2026-06-03T19:10:00-07:00,775536_1780539000_H30,Ridge,759870,64.69999694824219,55.78227615356445,-8.917720794677734,8.917720794677734,79.52574417182768,14.803373958798828,718405,0.4546356201171875,8.917720794677734,8.463085174560547
validation,775536,2026-06-03T19:15:00-07:00,775536_1780539300_H30,Ridge,759870,62.20000076293945,55.717166900634766,-6.4828338623046875,6.4828338623046875,42.02713488624431,10.995572461209035,774344,0.8779869079589844,6.482833862304688,5.604846954345704
validation,775536,2026-06-03T19:20:00-07:00,775536_1780539600_H30,Ridge,759870,57.59999847412109,58.59298324584961,0.9929847717285227,0.9929847717285227,0.9860187568847464,1.7091992106298743,759870,0.9929847717285156,0.9929847717285156,0.0
validation,775536,2026-06-03T19:25:00-07:00,775536_1780539900_H30,Ridge,759870,56.29999923706055,58.53600311279297,2.236003875732422,2.236003875732422,4.999713332290412,3.8942558265813667,759870,2.236003875732422,2.236003875732422,0.0
validation,775536,2026-06-03T19:30:00-07:00,775536_1780540200_H30,Ridge,759870,58.29999923706055,59.07833862304688,0.7783393859863352,0.7783393859863352,0.6058121997775854,1.326206169801001,759870,0.7783393859863281,0.7783393859863281,0.0
validation,775536,2026-06-06T23:30:00-07:00,775536_1780813800_H30,Ridge,718405,68.5999984741211,65.96296691894531,-2.6370315551757812,2.6370315551757812,6.953935422992799,3.919401639040649,718405,2.637031555175781,2.637031555175781,0.0
validation,775536,2026-06-06T23:35:00-07:00,775536_1780814100_H30,Ridge,718405,66.5,65.801025390625,-0.698974609375,0.698974609375,0.48856550455093384,1.0566427615024612,718405,0.698974609375,0.698974609375,0.0
validation,775536,2026-06-06T23:40:00-07:00,775536_1780814400_H30,Ridge,718405,64.0,65.82246398925781,1.8224639892578125,1.8224639892578125,3.3213749921415,2.807624996811781,774344,1.2070159912109375,1.8224639892578125,0.615447998046875
validation,775536,2026-06-06T23:45:00-07:00,775536_1780814700_H30,Ridge,718405,61.400001525878906,65.63309478759766,4.23309326171875,4.23309326171875,17.919078562408686,6.66455176051143,768701,0.8427352905273438,4.23309326171875,3.3903579711914062
validation,775536,2026-06-06T23:50:00-07:00,775536_1780815000_H30,Ridge,718405,55.70000076293945,67.16712188720703,11.467121124267578,11.467121124267578,131.49486687862372,18.665890082882083,759870,6.500274658203125,11.467121124267578,4.966846466064453
validation,775536,2026-06-06T23:55:00-07:00,775536_1780815300_H30,Ridge,718405,54.900001525878906,66.85858154296875,11.958580017089844,11.958580017089844,143.00763602514053,19.643099677190623,768701,7.522109985351562,11.958580017089844,4.436470031738282
validation,775536,2026-06-10T23:30:00-07:00,775536_1781159400_H30,Ridge,718405,68.5999984741211,65.3838119506836,-3.2161865234375,3.2161865234375,10.343855753540993,4.800858386152883,718405,3.2161865234375,3.2161865234375,0.0
validation,775536,2026-06-10T23:35:00-07:00,775536_1781159700_H30,Ridge,718405,62.70000076293945,63.19292449951172,0.4929237365722656,0.4929237365722656,0.24297381007636432,0.7830840877344593,774344,0.1846847534179687,0.4929237365722656,0.3082389831542969
validation,775536,2026-06-10T23:40:00-07:00,775536_1781160000_H30,Ridge,718405,59.400001525878906,62.81048583984375,3.4104843139648438,3.4104843139648438,11.631403255800251,5.581328345172393,759870,2.662708282470703,3.410484313964844,0.7477760314941411
validation,775536,2026-06-10T23:45:00-07:00,775536_1781160300_H30,Ridge,718405,56.20000076293945,62.9798583984375,6.779857635498047,6.779857635498047,45.96646955762117,11.377522387285397,768701,5.94207763671875,6.779857635498047,0.8377799987792969
validation,775536,2026-06-10T23:50:00-07:00,775536_1781160600_H30,Ridge,718405,50.900001525878906,63.48323059082031,12.583229064941406,12.583229064941406,158.33765370078618,22.00187688715425,759870,10.151618957519531,12.583229064941406,2.431610107421875
validation,775536,2026-06-10T23:55:00-07:00,775536_1781160900_H30,Ridge,718405,48.5,63.839725494384766,15.339725494384766,15.339725494384766,235.30717824307794,27.309529715031864,768701,13.340568542480469,15.339725494384766,1.9991569519042969
validation,775536,2026-06-17T11:15:00-07:00,775536_1781720100_H30,Ridge,768701,66.9000015258789,64.31900787353516,-2.58099365234375,2.58099365234375,6.66152823343873,3.933871539630625,768701,2.58099365234375,2.58099365234375,0.0
validation,775536,2026-06-18T23:30:00-07:00,775536_1781850600_H30,Ridge,718405,72.19999694824219,66.4925537109375,-5.7074432373046875,5.7074432373046875,32.57490830705501,8.230352919499303,718405,5.707443237304688,5.707443237304688,0.0
validation,775536,2026-06-18T23:35:00-07:00,775536_1781850900_H30,Ridge,718405,69.69999694824219,66.17523956298828,-3.5247573852539062,3.5247573852539062,12.423914624901954,5.188226272594482,718405,3.5247573852539062,3.5247573852539062,0.0
validation,775536,2026-06-18T23:40:00-07:00,775536_1781851200_H30,Ridge,718405,69.19999694824219,65.4942398071289,-3.7057571411132812,3.7057571411132812,13.73263598891208,5.502473161240351,718405,3.705757141113281,3.705757141113281,0.0
validation,775536,2026-06-18T23:45:00-07:00,775536_1781851500_H30,Ridge,718405,62.900001525878906,63.94295120239258,1.0429496765136719,1.0429496765136719,1.0877440277399728,1.644473966993743,759870,0.84869384765625,1.042949676513672,0.1942558288574221
validation,775536,2026-06-18T23:50:00-07:00,775536_1781851800_H30,Ridge,718405,65.4000015258789,63.71641540527344,-1.6835861206054688,1.6835861206054688,2.834462225495372,2.6078575406315765,718405,1.6835861206054688,1.6835861206054688,0.0
validation,775536,2026-06-18T23:55:00-07:00,775536_1781852100_H30,Ridge,718405,66.5,63.86285400390625,-2.63714599609375,2.63714599609375,6.954539004713297,4.045854927026152,774344,2.628082275390625,2.63714599609375,0.009063720703125
validation,775536,2026-06-22T23:30:00-07:00,775536_1782196200_H30,Ridge,718405,69.30000305175781,64.76740264892578,-4.532600402832031,4.532600402832031,20.544466411753092,6.761673868953744,718405,4.532600402832031,4.532600402832031,0.0
validation,775536,2026-06-22T23:35:00-07:00,775536_1782196500_H30,Ridge,718405,72.19999694824219,64.75660705566406,-7.443389892578125,7.443389892578125,55.40405309293419,10.869705615681443,718405,7.443389892578125,7.443389892578125,0.0
validation,775536,2026-06-22T23:40:00-07:00,775536_1782196800_H30,Ridge,718405,71.5999984741211,64.50032806396484,-7.09967041015625,7.09967041015625,50.405319932848215,10.4329953330487,718405,7.09967041015625,7.09967041015625,0.0
validation,775536,2026-06-22T23:45:00-07:00,775536_1782197100_H30,Ridge,718405,72.0,64.5124740600586,-7.487525939941406,7.487525939941406,56.06304470129544,10.9697314280578,718405,7.487525939941406,7.487525939941406,0.0
validation,775536,2026-06-22T23:50:00-07:00,775536_1782197400_H30,Ridge,718405,69.19999694824219,64.52134704589844,-4.67864990234375,4.67864990234375,21.88976490870118,6.997611192960642,718405,4.67864990234375,4.67864990234375,0.0
validation,775536,2026-06-22T23:55:00-07:00,775536_1782197700_H30,Ridge,718405,67.30000305175781,64.4640884399414,-2.8359146118164062,2.8359146118164062,8.042411685513798,4.304533288528605,718405,2.8359146118164062,2.8359146118164062,0.0
validation,775536,2026-06-26T23:30:00-07:00,775536_1782541800_H30,Ridge,718405,57.70000076293945,65.45579528808594,7.755794525146484,7.755794525146484,60.15234871629218,12.595094523943743,768701,6.690624237060547,7.755794525146484,1.0651702880859375
validation,775536,2026-06-26T23:35:00-07:00,775536_1782542100_H30,Ridge,718405,58.70000076293945,65.3397445678711,6.639743804931641,6.639743804931641,44.0861977951281,10.705832608240957,768701,5.341968536376953,6.639743804931641,1.2977752685546875
validation,775536,2026-06-26T23:40:00-07:00,775536_1782542400_H30,Ridge,718405,57.5,65.08650207519531,7.5865020751953125,7.5865020751953125,57.55501373694278,12.377385576520942,768701,6.455196380615234,7.586502075195312,1.1313056945800772
validation,775536,2026-06-26T23:45:00-07:00,775536_1782542700_H30,Ridge,718405,60.29999923706055,64.88265991210938,4.582660675048828,4.582660675048828,21.00077886263898,7.321558224738229,759870,2.760845184326172,4.582660675048828,1.821815490722656
validation,775536,2026-06-26T23:50:00-07:00,775536_1782543000_H30,Ridge,718405,58.20000076293945,64.93490600585938,6.734905242919922,6.734905242919922,45.35894863111025,10.939067344843508,759870,4.496604919433594,6.734905242919922,2.238300323486328
validation,775536,2026-06-26T23:55:00-07:00,775536_1782543300_H30,Ridge,718405,56.20000076293945,65.10911560058594,8.909114837646484,8.909114837646484,79.37232719037274,14.68828564789349,759870,6.547634124755859,8.909114837646484,2.361480712890625
validation,765501,2026-06-03T15:25:00-07:00,765501_1780525500_H30,STEP2A_AE_ORACLE_REFERENCE,773773,64.30000305175781,55.03448867797852,-9.26551437377929,9.26551437377929,85.84975661071063,15.52864416956702,773773,9.265514373779297,9.265514373779297,0.0
validation,765501,2026-06-03T15:30:00-07:00,765501_1780525800_H30,STEP2A_AE_ORACLE_REFERENCE,763616,64.69999694824219,56.93397903442383,-7.766017913818359,7.766017913818359,60.31103423774766,12.769487780416963,763616,7.766017913818359,7.766017913818359,0.0
validation,765501,2026-06-03T15:35:00-07:00,765501_1780526100_H30,STEP2A_AE_ORACLE_REFERENCE,763616,65.5999984741211,63.272579193115234,-2.3274192810058594,2.3274192810058594,5.416880509597831,3.611969753496624,763616,2.32741928100586,2.32741928100586,0.0
validation,765501,2026-06-03T15:40:00-07:00,765501_1780526400_H30,STEP2A_AE_ORACLE_REFERENCE,763616,66.30000305175781,60.8970947265625,-5.4029083251953125,5.4029083251953125,29.191418370464817,8.495332640584085,763616,5.4029083251953125,5.4029083251953125,0.0
validation,765501,2026-06-03T15:45:00-07:00,765501_1780526700_H30,STEP2A_AE_ORACLE_REFERENCE,763616,67.80000305175781,62.142845153808594,-5.657157897949219,5.657157897949219,32.00343548232922,8.707147692290068,763616,5.657157897949219,5.657157897949219,0.0
validation,765501,2026-06-03T15:50:00-07:00,765501_1780527000_H30,STEP2A_AE_ORACLE_REFERENCE,763616,67.9000015258789,59.77885055541992,-8.121150970458984,8.121150970458984,65.9530930849869,12.721215415818131,763616,8.121150970458984,8.121150970458984,0.0
validation,765501,2026-06-06T07:20:00-07:00,765501_1780755600_H30,STEP2A_AE_ORACLE_REFERENCE,763616,67.30000305175781,67.70878601074219,0.408782958984375,0.408782958984375,0.1671035075560212,0.6055649543931709,763616,0.408782958984375,0.408782958984375,0.0
validation,765501,2026-06-06T07:25:00-07:00,765501_1780755900_H30,STEP2A_AE_ORACLE_REFERENCE,717951,66.0999984741211,64.99937438964844,-1.1006240844726562,1.1006240844726562,1.2113733753212728,1.6790684074759314,717951,1.1006240844726562,1.1006240844726562,0.0
validation,765501,2026-06-06T07:30:00-07:00,765501_1780756200_H30,STEP2A_AE_ORACLE_REFERENCE,763616,66.0999984741211,67.05950164794922,0.959503173828125,0.959503173828125,0.9206463405862451,1.4411336265799417,763616,0.959503173828125,0.959503173828125,0.0
validation,765501,2026-06-06T07:35:00-07:00,765501_1780756500_H30,STEP2A_AE_ORACLE_REFERENCE,776019,65.4000015258789,65.11712646484375,-0.28287506103515625,0.28287506103515625,0.08001830015564337,0.43346810219103643,776019,0.2828750610351562,0.2828750610351562,0.0
validation,765501,2026-06-06T07:40:00-07:00,765501_1780756800_H30,STEP2A_AE_ORACLE_REFERENCE,717951,66.0,66.36984252929688,0.369842529296875,0.369842529296875,0.13678349647670984,0.5588017926681605,717951,0.369842529296875,0.369842529296875,0.0
validation,765501,2026-06-06T07:45:00-07:00,765501_1780757100_H30,STEP2A_AE_ORACLE_REFERENCE,776019,65.69999694824219,65.45939636230469,-0.2406005859375,0.2406005859375,0.05788864195346832,0.3668827340995927,776019,0.2406005859375,0.2406005859375,0.0
validation,765501,2026-06-11T23:30:00-07:00,765501_1781245800_H30,STEP2A_AE_ORACLE_REFERENCE,763616,69.5,67.93059539794922,-1.5694046020507812,1.5694046020507812,2.463030804938171,2.2839231483888116,763616,1.5694046020507812,1.5694046020507812,0.0
validation,765501,2026-06-11T23:35:00-07:00,765501_1781246100_H30,STEP2A_AE_ORACLE_REFERENCE,763616,66.69999694824219,68.1680908203125,1.4680938720703125,1.4680938720703125,2.155299617210403,2.177081154593491,763616,1.4680938720703125,1.4680938720703125,0.0
validation,765501,2026-06-11T23:40:00-07:00,765501_1781246400_H30,STEP2A_AE_ORACLE_REFERENCE,773784,66.19999694824219,65.05229949951172,-1.1476974487304688,1.1476974487304688,1.317209433822427,1.7488416904661337,773784,1.1476974487304688,1.1476974487304688,0.0
validation,765501,2026-06-11T23:45:00-07:00,765501_1781246700_H30,STEP2A_AE_ORACLE_REFERENCE,763616,67.9000015258789,67.22225189208984,-0.6777496337890625,0.6777496337890625,0.45934456610120833,1.0031650770014602,763616,0.6777496337890625,0.6777496337890625,0.0
validation,765501,2026-06-11T23:50:00-07:00,765501_1781247000_H30,STEP2A_AE_ORACLE_REFERENCE,763616,67.0999984741211,67.03781127929688,-0.06218719482421875,0.06218719482421875,0.0038672472001053393,0.09272135049011028,763616,0.0621871948242187,0.0621871948242187,0.0
validation,765501,2026-06-11T23:55:00-07:00,765501_1781247300_H30,STEP2A_AE_ORACLE_REFERENCE,763616,66.0,66.90170288085938,0.901702880859375,0.901702880859375,0.8130680853500962,1.3569470586588004,763616,0.901702880859375,0.901702880859375,0.0
validation,765501,2026-06-15T23:30:00-07:00,765501_1781591400_H30,STEP2A_AE_ORACLE_REFERENCE,773784,69.19999694824219,65.8370132446289,-3.3629837036132812,3.3629837036132812,11.309659390768502,4.980832549396385,773784,3.362983703613281,3.362983703613281,0.0
validation,765501,2026-06-15T23:35:00-07:00,765501_1781591700_H30,STEP2A_AE_ORACLE_REFERENCE,763616,64.30000305175781,64.96659088134766,0.6665878295898438,0.6665878295898438,0.44433933455729857,1.0313381116518126,763616,0.6665878295898438,0.6665878295898438,0.0
validation,765501,2026-06-15T23:40:00-07:00,765501_1781592000_H30,STEP2A_AE_ORACLE_REFERENCE,776019,61.5,62.33668518066406,0.8366851806640625,0.8366851806640625,0.7000420915428549,1.3512719154054738,776019,0.8366851806640625,0.8366851806640625,0.0
validation,765501,2026-06-15T23:45:00-07:00,765501_1781592300_H30,STEP2A_AE_ORACLE_REFERENCE,776019,61.59999847412109,62.132930755615234,0.5329322814941477,0.5329322814941477,0.2840168166585575,0.8614235200033594,776019,0.5329322814941406,0.5329322814941406,0.0
validation,765501,2026-06-15T23:50:00-07:00,765501_1781592600_H30,STEP2A_AE_ORACLE_REFERENCE,776019,62.0,62.40620422363281,0.4062042236328125,0.4062042236328125,0.16500187129713595,0.6530288789094066,776019,0.4062042236328125,0.4062042236328125,0.0
validation,765501,2026-06-15T23:55:00-07:00,765501_1781592900_H30,STEP2A_AE_ORACLE_REFERENCE,763616,66.5999984741211,64.84000396728516,-1.7599945068359375,1.7599945068359375,3.097580664092675,2.6780195690127377,763616,1.7599945068359375,1.7599945068359375,0.0
validation,765501,2026-06-17T22:00:00-07:00,765501_1781758800_H30,STEP2A_AE_ORACLE_REFERENCE,763616,70.5,67.117919921875,-3.382080078125,3.382080078125,11.438465654850006,4.915173918438994,763616,3.382080078125,3.382080078125,0.0
validation,765501,2026-06-17T22:05:00-07:00,765501_1781759100_H30,STEP2A_AE_ORACLE_REFERENCE,763616,69.69999694824219,67.79293060302734,-1.9070663452148438,1.9070663452148438,3.6369020450511016,2.7740573501621513,763616,1.907066345214844,1.907066345214844,0.0
validation,765501,2026-06-17T22:10:00-07:00,765501_1781759400_H30,STEP2A_AE_ORACLE_REFERENCE,763616,70.9000015258789,67.7587661743164,-3.1412353515625,3.1412353515625,9.867359533905983,4.530885974264497,763616,3.1412353515625,3.1412353515625,0.0
validation,765501,2026-06-17T22:15:00-07:00,765501_1781759700_H30,STEP2A_AE_ORACLE_REFERENCE,763616,71.5,67.86156463623047,-3.6384353637695312,3.6384353637695312,13.238211896328721,5.221576475779245,763616,3.6384353637695312,3.6384353637695312,0.0
validation,765501,2026-06-17T22:20:00-07:00,765501_1781760000_H30,STEP2A_AE_ORACLE_REFERENCE,763616,68.5999984741211,68.07894897460938,-0.5210494995117188,0.5210494995117188,0.2714925809414126,0.7624429444702221,763616,0.5210494995117188,0.5210494995117188,0.0
validation,765501,2026-06-17T22:25:00-07:00,765501_1781760300_H30,STEP2A_AE_ORACLE_REFERENCE,773784,66.0999984741211,65.64423370361328,-0.4557647705078125,0.4557647705078125,0.207721526036039,0.6918933140594418,773784,0.4557647705078125,0.4557647705078125,0.0
validation,765501,2026-06-18T23:30:00-07:00,765501_1781850600_H30,STEP2A_AE_ORACLE_REFERENCE,763616,69.0999984741211,67.93778991699219,-1.1622085571289062,1.1622085571289062,1.3507287302636541,1.696186960243353,763616,1.1622085571289062,1.1622085571289062,0.0
validation,765501,2026-06-18T23:35:00-07:00,765501_1781850900_H30,STEP2A_AE_ORACLE_REFERENCE,763616,68.0,67.90328979492188,-0.096710205078125,0.096710205078125,0.009352863766252995,0.14232209464899676,763616,0.096710205078125,0.096710205078125,0.0
validation,765501,2026-06-18T23:40:00-07:00,765501_1781851200_H30,STEP2A_AE_ORACLE_REFERENCE,763616,66.69999694824219,68.04795837402344,1.34796142578125,1.34796142578125,1.8170000053942204,2.000715205739286,763616,1.34796142578125,1.34796142578125,0.0
validation,765501,2026-06-18T23:45:00-07:00,765501_1781851500_H30,STEP2A_AE_ORACLE_REFERENCE,773784,65.5,64.696044921875,-0.803955078125,0.803955078125,0.6463437676429749,1.2349915428421208,773784,0.803955078125,0.803955078125,0.0
validation,765501,2026-06-18T23:50:00-07:00,765501_1781851800_H30,STEP2A_AE_ORACLE_REFERENCE,773784,64.0999984741211,65.1506576538086,1.0506591796875,1.0506591796875,1.1038847118616104,1.6257699620785353,773784,1.0506591796875,1.0506591796875,0.0
validation,765501,2026-06-18T23:55:00-07:00,765501_1781852100_H30,STEP2A_AE_ORACLE_REFERENCE,773784,64.5,64.2712631225586,-0.22873687744140625,0.22873687744140625,0.0523205591016449,0.3552607470308049,773784,0.2287368774414062,0.2287368774414062,0.0
validation,765501,2026-06-24T23:30:00-07:00,765501_1782369000_H30,STEP2A_AE_ORACLE_REFERENCE,763616,69.4000015258789,68.66033935546875,-0.7396621704101562,0.7396621704101562,0.547100126335863,1.0715056334509725,763616,0.7396621704101562,0.7396621704101562,0.0
validation,765501,2026-06-24T23:35:00-07:00,765501_1782369300_H30,STEP2A_AE_ORACLE_REFERENCE,763616,70.5999984741211,68.45613098144531,-2.1438674926757812,2.1438674926757812,4.596167826151941,3.083456278629624,763616,2.143867492675781,2.143867492675781,0.0
validation,765501,2026-06-24T23:40:00-07:00,765501_1782369600_H30,STEP2A_AE_ORACLE_REFERENCE,763616,68.80000305175781,67.49272155761719,-1.307281494140625,1.307281494140625,1.708984904922545,1.9183437535578973,763616,1.307281494140625,1.307281494140625,0.0
validation,765501,2026-06-24T23:45:00-07:00,765501_1782369900_H30,STEP2A_AE_ORACLE_REFERENCE,763616,68.9000015258789,67.58818817138672,-1.3118133544921875,1.3118133544921875,1.7208542770240456,1.9222371514936758,763616,1.3118133544921875,1.3118133544921875,0.0
validation,765501,2026-06-24T23:50:00-07:00,765501_1782370200_H30,STEP2A_AE_ORACLE_REFERENCE,763616,69.19999694824219,67.28825378417969,-1.9117431640625,1.9117431640625,3.654761925339699,2.801329989646835,763616,1.9117431640625,1.9117431640625,0.0
validation,765501,2026-06-24T23:55:00-07:00,765501_1782370500_H30,STEP2A_AE_ORACLE_REFERENCE,763616,68.0,67.15960693359375,-0.84039306640625,0.84039306640625,0.7062605060636997,1.2435565317992778,763616,0.84039306640625,0.84039306640625,0.0
validation,765501,2026-06-27T23:30:00-07:00,765501_1782628200_H30,STEP2A_AE_ORACLE_REFERENCE,763616,69.19999694824219,68.1192626953125,-1.0807342529296875,1.0807342529296875,1.1679865254554898,1.5740461285106893,763616,1.0807342529296875,1.0807342529296875,0.0
validation,765501,2026-06-27T23:35:00-07:00,765501_1782628500_H30,STEP2A_AE_ORACLE_REFERENCE,763616,69.0,67.96534729003906,-1.0346527099609375,1.0346527099609375,1.0705062302295119,1.510824048386235,763616,1.0346527099609375,1.0346527099609375,0.0
validation,765501,2026-06-27T23:40:00-07:00,765501_1782628800_H30,STEP2A_AE_ORACLE_REFERENCE,763616,69.30000305175781,67.94452667236328,-1.3554763793945312,1.3554763793945312,1.8373162150965072,1.9752719794994391,763616,1.3554763793945312,1.3554763793945312,0.0
validation,765501,2026-06-27T23:45:00-07:00,765501_1782629100_H30,STEP2A_AE_ORACLE_REFERENCE,763616,68.0,67.71965789794922,-0.28034210205078125,0.28034210205078125,0.07859169418225065,0.41311937316549996,763616,0.2803421020507812,0.2803421020507812,0.0
validation,765501,2026-06-27T23:50:00-07:00,765501_1782629400_H30,STEP2A_AE_ORACLE_REFERENCE,763616,67.69999694824219,67.85736083984375,0.1573638916015625,0.1573638916015625,0.024763394379988313,0.2321731450191004,763616,0.1573638916015625,0.1573638916015625,0.0
validation,765501,2026-06-27T23:55:00-07:00,765501_1782629700_H30,STEP2A_AE_ORACLE_REFERENCE,763616,67.9000015258789,67.83699798583984,-0.0630035400390625,0.0630035400390625,0.0039694460574537516,0.09283178470357187,763616,0.0630035400390625,0.0630035400390625,0.0
validation,769895,2026-06-03T17:30:00-07:00,769895_1780533000_H30,STEP2A_AE_ORACLE_REFERENCE,769847,69.9000015258789,68.20409393310547,-1.6959075927734375,1.6959075927734375,2.8761025632265955,2.4559844874364116,769847,1.6959075927734375,1.6959075927734375,0.0
validation,769895,2026-06-03T17:35:00-07:00,769895_1780533300_H30,STEP2A_AE_ORACLE_REFERENCE,769880,67.0,66.30973052978516,-0.6902694702148438,0.6902694702148438,0.47647194151068106,1.0355875183209984,769880,0.6902694702148438,0.6902694702148438,0.0
validation,769895,2026-06-03T17:40:00-07:00,769895_1780533600_H30,STEP2A_AE_ORACLE_REFERENCE,769880,66.0999984741211,66.53172302246094,0.43172454833984375,0.43172454833984375,0.18638608563924208,0.6510125032131275,769880,0.4317245483398437,0.4317245483398437,0.0
validation,769895,2026-06-03T17:45:00-07:00,769895_1780533900_H30,STEP2A_AE_ORACLE_REFERENCE,769866,66.0,64.94630432128906,-1.0536956787109375,1.0536956787109375,1.1102745833341032,1.6093553401535021,769866,1.0536956787109375,1.0536956787109375,0.0
validation,769895,2026-06-03T17:50:00-07:00,769895_1780534200_H30,STEP2A_AE_ORACLE_REFERENCE,769866,65.5999984741211,65.79903411865234,0.19903564453125,0.19903564453125,0.03961518779397011,0.3029484145950315,769866,0.19903564453125,0.19903564453125,0.0
validation,769895,2026-06-03T17:55:00-07:00,769895_1780534500_H30,STEP2A_AE_ORACLE_REFERENCE,769866,64.69999694824219,65.34207153320312,0.6420745849609375,0.6420745849609375,0.41225977265276015,0.9874874915806382,769866,0.6420745849609375,0.6420745849609375,0.0
validation,769895,2026-06-04T23:30:00-07:00,769895_1780641000_H30,STEP2A_AE_ORACLE_REFERENCE,769880,69.0,68.46024322509766,-0.5397567749023438,0.5397567749023438,0.2913373760529794,0.7853278276131482,769880,0.5397567749023438,0.5397567749023438,0.0
validation,769895,2026-06-04T23:35:00-07:00,769895_1780641300_H30,STEP2A_AE_ORACLE_REFERENCE,770385,67.4000015258789,67.79169464111328,0.391693115234375,0.391693115234375,0.15342349652200937,0.5794632709589345,770385,0.391693115234375,0.391693115234375,0.0
validation,769895,2026-06-04T23:40:00-07:00,769895_1780641600_H30,STEP2A_AE_ORACLE_REFERENCE,769866,63.400001525878906,65.79202270507812,2.3920211791992188,2.3920211791992188,5.721765321737621,3.7030477305746916,769866,2.3920211791992188,2.3920211791992188,0.0
validation,769895,2026-06-04T23:45:00-07:00,769895_1780641900_H30,STEP2A_AE_ORACLE_REFERENCE,769866,61.5,65.68843078613281,4.1884307861328125,4.1884307861328125,17.54295245022513,6.586181977895055,769866,4.1884307861328125,4.1884307861328125,0.0
validation,769895,2026-06-04T23:50:00-07:00,769895_1780642200_H30,STEP2A_AE_ORACLE_REFERENCE,769866,59.70000076293945,65.30658721923828,5.606586456298828,5.606586456298828,31.43381169195345,8.970065501264358,769866,5.606586456298828,5.606586456298828,0.0
validation,769895,2026-06-04T23:55:00-07:00,769895_1780642500_H30,STEP2A_AE_ORACLE_REFERENCE,770385,66.30000305175781,66.1902084350586,-0.10979461669921875,0.10979461669921875,0.012054857856128365,0.16573996620338124,770385,0.1097946166992187,0.1097946166992187,0.0
validation,769895,2026-06-06T07:20:00-07:00,769895_1780755600_H30,STEP2A_AE_ORACLE_REFERENCE,769847,71.0,67.92094421386719,-3.0790557861328125,3.0790557861328125,9.480584534117952,4.432817213261314,769847,3.0790557861328125,3.0790557861328125,0.0
validation,769895,2026-06-06T07:25:00-07:00,769895_1780755900_H30,STEP2A_AE_ORACLE_REFERENCE,769847,71.5999984741211,68.1019058227539,-3.4980926513671875,3.4980926513671875,12.23665219754912,5.007938358368884,769847,3.4980926513671875,3.4980926513671875,0.0
validation,769895,2026-06-06T07:30:00-07:00,769895_1780756200_H30,STEP2A_AE_ORACLE_REFERENCE,769847,67.80000305175781,67.35013580322266,-0.44986724853515625,0.44986724853515625,0.20238054130459204,0.6657296085936355,769847,0.4498672485351562,0.4498672485351562,0.0
validation,769895,2026-06-06T07:35:00-07:00,769895_1780756500_H30,STEP2A_AE_ORACLE_REFERENCE,770116,64.69999694824219,65.04598999023438,0.3459930419921875,0.3459930419921875,0.11971118510700762,0.5333390997126659,770116,0.3459930419921875,0.3459930419921875,0.0
validation,769895,2026-06-06T07:40:00-07:00,769895_1780756800_H30,STEP2A_AE_ORACLE_REFERENCE,769880,63.20000076293945,62.536128997802734,-0.6638717651367188,0.6638717651367188,0.44072572054574266,1.0559761321110976,769880,0.6638717651367188,0.6638717651367188,0.0
validation,769895,2026-06-06T07:45:00-07:00,769895_1780757100_H30,STEP2A_AE_ORACLE_REFERENCE,769880,62.400001525878906,62.568477630615234,0.16847610473632812,0.16847610473632812,0.028384197867126204,0.2696297570801065,769880,0.1684761047363281,0.1684761047363281,0.0
validation,769895,2026-06-12T23:30:00-07:00,769895_1781332200_H30,STEP2A_AE_ORACLE_REFERENCE,770385,69.0999984741211,68.58760833740234,-0.51239013671875,0.51239013671875,0.2625436522066593,0.7442792345120063,770385,0.51239013671875,0.51239013671875,0.0
validation,769895,2026-06-12T23:35:00-07:00,769895_1781332500_H30,STEP2A_AE_ORACLE_REFERENCE,769847,68.5999984741211,68.21595764160156,-0.38404083251953125,0.38404083251953125,0.14748736104229465,0.5613977208735953,769847,0.3840408325195312,0.3840408325195312,0.0
validation,769895,2026-06-12T23:40:00-07:00,769895_1781332800_H30,STEP2A_AE_ORACLE_REFERENCE,769847,70.0999984741211,67.86649322509766,-2.2335052490234375,2.2335052490234375,4.988545697415248,3.2377502759205607,769847,2.233505249023437,2.233505249023437,0.0
validation,769895,2026-06-12T23:45:00-07:00,769895_1781333100_H30,STEP2A_AE_ORACLE_REFERENCE,769847,68.19999694824219,67.65027618408203,-0.5497207641601562,0.5497207641601562,0.30219291854882613,0.8093038717385344,769847,0.5497207641601562,0.5497207641601562,0.0
validation,769895,2026-06-12T23:50:00-07:00,769895_1781333400_H30,STEP2A_AE_ORACLE_REFERENCE,769866,65.69999694824219,66.24102783203125,0.5410308837890625,0.5410308837890625,0.29271441721357405,0.8201101675381279,769866,0.5410308837890625,0.5410308837890625,0.0
validation,769895,2026-06-12T23:55:00-07:00,769895_1781333700_H30,STEP2A_AE_ORACLE_REFERENCE,769880,68.0,67.75299835205078,-0.24700164794921875,0.24700164794921875,0.0610098140896298,0.36389862342365603,769880,0.2470016479492187,0.2470016479492187,0.0
validation,769895,2026-06-17T11:15:00-07:00,769895_1781720100_H30,STEP2A_AE_ORACLE_REFERENCE,769880,59.09999847412109,60.59254455566406,1.4925460815429759,1.4925460815429759,2.2276938055292916,2.4939666771082414,769880,1.4925460815429688,1.4925460815429688,0.0
validation,769965,2026-06-03T17:30:00-07:00,769965_1780533000_H30,STEP2A_AE_ORACLE_REFERENCE,769911,40.900001525878906,38.796966552734375,-2.1030349731445312,2.1030349731445312,4.422756098269019,5.277578300550156,769911,2.1030349731445312,2.1030349731445312,0.0
validation,769965,2026-06-03T17:35:00-07:00,769965_1780533300_H30,STEP2A_AE_ORACLE_REFERENCE,769867,46.29999923706055,39.90874099731445,-6.391258239746094,6.391258239746094,40.84818188712234,14.827401834740243,769867,6.391258239746094,6.391258239746094,0.0
validation,769965,2026-06-03T17:40:00-07:00,769965_1780533600_H30,STEP2A_AE_ORACLE_REFERENCE,769911,46.70000076293945,40.80031204223633,-5.899688720703125,5.899688720703125,34.806327001191676,13.484954428481489,769911,5.899688720703125,5.899688720703125,0.0
validation,769965,2026-06-03T17:45:00-07:00,769965_1780533900_H30,STEP2A_AE_ORACLE_REFERENCE,769911,48.29999923706055,45.41405487060547,-2.885944366455078,2.885944366455078,8.328674886273802,6.159042767148386,769911,2.885944366455078,2.885944366455078,0.0
validation,769965,2026-06-03T17:50:00-07:00,769965_1780534200_H30,STEP2A_AE_ORACLE_REFERENCE,769926,49.79999923706055,43.3781623840332,-6.421836853027344,6.421836853027344,41.23998856690014,13.783995460699423,769926,6.421836853027344,6.421836853027344,0.0
validation,769965,2026-06-03T17:55:00-07:00,769965_1780534500_H30,STEP2A_AE_ORACLE_REFERENCE,769911,52.20000076293945,47.441162109375,-4.758838653564453,4.758838653564453,22.646545330659137,9.551953165988076,769911,4.758838653564453,4.758838653564453,0.0
validation,769965,2026-06-04T23:30:00-07:00,769965_1780641000_H30,STEP2A_AE_ORACLE_REFERENCE,769926,68.0,68.25349426269531,0.2534942626953125,0.2534942626953125,0.0642593412194401,0.3720921246190099,769926,0.2534942626953125,0.2534942626953125,0.0
validation,769965,2026-06-04T23:35:00-07:00,769965_1780641300_H30,STEP2A_AE_ORACLE_REFERENCE,769926,69.30000305175781,67.97996520996094,-1.320037841796875,1.320037841796875,1.7424999037757516,1.9231324845073003,769926,1.320037841796875,1.320037841796875,0.0
validation,769965,2026-06-04T23:40:00-07:00,769965_1780641600_H30,STEP2A_AE_ORACLE_REFERENCE,769926,71.30000305175781,67.95186614990234,-3.3481369018554688,3.3481369018554688,11.210020713566337,4.808749637626845,769926,3.3481369018554688,3.3481369018554688,0.0
validation,769965,2026-06-04T23:45:00-07:00,769965_1780641900_H30,STEP2A_AE_ORACLE_REFERENCE,769926,71.4000015258789,68.09952545166016,-3.30047607421875,3.30047607421875,10.893142316490412,4.731881350523512,769926,3.30047607421875,3.30047607421875,0.0
validation,769965,2026-06-04T23:50:00-07:00,769965_1780642200_H30,STEP2A_AE_ORACLE_REFERENCE,769926,70.0,67.93697357177734,-2.0630264282226562,2.0630264282226562,4.256078043545131,2.9912595004019504,769926,2.063026428222656,2.063026428222656,0.0
validation,769965,2026-06-04T23:55:00-07:00,769965_1780642500_H30,STEP2A_AE_ORACLE_REFERENCE,770141,64.80000305175781,65.66773223876953,0.8677291870117188,0.8677291870117188,0.7529539419920184,1.3301820230550294,770141,0.8677291870117188,0.8677291870117188,0.0
validation,769965,2026-06-06T07:20:00-07:00,769965_1780755600_H30,STEP2A_AE_ORACLE_REFERENCE,769926,68.30000305175781,68.34083557128906,0.04083251953125,0.04083251953125,0.0016672946512699127,0.05976620115024949,769926,0.04083251953125,0.04083251953125,0.0
validation,769965,2026-06-06T07:25:00-07:00,769965_1780755900_H30,STEP2A_AE_ORACLE_REFERENCE,769867,70.9000015258789,69.14306640625,-1.7569351196289062,1.7569351196289062,3.086821014585439,2.5091354153062655,769867,1.7569351196289062,1.7569351196289062,0.0
validation,769965,2026-06-06T07:30:00-07:00,769965_1780756200_H30,STEP2A_AE_ORACLE_REFERENCE,770129,72.0999984741211,68.92127227783203,-3.1787261962890625,3.1787261962890625,10.104300230974331,4.508151368653414,770129,3.1787261962890625,3.1787261962890625,0.0
validation,769965,2026-06-06T07:35:00-07:00,769965_1780756500_H30,STEP2A_AE_ORACLE_REFERENCE,770129,69.9000015258789,69.03805541992188,-0.8619461059570312,0.8619461059570312,0.7429510895744897,1.2407631410729423,770129,0.8619461059570312,0.8619461059570312,0.0
validation,769965,2026-06-06T07:40:00-07:00,769965_1780756800_H30,STEP2A_AE_ORACLE_REFERENCE,769867,67.30000305175781,67.8607406616211,0.5607376098632812,0.5607376098632812,0.3144266671151854,0.829734418898591,769867,0.5607376098632812,0.5607376098632812,0.0
validation,769965,2026-06-06T07:45:00-07:00,769965_1780757100_H30,STEP2A_AE_ORACLE_REFERENCE,769867,64.9000015258789,68.37698364257812,3.4769821166992188,3.4769821166992188,12.08940463984618,5.2176781853461875,769867,3.4769821166992188,3.4769821166992188,0.0
validation,769965,2026-06-12T23:30:00-07:00,769965_1781332200_H30,STEP2A_AE_ORACLE_REFERENCE,769867,67.5999984741211,67.6236343383789,0.0236358642578125,0.0236358642578125,0.0005586540792137384,0.03495818532814434,769867,0.0236358642578125,0.0236358642578125,0.0
validation,769965,2026-06-12T23:35:00-07:00,769965_1781332500_H30,STEP2A_AE_ORACLE_REFERENCE,769867,66.0999984741211,66.7713851928711,0.67138671875,0.67138671875,0.4507601261138916,1.0105813534383756,769867,0.67138671875,0.67138671875,0.0
validation,769965,2026-06-12T23:40:00-07:00,769965_1781332800_H30,STEP2A_AE_ORACLE_REFERENCE,769867,66.4000015258789,66.34882354736328,-0.051177978515625,0.051177978515625,0.002619185484945774,0.07710498093201715,769867,0.051177978515625,0.051177978515625,0.0
validation,769965,2026-06-12T23:45:00-07:00,769965_1781333100_H30,STEP2A_AE_ORACLE_REFERENCE,769911,67.0999984741211,66.94926452636719,-0.15073394775390625,0.15073394775390625,0.02272072300547734,0.2248933612248064,769911,0.1507339477539062,0.1507339477539062,0.0
validation,769965,2026-06-12T23:50:00-07:00,769965_1781333400_H30,STEP2A_AE_ORACLE_REFERENCE,769926,62.5,65.46998596191406,2.9699859619140625,2.9699859619140625,8.820816613966599,4.641691434723641,769926,2.9699859619140625,2.9699859619140625,0.0
validation,769965,2026-06-12T23:55:00-07:00,769965_1781333700_H30,STEP2A_AE_ORACLE_REFERENCE,769926,65.19999694824219,64.7513198852539,-0.44867706298828125,0.44867706298828125,0.2013111068517901,0.6905309934034863,769926,0.4486770629882812,0.4486770629882812,0.0
validation,769965,2026-06-17T11:15:00-07:00,769965_1781720100_H30,STEP2A_AE_ORACLE_REFERENCE,769867,57.79999923706055,60.39347076416016,2.5934715270996165,2.5934715270996165,6.726094561876416,4.388519103686922,769867,2.5934715270996094,2.5934715270996094,0.0
validation,775511,2026-06-06T23:30:00-07:00,775511_1780813800_H30,STEP2A_AE_ORACLE_REFERENCE,764283,66.5,66.3408203125,-0.1591796875,0.1591796875,0.025338172912597656,0.23965477769147395,764283,0.1591796875,0.1591796875,0.0
validation,775511,2026-06-06T23:35:00-07:00,775511_1780814100_H30,STEP2A_AE_ORACLE_REFERENCE,764283,65.80000305175781,66.00732421875,0.2073211669921875,0.2073211669921875,0.042982066283002496,0.3145821551995999,764283,0.2073211669921875,0.2073211669921875,0.0
validation,775511,2026-06-06T23:40:00-07:00,775511_1780814400_H30,STEP2A_AE_ORACLE_REFERENCE,764283,65.30000305175781,65.2527084350586,-0.04729461669921875,0.04729461669921875,0.002236780768726021,0.07245290549439132,764283,0.0472946166992187,0.0472946166992187,0.0
validation,775511,2026-06-06T23:45:00-07:00,775511_1780814700_H30,STEP2A_AE_ORACLE_REFERENCE,764283,64.9000015258789,64.8577651977539,-0.042236328125,0.042236328125,0.001783907413482666,0.06510026931868602,764283,0.042236328125,0.042236328125,0.0
validation,775511,2026-06-06T23:50:00-07:00,775511_1780815000_H30,STEP2A_AE_ORACLE_REFERENCE,764283,64.0999984741211,64.8138427734375,0.7138442993164062,0.7138442993164062,0.509573683666531,1.1074750187735176,764283,0.7138442993164062,0.7138442993164062,0.0
validation,775511,2026-06-06T23:55:00-07:00,775511_1780815300_H30,STEP2A_AE_ORACLE_REFERENCE,764283,63.20000076293945,64.86870574951172,1.6687049865722656,1.6687049865722656,2.784576332211145,2.6059527248840704,764283,1.6687049865722656,1.6687049865722656,0.0
validation,775511,2026-06-08T23:30:00-07:00,775511_1780986600_H30,STEP2A_AE_ORACLE_REFERENCE,764311,69.9000015258789,67.92859649658203,-1.971405029296875,1.971405029296875,3.8864377895370126,2.8606617832277457,764311,1.971405029296875,1.971405029296875,0.0
validation,775511,2026-06-08T23:35:00-07:00,775511_1780986900_H30,STEP2A_AE_ORACLE_REFERENCE,764311,67.5999984741211,68.13402557373047,0.534027099609375,0.534027099609375,0.28518494311720133,0.7868728558238947,764311,0.534027099609375,0.534027099609375,0.0
validation,775511,2026-06-08T23:40:00-07:00,775511_1780987200_H30,STEP2A_AE_ORACLE_REFERENCE,764311,67.5,67.8541488647461,0.35414886474609375,0.35414886474609375,0.125421418400947,0.523292215421515,764311,0.3541488647460937,0.3541488647460937,0.0
validation,775511,2026-06-08T23:45:00-07:00,775511_1780987500_H30,STEP2A_AE_ORACLE_REFERENCE,764311,67.0999984741211,67.841552734375,0.7415542602539062,0.7415542602539062,0.5499027209007181,1.0990747447578524,764311,0.7415542602539062,0.7415542602539062,0.0
validation,775511,2026-06-08T23:50:00-07:00,775511_1780987800_H30,STEP2A_AE_ORACLE_REFERENCE,764311,67.80000305175781,67.68672943115234,-0.11327362060546875,0.11327362060546875,0.012830913125071675,0.16720990711574976,764311,0.1132736206054687,0.1132736206054687,0.0
validation,775511,2026-06-08T23:55:00-07:00,775511_1780988100_H30,STEP2A_AE_ORACLE_REFERENCE,764283,66.5999984741211,66.25833129882812,-0.34166717529296875,0.34166717529296875,0.11673645867267624,0.5143330844294098,764283,0.3416671752929687,0.3416671752929687,0.0
validation,775511,2026-06-10T23:30:00-07:00,775511_1781159400_H30,STEP2A_AE_ORACLE_REFERENCE,764322,69.19999694824219,69.13544464111328,-0.06455230712890625,0.06455230712890625,0.004167000355664641,0.09332721379368815,764322,0.0645523071289062,0.0645523071289062,0.0
validation,775511,2026-06-10T23:35:00-07:00,775511_1781159700_H30,STEP2A_AE_ORACLE_REFERENCE,764311,69.69999694824219,68.63983154296875,-1.0601654052734375,1.0601654052734375,1.123950686538592,1.5326972848998521,764311,1.0601654052734375,1.0601654052734375,0.0
validation,775511,2026-06-10T23:40:00-07:00,775511_1781160000_H30,STEP2A_AE_ORACLE_REFERENCE,764297,68.5999984741211,68.3058853149414,-0.2941131591796875,0.2941131591796875,0.0865025504026562,0.4296574389520828,764297,0.2941131591796875,0.2941131591796875,0.0
validation,775511,2026-06-10T23:45:00-07:00,775511_1781160300_H30,STEP2A_AE_ORACLE_REFERENCE,764297,68.80000305175781,68.2667465209961,-0.5332565307617188,0.5332565307617188,0.2843625276000239,0.7780975744057937,764297,0.5332565307617188,0.5332565307617188,0.0
validation,775511,2026-06-10T23:50:00-07:00,775511_1781160600_H30,STEP2A_AE_ORACLE_REFERENCE,764297,68.0999984741211,68.21947479248047,0.119476318359375,0.119476318359375,0.014274590648710728,0.17528870178256967,764297,0.119476318359375,0.119476318359375,0.0
validation,775511,2026-06-10T23:55:00-07:00,775511_1781160900_H30,STEP2A_AE_ORACLE_REFERENCE,764297,68.80000305175781,68.28880310058594,-0.511199951171875,0.511199951171875,0.2613253900781274,0.7457938569759234,764297,0.511199951171875,0.511199951171875,0.0
validation,775511,2026-06-23T23:30:00-07:00,775511_1782282600_H30,STEP2A_AE_ORACLE_REFERENCE,764311,68.69999694824219,68.61463165283203,-0.08536529541015625,0.08536529541015625,0.007287233660463244,0.12433532487857861,764311,0.0853652954101562,0.0853652954101562,0.0
validation,775511,2026-06-23T23:35:00-07:00,775511_1782282900_H30,STEP2A_AE_ORACLE_REFERENCE,764311,68.5999984741211,68.49124908447266,-0.1087493896484375,0.1087493896484375,0.011826429748907685,0.158652562861381,764311,0.1087493896484375,0.1087493896484375,0.0
validation,775511,2026-06-23T23:40:00-07:00,775511_1782283200_H30,STEP2A_AE_ORACLE_REFERENCE,764311,67.80000305175781,68.13737487792969,0.337371826171875,0.337371826171875,0.11381974909454584,0.4963635886291111,764311,0.337371826171875,0.337371826171875,0.0
validation,775511,2026-06-23T23:45:00-07:00,775511_1782283500_H30,STEP2A_AE_ORACLE_REFERENCE,764297,66.0,65.353271484375,-0.646728515625,0.646728515625,0.41825777292251587,0.9847162592799977,764297,0.646728515625,0.646728515625,0.0
validation,775511,2026-06-23T23:50:00-07:00,775511_1782283800_H30,STEP2A_AE_ORACLE_REFERENCE,764297,66.19999694824219,66.25928497314453,0.05928802490234375,0.05928802490234375,0.0035150698968209326,0.08951886737531353,764297,0.0592880249023437,0.0592880249023437,0.0
validation,775511,2026-06-23T23:55:00-07:00,775511_1782284100_H30,STEP2A_AE_ORACLE_REFERENCE,764297,66.4000015258789,66.58756256103516,0.18756103515625,0.18756103515625,0.03517914190888405,0.2820730419925644,764297,0.18756103515625,0.18756103515625,0.0
validation,775511,2026-06-26T23:30:00-07:00,775511_1782541800_H30,STEP2A_AE_ORACLE_REFERENCE,764297,69.0999984741211,69.38764190673828,0.2876434326171875,0.2876434326171875,0.08273874432779849,0.41540664531375754,764297,0.2876434326171875,0.2876434326171875,0.0
validation,775511,2026-06-26T23:35:00-07:00,775511_1782542100_H30,STEP2A_AE_ORACLE_REFERENCE,764322,69.0,69.32129669189453,0.32129669189453125,0.32129669189453125,0.10323156422236934,0.4645657570538523,764322,0.3212966918945312,0.3212966918945312,0.0
validation,775511,2026-06-26T23:40:00-07:00,775511_1782542400_H30,STEP2A_AE_ORACLE_REFERENCE,764297,70.4000015258789,69.31558990478516,-1.08441162109375,1.08441162109375,1.1759485639631748,1.552312955523422,764297,1.08441162109375,1.08441162109375,0.0
validation,775511,2026-06-26T23:45:00-07:00,775511_1782542700_H30,STEP2A_AE_ORACLE_REFERENCE,764311,69.5,69.17617797851562,-0.323822021484375,0.323822021484375,0.10486070159822702,0.4670189557711178,764311,0.323822021484375,0.323822021484375,0.0
validation,775511,2026-06-26T23:50:00-07:00,775511_1782543000_H30,STEP2A_AE_ORACLE_REFERENCE,764311,70.0999984741211,69.06038665771484,-1.03961181640625,1.03961181640625,1.0807927288115025,1.4941203388460798,764311,1.03961181640625,1.03961181640625,0.0
validation,775511,2026-06-26T23:55:00-07:00,775511_1782543300_H30,STEP2A_AE_ORACLE_REFERENCE,764311,69.30000305175781,69.15789031982422,-0.14211273193359375,0.14211273193359375,0.020196028577629477,0.205279348755952,764311,0.1421127319335937,0.1421127319335937,0.0
validation,775536,2026-06-02T23:30:00-07:00,775536_1780468200_H30,STEP2A_AE_ORACLE_REFERENCE,759870,68.5999984741211,64.70466613769531,-3.8953323364257812,3.8953323364257812,15.173614011204336,5.844255065713905,759870,3.895332336425781,3.895332336425781,0.0
validation,775536,2026-06-02T23:35:00-07:00,775536_1780468500_H30,STEP2A_AE_ORACLE_REFERENCE,759870,63.0,62.85401153564453,-0.14598846435546875,0.14598846435546875,0.02131263172486797,0.23199651948184286,759870,0.1459884643554687,0.1459884643554687,0.0
validation,775536,2026-06-02T23:40:00-07:00,775536_1780468800_H30,STEP2A_AE_ORACLE_REFERENCE,759870,60.79999923706055,62.73699569702149,1.9369964599609446,1.9369964599609446,3.7519552859012313,3.1358969761487554,759870,1.9369964599609373,1.9369964599609373,0.0
validation,775536,2026-06-02T23:45:00-07:00,775536_1780469100_H30,STEP2A_AE_ORACLE_REFERENCE,774344,57.20000076293945,63.027374267578125,5.827373504638672,5.827373504638672,33.9582819625648,9.69392113017504,774344,5.827373504638672,5.827373504638672,0.0
validation,775536,2026-06-02T23:50:00-07:00,775536_1780469400_H30,STEP2A_AE_ORACLE_REFERENCE,774344,56.59999847412109,62.94687271118164,6.346874237060554,6.346874237060554,40.28281258106299,10.618218814161242,774344,6.346874237060547,6.346874237060547,0.0
validation,775536,2026-06-02T23:55:00-07:00,775536_1780469700_H30,STEP2A_AE_ORACLE_REFERENCE,774344,53.59999847412109,62.75235748291016,9.152359008789077,9.152359008789077,83.76567542576257,15.732142000645554,774344,9.152359008789062,9.152359008789062,0.0
validation,775536,2026-06-03T19:05:00-07:00,775536_1780538700_H30,STEP2A_AE_ORACLE_REFERENCE,718405,67.5999984741211,63.250450134277344,-4.34954833984375,4.34954833984375,18.91857076063752,6.648121352063861,718405,4.34954833984375,4.34954833984375,0.0
validation,775536,2026-06-03T19:10:00-07:00,775536_1780539000_H30,STEP2A_AE_ORACLE_REFERENCE,718405,64.69999694824219,65.15463256835938,0.4546356201171875,0.4546356201171875,0.20669354707933962,0.7002224230410691,718405,0.4546356201171875,0.4546356201171875,0.0
validation,775536,2026-06-03T19:15:00-07:00,775536_1780539300_H30,STEP2A_AE_ORACLE_REFERENCE,774344,62.20000076293945,63.07798767089844,0.8779869079589844,0.8779869079589844,0.7708610105473781,1.4016618752054109,774344,0.8779869079589844,0.8779869079589844,0.0
validation,775536,2026-06-03T19:20:00-07:00,775536_1780539600_H30,STEP2A_AE_ORACLE_REFERENCE,759870,57.59999847412109,58.59298324584961,0.9929847717285227,0.9929847717285227,0.9860187568847464,1.7091992106298743,759870,0.9929847717285156,0.9929847717285156,0.0
validation,775536,2026-06-03T19:25:00-07:00,775536_1780539900_H30,STEP2A_AE_ORACLE_REFERENCE,759870,56.29999923706055,58.53600311279297,2.236003875732422,2.236003875732422,4.999713332290412,3.8942558265813667,759870,2.236003875732422,2.236003875732422,0.0
validation,775536,2026-06-03T19:30:00-07:00,775536_1780540200_H30,STEP2A_AE_ORACLE_REFERENCE,759870,58.29999923706055,59.07833862304688,0.7783393859863352,0.7783393859863352,0.6058121997775854,1.326206169801001,759870,0.7783393859863281,0.7783393859863281,0.0
validation,775536,2026-06-06T23:30:00-07:00,775536_1780813800_H30,STEP2A_AE_ORACLE_REFERENCE,718405,68.5999984741211,65.96296691894531,-2.6370315551757812,2.6370315551757812,6.953935422992799,3.919401639040649,718405,2.637031555175781,2.637031555175781,0.0
validation,775536,2026-06-06T23:35:00-07:00,775536_1780814100_H30,STEP2A_AE_ORACLE_REFERENCE,718405,66.5,65.801025390625,-0.698974609375,0.698974609375,0.48856550455093384,1.0566427615024612,718405,0.698974609375,0.698974609375,0.0
validation,775536,2026-06-06T23:40:00-07:00,775536_1780814400_H30,STEP2A_AE_ORACLE_REFERENCE,774344,64.0,65.20701599121094,1.2070159912109375,1.2070159912109375,1.456887603038922,1.8683443350341298,774344,1.2070159912109375,1.2070159912109375,0.0
validation,775536,2026-06-06T23:45:00-07:00,775536_1780814700_H30,STEP2A_AE_ORACLE_REFERENCE,768701,61.400001525878906,62.24273681640625,0.8427352905273438,0.8427352905273438,0.7102027699002065,1.3631779674411222,768701,0.8427352905273438,0.8427352905273438,0.0
validation,775536,2026-06-06T23:50:00-07:00,775536_1780815000_H30,STEP2A_AE_ORACLE_REFERENCE,759870,55.70000076293945,62.20027542114258,6.500274658203125,6.500274658203125,42.25357063207775,11.026733462303923,759870,6.500274658203125,6.500274658203125,0.0
validation,775536,2026-06-06T23:55:00-07:00,775536_1780815300_H30,STEP2A_AE_ORACLE_REFERENCE,768701,54.900001525878906,62.42211151123047,7.5221099853515625,7.5221099853515625,56.582138631725684,12.823004507014414,768701,7.522109985351562,7.522109985351562,0.0
validation,775536,2026-06-10T23:30:00-07:00,775536_1781159400_H30,STEP2A_AE_ORACLE_REFERENCE,718405,68.5999984741211,65.3838119506836,-3.2161865234375,3.2161865234375,10.343855753540993,4.800858386152883,718405,3.2161865234375,3.2161865234375,0.0
validation,775536,2026-06-10T23:35:00-07:00,775536_1781159700_H30,STEP2A_AE_ORACLE_REFERENCE,774344,62.70000076293945,62.88468551635742,0.18468475341796875,0.18468475341796875,0.03410845814505592,0.29411986034130894,774344,0.1846847534179687,0.1846847534179687,0.0
validation,775536,2026-06-10T23:40:00-07:00,775536_1781160000_H30,STEP2A_AE_ORACLE_REFERENCE,759870,59.400001525878906,62.06270980834961,2.662708282470703,2.662708282470703,7.090015397538082,4.384404450221297,759870,2.662708282470703,2.662708282470703,0.0
validation,775536,2026-06-10T23:45:00-07:00,775536_1781160300_H30,STEP2A_AE_ORACLE_REFERENCE,768701,56.20000076293945,62.1420783996582,5.94207763671875,5.94207763671875,35.308286640793085,10.042205830004939,768701,5.94207763671875,5.94207763671875,0.0
validation,775536,2026-06-10T23:50:00-07:00,775536_1781160600_H30,STEP2A_AE_ORACLE_REFERENCE,759870,50.900001525878906,61.05162048339844,10.151618957519531,10.151618957519531,103.05536745866993,18.135724493566787,759870,10.151618957519531,10.151618957519531,0.0
validation,775536,2026-06-10T23:55:00-07:00,775536_1781160900_H30,STEP2A_AE_ORACLE_REFERENCE,768701,48.5,61.84056854248047,13.340568542480469,13.340568542480469,177.97076903661946,24.18071358122622,768701,13.340568542480469,13.340568542480469,0.0
validation,775536,2026-06-17T11:15:00-07:00,775536_1781720100_H30,STEP2A_AE_ORACLE_REFERENCE,768701,66.9000015258789,64.31900787353516,-2.58099365234375,2.58099365234375,6.66152823343873,3.933871539630625,768701,2.58099365234375,2.58099365234375,0.0
validation,775536,2026-06-18T23:30:00-07:00,775536_1781850600_H30,STEP2A_AE_ORACLE_REFERENCE,718405,72.19999694824219,66.4925537109375,-5.7074432373046875,5.7074432373046875,32.57490830705501,8.230352919499303,718405,5.707443237304688,5.707443237304688,0.0
validation,775536,2026-06-18T23:35:00-07:00,775536_1781850900_H30,STEP2A_AE_ORACLE_REFERENCE,718405,69.69999694824219,66.17523956298828,-3.5247573852539062,3.5247573852539062,12.423914624901954,5.188226272594482,718405,3.5247573852539062,3.5247573852539062,0.0
validation,775536,2026-06-18T23:40:00-07:00,775536_1781851200_H30,STEP2A_AE_ORACLE_REFERENCE,718405,69.19999694824219,65.4942398071289,-3.7057571411132812,3.7057571411132812,13.73263598891208,5.502473161240351,718405,3.705757141113281,3.705757141113281,0.0
validation,775536,2026-06-18T23:45:00-07:00,775536_1781851500_H30,STEP2A_AE_ORACLE_REFERENCE,759870,62.900001525878906,63.74869537353516,0.8486938476562571,0.8486938476562571,0.7202812470495822,1.340233041053924,759870,0.84869384765625,0.84869384765625,0.0
validation,775536,2026-06-18T23:50:00-07:00,775536_1781851800_H30,STEP2A_AE_ORACLE_REFERENCE,718405,65.4000015258789,63.71641540527344,-1.6835861206054688,1.6835861206054688,2.834462225495372,2.6078575406315765,718405,1.6835861206054688,1.6835861206054688,0.0
validation,775536,2026-06-18T23:55:00-07:00,775536_1781852100_H30,STEP2A_AE_ORACLE_REFERENCE,774344,66.5,63.871917724609375,-2.628082275390625,2.628082275390625,6.906816446222365,4.0316692445741245,774344,2.628082275390625,2.628082275390625,0.0
validation,775536,2026-06-22T23:30:00-07:00,775536_1782196200_H30,STEP2A_AE_ORACLE_REFERENCE,718405,69.30000305175781,64.76740264892578,-4.532600402832031,4.532600402832031,20.544466411753092,6.761673868953744,718405,4.532600402832031,4.532600402832031,0.0
validation,775536,2026-06-22T23:35:00-07:00,775536_1782196500_H30,STEP2A_AE_ORACLE_REFERENCE,718405,72.19999694824219,64.75660705566406,-7.443389892578125,7.443389892578125,55.40405309293419,10.869705615681443,718405,7.443389892578125,7.443389892578125,0.0
validation,775536,2026-06-22T23:40:00-07:00,775536_1782196800_H30,STEP2A_AE_ORACLE_REFERENCE,718405,71.5999984741211,64.50032806396484,-7.09967041015625,7.09967041015625,50.405319932848215,10.4329953330487,718405,7.09967041015625,7.09967041015625,0.0
validation,775536,2026-06-22T23:45:00-07:00,775536_1782197100_H30,STEP2A_AE_ORACLE_REFERENCE,718405,72.0,64.5124740600586,-7.487525939941406,7.487525939941406,56.06304470129544,10.9697314280578,718405,7.487525939941406,7.487525939941406,0.0
validation,775536,2026-06-22T23:50:00-07:00,775536_1782197400_H30,STEP2A_AE_ORACLE_REFERENCE,718405,69.19999694824219,64.52134704589844,-4.67864990234375,4.67864990234375,21.88976490870118,6.997611192960642,718405,4.67864990234375,4.67864990234375,0.0
validation,775536,2026-06-22T23:55:00-07:00,775536_1782197700_H30,STEP2A_AE_ORACLE_REFERENCE,718405,67.30000305175781,64.4640884399414,-2.8359146118164062,2.8359146118164062,8.042411685513798,4.304533288528605,718405,2.8359146118164062,2.8359146118164062,0.0
validation,775536,2026-06-26T23:30:00-07:00,775536_1782541800_H30,STEP2A_AE_ORACLE_REFERENCE,768701,57.70000076293945,64.390625,6.690624237060547,6.690624237060547,44.764452681542025,10.960094831934276,768701,6.690624237060547,6.690624237060547,0.0
validation,775536,2026-06-26T23:35:00-07:00,775536_1782542100_H30,STEP2A_AE_ORACLE_REFERENCE,768701,58.70000076293945,64.0419692993164,5.341968536376953,5.341968536376953,28.536627843641327,8.704387733300221,768701,5.341968536376953,5.341968536376953,0.0
validation,775536,2026-06-26T23:40:00-07:00,775536_1782542400_H30,STEP2A_AE_ORACLE_REFERENCE,768701,57.5,63.955196380615234,6.455196380615234,6.455196380615234,41.66956031230802,10.629757342349041,768701,6.455196380615234,6.455196380615234,0.0
validation,775536,2026-06-26T23:45:00-07:00,775536_1782542700_H30,STEP2A_AE_ORACLE_REFERENCE,759870,60.29999923706055,63.06084442138672,2.760845184326172,2.760845184326172,7.622266131817014,4.476047796154774,759870,2.760845184326172,2.760845184326172,0.0
validation,775536,2026-06-26T23:50:00-07:00,775536_1782543000_H30,STEP2A_AE_ORACLE_REFERENCE,759870,58.20000076293945,62.69660568237305,4.496604919433594,4.496604919433594,20.219455801474396,7.438761127300665,759870,4.496604919433594,4.496604919433594,0.0
validation,775536,2026-06-26T23:55:00-07:00,775536_1782543300_H30,STEP2A_AE_ORACLE_REFERENCE,759870,56.20000076293945,62.74763488769531,6.547634124755859,6.547634124755859,42.87151263166743,11.00927148975165,759870,6.547634124755859,6.547634124755859,0.0
validation,765501,2026-06-03T15:25:00-07:00,765501_1780525500_H30,XGBoost,773773,64.30000305175781,55.03448867797852,-9.26551437377929,9.26551437377929,85.84975661071063,15.52864416956702,773773,9.265514373779297,9.265514373779297,0.0
validation,765501,2026-06-03T15:30:00-07:00,765501_1780525800_H30,XGBoost,773773,64.69999694824219,54.55017852783203,-10.149818420410156,10.149818420410156,103.01881396729732,17.022731068991863,763616,7.766017913818359,10.149818420410156,2.383800506591797
validation,765501,2026-06-03T15:35:00-07:00,765501_1780526100_H30,XGBoost,773773,65.5999984741211,53.9305305480957,-11.66946792602539,11.66946792602539,136.17648167653533,19.525501851044115,763616,2.32741928100586,11.66946792602539,9.342048645019531
validation,765501,2026-06-03T15:40:00-07:00,765501_1780526400_H30,XGBoost,773773,66.30000305175781,54.53579330444336,-11.764209747314453,11.764209747314453,138.3966309788084,19.471398384761393,763616,5.4029083251953125,11.764209747314451,6.361301422119139
validation,765501,2026-06-03T15:45:00-07:00,765501_1780526700_H30,XGBoost,773773,67.80000305175781,54.80620956420898,-12.993793487548835,12.993793487548835,168.8386691970665,21.19597874255971,763616,5.657157897949219,12.993793487548828,7.336635589599609
validation,765501,2026-06-03T15:50:00-07:00,765501_1780527000_H30,XGBoost,773773,67.9000015258789,54.73823547363281,-13.161766052246094,13.161766052246094,173.23208561405772,21.464375657938753,763616,8.121150970458984,13.161766052246094,5.040615081787109
validation,765501,2026-06-06T07:20:00-07:00,765501_1780755600_H30,XGBoost,717951,67.30000305175781,65.09676361083984,-2.2032394409179688,2.2032394409179688,4.8542640340165235,3.3282375088381984,763616,0.408782958984375,2.2032394409179688,1.7944564819335938
validation,765501,2026-06-06T07:25:00-07:00,765501_1780755900_H30,XGBoost,717951,66.0999984741211,64.99937438964844,-1.1006240844726562,1.1006240844726562,1.2113733753212728,1.6790684074759314,717951,1.1006240844726562,1.1006240844726562,0.0
validation,765501,2026-06-06T07:30:00-07:00,765501_1780756200_H30,XGBoost,717951,66.0999984741211,64.89561462402344,-1.2043838500976562,1.2043838500976562,1.4505404583760537,1.8388155334655827,763616,0.959503173828125,1.2043838500976562,0.2448806762695312
validation,765501,2026-06-06T07:35:00-07:00,765501_1780756500_H30,XGBoost,717951,65.4000015258789,66.27052307128906,0.8705215454101562,0.8705215454101562,0.7578077610232867,1.3222724546166464,776019,0.2828750610351562,0.8705215454101562,0.587646484375
validation,765501,2026-06-06T07:40:00-07:00,765501_1780756800_H30,XGBoost,717951,66.0,66.36984252929688,0.369842529296875,0.369842529296875,0.13678349647670984,0.5588017926681605,717951,0.369842529296875,0.369842529296875,0.0
validation,765501,2026-06-06T07:45:00-07:00,765501_1780757100_H30,XGBoost,773773,65.69999694824219,61.08891296386719,-4.611083984375,4.611083984375,21.262095510959625,7.273639234225182,776019,0.2406005859375,4.611083984375,4.3704833984375
validation,765501,2026-06-11T23:30:00-07:00,765501_1781245800_H30,XGBoost,763616,69.5,67.93059539794922,-1.5694046020507812,1.5694046020507812,2.463030804938171,2.2839231483888116,763616,1.5694046020507812,1.5694046020507812,0.0
validation,765501,2026-06-11T23:35:00-07:00,765501_1781246100_H30,XGBoost,763616,66.69999694824219,68.1680908203125,1.4680938720703125,1.4680938720703125,2.155299617210403,2.177081154593491,763616,1.4680938720703125,1.4680938720703125,0.0
validation,765501,2026-06-11T23:40:00-07:00,765501_1781246400_H30,XGBoost,763616,66.19999694824219,67.5957260131836,1.3957290649414062,1.3957290649414062,1.9480596227222122,2.086358253637171,773784,1.1476974487304688,1.3957290649414062,0.2480316162109375
validation,765501,2026-06-11T23:45:00-07:00,765501_1781246700_H30,XGBoost,763616,67.9000015258789,67.22225189208984,-0.6777496337890625,0.6777496337890625,0.45934456610120833,1.0031650770014602,763616,0.6777496337890625,0.6777496337890625,0.0
validation,765501,2026-06-11T23:50:00-07:00,765501_1781247000_H30,XGBoost,763616,67.0999984741211,67.03781127929688,-0.06218719482421875,0.06218719482421875,0.0038672472001053393,0.09272135049011028,763616,0.0621871948242187,0.0621871948242187,0.0
validation,765501,2026-06-11T23:55:00-07:00,765501_1781247300_H30,XGBoost,763616,66.0,66.90170288085938,0.901702880859375,0.901702880859375,0.8130680853500962,1.3569470586588004,763616,0.901702880859375,0.901702880859375,0.0
validation,765501,2026-06-15T23:30:00-07:00,765501_1781591400_H30,XGBoost,763616,69.19999694824219,65.79325103759766,-3.4067459106445312,3.4067459106445312,11.605917699693237,5.047283380818374,773784,3.362983703613281,3.4067459106445312,0.0437622070312504
validation,765501,2026-06-15T23:35:00-07:00,765501_1781591700_H30,XGBoost,763616,64.30000305175781,64.96659088134766,0.6665878295898438,0.6665878295898438,0.44433933455729857,1.0313381116518126,763616,0.6665878295898438,0.6665878295898438,0.0
validation,765501,2026-06-15T23:40:00-07:00,765501_1781592000_H30,XGBoost,763616,61.5,64.9026870727539,3.4026870727539062,3.4026870727539062,11.578279315086547,5.383884037015753,776019,0.8366851806640625,3.4026870727539062,2.566001892089844
validation,765501,2026-06-15T23:45:00-07:00,765501_1781592300_H30,XGBoost,763616,61.59999847412109,64.27720642089844,2.677207946777351,2.677207946777351,7.167442390287799,4.253681876304306,776019,0.5329322814941406,2.677207946777344,2.144275665283204
validation,765501,2026-06-15T23:50:00-07:00,765501_1781592600_H30,XGBoost,763616,62.0,64.755615234375,2.755615234375,2.755615234375,7.593415319919586,4.347918169211191,776019,0.4062042236328125,2.755615234375,2.3494110107421875
validation,765501,2026-06-15T23:55:00-07:00,765501_1781592900_H30,XGBoost,763616,66.5999984741211,64.84000396728516,-1.7599945068359375,1.7599945068359375,3.097580664092675,2.6780195690127377,763616,1.7599945068359375,1.7599945068359375,0.0
validation,765501,2026-06-17T22:00:00-07:00,765501_1781758800_H30,XGBoost,763616,70.5,67.117919921875,-3.382080078125,3.382080078125,11.438465654850006,4.915173918438994,763616,3.382080078125,3.382080078125,0.0
validation,765501,2026-06-17T22:05:00-07:00,765501_1781759100_H30,XGBoost,773773,69.69999694824219,66.9052505493164,-2.7947463989257812,2.7947463989257812,7.810607434308622,4.091711599171432,763616,1.907066345214844,2.794746398925781,0.8876800537109368
validation,765501,2026-06-17T22:10:00-07:00,765501_1781759400_H30,XGBoost,773773,70.9000015258789,64.28135681152344,-6.618644714355469,6.618644714355469,43.806457854865585,9.792244650885388,763616,3.1412353515625,6.618644714355469,3.4774093627929688
validation,765501,2026-06-17T22:15:00-07:00,765501_1781759700_H30,XGBoost,773773,71.5,63.8643798828125,-7.6356201171875,7.6356201171875,58.30269457399845,11.281579492906337,763616,3.6384353637695312,7.6356201171875,3.9971847534179688
validation,765501,2026-06-17T22:20:00-07:00,765501_1781760000_H30,XGBoost,763616,68.5999984741211,68.07894897460938,-0.5210494995117188,0.5210494995117188,0.2714925809414126,0.7624429444702221,763616,0.5210494995117188,0.5210494995117188,0.0
validation,765501,2026-06-17T22:25:00-07:00,765501_1781760300_H30,XGBoost,763616,66.0999984741211,67.90238952636719,1.8023910522460938,1.8023910522460938,3.248613505216781,2.690087939013574,773784,0.4557647705078125,1.8023910522460933,1.346626281738281
validation,765501,2026-06-18T23:30:00-07:00,765501_1781850600_H30,XGBoost,763616,69.0999984741211,67.93778991699219,-1.1622085571289062,1.1622085571289062,1.3507287302636541,1.696186960243353,763616,1.1622085571289062,1.1622085571289062,0.0
validation,765501,2026-06-18T23:35:00-07:00,765501_1781850900_H30,XGBoost,763616,68.0,67.90328979492188,-0.096710205078125,0.096710205078125,0.009352863766252995,0.14232209464899676,763616,0.096710205078125,0.096710205078125,0.0
validation,765501,2026-06-18T23:40:00-07:00,765501_1781851200_H30,XGBoost,763616,66.69999694824219,68.04795837402344,1.34796142578125,1.34796142578125,1.8170000053942204,2.000715205739286,763616,1.34796142578125,1.34796142578125,0.0
validation,765501,2026-06-18T23:45:00-07:00,765501_1781851500_H30,XGBoost,763616,65.5,67.6846923828125,2.1846923828125,2.1846923828125,4.772880807518959,3.2806958927825782,773784,0.803955078125,2.1846923828125,1.3807373046875
validation,765501,2026-06-18T23:50:00-07:00,765501_1781851800_H30,XGBoost,763616,64.0999984741211,67.65824127197266,3.5582427978515625,3.5582427978515625,12.661091808462515,5.401169259247345,773784,1.0506591796875,3.5582427978515625,2.5075836181640625
validation,765501,2026-06-18T23:55:00-07:00,765501_1781852100_H30,XGBoost,763616,64.5,67.87493133544922,3.3749313354492188,3.3749313354492188,11.390161518997047,5.099049005587944,773784,0.2287368774414062,3.3749313354492188,3.1461944580078125
validation,765501,2026-06-24T23:30:00-07:00,765501_1782369000_H30,XGBoost,763616,69.4000015258789,68.66033935546875,-0.7396621704101562,0.7396621704101562,0.547100126335863,1.0715056334509725,763616,0.7396621704101562,0.7396621704101562,0.0
validation,765501,2026-06-24T23:35:00-07:00,765501_1782369300_H30,XGBoost,763616,70.5999984741211,68.45613098144531,-2.1438674926757812,2.1438674926757812,4.596167826151941,3.083456278629624,763616,2.143867492675781,2.143867492675781,0.0
validation,765501,2026-06-24T23:40:00-07:00,765501_1782369600_H30,XGBoost,763616,68.80000305175781,67.49272155761719,-1.307281494140625,1.307281494140625,1.708984904922545,1.9183437535578973,763616,1.307281494140625,1.307281494140625,0.0
validation,765501,2026-06-24T23:45:00-07:00,765501_1782369900_H30,XGBoost,763616,68.9000015258789,67.58818817138672,-1.3118133544921875,1.3118133544921875,1.7208542770240456,1.9222371514936758,763616,1.3118133544921875,1.3118133544921875,0.0
validation,765501,2026-06-24T23:50:00-07:00,765501_1782370200_H30,XGBoost,763616,69.19999694824219,67.28825378417969,-1.9117431640625,1.9117431640625,3.654761925339699,2.801329989646835,763616,1.9117431640625,1.9117431640625,0.0
validation,765501,2026-06-24T23:55:00-07:00,765501_1782370500_H30,XGBoost,763616,68.0,67.15960693359375,-0.84039306640625,0.84039306640625,0.7062605060636997,1.2435565317992778,763616,0.84039306640625,0.84039306640625,0.0
validation,765501,2026-06-27T23:30:00-07:00,765501_1782628200_H30,XGBoost,763616,69.19999694824219,68.1192626953125,-1.0807342529296875,1.0807342529296875,1.1679865254554898,1.5740461285106893,763616,1.0807342529296875,1.0807342529296875,0.0
validation,765501,2026-06-27T23:35:00-07:00,765501_1782628500_H30,XGBoost,763616,69.0,67.96534729003906,-1.0346527099609375,1.0346527099609375,1.0705062302295119,1.510824048386235,763616,1.0346527099609375,1.0346527099609375,0.0
validation,765501,2026-06-27T23:40:00-07:00,765501_1782628800_H30,XGBoost,763616,69.30000305175781,67.94452667236328,-1.3554763793945312,1.3554763793945312,1.8373162150965072,1.9752719794994391,763616,1.3554763793945312,1.3554763793945312,0.0
validation,765501,2026-06-27T23:45:00-07:00,765501_1782629100_H30,XGBoost,763616,68.0,67.71965789794922,-0.28034210205078125,0.28034210205078125,0.07859169418225065,0.41311937316549996,763616,0.2803421020507812,0.2803421020507812,0.0
validation,765501,2026-06-27T23:50:00-07:00,765501_1782629400_H30,XGBoost,763616,67.69999694824219,67.85736083984375,0.1573638916015625,0.1573638916015625,0.024763394379988313,0.2321731450191004,763616,0.1573638916015625,0.1573638916015625,0.0
validation,765501,2026-06-27T23:55:00-07:00,765501_1782629700_H30,XGBoost,763616,67.9000015258789,67.83699798583984,-0.0630035400390625,0.0630035400390625,0.0039694460574537516,0.09283178470357187,763616,0.0630035400390625,0.0630035400390625,0.0
validation,769895,2026-06-03T17:30:00-07:00,769895_1780533000_H30,XGBoost,770385,69.9000015258789,63.29560852050781,-6.604393005371094,6.604393005371094,43.61800696939463,9.916832774724156,769847,1.6959075927734375,6.604393005371094,4.908485412597656
validation,769895,2026-06-03T17:35:00-07:00,769895_1780533300_H30,XGBoost,770385,67.0,63.68773651123047,-3.3122634887695312,3.3122634887695312,10.971089419035707,5.068973649474797,769880,0.6902694702148438,3.3122634887695312,2.6219940185546875
validation,769895,2026-06-03T17:40:00-07:00,769895_1780533600_H30,XGBoost,770385,66.0999984741211,63.999610900878906,-2.1003875732421875,2.1003875732421875,4.411627957830206,3.2288914120311603,769880,0.4317245483398437,2.1003875732421875,1.6686630249023438
validation,769895,2026-06-03T17:45:00-07:00,769895_1780533900_H30,XGBoost,770385,66.0,63.89215469360352,-2.1078453063964773,2.1078453063964773,4.443011835697659,3.245531333498805,769866,1.0536956787109375,2.1078453063964844,1.0541496276855469
validation,769895,2026-06-03T17:50:00-07:00,769895_1780534200_H30,XGBoost,770385,65.5999984741211,63.88522720336914,-1.7147712707519531,1.7147712707519531,2.940440510996268,2.6485975500864605,769866,0.19903564453125,1.7147712707519531,1.5157356262207031
validation,769895,2026-06-03T17:55:00-07:00,769895_1780534500_H30,XGBoost,770385,64.69999694824219,63.8550033569336,-0.8449935913085866,0.8449935913085866,0.7140141693525828,1.3146024390022175,769866,0.6420745849609375,0.8449935913085938,0.2029190063476562
validation,769895,2026-06-04T23:30:00-07:00,769895_1780641000_H30,XGBoost,770385,69.0,67.914306640625,-1.085693359375,1.085693359375,1.178730070590973,1.5859458052035678,769880,0.5397567749023438,1.085693359375,0.5459365844726562
validation,769895,2026-06-04T23:35:00-07:00,769895_1780641300_H30,XGBoost,770385,67.4000015258789,67.79169464111328,0.391693115234375,0.391693115234375,0.15342349652200937,0.5794632709589345,770385,0.391693115234375,0.391693115234375,0.0
validation,769895,2026-06-04T23:40:00-07:00,769895_1780641600_H30,XGBoost,770385,63.400001525878906,67.72418212890625,4.324180603027344,4.324180603027344,18.698537887597922,6.595550034361324,769866,2.3920211791992188,4.324180603027344,1.932159423828125
validation,769895,2026-06-04T23:45:00-07:00,769895_1780641900_H30,XGBoost,770385,61.5,66.99083709716797,5.490837097167969,5.490837097167969,30.149292027635965,8.54665932370316,769866,4.1884307861328125,5.490837097167969,1.3024063110351562
validation,769895,2026-06-04T23:50:00-07:00,769895_1780642200_H30,XGBoost,770385,59.70000076293945,66.66509246826172,6.965091705322266,6.965091705322266,48.512502463549026,11.023758970303517,769866,5.606586456298828,6.965091705322266,1.3585052490234375
validation,769895,2026-06-04T23:55:00-07:00,769895_1780642500_H30,XGBoost,770385,66.30000305175781,66.1902084350586,-0.10979461669921875,0.10979461669921875,0.012054857856128365,0.16573996620338124,770385,0.1097946166992187,0.1097946166992187,0.0
validation,769895,2026-06-06T07:20:00-07:00,769895_1780755600_H30,XGBoost,770116,71.0,66.50077819824219,-4.4992218017578125,4.4992218017578125,20.242996821412817,6.544285534951108,769847,3.0790557861328125,4.4992218017578125,1.420166015625
validation,769895,2026-06-06T07:25:00-07:00,769895_1780755900_H30,XGBoost,770116,71.5999984741211,66.05856323242188,-5.541435241699219,5.541435241699219,30.70750453794608,8.050985180649183,769847,3.4980926513671875,5.541435241699219,2.0433425903320312
validation,769895,2026-06-06T07:30:00-07:00,769895_1780756200_H30,XGBoost,770116,67.80000305175781,65.32467651367188,-2.4753265380859375,2.4753265380859375,6.127241470152512,3.718809356119859,769847,0.4498672485351562,2.475326538085937,2.025459289550781
validation,769895,2026-06-06T07:35:00-07:00,769895_1780756500_H30,XGBoost,770116,64.69999694824219,65.04598999023438,0.3459930419921875,0.3459930419921875,0.11971118510700762,0.5333390997126659,770116,0.3459930419921875,0.3459930419921875,0.0
validation,769895,2026-06-06T07:40:00-07:00,769895_1780756800_H30,XGBoost,770116,63.20000076293945,65.17839813232422,1.9783973693847656,1.9783973693847656,3.9140561511885608,3.0821343325650155,769880,0.6638717651367188,1.9783973693847656,1.3145256042480469
validation,769895,2026-06-06T07:45:00-07:00,769895_1780757100_H30,XGBoost,770116,62.400001525878906,65.31710815429688,2.9171066284179688,2.9171066284179688,8.50951108156005,4.568074885005618,769880,0.1684761047363281,2.9171066284179688,2.7486305236816406
validation,769895,2026-06-12T23:30:00-07:00,769895_1781332200_H30,XGBoost,770385,69.0999984741211,68.58760833740234,-0.51239013671875,0.51239013671875,0.2625436522066593,0.7442792345120063,770385,0.51239013671875,0.51239013671875,0.0
validation,769895,2026-06-12T23:35:00-07:00,769895_1781332500_H30,XGBoost,770385,68.5999984741211,67.96832275390625,-0.6316757202148438,0.6316757202148438,0.39901421550894156,0.9250691667136958,769847,0.3840408325195312,0.6316757202148438,0.2476348876953125
validation,769895,2026-06-12T23:40:00-07:00,769895_1781332800_H30,XGBoost,770385,70.0999984741211,67.38346099853516,-2.7165374755859375,2.7165374755859375,7.379575856262818,3.9518025895576336,769847,2.233505249023437,2.716537475585937,0.4830322265625
validation,769895,2026-06-12T23:45:00-07:00,769895_1781333100_H30,XGBoost,770385,68.19999694824219,66.86012268066406,-1.339874267578125,1.339874267578125,1.795263052918017,1.9841153130013691,769847,0.5497207641601562,1.339874267578125,0.7901535034179688
validation,769895,2026-06-12T23:50:00-07:00,769895_1781333400_H30,XGBoost,770385,65.69999694824219,66.69123840332031,0.991241455078125,0.991241455078125,0.9825596222653985,1.4974427045093854,769866,0.5410308837890625,0.991241455078125,0.4502105712890625
validation,769895,2026-06-12T23:55:00-07:00,769895_1781333700_H30,XGBoost,770385,68.0,66.23961639404297,-1.7603836059570312,1.7603836059570312,3.0989504401222803,2.622748246949563,769880,0.2470016479492187,1.7603836059570312,1.5133819580078125
validation,769895,2026-06-17T11:15:00-07:00,769895_1781720100_H30,XGBoost,769847,59.09999847412109,64.06747436523438,4.967475891113288,4.967475891113288,24.67581672879176,8.066213808350497,769880,1.4925460815429688,4.967475891113281,3.4749298095703125
validation,769965,2026-06-03T17:30:00-07:00,769965_1780533000_H30,XGBoost,770129,40.900001525878906,56.08055114746094,15.180549621582031,15.180549621582031,230.44908681331435,31.30637854000043,769911,2.1030349731445312,15.180549621582031,13.0775146484375
validation,769965,2026-06-03T17:35:00-07:00,769965_1780533300_H30,XGBoost,770129,46.29999923706055,57.56181335449219,11.26181411743164,11.26181411743164,126.8284572155826,21.68614956353426,769867,6.391258239746094,11.26181411743164,4.870555877685547
validation,769965,2026-06-03T17:40:00-07:00,769965_1780533600_H30,XGBoost,770129,46.70000076293945,57.94218826293945,11.2421875,11.2421875,126.38677978515625,21.486911726942473,769911,5.899688720703125,11.2421875,5.342498779296875
validation,769965,2026-06-03T17:45:00-07:00,769965_1780533900_H30,XGBoost,770129,48.29999923706055,56.89311218261719,8.59311294555664,8.59311294555664,73.84159009509312,16.337786282572598,769911,2.885944366455078,8.59311294555664,5.7071685791015625
validation,769965,2026-06-03T17:50:00-07:00,769965_1780534200_H30,XGBoost,770129,49.79999923706055,57.67636489868164,7.876365661621094,7.876365661621094,62.03713603556389,14.656926016567974,769926,6.421836853027344,7.876365661621094,1.45452880859375
validation,769965,2026-06-03T17:55:00-07:00,769965_1780534500_H30,XGBoost,770129,52.20000076293945,57.35698699951172,5.156986236572266,5.156986236572266,26.59450704419578,9.414253339426825,769911,4.758838653564453,5.156986236572266,0.3981475830078125
validation,769965,2026-06-04T23:30:00-07:00,769965_1780641000_H30,XGBoost,770129,68.0,67.56485748291016,-0.43514251708984375,0.43514251708984375,0.18934901017928496,0.641969492624373,769926,0.2534942626953125,0.4351425170898437,0.1816482543945312
validation,769965,2026-06-04T23:35:00-07:00,769965_1780641300_H30,XGBoost,769926,69.30000305175781,67.97996520996094,-1.320037841796875,1.320037841796875,1.7424999037757516,1.9231324845073003,769926,1.320037841796875,1.320037841796875,0.0
validation,769965,2026-06-04T23:40:00-07:00,769965_1780641600_H30,XGBoost,769926,71.30000305175781,67.95186614990234,-3.3481369018554688,3.3481369018554688,11.210020713566337,4.808749637626845,769926,3.3481369018554688,3.3481369018554688,0.0
validation,769965,2026-06-04T23:45:00-07:00,769965_1780641900_H30,XGBoost,770129,71.4000015258789,67.44011688232422,-3.9598846435546875,3.9598846435546875,15.680686390260234,5.704236873943116,769926,3.30047607421875,3.959884643554688,0.6594085693359379
validation,769965,2026-06-04T23:50:00-07:00,769965_1780642200_H30,XGBoost,770129,70.0,67.37230682373047,-2.6276931762695312,2.6276931762695312,6.904771428613458,3.825651935091985,769926,2.063026428222656,2.6276931762695312,0.5646667480468754
validation,769965,2026-06-04T23:55:00-07:00,769965_1780642500_H30,XGBoost,770129,64.80000305175781,67.41183471679688,2.6118316650390625,2.6118316650390625,6.821664646500722,3.9509800171696297,770141,0.8677291870117188,2.6118316650390625,1.7441024780273438
validation,769965,2026-06-06T07:20:00-07:00,769965_1780755600_H30,XGBoost,770129,68.30000305175781,68.97421264648438,0.6742095947265625,0.6742095947265625,0.45455857762135565,0.9822814668957363,769926,0.04083251953125,0.6742095947265625,0.6333770751953125
validation,769965,2026-06-06T07:25:00-07:00,769965_1780755900_H30,XGBoost,770129,70.9000015258789,68.6545639038086,-2.2454376220703125,2.2454376220703125,5.0419901146087795,3.218006661504184,769867,1.7569351196289062,2.2454376220703125,0.4885025024414062
validation,769965,2026-06-06T07:30:00-07:00,769965_1780756200_H30,XGBoost,770129,72.0999984741211,68.92127227783203,-3.1787261962890625,3.1787261962890625,10.104300230974331,4.508151368653414,770129,3.1787261962890625,3.1787261962890625,0.0
validation,769965,2026-06-06T07:35:00-07:00,769965_1780756500_H30,XGBoost,770129,69.9000015258789,69.03805541992188,-0.8619461059570312,0.8619461059570312,0.7429510895744897,1.2407631410729423,770129,0.8619461059570312,0.8619461059570312,0.0
validation,769965,2026-06-06T07:40:00-07:00,769965_1780756800_H30,XGBoost,770129,67.30000305175781,68.48401641845703,1.1840133666992188,1.1840133666992188,1.4018876525224186,1.7439656928687572,769867,0.5607376098632812,1.1840133666992188,0.6232757568359375
validation,769965,2026-06-06T07:45:00-07:00,769965_1780757100_H30,XGBoost,770129,64.9000015258789,68.63172149658203,3.731719970703125,3.731719970703125,13.925733939744532,5.58926352224049,769867,3.4769821166992188,3.731719970703125,0.2547378540039062
validation,769965,2026-06-12T23:30:00-07:00,769965_1781332200_H30,XGBoost,769926,67.5999984741211,68.1112289428711,0.51123046875,0.51123046875,0.2613565921783447,0.7534092421286928,769867,0.0236358642578125,0.51123046875,0.4875946044921875
validation,769965,2026-06-12T23:35:00-07:00,769965_1781332500_H30,XGBoost,770129,66.0999984741211,67.4648208618164,1.3648223876953125,1.3648223876953125,1.862740149954334,2.043685431931192,769867,0.67138671875,1.3648223876953125,0.6934356689453125
validation,769965,2026-06-12T23:40:00-07:00,769965_1781332800_H30,XGBoost,769926,66.4000015258789,66.25154113769531,-0.14846038818359375,0.14846038818359375,0.022040486859623343,0.22383514595218482,769867,0.051177978515625,0.1484603881835937,0.0972824096679687
validation,769965,2026-06-12T23:45:00-07:00,769965_1781333100_H30,XGBoost,769926,67.0999984741211,65.37122344970703,-1.7287750244140625,1.7287750244140625,2.9886630850378424,2.6100385974516445,769911,0.1507339477539062,1.7287750244140625,1.5780410766601562
validation,769965,2026-06-12T23:50:00-07:00,769965_1781333400_H30,XGBoost,769926,62.5,65.46998596191406,2.9699859619140625,2.9699859619140625,8.820816613966599,4.641691434723641,769926,2.9699859619140625,2.9699859619140625,0.0
validation,769965,2026-06-12T23:55:00-07:00,769965_1781333700_H30,XGBoost,769926,65.19999694824219,64.7513198852539,-0.44867706298828125,0.44867706298828125,0.2013111068517901,0.6905309934034863,769926,0.4486770629882812,0.4486770629882812,0.0
validation,769965,2026-06-17T11:15:00-07:00,769965_1781720100_H30,XGBoost,770129,57.79999923706055,60.65171432495117,2.851715087890625,2.851715087890625,8.132278942503035,4.814983216469523,769867,2.5934715270996094,2.851715087890625,0.2582435607910156
validation,775511,2026-06-06T23:30:00-07:00,775511_1780813800_H30,XGBoost,764297,66.5,69.03668212890625,2.53668212890625,2.53668212890625,6.434756223112345,3.7431668982096338,764283,0.1591796875,2.53668212890625,2.37750244140625
validation,775511,2026-06-06T23:35:00-07:00,775511_1780814100_H30,XGBoost,764311,65.80000305175781,69.17588806152344,3.375885009765625,3.375885009765625,11.396599599160254,5.002204403927696,764283,0.2073211669921875,3.375885009765625,3.168563842773437
validation,775511,2026-06-06T23:40:00-07:00,775511_1780814400_H30,XGBoost,764311,65.30000305175781,69.20457458496094,3.904571533203125,3.904571533203125,15.245678857900202,5.805856682022579,764283,0.0472946166992187,3.904571533203125,3.857276916503906
validation,775511,2026-06-06T23:45:00-07:00,775511_1780814700_H30,XGBoost,764311,64.9000015258789,69.2987289428711,4.3987274169921875,4.3987274169921875,19.34880288899876,6.555542468769895,764283,0.042236328125,4.398727416992188,4.356491088867188
validation,775511,2026-06-06T23:50:00-07:00,775511_1780815000_H30,XGBoost,764311,64.0999984741211,69.23975372314453,5.1397552490234375,5.1397552490234375,26.417084019863978,7.709261680452604,764283,0.7138442993164062,5.1397552490234375,4.425910949707031
validation,775511,2026-06-06T23:55:00-07:00,775511_1780815300_H30,XGBoost,764311,63.20000076293945,69.13899230957031,5.938991546630859,5.938991546630859,35.27162059095281,8.975421927987197,764283,1.6687049865722656,5.938991546630859,4.270286560058594
validation,775511,2026-06-08T23:30:00-07:00,775511_1780986600_H30,XGBoost,764311,69.9000015258789,67.92859649658203,-1.971405029296875,1.971405029296875,3.8864377895370126,2.8606617832277457,764311,1.971405029296875,1.971405029296875,0.0
validation,775511,2026-06-08T23:35:00-07:00,775511_1780986900_H30,XGBoost,764311,67.5999984741211,68.13402557373047,0.534027099609375,0.534027099609375,0.28518494311720133,0.7868728558238947,764311,0.534027099609375,0.534027099609375,0.0
validation,775511,2026-06-08T23:40:00-07:00,775511_1780987200_H30,XGBoost,764311,67.5,67.8541488647461,0.35414886474609375,0.35414886474609375,0.125421418400947,0.523292215421515,764311,0.3541488647460937,0.3541488647460937,0.0
validation,775511,2026-06-08T23:45:00-07:00,775511_1780987500_H30,XGBoost,764311,67.0999984741211,67.841552734375,0.7415542602539062,0.7415542602539062,0.5499027209007181,1.0990747447578524,764311,0.7415542602539062,0.7415542602539062,0.0
validation,775511,2026-06-08T23:50:00-07:00,775511_1780987800_H30,XGBoost,764311,67.80000305175781,67.68672943115234,-0.11327362060546875,0.11327362060546875,0.012830913125071675,0.16720990711574976,764311,0.1132736206054687,0.1132736206054687,0.0
validation,775511,2026-06-08T23:55:00-07:00,775511_1780988100_H30,XGBoost,764311,66.5999984741211,67.71068572998047,1.110687255859375,1.110687255859375,1.2336261803284287,1.653907511783667,764283,0.3416671752929687,1.110687255859375,0.7690200805664062
validation,775511,2026-06-10T23:30:00-07:00,775511_1781159400_H30,XGBoost,764311,69.19999694824219,68.63562774658203,-0.5643692016601562,0.5643692016601562,0.3185125957825221,0.8189017880031991,764322,0.0645523071289062,0.5643692016601562,0.49981689453125
validation,775511,2026-06-10T23:35:00-07:00,775511_1781159700_H30,XGBoost,764297,69.69999694824219,68.43022918701172,-1.2697677612304688,1.2697677612304688,1.6123101674602367,1.8385081782094541,764311,1.0601654052734375,1.2697677612304688,0.2096023559570312
validation,775511,2026-06-10T23:40:00-07:00,775511_1781160000_H30,XGBoost,764311,68.5999984741211,68.02469635009766,-0.5753021240234375,0.5753021240234375,0.33097253390587866,0.8421641791080302,764297,0.2941131591796875,0.5753021240234375,0.28118896484375
validation,775511,2026-06-10T23:45:00-07:00,775511_1781160300_H30,XGBoost,764311,68.80000305175781,68.23181915283203,-0.5681838989257812,0.5681838989257812,0.3228329429985024,0.829272917251458,764297,0.5332565307617188,0.5681838989257812,0.0349273681640625
validation,775511,2026-06-10T23:50:00-07:00,775511_1781160600_H30,XGBoost,764311,68.0999984741211,68.4249267578125,0.32492828369140625,0.32492828369140625,0.10557838954264298,0.4759984753837641,764297,0.119476318359375,0.3249282836914062,0.2054519653320312
validation,775511,2026-06-10T23:55:00-07:00,775511_1781160900_H30,XGBoost,764311,68.80000305175781,68.2540283203125,-0.5459747314453125,0.5459747314453125,0.2980884073767811,0.7967291760713996,764297,0.511199951171875,0.5459747314453125,0.0347747802734375
validation,775511,2026-06-23T23:30:00-07:00,775511_1782282600_H30,XGBoost,764311,68.69999694824219,68.61463165283203,-0.08536529541015625,0.08536529541015625,0.007287233660463244,0.12433532487857861,764311,0.0853652954101562,0.0853652954101562,0.0
validation,775511,2026-06-23T23:35:00-07:00,775511_1782282900_H30,XGBoost,764311,68.5999984741211,68.49124908447266,-0.1087493896484375,0.1087493896484375,0.011826429748907685,0.158652562861381,764311,0.1087493896484375,0.1087493896484375,0.0
validation,775511,2026-06-23T23:40:00-07:00,775511_1782283200_H30,XGBoost,764311,67.80000305175781,68.13737487792969,0.337371826171875,0.337371826171875,0.11381974909454584,0.4963635886291111,764311,0.337371826171875,0.337371826171875,0.0
validation,775511,2026-06-23T23:45:00-07:00,775511_1782283500_H30,XGBoost,764311,66.0,67.87901306152344,1.8790130615234375,1.8790130615234375,3.5306900853756815,2.8070315197570044,764297,0.646728515625,1.8790130615234373,1.2322845458984373
validation,775511,2026-06-23T23:50:00-07:00,775511_1782283800_H30,XGBoost,764311,66.19999694824219,67.98848724365234,1.7884902954101562,1.7884902954101562,3.198697536776308,2.6656389970459067,764297,0.0592880249023437,1.7884902954101562,1.7292022705078125
validation,775511,2026-06-23T23:55:00-07:00,775511_1782284100_H30,XGBoost,764311,66.4000015258789,67.91571807861328,1.515716552734375,1.515716552734375,2.2973966682329774,2.256945867412756,764297,0.18756103515625,1.515716552734375,1.328155517578125
validation,775511,2026-06-26T23:30:00-07:00,775511_1782541800_H30,XGBoost,764297,69.0999984741211,69.38764190673828,0.2876434326171875,0.2876434326171875,0.08273874432779849,0.41540664531375754,764297,0.2876434326171875,0.2876434326171875,0.0
validation,775511,2026-06-26T23:35:00-07:00,775511_1782542100_H30,XGBoost,764297,69.0,69.35033416748047,0.35033416748046875,0.35033416748046875,0.12273402890423313,0.5064449855598406,764322,0.3212966918945312,0.3503341674804687,0.0290374755859375
validation,775511,2026-06-26T23:40:00-07:00,775511_1782542400_H30,XGBoost,764297,70.4000015258789,69.31558990478516,-1.08441162109375,1.08441162109375,1.1759485639631748,1.552312955523422,764297,1.08441162109375,1.08441162109375,0.0
validation,775511,2026-06-26T23:45:00-07:00,775511_1782542700_H30,XGBoost,764297,69.5,67.34294891357422,-2.1570510864257812,2.1570510864257812,4.652869389450643,3.152593667102482,764311,0.323822021484375,2.157051086425781,1.8332290649414056
validation,775511,2026-06-26T23:50:00-07:00,775511_1782543000_H30,XGBoost,764297,70.0999984741211,67.90509796142578,-2.1949005126953125,2.1949005126953125,4.817588260630146,3.1808977399844327,764311,1.03961181640625,2.1949005126953125,1.1552886962890625
validation,775511,2026-06-26T23:55:00-07:00,775511_1782543300_H30,XGBoost,764297,69.30000305175781,67.36357116699219,-1.936431884765625,1.936431884765625,3.749768444336951,2.8338668612555806,764311,0.1421127319335937,1.936431884765625,1.7943191528320312
validation,775536,2026-06-02T23:30:00-07:00,775536_1780468200_H30,XGBoost,759870,68.5999984741211,64.70466613769531,-3.8953323364257812,3.8953323364257812,15.173614011204336,5.844255065713905,759870,3.895332336425781,3.895332336425781,0.0
validation,775536,2026-06-02T23:35:00-07:00,775536_1780468500_H30,XGBoost,759870,63.0,62.85401153564453,-0.14598846435546875,0.14598846435546875,0.02131263172486797,0.23199651948184286,759870,0.1459884643554687,0.1459884643554687,0.0
validation,775536,2026-06-02T23:40:00-07:00,775536_1780468800_H30,XGBoost,759870,60.79999923706055,62.73699569702149,1.9369964599609446,1.9369964599609446,3.7519552859012313,3.1358969761487554,759870,1.9369964599609373,1.9369964599609373,0.0
validation,775536,2026-06-02T23:45:00-07:00,775536_1780469100_H30,XGBoost,759870,57.20000076293945,63.40479278564453,6.204792022705078,6.204792022705078,38.499444045024575,10.289461618717924,774344,5.827373504638672,6.204792022705078,0.3774185180664062
validation,775536,2026-06-02T23:50:00-07:00,775536_1780469400_H30,XGBoost,759870,56.59999847412109,63.41695022583008,6.8169517517089915,6.8169517517089915,46.47083118512829,11.359981683840052,774344,6.346874237060547,6.816951751708984,0.4700775146484375
validation,775536,2026-06-02T23:55:00-07:00,775536_1780469700_H30,XGBoost,759870,53.59999847412109,63.18666076660156,9.586662292480476,9.586662292480476,91.90409391006702,16.417392658922317,774344,9.152359008789062,9.586662292480469,0.4343032836914062
validation,775536,2026-06-03T19:05:00-07:00,775536_1780538700_H30,XGBoost,759870,67.5999984741211,56.34748840332031,-11.252510070800781,11.252510070800781,126.618982893473,18.156898963417802,718405,4.34954833984375,11.25251007080078,6.9029617309570295
validation,775536,2026-06-03T19:10:00-07:00,775536_1780539000_H30,XGBoost,759870,64.69999694824219,55.78227615356445,-8.917720794677734,8.917720794677734,79.52574417182768,14.803373958798828,718405,0.4546356201171875,8.917720794677734,8.463085174560547
validation,775536,2026-06-03T19:15:00-07:00,775536_1780539300_H30,XGBoost,759870,62.20000076293945,55.717166900634766,-6.4828338623046875,6.4828338623046875,42.02713488624431,10.995572461209035,774344,0.8779869079589844,6.482833862304688,5.604846954345704
validation,775536,2026-06-03T19:20:00-07:00,775536_1780539600_H30,XGBoost,759870,57.59999847412109,58.59298324584961,0.9929847717285227,0.9929847717285227,0.9860187568847464,1.7091992106298743,759870,0.9929847717285156,0.9929847717285156,0.0
validation,775536,2026-06-03T19:25:00-07:00,775536_1780539900_H30,XGBoost,759870,56.29999923706055,58.53600311279297,2.236003875732422,2.236003875732422,4.999713332290412,3.8942558265813667,759870,2.236003875732422,2.236003875732422,0.0
validation,775536,2026-06-03T19:30:00-07:00,775536_1780540200_H30,XGBoost,759870,58.29999923706055,59.07833862304688,0.7783393859863352,0.7783393859863352,0.6058121997775854,1.326206169801001,759870,0.7783393859863281,0.7783393859863281,0.0
validation,775536,2026-06-06T23:30:00-07:00,775536_1780813800_H30,XGBoost,759870,68.5999984741211,63.10729217529297,-5.492706298828125,5.492706298828125,30.16982248518616,8.340777841592738,718405,2.637031555175781,5.492706298828125,2.855674743652344
validation,775536,2026-06-06T23:35:00-07:00,775536_1780814100_H30,XGBoost,759870,66.5,62.61049270629883,-3.889507293701172,3.889507293701172,15.128266987754614,6.02508313932877,718405,0.698974609375,3.889507293701172,3.190532684326172
validation,775536,2026-06-06T23:40:00-07:00,775536_1780814400_H30,XGBoost,759870,64.0,62.43383407592773,-1.5661659240722727,1.5661659240722727,2.452875701725156,2.4774474698671254,774344,1.2070159912109375,1.5661659240722656,0.3591499328613281
validation,775536,2026-06-06T23:45:00-07:00,775536_1780814700_H30,XGBoost,759870,61.400001525878906,62.3191032409668,0.9191017150878906,0.9191017150878906,0.8447479626775021,1.4857878407559455,768701,0.8427352905273438,0.9191017150878906,0.0763664245605468
validation,775536,2026-06-06T23:50:00-07:00,775536_1780815000_H30,XGBoost,718405,55.70000076293945,67.16712188720703,11.467121124267578,11.467121124267578,131.49486687862372,18.665890082882083,759870,6.500274658203125,11.467121124267578,4.966846466064453
validation,775536,2026-06-06T23:55:00-07:00,775536_1780815300_H30,XGBoost,718405,54.900001525878906,66.85858154296875,11.958580017089844,11.958580017089844,143.00763602514053,19.643099677190623,768701,7.522109985351562,11.958580017089844,4.436470031738282
validation,775536,2026-06-10T23:30:00-07:00,775536_1781159400_H30,XGBoost,759870,68.5999984741211,63.673439025878906,-4.9265594482421875,4.9265594482421875,24.270987997064367,7.449053270422373,718405,3.2161865234375,4.926559448242188,1.7103729248046884
validation,775536,2026-06-10T23:35:00-07:00,775536_1781159700_H30,XGBoost,759870,62.70000076293945,63.12959289550781,0.4295921325683594,0.4295921325683594,0.18454940036463086,0.682815729851864,774344,0.1846847534179687,0.4295921325683594,0.2449073791503906
validation,775536,2026-06-10T23:40:00-07:00,775536_1781160000_H30,XGBoost,759870,59.400001525878906,62.06270980834961,2.662708282470703,2.662708282470703,7.090015397538082,4.384404450221297,759870,2.662708282470703,2.662708282470703,0.0
validation,775536,2026-06-10T23:45:00-07:00,775536_1781160300_H30,XGBoost,759870,56.20000076293945,62.43611907958984,6.2361183166503835,6.2361183166503835,38.889171659262416,10.51301791117706,768701,5.94207763671875,6.236118316650391,0.2940406799316406
validation,775536,2026-06-10T23:50:00-07:00,775536_1781160600_H30,XGBoost,759870,50.900001525878906,61.05162048339844,10.151618957519531,10.151618957519531,103.05536745866993,18.135724493566787,759870,10.151618957519531,10.151618957519531,0.0
validation,775536,2026-06-10T23:55:00-07:00,775536_1781160900_H30,XGBoost,759870,48.5,61.85098648071289,13.35098648071289,13.35098648071289,178.24884000817838,24.197312204471885,768701,13.340568542480469,13.35098648071289,0.0104179382324218
validation,775536,2026-06-17T11:15:00-07:00,775536_1781720100_H30,XGBoost,768701,66.9000015258789,64.31900787353516,-2.58099365234375,2.58099365234375,6.66152823343873,3.933871539630625,768701,2.58099365234375,2.58099365234375,0.0
validation,775536,2026-06-18T23:30:00-07:00,775536_1781850600_H30,XGBoost,759870,72.19999694824219,64.42697143554688,-7.7730255126953125,7.7730255126953125,60.419925621012226,11.378464365788078,718405,5.707443237304688,7.773025512695312,2.0655822753906232
validation,775536,2026-06-18T23:35:00-07:00,775536_1781850900_H30,XGBoost,759870,69.69999694824219,64.14375305175781,-5.556243896484375,5.556243896484375,30.87184623721987,8.302582458981407,718405,3.5247573852539062,5.556243896484375,2.0314865112304688
validation,775536,2026-06-18T23:40:00-07:00,775536_1781851200_H30,XGBoost,759870,69.19999694824219,64.02464294433594,-5.17535400390625,5.17535400390625,26.784289065748453,7.769364539821502,718405,3.705757141113281,5.17535400390625,1.4695968627929692
validation,775536,2026-06-18T23:45:00-07:00,775536_1781851500_H30,XGBoost,759870,62.900001525878906,63.74869537353516,0.8486938476562571,0.8486938476562571,0.7202812470495822,1.340233041053924,759870,0.84869384765625,0.84869384765625,0.0
validation,775536,2026-06-18T23:50:00-07:00,775536_1781851800_H30,XGBoost,759870,65.4000015258789,63.54179763793945,-1.8582038879394531,1.8582038879394531,3.4529216891532997,2.8822366146255702,718405,1.6835861206054688,1.858203887939453,0.1746177673339841
validation,775536,2026-06-18T23:55:00-07:00,775536_1781852100_H30,XGBoost,759870,66.5,63.37029266357422,-3.1297073364257812,3.1297073364257812,9.795068011677358,4.819743219389664,774344,2.628082275390625,3.129707336425781,0.5016250610351558
validation,775536,2026-06-22T23:30:00-07:00,775536_1782196200_H30,XGBoost,768701,69.30000305175781,63.6805534362793,-5.619449615478516,5.619449615478516,31.578213980901637,8.45153565547962,718405,4.532600402832031,5.619449615478516,1.0868492126464844
validation,775536,2026-06-22T23:35:00-07:00,775536_1782196500_H30,XGBoost,768701,72.19999694824219,62.24627685546875,-9.953720092773438,9.953720092773438,99.07654368528165,14.80698532898094,718405,7.443389892578125,9.953720092773438,2.5103302001953125
validation,775536,2026-06-22T23:40:00-07:00,775536_1782196800_H30,XGBoost,768701,71.5999984741211,62.12102508544922,-9.478973388671875,9.478973388671875,89.85093650314957,14.177237154579478,718405,7.09967041015625,9.478973388671877,2.3793029785156268
validation,775536,2026-06-22T23:45:00-07:00,775536_1782197100_H30,XGBoost,768701,72.0,62.82499313354492,-9.175006866455078,9.175006866455078,84.18075099949783,13.610246268384305,718405,7.487525939941406,9.175006866455078,1.687480926513672
validation,775536,2026-06-22T23:50:00-07:00,775536_1782197400_H30,XGBoost,768701,69.19999694824219,61.78320693969727,-7.416790008544915,7.416790008544915,55.008774030851676,11.324795442118292,718405,4.67864990234375,7.416790008544922,2.738140106201172
validation,775536,2026-06-22T23:55:00-07:00,775536_1782197700_H30,XGBoost,768701,67.30000305175781,62.75312423706055,-4.546878814697266,4.546878814697266,20.67410695554281,6.992340552700408,718405,2.8359146118164062,4.546878814697266,1.7109642028808594
validation,775536,2026-06-26T23:30:00-07:00,775536_1782541800_H30,XGBoost,759870,57.70000076293945,64.7017593383789,7.001758575439453,7.001758575439453,49.02462314873992,11.440617377463598,768701,6.690624237060547,7.001758575439453,0.3111343383789062
validation,775536,2026-06-26T23:35:00-07:00,775536_1782542100_H30,XGBoost,759870,58.70000076293945,64.33907318115234,5.639072418212891,5.639072418212891,31.799137737849378,9.166311467759735,768701,5.341968536376953,5.639072418212891,0.2971038818359375
validation,775536,2026-06-26T23:40:00-07:00,775536_1782542400_H30,XGBoost,759870,57.5,64.15306091308594,6.6530609130859375,6.6530609130859375,44.26321951323189,10.937761546584277,768701,6.455196380615234,6.6530609130859375,0.1978645324707031
validation,775536,2026-06-26T23:45:00-07:00,775536_1782542700_H30,XGBoost,759870,60.29999923706055,63.06084442138672,2.760845184326172,2.760845184326172,7.622266131817014,4.476047796154774,759870,2.760845184326172,2.760845184326172,0.0
validation,775536,2026-06-26T23:50:00-07:00,775536_1782543000_H30,XGBoost,759870,58.20000076293945,62.69660568237305,4.496604919433594,4.496604919433594,20.219455801474396,7.438761127300665,759870,4.496604919433594,4.496604919433594,0.0
validation,775536,2026-06-26T23:55:00-07:00,775536_1782543300_H30,XGBoost,759870,56.20000076293945,62.74763488769531,6.547634124755859,6.547634124755859,42.87151263166743,11.00927148975165,759870,6.547634124755859,6.547634124755859,0.0
