target_station,timestamp,sample_id,jev_raw_confidence,raw_regret_mph,near_oracle_y,final_platt_probability
715938,2026-06-06T07:20:00-07:00,715938_1780755600_H30,0.0330100966050457,2.7032508850097656,0,0.4263774951655269
715938,2026-06-06T07:25:00-07:00,715938_1780755900_H30,0.0487910524020459,2.5988998413085938,0,0.4436235011208274
715938,2026-06-06T07:30:00-07:00,715938_1780756200_H30,0.0109489257354823,2.944740295410156,0,0.4025739266680514
715938,2026-06-06T07:35:00-07:00,715938_1780756500_H30,0.03987177755652,4.598163604736328,0,0.4338567471843071
715938,2026-06-06T07:40:00-07:00,715938_1780756800_H30,0.006952898556178,3.45792007446289,0,0.3983075437725426
715938,2026-06-06T07:45:00-07:00,715938_1780757100_H30,0.0419619348178089,0.8051528930664062,0,0.43614118759508447
715938,2026-06-17T11:15:00-07:00,715938_1781720100_H30,0.0061895575439164,0.0,1,0.39749429089302185
716085,2026-06-06T07:20:00-07:00,716085_1780755600_H30,0.0043521432950383,0.0,1,0.3955390631367502
716085,2026-06-06T07:25:00-07:00,716085_1780755900_H30,0.010695494439111,0.8543853759765625,0,0.4023029034127719
716085,2026-06-06T07:30:00-07:00,716085_1780756200_H30,0.0099555113547563,1.0354232788085938,0,0.4015118963905531
716085,2026-06-06T07:35:00-07:00,716085_1780756500_H30,0.0094284604990823,0.2987289428710937,1,0.4009488161989441
716085,2026-06-06T07:40:00-07:00,716085_1780756800_H30,0.0049418837968696,0.1170196533203125,1,0.39616625663047367
716085,2026-06-06T07:45:00-07:00,716085_1780757100_H30,0.0023784815381949,0.091094970703125,1,0.3934425683247494
716085,2026-06-17T11:15:00-07:00,716085_1781720100_H30,0.0041832828052573,7.668678283691406,0,0.39535954191142725
716088,2026-06-06T07:20:00-07:00,716088_1780755600_H30,0.0013038492440989,0.6521720886230469,0,0.39230269795592226
716088,2026-06-06T07:25:00-07:00,716088_1780755900_H30,0.0044730983628353,2.113719940185547,0,0.3956676718243815
716088,2026-06-06T07:30:00-07:00,716088_1780756200_H30,0.0006929161188671,0.0,1,0.39165519883728894
716088,2026-06-06T07:35:00-07:00,716088_1780756500_H30,0.0033364456625132,0.6021804809570312,0,0.3944596674363699
716088,2026-06-06T07:40:00-07:00,716088_1780756800_H30,0.0084488925659504,1.0053558349609375,0,0.3999029801290994
716088,2026-06-06T07:45:00-07:00,716088_1780757100_H30,0.006178889825536,0.0,1,0.3974829296534814
716088,2026-06-17T11:15:00-07:00,716088_1781720100_H30,0.0319242019480237,1.6215591430664062,0,0.42519685606991026
716091,2026-06-06T07:20:00-07:00,716091_1780755600_H30,0.0186528773548928,0.2972412109375,1,0.41084033699452327
716091,2026-06-06T07:25:00-07:00,716091_1780755900_H30,0.0008162772639042,0.4966812133789067,1,0.3917859128406135
716091,2026-06-06T07:30:00-07:00,716091_1780756200_H30,0.0163923379538943,0.3901443481445312,1,0.408409310692709
716091,2026-06-06T07:35:00-07:00,716091_1780756500_H30,0.0086392454652163,0.0,1,0.40010613938110207
716091,2026-06-06T07:40:00-07:00,716091_1780756800_H30,0.0008478048536463,1.077083587646484,0,0.3918193221020285
716091,2026-06-06T07:45:00-07:00,716091_1780757100_H30,0.002575276833317,0.519256591796875,0,0.3936514366978129
716091,2026-06-17T11:15:00-07:00,716091_1781720100_H30,0.0555772338945273,1.0650787353515625,0,0.451084199958715
716152,2026-06-06T07:20:00-07:00,716152_1780755600_H30,0.0059208949461308,0.4425582885742187,1,0.3972081958975172
716152,2026-06-06T07:25:00-07:00,716152_1780755900_H30,0.0171622666203801,0.2954940795898437,1,0.40923680967368103
716152,2026-06-06T07:30:00-07:00,716152_1780756200_H30,0.0010635892795834,0.0,1,0.39204801245302223
716152,2026-06-06T07:35:00-07:00,716152_1780756500_H30,0.0005401554306313,0.0,1,0.391493354485479
716152,2026-06-06T07:40:00-07:00,716152_1780756800_H30,0.0047445568425171,0.0,1,0.3959563597901182
716152,2026-06-06T07:45:00-07:00,716152_1780757100_H30,0.0027937412604909,0.0489501953125,1,0.39388334910687867
716152,2026-06-17T11:15:00-07:00,716152_1781720100_H30,0.0145638156959818,0.2038078308105468,1,0.4064461505648156
716551,2026-06-06T07:20:00-07:00,716551_1780755600_H30,0.0331775645114815,2.5413589477539062,0,0.42655964973215377
716551,2026-06-06T07:25:00-07:00,716551_1780755900_H30,0.0571470356839217,4.265556335449219,0,0.4528132953491941
716551,2026-06-06T07:30:00-07:00,716551_1780756200_H30,0.0456481894275018,5.17578125,0,0.44017663932251705
716551,2026-06-06T07:35:00-07:00,716551_1780756500_H30,0.0371423424482006,4.489200592041016,0,0.4308778477748695
716551,2026-06-06T07:40:00-07:00,716551_1780756800_H30,0.0253322758289395,4.364654541015625,0,0.41804854517459306
716551,2026-06-06T07:45:00-07:00,716551_1780757100_H30,0.0149097265337742,4.536617279052734,0,0.4068173043999052
716551,2026-06-17T11:15:00-07:00,716551_1781720100_H30,0.0140669081282363,3.427330017089844,0,0.4059131679692233
716554,2026-06-06T07:20:00-07:00,716554_1780755600_H30,0.0471954634618475,0.3838729858398436,1,0.44187287642609924
716554,2026-06-06T07:25:00-07:00,716554_1780755900_H30,0.057139587654753,0.9756011962890624,0,0.45280508881806747
716554,2026-06-06T07:30:00-07:00,716554_1780756200_H30,0.0510954202782352,0.1697616577148437,1,0.4461542352841018
716554,2026-06-06T07:35:00-07:00,716554_1780756500_H30,0.0245696733902995,0.0,1,0.41722373351664094
716554,2026-06-06T07:40:00-07:00,716554_1780756800_H30,0.031366246992782,0.571044921875,0,0.4245905502713472
716554,2026-06-06T07:45:00-07:00,716554_1780757100_H30,0.0444744663774587,0.8657989501953125,0,0.4388908456238563
716554,2026-06-17T11:15:00-07:00,716554_1781720100_H30,0.0604741961929362,0.6224555969238282,0,0.4564817915212067
716929,2026-06-06T07:20:00-07:00,716929_1780755600_H30,0.0581658702650713,2.57364273071289,0,0.45393612719876886
716929,2026-06-06T07:25:00-07:00,716929_1780755900_H30,0.0257907190990352,2.730854034423828,0,0.41854460689537776
716929,2026-06-06T07:30:00-07:00,716929_1780756200_H30,0.0455781203256793,1.5211257934570312,0,0.4400998570991915
716929,2026-06-06T07:35:00-07:00,716929_1780756500_H30,0.0194628113374328,4.408897399902344,0,0.411712422253816
716929,2026-06-06T07:40:00-07:00,716929_1780756800_H30,0.0212980287504322,3.846141815185547,0,0.41369051211447844
716929,2026-06-06T07:45:00-07:00,716929_1780757100_H30,0.0066487228225899,3.294879913330078,0,0.3979834116408413
716929,2026-06-17T11:15:00-07:00,716929_1781720100_H30,0.0542379304039293,3.81435775756836,0,0.44960992400372185
716930,2026-06-06T07:20:00-07:00,716930_1780755600_H30,0.023980402879151,0.0115737915039062,1,0.41658671016533483
716930,2026-06-06T07:25:00-07:00,716930_1780755900_H30,0.0143368920448997,0.1133956909179687,1,0.4062027250527608
716930,2026-06-06T07:30:00-07:00,716930_1780756200_H30,0.0027896029292235,1.8580284118652348,0,0.39387895558831587
716930,2026-06-06T07:35:00-07:00,716930_1780756500_H30,0.0023268933458503,0.5014991760253906,0,0.39338782171989917
716930,2026-06-06T07:40:00-07:00,716930_1780756800_H30,0.0028714060489163,0.7195320129394531,0,0.3939658062222597
716930,2026-06-06T07:45:00-07:00,716930_1780757100_H30,0.0032826275896204,0.8955345153808595,0,0.39440250284876477
716930,2026-06-17T11:15:00-07:00,716930_1781720100_H30,0.0011848340362701,7.225261688232422,0,0.39217652957701366
716934,2026-06-06T07:20:00-07:00,716934_1780755600_H30,0.000842073469056,3.798107147216797,0,0.39181324857391603
716934,2026-06-06T07:25:00-07:00,716934_1780755900_H30,0.0017984067437716,4.253047943115234,0,0.3928271337460486
716934,2026-06-06T07:30:00-07:00,716934_1780756200_H30,0.0019810193315629,0.0,1,0.3930208412942812
716934,2026-06-06T07:35:00-07:00,716934_1780756500_H30,0.0046079654285822,2.731693267822262,0,0.39581108983401275
716934,2026-06-06T07:40:00-07:00,716934_1780756800_H30,0.0042880041104505,3.4932212829589844,0,0.3954708713080739
716934,2026-06-06T07:45:00-07:00,716934_1780757100_H30,0.0078829816086042,3.5893592834472656,0,0.3992991999906637
716934,2026-06-17T11:15:00-07:00,716934_1781720100_H30,0.0038417665739768,1.5584487915039062,0,0.3949965508700404
716986,2026-06-06T07:20:00-07:00,716986_1780755600_H30,0.0088812587483115,0.0,1,0.4003644841733771
716986,2026-06-06T07:25:00-07:00,716986_1780755900_H30,0.0084061427420181,0.6675186157226562,0,0.3998573589610858
716986,2026-06-06T07:30:00-07:00,716986_1780756200_H30,0.0001875491355695,1.107086181640625,0,0.3911198721793883
716986,2026-06-06T07:35:00-07:00,716986_1780756500_H30,0.002510736296426,0.0,1,0.3935829324135236
716986,2026-06-06T07:40:00-07:00,716986_1780756800_H30,0.0008054744975874,0.0,1,0.39177446556235784
716986,2026-06-06T07:45:00-07:00,716986_1780757100_H30,0.004239798796777,0.8658180236816406,0,0.3954196228105848
716986,2026-06-17T11:15:00-07:00,716986_1781720100_H30,0.0027485974824339,1.7629241943359375,0,0.3938354224969624
717075,2026-06-06T07:20:00-07:00,717075_1780755600_H30,0.0503250412364024,0.5323944091796875,0,0.44530786187139115
717075,2026-06-06T07:25:00-07:00,717075_1780755900_H30,0.028742742009968,0.2630386352539063,1,0.42174276921499876
717075,2026-06-06T07:30:00-07:00,717075_1780756200_H30,0.0171692642268661,1.1036682128906252,0,0.4092443328819489
717075,2026-06-06T07:35:00-07:00,717075_1780756500_H30,0.0159382041006395,1.2431983947753906,0,0.407921462618005
717075,2026-06-06T07:40:00-07:00,717075_1780756800_H30,0.0096658125292852,0.5772209167480469,0,0.4012023614079234
717075,2026-06-06T07:45:00-07:00,717075_1780757100_H30,0.001855276510762,0.998260498046875,0,0.3928874551270525
717075,2026-06-17T11:15:00-07:00,717075_1781720100_H30,0.0006544534869494,1.083904266357422,0,0.39161444684260494
717077,2026-06-06T07:20:00-07:00,717077_1780755600_H30,0.0285022451529283,0.3483963012695313,1,0.4214819701926105
717077,2026-06-06T07:25:00-07:00,717077_1780755900_H30,0.0294456492549276,1.149139404296875,0,0.42250526396328886
717077,2026-06-06T07:30:00-07:00,717077_1780756200_H30,0.0306030230806408,1.016632080078125,0,0.4237615551965265
717077,2026-06-06T07:35:00-07:00,717077_1780756500_H30,0.0089459786826889,0.0661849975585937,1,0.40043358092588494
717077,2026-06-06T07:40:00-07:00,717077_1780756800_H30,0.0001034709959258,0.8476638793945312,0,0.3910308350158726
717077,2026-06-06T07:45:00-07:00,717077_1780757100_H30,0.0016290750033624,0.0,1,0.3926475440719404
717077,2026-06-17T11:15:00-07:00,717077_1781720100_H30,0.0246951116242946,0.0,1,0.41735937266677503
717083,2026-06-06T07:20:00-07:00,717083_1780755600_H30,0.003807878125267,0.113372802734375,1,0.39496053779596774
717083,2026-06-06T07:25:00-07:00,717083_1780755900_H30,0.0141139551894074,8.327388763427734,0,0.4059636211253071
717083,2026-06-06T07:30:00-07:00,717083_1780756200_H30,0.0172238782249365,9.089027404785156,0,0.4093030504873916
717083,2026-06-06T07:35:00-07:00,717083_1780756500_H30,0.0131443250155093,8.650882720947266,0,0.4049241946542596
717083,2026-06-06T07:40:00-07:00,717083_1780756800_H30,0.0133239960465112,7.3745269775390625,0,0.40511673479009175
717083,2026-06-06T07:45:00-07:00,717083_1780757100_H30,0.0064389665782735,6.3802490234375,0,0.39775994577462576
717083,2026-06-17T11:15:00-07:00,717083_1781720100_H30,0.0104257499803975,2.6761283874511723,0,0.4020145001797728
717087,2026-06-06T07:20:00-07:00,717087_1780755600_H30,0.0170784949699793,0.0,1,0.4091467490967831
717087,2026-06-06T07:25:00-07:00,717087_1780755900_H30,0.0037647238672867,0.0,1,0.3949146796460878
717087,2026-06-06T07:30:00-07:00,717087_1780756200_H30,0.0152842128902265,0.0,1,0.4072192390189804
717087,2026-06-06T07:35:00-07:00,717087_1780756500_H30,0.0038102715178687,0.0,1,0.3949630812041334
717087,2026-06-06T07:40:00-07:00,717087_1780756800_H30,0.0007074302286804,1.0725173950195312,0,0.39167057724472026
717087,2026-06-06T07:45:00-07:00,717087_1780757100_H30,0.0014017990242507,0.1716270446777343,1,0.3924065456027561
717087,2026-06-17T11:15:00-07:00,717087_1781720100_H30,0.0631574288528139,1.0437126159667964,0,0.45944376068006737
717089,2026-06-06T07:20:00-07:00,717089_1780755600_H30,0.0079018275314745,0.0,1,0.39931930211474365
717089,2026-06-06T07:25:00-07:00,717089_1780755900_H30,0.0077901701616778,6.685646057128906,0,0.39920020701881553
717089,2026-06-06T07:30:00-07:00,717089_1780756200_H30,0.0158247347853548,7.564414978027344,0,0.4077995977994572
717089,2026-06-06T07:35:00-07:00,717089_1780756500_H30,0.012441421807502,7.835861206054687,0,0.40417122691535246
717089,2026-06-06T07:40:00-07:00,717089_1780756800_H30,0.0110290754314746,6.1912384033203125,0,0.402659652359491
717089,2026-06-06T07:45:00-07:00,717089_1780757100_H30,0.003349055352698,5.051296234130859,0,0.3944730616397856
717089,2026-06-17T11:15:00-07:00,717089_1781720100_H30,0.0051084899446746,6.362545013427734,0,0.39634350551039776
717089,2026-06-25T23:30:00-07:00,717089_1782455400_H30,0.0467878201161215,0.0,1,0.44142585413939067
717089,2026-06-25T23:35:00-07:00,717089_1782455700_H30,0.0331175363348157,0.0,1,0.4264943548894422
717089,2026-06-25T23:40:00-07:00,717089_1782456000_H30,0.0308740932465259,2.043464660644531,0,0.42405593607088377
717089,2026-06-25T23:45:00-07:00,717089_1782456300_H30,0.0300189432022205,0.4142684936523437,1,0.42312743144806686
717089,2026-06-25T23:50:00-07:00,717089_1782456600_H30,0.0110014754707965,1.985755920410156,0,0.4026301316042916
717089,2026-06-25T23:55:00-07:00,717089_1782456900_H30,0.0149294994061991,0.4885101318359375,1,0.40683852342556837
717091,2026-06-06T07:20:00-07:00,717091_1780755600_H30,0.0090366285563002,0.0,1,0.4005303678403016
717091,2026-06-06T07:25:00-07:00,717091_1780755900_H30,0.0149973408160429,0.6955032348632812,0,0.4069113292793759
717091,2026-06-06T07:30:00-07:00,717091_1780756200_H30,0.0029710442943546,1.25555419921875,0,0.3940716015167044
717091,2026-06-06T07:35:00-07:00,717091_1780756500_H30,0.0088747785387942,1.6384239196777346,0,0.4003575659446265
717091,2026-06-06T07:40:00-07:00,717091_1780756800_H30,0.003620079900079,1.1359748840332031,0,0.3947609862970165
717091,2026-06-06T07:45:00-07:00,717091_1780757100_H30,0.0008296332187946,0.0218505859375,1,0.39180006579967686
717091,2026-06-17T11:15:00-07:00,717091_1781720100_H30,0.0083392860655304,1.7647361755371094,0,0.39978601525710283
717093,2026-06-06T07:20:00-07:00,717093_1780755600_H30,0.0182432476934193,0.0,1,0.41039948678343885
717093,2026-06-06T07:25:00-07:00,717093_1780755900_H30,0.0061072340636631,9.608428955078123,0,0.39740661832927643
717093,2026-06-06T07:30:00-07:00,717093_1780756200_H30,0.0020751304974275,1.7041282653808594,0,0.3931206835022525
717093,2026-06-06T07:35:00-07:00,717093_1780756500_H30,0.0066083774365455,2.335968017578125,0,0.3979404259828762
717093,2026-06-06T07:40:00-07:00,717093_1780756800_H30,0.0048882753228582,9.729534149169922,0,0.3961092294660239
717093,2026-06-06T07:45:00-07:00,717093_1780757100_H30,0.0035770050465613,3.7347564697265625,0,0.394715220564501
717093,2026-06-17T11:15:00-07:00,717093_1781720100_H30,0.0198129787545732,0.0,1,0.41208963228135836
717097,2026-06-06T07:20:00-07:00,717097_1780755600_H30,0.0128427977623897,1.3035507202148438,0,0.4046011359935661
717097,2026-06-06T07:25:00-07:00,717097_1780755900_H30,0.0058011919383683,0.0,1,0.39708074847575336
717097,2026-06-06T07:30:00-07:00,717097_1780756200_H30,0.0147615485953267,0.257232666015625,1,0.40665830005845294
717097,2026-06-06T07:35:00-07:00,717097_1780756500_H30,1.7599604191175442e-06,10.301128387451172,0,0.39092313464559464
717097,2026-06-06T07:40:00-07:00,717097_1780756800_H30,0.0048162926778522,7.713356018066406,0,0.3960326608260865
717097,2026-06-06T07:45:00-07:00,717097_1780757100_H30,0.0015649129500143,1.939117431640625,0,0.3925795027331072
717097,2026-06-17T11:15:00-07:00,717097_1781720100_H30,0.0382472193739128,0.0,1,0.4320831180120856
717101,2026-06-06T07:20:00-07:00,717101_1780755600_H30,0.0185422902562393,0.0,1,0.41072130719014527
717101,2026-06-06T07:25:00-07:00,717101_1780755900_H30,0.0153689595816659,1.6102714538574223,0,0.40731021453869243
717101,2026-06-06T07:30:00-07:00,717101_1780756200_H30,0.0130161065648232,1.1133651733398438,0,0.4047868103195381
717101,2026-06-06T07:35:00-07:00,717101_1780756500_H30,0.0017506773218723,2.5707778930664067,0,0.392776509991526
717101,2026-06-06T07:40:00-07:00,717101_1780756800_H30,0.0193774272361161,2.178546905517578,0,0.41162045984862505
717101,2026-06-06T07:45:00-07:00,717101_1780757100_H30,0.0116947393374336,1.561336517333984,0,0.4033718557536886
717101,2026-06-17T11:15:00-07:00,717101_1781720100_H30,0.0019334834109323,1.565410614013672,0,0.39297041399941324
717108,2026-06-06T07:20:00-07:00,717108_1780755600_H30,0.007949695532606,1.0484848022460942,0,0.39937036234905443
717108,2026-06-06T07:25:00-07:00,717108_1780755900_H30,0.0108779071723627,1.436676025390625,0,0.4024979723347809
717108,2026-06-06T07:30:00-07:00,717108_1780756200_H30,0.0026903852389535,1.250762939453125,0,0.39377362484802925
717108,2026-06-06T07:35:00-07:00,717108_1780756500_H30,0.0041974286674723,2.139835357666015,0,0.3953745797678946
717108,2026-06-06T07:40:00-07:00,717108_1780756800_H30,0.0027033533426923,2.220203399658204,0,0.39378739138837177
717108,2026-06-06T07:45:00-07:00,717108_1780757100_H30,0.0001609921936764,0.0,1,0.3910917480954469
717108,2026-06-17T11:15:00-07:00,717108_1781720100_H30,0.0057147298319429,0.0,1,0.3969887012235058
717112,2026-06-06T07:20:00-07:00,717112_1780755600_H30,0.0015118680010495,1.0634307861328125,0,0.39252325379637365
717112,2026-06-06T07:25:00-07:00,717112_1780755900_H30,0.0108612935056913,1.435016632080078,0,0.4024802046979376
717112,2026-06-06T07:30:00-07:00,717112_1780756200_H30,0.0045124425943469,1.6803207397460933,0,0.3957095087355283
717112,2026-06-06T07:35:00-07:00,717112_1780756500_H30,0.0048389971246442,1.960853576660156,0,0.3960568112170129
717112,2026-06-06T07:40:00-07:00,717112_1780756800_H30,0.0059805362262241,1.6988906860351562,0,0.3972717009908009
717112,2026-06-06T07:45:00-07:00,717112_1780757100_H30,0.0011719742856657,1.666179656982422,0,0.3921628977785203
717112,2026-06-17T11:15:00-07:00,717112_1781720100_H30,0.0103192433399062,0.0817794799804687,1,0.40190064491467564
717142,2026-06-06T07:20:00-07:00,717142_1780755600_H30,0.0008187898422894,0.2588348388671875,1,0.39178857534088196
717142,2026-06-06T07:25:00-07:00,717142_1780755900_H30,0.0031285742871965,0.0,1,0.39423888618319763
717142,2026-06-06T07:30:00-07:00,717142_1780756200_H30,0.0042860256534742,0.7834625244140625,0,0.3954687679066276
717142,2026-06-06T07:35:00-07:00,717142_1780756500_H30,0.000806278346986,0.7928390502929688,0,0.391775317366719
717142,2026-06-06T07:40:00-07:00,717142_1780756800_H30,0.0006692941182427,0.0,1,0.3916301706350975
717142,2026-06-06T07:45:00-07:00,717142_1780757100_H30,0.000763268785203,1.3628463745117188,0,0.3917297429244091
717142,2026-06-17T11:15:00-07:00,717142_1781720100_H30,0.0008941094399272,2.899085998535156,0,0.39186839213762314
717150,2026-06-06T07:20:00-07:00,717150_1780755600_H30,0.0083440266118753,0.0,1,0.3997910738210804
717150,2026-06-06T07:25:00-07:00,717150_1780755900_H30,0.0014416464175183,0.7180099487304688,0,0.3924487951198397
717150,2026-06-06T07:30:00-07:00,717150_1780756200_H30,0.0017023021293561,0.7278060913085938,0,0.39272520365772867
717150,2026-06-06T07:35:00-07:00,717150_1780756500_H30,0.0037071508760837,0.4804916381835937,1,0.39485350221647036
717150,2026-06-06T07:40:00-07:00,717150_1780756800_H30,0.0018226982257226,1.2357177734375004,0,0.39285289915833127
717150,2026-06-06T07:45:00-07:00,717150_1780757100_H30,0.0001554069359603,0.68853759765625,0,0.3910858333401858
717150,2026-06-17T11:15:00-07:00,717150_1781720100_H30,0.0673999507151826,3.830898284912109,0,0.4641327699559247
717154,2026-06-06T07:20:00-07:00,717154_1780755600_H30,0.0023845954308978,0.0,1,0.3934490567091282
717154,2026-06-06T07:25:00-07:00,717154_1780755900_H30,0.0016886855518761,2.311767578125,0,0.39271076245397474
717154,2026-06-06T07:30:00-07:00,717154_1780756200_H30,0.0038572191230309,3.7523422241210938,0,0.39501297259004314
717154,2026-06-06T07:35:00-07:00,717154_1780756500_H30,0.0046337722496407,3.0714950561523438,0,0.3958385349224856
717154,2026-06-06T07:40:00-07:00,717154_1780756800_H30,0.005116195234883,1.5554809570312496,0,0.3963517036704188
717154,2026-06-06T07:45:00-07:00,717154_1780757100_H30,0.0042078424503787,2.117393493652344,0,0.3953856503381944
717154,2026-06-17T11:15:00-07:00,717154_1781720100_H30,0.0830172127584928,2.61123275756836,0,0.4814419609160549
717160,2026-06-06T07:20:00-07:00,717160_1780755600_H30,0.0423553143161004,3.008583068847656,0,0.43657143853554764
717160,2026-06-06T07:25:00-07:00,717160_1780755900_H30,0.0067907680634377,4.162136077880859,0,0.3981347650869645
717160,2026-06-06T07:30:00-07:00,717160_1780756200_H30,0.0048972718252726,4.817249298095703,0,0.39611879949129
717160,2026-06-06T07:35:00-07:00,717160_1780756500_H30,0.0112061743781653,0.53887939453125,0,0.4028490931248173
717160,2026-06-06T07:40:00-07:00,717160_1780756800_H30,0.0241521937592684,0.1545791625976563,1,0.41677239383596276
717160,2026-06-06T07:45:00-07:00,717160_1780757100_H30,0.0135366972248134,0.2439956665039062,1,0.40534470862359506
717160,2026-06-17T11:15:00-07:00,717160_1781720100_H30,0.1701960283156541,11.74502944946289,0,0.5777186842149624
717174,2026-06-06T07:20:00-07:00,717174_1780755600_H30,0.0215665411167978,0.5626068115234375,0,0.41398016356523853
717174,2026-06-06T07:25:00-07:00,717174_1780755900_H30,0.003275537977715,1.0150527954101562,0,0.3943949726060505
717174,2026-06-06T07:30:00-07:00,717174_1780756200_H30,0.0144839557012686,1.4334793090820312,0,0.406360477913176
717174,2026-06-06T07:35:00-07:00,717174_1780756500_H30,0.0014705274770326,0.84808349609375,0,0.39247941822537286
717174,2026-06-06T07:40:00-07:00,717174_1780756800_H30,0.0086829452340334,1.964878082275391,0,0.400152783986806
717174,2026-06-06T07:45:00-07:00,717174_1780757100_H30,0.0114332523335426,0.65301513671875,0,0.40309203828817514
717174,2026-06-17T11:15:00-07:00,717174_1781720100_H30,0.0375575145653861,1.6881141662597654,0,0.431330648760964
717176,2026-06-06T07:20:00-07:00,717176_1780755600_H30,0.0207958563280914,0.0,1,0.413148965696838
717176,2026-06-06T07:25:00-07:00,717176_1780755900_H30,0.0059278136972981,2.868907928466797,0,0.3972155626970074
717176,2026-06-06T07:30:00-07:00,717176_1780756200_H30,0.0108481520492115,3.3497085571289062,0,0.402466150629197
717176,2026-06-06T07:35:00-07:00,717176_1780756500_H30,0.0050441712475132,5.308933258056641,0,0.39627507493241815
717176,2026-06-06T07:40:00-07:00,717176_1780756800_H30,0.0158817964148438,3.663711547851562,0,0.40786087995654224
717176,2026-06-06T07:45:00-07:00,717176_1780757100_H30,0.0230870437356068,2.5625991821289062,0,0.4156214873545193
717176,2026-06-17T11:15:00-07:00,717176_1781720100_H30,0.0297477050251472,2.908027648925781,0,0.4228330395922907
717185,2026-06-06T07:20:00-07:00,717185_1780755600_H30,0.0580320487727144,0.0,1,0.4537886189291273
717185,2026-06-06T07:25:00-07:00,717185_1780755900_H30,0.0137542934972547,1.4389381408691406,0,0.40557797128040474
717185,2026-06-06T07:30:00-07:00,717185_1780756200_H30,0.0177237452393484,1.803203582763672,0,0.409840596693627
717185,2026-06-06T07:35:00-07:00,717185_1780756500_H30,0.027482815046292,1.3472747802734375,0,0.42037697019759734
717185,2026-06-06T07:40:00-07:00,717185_1780756800_H30,0.0216210374045858,2.112857818603516,0,0.41403895743478425
717185,2026-06-06T07:45:00-07:00,717185_1780757100_H30,0.0299370086302629,0.6645393371582036,0,0.4230384969385172
717185,2026-06-17T11:15:00-07:00,717185_1781720100_H30,0.0605795788479078,2.584442138671875,0,0.4565980647590531
717187,2026-06-06T07:20:00-07:00,717187_1780755600_H30,0.035563776605567,1.213470458984375,0,0.42915727074650556
717187,2026-06-06T07:25:00-07:00,717187_1780755900_H30,0.0460605725008173,1.7182579040527348,0,0.4406285895289057
717187,2026-06-06T07:30:00-07:00,717187_1780756200_H30,0.0249612340547696,1.3016777038574223,0,0.41764717815190205
717187,2026-06-06T07:35:00-07:00,717187_1780756500_H30,0.0357971375950316,2.542911529541016,0,0.42941151861515436
717187,2026-06-06T07:40:00-07:00,717187_1780756800_H30,0.0117298295622728,0.74755859375,0,0.40340941062277574
717187,2026-06-06T07:45:00-07:00,717187_1780757100_H30,0.0064814620566838,2.4521484375,0,0.3978052153083682
717187,2026-06-17T11:15:00-07:00,717187_1781720100_H30,0.0034059151295488,1.5576171875,0,0.3945334609224849
717190,2026-06-06T07:20:00-07:00,717190_1780755600_H30,0.0580153692820153,0.0,1,0.45377023408865275
717190,2026-06-06T07:25:00-07:00,717190_1780755900_H30,0.0041089685717518,0.5351791381835938,0,0.3952805449050566
717190,2026-06-06T07:30:00-07:00,717190_1780756200_H30,0.0146722868128694,1.4410896301269531,0,0.40656252593293296
717190,2026-06-06T07:35:00-07:00,717190_1780756500_H30,0.0283963761784642,0.7777175903320312,0,0.4213671778896275
717190,2026-06-06T07:40:00-07:00,717190_1780756800_H30,0.0272087005675827,1.49981689453125,0,0.4200799824416984
717190,2026-06-06T07:45:00-07:00,717190_1780757100_H30,0.0248416900527441,0.0,1,0.4175178870228387
717190,2026-06-17T11:15:00-07:00,717190_1781720100_H30,0.0831918426716364,0.2092742919921875,1,0.4816358397550686
717192,2026-06-06T07:20:00-07:00,717192_1780755600_H30,0.0396865922109262,0.0,1,0.4336544825969732
717192,2026-06-06T07:25:00-07:00,717192_1780755900_H30,0.0308992919664314,0.1775054931640625,1,0.42408330449887083
717192,2026-06-06T07:30:00-07:00,717192_1780756200_H30,0.0133085652309692,0.0,1,0.4051001975812086
717192,2026-06-06T07:35:00-07:00,717192_1780756500_H30,0.0133682866080664,0.814430236816406,0,0.4051642021919984
717192,2026-06-06T07:40:00-07:00,717192_1780756800_H30,0.0013134091239602,1.475078582763672,0,0.39231283303754433
717192,2026-06-06T07:45:00-07:00,717192_1780757100_H30,0.0025333160890505,1.6719398498535158,0,0.3936068984649578
717192,2026-06-17T11:15:00-07:00,717192_1781720100_H30,0.0178555814519483,2.3312606811523438,0,0.40998240647688466
717195,2026-06-06T07:20:00-07:00,717195_1780755600_H30,0.0385062901678104,0.8926849365234375,0,0.43236584592844374
717195,2026-06-06T07:25:00-07:00,717195_1780755900_H30,0.0692347381766048,0.354721069335937,1,0.46616266753167285
717195,2026-06-06T07:30:00-07:00,717195_1780756200_H30,0.0435733274279043,0.9942550659179688,0,0.43790421874607843
717195,2026-06-06T07:35:00-07:00,717195_1780756500_H30,0.0369255602718482,0.9224548339843746,0,0.43064146355488186
717195,2026-06-06T07:40:00-07:00,717195_1780756800_H30,0.0494955531486863,1.1057891845703125,0,0.4443969032473367
717195,2026-06-06T07:45:00-07:00,717195_1780757100_H30,0.0474256071089448,0.0023117065429688,1,0.4421252939413099
717195,2026-06-17T11:15:00-07:00,717195_1781720100_H30,0.0860365162946962,2.36184310913086,0,0.48479481005912006
717196,2026-06-17T11:15:00-07:00,717196_1781720100_H30,0.0755684969856821,0.7394142150878906,0,0.4731781500704291
717198,2026-06-06T07:20:00-07:00,717198_1780755600_H30,0.0314410829911561,0.0,1,0.4246718582174563
717198,2026-06-06T07:25:00-07:00,717198_1780755900_H30,0.0714274871836838,0.1418685913085928,1,0.4685900569631935
717198,2026-06-06T07:30:00-07:00,717198_1780756200_H30,0.0358425377916367,0.9737434387207028,0,0.42946098667027616
717198,2026-06-06T07:35:00-07:00,717198_1780756500_H30,0.034171226809083,1.3119773864746094,0,0.4276408628556162
717198,2026-06-06T07:40:00-07:00,717198_1780756800_H30,0.0353857268771883,1.7862930297851558,0,0.42896330988421244
717198,2026-06-06T07:45:00-07:00,717198_1780757100_H30,0.0378398259379433,0.9324455261230468,0,0.4316386128829968
717198,2026-06-17T11:15:00-07:00,717198_1781720100_H30,0.0265558284694306,1.5367088317871094,0,0.4193728653143203
717200,2026-06-06T07:20:00-07:00,717200_1780755600_H30,0.0141735247791273,3.1090240478515625,0,0.40602750625920975
717200,2026-06-06T07:25:00-07:00,717200_1780755900_H30,0.0050105920688301,2.4686241149902344,0,0.39623935065694055
717200,2026-06-06T07:30:00-07:00,717200_1780756200_H30,0.0409733454204035,3.842273712158203,0,0.43506036344022203
717200,2026-06-06T07:35:00-07:00,717200_1780756500_H30,0.0310414786861306,3.624435424804688,0,0.42423774277191817
717200,2026-06-06T07:40:00-07:00,717200_1780756800_H30,0.0215810359258053,2.137279510498047,0,0.41399580119686624
717200,2026-06-06T07:45:00-07:00,717200_1780757100_H30,0.0050455888175966,4.919609069824219,0,0.3962765830837114
717200,2026-06-17T11:15:00-07:00,717200_1781720100_H30,0.0032028537645843,1.7122306823730469,0,0.39431777384471894
717219,2026-06-06T07:20:00-07:00,717219_1780755600_H30,0.0039068269865878,4.356124877929688,0,0.39506569341849124
717219,2026-06-06T07:25:00-07:00,717219_1780755900_H30,0.0026310858944456,5.587013244628906,0,0.3937106766358123
717219,2026-06-06T07:30:00-07:00,717219_1780756200_H30,0.0026590677507769,2.586372375488281,0,0.3937403798606825
717219,2026-06-06T07:35:00-07:00,717219_1780756500_H30,0.0028675185271374,3.77972412109375,0,0.3939616786762631
717219,2026-06-06T07:40:00-07:00,717219_1780756800_H30,0.0032841158235143,2.032257080078125,0,0.3944040835851617
717219,2026-06-06T07:45:00-07:00,717219_1780757100_H30,0.0054936714225616,1.5684432983398438,0,0.39675339638898965
717219,2026-06-17T11:15:00-07:00,717219_1781720100_H30,0.0036786942918209,3.9018478393554688,0,0.39482326528378436
717240,2026-06-06T07:20:00-07:00,717240_1780755600_H30,0.0098839009493619,0.0,1,0.401435375384339
717240,2026-06-06T07:25:00-07:00,717240_1780755900_H30,0.0049209695806304,0.929645538330078,0,0.39614400834826446
717240,2026-06-06T07:30:00-07:00,717240_1780756200_H30,0.0021292541462653,0.0,1,0.3931781071388589
717240,2026-06-06T07:35:00-07:00,717240_1780756500_H30,0.0266184588624931,0.0,1,0.4194406851552122
717240,2026-06-06T07:40:00-07:00,717240_1780756800_H30,0.0022470959091353,2.9915771484375,0,0.3933031440756922
717240,2026-06-06T07:45:00-07:00,717240_1780757100_H30,0.0026189064744134,2.728221893310547,0,0.3936977482160265
717240,2026-06-17T11:15:00-07:00,717240_1781720100_H30,0.0126233368326346,0.0,1,0.40436605578245444
717241,2026-06-06T07:20:00-07:00,717241_1780755600_H30,0.0648547313660466,2.480247497558594,0,0.4613188744471061
717241,2026-06-06T07:25:00-07:00,717241_1780755900_H30,0.0830465195194376,1.8295593261718752,0,0.4814744976837714
717241,2026-06-06T07:30:00-07:00,717241_1780756200_H30,0.0657405754741364,1.8249778747558596,0,0.4622979588409442
717241,2026-06-06T07:35:00-07:00,717241_1780756500_H30,0.064648492879884,0.8778114318847657,0,0.4610909706913267
717241,2026-06-06T07:40:00-07:00,717241_1780756800_H30,0.0631644623153246,1.6196250915527348,0,0.4594515286439034
717241,2026-06-06T07:45:00-07:00,717241_1780757100_H30,0.0225880104687329,0.0,1,0.4150825919745006
717241,2026-06-17T11:15:00-07:00,717241_1781720100_H30,0.0045999052897412,0.0,1,0.3958025181563074
717246,2026-06-06T07:20:00-07:00,717246_1780755600_H30,0.0169661286295037,2.577667236328125,0,0.40902595673552583
717246,2026-06-06T07:25:00-07:00,717246_1780755900_H30,0.003466815441242,2.41556167602539,0,0.3945981558352066
717246,2026-06-06T07:30:00-07:00,717246_1780756200_H30,0.0110568655956213,1.5899772644042969,0,0.4026893772678951
717246,2026-06-06T07:35:00-07:00,717246_1780756500_H30,0.006724133197983,1.185749053955078,0,0.3980637612206608
717246,2026-06-06T07:40:00-07:00,717246_1780756800_H30,0.0033011821989008,0.4621963500976562,1,0.394422210894242
717246,2026-06-06T07:45:00-07:00,717246_1780757100_H30,0.0060105151711562,0.0,1,0.39730362340503067
717246,2026-06-17T11:15:00-07:00,717246_1781720100_H30,0.0166579736059806,0.1623344421386718,1,0.4086947504689572
717247,2026-06-17T11:15:00-07:00,717247_1781720100_H30,0.0164920442132218,0.2258872985839843,1,0.4085164431934383
717249,2026-06-06T07:20:00-07:00,717249_1780755600_H30,0.0109049162071331,0.5406684875488282,0,0.4025268579388594
717249,2026-06-06T07:25:00-07:00,717249_1780755900_H30,0.0164035070607672,0.110870361328125,1,0.4084213112554364
717249,2026-06-06T07:30:00-07:00,717249_1780756200_H30,0.0097083094547846,0.3131828308105469,1,0.40124776324262285
717249,2026-06-06T07:35:00-07:00,717249_1780756500_H30,0.004768232766127,0.271087646484375,1,0.39598154186730283
717249,2026-06-06T07:40:00-07:00,717249_1780756800_H30,0.0014734510145153,0.5780372619628906,0,0.3924825181517588
717249,2026-06-06T07:45:00-07:00,717249_1780757100_H30,0.0057033682533059,0.7701911926269531,0,0.39697660626900466
717249,2026-06-17T11:15:00-07:00,717249_1781720100_H30,0.0015550110606798,0.0,1,0.39256900253961513
717251,2026-06-06T07:20:00-07:00,717251_1780755600_H30,0.0083445792168297,3.875740051269532,0,0.39979166349870543
717251,2026-06-06T07:25:00-07:00,717251_1780755900_H30,0.0172904834522123,3.4001121520996094,0,0.4093746638245782
717251,2026-06-06T07:30:00-07:00,717251_1780756200_H30,0.0100595231930986,3.2491149902343746,0,0.40162304926888415
717251,2026-06-06T07:35:00-07:00,717251_1780756500_H30,0.0085543655217025,2.2130126953125,0,0.40001554472954837
717251,2026-06-06T07:40:00-07:00,717251_1780756800_H30,0.0177538152720957,3.0397872924804688,0,0.4098729402422488
717251,2026-06-06T07:45:00-07:00,717251_1780757100_H30,0.0127287755718141,0.1273345947265625,1,0.4044789932452414
717251,2026-06-17T11:15:00-07:00,717251_1781720100_H30,0.0172234051586018,2.9786148071289062,0,0.40930254186450976
717252,2026-06-06T07:20:00-07:00,717252_1780755600_H30,0.0164530319684459,0.7909355163574219,0,0.40847452423443403
717252,2026-06-06T07:25:00-07:00,717252_1780755900_H30,0.0067255574240431,0.0,1,0.39806527878308834
717252,2026-06-06T07:30:00-07:00,717252_1780756200_H30,0.024665583525288,0.0,1,0.4173274421509069
717252,2026-06-06T07:35:00-07:00,717252_1780756500_H30,0.0137137051438994,0.0,1,0.4055344574305729
717252,2026-06-06T07:40:00-07:00,717252_1780756800_H30,0.000599697281597,0.6422119140625,0,0.3915564340593741
717252,2026-06-06T07:45:00-07:00,717252_1780757100_H30,0.0066868288544206,0.3722381591796875,1,0.39802401284238365
717252,2026-06-17T11:15:00-07:00,717252_1781720100_H30,0.0114627387690322,0.0,1,0.4031235885966578
717254,2026-06-06T07:20:00-07:00,717254_1780755600_H30,0.0737622248816251,0.097320556640625,1,0.4711762611801723
717254,2026-06-06T07:25:00-07:00,717254_1780755900_H30,0.0782799830921008,0.0,1,0.4761848859882317
717254,2026-06-06T07:30:00-07:00,717254_1780756200_H30,0.0195878949989793,0.1066360473632813,1,0.41184715394970206
717254,2026-06-06T07:35:00-07:00,717254_1780756500_H30,0.0231310418523301,0.631641387939453,0,0.41566900968297227
717254,2026-06-06T07:40:00-07:00,717254_1780756800_H30,0.0309974716815502,0.923381805419922,0,0.42418994231055873
717254,2026-06-06T07:45:00-07:00,717254_1780757100_H30,0.0132058899720076,0.0,1,0.4049901659666302
717258,2026-06-06T07:20:00-07:00,717258_1780755600_H30,0.0312517084324824,0.0,1,0.42446611412059787
717258,2026-06-06T07:25:00-07:00,717258_1780755900_H30,0.0078707538982997,0.0,1,0.3992861574068034
717258,2026-06-06T07:30:00-07:00,717258_1780756200_H30,0.0258804003703109,0.0,1,0.41864166643711026
717258,2026-06-06T07:35:00-07:00,717258_1780756500_H30,0.0169447083629118,0.0,1,0.4090029314720847
717258,2026-06-06T07:40:00-07:00,717258_1780756800_H30,0.0311706629916355,0.2106437683105468,1,0.4243780711047648
717258,2026-06-06T07:45:00-07:00,717258_1780757100_H30,0.0208061250514914,0.0779609680175782,1,0.41316003746407337
717258,2026-06-17T11:15:00-07:00,717258_1781720100_H30,0.0496111953777123,0.0,1,0.44452388133125414
717373,2026-06-03T13:35:00-07:00,717373_1780518900_H30,0.013894508241279,2.318099975585937,0,0.4057283037243991
717373,2026-06-06T07:20:00-07:00,717373_1780755600_H30,0.0005396319997439,0.1807022094726562,1,0.39149279997062864
717373,2026-06-06T07:25:00-07:00,717373_1780755900_H30,0.0008282838551018,2.0307388305664062,0,0.391798635905701
717373,2026-06-06T07:30:00-07:00,717373_1780756200_H30,0.0030722186923204,1.964149475097656,0,0.3941790380511518
717373,2026-06-06T07:35:00-07:00,717373_1780756500_H30,0.002644814446227,0.2600784301757812,1,0.3937252496330077
717373,2026-06-06T07:40:00-07:00,717373_1780756800_H30,0.0031812618317225,0.554168701171875,0,0.3942948418136687
717373,2026-06-06T07:45:00-07:00,717373_1780757100_H30,0.0029656763480479,0.0,1,0.39406590161015065
717373,2026-06-17T11:15:00-07:00,717373_1781720100_H30,0.0021962996187262,0.0,1,0.39324924455346405
717374,2026-06-03T13:35:00-07:00,717374_1780518900_H30,0.0014470092543436,0.0,1,0.39245448136798206
717374,2026-06-06T07:20:00-07:00,717374_1780755600_H30,0.0021729398171265,0.0,1,0.3932244585343191
717374,2026-06-06T07:25:00-07:00,717374_1780755900_H30,0.0035117013293113,0.0,1,0.394645840855658
717374,2026-06-06T07:30:00-07:00,717374_1780756200_H30,0.0014470092543436,0.0,1,0.39245448136798206
717374,2026-06-06T07:35:00-07:00,717374_1780756500_H30,0.0032964109195171,1.4818496704101562,0,0.3944171429783286
717374,2026-06-06T07:40:00-07:00,717374_1780756800_H30,0.0032957675348428,0.0195999145507812,1,0.39441645959534516
717374,2026-06-06T07:45:00-07:00,717374_1780757100_H30,0.0033854663337629,0.0,1,0.3945117388236107
717374,2026-06-17T11:15:00-07:00,717374_1781720100_H30,0.0014470092543436,1.4380722045898438,0,0.39245448136798206
717434,2026-06-06T07:20:00-07:00,717434_1780755600_H30,0.013444178255709,0.0,1,0.40524554146118474
717434,2026-06-06T07:25:00-07:00,717434_1780755900_H30,0.0058556059023034,2.802490234375,0,0.3971386811245704
717434,2026-06-06T07:30:00-07:00,717434_1780756200_H30,0.0013512991293024,0.0,1,0.39235300373295934
717434,2026-06-06T07:35:00-07:00,717434_1780756500_H30,0.018155432050664,0.2462043762207031,1,0.4103049968442267
717434,2026-06-06T07:40:00-07:00,717434_1780756800_H30,0.008763234056157,1.180683135986328,0,0.40023848802385836
717434,2026-06-06T07:45:00-07:00,717434_1780757100_H30,0.0012409650435691,1.687744140625,0,0.39223603243310035
717434,2026-06-17T11:15:00-07:00,717434_1781720100_H30,0.0209012039472595,2.8046798706054688,0,0.41326255597335726
717435,2026-06-06T07:20:00-07:00,717435_1780755600_H30,0.0009296158393318,0.9193191528320312,0,0.3919060205664126
717435,2026-06-06T07:25:00-07:00,717435_1780755900_H30,0.0061695243804014,0.0848312377929687,1,0.3974729554406254
717435,2026-06-06T07:30:00-07:00,717435_1780756200_H30,0.0157869740384289,0.1563186645507813,1,0.4077590456791092
717435,2026-06-06T07:35:00-07:00,717435_1780756500_H30,0.0032569359497765,0.7554397583007812,0,0.3943752146704852
717435,2026-06-06T07:40:00-07:00,717435_1780756800_H30,0.0010316470229184,0.815185546875,0,0.3920141567607562
717435,2026-06-06T07:45:00-07:00,717435_1780757100_H30,0.0095875397794245,0.6470146179199219,0,0.4011187427030709
717435,2026-06-17T11:15:00-07:00,717435_1781720100_H30,0.0055300055366406,0.814041137695309,0,0.39679206882974016
717436,2026-06-06T07:20:00-07:00,717436_1780755600_H30,0.0112953482504987,0.4380226135253906,1,0.40294449239740016
717436,2026-06-06T07:25:00-07:00,717436_1780755900_H30,0.0083637097077728,0.3138847351074219,1,0.3998120775780867
717436,2026-06-06T07:30:00-07:00,717436_1780756200_H30,0.0019911673231496,0.4578132629394531,1,0.39303160683331545
717436,2026-06-06T07:35:00-07:00,717436_1780756500_H30,0.0011642331315301,1.0759963989257812,0,0.3921546919575797
717436,2026-06-06T07:40:00-07:00,717436_1780756800_H30,0.0168060440926709,1.5269050598144531,0,0.4088538869014712
717436,2026-06-06T07:45:00-07:00,717436_1780757100_H30,0.0066735260171834,0.7300300598144531,0,0.39800983878053575
717436,2026-06-17T11:15:00-07:00,717436_1781720100_H30,0.0228526613823994,1.8490753173828125,0,0.41536835763771174
717440,2026-06-06T07:20:00-07:00,717440_1780755600_H30,0.0227497414838036,0.9378814697265624,0,0.41525721966476253
717440,2026-06-06T07:25:00-07:00,717440_1780755900_H30,0.0141375736859027,0.0,1,0.40598895029311305
717440,2026-06-06T07:30:00-07:00,717440_1780756200_H30,0.0033224842843167,0.0,1,0.3944448376344678
717440,2026-06-06T07:35:00-07:00,717440_1780756500_H30,0.0035723194004684,0.116729736328125,1,0.3947102423181768
717440,2026-06-06T07:40:00-07:00,717440_1780756800_H30,0.0064912841908763,1.8000564575195312,0,0.39781567886884744
717440,2026-06-06T07:45:00-07:00,717440_1780757100_H30,0.013908811214164,2.16128921508789,0,0.40574363977368155
717440,2026-06-17T11:15:00-07:00,717440_1781720100_H30,0.0212358098032754,8.002681732177734,0,0.41362340338891995
717441,2026-06-06T07:20:00-07:00,717441_1780755600_H30,0.0013249842760572,3.2141685485839844,0,0.3923251047711182
717441,2026-06-06T07:25:00-07:00,717441_1780755900_H30,0.016123057753641,0.0,1,0.4081200176902252
717441,2026-06-06T07:30:00-07:00,717441_1780756200_H30,0.0172217950940914,0.2749748229980469,1,0.40930081078600555
717441,2026-06-06T07:35:00-07:00,717441_1780756500_H30,0.0028322872287491,0.3183479309082031,1,0.39392427280944725
717441,2026-06-06T07:40:00-07:00,717441_1780756800_H30,0.0064540377194834,0.0,1,0.3977760005422347
717441,2026-06-06T07:45:00-07:00,717441_1780757100_H30,0.0211084359385946,1.0449676513671875,0,0.4134860292372803
717441,2026-06-17T11:15:00-07:00,717441_1781720100_H30,0.001410803088466,1.6733169555664062,0,0.39241609231888036
717441,2026-06-27T02:30:00-07:00,717441_1782552600_H30,0.0070113027759217,0.3427505493164062,1,0.39836978999742795
717472,2026-06-06T07:20:00-07:00,717472_1780755600_H30,0.0031328822953253,1.3247604370117188,0,0.3942434613029764
717472,2026-06-06T07:25:00-07:00,717472_1780755900_H30,0.004811064770011,0.0886917114257812,1,0.3960271000481097
717472,2026-06-06T07:30:00-07:00,717472_1780756200_H30,0.0024968560397249,0.0,1,0.39356820024958866
717472,2026-06-06T07:35:00-07:00,717472_1780756500_H30,0.0026971458438167,1.0659141540527344,0,0.39378080167731505
717472,2026-06-06T07:40:00-07:00,717472_1780756800_H30,0.0004486335613557,1.3783683776855469,0,0.39139640184499275
717472,2026-06-06T07:45:00-07:00,717472_1780757100_H30,0.0006105802210596,0.0,1,0.3915679640083348
717473,2026-06-06T07:20:00-07:00,717473_1780755600_H30,0.0012256853065693,0.0,1,0.3922198345090153
717473,2026-06-06T07:25:00-07:00,717473_1780755900_H30,0.003280334974004,0.0,1,0.3944000677379064
717473,2026-06-06T07:30:00-07:00,717473_1780756200_H30,0.0042742360212119,0.0,1,0.3954562338100396
717473,2026-06-06T07:35:00-07:00,717473_1780756500_H30,0.0042179406176319,0.0,1,0.3953963854897017
717473,2026-06-06T07:40:00-07:00,717473_1780756800_H30,0.0077434097222695,0.0,1,0.3991503353115401
717473,2026-06-06T07:45:00-07:00,717473_1780757100_H30,0.006325760692607,1.0832519531249996,0,0.397639358479446
717578,2026-06-06T07:20:00-07:00,717578_1780755600_H30,0.0438582492864301,0.0,1,0.4382161174432239
717578,2026-06-06T07:25:00-07:00,717578_1780755900_H30,0.0294744991179997,0.0,1,0.4225365674311437
717578,2026-06-06T07:30:00-07:00,717578_1780756200_H30,0.025398984318975,0.3213424682617187,1,0.41812071727832584
717578,2026-06-06T07:35:00-07:00,717578_1780756500_H30,0.0411296505094471,1.1652145385742188,0,0.4352312108872974
717578,2026-06-06T07:40:00-07:00,717578_1780756800_H30,0.0123357751175731,0.7786407470703125,0,0.40405809440508805
717578,2026-06-06T07:45:00-07:00,717578_1780757100_H30,0.0220873800800126,0.995147705078125,0,0.41454217594252424
717578,2026-06-17T11:15:00-07:00,717578_1781720100_H30,0.0800234295437591,8.25811004638672,0,0.4781190998408557
717580,2026-06-06T07:20:00-07:00,717580_1780755600_H30,0.0344530810117375,0.585174560546875,0,0.4279476773623911
717580,2026-06-06T07:25:00-07:00,717580_1780755900_H30,0.0192212457750567,0.9149932861328124,0,0.41145226156989567
717580,2026-06-06T07:30:00-07:00,717580_1780756200_H30,0.0097665186862975,0.6905288696289058,0,0.40130995415996756
717580,2026-06-06T07:35:00-07:00,717580_1780756500_H30,0.0248754540854266,0.0651321411132808,1,0.41755440288791645
717580,2026-06-06T07:40:00-07:00,717580_1780756800_H30,0.0160203884506851,1.5839767456054688,0,0.4080097347943637
717580,2026-06-06T07:45:00-07:00,717580_1780757100_H30,0.0153358013449536,1.0757980346679688,0,0.4072746184352809
717580,2026-06-17T11:15:00-07:00,717580_1781720100_H30,0.0265418000290909,3.6084060668945312,0,0.4193576749187133
717582,2026-06-06T07:20:00-07:00,717582_1780755600_H30,0.0679828967916764,0.0,1,0.464777580573107
717582,2026-06-06T07:25:00-07:00,717582_1780755900_H30,0.098311768279436,0.0,1,0.4984370454521417
717582,2026-06-06T07:30:00-07:00,717582_1780756200_H30,0.096743609705737,0.888641357421875,0,0.4966936999203759
717582,2026-06-06T07:35:00-07:00,717582_1780756500_H30,0.0617120158385002,1.3793182373046875,0,0.4578478273883908
717582,2026-06-06T07:40:00-07:00,717582_1780756800_H30,0.0566985228217216,1.9895324707031248,0,0.45231915215592383
717582,2026-06-06T07:45:00-07:00,717582_1780757100_H30,0.0593841929112329,1.7523345947265625,0,0.45527942427960727
717582,2026-06-17T11:15:00-07:00,717582_1781720100_H30,0.0745411043211726,1.6071243286132808,0,0.47203938228148834
717583,2026-06-06T07:20:00-07:00,717583_1780755600_H30,0.0295815869597825,4.627460479736328,0,0.42265276825080234
717583,2026-06-06T07:25:00-07:00,717583_1780755900_H30,0.0282205829767663,4.27557373046875,0,0.4211765864673403
717583,2026-06-06T07:30:00-07:00,717583_1780756200_H30,0.0366458356685283,4.830207824707031,0,0.43033649220190257
717583,2026-06-06T07:35:00-07:00,717583_1780756500_H30,0.0358462516056191,5.361766815185547,0,0.42946503330442154
717583,2026-06-06T07:40:00-07:00,717583_1780756800_H30,0.008826153209276,3.8666725158691406,0,0.40030565513270794
717583,2026-06-06T07:45:00-07:00,717583_1780757100_H30,0.0129515129595369,5.003894805908203,0,0.40471760479437263
717583,2026-06-17T11:15:00-07:00,717583_1781720100_H30,0.0395948150836913,6.973472595214844,0,0.43355424925150826
717637,2026-06-17T11:15:00-07:00,717637_1781720100_H30,0.005222209193452,17.787342071533203,0,0.3964645047350001
717638,2026-06-06T07:20:00-07:00,717638_1780755600_H30,0.0040498623362179,1.504608154296875,0,0.39521771810376266
717638,2026-06-06T07:25:00-07:00,717638_1780755900_H30,0.0032169994412973,2.400398254394532,0,0.3943327977218366
717638,2026-06-06T07:30:00-07:00,717638_1780756200_H30,0.0069317201771767,0.0,1,0.39828497302831917
717638,2026-06-06T07:35:00-07:00,717638_1780756500_H30,0.0159147734879749,0.0,1,0.4078962974649158
717638,2026-06-06T07:40:00-07:00,717638_1780756800_H30,0.0050724421059046,0.5107269287109377,0,0.3963051526408904
717638,2026-06-06T07:45:00-07:00,717638_1780757100_H30,0.0146611539504365,0.1070404052734375,1,0.4065505813395123
717638,2026-06-17T11:15:00-07:00,717638_1781720100_H30,0.0191183906202352,1.9454383850097656,0,0.4113415038927017
717640,2026-06-06T07:20:00-07:00,717640_1780755600_H30,0.0243503943208846,0.9663009643554688,0,0.41698665228332993
717640,2026-06-06T07:25:00-07:00,717640_1780755900_H30,0.0306038948867824,0.0,1,0.4237625018871171
717640,2026-06-06T07:30:00-07:00,717640_1780756200_H30,0.0173906902930799,0.0,1,0.4094824125547949
717640,2026-06-06T07:35:00-07:00,717640_1780756500_H30,0.012918635812179,0.0,1,0.4046823817056111
717640,2026-06-06T07:40:00-07:00,717640_1780756800_H30,0.0090113668344982,0.0,1,0.4005033951071143
717640,2026-06-06T07:45:00-07:00,717640_1780757100_H30,0.0140621887635055,0.0,1,0.4059081070433518
717640,2026-06-17T11:15:00-07:00,717640_1781720100_H30,0.0084692372081481,3.4184608459472656,0,0.3999246918538277
717646,2026-06-06T07:20:00-07:00,717646_1780755600_H30,0.0003872690070282,2.791343688964844,0,0.39133140080877793
717646,2026-06-06T07:25:00-07:00,717646_1780755900_H30,0.0030692708464211,1.4966392517089844,0,0.39417590760512466
717646,2026-06-06T07:30:00-07:00,717646_1780756200_H30,0.0061658287717441,0.0,1,0.39746901963540204
717646,2026-06-06T07:35:00-07:00,717646_1780756500_H30,0.0040070545805382,0.0,1,0.3951722178849246
717646,2026-06-06T07:40:00-07:00,717646_1780756800_H30,0.0052224531331249,2.351253509521484,0,0.39646476430460653
717646,2026-06-06T07:45:00-07:00,717646_1780757100_H30,0.0048934894780294,2.528400421142578,0,0.3961147760114745
717646,2026-06-17T11:15:00-07:00,717646_1781720100_H30,0.0023644054082126,0.0,1,0.3934276301384698
717650,2026-06-06T07:20:00-07:00,717650_1780755600_H30,0.0032863018622532,0.80328369140625,0,0.3944064055030914
717650,2026-06-06T07:25:00-07:00,717650_1780755900_H30,0.0001009516957055,0.6722030639648438,0,0.391028167236396
717650,2026-06-06T07:30:00-07:00,717650_1780756200_H30,0.009326858183588,2.2827911376953125,0,0.4008402983308354
717650,2026-06-06T07:35:00-07:00,717650_1780756500_H30,0.0021518439566011,1.9330520629882808,0,0.3932020751521907
717650,2026-06-06T07:40:00-07:00,717650_1780756800_H30,0.0068817602213147,3.29486083984375,0,0.3982317301858129
717650,2026-06-06T07:45:00-07:00,717650_1780757100_H30,0.0179862163777158,1.1198501586914062,0,0.4101229388593344
717650,2026-06-17T11:15:00-07:00,717650_1781720100_H30,0.0184444544623084,4.058921813964844,0,0.4106160108941799
717654,2026-06-06T07:20:00-07:00,717654_1780755600_H30,0.0167325447919577,0.0,1,0.40877489229149094
717654,2026-06-06T07:25:00-07:00,717654_1780755900_H30,0.0141047523390652,0.0,1,0.4059537518543517
717654,2026-06-06T07:30:00-07:00,717654_1780756200_H30,0.0094025304119257,0.243255615234375,1,0.40092112025914134
717654,2026-06-06T07:35:00-07:00,717654_1780756500_H30,0.0124469999990162,0.0,1,0.4041772006447011
717654,2026-06-06T07:40:00-07:00,717654_1780756800_H30,0.0079750240386156,0.0,1,0.39939738085383153
717654,2026-06-06T07:45:00-07:00,717654_1780757100_H30,0.0021450275658691,0.0,1,0.3931948428396784
717654,2026-06-17T11:15:00-07:00,717654_1781720100_H30,0.0011320691663407,1.3518638610839844,0,0.3921205979861876
717673,2026-06-06T07:20:00-07:00,717673_1780755600_H30,0.0239224106161242,2.267650604248047,0,0.41652403338694577
717673,2026-06-06T07:25:00-07:00,717673_1780755900_H30,0.023358892309383,0.9529533386230468,0,0.41591513583922124
717673,2026-06-06T07:30:00-07:00,717673_1780756200_H30,0.0151299205673394,0.6696853637695312,0,0.4070536226470233
717673,2026-06-06T07:35:00-07:00,717673_1780756500_H30,0.0004953998617065,0.6024322509765626,0,0.391445942117495
717673,2026-06-06T07:40:00-07:00,717673_1780756800_H30,0.0092355169769822,0.942840576171875,0,0.4007427482927358
717673,2026-06-06T07:45:00-07:00,717673_1780757100_H30,0.0109119382473464,0.9568634033203124,0,0.4025343679764243
717673,2026-06-17T11:15:00-07:00,717673_1781720100_H30,0.0845198465772932,3.860172271728516,0,0.4831104022380156
717674,2026-06-06T07:20:00-07:00,717674_1780755600_H30,0.0024549514466943,4.321861267089844,0,0.39352372491700194
717674,2026-06-06T07:25:00-07:00,717674_1780755900_H30,0.0024549514466943,2.936412811279297,0,0.39352372491700194
717674,2026-06-06T07:30:00-07:00,717674_1780756200_H30,0.0024549514466943,3.58279800415039,0,0.39352372491700194
717674,2026-06-06T07:35:00-07:00,717674_1780756500_H30,0.0024549514466943,4.983474731445313,0,0.39352372491700194
717674,2026-06-06T07:40:00-07:00,717674_1780756800_H30,0.0024549514466943,4.198719024658203,0,0.39352372491700194
717674,2026-06-06T07:45:00-07:00,717674_1780757100_H30,0.0008081748195001,3.5317420959472656,0,0.3917773269790426
717674,2026-06-17T11:15:00-07:00,717674_1781720100_H30,0.0024549514466943,1.8457145690917969,0,0.39352372491700194
717674,2026-06-21T23:30:00-07:00,717674_1782109800_H30,0.0043428931794792,3.2904052734375004,0,0.3955292283004138
717674,2026-06-21T23:35:00-07:00,717674_1782110100_H30,0.0043428848154467,1.904991149902344,0,0.39552921940771013
717674,2026-06-21T23:40:00-07:00,717674_1782110400_H30,0.0043428946420553,1.2599639892578125,0,0.3955292298554359
717674,2026-06-21T23:45:00-07:00,717674_1782110700_H30,0.0043429152109224,0.3767471313476562,1,0.39552925172441405
717674,2026-06-21T23:50:00-07:00,717674_1782111000_H30,0.0043424611310442,0.8328857421875,0,0.3955287689432838
717674,2026-06-21T23:55:00-07:00,717674_1782111300_H30,0.0043424592996473,0.0,1,0.39552876699612927
717790,2026-06-06T07:20:00-07:00,717790_1780755600_H30,0.0149841809861971,0.0,1,0.40689720613032976
717790,2026-06-06T07:25:00-07:00,717790_1780755900_H30,0.0039576825202058,0.3620529174804687,1,0.3951197427438678
717790,2026-06-06T07:30:00-07:00,717790_1780756200_H30,0.0037847491974371,0.4114494323730469,1,0.3949359594620527
717790,2026-06-06T07:35:00-07:00,717790_1780756500_H30,0.0030858238829566,0.6829719543457031,0,0.3941934861085406
717790,2026-06-06T07:40:00-07:00,717790_1780756800_H30,0.002272080623689,0.0,1,0.3933296561023129
717790,2026-06-06T07:45:00-07:00,717790_1780757100_H30,0.0018137842982874,1.1108322143554688,0,0.3928434442926752
717790,2026-06-17T11:15:00-07:00,717790_1781720100_H30,0.0343286455702438,5.346900939941406,0,0.4278122153827758
717956,2026-06-06T07:20:00-07:00,717956_1780755600_H30,0.1209934650670683,3.384098052978516,0,0.5236356193103148
717956,2026-06-06T07:25:00-07:00,717956_1780755900_H30,0.0581900734789955,1.9937973022460935,0,0.45396280669407063
717956,2026-06-06T07:30:00-07:00,717956_1780756200_H30,0.032235007732011,1.7656593322753906,0,0.42553469316235004
717956,2026-06-06T07:35:00-07:00,717956_1780756500_H30,0.0715622822236697,1.5082130432128906,0,0.4687393257646133
717956,2026-06-06T07:40:00-07:00,717956_1780756800_H30,0.0282931072470383,0.4019927978515625,1,0.4212552129665858
717956,2026-06-06T07:45:00-07:00,717956_1780757100_H30,0.0280575933620004,1.34429931640625,0,0.42099989741641153
717956,2026-06-17T11:15:00-07:00,717956_1781720100_H30,0.0118480703730757,0.7848396301269533,0,0.4035359646864744
717989,2026-06-06T07:20:00-07:00,717989_1780755600_H30,0.0186298241410628,2.7084197998046875,0,0.41081552293526336
717989,2026-06-06T07:25:00-07:00,717989_1780755900_H30,0.0217943155884233,4.003467559814453,0,0.4142259166204678
717989,2026-06-06T07:30:00-07:00,717989_1780756200_H30,0.0193696362926001,3.3379859924316406,0,0.41161206896946956
717989,2026-06-06T07:35:00-07:00,717989_1780756500_H30,0.0329626594014653,3.5875244140625,0,0.42632590142525234
717989,2026-06-06T07:40:00-07:00,717989_1780756800_H30,0.0033990712438053,3.1767349243164067,0,0.394526190836117
717989,2026-06-06T07:45:00-07:00,717989_1780757100_H30,0.004754593131263,2.0853004455566406,0,0.3959670344741239
717989,2026-06-17T11:15:00-07:00,717989_1781720100_H30,0.0002433118644015,5.215431213378906,0,0.39117892785593145
718130,2026-06-03T23:30:00-07:00,718130_1780554600_H30,0.1444556655437035,0.6490859985351562,0,0.5495737695421501
718130,2026-06-03T23:35:00-07:00,718130_1780554900_H30,0.1899141459850314,4.563468933105469,0,0.5989522089741893
718130,2026-06-03T23:40:00-07:00,718130_1780555200_H30,0.0646381416716462,4.992786407470703,0,0.46107953252071865
718130,2026-06-03T23:45:00-07:00,718130_1780555500_H30,0.0910974264994116,5.052925109863281,0,0.4904177229196338
718130,2026-06-03T23:50:00-07:00,718130_1780555800_H30,0.069132142993845,4.748859405517578,0,0.46604913223112415
718130,2026-06-03T23:55:00-07:00,718130_1780556100_H30,0.0486517802166392,4.900978088378906,0,0.4434706400985095
718210,2026-06-06T07:20:00-07:00,718210_1780755600_H30,0.052067269609091,0.1371116638183598,1,0.4472223980219322
718210,2026-06-06T07:25:00-07:00,718210_1780755900_H30,0.0410310827530605,0.0,1,0.43512347076128793
718210,2026-06-06T07:30:00-07:00,718210_1780756200_H30,0.0168752340649229,0.0,1,0.40892825428920276
718210,2026-06-06T07:35:00-07:00,718210_1780756500_H30,0.0097455734620959,0.0,1,0.4012875758536012
718210,2026-06-06T07:40:00-07:00,718210_1780756800_H30,0.014288579903614,0.738311767578125,0,0.4061509056037712
718210,2026-06-06T07:45:00-07:00,718210_1780757100_H30,0.0102009525962634,0.7827949523925783,0,0.4017742048809051
718210,2026-06-17T11:15:00-07:00,718210_1781720100_H30,0.0068658343433765,2.308990478515625,0,0.39821475831871955
718259,2026-06-03T13:35:00-07:00,718259_1780518900_H30,0.0016413893905001,8.369987487792969,0,0.3926606034729477
718259,2026-06-06T07:20:00-07:00,718259_1780755600_H30,0.0016414340729239,2.3910484313964844,0,0.39266065085891394
718259,2026-06-06T07:25:00-07:00,718259_1780755900_H30,0.0016414319483614,2.7726783752441406,0,0.3926606486058032
718259,2026-06-06T07:30:00-07:00,718259_1780756200_H30,0.001641359072897,1.5491485595703125,0,0.39266057132095716
718259,2026-06-06T07:35:00-07:00,718259_1780756500_H30,0.0016413558660075,0.6184616088867188,0,0.3926605679200327
718259,2026-06-06T07:40:00-07:00,718259_1780756800_H30,0.0016413446554409,0.6103134155273438,0,0.39266055603116334
718259,2026-06-06T07:45:00-07:00,718259_1780757100_H30,0.001641355638261,1.1963195800781246,0,0.3926605676785062
718259,2026-06-12T23:30:00-07:00,718259_1781332200_H30,0.0070407736210352,0.7032546997070312,0,0.3984012007708964
718259,2026-06-12T23:35:00-07:00,718259_1781332500_H30,0.0074942543412153,0.6124877929687496,0,0.39888463733468876
718259,2026-06-12T23:40:00-07:00,718259_1781332800_H30,0.0037518755598383,0.2602310180664062,1,0.39490102666679294
718259,2026-06-12T23:45:00-07:00,718259_1781333100_H30,0.0082665287905049,0.3284149169921875,1,0.39970837977169393
718259,2026-06-12T23:50:00-07:00,718259_1781333400_H30,0.0093112490318405,0.6606597900390625,0,0.4008236276049535
718259,2026-06-12T23:55:00-07:00,718259_1781333700_H30,0.00647960977466,1.118621826171875,0,0.39780324207507944
718259,2026-06-17T11:15:00-07:00,718259_1781720100_H30,0.0016413460312761,5.996124267578125,0,0.3926605574902443
718287,2026-06-06T07:20:00-07:00,718287_1780755600_H30,0.0098233968306855,0.0847091674804687,1,0.40137072600927753
718287,2026-06-06T07:25:00-07:00,718287_1780755900_H30,0.0205319129733731,0.5014724731445312,0,0.41286441137838376
718287,2026-06-06T07:30:00-07:00,718287_1780756200_H30,0.0197243231646742,1.0425262451171875,0,0.41199412024635684
718287,2026-06-06T07:35:00-07:00,718287_1780756500_H30,0.0011760608124669,0.0,1,0.39216722962578937
718287,2026-06-06T07:40:00-07:00,718287_1780756800_H30,0.003810637166556,2.455669403076172,0,0.39496346977183217
718287,2026-06-06T07:45:00-07:00,718287_1780757100_H30,0.0037962402726312,2.451923370361328,0,0.3949481705748949
718287,2026-06-17T11:15:00-07:00,718287_1781720100_H30,0.0004963526615382,4.406158447265625,0,0.39144695145649444
718356,2026-06-06T07:20:00-07:00,718356_1780755600_H30,0.003967491518196,0.7718353271484375,0,0.3951301680543323
718356,2026-06-06T07:25:00-07:00,718356_1780755900_H30,0.0043769790120529,3.605262756347656,0,0.39556546919383717
718356,2026-06-06T07:30:00-07:00,718356_1780756200_H30,0.0029036596860458,2.9405174255371094,0,0.39400005185403214
718356,2026-06-06T07:35:00-07:00,718356_1780756500_H30,0.0090777882573505,1.40289306640625,0,0.40057431663603554
718356,2026-06-06T07:40:00-07:00,718356_1780756800_H30,0.0008519627426928,3.4600143432617188,0,0.391823728223404
718356,2026-06-06T07:45:00-07:00,718356_1780757100_H30,0.0009542814942177,0.0,1,0.3919321611129243
718356,2026-06-17T11:15:00-07:00,718356_1781720100_H30,0.0030884496139942,1.6009292602539062,0,0.3941962745297738
718364,2026-06-06T07:20:00-07:00,718364_1780755600_H30,0.0065261075837712,1.7084312438964844,0,0.3978527771269462
718364,2026-06-06T07:25:00-07:00,718364_1780755900_H30,0.0052636425115561,0.9551048278808594,0,0.39650859364387026
718364,2026-06-06T07:30:00-07:00,718364_1780756200_H30,0.0020274661864947,2.735004425048828,0,0.39307011548402954
718364,2026-06-06T07:35:00-07:00,718364_1780756500_H30,0.0077359851003887,1.1034965515136723,0,0.39914241687499263
718364,2026-06-06T07:40:00-07:00,718364_1780756800_H30,0.0116203408712314,1.9427604675292969,0,0.40329223548326726
718364,2026-06-06T07:45:00-07:00,718364_1780757100_H30,0.0096658959647366,1.3692779541015625,0,0.4012024505450069
718364,2026-06-17T11:15:00-07:00,718364_1781720100_H30,0.0183836330424082,5.497802734375002,0,0.4105505556434553
718375,2026-06-06T07:20:00-07:00,718375_1780755600_H30,0.0046705887241014,1.815750122070312,0,0.3958776897143825
718375,2026-06-06T07:25:00-07:00,718375_1780755900_H30,0.0087322486943041,1.119201660156251,0,0.4002054120783146
718375,2026-06-06T07:30:00-07:00,718375_1780756200_H30,0.0046789291900829,0.0114936828613281,1,0.3958865600922108
718375,2026-06-06T07:35:00-07:00,718375_1780756500_H30,0.0010128109411637,0.0,1,0.3919941928288129
718375,2026-06-06T07:40:00-07:00,718375_1780756800_H30,0.000266394791058,2.1177558898925777,0,0.3912033748279089
718375,2026-06-06T07:45:00-07:00,718375_1780757100_H30,0.0032696678712201,1.537506103515625,0,0.3943887377009206
718375,2026-06-17T11:15:00-07:00,718375_1781720100_H30,0.0255892499752844,13.707965850830078,0,0.4183265854805875
718496,2026-06-06T07:20:00-07:00,718496_1780755600_H30,0.0464594887322052,0.0,1,0.44106587444806
718496,2026-06-06T07:25:00-07:00,718496_1780755900_H30,0.0351047752910334,0.0,1,0.4286572958990952
718496,2026-06-06T07:30:00-07:00,718496_1780756200_H30,0.0310479915213167,0.0,1,0.42424481714177026
718496,2026-06-06T07:35:00-07:00,718496_1780756500_H30,0.0512714112913227,0.0,1,0.4463476310024198
718496,2026-06-06T07:40:00-07:00,718496_1780756800_H30,0.0323741206157749,0.1002349853515625,1,0.4256859274796512
718496,2026-06-06T07:45:00-07:00,718496_1780757100_H30,0.0307042625177922,0.5793304443359375,0,0.4238714944109401
718496,2026-06-17T11:15:00-07:00,718496_1781720100_H30,0.0338576285345643,1.0249710083007812,0,0.42729955851312273
718499,2026-06-06T07:20:00-07:00,718499_1780755600_H30,0.0044404438288318,1.4484558105468746,0,0.39563294960080403
718499,2026-06-06T07:25:00-07:00,718499_1780755900_H30,0.0005074275976567,1.8374786376953125,0,0.39145868364773867
718499,2026-06-06T07:30:00-07:00,718499_1780756200_H30,0.0027256621681224,2.452083587646484,0,0.39381107414635647
718499,2026-06-06T07:35:00-07:00,718499_1780756500_H30,0.0056000279511413,1.665740966796875,0,0.3968666012606873
718499,2026-06-06T07:40:00-07:00,718499_1780756800_H30,0.0060453665716235,0.5171356201171879,0,0.3973407352441535
718499,2026-06-06T07:45:00-07:00,718499_1780757100_H30,0.0077013055813743,0.6751708984375,0,0.3991054315053607
718499,2026-06-17T11:15:00-07:00,718499_1781720100_H30,0.0329216206603321,1.646514892578125,0,0.426281268086466
737504,2026-06-06T07:20:00-07:00,737504_1780755600_H30,0.0033033039071447,0.0,1,0.3944244645190891
737504,2026-06-06T07:25:00-07:00,737504_1780755900_H30,0.0033033039071447,0.0,1,0.3944244645190891
737504,2026-06-06T07:30:00-07:00,737504_1780756200_H30,0.0033033039071446,0.1548843383789062,1,0.39442446451908897
737504,2026-06-06T07:35:00-07:00,737504_1780756500_H30,0.0028452744014449,0.1772537231445308,1,0.3939380614399494
737504,2026-06-06T07:40:00-07:00,737504_1780756800_H30,0.0031910369120101,0.1674575805664064,1,0.3943052235243326
737504,2026-06-06T07:45:00-07:00,737504_1780757100_H30,0.0029813990300662,0.0,1,0.39408259668314166
737504,2026-06-17T11:15:00-07:00,737504_1781720100_H30,0.0037262859506846,0.3396110534667969,1,0.3948738349040887
759566,2026-06-06T07:20:00-07:00,759566_1780755600_H30,0.005457047941268,0.0,1,0.3967144172641617
759566,2026-06-06T07:25:00-07:00,759566_1780755900_H30,0.0063314447260003,1.9910888671875004,0,0.39764541283497745
759566,2026-06-06T07:30:00-07:00,759566_1780756200_H30,0.0067126461262228,1.051239013671875,0,0.39805152141761074
759566,2026-06-06T07:35:00-07:00,759566_1780756500_H30,0.0010167551543752,0.0,1,0.39199837318022507
759566,2026-06-06T07:40:00-07:00,759566_1780756800_H30,0.0020219341794388,3.0075645446777344,0,0.3930642466158359
759566,2026-06-06T07:45:00-07:00,759566_1780757100_H30,0.0006595231803367,1.348247528076172,0,0.3916198182065218
759566,2026-06-17T11:15:00-07:00,759566_1781720100_H30,0.021429002058104,7.668167114257812,0,0.41383178906855556
759762,2026-06-06T07:20:00-07:00,759762_1780755600_H30,0.0045823266272691,1.7200241088867188,0,0.39578382408142193
759762,2026-06-06T07:25:00-07:00,759762_1780755900_H30,0.0056251948501974,1.4885597229003906,0,0.39689339028364223
759762,2026-06-06T07:30:00-07:00,759762_1780756200_H30,0.0059180538336047,1.4271125793457031,0,0.39720517081214723
759762,2026-06-06T07:35:00-07:00,759762_1780756500_H30,0.0047338564207291,0.4488983154296875,1,0.39594497883762675
759762,2026-06-06T07:40:00-07:00,759762_1780756800_H30,0.0042007479990333,0.876468658447265,0,0.39537810843489635
759762,2026-06-06T07:45:00-07:00,759762_1780757100_H30,0.0042008144193895,1.1808891296386723,0,0.3953781790441995
759762,2026-06-17T11:15:00-07:00,759762_1781720100_H30,0.0019646433676634,7.634071350097656,0,0.3930034690041601
759772,2026-06-17T11:15:00-07:00,759772_1781720100_H30,0.015790562668967,5.7335968017578125,0,0.4077628995366142
759783,2026-06-06T07:20:00-07:00,759783_1780755600_H30,0.014685564179079,0.0,1,0.4065767715369358
759783,2026-06-06T07:25:00-07:00,759783_1780755900_H30,0.0100739368910683,0.0,1,0.40163845335244625
759783,2026-06-06T07:30:00-07:00,759783_1780756200_H30,0.0160693756919752,0.0,1,0.40806235360159815
759783,2026-06-06T07:35:00-07:00,759783_1780756500_H30,0.0111519531092251,0.0,1,0.40279109015735265
759783,2026-06-06T07:40:00-07:00,759783_1780756800_H30,0.013549161534694,0.0,1,0.40535806917974204
759783,2026-06-06T07:45:00-07:00,759783_1780757100_H30,0.0110718488484773,2.3491783142089844,0,0.4027054039477161
759783,2026-06-17T11:15:00-07:00,759783_1781720100_H30,0.0198589656781792,3.2174644470214844,0,0.4121391783494979
759980,2026-06-06T07:20:00-07:00,759980_1780755600_H30,0.0573485700922361,1.7934188842773438,0,0.4530353636007302
759980,2026-06-06T07:25:00-07:00,759980_1780755900_H30,0.035575346453386,2.446304321289062,0,0.4291698752691447
759980,2026-06-06T07:30:00-07:00,759980_1780756200_H30,0.0376062137455495,0.0,1,0.4313837692998893
759980,2026-06-06T07:35:00-07:00,759980_1780756500_H30,0.0183286413433502,0.0,1,0.4104913769915677
759980,2026-06-06T07:40:00-07:00,759980_1780756800_H30,0.0252473998570196,1.194549560546875,0,0.4179567226939801
759980,2026-06-06T07:45:00-07:00,759980_1780757100_H30,0.0172017179688453,1.3999252319335938,0,0.4092792248335884
759980,2026-06-17T11:15:00-07:00,759980_1781720100_H30,0.0304235063317803,0.0,1,0.42356663065191974
760987,2026-06-06T07:20:00-07:00,760987_1780755600_H30,0.0205776103372384,2.1137237548828125,0,0.41291367302394544
760987,2026-06-06T07:25:00-07:00,760987_1780755900_H30,0.0392571181851803,0.3276824951171875,1,0.4331854842878472
760987,2026-06-06T07:30:00-07:00,760987_1780756200_H30,0.0441256238330678,1.0101318359375,0,0.43850885184396704
760987,2026-06-06T07:35:00-07:00,760987_1780756500_H30,0.0288282013285546,0.9278411865234376,0,0.42183545332388056
760987,2026-06-06T07:40:00-07:00,760987_1780756800_H30,0.0125030447834828,0.3861312866210938,1,0.4042372210227778
760987,2026-06-06T07:45:00-07:00,760987_1780757100_H30,0.0156305530236144,0.8141403198242188,0,0.40759107499852004
760987,2026-06-17T11:15:00-07:00,760987_1781720100_H30,0.1056995058095604,0.8919563293457031,0,0.5066499104922733
761003,2026-06-06T07:20:00-07:00,761003_1780755600_H30,0.0055868297145071,3.1370620727539062,0,0.39685255258339536
761003,2026-06-06T07:25:00-07:00,761003_1780755900_H30,0.0029116557938118,2.2269363403320312,0,0.3940085419649893
761003,2026-06-06T07:30:00-07:00,761003_1780756200_H30,0.0021173329123489,1.515949249267578,0,0.39316545879851494
761003,2026-06-06T07:35:00-07:00,761003_1780756500_H30,0.0033931950086577,1.802539825439453,0,0.39451994869769413
761003,2026-06-06T07:40:00-07:00,761003_1780756800_H30,0.0076429852016407,2.3813552856445312,0,0.39904323598325586
761003,2026-06-06T07:45:00-07:00,761003_1780757100_H30,0.0011451399106893,0.0,1,0.3921344529166977
761003,2026-06-17T11:15:00-07:00,761003_1781720100_H30,0.00639673633194,5.1666412353515625,0,0.397714960519922
761206,2026-06-06T07:20:00-07:00,761206_1780755600_H30,6.531873296299841e-05,0.8206939697265621,0,0.39099043488189633
761206,2026-06-06T07:25:00-07:00,761206_1780755900_H30,0.0028349100414609,0.0,1,0.39392705746623163
761206,2026-06-06T07:30:00-07:00,761206_1780756200_H30,0.0048232866556658,0.0,1,0.39604010016487035
761206,2026-06-06T07:35:00-07:00,761206_1780756500_H30,0.006129712114927,0.1443710327148437,1,0.39743055627005947
761206,2026-06-06T07:40:00-07:00,761206_1780756800_H30,0.0105387026224061,0.15863037109375,1,0.40213525774715453
761206,2026-06-06T07:45:00-07:00,761206_1780757100_H30,0.0003749670755248,0.204315185546875,1,0.39131837032493416
761206,2026-06-17T11:15:00-07:00,761206_1781720100_H30,0.0668510131696199,0.7808456420898438,0,0.46352568656136284
761356,2026-06-06T07:20:00-07:00,761356_1780755600_H30,0.0059480817530891,0.0,1,0.3972371435509506
761356,2026-06-06T07:25:00-07:00,761356_1780755900_H30,0.0160979840308422,0.0,1,0.40809308373436354
761356,2026-06-06T07:30:00-07:00,761356_1780756200_H30,0.0077454097590023,0.8160781860351562,0,0.3991524683805577
761356,2026-06-06T07:35:00-07:00,761356_1780756500_H30,0.0052100168591335,0.0,1,0.3964515312761857
761356,2026-06-06T07:40:00-07:00,761356_1780756800_H30,0.0179875696643476,1.1750221252441406,0,0.4101243947535477
761356,2026-06-06T07:45:00-07:00,761356_1780757100_H30,0.0057445320671294,0.0,1,0.3970204277543672
761356,2026-06-17T11:15:00-07:00,761356_1781720100_H30,0.0072503650827356,2.134735107421876,0,0.3986246127760595
761356,2026-06-22T23:30:00-07:00,761356_1782196200_H30,0.0434427544498629,0.0,1,0.43776129930207913
761356,2026-06-22T23:35:00-07:00,761356_1782196500_H30,0.0073614292140517,0.0,1,0.39874301764055803
761356,2026-06-22T23:40:00-07:00,761356_1782196800_H30,0.0467679074073889,0.553741455078125,0,0.4414040202598924
761356,2026-06-22T23:45:00-07:00,761356_1782197100_H30,0.0736399408602622,2.5776596069335933,0,0.4710407667437124
761356,2026-06-22T23:50:00-07:00,761356_1782197400_H30,0.0050700201798844,0.2271728515625,1,0.3963025758937623
761356,2026-06-22T23:55:00-07:00,761356_1782197700_H30,0.0464339913185518,0.0,1,0.4410379218914728
761356,2026-06-28T23:30:00-07:00,761356_1782714600_H30,0.0182402425617419,1.0666198730468746,0,0.41039625314191636
761356,2026-06-28T23:35:00-07:00,761356_1782714900_H30,0.0789028208333706,1.2970046997070312,0,0.4768757954621458
761356,2026-06-28T23:40:00-07:00,761356_1782715200_H30,0.0539778721761766,1.3890533447265625,0,0.4493237593760346
761356,2026-06-28T23:45:00-07:00,761356_1782715500_H30,0.0497588849278979,1.2392730712890625,0,0.4446860587151792
761356,2026-06-28T23:50:00-07:00,761356_1782715800_H30,0.0490486773432774,0.2331466674804687,1,0.44390629073546695
761356,2026-06-28T23:55:00-07:00,761356_1782716100_H30,0.088967524595092,0.7068023681640625,0,0.48805092250326404
761374,2026-06-06T07:20:00-07:00,761374_1780755600_H30,0.0479265848812379,0.0,1,0.442674860799031
761374,2026-06-06T07:25:00-07:00,761374_1780755900_H30,0.0441221808896843,0.0,1,0.43850508207291283
761374,2026-06-06T07:30:00-07:00,761374_1780756200_H30,0.0055860855587902,2.410316467285156,0,0.39685176048237797
761374,2026-06-06T07:35:00-07:00,761374_1780756500_H30,0.0090106888312703,2.2286987304687496,0,0.40050267119009725
761374,2026-06-06T07:40:00-07:00,761374_1780756800_H30,0.0009678523656767,0.0,1,0.391946543723774
761374,2026-06-06T07:45:00-07:00,761374_1780757100_H30,0.0034220596254491,2.193466186523437,0,0.39455061099620004
761374,2026-06-17T11:15:00-07:00,761374_1781720100_H30,6.605348323151611e-05,4.236248016357422,0,0.3909912129083783
761552,2026-06-06T07:20:00-07:00,761552_1780755600_H30,0.0092279056896655,1.1476364135742188,0,0.4007346199903388
761552,2026-06-06T07:25:00-07:00,761552_1780755900_H30,0.0078989209303821,0.7725296020507812,0,0.39931620174798427
761552,2026-06-06T07:30:00-07:00,761552_1780756200_H30,0.002314733427987,0.0,1,0.39337491771859634
761552,2026-06-06T07:35:00-07:00,761552_1780756500_H30,0.0008575366269573,0.0,1,0.39182963490472766
761552,2026-06-06T07:40:00-07:00,761552_1780756800_H30,0.0048370738983499,4.801113128662109,0,0.39605476548943075
761552,2026-06-06T07:45:00-07:00,761552_1780757100_H30,0.0058112303912431,4.062290191650391,0,0.39709143584925977
761776,2026-06-06T07:20:00-07:00,761776_1780755600_H30,0.0076549345015912,0.0682601928710937,1,0.3990559789983809
761776,2026-06-06T07:25:00-07:00,761776_1780755900_H30,0.006092043016448,0.0,1,0.39739044094204945
761776,2026-06-06T07:30:00-07:00,761776_1780756200_H30,0.0014473126209908,0.7274856567382812,0,0.3924548030303344
761776,2026-06-06T07:35:00-07:00,761776_1780756500_H30,0.0019855227899664,0.0,1,0.39302561879400966
761776,2026-06-06T07:40:00-07:00,761776_1780756800_H30,0.0040721758417183,0.0,1,0.3952414357730781
761776,2026-06-06T07:45:00-07:00,761776_1780757100_H30,0.0051495226830315,2.84206771850586,0,0.3963871635833705
761776,2026-06-17T11:15:00-07:00,761776_1781720100_H30,0.0100565873219803,1.180011749267578,0,0.40161991169371863
763479,2026-06-06T07:20:00-07:00,763479_1780755600_H30,0.0167873409064835,4.958820343017578,0,0.4088337848908339
763479,2026-06-06T07:25:00-07:00,763479_1780755900_H30,0.0120036369218703,4.261940002441407,0,0.40370248833458194
763479,2026-06-06T07:30:00-07:00,763479_1780756200_H30,0.0216723039364322,0.0,1,0.4140942690857777
763479,2026-06-06T07:35:00-07:00,763479_1780756500_H30,0.0167945700783261,0.0,1,0.4088415547013837
763479,2026-06-06T07:40:00-07:00,763479_1780756800_H30,0.0123150737377755,0.0,1,0.4040359273797173
763479,2026-06-06T07:45:00-07:00,763479_1780757100_H30,0.015333227030122,1.3659400939941406,0,0.407271854891859
763479,2026-06-17T11:15:00-07:00,763479_1781720100_H30,0.0059737652176388,1.6538734436035154,0,0.39726449115360213
763558,2026-06-06T07:20:00-07:00,763558_1780755600_H30,0.0283317767567651,3.2944259643554688,0,0.4212971377811816
763558,2026-06-06T07:25:00-07:00,763558_1780755900_H30,0.0014065167371752,0.7937545776367188,0,0.39241154762990793
763558,2026-06-06T07:30:00-07:00,763558_1780756200_H30,0.0079936475368495,1.4693031311035156,0,0.39941724736195483
763558,2026-06-06T07:35:00-07:00,763558_1780756500_H30,0.006786307952063,4.361072540283203,0,0.3981300124087501
763558,2026-06-06T07:40:00-07:00,763558_1780756800_H30,0.0122328179511881,0.0,1,0.4039478518023061
763558,2026-06-06T07:45:00-07:00,763558_1780757100_H30,0.0022175674655396,0.6036148071289062,0,0.39327181137296724
763558,2026-06-17T11:15:00-07:00,763558_1781720100_H30,0.0397396838586566,1.5542373657226562,0,0.4337124685149566
763563,2026-06-06T07:20:00-07:00,763563_1780755600_H30,0.025677917258514,0.243743896484375,1,0.4184225335603496
763563,2026-06-06T07:25:00-07:00,763563_1780755900_H30,0.027756051448018,0.873260498046875,0,0.42067306398565
763563,2026-06-06T07:30:00-07:00,763563_1780756200_H30,0.0088277711167181,0.9485397338867188,0,0.4003073823218043
763563,2026-06-06T07:35:00-07:00,763563_1780756500_H30,0.0063614959589537,2.31591796875,0,0.3976774224652903
763563,2026-06-06T07:40:00-07:00,763563_1780756800_H30,0.0101098938995333,0.4356231689453125,1,0.4016768818644755
763563,2026-06-06T07:45:00-07:00,763563_1780757100_H30,0.0056891093439209,0.3487396240234375,1,0.39696142714280797
763563,2026-06-17T11:15:00-07:00,763563_1781720100_H30,0.0290713259111672,1.4917945861816406,0,0.4220991619238585
763573,2026-06-06T07:20:00-07:00,763573_1780755600_H30,0.0067374831041439,0.3720855712890625,1,0.3980779860871233
763573,2026-06-06T07:25:00-07:00,763573_1780755900_H30,0.021096538453254,0.0,1,0.4134731983521558
763573,2026-06-06T07:30:00-07:00,763573_1780756200_H30,0.0088640331304505,0.4413223266601562,1,0.4003460943054271
763573,2026-06-06T07:35:00-07:00,763573_1780756500_H30,0.0051929070709979,0.0,1,0.39643332556341576
763573,2026-06-06T07:40:00-07:00,763573_1780756800_H30,0.0007761198309489,0.0,1,0.3917433601461587
763573,2026-06-06T07:45:00-07:00,763573_1780757100_H30,0.0131014927522231,0.0,1,0.40487829880588944
763573,2026-06-17T11:15:00-07:00,763573_1781720100_H30,0.0867535939628665,4.080821990966797,0,0.4855913165205263
763578,2026-06-06T07:20:00-07:00,763578_1780755600_H30,0.0113232313444692,0.4058380126953129,1,0.4029743235714407
763578,2026-06-06T07:25:00-07:00,763578_1780755900_H30,0.0059828648047869,0.0,1,0.397274180494692
763578,2026-06-06T07:30:00-07:00,763578_1780756200_H30,0.0342284057907776,0.86572265625,0,0.427703100972952
763578,2026-06-06T07:35:00-07:00,763578_1780756500_H30,0.0082560957593701,0.9917831420898438,0,0.399697247642415
763578,2026-06-06T07:40:00-07:00,763578_1780756800_H30,0.0073540882435944,0.1631622314453127,1,0.39873519110632155
763578,2026-06-06T07:45:00-07:00,763578_1780757100_H30,0.00144933768246,0.0974349975585937,1,0.3924569502234003
763578,2026-06-17T11:15:00-07:00,763578_1781720100_H30,0.0185664649429414,19.947265625,0,0.410747326586607
763583,2026-06-06T07:20:00-07:00,763583_1780755600_H30,0.0391483901803638,0.24371337890625,1,0.4330667690508203
763583,2026-06-06T07:25:00-07:00,763583_1780755900_H30,0.0106452748727803,0.0,1,0.4022492049295785
763583,2026-06-06T07:30:00-07:00,763583_1780756200_H30,0.041378198537069,1.024871826171875,0,0.43550291506278965
763583,2026-06-06T07:35:00-07:00,763583_1780756500_H30,0.0251472566536777,0.4659042358398438,1,0.41784839077858527
763583,2026-06-06T07:40:00-07:00,763583_1780756800_H30,0.0302082816929081,0.0,1,0.42333296479293586
763583,2026-06-06T07:45:00-07:00,763583_1780757100_H30,0.012991945633608,0.6247482299804688,0,0.4047609238782936
763583,2026-06-17T11:15:00-07:00,763583_1781720100_H30,0.0433615602578322,27.56210708618164,0,0.43767243291465197
763649,2026-06-06T07:20:00-07:00,763649_1780755600_H30,0.0053649360939667,0.0,1,0.39661638652720366
763649,2026-06-06T07:25:00-07:00,763649_1780755900_H30,0.0047273195700679,0.0,1,0.3959380263085668
763649,2026-06-06T07:30:00-07:00,763649_1780756200_H30,0.0031801664580533,0.0,1,0.3942936784682985
763649,2026-06-06T07:35:00-07:00,763649_1780756500_H30,0.0019416517806526,0.0,1,0.3929790790482105
763649,2026-06-06T07:40:00-07:00,763649_1780756800_H30,0.0021525930906337,0.0,1,0.39320286999965737
763649,2026-06-06T07:45:00-07:00,763649_1780757100_H30,0.0052925062010215,0.6125259399414062,0,0.39653930829105927
763649,2026-06-17T11:15:00-07:00,763649_1781720100_H30,0.0031853451001432,1.3190650939941406,0,0.3942991784734859
763683,2026-06-06T07:20:00-07:00,763683_1780755600_H30,0.0034738321507791,0.2716560363769531,1,0.394605609982027
763683,2026-06-06T07:25:00-07:00,763683_1780755900_H30,0.0005721087292982,0.3757820129394531,1,0.3915272058624127
763683,2026-06-06T07:30:00-07:00,763683_1780756200_H30,0.0044041652222625,0.668426513671875,0,0.3955943750620405
763683,2026-06-06T07:35:00-07:00,763683_1780756500_H30,0.0004772623074453,1.793212890625,0,0.39142672845734927
763683,2026-06-06T07:40:00-07:00,763683_1780756800_H30,0.001884073387685,0.6826210021972656,0,0.39291800102808033
763683,2026-06-06T07:45:00-07:00,763683_1780757100_H30,0.0064823573252854,0.0841560363769531,1,0.3978061690378706
764001,2026-06-03T13:35:00-07:00,764001_1780518900_H30,0.0041765534931025,1.5391082763671875,0,0.39535238833918085
764001,2026-06-06T07:20:00-07:00,764001_1780755600_H30,0.0086723944920435,0.0305404663085937,1,0.40014152208638026
764001,2026-06-06T07:25:00-07:00,764001_1780755900_H30,0.0067059053710102,0.0,1,0.39804433900975794
764001,2026-06-06T07:30:00-07:00,764001_1780756200_H30,0.0092489315425858,0.0151443481445312,1,0.4007570742080691
764001,2026-06-06T07:35:00-07:00,764001_1780756500_H30,0.0090977303044405,0.0,1,0.4005956105864566
764001,2026-06-06T07:40:00-07:00,764001_1780756800_H30,0.0091320331403257,0.0,1,0.40063223974483037
764001,2026-06-06T07:45:00-07:00,764001_1780757100_H30,0.0090461800894999,0.1058883666992187,1,0.40054056646912484
764001,2026-06-17T11:15:00-07:00,764001_1781720100_H30,0.0010078663249522,0.726402282714844,0,0.3919889522031149
764096,2026-06-06T07:20:00-07:00,764096_1780755600_H30,0.0112971015798248,0.0,1,0.4029463682036694
764096,2026-06-06T07:25:00-07:00,764096_1780755900_H30,0.007684315483498,0.0,1,0.39908731215131016
764096,2026-06-06T07:30:00-07:00,764096_1780756200_H30,0.0004992314368257,0.0,1,0.39145000106402605
764096,2026-06-06T07:35:00-07:00,764096_1780756500_H30,0.0065907313891692,0.2546463012695308,1,0.39792162564239414
764096,2026-06-06T07:40:00-07:00,764096_1780756800_H30,0.0040615744792411,0.0,1,0.39523016721728893
764096,2026-06-06T07:45:00-07:00,764096_1780757100_H30,0.0036451453391122,1.1045608520507812,0,0.39478761841921023
764096,2026-06-17T11:15:00-07:00,764096_1781720100_H30,0.0549569740993147,0.9720497131347656,0,0.45040132319478854
764222,2026-06-06T07:20:00-07:00,764222_1780755600_H30,0.08205216800744,0.1003723144531245,1,0.4803706445614081
764222,2026-06-06T07:25:00-07:00,764222_1780755900_H30,0.0165526537965497,0.0844955444335937,1,0.40858157129918
764222,2026-06-06T07:30:00-07:00,764222_1780756200_H30,0.0571155793360204,0.3394126892089844,1,0.45277863568400806
764222,2026-06-06T07:35:00-07:00,764222_1780756500_H30,0.0212323557130407,0.0645751953125,1,0.4136196779361708
764222,2026-06-06T07:40:00-07:00,764222_1780756800_H30,0.0249473282751891,1.1422195434570312,0,0.41763213796997456
764222,2026-06-06T07:45:00-07:00,764222_1780757100_H30,0.0324520213232269,0.1923828125,1,0.42577062204701627
764222,2026-06-17T11:15:00-07:00,764222_1781720100_H30,0.022045443507125,0.9405288696289062,0,0.4144969159398346
764276,2026-06-06T07:20:00-07:00,764276_1780755600_H30,0.0016572333396468,0.3399505615234375,1,0.39267740619842817
764276,2026-06-06T07:25:00-07:00,764276_1780755900_H30,0.0067765013909087,1.0746688842773438,0,0.3981195626409276
764276,2026-06-06T07:30:00-07:00,764276_1780756200_H30,0.012402215623095,0.2085952758789062,1,0.40412924150421164
764276,2026-06-06T07:35:00-07:00,764276_1780756500_H30,0.009314433020787,0.7917938232421875,0,0.40082702811748255
764276,2026-06-06T07:40:00-07:00,764276_1780756800_H30,0.011450800786948,1.26971435546875,0,0.4031108149311046
764276,2026-06-06T07:45:00-07:00,764276_1780757100_H30,0.0168053641196359,1.4792404174804688,0,0.40885315606743533
764276,2026-06-17T11:15:00-07:00,764276_1781720100_H30,0.0084986882717095,0.8956947326660156,0,0.3999561226132764
764304,2026-06-06T07:20:00-07:00,764304_1780755600_H30,0.0387185741816693,0.7240295410156259,0,0.4325975475705125
764304,2026-06-06T07:25:00-07:00,764304_1780755900_H30,0.0505237664365964,1.0133514404296875,0,0.4455261602468544
764304,2026-06-06T07:30:00-07:00,764304_1780756200_H30,0.0376390847925199,1.0083236694335938,0,0.43141962557486757
764304,2026-06-06T07:35:00-07:00,764304_1780756500_H30,0.0355863265442646,0.2486190795898437,1,0.42918183737869403
764304,2026-06-06T07:40:00-07:00,764304_1780756800_H30,0.0235150001460977,0.0,1,0.4160837891773929
764304,2026-06-06T07:45:00-07:00,764304_1780757100_H30,0.0112833827676514,1.8639678955078125,0,0.4029316911543575
764304,2026-06-17T11:15:00-07:00,764304_1781720100_H30,0.1010211654713282,0.9649810791015624,0,0.5014491884839873
764311,2026-06-16T23:30:00-07:00,764311_1781677800_H30,0.1352949916348108,0.0938873291015625,1,0.5394705663737033
764311,2026-06-16T23:35:00-07:00,764311_1781678100_H30,0.0072187986390954,0.646026611328125,0,0.39859096212591016
764311,2026-06-16T23:40:00-07:00,764311_1781678400_H30,0.0813468793411527,0.0,1,0.4795878024594738
764311,2026-06-16T23:45:00-07:00,764311_1781678700_H30,0.0944327846907486,1.8537368774414065,0,0.4941248796127944
764311,2026-06-16T23:50:00-07:00,764311_1781679000_H30,0.0715457849884905,3.905548095703125,0,0.46872105682021137
764311,2026-06-16T23:55:00-07:00,764311_1781679300_H30,0.1499422610779742,1.7257919311523438,0,0.5556058947083976
764311,2026-06-17T11:15:00-07:00,764311_1781720100_H30,0.1113146023178738,2.4880447387695312,0,0.5128899876808417
764578,2026-06-06T07:20:00-07:00,764578_1780755600_H30,0.0073156767031931,0.0,1,0.39869423970306933
764578,2026-06-06T07:25:00-07:00,764578_1780755900_H30,0.0051237912490028,0.0,1,0.3963597856214923
764578,2026-06-06T07:30:00-07:00,764578_1780756200_H30,0.0025883938543496,0.0,1,0.3936653598101492
764578,2026-06-06T07:35:00-07:00,764578_1780756500_H30,0.0099608368514177,1.4888458251953125,0,0.40151758726879666
764578,2026-06-06T07:40:00-07:00,764578_1780756800_H30,0.0081959720733151,2.31589126586914,0,0.39963309719850115
764578,2026-06-06T07:45:00-07:00,764578_1780757100_H30,0.0063594693231698,2.1695098876953125,0,0.39767526372891976
764578,2026-06-17T11:15:00-07:00,764578_1781720100_H30,0.0006582271925299,3.108711242675781,0,0.39161844509886584
764583,2026-06-17T11:15:00-07:00,764583_1781720100_H30,0.0013425523009073,11.01885986328125,0,0.3923437302826448
764814,2026-06-06T07:20:00-07:00,764814_1780755600_H30,0.0018910420162167,0.8975448608398438,0,0.39292539303324797
764814,2026-06-06T07:25:00-07:00,764814_1780755900_H30,0.0175990924363156,0.4433975219726563,1,0.4097065275410724
764814,2026-06-06T07:30:00-07:00,764814_1780756200_H30,0.056985330118564,0.9068222045898438,0,0.45263512757961627
764814,2026-06-06T07:35:00-07:00,764814_1780756500_H30,0.0415883044838843,0.0,1,0.4357326258974692
764814,2026-06-06T07:40:00-07:00,764814_1780756800_H30,0.0263605242325404,0.0471954345703125,1,0.4191613980697748
764814,2026-06-06T07:45:00-07:00,764814_1780757100_H30,0.0203413348415135,0.0,1,0.4126589874415406
764814,2026-06-17T11:15:00-07:00,764814_1781720100_H30,0.0084634909350669,0.8841629028320312,0,0.3999185594132195
764819,2026-06-03T13:35:00-07:00,764819_1780518900_H30,0.0265551166002528,6.321773529052734,0,0.41937209447837537
764819,2026-06-06T07:20:00-07:00,764819_1780755600_H30,0.0121146000939568,0.9131851196289062,0,0.4038212805932136
764819,2026-06-06T07:25:00-07:00,764819_1780755900_H30,0.0145779387430205,1.0952224731445312,0,0.40646130215874215
764819,2026-06-06T07:30:00-07:00,764819_1780756200_H30,0.0160415884553959,0.733428955078125,0,0.4080325061579898
764819,2026-06-06T07:35:00-07:00,764819_1780756500_H30,0.0012263871226272,1.2440643310546875,0,0.3922205784932739
764819,2026-06-06T07:40:00-07:00,764819_1780756800_H30,0.0381910489839891,1.8221435546875,0,0.4320218242370033
764819,2026-06-06T07:45:00-07:00,764819_1780757100_H30,0.001595397235512,0.0,1,0.392611829601276
764819,2026-06-17T11:15:00-07:00,764819_1781720100_H30,0.0257718341055813,3.4285926818847656,0,0.4185241689965311
764824,2026-06-06T07:20:00-07:00,764824_1780755600_H30,0.0372933413091464,2.7037811279296875,0,0.4310425189916418
764824,2026-06-06T07:25:00-07:00,764824_1780755900_H30,0.0222456825896405,0.0,1,0.41471303675660975
764824,2026-06-06T07:30:00-07:00,764824_1780756200_H30,0.009078867934193,1.6731491088867183,0,0.4005754694962874
764824,2026-06-06T07:35:00-07:00,764824_1780756500_H30,0.0327722381833207,0.563140869140625,0,0.4261188112931763
764824,2026-06-06T07:40:00-07:00,764824_1780756800_H30,0.010516447216567,0.5517425537109375,0,0.40211146357327837
764824,2026-06-06T07:45:00-07:00,764824_1780757100_H30,0.0006576950722814,0.4826812744140625,1,0.3916178813144386
764824,2026-06-17T11:15:00-07:00,764824_1781720100_H30,0.0603753456500851,0.370361328125,1,0.45637272975539134
764839,2026-06-10T23:30:00-07:00,764839_1781159400_H30,0.1926645158678937,0.0,1,0.6018865658161184
764839,2026-06-10T23:35:00-07:00,764839_1781159700_H30,0.1711137730877017,0.0,1,0.5787140119162218
764839,2026-06-10T23:40:00-07:00,764839_1781160000_H30,0.1164403336399209,0.0,1,0.5185827750029035
764839,2026-06-10T23:45:00-07:00,764839_1781160300_H30,0.1874281779166422,0.0,1,0.5962938171945699
764839,2026-06-10T23:50:00-07:00,764839_1781160600_H30,0.0761139314039542,0.415771484375,1,0.4737828268161913
764839,2026-06-10T23:55:00-07:00,764839_1781160900_H30,0.0999839284689692,0.0,1,0.5002960519830965
764839,2026-06-17T11:15:00-07:00,764839_1781720100_H30,0.0271163891245464,3.285720825195312,0,0.41997998115280183
764839,2026-06-23T23:30:00-07:00,764839_1782282600_H30,0.1889330953680077,0.0,1,0.5979037998901814
764839,2026-06-23T23:35:00-07:00,764839_1782282900_H30,0.1345854088608933,0.0,1,0.5386865120227832
764839,2026-06-23T23:40:00-07:00,764839_1782283200_H30,0.1199452319342404,0.0,1,0.522472731993079
764839,2026-06-23T23:45:00-07:00,764839_1782283500_H30,0.2252666577186678,0.0,1,0.636062059990892
764839,2026-06-23T23:50:00-07:00,764839_1782283800_H30,0.134329616266068,0.0,1,0.5384038265363752
764839,2026-06-23T23:55:00-07:00,764839_1782284100_H30,0.1640154562443546,0.0,1,0.5709995631813692
764848,2026-06-06T07:20:00-07:00,764848_1780755600_H30,0.045788032527477,0.0,1,0.44032988894659286
764848,2026-06-06T07:25:00-07:00,764848_1780755900_H30,0.0350099190149032,0.0,1,0.42855399023695195
764848,2026-06-06T07:30:00-07:00,764848_1780756200_H30,0.0049582299875822,0.0,1,0.3961836458033199
764848,2026-06-06T07:35:00-07:00,764848_1780756500_H30,0.0062183555664242,0.0,1,0.39752496166122514
764848,2026-06-06T07:40:00-07:00,764848_1780756800_H30,0.0008430666237044,2.6343765258789062,0,0.3918143010140083
764848,2026-06-06T07:45:00-07:00,764848_1780757100_H30,0.0001799262274673,0.0,1,0.39111179936460994
764848,2026-06-17T11:15:00-07:00,764848_1781720100_H30,0.0717844790249742,0.8462600708007812,0,0.46898539338364925
764915,2026-06-06T07:20:00-07:00,764915_1780755600_H30,0.0093176760457983,0.0,1,0.400830491690575
764915,2026-06-06T07:25:00-07:00,764915_1780755900_H30,0.0105355890400799,0.0,1,0.40213192885991644
764915,2026-06-06T07:30:00-07:00,764915_1780756200_H30,0.0093941826744098,0.0,1,0.4009122041709376
764915,2026-06-06T07:35:00-07:00,764915_1780756500_H30,0.01546382086319,0.0,1,0.40741205560343735
764915,2026-06-06T07:40:00-07:00,764915_1780756800_H30,0.0136910377137066,0.0,1,0.40551015684028047
764915,2026-06-06T07:45:00-07:00,764915_1780757100_H30,0.0112425558187716,0.0,1,0.40288801353675935
764915,2026-06-17T11:15:00-07:00,764915_1781720100_H30,0.0005018281759117,0.1752548217773437,1,0.3914527519060384
764932,2026-06-06T07:20:00-07:00,764932_1780755600_H30,0.0051954855745974,1.513046264648437,0,0.39643606920824587
764932,2026-06-06T07:25:00-07:00,764932_1780755900_H30,0.006439443170719,0.0,1,0.39776045346877315
764932,2026-06-06T07:30:00-07:00,764932_1780756200_H30,0.033501224697779,2.583236694335937,0,0.42691175081294425
764932,2026-06-06T07:35:00-07:00,764932_1780756500_H30,0.0171317831685031,1.2613906860351562,0,0.409204037055219
764932,2026-06-06T07:40:00-07:00,764932_1780756800_H30,0.0063198591175233,0.8758926391601565,0,0.397633072442252
764932,2026-06-06T07:45:00-07:00,764932_1780757100_H30,0.0183123133264321,0.3255462646484375,1,0.41047380629236013
764932,2026-06-17T11:15:00-07:00,764932_1781720100_H30,0.0456780244117623,1.7940750122070317,0,0.44020933358096614
765150,2026-06-03T13:35:00-07:00,765150_1780518900_H30,0.1325289764280482,0.0,1,0.5364131868050541
765150,2026-06-06T07:20:00-07:00,765150_1780755600_H30,0.0722189879665761,0.0,1,0.46946662551698826
765150,2026-06-06T07:25:00-07:00,765150_1780755900_H30,0.0624151348394269,0.0,1,0.4586240607579524
765150,2026-06-06T07:30:00-07:00,765150_1780756200_H30,0.0111768012765383,0.0,1,0.40281767103923055
765150,2026-06-06T07:35:00-07:00,765150_1780756500_H30,0.0104472584601948,0.0,1,0.40203749396028154
765150,2026-06-06T07:40:00-07:00,765150_1780756800_H30,0.0065370626779029,2.349720001220703,0,0.3978644481138274
765150,2026-06-06T07:45:00-07:00,765150_1780757100_H30,0.0206672876247935,2.667671203613281,0,0.41301034998619907
765153,2026-06-06T07:20:00-07:00,765153_1780755600_H30,0.0069361078493343,0.0,1,0.398289649130958
765153,2026-06-06T07:25:00-07:00,765153_1780755900_H30,0.004296532409962,0.6831741333007812,0,0.39547993823515404
765153,2026-06-06T07:30:00-07:00,765153_1780756200_H30,0.0010491324762403,3.73150634765625,0,0.392032689515782
765153,2026-06-06T07:35:00-07:00,765153_1780756500_H30,0.0022502187539108,5.444381713867188,0,0.39330645778515716
765153,2026-06-06T07:40:00-07:00,765153_1780756800_H30,0.0006949793887007,1.5279998779296884,0,0.3916573849592225
765153,2026-06-06T07:45:00-07:00,765153_1780757100_H30,0.0039888591634128,0.5476226806640625,0,0.3951528785874821
765153,2026-06-17T11:15:00-07:00,765153_1781720100_H30,0.0113491608442766,0.5531730651855469,0,0.40300206530564
765456,2026-06-06T07:20:00-07:00,765456_1780755600_H30,0.0029760092017819,0.914043426513672,0,0.39407687348563103
765456,2026-06-06T07:25:00-07:00,765456_1780755900_H30,0.0157460381102878,1.2757949829101562,0,0.407715085078949
765456,2026-06-06T07:30:00-07:00,765456_1780756200_H30,0.0136385737090626,2.76611328125,0,0.40545391464525277
765456,2026-06-06T07:35:00-07:00,765456_1780756500_H30,0.0462132608579744,2.78009033203125,0,0.4407959529622227
765456,2026-06-06T07:40:00-07:00,765456_1780756800_H30,0.0242672731393173,1.3584442138671875,0,0.4168967929374461
765456,2026-06-06T07:45:00-07:00,765456_1780757100_H30,0.0178728977434485,2.8262176513671875,0,0.4100010338796507
765456,2026-06-17T11:15:00-07:00,765456_1781720100_H30,0.0714871129221539,18.27986145019531,0,0.4686560843873532
765456,2026-06-21T23:30:00-07:00,765456_1782109800_H30,0.0013868528577438,0.0400238037109375,1,0.3923906988506389
765456,2026-06-21T23:35:00-07:00,765456_1782110100_H30,0.0455865085875253,3.098228454589844,0,0.440109048865613
765456,2026-06-21T23:40:00-07:00,765456_1782110400_H30,0.1268230907551614,1.381256103515625,0,0.5300978584269951
765456,2026-06-21T23:45:00-07:00,765456_1782110700_H30,0.0703013858880331,0.5397262573242188,0,0.46734326149684136
765456,2026-06-21T23:50:00-07:00,765456_1782111000_H30,0.0784285319756014,0.5352630615234375,0,0.4763496620297151
765456,2026-06-21T23:55:00-07:00,765456_1782111300_H30,0.1673128028264064,0.0,1,0.5745876476562793
765461,2026-06-06T07:20:00-07:00,765461_1780755600_H30,0.0451639220626272,2.638538360595703,0,0.4396460343449348
765461,2026-06-06T07:25:00-07:00,765461_1780755900_H30,0.0032902003868379,0.976585388183594,0,0.394410546362919
765461,2026-06-06T07:30:00-07:00,765461_1780756200_H30,0.0254513028714657,0.4066658020019531,1,0.41817732332137403
765461,2026-06-06T07:35:00-07:00,765461_1780756500_H30,0.0124217353087817,0.0,1,0.40415014471538496
765461,2026-06-06T07:40:00-07:00,765461_1780756800_H30,0.0313669676926182,0.0,1,0.4245913332791087
765461,2026-06-06T07:45:00-07:00,765461_1780757100_H30,0.0242952834390467,0.0,1,0.41692707325741435
765461,2026-06-17T11:15:00-07:00,765461_1781720100_H30,0.0299269541573815,0.0,1,0.42302758382270617
765461,2026-06-21T23:30:00-07:00,765461_1782109800_H30,0.0426208898520562,0.2738418579101562,1,0.43686196048727477
765461,2026-06-21T23:35:00-07:00,765461_1782110100_H30,0.0354965489785998,0.4151382446289062,1,0.4290840328683162
765461,2026-06-21T23:40:00-07:00,765461_1782110400_H30,0.0042050096102734,1.5590209960937498,0,0.3953826388229339
765461,2026-06-21T23:45:00-07:00,765461_1782110700_H30,0.0176456025357151,0.0,1,0.40975654947352336
765461,2026-06-21T23:50:00-07:00,765461_1782111000_H30,0.0443332807477409,0.0,1,0.4387362340789385
765461,2026-06-21T23:55:00-07:00,765461_1782111300_H30,0.0277781803378818,1.2652893066406248,0,0.42069704655274315
765501,2026-06-03T15:25:00-07:00,765501_1780525500_H30,0.0083512907277289,0.0,1,0.3997988252886724
765501,2026-06-03T15:30:00-07:00,765501_1780525800_H30,0.0083512907277289,2.383800506591797,0,0.3997988252886724
765501,2026-06-03T15:35:00-07:00,765501_1780526100_H30,0.0083512907277289,9.342048645019531,0,0.3997988252886724
765501,2026-06-03T15:40:00-07:00,765501_1780526400_H30,0.0083512907277289,6.361301422119139,0,0.3997988252886724
765501,2026-06-03T15:45:00-07:00,765501_1780526700_H30,0.0083512907277289,7.336635589599609,0,0.3997988252886724
765501,2026-06-03T15:50:00-07:00,765501_1780527000_H30,0.0083512907277289,5.040615081787109,0,0.3997988252886724
765501,2026-06-06T07:20:00-07:00,765501_1780755600_H30,0.0746768407413855,0.0,1,0.47218981686716943
765501,2026-06-06T07:25:00-07:00,765501_1780755900_H30,0.0678013881521024,0.7826766967773438,0,0.46457679679428365
765501,2026-06-06T07:30:00-07:00,765501_1780756200_H30,0.0563824855541819,0.0,1,0.45197101860412386
765501,2026-06-06T07:35:00-07:00,765501_1780756500_H30,0.0506420927604945,1.6633911132812502,0,0.4456561509539791
765501,2026-06-06T07:40:00-07:00,765501_1780756800_H30,0.0511341923280692,1.036102294921875,0,0.4461968403142353
765501,2026-06-06T07:45:00-07:00,765501_1780757100_H30,0.0187036840486688,1.3056488037109375,0,0.41089502599518984
765501,2026-06-11T23:30:00-07:00,765501_1781245800_H30,0.0542483701905643,0.0,1,0.44962141250419563
765501,2026-06-11T23:35:00-07:00,765501_1781246100_H30,0.002053983667867,1.7107315063476562,0,0.3930982481261338
765501,2026-06-11T23:40:00-07:00,765501_1781246400_H30,0.0491764685565159,0.2480316162109375,1,0.4440465780275574
765501,2026-06-11T23:45:00-07:00,765501_1781246700_H30,0.0864096520217181,0.0,1,0.4852092676588107
765501,2026-06-11T23:50:00-07:00,765501_1781247000_H30,0.0021970554987017,4.840606689453125,0,0.393250046592384
765501,2026-06-11T23:55:00-07:00,765501_1781247300_H30,0.0419300098024095,0.0,1,0.4361062744578051
765501,2026-06-15T23:30:00-07:00,765501_1781591400_H30,0.1288212588237765,0.0437622070312504,1,0.5323106510895664
765501,2026-06-15T23:35:00-07:00,765501_1781591700_H30,0.0838288388968346,0.0,1,0.48234309658276214
765501,2026-06-15T23:40:00-07:00,765501_1781592000_H30,0.0027366726714868,5.264335632324219,0,0.39382276293697693
765501,2026-06-15T23:45:00-07:00,765501_1781592300_H30,0.1132341082020117,2.144275665283204,0,0.5150223182395974
765501,2026-06-15T23:50:00-07:00,765501_1781592600_H30,0.022806667938584,2.3494110107421875,0,0.41531869058821186
765501,2026-06-15T23:55:00-07:00,765501_1781592900_H30,0.0499566428451283,0.0,1,0.4449032344468842
765501,2026-06-17T22:00:00-07:00,765501_1781758800_H30,0.0070713441320697,0.0783004760742187,1,0.39843378448005357
765501,2026-06-17T22:05:00-07:00,765501_1781759100_H30,0.0495799394909205,0.0,1,0.44448956086412694
765501,2026-06-17T22:10:00-07:00,765501_1781759400_H30,0.0067432317141197,0.0,1,0.39808411151723033
765501,2026-06-17T22:15:00-07:00,765501_1781759700_H30,0.0102372411018576,0.0,1,0.40181299198693693
765501,2026-06-17T22:20:00-07:00,765501_1781760000_H30,0.0906698948439661,0.0,1,0.48994260114991145
765501,2026-06-17T22:25:00-07:00,765501_1781760300_H30,0.0281703413308241,1.346626281738281,0,0.421122119807419
765501,2026-06-18T23:30:00-07:00,765501_1781850600_H30,0.042858459937281,0.0,1,0.4371218830632549
765501,2026-06-18T23:35:00-07:00,765501_1781850900_H30,0.0752315791778955,0.0,1,0.4728046771494839
765501,2026-06-18T23:40:00-07:00,765501_1781851200_H30,0.017888401188784,0.0,1,0.4100177113948031
765501,2026-06-18T23:45:00-07:00,765501_1781851500_H30,0.015268447575837,1.3807373046875,0,0.40720231566559717
765501,2026-06-18T23:50:00-07:00,765501_1781851800_H30,0.0956628194605014,2.5075836181640625,0,0.4954922133476971
765501,2026-06-18T23:55:00-07:00,765501_1781852100_H30,0.0974655471563725,3.1461944580078125,0,0.4974962812472224
765501,2026-06-24T23:30:00-07:00,765501_1782369000_H30,7.205998286671789e-06,3.5650634765625,0,0.39092890110853235
765501,2026-06-24T23:35:00-07:00,765501_1782369300_H30,0.019298221232277,0.0,1,0.4115351570422267
765501,2026-06-24T23:40:00-07:00,765501_1782369600_H30,0.0361099359606126,0.0,1,0.42975237227753793
765501,2026-06-24T23:45:00-07:00,765501_1782369900_H30,0.0133814244271154,0.0,1,0.4051782826917854
765501,2026-06-24T23:50:00-07:00,765501_1782370200_H30,0.01030772755411,0.0,1,0.4018883352093158
765501,2026-06-24T23:55:00-07:00,765501_1782370500_H30,0.0043555297094203,3.4012985229492188,0,0.3955426636351989
765501,2026-06-27T23:30:00-07:00,765501_1782628200_H30,0.0938132917768858,0.0,1,0.49343626964306186
765501,2026-06-27T23:35:00-07:00,765501_1782628500_H30,0.102710489608894,0.0,1,0.50332723697633
765501,2026-06-27T23:40:00-07:00,765501_1782628800_H30,0.1149498115008789,0.0,1,0.5169277891933628
765501,2026-06-27T23:45:00-07:00,765501_1782629100_H30,0.1353674115446076,0.0,1,0.5395505759234922
765501,2026-06-27T23:50:00-07:00,765501_1782629400_H30,0.086608729943972,0.0,1,0.4854304002676729
765501,2026-06-27T23:55:00-07:00,765501_1782629700_H30,0.1674174835462964,0.0,1,0.5747014319242129
765591,2026-06-03T23:30:00-07:00,765591_1780554600_H30,0.1021722589503999,0.0,1,0.5027288850618625
765591,2026-06-03T23:35:00-07:00,765591_1780554900_H30,0.1049211088918702,0.0,1,0.5057846675268827
765591,2026-06-03T23:40:00-07:00,765591_1780555200_H30,0.102466493376557,0.0,1,0.5030559870387532
765591,2026-06-03T23:45:00-07:00,765591_1780555500_H30,0.0407007877392187,0.0,1,0.4347624843769083
765591,2026-06-03T23:50:00-07:00,765591_1780555800_H30,0.0232449817259068,1.2605438232421875,0,0.4157920833307473
765591,2026-06-03T23:55:00-07:00,765591_1780556100_H30,0.1408346768870889,4.102836608886719,0,0.545584636829025
766585,2026-06-17T11:15:00-07:00,766585_1781720100_H30,0.0479147226017294,0.0,1,0.44266184638686334
766642,2026-06-06T07:20:00-07:00,766642_1780755600_H30,0.0541883262178888,3.188098907470703,0,0.4495553376347653
766642,2026-06-06T07:25:00-07:00,766642_1780755900_H30,0.0664510741576569,2.952011108398437,0,0.46308345223857905
766642,2026-06-06T07:30:00-07:00,766642_1780756200_H30,0.0482440807230245,2.044891357421875,0,0.44302322284992063
766642,2026-06-06T07:35:00-07:00,766642_1780756500_H30,0.0234906598360548,2.161075592041015,0,0.41605749148061305
766642,2026-06-06T07:40:00-07:00,766642_1780756800_H30,0.0208097829836141,2.305034637451172,0,0.41316398147826733
766642,2026-06-06T07:45:00-07:00,766642_1780757100_H30,0.0073559988416129,2.796504974365235,0,0.3987372280746386
766642,2026-06-17T11:15:00-07:00,766642_1781720100_H30,0.0021979461320733,12.979171752929688,0,0.39325099161435695
766703,2026-06-06T07:20:00-07:00,766703_1780755600_H30,0.0100453975435657,0.0,1,0.40160795321445564
766703,2026-06-06T07:25:00-07:00,766703_1780755900_H30,0.0045339289822022,0.0,1,0.3957323570522238
766703,2026-06-06T07:30:00-07:00,766703_1780756200_H30,0.0104214645626794,2.7211608886718746,0,0.4020099188775193
766703,2026-06-06T07:35:00-07:00,766703_1780756500_H30,0.0394353944938387,0.5831985473632812,0,0.43338015279529163
766703,2026-06-06T07:40:00-07:00,766703_1780756800_H30,0.018325937683029,3.480659484863281,0,0.4104884675470132
766703,2026-06-06T07:45:00-07:00,766703_1780757100_H30,0.0246311706632457,0.0,1,0.4172902303206904
766703,2026-06-17T11:15:00-07:00,766703_1781720100_H30,0.0597017376519944,3.7115974426269527,0,0.4556296502175373
766712,2026-06-05T23:30:00-07:00,766712_1780727400_H30,0.1082078076811248,0.0,1,0.5094377674905914
766712,2026-06-05T23:35:00-07:00,766712_1780727700_H30,0.1263174659185197,0.0,1,0.5295377329766134
766712,2026-06-05T23:40:00-07:00,766712_1780728000_H30,0.131694460127521,0.0,1,0.5354902164315666
766712,2026-06-05T23:45:00-07:00,766712_1780728300_H30,0.2334689125384738,0.0,1,0.6444629707800937
766712,2026-06-05T23:50:00-07:00,766712_1780728600_H30,0.0235077853881948,0.4814834594726571,1,0.4160759941769169
766712,2026-06-05T23:55:00-07:00,766712_1780728900_H30,0.0147549075804128,0.013519287109375,1,0.40665117428525527
766712,2026-06-06T07:20:00-07:00,766712_1780755600_H30,0.0517768659663573,1.5536880493164062,0,0.446903162942692
766712,2026-06-06T07:25:00-07:00,766712_1780755900_H30,0.0001088181082284,0.0,1,0.39103649729094453
766712,2026-06-06T07:30:00-07:00,766712_1780756200_H30,0.0514259140685408,2.3174667358398446,0,0.44651742678702394
766712,2026-06-06T07:35:00-07:00,766712_1780756500_H30,0.0260371122592547,0.0,1,0.4188112864647321
766712,2026-06-06T07:40:00-07:00,766712_1780756800_H30,0.0001828459173418,4.325355529785156,0,0.3911148913685505
766712,2026-06-06T07:45:00-07:00,766712_1780757100_H30,0.0341735508869087,3.039863586425781,0,0.4276433925207436
766712,2026-06-15T23:30:00-07:00,766712_1781591400_H30,0.1770513929300281,0.8686676025390621,0,0.5851377932122835
766712,2026-06-15T23:35:00-07:00,766712_1781591700_H30,0.0900680687194558,0.6565780639648438,0,0.48927381454337276
766712,2026-06-15T23:40:00-07:00,766712_1781592000_H30,0.0494383525197976,0.0,1,0.4443340981974381
766712,2026-06-15T23:45:00-07:00,766712_1781592300_H30,0.0268459208696812,5.8636016845703125,0,0.41968701985751417
766712,2026-06-15T23:50:00-07:00,766712_1781592600_H30,0.0768825972253658,1.47406005859375,0,0.4746351113865057
766712,2026-06-15T23:55:00-07:00,766712_1781592900_H30,0.0635472410360662,3.338294982910156,0,0.4598743103895002
766712,2026-06-17T23:30:00-07:00,766712_1781764200_H30,0.0430632514077752,0.5313491821289062,0,0.43734597067199826
766712,2026-06-17T23:35:00-07:00,766712_1781764500_H30,0.0669814952968239,0.4968719482421875,1,0.46366998019522027
766712,2026-06-17T23:40:00-07:00,766712_1781764800_H30,0.056635087741644,2.9990310668945312,0,0.4522492709479065
766712,2026-06-17T23:45:00-07:00,766712_1781765100_H30,0.1232708437774822,2.1813507080078125,0,0.5261611944122337
766712,2026-06-17T23:50:00-07:00,766712_1781765400_H30,0.1264827092793047,2.0144958496093754,0,0.5297207959477401
766712,2026-06-17T23:55:00-07:00,766712_1781765700_H30,0.1355543004314606,0.6196136474609375,0,0.5397570414254457
766721,2026-06-06T07:20:00-07:00,766721_1780755600_H30,0.0014493866703127,1.946327209472656,0,0.3924570021657654
766721,2026-06-06T07:25:00-07:00,766721_1780755900_H30,0.0018369544302659,0.4239501953125,1,0.39286802066204396
766721,2026-06-06T07:30:00-07:00,766721_1780756200_H30,0.0026465453295971,1.3106307983398438,0,0.393727086996715
766721,2026-06-06T07:35:00-07:00,766721_1780756500_H30,0.0086875540395766,0.0,1,0.40015770347574214
766721,2026-06-06T07:40:00-07:00,766721_1780756800_H30,0.014116689009004,1.9538116455078125,0,0.40596655292795736
766721,2026-06-06T07:45:00-07:00,766721_1780757100_H30,0.0006973644751531,2.5284957885742188,0,0.39165991206493445
766721,2026-06-17T11:15:00-07:00,766721_1781720100_H30,0.0118477611419198,1.1724929809570308,0,0.40353563369720064
766788,2026-06-06T07:20:00-07:00,766788_1780755600_H30,0.0122757772541554,0.0,1,0.4039938498055003
766788,2026-06-06T07:25:00-07:00,766788_1780755900_H30,0.0108322500525177,0.0,1,0.40244914452795544
766788,2026-06-06T07:30:00-07:00,766788_1780756200_H30,0.0028761504864763,0.0,1,0.3939708436124217
766788,2026-06-06T07:35:00-07:00,766788_1780756500_H30,0.0005238574074327,3.3591880798339844,0,0.3914760887349878
766788,2026-06-06T07:40:00-07:00,766788_1780756800_H30,0.0028560248608088,4.218421936035156,0,0.39394947545399334
766788,2026-06-06T07:45:00-07:00,766788_1780757100_H30,0.0045733180937433,6.940086364746094,0,0.395774244050767
766788,2026-06-17T11:15:00-07:00,766788_1781720100_H30,0.0052803105007854,2.3870239257812464,0,0.39652633041089497
766843,2026-06-06T07:20:00-07:00,766843_1780755600_H30,0.0576103479360344,0.0,1,0.453323841242129
766843,2026-06-06T07:25:00-07:00,766843_1780755900_H30,0.0474522395623476,0.0,1,0.44215450588193805
766843,2026-06-06T07:30:00-07:00,766843_1780756200_H30,0.0338330599824087,0.4661483764648437,1,0.4272728222750024
766843,2026-06-06T07:35:00-07:00,766843_1780756500_H30,0.0414750150844846,2.4807281494140625,0,0.4356087620836125
766843,2026-06-06T07:40:00-07:00,766843_1780756800_H30,0.0392600860514853,2.5614585876464844,0,0.4331887248756998
766843,2026-06-06T07:45:00-07:00,766843_1780757100_H30,0.0267884877637535,4.092388153076172,0,0.4196248177013341
766843,2026-06-07T23:30:00-07:00,766843_1780900200_H30,0.1631611419122567,0.9064559936523438,0,0.5700686866849503
766843,2026-06-07T23:35:00-07:00,766843_1780900500_H30,0.0720947854438625,0.9059829711914062,0,0.46932906153469595
766843,2026-06-07T23:40:00-07:00,766843_1780900800_H30,0.221087774034435,2.176918029785156,0,0.6317494686901032
766843,2026-06-07T23:45:00-07:00,766843_1780901100_H30,0.2144749769624965,2.1988525390625,0,0.6248820718358521
766843,2026-06-07T23:50:00-07:00,766843_1780901400_H30,0.1534331033644827,2.6216049194335938,0,0.5594354306384273
766843,2026-06-07T23:55:00-07:00,766843_1780901700_H30,0.1726819551046173,1.5798568725585933,0,0.5804132788939229
766843,2026-06-17T11:15:00-07:00,766843_1781720100_H30,0.0347977266570988,1.0276565551757817,0,0.42832291925998084
767471,2026-06-06T07:20:00-07:00,767471_1780755600_H30,0.0392481252184015,0.1422958374023442,1,0.4331756649791799
767471,2026-06-06T07:25:00-07:00,767471_1780755900_H30,0.0049772419349518,0.0,1,0.39620387115376526
767471,2026-06-06T07:30:00-07:00,767471_1780756200_H30,0.0325454883154119,0.0970458984375,1,0.4258722462106814
767471,2026-06-06T07:35:00-07:00,767471_1780756500_H30,0.0106389127513455,0.0,1,0.40224240224499724
767471,2026-06-06T07:40:00-07:00,767471_1780756800_H30,0.0053400043776694,0.1447219848632812,1,0.3965898541851518
767471,2026-06-06T07:45:00-07:00,767471_1780757100_H30,0.0308384171581114,0.0,1,0.42401718892872636
767471,2026-06-17T11:15:00-07:00,767471_1781720100_H30,0.0288617658027803,0.480499267578125,1,0.4218718568685446
767542,2026-06-06T07:20:00-07:00,767542_1780755600_H30,0.0028176162062859,1.172100067138672,0,0.39390869661951783
767542,2026-06-06T07:25:00-07:00,767542_1780755900_H30,0.0028176162062859,16.294471740722656,0,0.39390869661951783
767542,2026-06-06T07:30:00-07:00,767542_1780756200_H30,0.0026092074673019,10.944175720214844,0,0.39368745285399276
767542,2026-06-06T07:35:00-07:00,767542_1780756500_H30,0.0010145469185415,6.650779724121094,0,0.3919960327363932
767542,2026-06-06T07:40:00-07:00,767542_1780756800_H30,0.0023977922168939,12.157920837402344,0,0.39346306196040226
767542,2026-06-06T07:45:00-07:00,767542_1780757100_H30,0.0022137992929757,12.47751235961914,0,0.3932678130191523
767542,2026-06-17T11:15:00-07:00,767542_1781720100_H30,0.0006951330595063,1.0138282775878906,0,0.3916575477801352
767554,2026-06-06T07:20:00-07:00,767554_1780755600_H30,0.0217714388776667,1.7571563720703125,0,0.4142012322851964
767554,2026-06-06T07:25:00-07:00,767554_1780755900_H30,0.0070969143293342,1.179534912109375,0,0.3984610392746125
767554,2026-06-06T07:30:00-07:00,767554_1780756200_H30,0.0161400215730142,1.3295669555664067,0,0.40813824037753776
767554,2026-06-06T07:35:00-07:00,767554_1780756500_H30,0.0298188225136076,1.0731048583984375,0,0.4229102225839677
767554,2026-06-06T07:40:00-07:00,767554_1780756800_H30,0.0042035964541756,0.5144882202148442,0,0.3953811365380927
767554,2026-06-06T07:45:00-07:00,767554_1780757100_H30,0.0138280685103602,0.208267211914062,1,0.40565706759048425
767554,2026-06-17T11:15:00-07:00,767554_1781720100_H30,0.0745109257461725,0.1733703613281254,1,0.47200593652026057
767678,2026-06-06T07:20:00-07:00,767678_1780755600_H30,0.0114309379454637,1.733943939208984,0,0.4030895619407959
767678,2026-06-06T07:25:00-07:00,767678_1780755900_H30,0.0082793441036355,0.9692802429199214,0,0.39972205395706506
767678,2026-06-06T07:30:00-07:00,767678_1780756200_H30,0.0055190040986003,0.0,1,0.39678035924443683
767678,2026-06-06T07:35:00-07:00,767678_1780756500_H30,0.002711538491455,2.3538093566894527,0,0.3937960805775364
767678,2026-06-06T07:40:00-07:00,767678_1780756800_H30,0.0036005931684723,2.063026428222656,0,0.39474028200389616
767678,2026-06-06T07:45:00-07:00,767678_1780757100_H30,0.0032678412259164,2.4282264709472656,0,0.394386797545488
767678,2026-06-17T11:15:00-07:00,767678_1781720100_H30,0.0070793706182884,0.0,1,0.398442339693666
767759,2026-06-06T07:20:00-07:00,767759_1780755600_H30,0.0074508967472734,0.3929519653320313,1,0.3988384071032551
767759,2026-06-06T07:25:00-07:00,767759_1780755900_H30,0.0082938022355394,0.2661972045898437,1,0.39973748124926256
767759,2026-06-06T07:30:00-07:00,767759_1780756200_H30,0.0092828972801202,0.8105392456054688,0,0.4007933482454615
767759,2026-06-06T07:35:00-07:00,767759_1780756500_H30,0.008755162336846,0.6253433227539062,0,0.4002298716176998
767759,2026-06-06T07:40:00-07:00,767759_1780756800_H30,0.0072595080433384,1.2963409423828125,0,0.39863435958881327
767759,2026-06-06T07:45:00-07:00,767759_1780757100_H30,0.0053069579849519,0.488525390625,1,0.3965546871389981
767759,2026-06-14T23:30:00-07:00,767759_1781505000_H30,0.0007415894690748,0.0,1,0.3917067714750196
767759,2026-06-14T23:35:00-07:00,767759_1781505300_H30,0.0009936362394955,3.5994873046875,0,0.39197387037239473
767759,2026-06-14T23:40:00-07:00,767759_1781505600_H30,0.0017032669102561,2.9318771362304688,0,0.3927262268733271
767759,2026-06-14T23:45:00-07:00,767759_1781505900_H30,0.001009774772136,3.128387451171875,0,0.391990974896554
767759,2026-06-14T23:50:00-07:00,767759_1781506200_H30,0.0060515093750283,2.841583251953125,0,0.39734727658813235
767759,2026-06-14T23:55:00-07:00,767759_1781506500_H30,0.0052019551751752,1.5758209228515625,0,0.39644295318550565
767759,2026-06-17T11:15:00-07:00,767759_1781720100_H30,0.000691564496984,0.8138999938964844,0,0.3916537667389105
767760,2026-06-06T07:20:00-07:00,767760_1780755600_H30,0.0060253011626795,6.667243957519531,0,0.3973193682618739
767760,2026-06-06T07:25:00-07:00,767760_1780755900_H30,0.0081812743304007,8.071731567382812,0,0.39961741560422687
767760,2026-06-06T07:30:00-07:00,767760_1780756200_H30,0.0016905736513514,6.452655792236328,0,0.3927127648864289
767760,2026-06-06T07:35:00-07:00,767760_1780756500_H30,0.0065873092154801,6.202682495117188,0,0.39791797964655745
767760,2026-06-06T07:40:00-07:00,767760_1780756800_H30,0.0025741273106374,5.27426528930664,0,0.3936502165407834
767760,2026-06-06T07:45:00-07:00,767760_1780757100_H30,0.0022408207942718,6.5666351318359375,0,0.3932964854627005
767760,2026-06-14T23:30:00-07:00,767760_1781505000_H30,0.0058279147987682,0.4889984130859375,1,0.3971091990123452
767760,2026-06-14T23:35:00-07:00,767760_1781505300_H30,0.0058279147987682,1.3909263610839844,0,0.3971091990123452
767760,2026-06-14T23:40:00-07:00,767760_1781505600_H30,0.0036325641062519,0.69403076171875,0,0.3947742507344143
767760,2026-06-14T23:45:00-07:00,767760_1781505900_H30,0.0058279147987682,0.0,1,0.3971091990123452
767760,2026-06-14T23:50:00-07:00,767760_1781506200_H30,0.0048037730648152,0.0166549682617187,1,0.3960193441120483
767760,2026-06-14T23:55:00-07:00,767760_1781506500_H30,0.0054148896313424,0.1124420166015625,1,0.39666954893094214
767760,2026-06-17T11:15:00-07:00,767760_1781720100_H30,0.0002235007564441,0.0,1,0.3911579464805969
767810,2026-06-06T07:20:00-07:00,767810_1780755600_H30,5.350456326518732e-05,3.265911102294922,0,0.3909779249429908
767810,2026-06-06T07:25:00-07:00,767810_1780755900_H30,0.0195601987019956,0.0,1,0.4118173202242838
767810,2026-06-06T07:30:00-07:00,767810_1780756200_H30,0.0186574889823,4.399860382080078,0,0.4108453009206774
767810,2026-06-06T07:35:00-07:00,767810_1780756500_H30,0.0119344626574583,6.406818389892578,0,0.4036284391416659
767810,2026-06-06T07:40:00-07:00,767810_1780756800_H30,0.0110080273345873,4.188915252685547,0,0.4026371393753092
767810,2026-06-06T07:45:00-07:00,767810_1780757100_H30,0.0186623440277045,7.250522613525391,0,0.41085052688001616
767810,2026-06-17T11:15:00-07:00,767810_1781720100_H30,0.0615949142133217,1.860668182373047,0,0.4577185686346202
767811,2026-06-06T07:20:00-07:00,767811_1780755600_H30,4.128284092352885e-08,0.2884750366210937,1,0.3909213148535999
767811,2026-06-06T07:25:00-07:00,767811_1780755900_H30,4.128284092352885e-08,0.39483642578125,1,0.3909213148535999
767811,2026-06-06T07:30:00-07:00,767811_1780756200_H30,4.128284092352885e-08,0.8621673583984376,0,0.3909213148535999
767811,2026-06-06T07:35:00-07:00,767811_1780756500_H30,0.0002589515477122,1.396942138671875,0,0.39119549167941486
767811,2026-06-06T07:40:00-07:00,767811_1780756800_H30,4.128284092352885e-08,1.950958251953125,0,0.3909213148535999
767811,2026-06-06T07:45:00-07:00,767811_1780757100_H30,4.128284092352885e-08,1.7482795715332031,0,0.3909213148535999
767811,2026-06-17T11:15:00-07:00,767811_1781720100_H30,0.0034116778896309,6.130275726318359,0,0.3945395825926587
768328,2026-06-06T07:20:00-07:00,768328_1780755600_H30,0.0251289058834645,1.1967353820800783,0,0.4178285403244861
768328,2026-06-06T07:25:00-07:00,768328_1780755900_H30,0.0145320696546776,0.671478271484375,0,0.40641209318712557
768328,2026-06-06T07:30:00-07:00,768328_1780756200_H30,0.0208341011426348,0.6389884948730473,0,0.41319020181183186
768328,2026-06-06T07:35:00-07:00,768328_1780756500_H30,0.0211731042506215,0.6869621276855469,0,0.41355577306094987
768328,2026-06-06T07:40:00-07:00,768328_1780756800_H30,0.009809514742648,0.0,1,0.40135589331589394
768328,2026-06-06T07:45:00-07:00,768328_1780757100_H30,0.018394074070309,0.0418701171875,1,0.4105617919218628
768328,2026-06-17T11:15:00-07:00,768328_1781720100_H30,0.0163091881280062,2.6539840698242188,0,0.408319974421741
768339,2026-06-06T07:20:00-07:00,768339_1780755600_H30,0.0176177091161996,0.3491287231445312,1,0.4097265496843989
768339,2026-06-06T07:25:00-07:00,768339_1780755900_H30,0.0466723641426504,0.0,1,0.4412992621695075
768339,2026-06-06T07:30:00-07:00,768339_1780756200_H30,0.0077236568191421,0.0,1,0.39912926875115734
768339,2026-06-06T07:35:00-07:00,768339_1780756500_H30,0.0251135413629706,0.84857177734375,0,0.4178119203707825
768339,2026-06-06T07:40:00-07:00,768339_1780756800_H30,0.0256933151354163,0.0,1,0.41843919644276695
768339,2026-06-06T07:45:00-07:00,768339_1780757100_H30,0.0224317093215037,0.0578231811523436,1,0.4149138474044011
768339,2026-06-17T11:15:00-07:00,768339_1781720100_H30,0.01079590426699,1.3759384155273438,0,0.40241027606948804
768349,2026-06-06T07:20:00-07:00,768349_1780755600_H30,0.0234965495099336,1.2364616394042969,0,0.41606385474348456
768349,2026-06-06T07:25:00-07:00,768349_1780755900_H30,0.0423907065805565,1.584259033203125,0,0.43661015280674575
768349,2026-06-06T07:30:00-07:00,768349_1780756200_H30,0.0217179097079945,1.0593643188476562,0,0.41414347514253125
768349,2026-06-06T07:35:00-07:00,768349_1780756500_H30,0.0298295344163447,1.5561408996582031,0,0.4229218484149357
768349,2026-06-06T07:40:00-07:00,768349_1780756800_H30,0.0150408294816985,0.5607032775878906,0,0.40695800247467717
768349,2026-06-06T07:45:00-07:00,768349_1780757100_H30,0.0220666179506026,0.407917022705078,1,0.4145197682555855
768349,2026-06-17T11:15:00-07:00,768349_1781720100_H30,0.0132130926673234,1.398090362548828,0,0.40499788440092405
768349,2026-06-24T14:50:00-07:00,768349_1782337800_H30,0.0232846999190759,10.16277313232422,0,0.4158349879271043
768779,2026-06-06T07:20:00-07:00,768779_1780755600_H30,0.0,2.9984092712402344,0,0.39092127114201597
768779,2026-06-06T07:25:00-07:00,768779_1780755900_H30,0.0,3.200302124023438,0,0.39092127114201597
768779,2026-06-06T07:30:00-07:00,768779_1780756200_H30,0.0019450600726296,2.096038818359375,0,0.39298269460186736
768779,2026-06-06T07:35:00-07:00,768779_1780756500_H30,0.0041961347101652,0.0,1,0.39537320420942224
768779,2026-06-06T07:40:00-07:00,768779_1780756800_H30,0.0042846078696073,0.0,1,0.39546726058856924
768779,2026-06-06T07:45:00-07:00,768779_1780757100_H30,0.006132890089232,2.7587966918945312,0,0.39743394068493315
768779,2026-06-17T11:15:00-07:00,768779_1781720100_H30,0.0366813666689694,1.3168334960937498,0,0.4303752271532986
769788,2026-06-06T07:20:00-07:00,769788_1780755600_H30,0.002018496372405,0.3824615478515627,1,0.3930605994855823
769788,2026-06-06T07:25:00-07:00,769788_1780755900_H30,0.0095788268453948,0.2351684570312495,1,0.4011094350397978
769788,2026-06-06T07:30:00-07:00,769788_1780756200_H30,0.0146122002461629,0.2747573852539062,1,0.4064980595828783
769788,2026-06-06T07:35:00-07:00,769788_1780756500_H30,0.014483779703537,0.2920150756835937,1,0.4063602891116361
769788,2026-06-06T07:40:00-07:00,769788_1780756800_H30,0.0143086386669479,1.160858154296875,0,0.4061724203158613
769788,2026-06-06T07:45:00-07:00,769788_1780757100_H30,0.0143762443598158,1.31402587890625,0,0.4062449357640033
769788,2026-06-17T11:15:00-07:00,769788_1781720100_H30,0.0058313369025329,1.018184661865234,0,0.3971128424109157
769847,2026-06-06T07:20:00-07:00,769847_1780755600_H30,0.0018742883051592,1.03948974609375,0,0.3929076215390305
769847,2026-06-06T07:25:00-07:00,769847_1780755900_H30,0.00450360665294,0.0,1,0.3957001128542857
769847,2026-06-06T07:30:00-07:00,769847_1780756200_H30,0.0171719714906489,0.0,1,0.4092472435041867
769847,2026-06-06T07:35:00-07:00,769847_1780756500_H30,0.021041190709528,0.0,1,0.41341350992699244
769847,2026-06-06T07:40:00-07:00,769847_1780756800_H30,0.0212322175486644,0.0,1,0.41361952891743936
769847,2026-06-06T07:45:00-07:00,769847_1780757100_H30,0.0156818516490269,0.0,1,0.4076461589851905
769847,2026-06-17T11:15:00-07:00,769847_1781720100_H30,0.1041352998284831,2.5955467224121094,0,0.5049111503086368
769866,2026-06-11T23:30:00-07:00,769866_1781245800_H30,0.0989885725830281,0.0,1,0.4991894732230836
769866,2026-06-11T23:35:00-07:00,769866_1781246100_H30,0.1218367686696564,0.0697402954101563,1,0.524570976825091
769866,2026-06-11T23:40:00-07:00,769866_1781246400_H30,0.0078925188892906,0.0,1,0.39930937294966135
769866,2026-06-11T23:45:00-07:00,769866_1781246700_H30,0.1062823624644255,1.628173828125,0,0.5072977708954944
769866,2026-06-11T23:50:00-07:00,769866_1781247000_H30,0.007552350017008,1.589630126953125,0,0.39894658493861457
769866,2026-06-11T23:55:00-07:00,769866_1781247300_H30,0.0499186057916069,0.0,1,0.4448614609046194
769866,2026-06-13T23:30:00-07:00,769866_1781418600_H30,0.1372793245477269,0.168212890625,1,0.541662108645857
769866,2026-06-13T23:35:00-07:00,769866_1781418900_H30,0.069159633022123,0.1315078735351562,1,0.4660795532820735
769866,2026-06-13T23:40:00-07:00,769866_1781419200_H30,0.1018760028922585,0.0,1,0.5023995332665399
769866,2026-06-13T23:45:00-07:00,769866_1781419500_H30,0.0645468976989272,0.0,1,0.4609787089513924
769866,2026-06-13T23:50:00-07:00,769866_1781419800_H30,0.0933211589826638,0.4429855346679687,1,0.49288924703098735
769866,2026-06-13T23:55:00-07:00,769866_1781420100_H30,0.0474005233458182,0.0,1,0.4420977810556067
769866,2026-06-23T23:30:00-07:00,769866_1782282600_H30,0.0716228732587836,1.0893707275390625,0,0.4688064246509436
769866,2026-06-23T23:35:00-07:00,769866_1782282900_H30,0.003864071366164,0.0,1,0.3950202546759668
769866,2026-06-23T23:40:00-07:00,769866_1782283200_H30,0.0219775826902706,0.8469085693359384,0,0.41442368028164694
769866,2026-06-23T23:45:00-07:00,769866_1782283500_H30,0.0709976283912117,0.8809051513671879,0,0.46811407929552773
769866,2026-06-23T23:50:00-07:00,769866_1782283800_H30,0.0517664151363619,0.4806747436523437,1,0.4468916753629473
769866,2026-06-23T23:55:00-07:00,769866_1782284100_H30,0.0929838530093514,2.969860076904296,0,0.49251432953628826
769867,2026-06-11T23:30:00-07:00,769867_1781245800_H30,0.0040476402351576,0.312164306640625,1,0.3952153561953823
769867,2026-06-11T23:35:00-07:00,769867_1781246100_H30,0.063372686596757,3.120269775390625,0,0.4596815066034811
769867,2026-06-11T23:40:00-07:00,769867_1781246400_H30,0.0711837155540231,3.137191772460937,0,0.4683201243864251
769867,2026-06-11T23:45:00-07:00,769867_1781246700_H30,0.1159243689295271,3.116218566894531,0,0.5180099232277453
769867,2026-06-11T23:50:00-07:00,769867_1781247000_H30,0.0740333630917626,3.3867416381835938,0,0.4714767057330363
769867,2026-06-11T23:55:00-07:00,769867_1781247300_H30,0.0380448651944091,1.1607589721679688,0,0.4318623165678466
769867,2026-06-13T23:30:00-07:00,769867_1781418600_H30,0.1117903354601459,0.1649093627929687,1,0.513418514348346
769867,2026-06-13T23:35:00-07:00,769867_1781418900_H30,0.0957537723011038,1.0280609130859375,0,0.49559332145608703
769867,2026-06-13T23:40:00-07:00,769867_1781419200_H30,0.0053655242035923,0.9982681274414058,0,0.39661701240103664
769867,2026-06-13T23:45:00-07:00,769867_1781419500_H30,0.20720328146393,1.0315628051757812,0,0.6172720628907759
769867,2026-06-13T23:50:00-07:00,769867_1781419800_H30,0.1049653037488061,0.6893463134765625,0,0.5058337941979637
769867,2026-06-13T23:55:00-07:00,769867_1781420100_H30,0.0680537481686013,0.0,1,0.4648559590470171
769867,2026-06-23T23:30:00-07:00,769867_1782282600_H30,0.0074931020032796,1.289337158203125,0,0.3988834086258103
769867,2026-06-23T23:35:00-07:00,769867_1782282900_H30,0.0459912409208679,0.0,1,0.4405525988531409
769867,2026-06-23T23:40:00-07:00,769867_1782283200_H30,0.0731047222743135,0.0,1,0.4704477786542488
769867,2026-06-23T23:45:00-07:00,769867_1782283500_H30,0.0307548801210606,0.0166549682617187,1,0.42392646454767235
769867,2026-06-23T23:50:00-07:00,769867_1782283800_H30,0.0504634182040846,0.0060882568359375,1,0.44545986586908837
769867,2026-06-23T23:55:00-07:00,769867_1782284100_H30,0.0037711048961266,0.0,1,0.3949214603709318
769880,2026-06-06T07:20:00-07:00,769880_1780755600_H30,0.0185325165036617,3.6999664306640634,0,0.4107107877687776
769880,2026-06-06T07:25:00-07:00,769880_1780755900_H30,0.0118929689315638,0.6892166137695312,0,0.40358402332848026
769880,2026-06-06T07:30:00-07:00,769880_1780756200_H30,0.0182224791152018,0.5604171752929688,0,0.41037713912326307
769880,2026-06-06T07:35:00-07:00,769880_1780756500_H30,0.0032923753516487,3.396331787109375,0,0.39441285653177904
769880,2026-06-06T07:40:00-07:00,769880_1780756800_H30,0.0003386658801143,0.0,1,0.39127992018170826
769880,2026-06-06T07:45:00-07:00,769880_1780757100_H30,0.0145690340820902,0.0,1,0.40645174897245095
769880,2026-06-17T11:15:00-07:00,769880_1781720100_H30,0.0185622423866204,1.776596069335938,0,0.41074278178160045
769880,2026-06-19T23:30:00-07:00,769880_1781937000_H30,0.0861014998455162,0.5916824340820312,0,0.484866988543645
769880,2026-06-19T23:35:00-07:00,769880_1781937300_H30,0.0317896358287031,0.0,1,0.4250506081561827
769880,2026-06-19T23:40:00-07:00,769880_1781937600_H30,0.0501509040855245,1.73590087890625,0,0.4451165906560462
769880,2026-06-19T23:45:00-07:00,769880_1781937900_H30,0.0513321992873889,1.4560699462890625,0,0.44641443442969875
769880,2026-06-19T23:50:00-07:00,769880_1781938200_H30,0.0155000487525922,0.3837966918945312,1,0.4074509511987463
769880,2026-06-19T23:55:00-07:00,769880_1781938500_H30,0.0410944109997814,0.0,1,0.4351926914093688
769895,2026-06-03T17:30:00-07:00,769895_1780533000_H30,0.0597963280116321,1.6779708862304688,0,0.4557339841654877
769895,2026-06-03T17:35:00-07:00,769895_1780533300_H30,0.007931117174571,0.0,1,0.399350544773045
769895,2026-06-03T17:40:00-07:00,769895_1780533600_H30,0.0248529875252315,0.0,1,0.4175301051599925
769895,2026-06-03T17:45:00-07:00,769895_1780533900_H30,0.0736045959252127,1.1218338012695312,0,0.47100160426855114
769895,2026-06-03T17:50:00-07:00,769895_1780534200_H30,0.1027968721546339,0.0,1,0.5034232677526518
769895,2026-06-03T17:55:00-07:00,769895_1780534500_H30,0.0024046718288057,0.0,1,0.3934703631025127
769895,2026-06-04T23:30:00-07:00,769895_1780641000_H30,0.0200419021090397,0.0,1,0.4123362907119963
769895,2026-06-04T23:35:00-07:00,769895_1780641300_H30,0.001613499538402,0.317413330078125,1,0.3926310265195629
769895,2026-06-04T23:40:00-07:00,769895_1780641600_H30,0.022034981868267,0.6293182373046875,0,0.4144856254518909
769895,2026-06-04T23:45:00-07:00,769895_1780641900_H30,0.0564517670344595,0.0,1,0.45204733220029475
769895,2026-06-04T23:50:00-07:00,769895_1780642200_H30,0.0550904852474041,2.587615966796875,0,0.45054829697607496
769895,2026-06-04T23:55:00-07:00,769895_1780642500_H30,0.0149180057012298,1.2469406127929688,0,0.4068261890488485
769895,2026-06-06T07:20:00-07:00,769895_1780755600_H30,0.0007735603542769,4.257904052734375,0,0.3917406480607158
769895,2026-06-06T07:25:00-07:00,769895_1780755900_H30,0.0037152893098741,0.0,1,0.39486214996855074
769895,2026-06-06T07:30:00-07:00,769895_1780756200_H30,0.00761137250115,0.0,1,0.3990095241136693
769895,2026-06-06T07:35:00-07:00,769895_1780756500_H30,0.0026429142302792,2.472076416015625,0,0.39372323252319696
769895,2026-06-06T07:40:00-07:00,769895_1780756800_H30,0.0009178916549013,1.5519142150878906,0,0.3918935955475296
769895,2026-06-06T07:45:00-07:00,769895_1780757100_H30,0.0019056054429421,2.752269744873047,0,0.3929408414143505
769895,2026-06-12T23:30:00-07:00,769895_1781332200_H30,0.0538213343718968,0.2377700805664062,1,0.4491515234091617
769895,2026-06-12T23:35:00-07:00,769895_1781332500_H30,0.0730787657928781,0.0,1,0.4704190226340631
769895,2026-06-12T23:40:00-07:00,769895_1781332800_H30,0.0404881462256599,0.6115112304687504,0,0.4345301205624059
769895,2026-06-12T23:45:00-07:00,769895_1781333100_H30,0.0202208075492686,1.3070678710937502,0,0.4125290869125575
769895,2026-06-12T23:50:00-07:00,769895_1781333400_H30,0.059066008945661,1.2921676635742183,0,0.4549285376938065
769895,2026-06-12T23:55:00-07:00,769895_1781333700_H30,0.0963769328583666,0.3281173706054688,1,0.49628606977504364
769895,2026-06-17T11:15:00-07:00,769895_1781720100_H30,0.064878432687758,0.0,1,0.4613450666208333
769926,2026-06-06T07:20:00-07:00,769926_1780755600_H30,0.0025213137610779,4.309730529785156,0,0.3935941592049477
769926,2026-06-06T07:25:00-07:00,769926_1780755900_H30,0.002510941717076,0.0,1,0.3935831504434153
769926,2026-06-06T07:30:00-07:00,769926_1780756200_H30,0.0217000902925987,0.0,1,0.41412424879376375
769926,2026-06-06T07:35:00-07:00,769926_1780756500_H30,0.0153879788954481,0.0,1,0.40733063263352487
769926,2026-06-06T07:40:00-07:00,769926_1780756800_H30,0.0223653351224666,0.0,1,0.41484219506790243
769926,2026-06-06T07:45:00-07:00,769926_1780757100_H30,0.0281731936313278,0.0,1,0.421125211917497
769926,2026-06-17T11:15:00-07:00,769926_1781720100_H30,0.0019303282123756,0.7177085876464844,0,0.39296706696652317
769965,2026-06-03T17:30:00-07:00,769965_1780533000_H30,0.0400218940597857,11.538362503051756,0,0.4340207247807797
769965,2026-06-03T17:35:00-07:00,769965_1780533300_H30,0.0307993076425338,8.319944381713865,0,0.42397471387795777
769965,2026-06-03T17:40:00-07:00,769965_1780533600_H30,0.0099026561175247,5.342498779296875,0,0.40145541620234476
769965,2026-06-03T17:45:00-07:00,769965_1780533900_H30,0.0172117181360554,12.122711181640623,0,0.4092899764852046
769965,2026-06-03T17:50:00-07:00,769965_1780534200_H30,0.0169484243468155,1.45452880859375,0,0.40900692586193216
769965,2026-06-03T17:55:00-07:00,769965_1780534500_H30,0.0164468309252196,6.71099853515625,0,0.40846786128808454
769965,2026-06-04T23:30:00-07:00,769965_1780641000_H30,0.0537643971931783,0.1816482543945312,1,0.4490888793913574
769965,2026-06-04T23:35:00-07:00,769965_1780641300_H30,0.0929535895959687,0.618354797363281,0,0.4924806919866948
769965,2026-06-04T23:40:00-07:00,769965_1780641600_H30,0.0346270451245427,1.47161865234375,0,0.4281370749769894
769965,2026-06-04T23:45:00-07:00,769965_1780641900_H30,0.0495258046889857,0.6594085693359379,0,0.44443011950084493
769965,2026-06-04T23:50:00-07:00,769965_1780642200_H30,0.0124406651832693,0.5646667480468754,0,0.4041704166426733
769965,2026-06-04T23:55:00-07:00,769965_1780642500_H30,0.0722564923305852,1.7441024780273438,0,0.4695081654386718
769965,2026-06-06T07:20:00-07:00,769965_1780755600_H30,0.0488163191721741,0.6333770751953125,0,0.4436512343235789
769965,2026-06-06T07:25:00-07:00,769965_1780755900_H30,0.0503601576410479,0.4885025024414062,1,0.4453464354872174
769965,2026-06-06T07:30:00-07:00,769965_1780756200_H30,0.0432702293599218,0.0,1,0.4375724767646633
769965,2026-06-06T07:35:00-07:00,769965_1780756500_H30,0.0266415016721902,0.5698776245117188,0,0.41946563801889813
769965,2026-06-06T07:40:00-07:00,769965_1780756800_H30,0.0007848411515303,0.6232757568359375,0,0.39175260152557867
769965,2026-06-06T07:45:00-07:00,769965_1780757100_H30,0.0217361953255784,0.2547378540039062,1,0.4141632047744876
769965,2026-06-12T23:30:00-07:00,769965_1781332200_H30,0.0061980327966497,0.289520263671875,1,0.39750331721086035
769965,2026-06-12T23:35:00-07:00,769965_1781332500_H30,0.0807728546975091,0.6934356689453125,0,0.47895073196142324
769965,2026-06-12T23:40:00-07:00,769965_1781332800_H30,0.0285529006350414,0.4398269653320312,1,0.42153689825221624
769965,2026-06-12T23:45:00-07:00,769965_1781333100_H30,0.0979447508071537,0.4359207153320313,1,0.4980290216249158
769965,2026-06-12T23:50:00-07:00,769965_1781333400_H30,0.0325936150156625,0.8827590942382817,0,0.4259245755291516
769965,2026-06-12T23:55:00-07:00,769965_1781333700_H30,0.0433625678973232,0.6133804321289062,0,0.43767353574343765
769965,2026-06-17T11:15:00-07:00,769965_1781720100_H30,0.0343875976667706,0.2582435607910156,1,0.4278763900253541
770061,2026-06-06T07:20:00-07:00,770061_1780755600_H30,0.003786901703483,0.3122787475585937,1,0.39493824683543577
770061,2026-06-06T07:25:00-07:00,770061_1780755900_H30,0.0086101454446794,0.0,1,0.4000750793748981
770061,2026-06-06T07:30:00-07:00,770061_1780756200_H30,0.0034198243033657,0.8828887939453125,0,0.39454823642911513
770061,2026-06-06T07:35:00-07:00,770061_1780756500_H30,0.0075734597095818,0.6632766723632812,0,0.39896909507226586
770061,2026-06-06T07:40:00-07:00,770061_1780756800_H30,0.0053361621159387,1.229034423828125,0,0.39658576530284423
770061,2026-06-06T07:45:00-07:00,770061_1780757100_H30,0.0038457363535575,0.9197998046875,0,0.3950007696082563
770061,2026-06-17T11:15:00-07:00,770061_1781720100_H30,0.0012014515332628,0.9728279113769532,0,0.3921941449708995
770089,2026-06-06T07:20:00-07:00,770089_1780755600_H30,0.007700984540622,0.6399154663085938,0,0.39910508912389797
770089,2026-06-06T07:25:00-07:00,770089_1780755900_H30,0.005732191186351,1.0729598999023438,0,0.39700728993219625
770089,2026-06-06T07:30:00-07:00,770089_1780756200_H30,0.0122556292388515,1.3814773559570312,0,0.4039722764224102
770089,2026-06-06T07:35:00-07:00,770089_1780756500_H30,0.0044571626132334,0.281768798828125,1,0.3956507268894674
770089,2026-06-06T07:40:00-07:00,770089_1780756800_H30,0.0096376369629078,0.1373214721679688,1,0.40117226081417456
770089,2026-06-06T07:45:00-07:00,770089_1780757100_H30,0.0076548455934067,0.6939239501953125,0,0.3990558841840925
770089,2026-06-17T11:15:00-07:00,770089_1781720100_H30,0.027754383667399,0.0,1,0.42067125651473286
770129,2026-06-06T07:20:00-07:00,770129_1780755600_H30,0.0371847759646374,1.1511917114257812,0,0.4309241219374309
770129,2026-06-06T07:25:00-07:00,770129_1780755900_H30,0.0168773729979505,0.2447128295898438,1,0.4089305533428511
770129,2026-06-06T07:30:00-07:00,770129_1780756200_H30,0.0016479858773295,0.5067825317382812,0,0.3926675991068696
770129,2026-06-06T07:35:00-07:00,770129_1780756500_H30,0.0089190139103225,0.0696334838867187,1,0.40040479212414687
770129,2026-06-06T07:40:00-07:00,770129_1780756800_H30,0.016735870153726,1.4393157958984375,0,0.40877846617828456
770129,2026-06-06T07:45:00-07:00,770129_1780757100_H30,0.0144933311453241,0.0,1,0.4063705354593688
770129,2026-06-17T11:15:00-07:00,770129_1781720100_H30,0.0053429129347617,0.0,1,0.3965929494413808
770141,2026-06-03T13:40:00-07:00,770141_1780519200_H30,0.0689737665876351,0.0367393493652343,1,0.46587387445100903
770141,2026-06-03T13:45:00-07:00,770141_1780519500_H30,0.151565943410582,0.0,1,0.5573879624280578
770141,2026-06-03T13:50:00-07:00,770141_1780519800_H30,0.1390590638549229,0.0,1,0.543626325312367
770141,2026-06-03T13:55:00-07:00,770141_1780520100_H30,0.1669564390136154,0.0877723693847656,1,0.5742002335325895
770141,2026-06-03T14:00:00-07:00,770141_1780520400_H30,0.1756777607716239,0.0044441223144531,1,0.5836541780416
770141,2026-06-03T14:05:00-07:00,770141_1780520700_H30,0.0919371538498737,1.0387496948242188,0,0.4913509729884802
770141,2026-06-13T23:30:00-07:00,770141_1781418600_H30,0.1232814868056406,0.3540878295898438,1,0.5261729943125253
770141,2026-06-13T23:35:00-07:00,770141_1781418900_H30,0.0530864347761672,0.3514480590820312,1,0.44834308914390164
770141,2026-06-13T23:40:00-07:00,770141_1781419200_H30,0.0805095925560422,0.2162017822265625,1,0.47865857817855323
770141,2026-06-13T23:45:00-07:00,770141_1781419500_H30,0.1668057137427624,0.1987075805664062,1,0.5740363479818803
770141,2026-06-13T23:50:00-07:00,770141_1781419800_H30,0.0817309280457064,0.4085311889648437,1,0.48001406891704224
770141,2026-06-13T23:55:00-07:00,770141_1781420100_H30,0.0440242234849657,1.1589736938476562,0,0.4383978288589365
770141,2026-06-20T23:30:00-07:00,770141_1782023400_H30,0.1188900246100803,0.2165451049804687,1,0.521301861585404
770141,2026-06-20T23:35:00-07:00,770141_1782023700_H30,0.1049476953124709,0.3154983520507811,1,0.5058142208058143
770141,2026-06-20T23:40:00-07:00,770141_1782024000_H30,0.1194056916069645,0.3183212280273433,1,0.5218740817680528
770141,2026-06-20T23:45:00-07:00,770141_1782024300_H30,0.0679562786278696,0.2816238403320312,1,0.4647481350025103
770141,2026-06-20T23:50:00-07:00,770141_1782024600_H30,0.1116386685119482,0.2432708740234366,1,0.5132500196686152
770141,2026-06-20T23:55:00-07:00,770141_1782024900_H30,0.1085496146135247,0.9356460571289062,0,0.5098176278944729
770141,2026-06-26T23:30:00-07:00,770141_1782541800_H30,0.1768244919375051,0.0,1,0.5848928305371961
770141,2026-06-26T23:35:00-07:00,770141_1782542100_H30,0.1388364630347966,0.4742660522460937,1,0.5433807239513798
770141,2026-06-26T23:40:00-07:00,770141_1782542400_H30,0.140647749899765,0.9420928955078124,0,0.5453785416649659
770141,2026-06-26T23:45:00-07:00,770141_1782542700_H30,0.0194448031444123,0.935211181640625,0,0.4116930261303689
770141,2026-06-26T23:50:00-07:00,770141_1782543000_H30,0.0919002009493605,1.5023574829101562,0,0.49130990322728524
770141,2026-06-26T23:55:00-07:00,770141_1782543300_H30,0.1035246975730639,0.9108734130859376,0,0.5042323746491383
770187,2026-06-06T07:20:00-07:00,770187_1780755600_H30,0.000506867061054,0.0,1,0.3914580898424175
770187,2026-06-06T07:25:00-07:00,770187_1780755900_H30,7.514535927220789e-05,0.5488662719726562,0,0.39100084033463267
770187,2026-06-06T07:30:00-07:00,770187_1780756200_H30,0.0003514390244501,0.1178512573242187,1,0.39129344931312665
770187,2026-06-06T07:35:00-07:00,770187_1780756500_H30,0.0031034437433213,0.81939697265625,0,0.3942121978267879
770187,2026-06-06T07:40:00-07:00,770187_1780756800_H30,0.0024763332632659,1.0290145874023438,0,0.3935464182328306
770187,2026-06-06T07:45:00-07:00,770187_1780757100_H30,0.0033142504799162,2.90594482421875,0,0.39443609176322775
770187,2026-06-17T11:15:00-07:00,770187_1781720100_H30,0.0500419993172433,0.0,1,0.44499697856304776
770187,2026-06-23T23:30:00-07:00,770187_1782282600_H30,0.0435100614949082,0.59771728515625,0,0.4378349693473996
770187,2026-06-23T23:35:00-07:00,770187_1782282900_H30,0.0008936781598678,2.482040405273437,0,0.39186793509013684
770187,2026-06-23T23:40:00-07:00,770187_1782283200_H30,0.0093377753557479,2.235458374023437,0,0.40085195811327
770187,2026-06-23T23:45:00-07:00,770187_1782283500_H30,0.0035186433559759,1.4425811767578125,0,0.394653215973692
770187,2026-06-23T23:50:00-07:00,770187_1782283800_H30,0.023199421412666,0.782806396484375,0,0.4157428695002677
770187,2026-06-23T23:55:00-07:00,770187_1782284100_H30,0.0002131187993898,0.987030029296875,0,0.39114695140879563
770275,2026-06-06T07:20:00-07:00,770275_1780755600_H30,0.0022232494447298,0.0,1,0.39327784046656195
770275,2026-06-06T07:25:00-07:00,770275_1780755900_H30,0.0020531408315733,0.6507339477539062,0,0.3930973539423724
770275,2026-06-06T07:30:00-07:00,770275_1780756200_H30,0.0041848380313173,0.2468490600585938,1,0.39536119519553925
770275,2026-06-06T07:35:00-07:00,770275_1780756500_H30,0.0068215422669106,0.9376449584960942,0,0.3981675584879277
770275,2026-06-06T07:40:00-07:00,770275_1780756800_H30,0.0074763216496182,0.0,1,0.3988655163021926
770275,2026-06-06T07:45:00-07:00,770275_1780757100_H30,0.0082647826568542,0.8512420654296875,0,0.39970651662563417
770275,2026-06-17T11:15:00-07:00,770275_1781720100_H30,0.0027178372309826,3.680473327636719,0,0.3938027672383698
773890,2026-06-06T07:20:00-07:00,773890_1780755600_H30,0.0005555764340578,0.0,1,0.3915096913914574
773890,2026-06-06T07:25:00-07:00,773890_1780755900_H30,0.0101539482738849,0.0,1,0.4017239659616395
773890,2026-06-06T07:30:00-07:00,773890_1780756200_H30,0.0115036176495006,0.0,1,0.40316733007858924
773890,2026-06-06T07:35:00-07:00,773890_1780756500_H30,0.0179189889759899,0.0,1,0.41005061618993527
773890,2026-06-06T07:40:00-07:00,773890_1780756800_H30,0.0141750081182263,0.0,1,0.406029097100035
773890,2026-06-06T07:45:00-07:00,773890_1780757100_H30,0.0080802658257129,0.0,1,0.39950965126506033
773890,2026-06-17T11:15:00-07:00,773890_1781720100_H30,0.0035946137742353,1.3861122131347656,0,0.39473392908346755
773927,2026-06-06T07:20:00-07:00,773927_1780755600_H30,0.0091538362265168,0.0,1,0.4006555220326515
773927,2026-06-06T07:25:00-07:00,773927_1780755900_H30,0.0101049270214831,0.7114181518554688,0,0.4016715735163189
773927,2026-06-06T07:30:00-07:00,773927_1780756200_H30,0.0155524733036389,0.3847427368164063,1,0.40750723817958695
773927,2026-06-06T07:35:00-07:00,773927_1780756500_H30,0.0160371308964756,1.3176040649414058,0,0.40802771816895184
773927,2026-06-06T07:40:00-07:00,773927_1780756800_H30,0.0028470225243779,1.6785736083984375,0,0.39393991745505674
773927,2026-06-06T07:45:00-07:00,773927_1780757100_H30,0.006597620421404,0.0,1,0.39792896527582405
773927,2026-06-17T11:15:00-07:00,773927_1781720100_H30,0.0148686203403233,13.87896728515625,0,0.4067731928844111
774204,2026-06-06T07:20:00-07:00,774204_1780755600_H30,0.0354508513644575,0.0,1,0.42903425159122394
774204,2026-06-06T07:25:00-07:00,774204_1780755900_H30,0.0294267418381547,0.0,1,0.4224847488581987
774204,2026-06-06T07:30:00-07:00,774204_1780756200_H30,0.0132681981900922,0.0,1,0.4050569372321695
774204,2026-06-06T07:35:00-07:00,774204_1780756500_H30,0.0428911757524567,1.2692642211914062,0,0.43715767975205433
774204,2026-06-06T07:40:00-07:00,774204_1780756800_H30,0.0360237332132069,2.223052978515625,0,0.42965843122928715
774204,2026-06-06T07:45:00-07:00,774204_1780757100_H30,0.0345797013137698,1.7756271362304683,0,0.428085528897018
774204,2026-06-17T11:15:00-07:00,774204_1781720100_H30,0.0189575788043562,0.7819175720214846,0,0.4111683546581672
774491,2026-06-06T07:20:00-07:00,774491_1780755600_H30,0.0293535135774765,0.0,1,0.4224052965587232
774491,2026-06-06T07:25:00-07:00,774491_1780755900_H30,0.0063433230167189,2.602825164794922,0,0.39765806511285984
774491,2026-06-06T07:30:00-07:00,774491_1780756200_H30,0.015238228738631,0.0,1,0.4071698777234616
774491,2026-06-06T07:35:00-07:00,774491_1780756500_H30,0.0290497301251459,4.592266082763672,0,0.4220757359418713
774491,2026-06-06T07:40:00-07:00,774491_1780756800_H30,0.0162401186067429,0.0,1,0.40824577065161116
774491,2026-06-06T07:45:00-07:00,774491_1780757100_H30,0.0278711071994905,0.3358650207519531,1,0.42079776173128136
774491,2026-06-17T11:15:00-07:00,774491_1781720100_H30,0.0300171446775603,16.13082504272461,0,0.42312547921608124
774728,2026-06-06T07:20:00-07:00,774728_1780755600_H30,0.0268629826616141,0.8055953979492188,0,0.41970549889449166
774728,2026-06-06T07:25:00-07:00,774728_1780755900_H30,0.0012459139210597,0.1511039733886718,1,0.3922412787484667
774728,2026-06-06T07:30:00-07:00,774728_1780756200_H30,0.0123234575333234,0.1454925537109375,1,0.4040449046958983
774728,2026-06-06T07:35:00-07:00,774728_1780756500_H30,0.0119831477312447,0.8674201965332031,0,0.4036805547486682
774728,2026-06-06T07:40:00-07:00,774728_1780756800_H30,0.0182284864592567,0.7079238891601562,0,0.41038360318124395
774728,2026-06-06T07:45:00-07:00,774728_1780757100_H30,0.0041075049258779,0.8954010009765625,0,0.39527898908515735
774728,2026-06-17T11:15:00-07:00,774728_1781720100_H30,0.0372307522415879,0.0,1,0.4309742608764129
774729,2026-06-06T07:20:00-07:00,774729_1780755600_H30,0.0538617517024143,2.6214523315429688,0,0.44919599276598604
774729,2026-06-06T07:25:00-07:00,774729_1780755900_H30,0.0801588525928118,2.5926437377929683,0,0.478269369055955
774729,2026-06-06T07:30:00-07:00,774729_1780756200_H30,0.0563028093345097,2.1318855285644536,0,0.4518832579880219
774729,2026-06-06T07:35:00-07:00,774729_1780756500_H30,0.0536250920921648,2.556991577148437,0,0.4489356184907262
774729,2026-06-06T07:40:00-07:00,774729_1780756800_H30,0.061256143267327,2.867401123046875,0,0.4573446596492755
774729,2026-06-06T07:45:00-07:00,774729_1780757100_H30,0.0051911772749052,1.9980125427246096,0,0.3964314849855353
774729,2026-06-17T11:15:00-07:00,774729_1781720100_H30,0.0281216658263952,2.455410003662109,0,0.4210693528227685
774877,2026-06-06T07:20:00-07:00,774877_1780755600_H30,0.017851086702159,2.808048248291016,0,0.40997757144718544
774877,2026-06-06T07:25:00-07:00,774877_1780755900_H30,0.0112193247994566,0.9314498901367188,0,0.4028631611405263
774877,2026-06-06T07:30:00-07:00,774877_1780756200_H30,0.0119515766047384,1.768352508544922,0,0.40364675875416106
774877,2026-06-06T07:35:00-07:00,774877_1780756500_H30,0.0011636874731451,0.5922164916992188,0,0.39215411354806495
774877,2026-06-06T07:40:00-07:00,774877_1780756800_H30,0.0037037618995567,0.3664932250976562,1,0.3948499011709125
774877,2026-06-06T07:45:00-07:00,774877_1780757100_H30,0.0080067353343657,0.4826583862304694,1,0.39943120889165745
774877,2026-06-17T11:15:00-07:00,774877_1781720100_H30,0.0059401646470527,0.4814376831054687,1,0.3972287135922395
774878,2026-06-06T07:20:00-07:00,774878_1780755600_H30,0.0041522048021144,0.0314102172851566,1,0.39532650492095706
774878,2026-06-06T07:25:00-07:00,774878_1780755900_H30,0.0133551904730654,0.2379531860351562,1,0.405150166522511
774878,2026-06-06T07:30:00-07:00,774878_1780756200_H30,0.0227390832704358,0.6683120727539065,0,0.4152457108937113
774878,2026-06-06T07:35:00-07:00,774878_1780756500_H30,0.0125519566044618,0.8922576904296876,0,0.4042896047947349
774878,2026-06-06T07:40:00-07:00,774878_1780756800_H30,0.0058258342949742,1.0953369140625,0,0.39710698397563515
774878,2026-06-06T07:45:00-07:00,774878_1780757100_H30,0.0143759550534621,0.0,1,0.40624462543852685
774878,2026-06-17T11:15:00-07:00,774878_1781720100_H30,0.0953272102231584,25.5145320892334,0,0.49511913517957573
775029,2026-06-06T07:20:00-07:00,775029_1780755600_H30,0.0264474236457958,3.5352706909179688,0,0.41925548545129265
775029,2026-06-06T07:25:00-07:00,775029_1780755900_H30,0.008664671341701,0.069732666015625,1,0.40013327843447266
775029,2026-06-06T07:30:00-07:00,775029_1780756200_H30,0.01004698896051,0.0,1,0.4016096539493496
775029,2026-06-06T07:35:00-07:00,775029_1780756500_H30,0.0256678931693514,0.0,1,0.4184116860467772
775029,2026-06-06T07:40:00-07:00,775029_1780756800_H30,0.0380880318671386,0.9686813354492188,0,0.4319094161858246
775029,2026-06-06T07:45:00-07:00,775029_1780757100_H30,0.0269466546493678,0.5612869262695312,0,0.4197961243903593
775029,2026-06-17T11:15:00-07:00,775029_1781720100_H30,0.1366494105492363,11.562503814697262,0,0.5409665878725345
775511,2026-06-06T23:30:00-07:00,775511_1780813800_H30,0.0163412122152031,2.6035232543945312,0,0.4083543804219369
775511,2026-06-06T23:35:00-07:00,775511_1780814100_H30,0.0174062807583835,2.824081420898437,0,0.4094991771903621
775511,2026-06-06T23:40:00-07:00,775511_1780814400_H30,0.0290847399135695,2.9034881591796875,0,0.4221137129103159
775511,2026-06-06T23:45:00-07:00,775511_1780814700_H30,0.0065064173110485,4.356491088867188,0,0.3978318004276323
775511,2026-06-06T23:50:00-07:00,775511_1780815000_H30,0.0138815326907455,4.425910949707031,0,0.40571439113374946
775511,2026-06-06T23:55:00-07:00,775511_1780815300_H30,0.0234980796877636,4.270286560058594,0,0.4160655079675748
775511,2026-06-08T23:30:00-07:00,775511_1780986600_H30,0.0057278951788386,0.0,1,0.3970027165347452
775511,2026-06-08T23:35:00-07:00,775511_1780986900_H30,0.0312821394863703,2.340431213378906,0,0.4244991738717744
775511,2026-06-08T23:40:00-07:00,775511_1780987200_H30,0.0040871026072764,0.731414794921875,0,0.39525730213847615
775511,2026-06-08T23:45:00-07:00,775511_1780987500_H30,0.0110872531393383,0.0,1,0.4027218812030743
775511,2026-06-08T23:50:00-07:00,775511_1780987800_H30,0.0151314385676545,0.0,1,0.4070552519558227
775511,2026-06-08T23:55:00-07:00,775511_1780988100_H30,0.0430672967605392,0.7690200805664062,0,0.43735039744931725
775511,2026-06-10T23:30:00-07:00,775511_1781159400_H30,0.0231959117181887,0.49981689453125,1,0.4157390784303294
775511,2026-06-10T23:35:00-07:00,775511_1781159700_H30,0.0027852962419581,0.2096023559570312,1,0.3938743833504225
775511,2026-06-10T23:40:00-07:00,775511_1781160000_H30,0.0174277511499861,0.28118896484375,1,0.4095222649335613
775511,2026-06-10T23:45:00-07:00,775511_1781160300_H30,0.0023456134036986,0.0349273681640625,1,0.3934076875767314
775511,2026-06-10T23:50:00-07:00,775511_1781160600_H30,0.0055413242830079,0.2054519653320312,1,0.39680411627148093
775511,2026-06-10T23:55:00-07:00,775511_1781160900_H30,0.0177635491682325,0.0347747802734375,1,0.4098834102596432
775511,2026-06-23T23:30:00-07:00,775511_1782282600_H30,0.1101284450123052,0.0,1,0.5115720759833278
775511,2026-06-23T23:35:00-07:00,775511_1782282900_H30,0.1617879526610257,0.0,1,0.5685713984998989
775511,2026-06-23T23:40:00-07:00,775511_1782283200_H30,0.1690825385939515,0.0,1,0.5765102166643733
775511,2026-06-23T23:45:00-07:00,775511_1782283500_H30,0.1370180631668305,1.2322845458984373,0,0.5413736559287173
775511,2026-06-23T23:50:00-07:00,775511_1782283800_H30,0.1670082949690963,1.7292022705078125,0,0.5742566134215468
775511,2026-06-23T23:55:00-07:00,775511_1782284100_H30,0.1722684441135147,1.328155517578125,0,0.5799653857045254
775511,2026-06-26T23:30:00-07:00,775511_1782541800_H30,0.158744534222109,0.2417755126953125,1,0.5652485049322488
775511,2026-06-26T23:35:00-07:00,775511_1782542100_H30,0.2637179965436399,0.4513320922851563,1,0.6746526837142774
775511,2026-06-26T23:40:00-07:00,775511_1782542400_H30,0.1442822524394539,0.087127685546875,1,0.5493828667024535
775511,2026-06-26T23:45:00-07:00,775511_1782542700_H30,0.1265455055099835,0.0,1,0.5297903619410834
775511,2026-06-26T23:50:00-07:00,775511_1782543000_H30,0.1080008230933478,0.0,1,0.5092077339184341
775511,2026-06-26T23:55:00-07:00,775511_1782543300_H30,0.1604880920557833,0.0,1,0.5671529096848783
775536,2026-06-02T23:30:00-07:00,775536_1780468200_H30,0.0044476086829504,0.0066452026367191,1,0.39564056804435227
775536,2026-06-02T23:35:00-07:00,775536_1780468500_H30,0.0053529901366153,0.5050849914550781,0,0.39660367355889853
775536,2026-06-02T23:40:00-07:00,775536_1780468800_H30,0.0016794452753201,0.1420593261718752,1,0.39270096268883525
775536,2026-06-02T23:45:00-07:00,775536_1780469100_H30,0.0014731695809245,0.2504730224609375,1,0.3924822197377582
775536,2026-06-02T23:50:00-07:00,775536_1780469400_H30,0.0011479240478536,0.0,1,0.3921374041120762
775536,2026-06-02T23:55:00-07:00,775536_1780469700_H30,0.0039237495849545,0.3372840881347656,1,0.39508367849269177
775536,2026-06-03T19:05:00-07:00,775536_1780538700_H30,0.0115079302333044,7.484703063964844,0,0.4031719447469902
775536,2026-06-03T19:10:00-07:00,775536_1780539000_H30,0.0107474537419818,5.697055816650391,0,0.40235846461765984
775536,2026-06-03T19:15:00-07:00,775536_1780539300_H30,0.0107072444032659,2.639137268066406,0,0.40231546768380405
775536,2026-06-03T19:20:00-07:00,775536_1780539600_H30,0.0105783962300174,0.3439292907714844,1,0.4021776969671016
775536,2026-06-03T19:25:00-07:00,775536_1780539900_H30,0.0109699646019166,2.98099136352539,0,0.4025964286273923
775536,2026-06-03T19:30:00-07:00,775536_1780540200_H30,0.0092736735396547,0.1432876586914062,1,0.40078349755522164
775536,2026-06-06T23:30:00-07:00,775536_1780813800_H30,0.0075296148468644,3.182025909423829,0,0.39892234196902626
775536,2026-06-06T23:35:00-07:00,775536_1780814100_H30,0.0052975363301059,3.497108459472656,0,0.3965446610734818
775536,2026-06-06T23:40:00-07:00,775536_1780814400_H30,0.00607724037382,0.4046821594238281,1,0.3973746773938878
775536,2026-06-06T23:45:00-07:00,775536_1780814700_H30,0.0076479384963332,0.0,1,0.39904851827688037
775536,2026-06-06T23:50:00-07:00,775536_1780815000_H30,0.0047976870248069,0.0528602600097656,1,0.3960128706406291
775536,2026-06-06T23:55:00-07:00,775536_1780815300_H30,0.010204393442778,0.0,1,0.401777882589915
775536,2026-06-10T23:30:00-07:00,775536_1781159400_H30,0.0074805109417888,1.0635910034179688,0,0.39886998317746436
775536,2026-06-10T23:35:00-07:00,775536_1781159700_H30,0.0089778681441494,0.1909027099609375,1,0.40046762843403705
775536,2026-06-10T23:40:00-07:00,775536_1781160000_H30,0.0054109936934245,0.911861419677734,0,0.39666540264181743
775536,2026-06-10T23:45:00-07:00,775536_1781160300_H30,0.0015497192059199,0.0,1,0.39256339097461895
775536,2026-06-10T23:50:00-07:00,775536_1781160600_H30,0.004444610175856,1.021392822265625,0,0.3956373797029261
775536,2026-06-10T23:55:00-07:00,775536_1781160900_H30,0.0098868727443604,0.0,1,0.40143855087123465
775536,2026-06-17T11:15:00-07:00,775536_1781720100_H30,0.0031538836974766,6.512958526611328,0,0.3942657651313624
775536,2026-06-18T23:30:00-07:00,775536_1781850600_H30,0.0052876226866642,2.1332473754882804,0,0.39653411155154344
775536,2026-06-18T23:35:00-07:00,775536_1781850900_H30,0.0047021314134598,2.227973937988282,0,0.39591123683015444
775536,2026-06-18T23:40:00-07:00,775536_1781851200_H30,0.0016078764818779,1.6486740112304692,0,0.392625063410863
775536,2026-06-18T23:45:00-07:00,775536_1781851500_H30,0.0048495995915222,0.0508804321289062,1,0.3960680890809709
775536,2026-06-18T23:50:00-07:00,775536_1781851800_H30,0.0049905361660747,0.0884857177734375,1,0.39621801407598894
775536,2026-06-18T23:55:00-07:00,775536_1781852100_H30,0.0096903671493076,0.5537300109863281,0,0.40122859427066027
775536,2026-06-22T23:30:00-07:00,775536_1782196200_H30,0.0044827339136853,1.0868492126464844,0,0.3956779177006815
775536,2026-06-22T23:35:00-07:00,775536_1782196500_H30,0.0030449140728212,2.5103302001953125,0,0.39415004241815293
775536,2026-06-22T23:40:00-07:00,775536_1782196800_H30,0.0037637412790456,2.3793029785156268,0,0.39491363551390485
775536,2026-06-22T23:45:00-07:00,775536_1782197100_H30,0.0008725624801033,1.687480926513672,0,0.3918455580565869
775536,2026-06-22T23:50:00-07:00,775536_1782197400_H30,0.0113485627390526,2.738140106201172,0,0.4030014253913497
775536,2026-06-22T23:55:00-07:00,775536_1782197700_H30,0.0066608229751683,1.7109642028808594,0,0.39799630395512453
775536,2026-06-26T23:30:00-07:00,775536_1782541800_H30,0.0040201802381335,0.0,1,0.3951861689090199
775536,2026-06-26T23:35:00-07:00,775536_1782542100_H30,0.0035805479292024,0.0,1,0.394718984700777
775536,2026-06-26T23:40:00-07:00,775536_1782542400_H30,0.0044361970058562,0.7827873229980469,0,0.39562843394574587
775536,2026-06-26T23:45:00-07:00,775536_1782542700_H30,0.0003566897608815,0.4121513366699219,1,0.39129901086636104
775536,2026-06-26T23:50:00-07:00,775536_1782543000_H30,0.0104831101626896,0.3421173095703125,1,0.4020758224141942
775536,2026-06-26T23:55:00-07:00,775536_1782543300_H30,0.0034748028963016,0.3856582641601562,1,0.39460664124984585
775552,2026-06-06T07:20:00-07:00,775552_1780755600_H30,0.0329285303875074,0.1281967163085937,1,0.4262887829549954
775552,2026-06-06T07:25:00-07:00,775552_1780755900_H30,0.0098635812102972,0.2655563354492187,1,0.4014136631173815
775552,2026-06-06T07:30:00-07:00,775552_1780756200_H30,0.0148787611655652,0.6738815307617188,0,0.40678407497761415
775552,2026-06-06T07:35:00-07:00,775552_1780756500_H30,0.0013322721209877,0.9593124389648438,0,0.3923328312613071
775552,2026-06-06T07:40:00-07:00,775552_1780756800_H30,0.0073770774110088,1.31475830078125,0,0.39875970105015524
775552,2026-06-06T07:45:00-07:00,775552_1780757100_H30,0.0227305722962928,0.4066619873046875,1,0.41523652078447043
775552,2026-06-17T11:15:00-07:00,775552_1781720100_H30,0.0216206573925477,0.3806419372558594,1,0.4140385474464823
776465,2026-06-06T07:20:00-07:00,776465_1780755600_H30,0.0092837299986646,1.5353088378906246,0,0.40079423756892657
776465,2026-06-06T07:25:00-07:00,776465_1780755900_H30,0.0001037421497987,0.0,1,0.3910311221510498
776465,2026-06-06T07:30:00-07:00,776465_1780756200_H30,0.0035093407654242,1.0732421875,0,0.3946433330344898
776465,2026-06-06T07:35:00-07:00,776465_1780756500_H30,0.0016143510473237,0.0,1,0.3926319295259499
776465,2026-06-06T07:40:00-07:00,776465_1780756800_H30,0.0100951491307267,0.0,1,0.40166112346838195
776465,2026-06-06T07:45:00-07:00,776465_1780757100_H30,0.0046635214777786,0.802978515625,0,0.39587017350389814
776465,2026-06-17T11:15:00-07:00,776465_1781720100_H30,0.001129772945727,0.0,1,0.39211816402055694
776493,2026-06-06T07:20:00-07:00,776493_1780755600_H30,0.0131483635717195,2.3818588256835938,0,0.40492852215467473
776493,2026-06-06T07:25:00-07:00,776493_1780755900_H30,0.009882227947701,1.0762405395507804,0,0.4014335877159306
776493,2026-06-06T07:30:00-07:00,776493_1780756200_H30,0.0091403215260727,0.6813201904296871,0,0.4006410903923279
776493,2026-06-06T07:35:00-07:00,776493_1780756500_H30,0.0017792242885119,4.774078369140624,0,0.39280678778160005
776493,2026-06-06T07:40:00-07:00,776493_1780756800_H30,0.0034248595105818,0.4832992553710937,1,0.394553585301704
776493,2026-06-06T07:45:00-07:00,776493_1780757100_H30,0.0057207835413396,0.0,1,0.3969951457437782
776493,2026-06-17T11:15:00-07:00,776493_1781720100_H30,0.0020538373469349,8.103172302246094,0,0.3930980928909526
776751,2026-06-06T07:20:00-07:00,776751_1780755600_H30,0.0079956838528008,0.0,1,0.399419419610194
776751,2026-06-06T07:25:00-07:00,776751_1780755900_H30,0.0062815843964188,0.0,1,0.39759230510842125
776751,2026-06-06T07:30:00-07:00,776751_1780756200_H30,0.0086189702350533,0.0,1,0.40008449846016114
776751,2026-06-06T07:35:00-07:00,776751_1780756500_H30,0.0062738392637895,0.7082977294921875,0,0.3975840557526645
776751,2026-06-06T07:40:00-07:00,776751_1780756800_H30,0.0063630983764483,1.243427276611328,0,0.3976791293347071
776751,2026-06-06T07:45:00-07:00,776751_1780757100_H30,0.0063181300020007,0.0,1,0.39763123068872386
776751,2026-06-17T11:15:00-07:00,776751_1781720100_H30,0.0228320922305454,0.741539001464842,0,0.4153461453662087
776752,2026-06-06T07:20:00-07:00,776752_1780755600_H30,0.0021296200671718,0.0,1,0.39317849538047994
776752,2026-06-06T07:25:00-07:00,776752_1780755900_H30,0.0034151907341001,0.0,1,0.39454331423660244
776752,2026-06-06T07:30:00-07:00,776752_1780756200_H30,0.0006501511713735,0.4161148071289027,1,0.3916098885396683
776752,2026-06-06T07:35:00-07:00,776752_1780756500_H30,0.0081787479596822,2.8113937377929688,0,0.3996147201416495
776752,2026-06-06T07:40:00-07:00,776752_1780756800_H30,0.0100079514899941,1.507366180419922,0,0.40156793559226434
776752,2026-06-06T07:45:00-07:00,776752_1780757100_H30,0.0136021239326162,2.908004760742191,0,0.4054148414021921
776752,2026-06-17T11:15:00-07:00,776752_1781720100_H30,0.0089153233199009,10.295049667358398,0,0.4004008519375923
777212,2026-06-06T07:20:00-07:00,777212_1780755600_H30,0.0065782371526166,1.2400741577148438,0,0.39790831429382373
777212,2026-06-06T07:25:00-07:00,777212_1780755900_H30,0.0070191103732134,0.0,1,0.39837811145099183
777212,2026-06-06T07:30:00-07:00,777212_1780756200_H30,0.007549097299297,0.0,1,0.3989431164698722
777212,2026-06-06T07:35:00-07:00,777212_1780756500_H30,0.0046166564548717,0.0,1,0.39582033251034104
777212,2026-06-06T07:40:00-07:00,777212_1780756800_H30,0.0003139196418907,5.465736389160156,0,0.39125370979631025
777212,2026-06-06T07:45:00-07:00,777212_1780757100_H30,0.0021102690240147,4.897880554199219,0,0.39315796413323345
777212,2026-06-17T11:15:00-07:00,777212_1781720100_H30,0.0017115062395221,6.9842071533203125,0,0.39273496527936447
