method,target_station,samples,mean_normalized_regret,mean_raw_regret_mph,near_oracle_hit_rate,development_only
GRU,715938,7,0.5171325513454771,2.6553371974400117,0.2857142857142857,True
GRU,716085,7,0.7905512216781954,2.149797167096819,0.14285714285714285,True
GRU,716088,7,0.5346925288366816,0.9097867693219867,0.2857142857142857,True
GRU,716091,7,0.5605667066566609,0.7905867440359933,0.42857142857142855,True
GRU,716152,7,0.10859532508954449,0.14662878853934153,1.0,True
GRU,716551,7,0.6503364654594807,2.8446557181222096,0.14285714285714285,True
GRU,716554,7,0.4054534046695218,1.0014452253069197,0.42857142857142855,True
GRU,716929,7,0.6155556964099986,2.8360791887555803,0.0,True
GRU,716930,7,0.10025680653505831,0.7491743905203686,0.7142857142857143,True
GRU,716934,7,0.610557451382409,4.183810642787389,0.2857142857142857,True
GRU,716986,7,0.3756342583231455,1.6382293701171875,0.0,True
GRU,717075,7,0.15909773352875822,0.8701438903808594,0.14285714285714285,True
GRU,717077,7,0.5543024718100124,0.8529603140694755,0.42857142857142855,True
GRU,717083,7,0.19734108780713158,1.5370897565569197,0.2857142857142857,True
GRU,717087,7,0.03231939989181045,0.05797685895647321,1.0,True
GRU,717089,13,0.5787319773060081,2.021708268385667,0.23076923076923078,True
GRU,717091,7,0.3161372350029981,0.504453386579241,0.7142857142857143,True
GRU,717093,7,0.16891689746562896,1.6567437308175224,0.2857142857142857,True
GRU,717097,7,0.2604190829071844,1.9894561767578125,0.2857142857142857,True
GRU,717101,7,0.7925316292894496,1.7075609479631697,0.14285714285714285,True
GRU,717108,7,0.7036737984259143,1.8419342041015625,0.14285714285714285,True
GRU,717112,7,0.6812337795011655,1.7946325029645647,0.14285714285714285,True
GRU,717142,7,0.5289095406439256,1.316056387765067,0.2857142857142857,True
GRU,717150,7,0.14285714285714285,1.0537594386509486,0.8571428571428571,True
GRU,717154,7,0.02379654882120393,0.2468686785016741,0.8571428571428571,True
GRU,717160,7,0.8714554672712785,4.226531437465122,0.14285714285714285,True
GRU,717174,7,0.5916965012739549,0.8501238141741071,0.14285714285714285,True
GRU,717176,7,0.4327777088157564,1.6940879821777344,0.2857142857142857,True
GRU,717185,7,0.585397919507126,0.8026444571358817,0.2857142857142857,True
GRU,717187,7,0.15241482600986309,0.6818727765764511,0.5714285714285714,True
GRU,717190,7,0.6851619196148421,1.0258331298828127,0.14285714285714285,True
GRU,717192,7,0.13886644096874717,0.6054785592215401,0.5714285714285714,True
GRU,717195,7,0.7352816163912674,1.035475594656808,0.14285714285714285,True
GRU,717196,1,0.4946358838488631,1.4186515808105469,0.0,True
GRU,717198,7,0.4477960762222824,0.7351897103445868,0.42857142857142855,True
GRU,717200,7,0.1031333167230295,0.34073475428989947,0.5714285714285714,True
GRU,717219,7,0.47043622525491086,2.3402508326939175,0.14285714285714285,True
GRU,717240,7,0.7518532973912381,2.9211485726492747,0.14285714285714285,True
GRU,717241,7,0.33767356288125777,1.024045671735491,0.2857142857142857,True
GRU,717246,7,0.34939944133672307,0.8961868286132812,0.42857142857142855,True
GRU,717247,1,0.7324913828300981,1.0060272216796875,0.0,True
GRU,717249,7,0.16984282010510496,0.6853931971958706,0.42857142857142855,True
GRU,717251,7,0.04797436486209853,0.14453016008649552,0.8571428571428571,True
GRU,717252,7,0.5985420766617532,2.459033966064453,0.2857142857142857,True
GRU,717254,6,0.21085288365590638,0.6150296529134113,0.5,True
GRU,717258,7,0.702847760062208,2.8337696620396207,0.14285714285714285,True
GRU,717373,8,0.6246994034955653,1.0075654983520508,0.125,True
GRU,717374,8,0.4455298293831378,0.5190987586975098,0.625,True
GRU,717434,7,0.4654921781871191,1.8786719185965401,0.2857142857142857,True
GRU,717435,7,0.7960471910954119,1.301625388009207,0.14285714285714285,True
GRU,717436,7,0.2609430018067708,0.6786390032087054,0.42857142857142855,True
GRU,717440,7,0.6184541175513385,1.7518397739955358,0.2857142857142857,True
GRU,717441,8,0.46257119490121124,2.596877098083496,0.5,True
GRU,717472,6,0.8014206940603605,0.9834957122802734,0.16666666666666666,True
GRU,717473,6,0.059139722780291094,0.07804298400878906,1.0,True
GRU,717578,7,0.17966190836819118,1.2206153869628906,0.42857142857142855,True
GRU,717580,7,0.16662854626142853,0.7358927045549664,0.2857142857142857,True
GRU,717582,7,0.43113966436062634,1.3424361092703683,0.2857142857142857,True
GRU,717583,7,0.8630065476340258,4.035972595214844,0.14285714285714285,True
GRU,717637,1,1.0,27.594631195068366,0.0,True
GRU,717638,7,0.2481331586557872,0.607280731201172,0.5714285714285714,True
GRU,717640,7,0.08577558659033645,0.24621309552873885,0.7142857142857143,True
GRU,717646,7,0.6076000031297134,2.289263589041574,0.14285714285714285,True
GRU,717650,7,0.20321992062908162,0.6288811819893974,0.42857142857142855,True
GRU,717654,7,0.6920707271820415,1.3586463928222656,0.14285714285714285,True
GRU,717673,7,0.18792225669686763,1.4113115583147322,0.42857142857142855,True
GRU,717674,13,0.5466207759710303,1.2682377741887019,0.38461538461538464,True
GRU,717790,7,0.3160762751069929,1.8705493382045202,0.14285714285714285,True
GRU,717956,7,0.43479956151321236,0.7632473536900113,0.42857142857142855,True
GRU,717989,7,0.1567556285547973,0.6722624642508374,0.7142857142857143,True
GRU,718130,6,0.6254592939764803,2.9976043701171875,0.16666666666666666,True
GRU,718210,7,0.24667206968620703,0.8127343314034597,0.42857142857142855,True
GRU,718259,14,0.18474640567098705,1.650674819946289,0.7142857142857143,True
GRU,718287,7,0.3001914684665802,0.7951333182198661,0.7142857142857143,True
GRU,718356,7,0.8071012861964958,2.439556121826172,0.0,True
GRU,718364,7,0.5111206430978192,1.442953382219587,0.2857142857142857,True
GRU,718375,7,0.27955357035978834,2.1155744280133932,0.5714285714285714,True
GRU,718496,7,0.13397962542766012,0.3325380597795759,0.7142857142857143,True
GRU,718499,7,0.36638514956653906,0.7841649736676898,0.42857142857142855,True
GRU,737504,7,0.5467494327510914,0.5521714346749441,0.42857142857142855,True
GRU,759566,7,0.614646815617778,2.4149578639439175,0.0,True
GRU,759762,7,0.15184334303241426,0.9536018371582031,0.42857142857142855,True
GRU,759772,1,0.0,0.0,1.0,True
GRU,759783,7,0.6564977389757127,2.6514516557965964,0.0,True
GRU,759980,7,0.4152182730039423,1.6730897086007255,0.2857142857142857,True
GRU,760987,7,0.4315268806329877,0.5994818551199776,0.42857142857142855,True
GRU,761003,7,0.9082380080221851,2.9584524972098216,0.0,True
GRU,761206,7,0.2021369508851068,0.7263668605259487,0.7142857142857143,True
GRU,761356,19,0.32585800922505453,1.2867307161030017,0.5263157894736842,True
GRU,761374,7,0.5064826078630713,2.3613362993512834,0.0,True
GRU,761552,6,0.9672393811789939,2.647433598836263,0.0,True
GRU,761776,7,0.6914640025897111,1.7824843270438058,0.14285714285714285,True
GRU,763479,7,0.7031120009215076,2.8782997131347656,0.14285714285714285,True
GRU,763558,7,0.33219974386025974,0.8814168657575336,0.2857142857142857,True
GRU,763563,7,0.36923810036200416,0.6875392368861607,0.5714285714285714,True
GRU,763573,7,0.0411002630212545,0.1368288312639509,0.8571428571428571,True
GRU,763578,7,0.11385390184603657,2.271074022565569,0.8571428571428571,True
GRU,763583,7,0.16402196780054748,5.184181213378906,0.7142857142857143,True
GRU,763649,7,0.8571428571428571,3.1191019330705916,0.14285714285714285,True
GRU,763683,6,0.5411757050707959,1.4233201344807942,0.3333333333333333,True
GRU,764001,8,0.4014625085118421,0.3021354675292969,0.75,True
GRU,764096,7,0.08316644419280961,0.24970190865652894,0.8571428571428571,True
GRU,764222,7,0.36620891276558964,0.41131482805524555,0.7142857142857143,True
GRU,764276,7,0.7326286449328591,1.0939598083496094,0.14285714285714285,True
GRU,764304,7,0.4138240905209899,0.5803168160574776,0.5714285714285714,True
GRU,764311,7,0.3933202103162189,1.1324402945382255,0.2857142857142857,True
GRU,764578,7,0.2262336878178123,0.6754929678780692,0.5714285714285714,True
GRU,764583,1,1.0,21.769607543945312,0.0,True
GRU,764814,7,0.19281026604578816,0.9880687168666294,0.7142857142857143,True
GRU,764819,8,0.18312882358612328,0.9836125373840332,0.75,True
GRU,764824,7,0.1259991836678949,0.1313552856445312,0.8571428571428571,True
GRU,764839,13,0.014616559390232847,0.031982421875,1.0,True
GRU,764848,7,0.12847430673081514,0.14950997488839285,0.8571428571428571,True
GRU,764915,7,0.43364154800760374,0.9421713692801339,0.5714285714285714,True
GRU,764932,7,0.7093011405281692,1.3646142142159599,0.2857142857142857,True
GRU,765150,7,0.19056504000082744,0.948836190359933,0.7142857142857143,True
GRU,765153,7,0.356077885477426,2.0324516296386714,0.5714285714285714,True
GRU,765456,13,0.1609360248890564,0.47753172654371995,0.6923076923076923,True
GRU,765461,13,0.1573313646898116,0.38076430100661063,0.7692307692307693,True
GRU,765501,48,0.318431646472357,1.6815016269683838,0.3958333333333333,True
GRU,765591,6,0.1545595732759281,0.6297047932942709,0.6666666666666666,True
GRU,766585,1,0.0,0.0,1.0,True
GRU,766642,7,0.11911955560189748,1.8004172188895085,0.7142857142857143,True
GRU,766703,7,0.1806594788534872,0.5291006905691964,0.5714285714285714,True
GRU,766712,24,0.3996451288658996,1.456785519917806,0.25,True
GRU,766721,7,0.7287953867973245,1.5094691685267858,0.2857142857142857,True
GRU,766788,7,0.32664025688903203,5.923282623291016,0.0,True
GRU,766843,13,0.642166022864359,1.616773165189303,0.23076923076923078,True
GRU,767471,7,0.0522777431274503,0.20288085937500006,0.8571428571428571,True
GRU,767542,7,0.7684007377344159,8.732343401227679,0.14285714285714285,True
GRU,767554,7,0.6929514547089772,1.2608784266880584,0.14285714285714285,True
GRU,767678,7,0.3560648009893613,1.1251656668526784,0.2857142857142857,True
GRU,767759,13,0.08321373958387311,0.38985501802884615,0.6923076923076923,True
GRU,767760,13,0.826132562878821,4.922588348388672,0.15384615384615385,True
GRU,767810,7,0.3173172789870932,1.468686240059989,0.5714285714285714,True
GRU,767811,7,0.6637244662186961,1.5097100394112724,0.2857142857142857,True
GRU,768328,7,0.14982097685139475,0.45630918230329254,0.42857142857142855,True
GRU,768339,7,0.1903665953642457,0.4770333426339287,0.5714285714285714,True
GRU,768349,8,0.632286510765398,3.026595115661621,0.125,True
GRU,768779,7,0.09836864757490484,0.1295351300920759,0.8571428571428571,True
GRU,769788,7,0.5077137069091499,0.579977308000837,0.5714285714285714,True
GRU,769847,7,0.017818536762345395,0.04624884469168527,1.0,True
GRU,769866,18,0.17457793623683798,0.4860483805338542,0.6666666666666666,True
GRU,769867,18,0.5005779676895891,1.5908262464735243,0.2222222222222222,True
GRU,769880,13,0.44477436473726395,1.069131117600661,0.3076923076923077,True
GRU,769895,25,0.42670143329790167,1.4469020080566406,0.32,True
GRU,769926,7,0.14285714285714285,0.5254532950265067,0.8571428571428571,True
GRU,769965,25,0.2900482115250453,1.6058181762695312,0.48,True
GRU,770061,7,0.47831135827445354,0.40976715087890625,0.7142857142857143,True
GRU,770089,7,0.6103847175317668,0.8079190935407367,0.2857142857142857,True
GRU,770129,7,0.12359772470197646,0.6691365923200335,0.42857142857142855,True
GRU,770141,24,0.257618618239406,0.44998407363891596,0.75,True
GRU,770187,13,0.31448204262484875,0.7500481238731971,0.3076923076923077,True
GRU,770275,7,0.7404040860830985,2.5519300188337053,0.2857142857142857,True
GRU,773890,7,0.0,0.0,1.0,True
GRU,773927,7,0.14306776645246333,1.7224535260881697,0.5714285714285714,True
GRU,774204,7,0.42726032082576815,0.7525634765625,0.5714285714285714,True
GRU,774491,7,0.00947518027593298,0.06986618041992188,1.0,True
GRU,774728,7,0.6627019647216246,2.650208064488002,0.0,True
GRU,774729,7,0.37624771245529576,1.0167601449148995,0.2857142857142857,True
GRU,774877,7,0.4593221848456959,0.7062519618443082,0.42857142857142855,True
GRU,774878,7,0.14493545385284387,4.391696112496512,0.7142857142857143,True
GRU,775029,7,0.5604947190258497,3.292629241943359,0.0,True
GRU,775511,30,0.3546124949053013,1.0627588907877603,0.6333333333333333,True
GRU,775536,43,0.46458035506982925,1.416550835897756,0.5348837209302325,True
GRU,775552,7,0.24641382085278152,0.4386634826660156,0.7142857142857143,True
GRU,776465,7,0.21737099630736978,0.8195392063685826,0.5714285714285714,True
GRU,776493,7,0.439080689030262,3.0303388323102673,0.5714285714285714,True
GRU,776751,7,0.3786884296574005,1.7455373491559705,0.14285714285714285,True
GRU,776752,7,0.45273621567449307,5.20858519417899,0.14285714285714285,True
GRU,777212,7,0.415374907642411,2.537193843296596,0.2857142857142857,True
Historical Best,715938,7,0.5674128952415984,2.740736280168806,0.0,True
Historical Best,716085,7,0.49860609517488197,1.32570321219308,0.42857142857142855,True
Historical Best,716088,7,0.48794546482886403,0.7971136910574776,0.2857142857142857,True
Historical Best,716091,7,0.5186732659207519,0.6983615330287388,0.42857142857142855,True
Historical Best,716152,7,0.3361587011462719,0.47890635899135037,0.8571428571428571,True
Historical Best,716551,7,0.8547481111335234,3.608003888811384,0.0,True
Historical Best,716554,7,0.2685217608211209,0.5126479012625558,0.42857142857142855,True
Historical Best,716929,7,0.7336708099402413,3.8250198364257817,0.0,True
Historical Best,716930,7,0.8987596966238113,5.7939284188406805,0.0,True
Historical Best,716934,7,0.3094637282990737,2.034475599016463,0.0,True
Historical Best,716986,7,0.3857386837275149,1.5057182312011719,0.14285714285714285,True
Historical Best,717075,7,0.09760506053481967,0.502025604248047,0.42857142857142855,True
Historical Best,717077,7,0.5564151555393464,0.7104236057826451,0.42857142857142855,True
Historical Best,717083,7,0.13665871163317053,1.0275203159877233,0.14285714285714285,True
Historical Best,717087,7,0.06362111932208081,0.19235774448939727,0.8571428571428571,True
Historical Best,717089,13,0.12127637120739537,0.6259654118464544,0.6923076923076923,True
Historical Best,717091,7,0.35505415098264426,0.6426642281668525,0.5714285714285714,True
Historical Best,717093,7,0.15345560233079517,1.514113289969308,0.2857142857142857,True
Historical Best,717097,7,0.11756194005004157,0.8941525050571987,0.42857142857142855,True
Historical Best,717101,7,0.4254464812384301,0.94043459211077,0.2857142857142857,True
Historical Best,717108,7,0.22634175991593222,0.61328125,0.7142857142857143,True
Historical Best,717112,7,0.19202406488276327,0.7961349487304688,0.7142857142857143,True
Historical Best,717142,7,0.19373858930697083,0.33244541713169645,0.5714285714285714,True
Historical Best,717150,7,0.07419302241444949,0.5472711835588727,0.8571428571428571,True
Historical Best,717154,7,0.03595800012039949,0.3730332510811942,0.8571428571428571,True
Historical Best,717160,7,0.3191185636891899,1.4852703639439173,0.2857142857142857,True
Historical Best,717174,7,0.887360524415821,1.2645988464355469,0.0,True
Historical Best,717176,7,0.2480230045088369,1.1240403311593192,0.42857142857142855,True
Historical Best,717185,7,0.8571428571428571,1.4216079711914062,0.14285714285714285,True
Historical Best,717187,7,0.4745058217255324,1.6476631164550781,0.0,True
Historical Best,717190,7,0.434947998088652,0.637582506452288,0.42857142857142855,True
Historical Best,717192,7,0.2764349494069573,1.006410871233259,0.2857142857142857,True
Historical Best,717195,7,0.7437307495501742,1.0700242178780692,0.2857142857142857,True
Historical Best,717196,1,1.0,2.868072509765625,0.0,True
Historical Best,717198,7,0.8656071451670995,1.4761434282575334,0.14285714285714285,True
Historical Best,717200,7,0.3242302871344523,0.9303904942103794,0.2857142857142857,True
Historical Best,717219,7,0.5486463846205937,2.72442136492048,0.14285714285714285,True
Historical Best,717240,7,0.15235133307660673,0.8045850481305805,0.5714285714285714,True
Historical Best,717241,7,0.4995716241150761,1.5937630789620538,0.14285714285714285,True
Historical Best,717246,7,0.5086714504485181,1.2949376787458147,0.2857142857142857,True
Historical Best,717247,1,0.16446920733146872,0.22588729858398438,1.0,True
Historical Best,717249,7,0.2188406413626311,0.7205690656389508,0.42857142857142855,True
Historical Best,717251,7,0.32120189989042786,1.0199083600725447,0.2857142857142857,True
Historical Best,717252,7,0.1251385291800652,0.41925811767578125,0.5714285714285714,True
Historical Best,717254,6,0.21085288365590638,0.6150296529134113,0.5,True
Historical Best,717258,7,0.8968934277284528,3.2157990591866628,0.0,True
Historical Best,717373,8,0.4707045708217945,0.6894760131835938,0.375,True
Historical Best,717374,8,0.2630828506522617,0.3627958297729492,0.75,True
Historical Best,717434,7,0.3869240111610966,1.5046086992536272,0.42857142857142855,True
Historical Best,717435,7,0.6103617485100766,0.8524066380092071,0.2857142857142857,True
Historical Best,717436,7,0.7159850255434125,2.0290020533970425,0.0,True
Historical Best,717440,7,0.44973944461079995,0.7282191685267857,0.5714285714285714,True
Historical Best,717441,8,0.4548051045300224,1.4607176780700684,0.5,True
Historical Best,717472,6,0.3925618884814373,0.6514841715494791,0.5,True
Historical Best,717473,6,0.6690725159430116,0.6580022176106771,0.3333333333333333,True
Historical Best,717578,7,0.33746133672032413,1.8769275120326452,0.14285714285714285,True
Historical Best,717580,7,0.27320402892265133,1.1848498753138952,0.2857142857142857,True
Historical Best,717582,7,0.36706816415205445,1.0881358555385043,0.2857142857142857,True
Historical Best,717583,7,0.35461426628434156,1.7394212995256697,0.14285714285714285,True
Historical Best,717637,1,0.7115124111683441,19.633922576904297,0.0,True
Historical Best,717638,7,0.36158691569906154,0.8279980250767299,0.42857142857142855,True
Historical Best,717640,7,0.6474517777695299,1.6294048854282923,0.14285714285714285,True
Historical Best,717646,7,0.48298143383954173,1.7834271022251673,0.2857142857142857,True
Historical Best,717650,7,0.8632001708958977,2.2096236092703685,0.0,True
Historical Best,717654,7,0.026807505239606528,0.05215236118861607,1.0,True
Historical Best,717673,7,0.15797894080214872,1.1343792506626673,0.42857142857142855,True
Historical Best,717674,13,0.4293682517775362,1.5266559307391827,0.38461538461538464,True
Historical Best,717790,7,0.2895323374930831,1.3221626281738281,0.2857142857142857,True
Historical Best,717956,7,0.44631562447669687,1.1341263907296317,0.42857142857142855,True
Historical Best,717989,7,0.813059651270149,2.8383091517857144,0.14285714285714285,True
Historical Best,718130,6,0.4644021180730646,2.143840789794922,0.0,True
Historical Best,718210,7,0.38750251133041314,1.524268559047154,0.14285714285714285,True
Historical Best,718259,14,0.3678162523833061,1.4780259813581194,0.5,True
Historical Best,718287,7,0.21556304306020296,0.2635939461844308,0.7142857142857143,True
Historical Best,718356,7,0.21890360310539766,0.7416469029017857,0.42857142857142855,True
Historical Best,718364,7,0.2586968389655863,0.7175968715122768,0.42857142857142855,True
Historical Best,718375,7,0.1644163013830871,0.5372766767229352,0.7142857142857143,True
Historical Best,718496,7,0.10662461863394869,0.24350520542689733,0.7142857142857143,True
Historical Best,718499,7,0.6166497994632975,1.2194862365722656,0.14285714285714285,True
Historical Best,737504,7,0.2364797037545068,0.23826490129743308,0.7142857142857143,True
Historical Best,759566,7,0.25368563501625435,1.3561139787946428,0.42857142857142855,True
Historical Best,759762,7,0.2947004858895571,2.2287199837820872,0.2857142857142857,True
Historical Best,759772,1,1.0,7.4767303466796875,0.0,True
Historical Best,759783,7,0.7790165280245321,3.462957109723772,0.14285714285714285,True
Historical Best,759980,7,0.30078640758112657,0.9763139997209821,0.42857142857142855,True
Historical Best,760987,7,0.5839671684973367,0.9245153154645648,0.2857142857142857,True
Historical Best,761003,7,0.2240957513815181,1.1208348955426888,0.7142857142857143,True
Historical Best,761206,7,0.26493588664448137,0.9725532531738281,0.42857142857142855,True
Historical Best,761356,19,0.30504635763233273,1.2553510163959705,0.42105263157894735,True
Historical Best,761374,7,0.13015522186959616,0.6051782880510602,0.8571428571428571,True
Historical Best,761552,6,0.9672393811789939,2.647433598836263,0.0,True
Historical Best,761776,7,0.40627847233902753,1.0620106288364954,0.42857142857142855,True
Historical Best,763479,7,0.7031120009215076,2.8782997131347656,0.14285714285714285,True
Historical Best,763558,7,0.5717656608768531,1.5793511526925224,0.14285714285714285,True
Historical Best,763563,7,0.4014664669666924,0.7951938084193638,0.2857142857142857,True
Historical Best,763573,7,0.06111590187919128,0.7198034014020648,0.7142857142857143,True
Historical Best,763578,7,0.3709720446325927,4.419985634940011,0.0,True
Historical Best,763583,7,0.03057514131344216,0.33703395298549105,0.7142857142857143,True
Historical Best,763649,7,0.027875894026812387,0.08750370570591517,0.8571428571428571,True
Historical Best,763683,6,0.3222863169139551,0.70956293741862,0.3333333333333333,True
Historical Best,764001,8,0.625,0.48828077316284224,0.5,True
Historical Best,764096,7,0.27061609232650313,0.951239994594029,0.5714285714285714,True
Historical Best,764222,7,0.3860882134922634,0.40914099557059147,0.7142857142857143,True
Historical Best,764276,7,0.24222667483589255,0.34021105085100445,0.7142857142857143,True
Historical Best,764304,7,0.4713599233633345,0.5734296526227679,0.5714285714285714,True
Historical Best,764311,7,0.44877737479707275,1.1956127711704798,0.14285714285714285,True
Historical Best,764578,7,0.0462014448055429,0.2669378008161272,0.7142857142857143,True
Historical Best,764583,1,0.5139392286918069,11.188255310058594,0.0,True
Historical Best,764814,7,0.05198185082509763,0.2108274187360491,0.8571428571428571,True
Historical Best,764819,8,0.1516910270131896,0.5951128005981445,0.625,True
Historical Best,764824,7,0.027362235552290688,0.03846849714006689,1.0,True
Historical Best,764839,13,0.4285865829059086,0.9356255164513221,0.07692307692307693,True
Historical Best,764848,7,0.10388477996798819,0.12089429582868304,0.8571428571428571,True
Historical Best,764915,7,0.9229214270539904,2.2748047964913503,0.0,True
Historical Best,764932,7,0.5123538866042052,0.9407844543457031,0.5714285714285714,True
Historical Best,765150,7,1.0,3.8344993591308594,0.0,True
Historical Best,765153,7,0.06254841282863731,0.4004756382533482,0.7142857142857143,True
Historical Best,765456,13,0.6210701337757025,2.917858123779297,0.15384615384615385,True
Historical Best,765461,13,0.1971351634652486,0.7099726750300481,0.6923076923076923,True
Historical Best,765501,48,0.6814039975005124,3.7983436584472656,0.0625,True
Historical Best,765591,6,0.2928434020721693,0.893896738688151,0.6666666666666666,True
Historical Best,766585,1,0.7493534990334548,3.6776504516601562,0.0,True
Historical Best,766642,7,0.5145189220586356,4.060969761439732,0.0,True
Historical Best,766703,7,0.41723006025042897,1.291515895298549,0.2857142857142857,True
Historical Best,766712,24,0.3039898221368171,1.0518207550048828,0.5416666666666666,True
Historical Best,766721,7,0.34175468741306547,0.6728232247488839,0.5714285714285714,True
Historical Best,766788,7,0.2516142071074845,4.442861284528459,0.0,True
Historical Best,766843,13,0.6838002559126344,1.853390620304988,0.23076923076923078,True
Historical Best,767471,7,0.009868272902613984,0.03416660853794636,1.0,True
Historical Best,767542,7,0.7873824534531383,8.877176012311663,0.0,True
Historical Best,767554,7,0.5590548478751687,0.8907841273716519,0.2857142857142857,True
Historical Best,767678,7,0.4964454116417087,2.043015616280692,0.14285714285714285,True
Historical Best,767759,13,0.4329639559966042,1.32688962496244,0.46153846153846156,True
Historical Best,767760,13,0.46153846153846156,2.734392606295072,0.5384615384615384,True
Historical Best,767810,7,0.45009816108086875,2.4877450125558034,0.42857142857142855,True
Historical Best,767811,7,0.5044649518595328,1.1331487383161272,0.2857142857142857,True
Historical Best,768328,7,0.2608624756823806,0.7528610229492189,0.2857142857142857,True
Historical Best,768339,7,0.14852618636793746,0.34295436314174116,0.8571428571428571,True
Historical Best,768349,8,0.2994850587873701,1.7597527503967285,0.125,True
Historical Best,768779,7,0.14285714285714285,0.18811907087053567,0.8571428571428571,True
Historical Best,769788,7,0.29682317507336764,0.3645226614815847,0.7142857142857143,True
Historical Best,769847,7,0.0,0.0,1.0,True
Historical Best,769866,18,0.15084298170027585,0.43195682101779515,0.7222222222222222,True
Historical Best,769867,18,0.4649246237829103,1.5740593804253473,0.3333333333333333,True
Historical Best,769880,13,0.44280934025727314,1.007247337928185,0.38461538461538464,True
Historical Best,769895,25,0.35589980613167327,1.137497100830078,0.4,True
Historical Best,769926,7,0.8571428571428571,13.319844382149833,0.14285714285714285,True
Historical Best,769965,25,0.5312173477862018,2.496015930175781,0.2,True
Historical Best,770061,7,0.47831135827445354,0.40976715087890625,0.7142857142857143,True
Historical Best,770089,7,0.42857142857142855,0.5190604073660714,0.5714285714285714,True
Historical Best,770129,7,0.12970475351632382,0.7350916181291852,0.42857142857142855,True
Historical Best,770141,24,0.24937183462945553,0.45547342300415034,0.7083333333333334,True
Historical Best,770187,13,0.11624843618890711,0.3026481041541466,0.6923076923076923,True
Historical Best,770275,7,0.37851492256253955,0.6948416573660714,0.42857142857142855,True
Historical Best,773890,7,0.05899984688269899,0.19801603044782365,0.8571428571428571,True
Historical Best,773927,7,0.19620566244232446,1.7685634068080358,0.14285714285714285,True
Historical Best,774204,7,0.4632533671746623,0.8642659868512835,0.42857142857142855,True
Historical Best,774491,7,0.8538088296861793,6.117090497698102,0.0,True
Historical Best,774728,7,0.08357855422052671,0.3790059770856585,0.5714285714285714,True
Historical Best,774729,7,0.9140599008595948,2.4605424063546315,0.0,True
Historical Best,774877,7,0.580835452001091,0.7538037981305805,0.2857142857142857,True
Historical Best,774878,7,0.323089773494889,2.909346444266183,0.14285714285714285,True
Historical Best,775029,7,0.6051579388896586,3.617899758475167,0.0,True
Historical Best,775511,30,0.34426468602211036,0.9859036763509115,0.6666666666666666,True
Historical Best,775536,43,0.5580312255552137,1.4425748780716297,0.5116279069767442,True
Historical Best,775552,7,0.6277320970844384,0.9541304452078684,0.2857142857142857,True
Historical Best,776465,7,0.36280852918843093,1.3162923540387834,0.2857142857142857,True
Historical Best,776493,7,0.5819378318874049,4.899354662214007,0.42857142857142855,True
Historical Best,776751,7,0.6765518911246888,3.0067547389439175,0.0,True
Historical Best,776752,7,0.7499604881273874,3.803297315325056,0.14285714285714285,True
Historical Best,777212,7,0.5766909866873935,2.951784406389509,0.14285714285714285,True
JEV v1.0,715938,7,0.5367281064627148,2.444018227713449,0.14285714285714285,True
JEV v1.0,716085,7,0.3080660953411615,1.4379043579101562,0.5714285714285714,True
JEV v1.0,716088,7,0.48707505353424957,0.8564267839704242,0.2857142857142857,True
JEV v1.0,716091,7,0.42453870052157416,0.5493550981794085,0.5714285714285714,True
JEV v1.0,716152,7,0.18522436920822263,0.14154434204101562,1.0,True
JEV v1.0,716551,7,0.9640602650105758,4.114356994628906,0.0,True
JEV v1.0,716554,7,0.2685217608211209,0.5126479012625558,0.42857142857142855,True
JEV v1.0,716929,7,0.7168967027494245,3.1699856349400113,0.0,True
JEV v1.0,716930,7,0.18501215482764585,1.6178321838378906,0.2857142857142857,True
JEV v1.0,716934,7,0.47354009198125696,2.7748396737234926,0.14285714285714285,True
JEV v1.0,716986,7,0.16795745391877165,0.629049573625837,0.42857142857142855,True
JEV v1.0,717075,7,0.14650159630652834,0.8288121904645648,0.14285714285714285,True
JEV v1.0,717077,7,0.5089432780367348,0.48971666608537945,0.5714285714285714,True
JEV v1.0,717083,7,0.7651474125570036,6.087368011474609,0.14285714285714285,True
JEV v1.0,717087,7,0.1311055635514333,0.32683672223772314,0.7142857142857143,True
JEV v1.0,717089,13,0.5853292790739495,3.432538546048678,0.38461538461538464,True
JEV v1.0,717091,7,0.4956899170161435,0.9302918570382255,0.2857142857142857,True
JEV v1.0,717093,7,0.39760246836190066,3.8732594081333707,0.2857142857142857,True
JEV v1.0,717097,7,0.358951997772623,3.0734836033412387,0.42857142857142855,True
JEV v1.0,717101,7,0.6680511412174364,1.5142440795898438,0.14285714285714285,True
JEV v1.0,717108,7,0.6326337784175615,1.1565660749162947,0.2857142857142857,True
JEV v1.0,717112,7,0.7413206678315482,1.3694959368024553,0.14285714285714285,True
JEV v1.0,717142,7,0.363798465078665,0.8710098266601562,0.42857142857142855,True
JEV v1.0,717150,7,0.27550923795846943,1.0973516191755022,0.2857142857142857,True
JEV v1.0,717154,7,0.6121485417494418,2.2028160095214844,0.14285714285714285,True
JEV v1.0,717160,7,0.6224335937230396,3.5243503025599887,0.2857142857142857,True
JEV v1.0,717174,7,0.8211408787120631,1.166461399623326,0.0,True
JEV v1.0,717176,7,0.7426764592255733,2.9516983032226562,0.14285714285714285,True
JEV v1.0,717185,7,0.8571428571428571,1.4216079711914062,0.14285714285714285,True
JEV v1.0,717187,7,0.4745058217255324,1.6476631164550781,0.0,True
JEV v1.0,717190,7,0.434947998088652,0.637582506452288,0.42857142857142855,True
JEV v1.0,717192,7,0.2533832935293913,0.92431640625,0.42857142857142855,True
JEV v1.0,717195,7,0.5756047260135887,0.9477228437151226,0.2857142857142857,True
JEV v1.0,717196,1,0.2578087592172886,0.7394142150878906,0.0,True
JEV v1.0,717198,7,0.5255270381289224,0.954719543457031,0.2857142857142857,True
JEV v1.0,717200,7,1.0,3.1162109375,0.0,True
JEV v1.0,717219,7,0.8358996124066651,3.4016832624162947,0.0,True
JEV v1.0,717240,7,0.2144488385622822,0.949920654296875,0.5714285714285714,True
JEV v1.0,717241,7,0.3567144812579332,1.233174460274833,0.2857142857142857,True
JEV v1.0,717246,7,0.4697492654722972,1.1990694318498885,0.42857142857142855,True
JEV v1.0,717247,1,0.16446920733146872,0.22588729858398438,1.0,True
JEV v1.0,717249,7,0.0965358163439313,0.36914825439453125,0.5714285714285714,True
JEV v1.0,717251,7,0.8617298523655387,2.697673797607422,0.14285714285714285,True
JEV v1.0,717252,7,0.09949629516137314,0.2579122270856585,0.7142857142857143,True
JEV v1.0,717254,6,0.12294578987026199,0.2931632995605469,0.6666666666666666,True
JEV v1.0,717258,7,0.010047202778570862,0.041229248046875014,1.0,True
JEV v1.0,717373,8,0.46702605654119844,0.9134922027587891,0.5,True
JEV v1.0,717374,8,0.2525795866235029,0.36744022369384766,0.75,True
JEV v1.0,717434,7,0.3098965887603731,1.2459716796875,0.42857142857142855,True
JEV v1.0,717435,7,0.44420906880479283,0.5988785879952562,0.2857142857142857,True
JEV v1.0,717436,7,0.3487337809366638,0.9131039210728237,0.42857142857142855,True
JEV v1.0,717440,7,0.5833123406011863,1.8598055158342635,0.42857142857142855,True
JEV v1.0,717441,8,0.29580473577699035,0.8585658073425293,0.625,True
JEV v1.0,717472,6,0.37968874090376564,0.6429557800292969,0.5,True
JEV v1.0,717473,6,0.16666666666666666,0.18054199218749992,0.8333333333333334,True
JEV v1.0,717578,7,0.23111172609585084,1.6454936436244423,0.42857142857142855,True
JEV v1.0,717580,7,0.2391882927127757,1.2177156720842635,0.14285714285714285,True
JEV v1.0,717582,7,0.36706816415205445,1.0881358555385043,0.2857142857142857,True
JEV v1.0,717583,7,1.0,4.991292681012835,0.0,True
JEV v1.0,717637,1,0.6445943033553608,17.787342071533203,0.0,True
JEV v1.0,717638,7,0.40151765920740357,0.9240303039550782,0.42857142857142855,True
JEV v1.0,717640,7,0.19698980431377325,0.626394544328962,0.7142857142857143,True
JEV v1.0,717646,7,0.30720588196890175,1.3096624101911272,0.42857142857142855,True
JEV v1.0,717650,7,0.7670807271649717,2.023566109793527,0.0,True
JEV v1.0,717654,7,0.11210868532598942,0.22787421090262278,0.8571428571428571,True
JEV v1.0,717673,7,0.18582414680733286,1.4646568298339844,0.0,True
JEV v1.0,717674,13,0.8836785146081146,2.543516599214994,0.15384615384615385,True
JEV v1.0,717790,7,0.10513500589590555,1.130601065499442,0.5714285714285714,True
JEV v1.0,717956,7,0.7947885834426612,1.5975570678710938,0.14285714285714285,True
JEV v1.0,717989,7,0.9265776224936954,3.4449806213378906,0.0,True
JEV v1.0,718130,6,0.8683954359962184,4.151350657145183,0.0,True
JEV v1.0,718210,7,0.180543063253131,0.566744123186384,0.5714285714285714,True
JEV v1.0,718259,14,0.3415378208873862,1.9419822692871094,0.14285714285714285,True
JEV v1.0,718287,7,0.637116705146726,1.5632084437779017,0.2857142857142857,True
JEV v1.0,718356,7,0.6611344137822023,1.9687788827078683,0.14285714285714285,True
JEV v1.0,718364,7,0.7754610863276395,2.1874111720493863,0.0,True
JEV v1.0,718375,7,0.45266723970862593,2.9013819013323103,0.2857142857142857,True
JEV v1.0,718496,7,0.10662461863394869,0.24350520542689733,0.7142857142857143,True
JEV v1.0,718499,7,0.7017955300432167,1.4632257734026228,0.0,True
JEV v1.0,737504,7,0.13504787664707926,0.11988667079380577,1.0,True
JEV v1.0,759566,7,0.5589973203286298,2.152329581124442,0.2857142857142857,True
JEV v1.0,759762,7,0.29502252803123274,2.1108605521065846,0.14285714285714285,True
JEV v1.0,759772,1,0.7668588454984234,5.7335968017578125,0.0,True
JEV v1.0,759783,7,0.21020669102288808,0.7952346801757812,0.7142857142857143,True
JEV v1.0,759980,7,0.30078640758112657,0.9763139997209821,0.42857142857142855,True
JEV v1.0,760987,7,0.5839671684973367,0.9245153154645648,0.2857142857142857,True
JEV v1.0,761003,7,0.7025023873324697,2.318640572684152,0.14285714285714285,True
JEV v1.0,761206,7,0.07952584306421649,0.3012651715959821,0.7142857142857143,True
JEV v1.0,761356,19,0.247656505385952,0.7061215450889186,0.47368421052631576,True
JEV v1.0,761374,7,0.31434681126499225,1.581247057233538,0.42857142857142855,True
JEV v1.0,761552,6,0.6253200684274592,1.7972615559895833,0.3333333333333333,True
JEV v1.0,761776,7,0.22393429102844076,0.6882607596261161,0.5714285714285714,True
JEV v1.0,763479,7,0.3937836542229651,1.7486534118652344,0.42857142857142855,True
JEV v1.0,763558,7,0.4872184309366329,1.725201198032924,0.14285714285714285,True
JEV v1.0,763563,7,0.40918557440849584,0.9510884966169085,0.42857142857142855,True
JEV v1.0,763573,7,0.0658609340445546,0.6991756984165737,0.8571428571428571,True
JEV v1.0,763578,7,0.18428776477337244,3.210172380719866,0.5714285714285714,True
JEV v1.0,763583,7,0.14074046826194334,4.274477822440011,0.5714285714285714,True
JEV v1.0,763649,7,0.15121174197971587,0.2759415762765067,0.7142857142857143,True
JEV v1.0,763683,6,0.30920822369568945,0.6459757486979166,0.5,True
JEV v1.0,764001,8,0.4014625085118421,0.3021354675292969,0.75,True
JEV v1.0,764096,7,0.098229425508112,0.3330366952078682,0.7142857142857143,True
JEV v1.0,764222,7,0.3860882134922634,0.40914099557059147,0.7142857142857143,True
JEV v1.0,764276,7,0.5763611518942524,0.8656654357910156,0.2857142857142857,True
JEV v1.0,764304,7,0.6053556823615386,0.8318961007254465,0.2857142857142857,True
JEV v1.0,764311,7,0.5441053541897278,1.5304336547851562,0.2857142857142857,True
JEV v1.0,764578,7,0.42446896108727844,1.2975654602050781,0.42857142857142855,True
JEV v1.0,764583,1,0.5061579470846216,11.01885986328125,0.0,True
JEV v1.0,764814,7,0.0958868090296179,0.45416041782924105,0.5714285714285714,True
JEV v1.0,764819,8,0.3990184909578947,1.9448013305664062,0.125,True
JEV v1.0,764824,7,0.31955337518796145,0.9064080374581474,0.42857142857142855,True
JEV v1.0,764839,13,0.06753198797422913,0.2847301776592548,0.9230769230769231,True
JEV v1.0,764848,7,0.23220064928010384,0.49723379952566965,0.7142857142857143,True
JEV v1.0,764915,7,0.005070119436175173,0.025036403111049106,1.0,True
JEV v1.0,764932,7,0.5886873544155918,1.193312508719308,0.2857142857142857,True
JEV v1.0,765150,7,0.2857142857142857,0.7167701721191406,0.7142857142857143,True
JEV v1.0,765153,7,0.3436570802150075,1.7839796883719308,0.14285714285714285,True
JEV v1.0,765456,13,0.5671912713420971,2.753466386061448,0.15384615384615385,True
JEV v1.0,765461,13,0.2312683496909229,0.5796215350811298,0.6923076923076923,True
JEV v1.0,765501,48,0.24915985631976087,1.4016495545705159,0.5833333333333334,True
JEV v1.0,765591,6,0.2928434020721693,0.893896738688151,0.6666666666666666,True
JEV v1.0,766585,1,0.0,0.0,1.0,True
JEV v1.0,766642,7,0.5145189220586356,4.060969761439732,0.0,True
JEV v1.0,766703,7,0.48358349558826125,1.4995166233607702,0.42857142857142855,True
JEV v1.0,766712,24,0.36734069650718304,1.3656371434529622,0.4166666666666667,True
JEV v1.0,766721,7,0.6795069956439489,1.3336726597377233,0.2857142857142857,True
JEV v1.0,766788,7,0.13962817052614038,2.4149600437709258,0.42857142857142855,True
JEV v1.0,766843,13,0.642166022864359,1.616773165189303,0.23076923076923078,True
JEV v1.0,767471,7,0.03229347829368078,0.12350899832589292,1.0,True
JEV v1.0,767542,7,0.7717026111045856,8.672969818115234,0.0,True
JEV v1.0,767554,7,0.5590548478751687,0.8907841273716519,0.2857142857142857,True
JEV v1.0,767678,7,0.40889665055156116,1.3640409197126113,0.2857142857142857,True
JEV v1.0,767759,13,0.4357860113632671,1.4439195486215444,0.3076923076923077,True
JEV v1.0,767760,13,0.5296321785571536,3.22602051955003,0.38461538461538464,True
JEV v1.0,767810,7,0.6927853960750207,3.9103851318359375,0.14285714285714285,True
JEV v1.0,767811,7,0.628013151881641,1.8245620727539062,0.2857142857142857,True
JEV v1.0,768328,7,0.29423501437885424,0.8414312090192524,0.2857142857142857,True
JEV v1.0,768339,7,0.14695193662365869,0.37592315673828125,0.7142857142857143,True
JEV v1.0,768349,8,0.32843751613862704,2.245713710784912,0.125,True
JEV v1.0,768779,7,0.6082452178426317,1.7671972002301897,0.2857142857142857,True
JEV v1.0,769788,7,0.6745015640703,0.6682101658412387,0.5714285714285714,True
JEV v1.0,769847,7,0.19621796443395184,0.5192909240722656,0.7142857142857143,True
JEV v1.0,769866,18,0.17988601326029205,0.5721094343397353,0.6666666666666666,True
JEV v1.0,769867,18,0.35593584316371074,1.0809762742784288,0.4444444444444444,True
JEV v1.0,769880,13,0.47410187320408775,1.0992290790264423,0.38461538461538464,True
JEV v1.0,769895,25,0.32670087590616864,0.8956756591796875,0.52,True
JEV v1.0,769926,7,0.06584793393115113,0.7182055882045201,0.7142857142857143,True
JEV v1.0,769965,25,0.4018354361104845,2.276468048095703,0.32,True
JEV v1.0,770061,7,0.8021523989946839,0.7114437648228237,0.2857142857142857,True
JEV v1.0,770089,7,0.37256641056417894,0.6010524204799107,0.42857142857142855,True
JEV v1.0,770129,7,0.037242644140979324,0.48737662179129465,0.5714285714285714,True
JEV v1.0,770141,24,0.24937183462945553,0.45547342300415034,0.7083333333333334,True
JEV v1.0,770187,13,0.4583554824358965,1.0729775061974158,0.23076923076923078,True
JEV v1.0,770275,7,0.31861926026294,0.9095633370535714,0.42857142857142855,True
JEV v1.0,773890,7,0.05899984688269899,0.19801603044782365,0.8571428571428571,True
JEV v1.0,773927,7,0.21901604634407798,2.5673294067382812,0.42857142857142855,True
JEV v1.0,774204,7,0.4632533671746623,0.8642659868512835,0.42857142857142855,True
JEV v1.0,774491,7,0.370297063079218,3.380254473005022,0.5714285714285714,True
JEV v1.0,774728,7,0.159648007549878,0.5104195731026786,0.42857142857142855,True
JEV v1.0,774729,7,0.9140599008595948,2.4605424063546315,0.0,True
JEV v1.0,774877,7,0.6452280515459294,1.0615223475864957,0.42857142857142855,True
JEV v1.0,774878,7,0.1546739514708025,4.062828881399972,0.42857142857142855,True
JEV v1.0,775029,7,0.32483434512178316,2.385353633335658,0.42857142857142855,True
JEV v1.0,775511,30,0.34861326801567455,1.0520095825195312,0.6,True
JEV v1.0,775536,43,0.4632693030189837,1.3513211095055868,0.4883720930232558,True
JEV v1.0,775552,7,0.3915819175568093,0.5898584638323102,0.5714285714285714,True
JEV v1.0,776465,7,0.16808822113575453,0.4873613630022321,0.5714285714285714,True
JEV v1.0,776493,7,0.3039775549575618,2.499995640345982,0.2857142857142857,True
JEV v1.0,776751,7,0.1031586507786624,0.38475200108119395,0.5714285714285714,True
JEV v1.0,776752,7,0.2759124776595838,2.5625613076346263,0.42857142857142855,True
JEV v1.0,777212,7,0.4952913490028156,2.655414036342076,0.42857142857142855,True
Nearest,715938,7,0.5674128952415984,2.740736280168806,0.0,True
Nearest,716085,7,0.3372502018185521,1.3418426513671875,0.42857142857142855,True
Nearest,716088,7,0.27867258423735813,0.46486663818359375,0.7142857142857143,True
Nearest,716091,7,0.3743316740952783,0.5854922703334264,0.5714285714285714,True
Nearest,716152,7,0.3361587011462719,0.47890635899135037,0.8571428571428571,True
Nearest,716551,7,0.9640602650105758,4.114356994628906,0.0,True
Nearest,716554,7,0.2685217608211209,0.5126479012625558,0.42857142857142855,True
Nearest,716929,7,0.858223930702226,4.054052080426898,0.0,True
Nearest,716930,7,0.1101766678229598,0.6907948085239959,0.42857142857142855,True
Nearest,716934,7,0.2614186033812456,1.6981059483119414,0.42857142857142855,True
Nearest,716986,7,0.3857386837275149,1.5057182312011719,0.14285714285714285,True
Nearest,717075,7,0.09931191967835504,0.6739687238420758,0.2857142857142857,True
Nearest,717077,7,0.4878861092193699,0.4709745134626116,0.5714285714285714,True
Nearest,717083,7,0.11431212488874272,0.9007780892508371,0.14285714285714285,True
Nearest,717087,7,0.06362111932208081,0.19235774448939727,0.8571428571428571,True
Nearest,717089,13,0.5132562696801622,1.59724367581881,0.3076923076923077,True
Nearest,717091,7,0.35505415098264426,0.6426642281668525,0.5714285714285714,True
Nearest,717093,7,0.15345560233079517,1.514113289969308,0.2857142857142857,True
Nearest,717097,7,0.11756194005004157,0.8941525050571987,0.42857142857142855,True
Nearest,717101,7,0.6317723125762645,1.4420149666922433,0.14285714285714285,True
Nearest,717108,7,0.601686755089509,1.2150001525878906,0.14285714285714285,True
Nearest,717112,7,0.5891241156174193,1.186241694859096,0.2857142857142857,True
Nearest,717142,7,0.6976766689962005,1.3039054870605469,0.14285714285714285,True
Nearest,717150,7,0.3957036494546638,1.8411500113351005,0.14285714285714285,True
Nearest,717154,7,0.03595800012039949,0.3730332510811942,0.8571428571428571,True
Nearest,717160,7,0.31670509451800427,1.9146287100655692,0.42857142857142855,True
Nearest,717174,7,0.887360524415821,1.2645988464355469,0.0,True
Nearest,717176,7,0.6566527770465411,2.5362657819475447,0.2857142857142857,True
Nearest,717185,7,0.8571428571428571,1.4216079711914062,0.14285714285714285,True
Nearest,717187,7,0.4745058217255324,1.6476631164550781,0.0,True
Nearest,717190,7,0.434947998088652,0.637582506452288,0.42857142857142855,True
Nearest,717192,7,0.2267944792713312,0.8494943891252792,0.42857142857142855,True
Nearest,717195,7,0.5756047260135887,0.9477228437151226,0.2857142857142857,True
Nearest,717196,1,0.2578087592172886,0.7394142150878906,0.0,True
Nearest,717198,7,0.5255270381289224,0.954719543457031,0.2857142857142857,True
Nearest,717200,7,0.8571428571428571,2.8716065543038503,0.14285714285714285,True
Nearest,717219,7,0.7625181663490116,3.03076662336077,0.0,True
Nearest,717240,7,0.9559560760933126,3.5137476239885603,0.0,True
Nearest,717241,7,0.4843882810843708,1.638784681047712,0.14285714285714285,True
Nearest,717246,7,0.5086714504485181,1.2949376787458147,0.2857142857142857,True
Nearest,717247,1,0.16446920733146872,0.22588729858398438,1.0,True
Nearest,717249,7,0.1515273106316314,0.36844961983816965,0.7142857142857143,True
Nearest,717251,7,0.08599966481002912,0.25779288155691965,0.7142857142857143,True
Nearest,717252,7,0.24283186887773628,0.5159830365862165,0.5714285714285714,True
Nearest,717254,6,0.5168098687902999,1.0061861673990886,0.5,True
Nearest,717258,7,0.699145555380757,2.6186959402901784,0.0,True
Nearest,717373,8,0.4472220620446293,0.678469181060791,0.5,True
Nearest,717374,8,0.28590054100644763,0.27706480026245117,0.875,True
Nearest,717434,7,0.26060570748504164,2.3099703107561385,0.42857142857142855,True
Nearest,717435,7,0.5675174511654909,0.9532933916364392,0.42857142857142855,True
Nearest,717436,7,0.5540612573822701,1.2721061706542969,0.14285714285714285,True
Nearest,717440,7,0.40243968463519175,1.3895721435546875,0.42857142857142855,True
Nearest,717441,8,0.4548051045300224,1.4607176780700684,0.5,True
Nearest,717472,6,0.3925618884814373,0.6514841715494791,0.5,True
Nearest,717473,6,0.6690725159430116,0.6580022176106771,0.3333333333333333,True
Nearest,717578,7,0.23111172609585084,1.6454936436244423,0.42857142857142855,True
Nearest,717580,7,0.2391882927127757,1.2177156720842635,0.14285714285714285,True
Nearest,717582,7,0.36706816415205445,1.0881358555385043,0.2857142857142857,True
Nearest,717583,7,0.1450256655507635,0.6999838692801339,0.5714285714285714,True
Nearest,717637,1,0.6966465743228941,19.223705291748047,0.0,True
Nearest,717638,7,0.36158691569906154,0.8279980250767299,0.42857142857142855,True
Nearest,717640,7,0.19698980431377325,0.626394544328962,0.7142857142857143,True
Nearest,717646,7,0.36933483993418614,1.5813037327357702,0.2857142857142857,True
Nearest,717650,7,0.8632001708958977,2.2096236092703685,0.0,True
Nearest,717654,7,0.026807505239606528,0.05215236118861607,1.0,True
Nearest,717673,7,0.9791601626022148,9.09362302507673,0.0,True
Nearest,717674,13,0.42013727657286937,0.7223575298602765,0.5384615384615384,True
Nearest,717790,7,0.2895323374930831,1.3221626281738281,0.2857142857142857,True
Nearest,717956,7,0.5590192822507047,0.9584813799176898,0.2857142857142857,True
Nearest,717989,7,0.1567556285547973,0.6722624642508374,0.7142857142857143,True
Nearest,718130,6,0.6254592939764803,2.9976043701171875,0.16666666666666666,True
Nearest,718210,7,0.14393346331112705,0.34944316319056934,0.8571428571428571,True
Nearest,718259,14,0.6855477230036326,4.298586164202009,0.14285714285714285,True
Nearest,718287,7,0.21556304306020296,0.2635939461844308,0.7142857142857143,True
Nearest,718356,7,0.42857142857142855,1.0639806474958147,0.5714285714285714,True
Nearest,718364,7,0.4706910931304901,1.220679691859654,0.42857142857142855,True
Nearest,718375,7,0.7567458882262283,3.556541987827847,0.0,True
Nearest,718496,7,0.10662461863394869,0.24350520542689733,0.7142857142857143,True
Nearest,718499,7,0.6166497994632975,1.2194862365722656,0.14285714285714285,True
Nearest,737504,7,0.4471651114714266,0.7457030160086495,0.5714285714285714,True
Nearest,759566,7,0.25368563501625435,1.3561139787946428,0.42857142857142855,True
Nearest,759762,7,0.2947004858895571,2.2287199837820872,0.2857142857142857,True
Nearest,759772,1,0.7668588454984234,5.7335968017578125,0.0,True
Nearest,759783,7,0.7790165280245321,3.462957109723772,0.14285714285714285,True
Nearest,759980,7,0.4908042349612683,1.8451194763183594,0.2857142857142857,True
Nearest,760987,7,0.0790323466309104,0.16704668317522323,0.8571428571428571,True
Nearest,761003,7,0.2886066452902793,1.2321537562779017,0.7142857142857143,True
Nearest,761206,7,0.08729354513275303,0.33386012486049105,0.5714285714285714,True
Nearest,761356,19,0.1758068352634302,0.45034247950503703,0.6842105263157895,True
Nearest,761374,7,0.13015522186959616,0.6051782880510602,0.8571428571428571,True
Nearest,761552,6,0.9672393811789939,2.647433598836263,0.0,True
Nearest,761776,7,0.35014624463402955,0.948502676827567,0.42857142857142855,True
Nearest,763479,7,0.36368465006182726,1.6162381853376115,0.42857142857142855,True
Nearest,763558,7,0.7157651980557186,2.3531505039760043,0.2857142857142857,True
Nearest,763563,7,0.3971879847528435,0.9091459001813617,0.42857142857142855,True
Nearest,763573,7,0.06111590187919128,0.7198034014020648,0.7142857142857143,True
Nearest,763578,7,0.14285714285714285,2.849609375,0.8571428571428571,True
Nearest,763583,7,0.9282867159715155,12.604945591517858,0.0,True
Nearest,763649,7,0.027875894026812387,0.08750370570591517,0.8571428571428571,True
Nearest,763683,6,0.5411757050707959,1.4233201344807942,0.3333333333333333,True
Nearest,764001,8,0.4014625085118421,0.3021354675292969,0.75,True
Nearest,764096,7,0.6486759970016192,2.838838849748884,0.14285714285714285,True
Nearest,764222,7,0.19562697391985037,0.215500967843192,1.0,True
Nearest,764276,7,0.5619347185521913,0.8347086225237165,0.2857142857142857,True
Nearest,764304,7,0.4576095772282031,0.5910372052873883,0.42857142857142855,True
Nearest,764311,7,0.8102959482332184,1.9748022896902901,0.14285714285714285,True
Nearest,764578,7,0.4294735909921262,1.377560751778739,0.2857142857142857,True
Nearest,764583,1,0.0,0.0,1.0,True
Nearest,764814,7,1.0,3.742323194231306,0.0,True
Nearest,764819,8,0.1516910270131896,0.5951128005981445,0.625,True
Nearest,764824,7,0.3723886522248829,1.1607894897460938,0.5714285714285714,True
Nearest,764839,13,0.06753198797422913,0.2847301776592548,0.9230769230769231,True
Nearest,764848,7,0.10388477996798819,0.12089429582868304,0.8571428571428571,True
Nearest,764915,7,0.005070119436175173,0.025036403111049106,1.0,True
Nearest,764932,7,0.5123538866042052,0.9407844543457031,0.5714285714285714,True
Nearest,765150,7,1.0,3.8344993591308594,0.0,True
Nearest,765153,7,0.8288920545317487,4.148563929966518,0.0,True
Nearest,765456,13,0.6210701337757025,2.917858123779297,0.15384615384615385,True
Nearest,765461,13,0.5264710288328496,1.939544677734375,0.23076923076923078,True
Nearest,765501,48,0.6814039975005124,3.7983436584472656,0.0625,True
Nearest,765591,6,0.31735966510168273,1.1194178263346355,0.16666666666666666,True
Nearest,766585,1,0.7427124359037139,3.6450576782226562,0.0,True
Nearest,766642,7,0.5145189220586356,4.060969761439732,0.0,True
Nearest,766703,7,0.2938840923417975,0.9681979588099888,0.5714285714285714,True
Nearest,766712,24,0.43753092696616774,1.6219472885131836,0.375,True
Nearest,766721,7,0.4086708674731882,0.7205974033900668,0.42857142857142855,True
Nearest,766788,7,0.2516142071074845,4.442861284528459,0.0,True
Nearest,766843,13,0.3821645110771494,0.9533934959998498,0.3076923076923077,True
Nearest,767471,7,0.055342774747031136,0.21574510846819203,0.8571428571428571,True
Nearest,767542,7,0.20066543672892928,1.8691771371023995,0.5714285714285714,True
Nearest,767554,7,0.0,0.0,1.0,True
Nearest,767678,7,0.5404615009630137,1.7676713126046317,0.14285714285714285,True
Nearest,767759,13,0.5184082879764897,1.7805654085599458,0.23076923076923078,True
Nearest,767760,13,0.5383658965706505,3.2910552391639123,0.38461538461538464,True
Nearest,767810,7,0.42857142857142855,2.4044342041015625,0.5714285714285714,True
Nearest,767811,7,0.5991957385258871,1.0602367946079798,0.2857142857142857,True
Nearest,768328,7,0.3968556871566303,1.2029767717633928,0.2857142857142857,True
Nearest,768339,7,0.14695193662365869,0.37592315673828125,0.7142857142857143,True
Nearest,768349,8,0.32843751613862704,2.245713710784912,0.125,True
Nearest,768779,7,0.14285714285714285,0.18811907087053567,0.8571428571428571,True
Nearest,769788,7,0.5316444212131571,0.5227552141462054,0.7142857142857143,True
Nearest,769847,7,0.41709147450518,1.2921082632882255,0.14285714285714285,True
Nearest,769866,18,0.6893406523506477,2.267321480645074,0.16666666666666666,True
Nearest,769867,18,0.3821452017878236,1.1013539632161458,0.4444444444444444,True
Nearest,769880,13,0.41343543618496087,0.9293729341947116,0.46153846153846156,True
Nearest,769895,25,0.670171665610304,2.2114654541015626,0.16,True
Nearest,769926,7,0.18436232113826836,2.3679182870047435,0.0,True
Nearest,769965,25,0.3104136973425704,1.6364987182617188,0.4,True
Nearest,770061,7,0.6809450138325656,0.5935298374720982,0.42857142857142855,True
Nearest,770089,7,0.4556383649416702,0.7099658421107701,0.2857142857142857,True
Nearest,770129,7,0.12970475351632382,0.7350916181291852,0.42857142857142855,True
Nearest,770141,24,0.24937183462945553,0.45547342300415034,0.7083333333333334,True
Nearest,770187,13,0.7073572940581377,1.7748169532189002,0.0,True
Nearest,770275,7,0.37851492256253955,0.6948416573660714,0.42857142857142855,True
Nearest,773890,7,0.05899984688269899,0.19801603044782365,0.8571428571428571,True
Nearest,773927,7,0.42249904369763824,3.9501707894461497,0.0,True
Nearest,774204,7,0.4632533671746623,0.8642659868512835,0.42857142857142855,True
Nearest,774491,7,0.8538088296861793,6.117090497698102,0.0,True
Nearest,774728,7,0.5299750934514876,2.021852765764509,0.14285714285714285,True
Nearest,774729,7,0.48683556176643344,1.5915396554129464,0.2857142857142857,True
Nearest,774877,7,0.580835452001091,0.7538037981305805,0.2857142857142857,True
Nearest,774878,7,0.1546739514708025,4.062828881399972,0.42857142857142855,True
Nearest,775029,7,0.08161690548676502,0.6567622593470978,0.5714285714285714,True
Nearest,775511,30,0.38263186266140015,0.8794336954752604,0.3333333333333333,True
Nearest,775536,43,0.4572813861973892,1.204418093659157,0.5116279069767442,True
Nearest,775552,7,0.2805760946138242,0.4763919285365513,0.7142857142857143,True
Nearest,776465,7,0.5212787638655577,1.9038647242954798,0.2857142857142857,True
Nearest,776493,7,0.5478334138245498,5.4482846941266745,0.0,True
Nearest,776751,7,0.11194590765552768,0.4221480233328678,0.5714285714285714,True
Nearest,776752,7,0.36799541843423755,3.0640920911516463,0.14285714285714285,True
Nearest,777212,7,0.7535619881477873,4.446874891008649,0.14285714285714285,True
Oracle (reference only),715938,7,0.0,0.0,1.0,True
Oracle (reference only),716085,7,0.0,0.0,1.0,True
Oracle (reference only),716088,7,0.0,0.0,1.0,True
Oracle (reference only),716091,7,0.0,0.0,1.0,True
Oracle (reference only),716152,7,0.0,0.0,1.0,True
Oracle (reference only),716551,7,0.0,0.0,1.0,True
Oracle (reference only),716554,7,0.0,0.0,1.0,True
Oracle (reference only),716929,7,0.0,0.0,1.0,True
Oracle (reference only),716930,7,0.0,0.0,1.0,True
Oracle (reference only),716934,7,0.0,0.0,1.0,True
Oracle (reference only),716986,7,0.0,0.0,1.0,True
Oracle (reference only),717075,7,0.0,0.0,1.0,True
Oracle (reference only),717077,7,0.0,0.0,1.0,True
Oracle (reference only),717083,7,0.0,0.0,1.0,True
Oracle (reference only),717087,7,0.0,0.0,1.0,True
Oracle (reference only),717089,13,0.0,0.0,1.0,True
Oracle (reference only),717091,7,0.0,0.0,1.0,True
Oracle (reference only),717093,7,0.0,0.0,1.0,True
Oracle (reference only),717097,7,0.0,0.0,1.0,True
Oracle (reference only),717101,7,0.0,0.0,1.0,True
Oracle (reference only),717108,7,0.0,0.0,1.0,True
Oracle (reference only),717112,7,0.0,0.0,1.0,True
Oracle (reference only),717142,7,0.0,0.0,1.0,True
Oracle (reference only),717150,7,0.0,0.0,1.0,True
Oracle (reference only),717154,7,0.0,0.0,1.0,True
Oracle (reference only),717160,7,0.0,0.0,1.0,True
Oracle (reference only),717174,7,0.0,0.0,1.0,True
Oracle (reference only),717176,7,0.0,0.0,1.0,True
Oracle (reference only),717185,7,0.0,0.0,1.0,True
Oracle (reference only),717187,7,0.0,0.0,1.0,True
Oracle (reference only),717190,7,0.0,0.0,1.0,True
Oracle (reference only),717192,7,0.0,0.0,1.0,True
Oracle (reference only),717195,7,0.0,0.0,1.0,True
Oracle (reference only),717196,1,0.0,0.0,1.0,True
Oracle (reference only),717198,7,0.0,0.0,1.0,True
Oracle (reference only),717200,7,0.0,0.0,1.0,True
Oracle (reference only),717219,7,0.0,0.0,1.0,True
Oracle (reference only),717240,7,0.0,0.0,1.0,True
Oracle (reference only),717241,7,0.0,0.0,1.0,True
Oracle (reference only),717246,7,0.0,0.0,1.0,True
Oracle (reference only),717247,1,0.0,0.0,1.0,True
Oracle (reference only),717249,7,0.0,0.0,1.0,True
Oracle (reference only),717251,7,0.0,0.0,1.0,True
Oracle (reference only),717252,7,0.0,0.0,1.0,True
Oracle (reference only),717254,6,0.0,0.0,1.0,True
Oracle (reference only),717258,7,0.0,0.0,1.0,True
Oracle (reference only),717373,8,0.0,0.0,1.0,True
Oracle (reference only),717374,8,0.0,0.0,1.0,True
Oracle (reference only),717434,7,0.0,0.0,1.0,True
Oracle (reference only),717435,7,0.0,0.0,1.0,True
Oracle (reference only),717436,7,0.0,0.0,1.0,True
Oracle (reference only),717440,7,0.0,0.0,1.0,True
Oracle (reference only),717441,8,0.0,0.0,1.0,True
Oracle (reference only),717472,6,0.0,0.0,1.0,True
Oracle (reference only),717473,6,0.0,0.0,1.0,True
Oracle (reference only),717578,7,0.0,0.0,1.0,True
Oracle (reference only),717580,7,0.0,0.0,1.0,True
Oracle (reference only),717582,7,0.0,0.0,1.0,True
Oracle (reference only),717583,7,0.0,0.0,1.0,True
Oracle (reference only),717637,1,0.0,0.0,1.0,True
Oracle (reference only),717638,7,0.0,0.0,1.0,True
Oracle (reference only),717640,7,0.0,0.0,1.0,True
Oracle (reference only),717646,7,0.0,0.0,1.0,True
Oracle (reference only),717650,7,0.0,0.0,1.0,True
Oracle (reference only),717654,7,0.0,0.0,1.0,True
Oracle (reference only),717673,7,0.0,0.0,1.0,True
Oracle (reference only),717674,13,0.0,0.0,1.0,True
Oracle (reference only),717790,7,0.0,0.0,1.0,True
Oracle (reference only),717956,7,0.0,0.0,1.0,True
Oracle (reference only),717989,7,0.0,0.0,1.0,True
Oracle (reference only),718130,6,0.0,0.0,1.0,True
Oracle (reference only),718210,7,0.0,0.0,1.0,True
Oracle (reference only),718259,14,0.0,0.0,1.0,True
Oracle (reference only),718287,7,0.0,0.0,1.0,True
Oracle (reference only),718356,7,0.0,0.0,1.0,True
Oracle (reference only),718364,7,0.0,0.0,1.0,True
Oracle (reference only),718375,7,0.0,0.0,1.0,True
Oracle (reference only),718496,7,0.0,0.0,1.0,True
Oracle (reference only),718499,7,0.0,0.0,1.0,True
Oracle (reference only),737504,7,0.0,0.0,1.0,True
Oracle (reference only),759566,7,0.0,0.0,1.0,True
Oracle (reference only),759762,7,0.0,0.0,1.0,True
Oracle (reference only),759772,1,0.0,0.0,1.0,True
Oracle (reference only),759783,7,0.0,0.0,1.0,True
Oracle (reference only),759980,7,0.0,0.0,1.0,True
Oracle (reference only),760987,7,0.0,0.0,1.0,True
Oracle (reference only),761003,7,0.0,0.0,1.0,True
Oracle (reference only),761206,7,0.0,0.0,1.0,True
Oracle (reference only),761356,19,0.0,0.0,1.0,True
Oracle (reference only),761374,7,0.0,0.0,1.0,True
Oracle (reference only),761552,6,0.0,0.0,1.0,True
Oracle (reference only),761776,7,0.0,0.0,1.0,True
Oracle (reference only),763479,7,0.0,0.0,1.0,True
Oracle (reference only),763558,7,0.0,0.0,1.0,True
Oracle (reference only),763563,7,0.0,0.0,1.0,True
Oracle (reference only),763573,7,0.0,0.0,1.0,True
Oracle (reference only),763578,7,0.0,0.0,1.0,True
Oracle (reference only),763583,7,0.0,0.0,1.0,True
Oracle (reference only),763649,7,0.0,0.0,1.0,True
Oracle (reference only),763683,6,0.0,0.0,1.0,True
Oracle (reference only),764001,8,0.0,0.0,1.0,True
Oracle (reference only),764096,7,0.0,0.0,1.0,True
Oracle (reference only),764222,7,0.0,0.0,1.0,True
Oracle (reference only),764276,7,0.0,0.0,1.0,True
Oracle (reference only),764304,7,0.0,0.0,1.0,True
Oracle (reference only),764311,7,0.0,0.0,1.0,True
Oracle (reference only),764578,7,0.0,0.0,1.0,True
Oracle (reference only),764583,1,0.0,0.0,1.0,True
Oracle (reference only),764814,7,0.0,0.0,1.0,True
Oracle (reference only),764819,8,0.0,0.0,1.0,True
Oracle (reference only),764824,7,0.0,0.0,1.0,True
Oracle (reference only),764839,13,0.0,0.0,1.0,True
Oracle (reference only),764848,7,0.0,0.0,1.0,True
Oracle (reference only),764915,7,0.0,0.0,1.0,True
Oracle (reference only),764932,7,0.0,0.0,1.0,True
Oracle (reference only),765150,7,0.0,0.0,1.0,True
Oracle (reference only),765153,7,0.0,0.0,1.0,True
Oracle (reference only),765456,13,0.0,0.0,1.0,True
Oracle (reference only),765461,13,0.0,0.0,1.0,True
Oracle (reference only),765501,48,0.0,0.0,1.0,True
Oracle (reference only),765591,6,0.0,0.0,1.0,True
Oracle (reference only),766585,1,0.0,0.0,1.0,True
Oracle (reference only),766642,7,0.0,0.0,1.0,True
Oracle (reference only),766703,7,0.0,0.0,1.0,True
Oracle (reference only),766712,24,0.0,0.0,1.0,True
Oracle (reference only),766721,7,0.0,0.0,1.0,True
Oracle (reference only),766788,7,0.0,0.0,1.0,True
Oracle (reference only),766843,13,0.0,0.0,1.0,True
Oracle (reference only),767471,7,0.0,0.0,1.0,True
Oracle (reference only),767542,7,0.0,0.0,1.0,True
Oracle (reference only),767554,7,0.0,0.0,1.0,True
Oracle (reference only),767678,7,0.0,0.0,1.0,True
Oracle (reference only),767759,13,0.0,0.0,1.0,True
Oracle (reference only),767760,13,0.0,0.0,1.0,True
Oracle (reference only),767810,7,0.0,0.0,1.0,True
Oracle (reference only),767811,7,0.0,0.0,1.0,True
Oracle (reference only),768328,7,0.0,0.0,1.0,True
Oracle (reference only),768339,7,0.0,0.0,1.0,True
Oracle (reference only),768349,8,0.0,0.0,1.0,True
Oracle (reference only),768779,7,0.0,0.0,1.0,True
Oracle (reference only),769788,7,0.0,0.0,1.0,True
Oracle (reference only),769847,7,0.0,0.0,1.0,True
Oracle (reference only),769866,18,0.0,0.0,1.0,True
Oracle (reference only),769867,18,0.0,0.0,1.0,True
Oracle (reference only),769880,13,0.0,0.0,1.0,True
Oracle (reference only),769895,25,0.0,0.0,1.0,True
Oracle (reference only),769926,7,0.0,0.0,1.0,True
Oracle (reference only),769965,25,0.0,0.0,1.0,True
Oracle (reference only),770061,7,0.0,0.0,1.0,True
Oracle (reference only),770089,7,0.0,0.0,1.0,True
Oracle (reference only),770129,7,0.0,0.0,1.0,True
Oracle (reference only),770141,24,0.0,0.0,1.0,True
Oracle (reference only),770187,13,0.0,0.0,1.0,True
Oracle (reference only),770275,7,0.0,0.0,1.0,True
Oracle (reference only),773890,7,0.0,0.0,1.0,True
Oracle (reference only),773927,7,0.0,0.0,1.0,True
Oracle (reference only),774204,7,0.0,0.0,1.0,True
Oracle (reference only),774491,7,0.0,0.0,1.0,True
Oracle (reference only),774728,7,0.0,0.0,1.0,True
Oracle (reference only),774729,7,0.0,0.0,1.0,True
Oracle (reference only),774877,7,0.0,0.0,1.0,True
Oracle (reference only),774878,7,0.0,0.0,1.0,True
Oracle (reference only),775029,7,0.0,0.0,1.0,True
Oracle (reference only),775511,30,0.0,0.0,1.0,True
Oracle (reference only),775536,43,0.0,0.0,1.0,True
Oracle (reference only),775552,7,0.0,0.0,1.0,True
Oracle (reference only),776465,7,0.0,0.0,1.0,True
Oracle (reference only),776493,7,0.0,0.0,1.0,True
Oracle (reference only),776751,7,0.0,0.0,1.0,True
Oracle (reference only),776752,7,0.0,0.0,1.0,True
Oracle (reference only),777212,7,0.0,0.0,1.0,True
Quality Rule,715938,7,0.5674128952415984,2.740736280168806,0.0,True
Quality Rule,716085,7,0.3372502018185521,1.3418426513671875,0.42857142857142855,True
Quality Rule,716088,7,0.48794546482886403,0.7971136910574776,0.2857142857142857,True
Quality Rule,716091,7,0.5186732659207519,0.6983615330287388,0.42857142857142855,True
Quality Rule,716152,7,0.3361587011462719,0.47890635899135037,0.8571428571428571,True
Quality Rule,716551,7,0.9640602650105758,4.114356994628906,0.0,True
Quality Rule,716554,7,0.2685217608211209,0.5126479012625558,0.42857142857142855,True
Quality Rule,716929,7,0.7336708099402413,3.8250198364257817,0.0,True
Quality Rule,716930,7,0.42950627573597056,3.3353963579450334,0.42857142857142855,True
Quality Rule,716934,7,0.9227140116991384,5.9024827139718195,0.0,True
Quality Rule,716986,7,0.3857386837275149,1.5057182312011719,0.14285714285714285,True
Quality Rule,717075,7,0.09931191967835504,0.6739687238420758,0.2857142857142857,True
Quality Rule,717077,7,0.4878861092193699,0.4709745134626116,0.5714285714285714,True
Quality Rule,717083,7,0.11431212488874272,0.9007780892508371,0.14285714285714285,True
Quality Rule,717087,7,0.06362111932208081,0.19235774448939727,0.8571428571428571,True
Quality Rule,717089,13,0.06196611794827901,0.3305781437800481,0.7692307692307693,True
Quality Rule,717091,7,0.35505415098264426,0.6426642281668525,0.5714285714285714,True
Quality Rule,717093,7,0.15345560233079517,1.514113289969308,0.2857142857142857,True
Quality Rule,717097,7,0.11756194005004157,0.8941525050571987,0.42857142857142855,True
Quality Rule,717101,7,0.385858356291558,0.8306323460170201,0.2857142857142857,True
Quality Rule,717108,7,0.601686755089509,1.2150001525878906,0.14285714285714285,True
Quality Rule,717112,7,0.5891241156174193,1.186241694859096,0.2857142857142857,True
Quality Rule,717142,7,0.6259846294276079,2.142395564488002,0.2857142857142857,True
Quality Rule,717150,7,0.07419302241444949,0.5472711835588727,0.8571428571428571,True
Quality Rule,717154,7,0.03595800012039949,0.3730332510811942,0.8571428571428571,True
Quality Rule,717160,7,0.18823830346079365,0.5205530439104353,0.7142857142857143,True
Quality Rule,717174,7,0.887360524415821,1.2645988464355469,0.0,True
Quality Rule,717176,7,0.3500789719417908,1.3716419764927454,0.2857142857142857,True
Quality Rule,717185,7,0.8571428571428571,1.4216079711914062,0.14285714285714285,True
Quality Rule,717187,7,0.4745058217255324,1.6476631164550781,0.0,True
Quality Rule,717190,7,0.434947998088652,0.637582506452288,0.42857142857142855,True
Quality Rule,717192,7,0.2267944792713312,0.8494943891252792,0.42857142857142855,True
Quality Rule,717195,7,0.5756047260135887,0.9477228437151226,0.2857142857142857,True
Quality Rule,717196,1,0.2578087592172886,0.7394142150878906,0.0,True
Quality Rule,717198,7,0.5255270381289224,0.954719543457031,0.2857142857142857,True
Quality Rule,717200,7,0.08053693792700402,0.27215903145926335,0.7142857142857143,True
Quality Rule,717219,7,0.5486463846205937,2.72442136492048,0.14285714285714285,True
Quality Rule,717240,7,0.15235133307660673,0.8045850481305805,0.5714285714285714,True
Quality Rule,717241,7,0.4995716241150761,1.5937630789620538,0.14285714285714285,True
Quality Rule,717246,7,0.5086714504485181,1.2949376787458147,0.2857142857142857,True
Quality Rule,717247,1,0.16446920733146872,0.22588729858398438,1.0,True
Quality Rule,717249,7,0.1515273106316314,0.36844961983816965,0.7142857142857143,True
Quality Rule,717251,7,0.08599966481002912,0.25779288155691965,0.7142857142857143,True
Quality Rule,717252,7,0.24283186887773628,0.5159830365862165,0.5714285714285714,True
Quality Rule,717254,6,0.5168098687902999,1.0061861673990886,0.5,True
Quality Rule,717258,7,0.010047202778570862,0.041229248046875014,1.0,True
Quality Rule,717373,8,0.4472220620446293,0.678469181060791,0.5,True
Quality Rule,717374,8,0.28590054100644763,0.27706480026245117,0.875,True
Quality Rule,717434,7,0.3869240111610966,1.5046086992536272,0.42857142857142855,True
Quality Rule,717435,7,0.6103617485100766,0.8524066380092071,0.2857142857142857,True
Quality Rule,717436,7,0.7159850255434125,2.0290020533970425,0.0,True
Quality Rule,717440,7,0.44973944461079995,0.7282191685267857,0.5714285714285714,True
Quality Rule,717441,8,0.3298051045300224,0.7711200714111328,0.625,True
Quality Rule,717472,6,0.8014206940603605,0.9834957122802734,0.16666666666666666,True
Quality Rule,717473,6,0.6690725159430116,0.6580022176106771,0.3333333333333333,True
Quality Rule,717578,7,0.23111172609585084,1.6454936436244423,0.42857142857142855,True
Quality Rule,717580,7,0.2391882927127757,1.2177156720842635,0.14285714285714285,True
Quality Rule,717582,7,0.36706816415205445,1.0881358555385043,0.2857142857142857,True
Quality Rule,717583,7,1.0,4.991292681012835,0.0,True
Quality Rule,717637,1,0.0,0.0,1.0,True
Quality Rule,717638,7,0.36158691569906154,0.8279980250767299,0.42857142857142855,True
Quality Rule,717640,7,0.19698980431377325,0.626394544328962,0.7142857142857143,True
Quality Rule,717646,7,0.36933483993418614,1.5813037327357702,0.2857142857142857,True
Quality Rule,717650,7,0.8632001708958977,2.2096236092703685,0.0,True
Quality Rule,717654,7,0.8349278700391843,1.7048225402832031,0.0,True
Quality Rule,717673,7,0.15797894080214872,1.1343792506626673,0.42857142857142855,True
Quality Rule,717674,13,0.42013727657286937,0.7223575298602765,0.5384615384615384,True
Quality Rule,717790,7,0.7512585298923238,4.608602796282087,0.14285714285714285,True
Quality Rule,717956,7,0.6519314405855184,1.4854371207101005,0.2857142857142857,True
Quality Rule,717989,7,0.8516649598743867,3.054278782435826,0.0,True
Quality Rule,718130,6,0.8683954359962184,4.151350657145183,0.0,True
Quality Rule,718210,7,0.14393346331112705,0.34944316319056934,0.8571428571428571,True
Quality Rule,718259,14,0.6855477230036326,4.298586164202009,0.14285714285714285,True
Quality Rule,718287,7,0.21556304306020296,0.2635939461844308,0.7142857142857143,True
Quality Rule,718356,7,0.21890360310539766,0.7416469029017857,0.42857142857142855,True
Quality Rule,718364,7,0.2586968389655863,0.7175968715122768,0.42857142857142855,True
Quality Rule,718375,7,0.1644163013830871,0.5372766767229352,0.7142857142857143,True
Quality Rule,718496,7,0.10662461863394869,0.24350520542689733,0.7142857142857143,True
Quality Rule,718499,7,0.3288153658174276,0.6726728166852677,0.42857142857142855,True
Quality Rule,737504,7,0.4471651114714266,0.7457030160086495,0.5714285714285714,True
Quality Rule,759566,7,0.21541005663378734,0.5408041817801339,0.5714285714285714,True
Quality Rule,759762,7,0.14285714285714285,1.275118146623884,0.8571428571428571,True
Quality Rule,759772,1,0.7668588454984234,5.7335968017578125,0.0,True
Quality Rule,759783,7,0.9350046957835085,3.9246837071010043,0.0,True
Quality Rule,759980,7,0.30078640758112657,0.9763139997209821,0.42857142857142855,True
Quality Rule,760987,7,0.5839671684973367,0.9245153154645648,0.2857142857142857,True
Quality Rule,761003,7,0.7852266612638753,2.572558266775949,0.14285714285714285,True
Quality Rule,761206,7,0.07358065407262653,0.23755536760602677,0.8571428571428571,True
Quality Rule,761356,19,0.1758068352634302,0.45034247950503703,0.6842105263157895,True
Quality Rule,761374,7,0.13015522186959616,0.6051782880510602,0.8571428571428571,True
Quality Rule,761552,6,0.9672393811789939,2.647433598836263,0.0,True
Quality Rule,761776,7,0.35014624463402955,0.948502676827567,0.42857142857142855,True
Quality Rule,763479,7,0.7031120009215076,2.8782997131347656,0.14285714285714285,True
Quality Rule,763558,7,0.7157651980557186,2.3531505039760043,0.2857142857142857,True
Quality Rule,763563,7,0.7007573565776408,1.6744788033621651,0.14285714285714285,True
Quality Rule,763573,7,0.06111590187919128,0.7198034014020648,0.7142857142857143,True
Quality Rule,763578,7,0.14285714285714285,2.849609375,0.8571428571428571,True
Quality Rule,763583,7,0.03057514131344216,0.33703395298549105,0.7142857142857143,True
Quality Rule,763649,7,0.6372066218094086,2.2774391174316406,0.14285714285714285,True
Quality Rule,763683,6,0.5411757050707959,1.4233201344807942,0.3333333333333333,True
Quality Rule,764001,8,0.4014625085118421,0.3021354675292969,0.75,True
Quality Rule,764096,7,0.25011509400859044,1.4896229335239954,0.5714285714285714,True
Quality Rule,764222,7,0.3860882134922634,0.40914099557059147,0.7142857142857143,True
Quality Rule,764276,7,0.24222667483589255,0.34021105085100445,0.7142857142857143,True
Quality Rule,764304,7,0.6053556823615386,0.8318961007254465,0.2857142857142857,True
Quality Rule,764311,7,0.5441053541897278,1.5304336547851562,0.2857142857142857,True
Quality Rule,764578,7,0.0462014448055429,0.2669378008161272,0.7142857142857143,True
Quality Rule,764583,1,0.0,0.0,1.0,True
Quality Rule,764814,7,0.07283905885114149,0.3259397234235491,0.7142857142857143,True
Quality Rule,764819,8,0.38564391110303053,1.976395606994629,0.125,True
Quality Rule,764824,7,0.027362235552290688,0.03846849714006689,1.0,True
Quality Rule,764839,13,0.06753198797422913,0.2847301776592548,0.9230769230769231,True
Quality Rule,764848,7,0.10388477996798819,0.12089429582868304,0.8571428571428571,True
Quality Rule,764915,7,0.005070119436175173,0.025036403111049106,1.0,True
Quality Rule,764932,7,0.5152733989230661,0.97716304234096,0.42857142857142855,True
Quality Rule,765150,7,0.047707897143684605,0.12087685721261161,0.8571428571428571,True
Quality Rule,765153,7,0.8288920545317487,4.148563929966518,0.0,True
Quality Rule,765456,13,0.6210701337757025,2.917858123779297,0.15384615384615385,True
Quality Rule,765461,13,0.1971351634652486,0.7099726750300481,0.6923076923076923,True
Quality Rule,765501,48,0.12832611581694445,0.5055671532948812,0.75,True
Quality Rule,765591,6,0.2928434020721693,0.893896738688151,0.6666666666666666,True
Quality Rule,766585,1,0.7493534990334548,3.6776504516601562,0.0,True
Quality Rule,766642,7,0.1973759613727786,3.321996961321149,0.5714285714285714,True
Quality Rule,766703,7,0.4442937259254681,1.4832453046526228,0.2857142857142857,True
Quality Rule,766712,24,0.43753092696616774,1.6219472885131836,0.375,True
Quality Rule,766721,7,0.34175468741306547,0.6728232247488839,0.5714285714285714,True
Quality Rule,766788,7,0.2516142071074845,4.442861284528459,0.0,True
Quality Rule,766843,13,0.6144882191088936,1.4499285771296575,0.15384615384615385,True
Quality Rule,767471,7,0.055342774747031136,0.21574510846819203,0.8571428571428571,True
Quality Rule,767542,7,0.20066543672892928,1.8691771371023995,0.5714285714285714,True
Quality Rule,767554,7,0.5590548478751687,0.8907841273716519,0.2857142857142857,True
Quality Rule,767678,7,0.22347788038204436,0.6722046988351005,0.7142857142857143,True
Quality Rule,767759,13,0.5184082879764897,1.7805654085599458,0.23076923076923078,True
Quality Rule,767760,13,0.5383658965706505,3.2910552391639123,0.38461538461538464,True
Quality Rule,767810,7,0.45009816108086875,2.4877450125558034,0.42857142857142855,True
Quality Rule,767811,7,0.5991957385258871,1.0602367946079798,0.2857142857142857,True
Quality Rule,768328,7,0.3968556871566303,1.2029767717633928,0.2857142857142857,True
Quality Rule,768339,7,0.14695193662365869,0.37592315673828125,0.7142857142857143,True
Quality Rule,768349,8,0.32843751613862704,2.245713710784912,0.125,True
Quality Rule,768779,7,0.14285714285714285,0.18811907087053567,0.8571428571428571,True
Quality Rule,769788,7,0.5316444212131571,0.5227552141462054,0.7142857142857143,True
Quality Rule,769847,7,1.0,3.028332846505301,0.0,True
Quality Rule,769866,18,0.6893406523506477,2.267321480645074,0.16666666666666666,True
Quality Rule,769867,18,0.3821452017878236,1.1013539632161458,0.4444444444444444,True
Quality Rule,769880,13,0.5078840248265485,1.2392261211688702,0.3076923076923077,True
Quality Rule,769895,25,0.42103623025358167,1.2786497497558593,0.44,True
Quality Rule,769926,7,0.8571428571428571,13.319844382149833,0.14285714285714285,True
Quality Rule,769965,25,0.3104136973425704,1.6364987182617188,0.4,True
Quality Rule,770061,7,0.6809450138325656,0.5935298374720982,0.42857142857142855,True
Quality Rule,770089,7,0.42857142857142855,0.5190604073660714,0.5714285714285714,True
Quality Rule,770129,7,0.05190658701887883,0.6855261666434151,0.42857142857142855,True
Quality Rule,770141,24,0.24937183462945553,0.45547342300415034,0.7083333333333334,True
Quality Rule,770187,13,0.2646310218330339,0.5676973783052884,0.38461538461538464,True
Quality Rule,770275,7,0.37851492256253955,0.6948416573660714,0.42857142857142855,True
Quality Rule,773890,7,0.05899984688269899,0.19801603044782365,0.8571428571428571,True
Quality Rule,773927,7,0.19620566244232446,1.7685634068080358,0.14285714285714285,True
Quality Rule,774204,7,0.4632533671746623,0.8642659868512835,0.42857142857142855,True
Quality Rule,774491,7,0.8538088296861793,6.117090497698102,0.0,True
Quality Rule,774728,7,0.15868036527884444,0.5062670026506696,0.42857142857142855,True
Quality Rule,774729,7,0.8441539573396465,2.2888946533203125,0.0,True
Quality Rule,774877,7,0.580835452001091,0.7538037981305805,0.2857142857142857,True
Quality Rule,774878,7,0.1546739514708025,4.062828881399972,0.42857142857142855,True
Quality Rule,775029,7,0.6858013219995132,2.8168465750558034,0.14285714285714285,True
Quality Rule,775511,30,0.2148646349550996,0.5046305338541667,0.5666666666666667,True
Quality Rule,775536,43,0.4572813861973892,1.204418093659157,0.5116279069767442,True
Quality Rule,775552,7,0.6590204807056658,1.0006070818219868,0.2857142857142857,True
Quality Rule,776465,7,0.3532282218767709,1.2493765694754464,0.2857142857142857,True
Quality Rule,776493,7,0.5478334138245498,5.4482846941266745,0.0,True
Quality Rule,776751,7,0.8432786335770996,3.862748282296317,0.14285714285714285,True
Quality Rule,776752,7,0.7499604881273874,3.803297315325056,0.14285714285714285,True
Quality Rule,777212,7,0.7535619881477873,4.446874891008649,0.14285714285714285,True
Ridge,715938,7,0.6263250263689116,3.152873992919922,0.0,True
Ridge,716085,7,0.5916497277962289,2.039224897112165,0.2857142857142857,True
Ridge,716088,7,0.5194286705149509,0.8729967389787946,0.2857142857142857,True
Ridge,716091,7,0.5605667066566609,0.7905867440359933,0.42857142857142855,True
Ridge,716152,7,0.2722366961712218,0.2599830627441407,0.8571428571428571,True
Ridge,716551,7,0.9208996396585312,3.9321507045200894,0.0,True
Ridge,716554,7,0.19801035740249823,0.46067592075892855,0.5714285714285714,True
Ridge,716929,7,0.6414327554207544,3.0725048610142305,0.0,True
Ridge,716930,7,0.16669794570948074,1.5633997235979353,0.7142857142857143,True
Ridge,716934,7,0.7096163594422001,4.829493386404855,0.2857142857142857,True
Ridge,716986,7,0.350184105705257,1.408266339983259,0.2857142857142857,True
Ridge,717075,7,0.18631137513729476,1.0622378758021764,0.14285714285714285,True
Ridge,717077,7,0.5886459585690458,0.8746005467006138,0.42857142857142855,True
Ridge,717083,7,0.19481824053778313,1.5378570556640625,0.2857142857142857,True
Ridge,717087,7,0.17174755800922384,0.6565535409109933,0.8571428571428571,True
Ridge,717089,13,0.12273310327777581,0.761378655066857,0.6923076923076923,True
Ridge,717091,7,0.4386445815114506,1.0071520124162947,0.42857142857142855,True
Ridge,717093,7,0.24059273228244263,2.619384220668248,0.14285714285714285,True
Ridge,717097,7,0.21064552375824125,1.6078360421316964,0.2857142857142857,True
Ridge,717101,7,0.6317723125762645,1.4420149666922433,0.14285714285714285,True
Ridge,717108,7,0.7944639838665326,1.820211683000837,0.0,True
Ridge,717112,7,0.8201156379360782,1.9371256147112166,0.0,True
Ridge,717142,7,0.4784952900055578,1.2322801862444197,0.42857142857142855,True
Ridge,717150,7,0.0770603370293401,0.3398829868861607,0.7142857142857143,True
Ridge,717154,7,0.02379654882120393,0.2468686785016741,0.8571428571428571,True
Ridge,717160,7,1.0,4.505216870989118,0.0,True
Ridge,717174,7,0.6430397560269084,0.9942496163504464,0.2857142857142857,True
Ridge,717176,7,0.4327777088157564,1.6940879821777344,0.2857142857142857,True
Ridge,717185,7,0.7636565909087075,1.1799981253487724,0.14285714285714285,True
Ridge,717187,7,0.3727494473400624,1.228729248046875,0.2857142857142857,True
Ridge,717190,7,0.4818687367517237,0.7248889378138951,0.2857142857142857,True
Ridge,717192,7,0.3009437015090963,1.0753795078822546,0.2857142857142857,True
Ridge,717195,7,0.5340632035266303,0.8496082850864956,0.2857142857142857,True
Ridge,717196,1,0.0,0.0,1.0,True
Ridge,717198,7,0.5121508115438795,0.9169420514787944,0.2857142857142857,True
Ridge,717200,7,0.7032625492369246,2.396246773856027,0.14285714285714285,True
Ridge,717219,7,0.2115486410305832,0.7062486921037946,0.5714285714285714,True
Ridge,717240,7,0.5146919222143257,2.217025756835938,0.14285714285714285,True
Ridge,717241,7,0.3567144812579332,1.233174460274833,0.2857142857142857,True
Ridge,717246,7,0.6198418205648549,1.802405766078404,0.0,True
Ridge,717247,1,0.8638251068640167,1.1864051818847656,0.0,True
Ridge,717249,7,1.0,3.5974840436662947,0.0,True
Ridge,717251,7,0.15593671642880613,0.5320630754743304,0.5714285714285714,True
Ridge,717252,7,0.8671726239974475,3.399517059326172,0.14285714285714285,True
Ridge,717254,6,0.25184387344883036,0.7326126098632811,0.3333333333333333,True
Ridge,717258,7,0.7986302918865482,2.9309169224330356,0.14285714285714285,True
Ridge,717373,8,0.5001236456861509,0.8249340057373047,0.375,True
Ridge,717374,8,0.8791072868553002,1.18825101852417,0.125,True
Ridge,717434,7,0.1402959564269993,0.8902691432407924,0.5714285714285714,True
Ridge,717435,7,0.7314472878739495,1.2750778198242183,0.14285714285714285,True
Ridge,717436,7,0.30354236384548466,2.4699325561523438,0.5714285714285714,True
Ridge,717440,7,0.5473498944240076,1.8483243669782365,0.42857142857142855,True
Ridge,717441,8,0.5798051045300223,3.243630886077881,0.375,True
Ridge,717472,6,0.8016423786233969,1.1260579427083333,0.16666666666666666,True
Ridge,717473,6,0.6690725159430116,0.6580022176106771,0.3333333333333333,True
Ridge,717578,7,0.25084890413334954,1.3905508858816964,0.2857142857142857,True
Ridge,717580,7,0.08061375783755119,0.3321636744907925,0.7142857142857143,True
Ridge,717582,7,0.2882825215034835,0.9188232421875,0.42857142857142855,True
Ridge,717583,7,0.8630065476340258,4.035972595214844,0.14285714285714285,True
Ridge,717637,1,1.0,27.594631195068366,0.0,True
Ridge,717638,7,0.2481331586557872,0.607280731201172,0.5714285714285714,True
Ridge,717640,7,0.08577558659033645,0.24621309552873885,0.7142857142857143,True
Ridge,717646,7,0.5251189457482291,1.9618399483816964,0.14285714285714285,True
Ridge,717650,7,0.4538396747097147,1.0147606985909599,0.2857142857142857,True
Ridge,717654,7,0.4156521117155001,0.7933594839913505,0.42857142857142855,True
Ridge,717673,7,0.22332694520289667,1.5872410365513392,0.2857142857142857,True
Ridge,717674,13,0.61197844162526,1.4551966740534856,0.38461538461538464,True
Ridge,717790,7,0.3911839816413752,3.1027352469308034,0.42857142857142855,True
Ridge,717956,7,0.6519314405855184,1.4854371207101005,0.2857142857142857,True
Ridge,717989,7,0.41313175828945264,1.6443835667201452,0.42857142857142855,True
Ridge,718130,6,0.8683954359962184,4.151350657145183,0.0,True
Ridge,718210,7,0.2846749314118594,1.0164190019880022,0.42857142857142855,True
Ridge,718259,14,0.480254350269532,2.567122323172433,0.14285714285714285,True
Ridge,718287,7,0.2909978351840806,0.7953469412667411,0.7142857142857143,True
Ridge,718356,7,0.7264506286004532,2.143041338239397,0.0,True
Ridge,718364,7,0.19686512827700248,0.8524791172572544,0.5714285714285714,True
Ridge,718375,7,0.38061669251584973,2.754950387137277,0.42857142857142855,True
Ridge,718496,7,0.09072256193513153,0.19174848284040177,0.7142857142857143,True
Ridge,718499,7,0.24366963523750845,0.4289332798549107,0.5714285714285714,True
Ridge,737504,7,0.2364797037545068,0.23826490129743308,0.7142857142857143,True
Ridge,759566,7,0.2862612467649524,1.6736368451799666,0.42857142857142855,True
Ridge,759762,7,0.14983920803756284,0.9366580418178013,0.42857142857142855,True
Ridge,759772,1,0.0,0.0,1.0,True
Ridge,759783,7,0.8145908657164966,3.2603601728166858,0.0,True
Ridge,759980,7,0.44627107805890337,1.8550769260951452,0.2857142857142857,True
Ridge,760987,7,0.6679192475610873,1.106118883405413,0.2857142857142857,True
Ridge,761003,7,0.6718885278313145,1.8780664716448103,0.2857142857142857,True
Ridge,761206,7,0.2021369508851068,0.7263668605259487,0.7142857142857143,True
Ridge,761356,19,0.1899517657651235,0.6804255435341283,0.631578947368421,True
Ridge,761374,7,0.28691989858442035,1.2464741298130584,0.5714285714285714,True
Ridge,761552,6,0.6752811689847221,1.6594924926757812,0.16666666666666666,True
Ridge,761776,7,0.7547109480827103,1.8109332493373327,0.0,True
Ridge,763479,7,0.7480510241298187,3.051264081682478,0.14285714285714285,True
Ridge,763558,7,0.7092671031270915,2.3339266095842635,0.2857142857142857,True
Ridge,763563,7,0.7536084699936876,1.7624201093401228,0.14285714285714285,True
Ridge,763573,7,0.09488058406878278,0.26496451241629465,0.8571428571428571,True
Ridge,763578,7,0.17962765196086292,2.794750213623047,0.42857142857142855,True
Ridge,763583,7,0.1671677531243936,5.219021388462612,0.5714285714285714,True
Ridge,763649,7,0.7573903323887506,2.5108261108398438,0.14285714285714285,True
Ridge,763683,6,0.4818193822053394,1.149462381998698,0.5,True
Ridge,764001,8,0.6281697517852809,0.4251914024353032,0.625,True
Ridge,764096,7,0.13661383149984424,0.40749631609235487,0.7142857142857143,True
Ridge,764222,7,0.27020083041770426,0.2747797284807477,0.8571428571428571,True
Ridge,764276,7,0.7326286449328591,1.0939598083496094,0.14285714285714285,True
Ridge,764304,7,0.6512347545825298,0.8971132550920761,0.2857142857142857,True
Ridge,764311,7,0.5623476188215892,1.5879391261509486,0.2857142857142857,True
Ridge,764578,7,0.21932892544218566,0.778036390032087,0.5714285714285714,True
Ridge,764583,1,1.0,21.769607543945312,0.0,True
Ridge,764814,7,0.4629773694310596,2.301508222307478,0.42857142857142855,True
Ridge,764819,8,0.16361840445482856,0.9344482421875,0.25,True
Ridge,764824,7,0.4062264383337097,0.9880283900669643,0.2857142857142857,True
Ridge,764839,13,0.014616559390232847,0.031982421875,1.0,True
Ridge,764848,7,0.14285714285714285,0.1662477765764509,0.8571428571428571,True
Ridge,764915,7,0.016800147565815663,0.03653063092912947,1.0,True
Ridge,764932,7,0.5681980696306189,1.1279918125697546,0.42857142857142855,True
Ridge,765150,7,0.19056504000082744,0.8596153259277344,0.7142857142857143,True
Ridge,765153,7,0.23011217931276023,1.3661199297223772,0.7142857142857143,True
Ridge,765456,13,0.35680889277715444,1.8994155296912558,0.46153846153846156,True
Ridge,765461,13,0.20286007013262353,0.6694388756385217,0.6923076923076923,True
Ridge,765501,48,0.11400817280439735,0.42750922838846844,0.7708333333333334,True
Ridge,765591,6,0.2928434020721693,0.893896738688151,0.6666666666666666,True
Ridge,766585,1,1.0,4.907764434814453,0.0,True
Ridge,766642,7,0.19922247663502116,2.197969164167131,0.42857142857142855,True
Ridge,766703,7,0.20712038422017304,0.6148877825055804,0.7142857142857143,True
Ridge,766712,24,0.3314657654357759,1.1310710906982422,0.5416666666666666,True
Ridge,766721,7,0.6854227384429254,1.2793709891183036,0.2857142857142857,True
Ridge,766788,7,0.18717520805831195,3.376878465924944,0.2857142857142857,True
Ridge,766843,13,0.7051796985782927,1.9748951838566706,0.23076923076923078,True
Ridge,767471,7,0.01133734665297888,0.041002546037946494,1.0,True
Ridge,767542,7,0.519555050245959,5.699655260358538,0.2857142857142857,True
Ridge,767554,7,0.5500943118518343,0.8660169328962054,0.2857142857142857,True
Ridge,767678,7,0.48743452857660324,1.5296968732561385,0.2857142857142857,True
Ridge,767759,13,0.16549468031382597,1.0288399916428785,0.5384615384615384,True
Ridge,767760,13,0.45628877277686475,2.3368990971491885,0.5384615384615384,True
Ridge,767810,7,0.5900211972521063,3.334397452218192,0.2857142857142857,True
Ridge,767811,7,0.5871242832895591,1.3628414699009486,0.2857142857142857,True
Ridge,768328,7,0.23330503414443518,0.6797240121023996,0.2857142857142857,True
Ridge,768339,7,0.7789906483348644,2.746443067278181,0.14285714285714285,True
Ridge,768349,8,0.363936155105577,2.2110533714294434,0.125,True
Ridge,768779,7,0.21163052474755836,0.5189072745186942,0.7142857142857143,True
Ridge,769788,7,0.5316444212131571,0.5227552141462054,0.7142857142857143,True
Ridge,769847,7,0.4803678950777765,1.4052418300083704,0.42857142857142855,True
Ridge,769866,18,0.4913021171024442,1.6813812255859375,0.3333333333333333,True
Ridge,769867,18,0.4189759099007177,1.2490577697753906,0.4444444444444444,True
Ridge,769880,13,0.5718017099791282,1.5007335956280048,0.23076923076923078,True
Ridge,769895,25,0.48180691450329044,1.4661465454101563,0.4,True
Ridge,769926,7,0.14285714285714285,0.5254532950265067,0.8571428571428571,True
Ridge,769965,25,0.299610687491801,1.6043544006347656,0.52,True
Ridge,770061,7,0.659295256137541,0.5724683489118304,0.42857142857142855,True
Ridge,770089,7,0.4987991670234389,0.6111341203962054,0.42857142857142855,True
Ridge,770129,7,0.07748425750611057,0.7515830993652344,0.2857142857142857,True
Ridge,770141,24,0.27878204241515686,0.5432197252909342,0.5833333333333334,True
Ridge,770187,13,0.345133536735409,1.1904132549579327,0.3076923076923077,True
Ridge,770275,7,0.7404040860830985,2.5519300188337053,0.2857142857142857,True
Ridge,773890,7,0.14285714285714285,0.4794589451381138,0.8571428571428571,True
Ridge,773927,7,0.0638554320484014,0.623068128313337,0.5714285714285714,True
Ridge,774204,7,0.570117463682911,1.1959130423409599,0.42857142857142855,True
Ridge,774491,7,0.11957064740649323,1.7212562561035152,0.8571428571428571,True
Ridge,774728,7,0.9702889411986597,3.5068691798618863,0.0,True
Ridge,774729,7,0.6953656006516696,1.910966055733817,0.14285714285714285,True
Ridge,774877,7,0.6003103064970112,0.9796366010393415,0.2857142857142857,True
Ridge,774878,7,0.17299271660962948,4.672457831246512,0.42857142857142855,True
Ridge,775029,7,0.6051579388896586,3.617899758475167,0.0,True
Ridge,775511,30,0.34426468602211036,0.9859036763509115,0.6666666666666666,True
Ridge,775536,43,0.522547563309828,1.237554949383403,0.5581395348837209,True
Ridge,775552,7,0.5159748413645745,0.7881949288504465,0.42857142857142855,True
Ridge,776465,7,0.4492373659617744,1.8252034868512834,0.42857142857142855,True
Ridge,776493,7,0.2589935494597615,1.6587971278599327,0.5714285714285714,True
Ridge,776751,7,0.16896048915050704,0.7894178118024554,0.2857142857142857,True
Ridge,776752,7,0.22458142473708723,4.0393973759242465,0.7142857142857143,True
Ridge,777212,7,0.5766909866873935,2.951784406389509,0.14285714285714285,True
XGBoost,715938,7,0.6520184012352003,3.332619803292411,0.0,True
XGBoost,716085,7,0.7905512216781954,2.149797167096819,0.14285714285714285,True
XGBoost,716088,7,0.4066889098730643,0.6261062622070312,0.42857142857142855,True
XGBoost,716091,7,0.5186732659207519,0.6983615330287388,0.42857142857142855,True
XGBoost,716152,7,0.20630855660783812,0.18824441092354904,1.0,True
XGBoost,716551,7,0.21392686725738633,0.867471422467913,0.5714285714285714,True
XGBoost,716554,7,0.2685217608211209,0.5126479012625558,0.42857142857142855,True
XGBoost,716929,7,0.6155556964099986,2.8360791887555803,0.0,True
XGBoost,716930,7,0.29657226750412075,2.6608979361397878,0.0,True
XGBoost,716934,7,0.8822942039186437,5.624846322195871,0.0,True
XGBoost,716986,7,0.3857386837275149,1.5057182312011719,0.14285714285714285,True
XGBoost,717075,7,0.2421690625354979,1.1427258082798548,0.14285714285714285,True
XGBoost,717077,7,0.4878861092193699,0.4709745134626116,0.5714285714285714,True
XGBoost,717083,7,0.20834715444238844,1.6371241978236608,0.14285714285714285,True
XGBoost,717087,7,0.06362111932208081,0.19235774448939727,0.8571428571428571,True
XGBoost,717089,13,0.5041859000403567,1.5365113478440504,0.38461538461538464,True
XGBoost,717091,7,0.6701040163577898,1.2227390834263392,0.14285714285714285,True
XGBoost,717093,7,0.15345560233079517,1.514113289969308,0.2857142857142857,True
XGBoost,717097,7,0.11756194005004157,0.8941525050571987,0.42857142857142855,True
XGBoost,717101,7,0.6680511412174364,1.5142440795898438,0.14285714285714285,True
XGBoost,717108,7,0.601686755089509,1.2150001525878906,0.14285714285714285,True
XGBoost,717112,7,0.32142973539294084,0.5501338413783482,0.5714285714285714,True
XGBoost,717142,7,0.483127486570465,0.9263425554547992,0.42857142857142855,True
XGBoost,717150,7,0.07419302241444949,0.5472711835588727,0.8571428571428571,True
XGBoost,717154,7,0.0,0.0,1.0,True
XGBoost,717160,7,0.6830225811845472,3.3360655648367747,0.0,True
XGBoost,717174,7,0.7901991761522851,1.1005793980189733,0.0,True
XGBoost,717176,7,0.313929392736421,1.1465824672154017,0.2857142857142857,True
XGBoost,717185,7,0.7142857142857143,1.0524019513811385,0.2857142857142857,True
XGBoost,717187,7,0.4745058217255324,1.6476631164550781,0.0,True
XGBoost,717190,7,0.6627323196444695,0.9279272896902901,0.2857142857142857,True
XGBoost,717192,7,0.2267944792713312,0.8494943891252792,0.42857142857142855,True
XGBoost,717195,7,0.5756047260135887,0.9477228437151226,0.2857142857142857,True
XGBoost,717196,1,0.2578087592172886,0.7394142150878906,0.0,True
XGBoost,717198,7,0.6683841809860652,1.1061521257672988,0.14285714285714285,True
XGBoost,717200,7,0.6474529088069538,2.283614022391183,0.14285714285714285,True
XGBoost,717219,7,0.8880052042155133,3.8084994724818637,0.0,True
XGBoost,717240,7,0.8709945051597423,2.9339185442243303,0.0,True
XGBoost,717241,7,0.386202271383837,1.1352795192173548,0.5714285714285714,True
XGBoost,717246,7,0.4869098640216928,1.2757971627371651,0.2857142857142857,True
XGBoost,717247,1,0.16446920733146872,0.22588729858398438,1.0,True
XGBoost,717249,7,0.29438445348877423,0.834259033203125,0.5714285714285714,True
XGBoost,717251,7,0.08599966481002912,0.25779288155691965,0.7142857142857143,True
XGBoost,717252,7,0.31861006948586906,0.9895727975027901,0.42857142857142855,True
XGBoost,717254,6,0.12294578987026199,0.2931632995605469,0.6666666666666666,True
XGBoost,717258,7,0.06649051867736268,0.41724722726004465,0.8571428571428571,True
XGBoost,717373,8,0.8697746712452761,1.534407615661621,0.0,True
XGBoost,717374,8,0.7541072868553002,1.0030198097229004,0.25,True
XGBoost,717434,7,0.3456586670878005,1.0705441066196986,0.5714285714285714,True
XGBoost,717435,7,0.704123122039185,0.8992522103445866,0.14285714285714285,True
XGBoost,717436,7,0.5540612573822701,1.2721061706542969,0.14285714285714285,True
XGBoost,717440,7,0.5925965874679429,1.8714594159807478,0.42857142857142855,True
XGBoost,717441,8,0.4548051045300224,1.4607176780700684,0.5,True
XGBoost,717472,6,0.8014206940603605,0.9834957122802734,0.16666666666666666,True
XGBoost,717473,6,0.16666666666666666,0.18054199218749992,0.8333333333333334,True
XGBoost,717578,7,0.3422562292628327,2.145402635846819,0.14285714285714285,True
XGBoost,717580,7,0.2391882927127757,1.2177156720842635,0.14285714285714285,True
XGBoost,717582,7,0.36706816415205445,1.0881358555385043,0.2857142857142857,True
XGBoost,717583,7,0.47788344448461045,2.5990355355398997,0.14285714285714285,True
XGBoost,717637,1,0.6445943033553608,17.787342071533203,0.0,True
XGBoost,717638,7,0.36158691569906154,0.8279980250767299,0.42857142857142855,True
XGBoost,717640,7,0.19698980431377325,0.626394544328962,0.7142857142857143,True
XGBoost,717646,7,0.4627586702829148,1.9768660409109933,0.2857142857142857,True
XGBoost,717650,7,0.9348046248317321,2.500260489327567,0.0,True
XGBoost,717654,7,0.16121735755487362,0.3290388924734933,0.8571428571428571,True
XGBoost,717673,7,0.15797894080214872,1.1343792506626673,0.42857142857142855,True
XGBoost,717674,13,0.4576619450271378,0.8643355736365685,0.46153846153846156,True
XGBoost,717790,7,0.7142857142857143,3.8447598048618863,0.2857142857142857,True
XGBoost,717956,7,0.48228896875669314,0.8982603890555245,0.42857142857142855,True
XGBoost,717989,7,0.20858388827089147,0.9425691877092633,0.7142857142857143,True
XGBoost,718130,6,0.6254592939764803,2.9976043701171875,0.16666666666666666,True
XGBoost,718210,7,0.14393346331112705,0.34944316319056934,0.8571428571428571,True
XGBoost,718259,14,0.45576172537285675,2.6197471618652344,0.35714285714285715,True
XGBoost,718287,7,0.21556304306020296,0.2635939461844308,0.7142857142857143,True
XGBoost,718356,7,0.3401331296116416,1.1873512268066406,0.42857142857142855,True
XGBoost,718364,7,0.5110160687066703,1.4423784528459822,0.2857142857142857,True
XGBoost,718375,7,0.4987514763923842,2.905077798025949,0.2857142857142857,True
XGBoost,718496,7,0.09072256193513153,0.19174848284040177,0.7142857142857143,True
XGBoost,718499,7,0.6601570115362537,1.4151921953473772,0.0,True
XGBoost,737504,7,0.5467494327510914,0.5521714346749441,0.42857142857142855,True
XGBoost,759566,7,0.614646815617778,2.4149578639439175,0.0,True
XGBoost,759762,7,0.2947004858895571,2.2287199837820872,0.2857142857142857,True
XGBoost,759772,1,1.0,7.4767303466796875,0.0,True
XGBoost,759783,7,0.7790165280245321,3.462957109723772,0.14285714285714285,True
XGBoost,759980,7,0.30816798835846765,1.0013329642159599,0.42857142857142855,True
XGBoost,760987,7,0.5839671684973367,0.9245153154645648,0.2857142857142857,True
XGBoost,761003,7,0.28149134010037363,1.188553946358817,0.7142857142857143,True
XGBoost,761206,7,0.1621083267819919,0.5784732273646763,0.8571428571428571,True
XGBoost,761356,19,0.1992215126527132,0.5506941142835116,0.5789473684210527,True
XGBoost,761374,7,0.0,0.0,1.0,True
XGBoost,761552,6,0.9672393811789939,2.647433598836263,0.0,True
XGBoost,761776,7,0.4393998405953918,1.2216589791434151,0.42857142857142855,True
XGBoost,763479,7,0.7031120009215076,2.8782997131347656,0.14285714285714285,True
XGBoost,763558,7,0.5584895439660086,1.5428564889090401,0.14285714285714285,True
XGBoost,763563,7,0.37391746592374997,0.6314293997628349,0.5714285714285714,True
XGBoost,763573,7,0.06111590187919128,0.7198034014020648,0.7142857142857143,True
XGBoost,763578,7,0.19201594726260432,3.2082933698381697,0.5714285714285714,True
XGBoost,763583,7,0.17343228417058504,5.442923409598214,0.5714285714285714,True
XGBoost,763649,7,0.8779296655555973,3.150860922677176,0.14285714285714285,True
XGBoost,763683,6,0.5411757050707959,1.4233201344807942,0.3333333333333333,True
XGBoost,764001,8,0.15146250851184212,0.01894664764404297,1.0,True
XGBoost,764096,7,0.6740433477583864,2.9417724609375,0.0,True
XGBoost,764222,7,0.16832623886864462,0.1708112444196428,1.0,True
XGBoost,764276,7,0.5763611518942524,0.8656654357910156,0.2857142857142857,True
XGBoost,764304,7,0.5195795978735674,0.709965297154018,0.42857142857142855,True
XGBoost,764311,7,0.43053511016521134,1.1381072998046875,0.14285714285714285,True
XGBoost,764578,7,0.0462014448055429,0.2669378008161272,0.7142857142857143,True
XGBoost,764583,1,1.0,21.769607543945312,0.0,True
XGBoost,764814,7,0.8800287928053533,3.0801942007882253,0.0,True
XGBoost,764819,8,0.6533325326267417,3.4476757049560547,0.125,True
XGBoost,764824,7,0.3241911320194311,0.9184123447963168,0.42857142857142855,True
XGBoost,764839,13,0.06753198797422913,0.2847301776592548,0.9230769230769231,True
XGBoost,764848,7,0.10388477996798819,0.12089429582868304,0.8571428571428571,True
XGBoost,764915,7,0.0010122139974010423,0.004998343331473214,1.0,True
XGBoost,764932,7,0.5316332671601232,1.0253306797572546,0.42857142857142855,True
XGBoost,765150,7,1.0,3.8344993591308594,0.0,True
XGBoost,765153,7,0.8739199492124582,4.512547084263393,0.0,True
XGBoost,765456,13,0.6047541370383498,2.6196039639986477,0.15384615384615385,True
XGBoost,765461,13,0.3229555789726698,1.2046441298264723,0.3076923076923077,True
XGBoost,765501,48,0.22433658166076456,1.2824326356252034,0.625,True
XGBoost,765591,6,0.31735966510168273,1.1194178263346355,0.16666666666666666,True
XGBoost,766585,1,0.7427124359037139,3.6450576782226562,0.0,True
XGBoost,766642,7,0.11911955560189748,1.8004172188895085,0.7142857142857143,True
XGBoost,766703,7,0.8571428571428571,2.455733163016183,0.14285714285714285,True
XGBoost,766712,24,0.44263211347509884,1.526436487833659,0.16666666666666666,True
XGBoost,766721,7,0.33028514982111284,0.553098406110491,0.5714285714285714,True
XGBoost,766788,7,0.25436018784347464,4.497045244489397,0.0,True
XGBoost,766843,13,0.471071887083781,1.2199032123272235,0.38461538461538464,True
XGBoost,767471,7,0.03735895933270143,0.14836338588169642,0.8571428571428571,True
XGBoost,767542,7,0.4459078705292943,5.117622920445034,0.0,True
XGBoost,767554,7,0.5590548478751687,0.8907841273716519,0.2857142857142857,True
XGBoost,767678,7,0.6833186438201565,2.7017135620117188,0.0,True
XGBoost,767759,13,0.4165873947782008,2.349420107327975,0.3076923076923077,True
XGBoost,767760,13,0.09859439796319323,0.22823656522310698,0.8461538461538461,True
XGBoost,767810,7,0.4817011543536763,2.7535547528948103,0.2857142857142857,True
XGBoost,767811,7,0.637794364816601,1.2968570164271764,0.14285714285714285,True
XGBoost,768328,7,0.2299005740141951,0.6706886291503907,0.2857142857142857,True
XGBoost,768339,7,0.14695193662365869,0.37592315673828125,0.7142857142857143,True
XGBoost,768349,8,0.3169817646455266,1.8323931694030762,0.125,True
XGBoost,768779,7,0.14285714285714285,0.18811907087053567,0.8571428571428571,True
XGBoost,769788,7,0.6745015640703,0.6682101658412387,0.5714285714285714,True
XGBoost,769847,7,0.5421300805999775,1.6166518075125558,0.0,True
XGBoost,769866,18,0.23525890494838844,0.7150035434299045,0.6111111111111112,True
XGBoost,769867,18,0.4415213379010219,1.23499510023329,0.3888888888888889,True
XGBoost,769880,13,0.4264408279554581,0.9524782620943509,0.46153846153846156,True
XGBoost,769895,25,0.3705341464276535,1.3448968505859376,0.32,True
XGBoost,769926,7,0.0,0.0,1.0,True
XGBoost,769965,25,0.26545738765316856,1.5645892333984375,0.52,True
XGBoost,770061,7,0.47831135827445354,0.40976715087890625,0.7142857142857143,True
XGBoost,770089,7,0.42857142857142855,0.5190604073660714,0.5714285714285714,True
XGBoost,770129,7,0.0974147086838678,0.6358718872070312,0.42857142857142855,True
XGBoost,770141,24,0.24937183462945553,0.45547342300415034,0.7083333333333334,True
XGBoost,770187,13,0.14907331289107642,0.33078941932091344,0.7692307692307693,True
XGBoost,770275,7,0.5213720654196824,1.9318150111607146,0.2857142857142857,True
XGBoost,773890,7,0.05899984688269899,0.19801603044782365,0.8571428571428571,True
XGBoost,773927,7,0.2941302907290351,3.1276561192103793,0.0,True
XGBoost,774204,7,0.570117463682911,1.1959130423409599,0.42857142857142855,True
XGBoost,774491,7,0.8104377273423535,5.417478833879743,0.0,True
XGBoost,774728,7,0.420335766445885,1.4772109985351562,0.2857142857142857,True
XGBoost,774729,7,0.8441539573396465,2.2888946533203125,0.0,True
XGBoost,774877,7,0.580835452001091,0.7538037981305805,0.2857142857142857,True
XGBoost,774878,7,0.18800434950873152,5.172028950282505,0.42857142857142855,True
XGBoost,775029,7,0.189842476456324,1.9081208365304125,0.5714285714285714,True
XGBoost,775511,30,0.38583779106662486,1.119744364420573,0.5666666666666667,True
XGBoost,775536,43,0.46004103104362065,1.3851058427677598,0.5813953488372093,True
XGBoost,775552,7,0.2805760946138242,0.4763919285365513,0.7142857142857143,True
XGBoost,776465,7,0.28270431007374575,1.084054674421038,0.14285714285714285,True
XGBoost,776493,7,0.21471355864857453,1.2229129246303014,0.5714285714285714,True
XGBoost,776751,7,0.09724272759871565,0.3595755440848209,0.5714285714285714,True
XGBoost,776752,7,0.38134210626188775,4.819089344569615,0.2857142857142857,True
XGBoost,777212,7,0.3539340450129786,1.885180882045201,0.5714285714285714,True
