target_station,candidate_station,candidate_rank,route_freeway,direction,target_postmile,candidate_postmile,distance,distance_unit,candidate_pool_K,candidate_rule
715938,716929,1,5,N,128.813,129.263,0.45000000000001705,absolute_postmile,5,same_freeway_same_direction_abs_postmile_then_station_id
715938,716925,2,5,N,128.813,128.173,0.6399999999999864,absolute_postmile,5,same_freeway_same_direction_abs_postmile_then_station_id
715938,764435,3,5,N,128.813,129.656,0.8430000000000177,absolute_postmile,5,same_freeway_same_direction_abs_postmile_then_station_id
715938,763975,4,5,N,128.813,127.933,0.8799999999999812,absolute_postmile,5,same_freeway_same_direction_abs_postmile_then_station_id
715938,715944,5,5,N,128.813,129.983,1.170000000000016,absolute_postmile,5,same_freeway_same_direction_abs_postmile_then_station_id
716085,717070,1,10,E,20.04,19.75,0.28999999999999915,absolute_postmile,5,same_freeway_same_direction_abs_postmile_then_station_id
716085,716087,2,10,E,20.04,20.51,0.4700000000000024,absolute_postmile,5,same_freeway_same_direction_abs_postmile_then_station_id
716085,737344,3,10,E,20.04,19.54,0.5,absolute_postmile,5,same_freeway_same_direction_abs_postmile_then_station_id
716085,716081,4,10,E,20.04,19.29,0.75,absolute_postmile,5,same_freeway_same_direction_abs_postmile_then_station_id
716085,765451,5,10,E,20.04,20.897,0.8569999999999993,absolute_postmile,5,same_freeway_same_direction_abs_postmile_then_station_id
716088,717073,1,10,W,20.53,20.8,0.2699999999999996,absolute_postmile,5,same_freeway_same_direction_abs_postmile_then_station_id
716088,717071,2,10,W,20.53,20.22,0.3100000000000023,absolute_postmile,5,same_freeway_same_direction_abs_postmile_then_station_id
716088,716084,3,10,W,20.53,19.75,0.7800000000000011,absolute_postmile,5,same_freeway_same_direction_abs_postmile_then_station_id
716088,716091,4,10,W,20.53,21.32,0.7899999999999991,absolute_postmile,5,same_freeway_same_direction_abs_postmile_then_station_id
716088,737345,5,10,W,20.53,19.54,0.990000000000002,absolute_postmile,5,same_freeway_same_direction_abs_postmile_then_station_id
716091,717079,1,10,W,21.32,21.79,0.46999999999999886,absolute_postmile,5,same_freeway_same_direction_abs_postmile_then_station_id
716091,717073,2,10,W,21.32,20.8,0.5199999999999996,absolute_postmile,5,same_freeway_same_direction_abs_postmile_then_station_id
716091,717081,3,10,W,21.32,21.88,0.5599999999999987,absolute_postmile,5,same_freeway_same_direction_abs_postmile_then_station_id
716091,716088,4,10,W,21.32,20.53,0.7899999999999991,absolute_postmile,5,same_freeway_same_direction_abs_postmile_then_station_id
716091,717071,5,10,W,21.32,20.22,1.1000000000000014,absolute_postmile,5,same_freeway_same_direction_abs_postmile_then_station_id
716152,717190,1,10,E,34.4,34.0,0.3999999999999986,absolute_postmile,5,same_freeway_same_direction_abs_postmile_then_station_id
716152,717185,2,10,E,34.4,33.86,0.5399999999999991,absolute_postmile,5,same_freeway_same_direction_abs_postmile_then_station_id
716152,717195,3,10,E,34.4,34.96,0.5600000000000023,absolute_postmile,5,same_freeway_same_direction_abs_postmile_then_station_id
716152,717198,4,10,E,34.4,35.064,0.6640000000000015,absolute_postmile,5,same_freeway_same_direction_abs_postmile_then_station_id
716152,763695,5,10,E,34.4,33.4,1.0,absolute_postmile,5,same_freeway_same_direction_abs_postmile_then_station_id
716551,716554,1,134,W,5.983,6.503,0.5200000000000005,absolute_postmile,5,same_freeway_same_direction_abs_postmile_then_station_id
716551,774067,2,134,W,5.983,5.39,0.593,absolute_postmile,5,same_freeway_same_direction_abs_postmile_then_station_id
716551,717582,3,134,W,5.983,6.693,0.71,absolute_postmile,5,same_freeway_same_direction_abs_postmile_then_station_id
716551,773954,4,134,W,5.983,5.0,0.9829999999999997,absolute_postmile,5,same_freeway_same_direction_abs_postmile_then_station_id
716551,773906,5,134,W,5.983,4.8,1.1829999999999998,absolute_postmile,5,same_freeway_same_direction_abs_postmile_then_station_id
716554,717582,1,134,W,6.503,6.693,0.1899999999999995,absolute_postmile,5,same_freeway_same_direction_abs_postmile_then_station_id
716554,716551,2,134,W,6.503,5.983,0.5200000000000005,absolute_postmile,5,same_freeway_same_direction_abs_postmile_then_station_id
716554,774067,3,134,W,6.503,5.39,1.1130000000000004,absolute_postmile,5,same_freeway_same_direction_abs_postmile_then_station_id
716554,717099,4,134,W,6.503,7.673,1.17,absolute_postmile,5,same_freeway_same_direction_abs_postmile_then_station_id
716554,773954,5,134,W,6.503,5.0,1.5030000000000001,absolute_postmile,5,same_freeway_same_direction_abs_postmile_then_station_id
716929,764435,1,5,N,129.263,129.656,0.3930000000000007,absolute_postmile,5,same_freeway_same_direction_abs_postmile_then_station_id
716929,715938,2,5,N,129.263,128.813,0.45000000000001705,absolute_postmile,5,same_freeway_same_direction_abs_postmile_then_station_id
716929,715944,3,5,N,129.263,129.983,0.7199999999999989,absolute_postmile,5,same_freeway_same_direction_abs_postmile_then_station_id
716929,718086,4,5,N,129.263,130.303,1.039999999999992,absolute_postmile,5,same_freeway_same_direction_abs_postmile_then_station_id
716929,716925,5,5,N,129.263,128.173,1.0900000000000034,absolute_postmile,5,same_freeway_same_direction_abs_postmile_then_station_id
716930,715947,1,5,S,129.92,130.24,0.3200000000000216,absolute_postmile,5,same_freeway_same_direction_abs_postmile_then_station_id
716930,718085,2,5,S,129.92,129.593,0.3269999999999982,absolute_postmile,5,same_freeway_same_direction_abs_postmile_then_station_id
716930,716928,3,5,S,129.92,129.25,0.6699999999999875,absolute_postmile,5,same_freeway_same_direction_abs_postmile_then_station_id
716930,716934,4,5,S,129.92,130.91,0.9900000000000091,absolute_postmile,5,same_freeway_same_direction_abs_postmile_then_station_id
716930,718364,5,5,S,129.92,128.75,1.1699999999999875,absolute_postmile,5,same_freeway_same_direction_abs_postmile_then_station_id
716934,716936,1,5,S,130.91,131.333,0.4230000000000018,absolute_postmile,5,same_freeway_same_direction_abs_postmile_then_station_id
716934,715947,2,5,S,130.91,130.24,0.6699999999999875,absolute_postmile,5,same_freeway_same_direction_abs_postmile_then_station_id
716934,759700,3,5,S,130.91,131.71,0.8000000000000114,absolute_postmile,5,same_freeway_same_direction_abs_postmile_then_station_id
716934,716930,4,5,S,130.91,129.92,0.9900000000000091,absolute_postmile,5,same_freeway_same_direction_abs_postmile_then_station_id
716934,718085,5,5,S,130.91,129.593,1.3170000000000073,absolute_postmile,5,same_freeway_same_direction_abs_postmile_then_station_id
716986,716983,1,5,S,148.85,147.99,0.8599999999999852,absolute_postmile,5,same_freeway_same_direction_abs_postmile_then_station_id
716986,716989,2,5,S,148.85,149.8,0.950000000000017,absolute_postmile,5,same_freeway_same_direction_abs_postmile_then_station_id
716986,716991,3,5,S,148.85,150.15,1.3000000000000114,absolute_postmile,5,same_freeway_same_direction_abs_postmile_then_station_id
716986,716979,4,5,S,148.85,147.26,1.5900000000000034,absolute_postmile,5,same_freeway_same_direction_abs_postmile_then_station_id
716986,777767,5,5,S,148.85,147.26,1.5900000000000034,absolute_postmile,5,same_freeway_same_direction_abs_postmile_then_station_id
717075,717077,1,10,E,21.88,21.79,0.08999999999999986,absolute_postmile,5,same_freeway_same_direction_abs_postmile_then_station_id
717075,716092,2,10,E,21.88,21.41,0.46999999999999886,absolute_postmile,5,same_freeway_same_direction_abs_postmile_then_station_id
717075,717089,3,10,E,21.88,22.43,0.5500000000000007,absolute_postmile,5,same_freeway_same_direction_abs_postmile_then_station_id
717075,717083,4,10,E,21.88,22.529,0.6490000000000009,absolute_postmile,5,same_freeway_same_direction_abs_postmile_then_station_id
717075,717084,5,10,E,21.88,22.82,0.9400000000000013,absolute_postmile,5,same_freeway_same_direction_abs_postmile_then_station_id
717077,717075,1,10,E,21.79,21.88,0.08999999999999986,absolute_postmile,5,same_freeway_same_direction_abs_postmile_then_station_id
717077,716092,2,10,E,21.79,21.41,0.379999999999999,absolute_postmile,5,same_freeway_same_direction_abs_postmile_then_station_id
717077,717089,3,10,E,21.79,22.43,0.6400000000000006,absolute_postmile,5,same_freeway_same_direction_abs_postmile_then_station_id
717077,717083,4,10,E,21.79,22.529,0.7390000000000008,absolute_postmile,5,same_freeway_same_direction_abs_postmile_then_station_id
717077,765451,5,10,E,21.79,20.897,0.8930000000000007,absolute_postmile,5,same_freeway_same_direction_abs_postmile_then_station_id
717083,717089,1,10,E,22.529,22.43,0.0990000000000002,absolute_postmile,5,same_freeway_same_direction_abs_postmile_then_station_id
717083,717084,2,10,E,22.529,22.82,0.29100000000000037,absolute_postmile,5,same_freeway_same_direction_abs_postmile_then_station_id
717083,717075,3,10,E,22.529,21.88,0.6490000000000009,absolute_postmile,5,same_freeway_same_direction_abs_postmile_then_station_id
717083,717077,4,10,E,22.529,21.79,0.7390000000000008,absolute_postmile,5,same_freeway_same_direction_abs_postmile_then_station_id
717083,717093,5,10,E,22.529,23.27,0.7409999999999997,absolute_postmile,5,same_freeway_same_direction_abs_postmile_then_station_id
717087,717091,1,10,W,22.45,22.54,0.08999999999999986,absolute_postmile,5,same_freeway_same_direction_abs_postmile_then_station_id
717087,716101,2,10,W,22.45,22.81,0.35999999999999943,absolute_postmile,5,same_freeway_same_direction_abs_postmile_then_station_id
717087,717081,3,10,W,22.45,21.88,0.5700000000000003,absolute_postmile,5,same_freeway_same_direction_abs_postmile_then_station_id
717087,717079,4,10,W,22.45,21.79,0.6600000000000001,absolute_postmile,5,same_freeway_same_direction_abs_postmile_then_station_id
717087,717095,5,10,W,22.45,23.3,0.8500000000000014,absolute_postmile,5,same_freeway_same_direction_abs_postmile_then_station_id
717089,717083,1,10,E,22.43,22.529,0.0990000000000002,absolute_postmile,5,same_freeway_same_direction_abs_postmile_then_station_id
717089,717084,2,10,E,22.43,22.82,0.39000000000000057,absolute_postmile,5,same_freeway_same_direction_abs_postmile_then_station_id
717089,717075,3,10,E,22.43,21.88,0.5500000000000007,absolute_postmile,5,same_freeway_same_direction_abs_postmile_then_station_id
717089,717077,4,10,E,22.43,21.79,0.6400000000000006,absolute_postmile,5,same_freeway_same_direction_abs_postmile_then_station_id
717089,717093,5,10,E,22.43,23.27,0.8399999999999999,absolute_postmile,5,same_freeway_same_direction_abs_postmile_then_station_id
717091,717087,1,10,W,22.54,22.45,0.08999999999999986,absolute_postmile,5,same_freeway_same_direction_abs_postmile_then_station_id
717091,716101,2,10,W,22.54,22.81,0.2699999999999996,absolute_postmile,5,same_freeway_same_direction_abs_postmile_then_station_id
717091,717081,3,10,W,22.54,21.88,0.6600000000000001,absolute_postmile,5,same_freeway_same_direction_abs_postmile_then_station_id
717091,717079,4,10,W,22.54,21.79,0.75,absolute_postmile,5,same_freeway_same_direction_abs_postmile_then_station_id
717091,717095,5,10,W,22.54,23.3,0.7600000000000016,absolute_postmile,5,same_freeway_same_direction_abs_postmile_then_station_id
717093,717097,1,10,E,23.27,23.37,0.10000000000000142,absolute_postmile,5,same_freeway_same_direction_abs_postmile_then_station_id
717093,717084,2,10,E,23.27,22.82,0.4499999999999993,absolute_postmile,5,same_freeway_same_direction_abs_postmile_then_station_id
717093,717105,3,10,E,23.27,23.76,0.490000000000002,absolute_postmile,5,same_freeway_same_direction_abs_postmile_then_station_id
717093,717110,4,10,E,23.27,23.89,0.620000000000001,absolute_postmile,5,same_freeway_same_direction_abs_postmile_then_station_id
717093,717083,5,10,E,23.27,22.529,0.7409999999999997,absolute_postmile,5,same_freeway_same_direction_abs_postmile_then_station_id
717097,717093,1,10,E,23.37,23.27,0.10000000000000142,absolute_postmile,5,same_freeway_same_direction_abs_postmile_then_station_id
717097,717105,2,10,E,23.37,23.76,0.39000000000000057,absolute_postmile,5,same_freeway_same_direction_abs_postmile_then_station_id
717097,717110,3,10,E,23.37,23.89,0.5199999999999996,absolute_postmile,5,same_freeway_same_direction_abs_postmile_then_station_id
717097,717084,4,10,E,23.37,22.82,0.5500000000000007,absolute_postmile,5,same_freeway_same_direction_abs_postmile_then_station_id
717097,717083,5,10,E,23.37,22.529,0.8410000000000011,absolute_postmile,5,same_freeway_same_direction_abs_postmile_then_station_id
717101,717095,1,10,W,23.39,23.3,0.08999999999999986,absolute_postmile,5,same_freeway_same_direction_abs_postmile_then_station_id
717101,717108,2,10,W,23.39,23.77,0.379999999999999,absolute_postmile,5,same_freeway_same_direction_abs_postmile_then_station_id
717101,717112,3,10,W,23.39,23.89,0.5,absolute_postmile,5,same_freeway_same_direction_abs_postmile_then_station_id
717101,716101,4,10,W,23.39,22.81,0.5800000000000018,absolute_postmile,5,same_freeway_same_direction_abs_postmile_then_station_id
717101,717091,5,10,W,23.39,22.54,0.8500000000000014,absolute_postmile,5,same_freeway_same_direction_abs_postmile_then_station_id
717108,717112,1,10,W,23.77,23.89,0.120000000000001,absolute_postmile,5,same_freeway_same_direction_abs_postmile_then_station_id
717108,717101,2,10,W,23.77,23.39,0.379999999999999,absolute_postmile,5,same_freeway_same_direction_abs_postmile_then_station_id
717108,717095,3,10,W,23.77,23.3,0.46999999999999886,absolute_postmile,5,same_freeway_same_direction_abs_postmile_then_station_id
717108,717116,4,10,W,23.77,24.3,0.5300000000000011,absolute_postmile,5,same_freeway_same_direction_abs_postmile_then_station_id
717108,717119,5,10,W,23.77,24.4,0.629999999999999,absolute_postmile,5,same_freeway_same_direction_abs_postmile_then_station_id
717112,717108,1,10,W,23.89,23.77,0.120000000000001,absolute_postmile,5,same_freeway_same_direction_abs_postmile_then_station_id
717112,717116,2,10,W,23.89,24.3,0.41000000000000014,absolute_postmile,5,same_freeway_same_direction_abs_postmile_then_station_id
717112,717101,3,10,W,23.89,23.39,0.5,absolute_postmile,5,same_freeway_same_direction_abs_postmile_then_station_id
717112,717119,4,10,W,23.89,24.4,0.509999999999998,absolute_postmile,5,same_freeway_same_direction_abs_postmile_then_station_id
717112,717095,5,10,W,23.89,23.3,0.5899999999999999,absolute_postmile,5,same_freeway_same_direction_abs_postmile_then_station_id
717142,717139,1,10,W,27.06,26.59,0.46999999999999886,absolute_postmile,5,same_freeway_same_direction_abs_postmile_then_station_id
717142,774441,2,10,W,27.06,27.6,0.5400000000000027,absolute_postmile,5,same_freeway_same_direction_abs_postmile_then_station_id
717142,717150,3,10,W,27.06,27.84,0.7800000000000011,absolute_postmile,5,same_freeway_same_direction_abs_postmile_then_station_id
717142,717135,4,10,W,27.06,26.13,0.9299999999999997,absolute_postmile,5,same_freeway_same_direction_abs_postmile_then_station_id
717142,717154,5,10,W,27.06,28.111,1.051000000000002,absolute_postmile,5,same_freeway_same_direction_abs_postmile_then_station_id
717150,774441,1,10,W,27.84,27.6,0.23999999999999844,absolute_postmile,5,same_freeway_same_direction_abs_postmile_then_station_id
717150,717154,2,10,W,27.84,28.111,0.2710000000000008,absolute_postmile,5,same_freeway_same_direction_abs_postmile_then_station_id
717150,767329,3,10,W,27.84,28.48,0.6400000000000006,absolute_postmile,5,same_freeway_same_direction_abs_postmile_then_station_id
717150,717142,4,10,W,27.84,27.06,0.7800000000000011,absolute_postmile,5,same_freeway_same_direction_abs_postmile_then_station_id
717150,717139,5,10,W,27.84,26.59,1.25,absolute_postmile,5,same_freeway_same_direction_abs_postmile_then_station_id
717154,717150,1,10,W,28.111,27.84,0.2710000000000008,absolute_postmile,5,same_freeway_same_direction_abs_postmile_then_station_id
717154,767329,2,10,W,28.111,28.48,0.3689999999999998,absolute_postmile,5,same_freeway_same_direction_abs_postmile_then_station_id
717154,774441,3,10,W,28.111,27.6,0.5109999999999992,absolute_postmile,5,same_freeway_same_direction_abs_postmile_then_station_id
717154,717142,4,10,W,28.111,27.06,1.051000000000002,absolute_postmile,5,same_freeway_same_direction_abs_postmile_then_station_id
717154,717157,5,10,W,28.111,29.19,1.0790000000000006,absolute_postmile,5,same_freeway_same_direction_abs_postmile_then_station_id
717160,768174,1,10,W,30.22,29.8,0.41999999999999815,absolute_postmile,5,same_freeway_same_direction_abs_postmile_then_station_id
717160,717162,2,10,W,30.22,30.71,0.490000000000002,absolute_postmile,5,same_freeway_same_direction_abs_postmile_then_station_id
717160,717167,3,10,W,30.22,30.83,0.6099999999999994,absolute_postmile,5,same_freeway_same_direction_abs_postmile_then_station_id
717160,775029,4,10,W,30.22,31.0,0.7800000000000011,absolute_postmile,5,same_freeway_same_direction_abs_postmile_then_station_id
717160,717157,5,10,W,30.22,29.19,1.0299999999999976,absolute_postmile,5,same_freeway_same_direction_abs_postmile_then_station_id
717174,764222,1,10,E,31.96,32.5,0.5399999999999991,absolute_postmile,5,same_freeway_same_direction_abs_postmile_then_station_id
717174,775030,2,10,E,31.96,31.0,0.9600000000000009,absolute_postmile,5,same_freeway_same_direction_abs_postmile_then_station_id
717174,717179,3,10,E,31.96,32.94,0.9799999999999969,absolute_postmile,5,same_freeway_same_direction_abs_postmile_then_station_id
717174,717165,4,10,E,31.96,30.81,1.1500000000000021,absolute_postmile,5,same_freeway_same_direction_abs_postmile_then_station_id
717174,763695,5,10,E,31.96,33.4,1.4399999999999977,absolute_postmile,5,same_freeway_same_direction_abs_postmile_then_station_id
717176,764227,1,10,W,32.86,32.5,0.35999999999999943,absolute_postmile,5,same_freeway_same_direction_abs_postmile_then_station_id
717176,716146,2,10,W,32.86,33.4,0.5399999999999991,absolute_postmile,5,same_freeway_same_direction_abs_postmile_then_station_id
717176,717171,3,10,W,32.86,31.98,0.879999999999999,absolute_postmile,5,same_freeway_same_direction_abs_postmile_then_station_id
717176,717187,4,10,W,32.86,33.86,1.0,absolute_postmile,5,same_freeway_same_direction_abs_postmile_then_station_id
717176,717192,5,10,W,32.86,33.95,1.0900000000000034,absolute_postmile,5,same_freeway_same_direction_abs_postmile_then_station_id
717185,717190,1,10,E,33.86,34.0,0.14000000000000057,absolute_postmile,5,same_freeway_same_direction_abs_postmile_then_station_id
717185,763695,2,10,E,33.86,33.4,0.46000000000000085,absolute_postmile,5,same_freeway_same_direction_abs_postmile_then_station_id
717185,716152,3,10,E,33.86,34.4,0.5399999999999991,absolute_postmile,5,same_freeway_same_direction_abs_postmile_then_station_id
717185,717179,4,10,E,33.86,32.94,0.9200000000000017,absolute_postmile,5,same_freeway_same_direction_abs_postmile_then_station_id
717185,717195,5,10,E,33.86,34.96,1.1000000000000014,absolute_postmile,5,same_freeway_same_direction_abs_postmile_then_station_id
717187,717192,1,10,W,33.86,33.95,0.09000000000000341,absolute_postmile,5,same_freeway_same_direction_abs_postmile_then_station_id
717187,716146,2,10,W,33.86,33.4,0.46000000000000085,absolute_postmile,5,same_freeway_same_direction_abs_postmile_then_station_id
717187,716153,3,10,W,33.86,34.4,0.5399999999999991,absolute_postmile,5,same_freeway_same_direction_abs_postmile_then_station_id
717187,717176,4,10,W,33.86,32.86,1.0,absolute_postmile,5,same_freeway_same_direction_abs_postmile_then_station_id
717187,717196,5,10,W,33.86,34.91,1.0499999999999972,absolute_postmile,5,same_freeway_same_direction_abs_postmile_then_station_id
717190,717185,1,10,E,34.0,33.86,0.14000000000000057,absolute_postmile,5,same_freeway_same_direction_abs_postmile_then_station_id
717190,716152,2,10,E,34.0,34.4,0.3999999999999986,absolute_postmile,5,same_freeway_same_direction_abs_postmile_then_station_id
717190,763695,3,10,E,34.0,33.4,0.6000000000000014,absolute_postmile,5,same_freeway_same_direction_abs_postmile_then_station_id
717190,717195,4,10,E,34.0,34.96,0.9600000000000009,absolute_postmile,5,same_freeway_same_direction_abs_postmile_then_station_id
717190,717179,5,10,E,34.0,32.94,1.0600000000000023,absolute_postmile,5,same_freeway_same_direction_abs_postmile_then_station_id
717192,717187,1,10,W,33.95,33.86,0.09000000000000341,absolute_postmile,5,same_freeway_same_direction_abs_postmile_then_station_id
717192,716153,2,10,W,33.95,34.4,0.44999999999999574,absolute_postmile,5,same_freeway_same_direction_abs_postmile_then_station_id
717192,716146,3,10,W,33.95,33.4,0.5500000000000043,absolute_postmile,5,same_freeway_same_direction_abs_postmile_then_station_id
717192,717196,4,10,W,33.95,34.91,0.9599999999999937,absolute_postmile,5,same_freeway_same_direction_abs_postmile_then_station_id
717192,717200,5,10,W,33.95,35.028,1.0779999999999959,absolute_postmile,5,same_freeway_same_direction_abs_postmile_then_station_id
717195,717198,1,10,E,34.96,35.064,0.1039999999999992,absolute_postmile,5,same_freeway_same_direction_abs_postmile_then_station_id
717195,764217,2,10,E,34.96,35.5,0.5399999999999991,absolute_postmile,5,same_freeway_same_direction_abs_postmile_then_station_id
717195,716152,3,10,E,34.96,34.4,0.5600000000000023,absolute_postmile,5,same_freeway_same_direction_abs_postmile_then_station_id
717195,717190,4,10,E,34.96,34.0,0.9600000000000009,absolute_postmile,5,same_freeway_same_direction_abs_postmile_then_station_id
717195,717185,5,10,E,34.96,33.86,1.1000000000000014,absolute_postmile,5,same_freeway_same_direction_abs_postmile_then_station_id
717196,717200,1,10,W,34.91,35.028,0.1180000000000021,absolute_postmile,5,same_freeway_same_direction_abs_postmile_then_station_id
717196,716153,2,10,W,34.91,34.4,0.509999999999998,absolute_postmile,5,same_freeway_same_direction_abs_postmile_then_station_id
717196,763731,3,10,W,34.91,35.5,0.5900000000000034,absolute_postmile,5,same_freeway_same_direction_abs_postmile_then_station_id
717196,717192,4,10,W,34.91,33.95,0.9599999999999937,absolute_postmile,5,same_freeway_same_direction_abs_postmile_then_station_id
717196,717202,5,10,W,34.91,35.93,1.0200000000000031,absolute_postmile,5,same_freeway_same_direction_abs_postmile_then_station_id
717198,717195,1,10,E,35.064,34.96,0.1039999999999992,absolute_postmile,5,same_freeway_same_direction_abs_postmile_then_station_id
717198,764217,2,10,E,35.064,35.5,0.43599999999999994,absolute_postmile,5,same_freeway_same_direction_abs_postmile_then_station_id
717198,716152,3,10,E,35.064,34.4,0.6640000000000015,absolute_postmile,5,same_freeway_same_direction_abs_postmile_then_station_id
717198,717205,4,10,E,35.064,36.09,1.0260000000000034,absolute_postmile,5,same_freeway_same_direction_abs_postmile_then_station_id
717198,717190,5,10,E,35.064,34.0,1.064,absolute_postmile,5,same_freeway_same_direction_abs_postmile_then_station_id
717200,717196,1,10,W,35.028,34.91,0.1180000000000021,absolute_postmile,5,same_freeway_same_direction_abs_postmile_then_station_id
717200,763731,2,10,W,35.028,35.5,0.4720000000000013,absolute_postmile,5,same_freeway_same_direction_abs_postmile_then_station_id
717200,716153,3,10,W,35.028,34.4,0.6280000000000001,absolute_postmile,5,same_freeway_same_direction_abs_postmile_then_station_id
717200,717202,4,10,W,35.028,35.93,0.902000000000001,absolute_postmile,5,same_freeway_same_direction_abs_postmile_then_station_id
717200,717207,5,10,W,35.028,36.02,0.9920000000000044,absolute_postmile,5,same_freeway_same_direction_abs_postmile_then_station_id
717219,718119,1,10,E,37.45,37.64,0.18999999999999773,absolute_postmile,5,same_freeway_same_direction_abs_postmile_then_station_id
717219,717214,2,10,E,37.45,36.98,0.47000000000000597,absolute_postmile,5,same_freeway_same_direction_abs_postmile_then_station_id
717219,718118,3,10,E,37.45,36.59,0.8599999999999994,absolute_postmile,5,same_freeway_same_direction_abs_postmile_then_station_id
717219,717205,4,10,E,37.45,36.09,1.3599999999999994,absolute_postmile,5,same_freeway_same_direction_abs_postmile_then_station_id
717219,763479,5,10,E,37.45,39.09,1.6400000000000006,absolute_postmile,5,same_freeway_same_direction_abs_postmile_then_station_id
717240,763485,1,10,W,42.02,42.35,0.3299999999999983,absolute_postmile,5,same_freeway_same_direction_abs_postmile_then_station_id
717240,717238,2,10,W,42.02,41.26,0.7600000000000051,absolute_postmile,5,same_freeway_same_direction_abs_postmile_then_station_id
717240,717245,3,10,W,42.02,43.18,1.1599999999999966,absolute_postmile,5,same_freeway_same_direction_abs_postmile_then_station_id
717240,717235,4,10,W,42.02,40.48,1.5400000000000063,absolute_postmile,5,same_freeway_same_direction_abs_postmile_then_station_id
717240,717246,5,10,W,42.02,43.66,1.6399999999999935,absolute_postmile,5,same_freeway_same_direction_abs_postmile_then_station_id
717241,717243,1,10,E,42.26,42.63,0.37000000000000455,absolute_postmile,5,same_freeway_same_direction_abs_postmile_then_station_id
717241,716187,2,10,E,42.26,43.18,0.9200000000000017,absolute_postmile,5,same_freeway_same_direction_abs_postmile_then_station_id
717241,716181,3,10,E,42.26,41.26,1.0,absolute_postmile,5,same_freeway_same_direction_abs_postmile_then_station_id
717241,717247,4,10,E,42.26,43.66,1.3999999999999986,absolute_postmile,5,same_freeway_same_direction_abs_postmile_then_station_id
717241,717236,5,10,E,42.26,40.48,1.7800000000000011,absolute_postmile,5,same_freeway_same_direction_abs_postmile_then_station_id
717246,717249,1,10,W,43.66,44.12,0.46000000000000085,absolute_postmile,5,same_freeway_same_direction_abs_postmile_then_station_id
717246,717245,2,10,W,43.66,43.18,0.4799999999999969,absolute_postmile,5,same_freeway_same_direction_abs_postmile_then_station_id
717246,768339,3,10,W,43.66,44.514,0.8540000000000063,absolute_postmile,5,same_freeway_same_direction_abs_postmile_then_station_id
717246,717252,4,10,W,43.66,44.72,1.0600000000000023,absolute_postmile,5,same_freeway_same_direction_abs_postmile_then_station_id
717246,763485,5,10,W,43.66,42.35,1.3099999999999952,absolute_postmile,5,same_freeway_same_direction_abs_postmile_then_station_id
717247,768328,1,10,E,43.66,44.123,0.46300000000000097,absolute_postmile,5,same_freeway_same_direction_abs_postmile_then_station_id
717247,716187,2,10,E,43.66,43.18,0.4799999999999969,absolute_postmile,5,same_freeway_same_direction_abs_postmile_then_station_id
717247,717251,3,10,E,43.66,44.51,0.8500000000000014,absolute_postmile,5,same_freeway_same_direction_abs_postmile_then_station_id
717247,717243,4,10,E,43.66,42.63,1.029999999999994,absolute_postmile,5,same_freeway_same_direction_abs_postmile_then_station_id
717247,717241,5,10,E,43.66,42.26,1.3999999999999986,absolute_postmile,5,same_freeway_same_direction_abs_postmile_then_station_id
717249,768339,1,10,W,44.12,44.514,0.39400000000000546,absolute_postmile,5,same_freeway_same_direction_abs_postmile_then_station_id
717249,717246,2,10,W,44.12,43.66,0.46000000000000085,absolute_postmile,5,same_freeway_same_direction_abs_postmile_then_station_id
717249,717252,3,10,W,44.12,44.72,0.6000000000000014,absolute_postmile,5,same_freeway_same_direction_abs_postmile_then_station_id
717249,717245,4,10,W,44.12,43.18,0.9399999999999977,absolute_postmile,5,same_freeway_same_direction_abs_postmile_then_station_id
717249,768349,5,10,W,44.12,45.069,0.9490000000000052,absolute_postmile,5,same_freeway_same_direction_abs_postmile_then_station_id
717251,768328,1,10,E,44.51,44.123,0.38700000000000045,absolute_postmile,5,same_freeway_same_direction_abs_postmile_then_station_id
717251,717254,2,10,E,44.51,45.06,0.5500000000000043,absolute_postmile,5,same_freeway_same_direction_abs_postmile_then_station_id
717251,717247,3,10,E,44.51,43.66,0.8500000000000014,absolute_postmile,5,same_freeway_same_direction_abs_postmile_then_station_id
717251,774729,4,10,E,44.51,45.7,1.1900000000000048,absolute_postmile,5,same_freeway_same_direction_abs_postmile_then_station_id
717251,717257,5,10,E,44.51,45.74,1.230000000000004,absolute_postmile,5,same_freeway_same_direction_abs_postmile_then_station_id
717252,768339,1,10,W,44.72,44.514,0.20599999999999596,absolute_postmile,5,same_freeway_same_direction_abs_postmile_then_station_id
717252,768349,2,10,W,44.72,45.069,0.34900000000000375,absolute_postmile,5,same_freeway_same_direction_abs_postmile_then_station_id
717252,717249,3,10,W,44.72,44.12,0.6000000000000014,absolute_postmile,5,same_freeway_same_direction_abs_postmile_then_station_id
717252,774728,4,10,W,44.72,45.7,0.980000000000004,absolute_postmile,5,same_freeway_same_direction_abs_postmile_then_station_id
717252,716193,5,10,W,44.72,45.74,1.0200000000000031,absolute_postmile,5,same_freeway_same_direction_abs_postmile_then_station_id
717254,717251,1,10,E,45.06,44.51,0.5500000000000043,absolute_postmile,5,same_freeway_same_direction_abs_postmile_then_station_id
717254,774729,2,10,E,45.06,45.7,0.6400000000000006,absolute_postmile,5,same_freeway_same_direction_abs_postmile_then_station_id
717254,717257,3,10,E,45.06,45.74,0.6799999999999997,absolute_postmile,5,same_freeway_same_direction_abs_postmile_then_station_id
717254,768328,4,10,E,45.06,44.123,0.9370000000000047,absolute_postmile,5,same_freeway_same_direction_abs_postmile_then_station_id
717254,717260,5,10,E,45.06,46.37,1.3099999999999952,absolute_postmile,5,same_freeway_same_direction_abs_postmile_then_station_id
717258,716193,1,10,W,46.1,45.74,0.35999999999999943,absolute_postmile,5,same_freeway_same_direction_abs_postmile_then_station_id
717258,774728,2,10,W,46.1,45.7,0.3999999999999986,absolute_postmile,5,same_freeway_same_direction_abs_postmile_then_station_id
717258,774743,3,10,W,46.1,46.7,0.6000000000000014,absolute_postmile,5,same_freeway_same_direction_abs_postmile_then_station_id
717258,768349,4,10,W,46.1,45.069,1.0309999999999988,absolute_postmile,5,same_freeway_same_direction_abs_postmile_then_station_id
717258,717252,5,10,W,46.1,44.72,1.3800000000000026,absolute_postmile,5,same_freeway_same_direction_abs_postmile_then_station_id
717373,717376,1,91,E,2.578,2.268,0.31000000000000005,absolute_postmile,5,same_freeway_same_direction_abs_postmile_then_station_id
717373,717379,2,91,E,2.578,3.108,0.5300000000000002,absolute_postmile,5,same_freeway_same_direction_abs_postmile_then_station_id
717373,718130,3,91,E,2.578,1.808,0.7699999999999998,absolute_postmile,5,same_freeway_same_direction_abs_postmile_then_station_id
717373,717369,4,91,E,2.578,1.548,1.0299999999999998,absolute_postmile,5,same_freeway_same_direction_abs_postmile_then_station_id
717373,717381,5,91,E,2.578,3.668,1.0900000000000003,absolute_postmile,5,same_freeway_same_direction_abs_postmile_then_station_id
717374,717375,1,91,W,2.578,2.268,0.31000000000000005,absolute_postmile,5,same_freeway_same_direction_abs_postmile_then_station_id
717374,717378,2,91,W,2.578,3.098,0.52,absolute_postmile,5,same_freeway_same_direction_abs_postmile_then_station_id
717374,765591,3,91,W,2.578,1.808,0.7699999999999998,absolute_postmile,5,same_freeway_same_direction_abs_postmile_then_station_id
717374,717368,4,91,W,2.578,1.548,1.0299999999999998,absolute_postmile,5,same_freeway_same_direction_abs_postmile_then_station_id
717374,717380,5,91,W,2.578,3.668,1.0900000000000003,absolute_postmile,5,same_freeway_same_direction_abs_postmile_then_station_id
717434,717431,1,91,E,12.208,11.958,0.25,absolute_postmile,5,same_freeway_same_direction_abs_postmile_then_station_id
717434,717436,2,91,E,12.208,12.538,0.33000000000000007,absolute_postmile,5,same_freeway_same_direction_abs_postmile_then_station_id
717434,717439,3,91,E,12.208,12.768,0.5600000000000005,absolute_postmile,5,same_freeway_same_direction_abs_postmile_then_station_id
717434,766209,4,91,E,12.208,11.368,0.8399999999999999,absolute_postmile,5,same_freeway_same_direction_abs_postmile_then_station_id
717434,717441,5,91,E,12.208,13.108,0.9000000000000004,absolute_postmile,5,same_freeway_same_direction_abs_postmile_then_station_id
717435,717438,1,91,W,12.498,12.698,0.20000000000000107,absolute_postmile,5,same_freeway_same_direction_abs_postmile_then_station_id
717435,717433,2,91,W,12.498,12.208,0.28999999999999915,absolute_postmile,5,same_freeway_same_direction_abs_postmile_then_station_id
717435,717428,3,91,W,12.498,11.958,0.5399999999999991,absolute_postmile,5,same_freeway_same_direction_abs_postmile_then_station_id
717435,717440,4,91,W,12.498,13.058,0.5600000000000005,absolute_postmile,5,same_freeway_same_direction_abs_postmile_then_station_id
717435,766555,5,91,W,12.498,13.398,0.9000000000000004,absolute_postmile,5,same_freeway_same_direction_abs_postmile_then_station_id
717436,717439,1,91,E,12.538,12.768,0.23000000000000043,absolute_postmile,5,same_freeway_same_direction_abs_postmile_then_station_id
717436,717434,2,91,E,12.538,12.208,0.33000000000000007,absolute_postmile,5,same_freeway_same_direction_abs_postmile_then_station_id
717436,717441,3,91,E,12.538,13.108,0.5700000000000003,absolute_postmile,5,same_freeway_same_direction_abs_postmile_then_station_id
717436,717431,4,91,E,12.538,11.958,0.5800000000000001,absolute_postmile,5,same_freeway_same_direction_abs_postmile_then_station_id
717436,759980,5,91,E,12.538,13.408,0.8699999999999992,absolute_postmile,5,same_freeway_same_direction_abs_postmile_then_station_id
717440,766555,1,91,W,13.058,13.398,0.33999999999999986,absolute_postmile,5,same_freeway_same_direction_abs_postmile_then_station_id
717440,717438,2,91,W,13.058,12.698,0.35999999999999943,absolute_postmile,5,same_freeway_same_direction_abs_postmile_then_station_id
717440,768222,3,91,W,13.058,13.498,0.4399999999999995,absolute_postmile,5,same_freeway_same_direction_abs_postmile_then_station_id
717440,717435,4,91,W,13.058,12.498,0.5600000000000005,absolute_postmile,5,same_freeway_same_direction_abs_postmile_then_station_id
717440,717433,5,91,W,13.058,12.208,0.8499999999999996,absolute_postmile,5,same_freeway_same_direction_abs_postmile_then_station_id
717441,759980,1,91,E,13.108,13.408,0.29999999999999893,absolute_postmile,5,same_freeway_same_direction_abs_postmile_then_station_id
717441,717439,2,91,E,13.108,12.768,0.33999999999999986,absolute_postmile,5,same_freeway_same_direction_abs_postmile_then_station_id
717441,768223,3,91,E,13.108,13.498,0.3899999999999988,absolute_postmile,5,same_freeway_same_direction_abs_postmile_then_station_id
717441,717436,4,91,E,13.108,12.538,0.5700000000000003,absolute_postmile,5,same_freeway_same_direction_abs_postmile_then_station_id
717441,717434,5,91,E,13.108,12.208,0.9000000000000004,absolute_postmile,5,same_freeway_same_direction_abs_postmile_then_station_id
717472,769373,1,101,S,7.708,7.848,0.13999999999999968,absolute_postmile,5,same_freeway_same_direction_abs_postmile_then_station_id
717472,717468,2,101,S,7.708,7.448,0.2599999999999998,absolute_postmile,5,same_freeway_same_direction_abs_postmile_then_station_id
717472,717466,3,101,S,7.708,7.248,0.45999999999999996,absolute_postmile,5,same_freeway_same_direction_abs_postmile_then_station_id
717472,717479,4,101,S,7.708,8.338,0.629999999999999,absolute_postmile,5,same_freeway_same_direction_abs_postmile_then_station_id
717472,717462,5,101,S,7.708,6.828,0.8799999999999999,absolute_postmile,5,same_freeway_same_direction_abs_postmile_then_station_id
717473,769372,1,101,N,7.718,7.848,0.1299999999999999,absolute_postmile,5,same_freeway_same_direction_abs_postmile_then_station_id
717473,717469,2,101,N,7.718,7.448,0.2699999999999996,absolute_postmile,5,same_freeway_same_direction_abs_postmile_then_station_id
717473,717465,3,101,N,7.718,7.248,0.46999999999999975,absolute_postmile,5,same_freeway_same_direction_abs_postmile_then_station_id
717473,717480,4,101,N,7.718,8.558,0.8399999999999999,absolute_postmile,5,same_freeway_same_direction_abs_postmile_then_station_id
717473,717463,5,101,N,7.718,6.828,0.8899999999999997,absolute_postmile,5,same_freeway_same_direction_abs_postmile_then_station_id
717578,717580,1,134,E,6.1,6.48,0.3800000000000008,absolute_postmile,5,same_freeway_same_direction_abs_postmile_then_station_id
717578,773927,2,134,E,6.1,5.7,0.39999999999999947,absolute_postmile,5,same_freeway_same_direction_abs_postmile_then_station_id
717578,773916,3,134,E,6.1,5.5,0.5999999999999996,absolute_postmile,5,same_freeway_same_direction_abs_postmile_then_station_id
717578,773953,4,134,E,6.1,5.0,1.0999999999999996,absolute_postmile,5,same_freeway_same_direction_abs_postmile_then_station_id
717578,773904,5,134,E,6.1,4.8,1.2999999999999998,absolute_postmile,5,same_freeway_same_direction_abs_postmile_then_station_id
717580,717578,1,134,E,6.48,6.1,0.3800000000000008,absolute_postmile,5,same_freeway_same_direction_abs_postmile_then_station_id
717580,773927,2,134,E,6.48,5.7,0.7800000000000002,absolute_postmile,5,same_freeway_same_direction_abs_postmile_then_station_id
717580,717583,3,134,E,6.48,7.41,0.9299999999999997,absolute_postmile,5,same_freeway_same_direction_abs_postmile_then_station_id
717580,773916,4,134,E,6.48,5.5,0.9800000000000004,absolute_postmile,5,same_freeway_same_direction_abs_postmile_then_station_id
717580,717585,5,134,E,6.48,7.84,1.3599999999999994,absolute_postmile,5,same_freeway_same_direction_abs_postmile_then_station_id
717582,716554,1,134,W,6.693,6.503,0.1899999999999995,absolute_postmile,5,same_freeway_same_direction_abs_postmile_then_station_id
717582,716551,2,134,W,6.693,5.983,0.71,absolute_postmile,5,same_freeway_same_direction_abs_postmile_then_station_id
717582,717099,3,134,W,6.693,7.673,0.9800000000000004,absolute_postmile,5,same_freeway_same_direction_abs_postmile_then_station_id
717582,774067,4,134,W,6.693,5.39,1.303,absolute_postmile,5,same_freeway_same_direction_abs_postmile_then_station_id
717582,773954,5,134,W,6.693,5.0,1.6929999999999996,absolute_postmile,5,same_freeway_same_direction_abs_postmile_then_station_id
717583,717585,1,134,E,7.41,7.84,0.4299999999999997,absolute_postmile,5,same_freeway_same_direction_abs_postmile_then_station_id
717583,717587,2,134,E,7.41,7.98,0.5700000000000003,absolute_postmile,5,same_freeway_same_direction_abs_postmile_then_station_id
717583,717580,3,134,E,7.41,6.48,0.9299999999999997,absolute_postmile,5,same_freeway_same_direction_abs_postmile_then_station_id
717583,774054,4,134,E,7.41,8.42,1.0099999999999998,absolute_postmile,5,same_freeway_same_direction_abs_postmile_then_station_id
717583,717578,5,134,E,7.41,6.1,1.3100000000000005,absolute_postmile,5,same_freeway_same_direction_abs_postmile_then_station_id
717637,717634,1,210,W,26.8,26.12,0.6799999999999997,absolute_postmile,5,same_freeway_same_direction_abs_postmile_then_station_id
717637,764137,2,210,W,26.8,25.68,1.120000000000001,absolute_postmile,5,same_freeway_same_direction_abs_postmile_then_station_id
717637,717642,3,210,W,26.8,28.03,1.2300000000000004,absolute_postmile,5,same_freeway_same_direction_abs_postmile_then_station_id
717637,717630,4,210,W,26.8,25.4,1.4000000000000021,absolute_postmile,5,same_freeway_same_direction_abs_postmile_then_station_id
717637,717644,5,210,W,26.8,28.27,1.4699999999999989,absolute_postmile,5,same_freeway_same_direction_abs_postmile_then_station_id
717638,717640,1,210,E,27.14,27.63,0.48999999999999844,absolute_postmile,5,same_freeway_same_direction_abs_postmile_then_station_id
717638,717635,2,210,E,27.14,26.47,0.6700000000000017,absolute_postmile,5,same_freeway_same_direction_abs_postmile_then_station_id
717638,717633,3,210,E,27.14,25.72,1.4200000000000017,absolute_postmile,5,same_freeway_same_direction_abs_postmile_then_station_id
717638,717646,4,210,E,27.14,28.68,1.5399999999999991,absolute_postmile,5,same_freeway_same_direction_abs_postmile_then_station_id
717638,717631,5,210,E,27.14,25.12,2.0199999999999996,absolute_postmile,5,same_freeway_same_direction_abs_postmile_then_station_id
717640,717638,1,210,E,27.63,27.14,0.48999999999999844,absolute_postmile,5,same_freeway_same_direction_abs_postmile_then_station_id
717640,717646,2,210,E,27.63,28.68,1.0500000000000007,absolute_postmile,5,same_freeway_same_direction_abs_postmile_then_station_id
717640,717635,3,210,E,27.63,26.47,1.1600000000000001,absolute_postmile,5,same_freeway_same_direction_abs_postmile_then_station_id
717640,717650,4,210,E,27.63,29.44,1.8100000000000023,absolute_postmile,5,same_freeway_same_direction_abs_postmile_then_station_id
717640,717633,5,210,E,27.63,25.72,1.9100000000000001,absolute_postmile,5,same_freeway_same_direction_abs_postmile_then_station_id
717646,717650,1,210,E,28.68,29.44,0.7600000000000016,absolute_postmile,5,same_freeway_same_direction_abs_postmile_then_station_id
717646,717640,2,210,E,28.68,27.63,1.0500000000000007,absolute_postmile,5,same_freeway_same_direction_abs_postmile_then_station_id
717646,717654,3,210,E,28.68,30.029,1.3490000000000002,absolute_postmile,5,same_freeway_same_direction_abs_postmile_then_station_id
717646,717638,4,210,E,28.68,27.14,1.5399999999999991,absolute_postmile,5,same_freeway_same_direction_abs_postmile_then_station_id
717646,717659,5,210,E,28.68,30.299,1.6189999999999998,absolute_postmile,5,same_freeway_same_direction_abs_postmile_then_station_id
717650,717654,1,210,E,29.44,30.029,0.5889999999999986,absolute_postmile,5,same_freeway_same_direction_abs_postmile_then_station_id
717650,717646,2,210,E,29.44,28.68,0.7600000000000016,absolute_postmile,5,same_freeway_same_direction_abs_postmile_then_station_id
717650,717659,3,210,E,29.44,30.299,0.8589999999999982,absolute_postmile,5,same_freeway_same_direction_abs_postmile_then_station_id
717650,773154,4,210,E,29.44,30.689,1.2489999999999988,absolute_postmile,5,same_freeway_same_direction_abs_postmile_then_station_id
717650,717667,5,210,E,29.44,31.239,1.7989999999999995,absolute_postmile,5,same_freeway_same_direction_abs_postmile_then_station_id
717654,717659,1,210,E,30.029,30.299,0.2699999999999996,absolute_postmile,5,same_freeway_same_direction_abs_postmile_then_station_id
717654,717650,2,210,E,30.029,29.44,0.5889999999999986,absolute_postmile,5,same_freeway_same_direction_abs_postmile_then_station_id
717654,773154,3,210,E,30.029,30.689,0.6600000000000001,absolute_postmile,5,same_freeway_same_direction_abs_postmile_then_station_id
717654,717667,4,210,E,30.029,31.239,1.2100000000000009,absolute_postmile,5,same_freeway_same_direction_abs_postmile_then_station_id
717654,717646,5,210,E,30.029,28.68,1.3490000000000002,absolute_postmile,5,same_freeway_same_direction_abs_postmile_then_station_id
717673,769722,1,210,W,36.589,36.289,0.29999999999999716,absolute_postmile,5,same_freeway_same_direction_abs_postmile_then_station_id
717673,775795,2,210,W,36.589,36.889,0.30000000000000426,absolute_postmile,5,same_freeway_same_direction_abs_postmile_then_station_id
717673,769702,3,210,W,36.589,36.089,0.5,absolute_postmile,5,same_freeway_same_direction_abs_postmile_then_station_id
717673,772858,4,210,W,36.589,37.389,0.8000000000000043,absolute_postmile,5,same_freeway_same_direction_abs_postmile_then_station_id
717673,761374,5,210,W,36.589,35.409,1.1799999999999997,absolute_postmile,5,same_freeway_same_direction_abs_postmile_then_station_id
717674,717675,1,210,W,38.069,38.208,0.1389999999999958,absolute_postmile,5,same_freeway_same_direction_abs_postmile_then_station_id
717674,772873,2,210,W,38.069,37.789,0.28000000000000114,absolute_postmile,5,same_freeway_same_direction_abs_postmile_then_station_id
717674,772858,3,210,W,38.069,37.389,0.6799999999999997,absolute_postmile,5,same_freeway_same_direction_abs_postmile_then_station_id
717674,772888,4,210,W,38.069,38.789,0.7199999999999989,absolute_postmile,5,same_freeway_same_direction_abs_postmile_then_station_id
717674,717676,5,210,W,38.069,39.159,1.0899999999999963,absolute_postmile,5,same_freeway_same_direction_abs_postmile_then_station_id
717790,772437,1,405,N,51.582,51.872,0.28999999999999915,absolute_postmile,5,same_freeway_same_direction_abs_postmile_then_station_id
717790,717787,2,405,N,51.582,51.122,0.46000000000000085,absolute_postmile,5,same_freeway_same_direction_abs_postmile_then_station_id
717790,716714,3,405,N,51.582,52.292,0.7100000000000009,absolute_postmile,5,same_freeway_same_direction_abs_postmile_then_station_id
717790,772455,4,405,N,51.582,52.312,0.7299999999999969,absolute_postmile,5,same_freeway_same_direction_abs_postmile_then_station_id
717790,768643,5,405,N,51.582,50.612,0.9699999999999989,absolute_postmile,5,same_freeway_same_direction_abs_postmile_then_station_id
717956,773785,1,605,N,24.418,24.752,0.33399999999999963,absolute_postmile,5,same_freeway_same_direction_abs_postmile_then_station_id
717956,773774,2,605,N,24.418,23.652,0.7659999999999982,absolute_postmile,5,same_freeway_same_direction_abs_postmile_then_station_id
717956,767678,3,605,N,24.418,25.352,0.934000000000001,absolute_postmile,5,same_freeway_same_direction_abs_postmile_then_station_id
717956,776487,4,605,N,24.418,23.283,1.134999999999998,absolute_postmile,5,same_freeway_same_direction_abs_postmile_then_station_id
717956,716841,5,605,N,24.418,26.004,1.586000000000002,absolute_postmile,5,same_freeway_same_direction_abs_postmile_then_station_id
717989,717986,1,710,S,13.517,13.427,0.08999999999999986,absolute_postmile,5,same_freeway_same_direction_abs_postmile_then_station_id
717989,774358,2,710,S,13.517,12.707,0.8099999999999987,absolute_postmile,5,same_freeway_same_direction_abs_postmile_then_station_id
717989,776295,3,710,S,13.517,14.507,0.9900000000000002,absolute_postmile,5,same_freeway_same_direction_abs_postmile_then_station_id
717989,718002,4,710,S,13.517,14.597,1.08,absolute_postmile,5,same_freeway_same_direction_abs_postmile_then_station_id
717989,761776,5,710,S,13.517,11.987,1.5299999999999994,absolute_postmile,5,same_freeway_same_direction_abs_postmile_then_station_id
718130,717369,1,91,E,1.808,1.548,0.26,absolute_postmile,5,same_freeway_same_direction_abs_postmile_then_station_id
718130,717376,2,91,E,1.808,2.268,0.45999999999999974,absolute_postmile,5,same_freeway_same_direction_abs_postmile_then_station_id
718130,717367,3,91,E,1.808,1.158,0.6500000000000001,absolute_postmile,5,same_freeway_same_direction_abs_postmile_then_station_id
718130,717373,4,91,E,1.808,2.578,0.7699999999999998,absolute_postmile,5,same_freeway_same_direction_abs_postmile_then_station_id
718130,716273,5,91,E,1.808,0.558,1.25,absolute_postmile,5,same_freeway_same_direction_abs_postmile_then_station_id
718210,761374,1,210,W,34.899,35.409,0.509999999999998,absolute_postmile,5,same_freeway_same_direction_abs_postmile_then_station_id
718210,761356,2,210,W,34.899,34.049,0.8500000000000014,absolute_postmile,5,same_freeway_same_direction_abs_postmile_then_station_id
718210,769702,3,210,W,34.899,36.089,1.1899999999999977,absolute_postmile,5,same_freeway_same_direction_abs_postmile_then_station_id
718210,769722,4,210,W,34.899,36.289,1.3900000000000006,absolute_postmile,5,same_freeway_same_direction_abs_postmile_then_station_id
718210,717673,5,210,W,34.899,36.589,1.6899999999999977,absolute_postmile,5,same_freeway_same_direction_abs_postmile_then_station_id
718259,773000,1,405,N,36.342,36.372,0.030000000000001137,absolute_postmile,5,same_freeway_same_direction_abs_postmile_then_station_id
718259,766505,2,405,N,36.342,35.822,0.519999999999996,absolute_postmile,5,same_freeway_same_direction_abs_postmile_then_station_id
718259,716663,3,405,N,36.342,36.952,0.6099999999999994,absolute_postmile,5,same_freeway_same_direction_abs_postmile_then_station_id
718259,717740,4,405,N,36.342,37.082,0.740000000000002,absolute_postmile,5,same_freeway_same_direction_abs_postmile_then_station_id
718259,716659,5,405,N,36.342,35.592,0.75,absolute_postmile,5,same_freeway_same_direction_abs_postmile_then_station_id
718287,764578,1,405,S,48.022,47.382,0.6400000000000006,absolute_postmile,5,same_freeway_same_direction_abs_postmile_then_station_id
718287,771954,2,405,S,48.022,48.672,0.6499999999999986,absolute_postmile,5,same_freeway_same_direction_abs_postmile_then_station_id
718287,764572,3,405,S,48.022,47.242,0.7800000000000011,absolute_postmile,5,same_freeway_same_direction_abs_postmile_then_station_id
718287,717772,4,405,S,48.022,47.062,0.9600000000000009,absolute_postmile,5,same_freeway_same_direction_abs_postmile_then_station_id
718287,718290,5,405,S,48.022,49.182,1.1600000000000037,absolute_postmile,5,same_freeway_same_direction_abs_postmile_then_station_id
718356,718053,1,57,N,21.537,21.957,0.4200000000000017,absolute_postmile,5,same_freeway_same_direction_abs_postmile_then_station_id
718356,774799,2,57,N,21.537,22.317,0.7800000000000011,absolute_postmile,5,same_freeway_same_direction_abs_postmile_then_station_id
718356,718051,3,57,N,21.537,22.437,0.9000000000000021,absolute_postmile,5,same_freeway_same_direction_abs_postmile_then_station_id
718356,764096,4,57,N,21.537,20.517,1.0199999999999996,absolute_postmile,5,same_freeway_same_direction_abs_postmile_then_station_id
718356,764089,5,57,N,21.537,23.197,1.6600000000000001,absolute_postmile,5,same_freeway_same_direction_abs_postmile_then_station_id
718364,716928,1,5,S,128.75,129.25,0.5,absolute_postmile,5,same_freeway_same_direction_abs_postmile_then_station_id
718364,716924,2,5,S,128.75,128.11,0.6399999999999864,absolute_postmile,5,same_freeway_same_direction_abs_postmile_then_station_id
718364,718085,3,5,S,128.75,129.593,0.8429999999999893,absolute_postmile,5,same_freeway_same_direction_abs_postmile_then_station_id
718364,763980,4,5,S,128.75,127.87,0.8799999999999955,absolute_postmile,5,same_freeway_same_direction_abs_postmile_then_station_id
718364,716930,5,5,S,128.75,129.92,1.1699999999999875,absolute_postmile,5,same_freeway_same_direction_abs_postmile_then_station_id
718375,718376,1,5,S,138.97,139.33,0.36000000000001364,absolute_postmile,5,same_freeway_same_direction_abs_postmile_then_station_id
718375,716955,2,5,S,138.97,138.5,0.46999999999999886,absolute_postmile,5,same_freeway_same_direction_abs_postmile_then_station_id
718375,718370,3,5,S,138.97,138.04,0.9300000000000068,absolute_postmile,5,same_freeway_same_direction_abs_postmile_then_station_id
718375,716958,4,5,S,138.97,140.15,1.1800000000000068,absolute_postmile,5,same_freeway_same_direction_abs_postmile_then_station_id
718375,716949,5,5,S,138.97,137.27,1.6999999999999886,absolute_postmile,5,same_freeway_same_direction_abs_postmile_then_station_id
718496,774204,1,134,W,1.9,1.92,0.020000000000000018,absolute_postmile,5,same_freeway_same_direction_abs_postmile_then_station_id
718496,717571,2,134,W,1.9,0.95,0.95,absolute_postmile,5,same_freeway_same_direction_abs_postmile_then_station_id
718496,717572,3,134,W,1.9,2.86,0.96,absolute_postmile,5,same_freeway_same_direction_abs_postmile_then_station_id
718496,773870,4,134,W,1.9,3.4,1.5,absolute_postmile,5,same_freeway_same_direction_abs_postmile_then_station_id
718496,773939,5,134,W,1.9,0.38,1.52,absolute_postmile,5,same_freeway_same_direction_abs_postmile_then_station_id
718499,773870,1,134,W,3.75,3.4,0.3500000000000001,absolute_postmile,5,same_freeway_same_direction_abs_postmile_then_station_id
718499,717572,2,134,W,3.75,2.86,0.8900000000000001,absolute_postmile,5,same_freeway_same_direction_abs_postmile_then_station_id
718499,717576,3,134,W,3.75,4.69,0.9400000000000004,absolute_postmile,5,same_freeway_same_direction_abs_postmile_then_station_id
718499,773906,4,134,W,3.75,4.8,1.0499999999999998,absolute_postmile,5,same_freeway_same_direction_abs_postmile_then_station_id
718499,773954,5,134,W,3.75,5.0,1.25,absolute_postmile,5,same_freeway_same_direction_abs_postmile_then_station_id
737504,773724,1,605,S,3.082,3.552,0.4700000000000002,absolute_postmile,5,same_freeway_same_direction_abs_postmile_then_station_id
737504,717833,2,605,S,3.082,3.722,0.6400000000000001,absolute_postmile,5,same_freeway_same_direction_abs_postmile_then_station_id
737504,773711,3,605,S,3.082,2.432,0.6499999999999999,absolute_postmile,5,same_freeway_same_direction_abs_postmile_then_station_id
737504,717838,4,605,S,3.082,3.902,0.8200000000000003,absolute_postmile,5,same_freeway_same_direction_abs_postmile_then_station_id
737504,717832,5,605,S,3.082,2.252,0.8300000000000001,absolute_postmile,5,same_freeway_same_direction_abs_postmile_then_station_id
759566,759576,1,5,N,131.433,131.773,0.3400000000000034,absolute_postmile,5,same_freeway_same_direction_abs_postmile_then_station_id
759566,716933,2,5,N,131.433,130.983,0.44999999999998863,absolute_postmile,5,same_freeway_same_direction_abs_postmile_then_station_id
759566,716937,3,5,N,131.433,132.403,0.9699999999999989,absolute_postmile,5,same_freeway_same_direction_abs_postmile_then_station_id
759566,718086,4,5,N,131.433,130.303,1.1299999999999955,absolute_postmile,5,same_freeway_same_direction_abs_postmile_then_station_id
759566,763700,5,5,N,131.433,132.763,1.3300000000000125,absolute_postmile,5,same_freeway_same_direction_abs_postmile_then_station_id
759762,759772,1,5,S,144.77,144.87,0.09999999999999432,absolute_postmile,5,same_freeway_same_direction_abs_postmile_then_station_id
759762,716965,2,5,S,144.77,144.27,0.5,absolute_postmile,5,same_freeway_same_direction_abs_postmile_then_station_id
759762,764417,3,5,S,144.77,144.23,0.5400000000000205,absolute_postmile,5,same_freeway_same_direction_abs_postmile_then_station_id
759762,759783,4,5,S,144.77,145.47,0.6999999999999886,absolute_postmile,5,same_freeway_same_direction_abs_postmile_then_station_id
759762,716977,5,5,S,144.77,146.25,1.4799999999999898,absolute_postmile,5,same_freeway_same_direction_abs_postmile_then_station_id
759772,759762,1,5,S,144.87,144.77,0.09999999999999432,absolute_postmile,5,same_freeway_same_direction_abs_postmile_then_station_id
759772,716965,2,5,S,144.87,144.27,0.5999999999999943,absolute_postmile,5,same_freeway_same_direction_abs_postmile_then_station_id
759772,759783,3,5,S,144.87,145.47,0.5999999999999943,absolute_postmile,5,same_freeway_same_direction_abs_postmile_then_station_id
759772,764417,4,5,S,144.87,144.23,0.6400000000000148,absolute_postmile,5,same_freeway_same_direction_abs_postmile_then_station_id
759772,716977,5,5,S,144.87,146.25,1.3799999999999955,absolute_postmile,5,same_freeway_same_direction_abs_postmile_then_station_id
759783,759772,1,5,S,145.47,144.87,0.5999999999999943,absolute_postmile,5,same_freeway_same_direction_abs_postmile_then_station_id
759783,759762,2,5,S,145.47,144.77,0.6999999999999886,absolute_postmile,5,same_freeway_same_direction_abs_postmile_then_station_id
759783,716977,3,5,S,145.47,146.25,0.7800000000000011,absolute_postmile,5,same_freeway_same_direction_abs_postmile_then_station_id
759783,777733,4,5,S,145.47,146.54,1.0699999999999932,absolute_postmile,5,same_freeway_same_direction_abs_postmile_then_station_id
759783,716965,5,5,S,145.47,144.27,1.1999999999999886,absolute_postmile,5,same_freeway_same_direction_abs_postmile_then_station_id
759980,768223,1,91,E,13.408,13.498,0.08999999999999986,absolute_postmile,5,same_freeway_same_direction_abs_postmile_then_station_id
759980,717441,2,91,E,13.408,13.108,0.29999999999999893,absolute_postmile,5,same_freeway_same_direction_abs_postmile_then_station_id
759980,717439,3,91,E,13.408,12.768,0.6399999999999988,absolute_postmile,5,same_freeway_same_direction_abs_postmile_then_station_id
759980,717443,4,91,E,13.408,14.208,0.8000000000000007,absolute_postmile,5,same_freeway_same_direction_abs_postmile_then_station_id
759980,717436,5,91,E,13.408,12.538,0.8699999999999992,absolute_postmile,5,same_freeway_same_direction_abs_postmile_then_station_id
760987,773880,1,134,E,2.11,2.0,0.10999999999999988,absolute_postmile,5,same_freeway_same_direction_abs_postmile_then_station_id
760987,773890,2,134,E,2.11,2.3,0.18999999999999995,absolute_postmile,5,same_freeway_same_direction_abs_postmile_then_station_id
760987,717573,3,134,E,2.11,3.04,0.9300000000000002,absolute_postmile,5,same_freeway_same_direction_abs_postmile_then_station_id
760987,717570,4,134,E,2.11,0.95,1.16,absolute_postmile,5,same_freeway_same_direction_abs_postmile_then_station_id
760987,773869,5,134,E,2.11,3.4,1.29,absolute_postmile,5,same_freeway_same_direction_abs_postmile_then_station_id
761003,773869,1,134,E,3.88,3.4,0.48,absolute_postmile,5,same_freeway_same_direction_abs_postmile_then_station_id
761003,718204,2,134,E,3.88,4.69,0.8100000000000005,absolute_postmile,5,same_freeway_same_direction_abs_postmile_then_station_id
761003,717573,3,134,E,3.88,3.04,0.8399999999999999,absolute_postmile,5,same_freeway_same_direction_abs_postmile_then_station_id
761003,773904,4,134,E,3.88,4.8,0.9199999999999999,absolute_postmile,5,same_freeway_same_direction_abs_postmile_then_station_id
761003,773953,5,134,E,3.88,5.0,1.12,absolute_postmile,5,same_freeway_same_direction_abs_postmile_then_station_id
761206,772887,1,210,E,38.298,38.789,0.49099999999999966,absolute_postmile,5,same_freeway_same_direction_abs_postmile_then_station_id
761206,772872,2,210,E,38.298,37.789,0.5090000000000003,absolute_postmile,5,same_freeway_same_direction_abs_postmile_then_station_id
761206,772857,3,210,E,38.298,37.389,0.9089999999999989,absolute_postmile,5,same_freeway_same_direction_abs_postmile_then_station_id
761206,761220,4,210,E,38.298,39.339,1.0409999999999968,absolute_postmile,5,same_freeway_same_direction_abs_postmile_then_station_id
761206,769772,5,210,E,38.298,36.889,1.408999999999999,absolute_postmile,5,same_freeway_same_direction_abs_postmile_then_station_id
761356,718210,1,210,W,34.049,34.899,0.8500000000000014,absolute_postmile,5,same_freeway_same_direction_abs_postmile_then_station_id
761356,761342,2,210,W,34.049,33.049,1.0,absolute_postmile,5,same_freeway_same_direction_abs_postmile_then_station_id
761356,773194,3,210,W,34.049,32.789,1.259999999999998,absolute_postmile,5,same_freeway_same_direction_abs_postmile_then_station_id
761356,761374,4,210,W,34.049,35.409,1.3599999999999994,absolute_postmile,5,same_freeway_same_direction_abs_postmile_then_station_id
761356,764146,5,210,W,34.049,32.199,1.8500000000000014,absolute_postmile,5,same_freeway_same_direction_abs_postmile_then_station_id
761374,718210,1,210,W,35.409,34.899,0.509999999999998,absolute_postmile,5,same_freeway_same_direction_abs_postmile_then_station_id
761374,769702,2,210,W,35.409,36.089,0.6799999999999997,absolute_postmile,5,same_freeway_same_direction_abs_postmile_then_station_id
761374,769722,3,210,W,35.409,36.289,0.8800000000000026,absolute_postmile,5,same_freeway_same_direction_abs_postmile_then_station_id
761374,717673,4,210,W,35.409,36.589,1.1799999999999997,absolute_postmile,5,same_freeway_same_direction_abs_postmile_then_station_id
761374,761356,5,210,W,35.409,34.049,1.3599999999999994,absolute_postmile,5,same_freeway_same_direction_abs_postmile_then_station_id
761552,761541,1,405,S,44.372,44.072,0.29999999999999716,absolute_postmile,5,same_freeway_same_direction_abs_postmile_then_station_id
761552,764598,2,405,S,44.372,44.852,0.4799999999999969,absolute_postmile,5,same_freeway_same_direction_abs_postmile_then_station_id
761552,759422,3,405,S,44.372,43.872,0.5,absolute_postmile,5,same_freeway_same_direction_abs_postmile_then_station_id
761552,764590,4,405,S,44.372,44.962,0.5900000000000034,absolute_postmile,5,same_freeway_same_direction_abs_postmile_then_station_id
761552,767827,5,405,S,44.372,45.137,0.7650000000000006,absolute_postmile,5,same_freeway_same_direction_abs_postmile_then_station_id
761776,717980,1,710,S,11.987,11.927,0.0600000000000005,absolute_postmile,5,same_freeway_same_direction_abs_postmile_then_station_id
761776,716857,2,710,S,11.987,11.54,0.44700000000000095,absolute_postmile,5,same_freeway_same_direction_abs_postmile_then_station_id
761776,774358,3,710,S,11.987,12.707,0.7200000000000006,absolute_postmile,5,same_freeway_same_direction_abs_postmile_then_station_id
761776,717978,4,710,S,11.987,10.94,1.0470000000000006,absolute_postmile,5,same_freeway_same_direction_abs_postmile_then_station_id
761776,717986,5,710,S,11.987,13.427,1.4399999999999995,absolute_postmile,5,same_freeway_same_direction_abs_postmile_then_station_id
763479,716172,1,10,E,39.09,39.2,0.10999999999999943,absolute_postmile,5,same_freeway_same_direction_abs_postmile_then_station_id
763479,717236,2,10,E,39.09,40.48,1.3899999999999935,absolute_postmile,5,same_freeway_same_direction_abs_postmile_then_station_id
763479,718119,3,10,E,39.09,37.64,1.4500000000000028,absolute_postmile,5,same_freeway_same_direction_abs_postmile_then_station_id
763479,717219,4,10,E,39.09,37.45,1.6400000000000006,absolute_postmile,5,same_freeway_same_direction_abs_postmile_then_station_id
763479,717214,5,10,E,39.09,36.98,2.1100000000000065,absolute_postmile,5,same_freeway_same_direction_abs_postmile_then_station_id
763558,774877,1,57,N,17.087,17.427,0.33999999999999986,absolute_postmile,5,same_freeway_same_direction_abs_postmile_then_station_id
763558,774866,2,57,N,17.087,16.617,0.46999999999999886,absolute_postmile,5,same_freeway_same_direction_abs_postmile_then_station_id
763558,763563,3,57,N,17.087,17.977,0.8900000000000006,absolute_postmile,5,same_freeway_same_direction_abs_postmile_then_station_id
763558,763568,4,57,N,17.087,18.167,1.0800000000000018,absolute_postmile,5,same_freeway_same_direction_abs_postmile_then_station_id
763558,774813,5,57,N,17.087,15.797,1.2899999999999991,absolute_postmile,5,same_freeway_same_direction_abs_postmile_then_station_id
763563,763568,1,57,N,17.977,18.167,0.19000000000000128,absolute_postmile,5,same_freeway_same_direction_abs_postmile_then_station_id
763563,774877,2,57,N,17.977,17.427,0.5500000000000007,absolute_postmile,5,same_freeway_same_direction_abs_postmile_then_station_id
763563,774841,3,57,N,17.977,18.617,0.6400000000000006,absolute_postmile,5,same_freeway_same_direction_abs_postmile_then_station_id
763563,763558,4,57,N,17.977,17.087,0.8900000000000006,absolute_postmile,5,same_freeway_same_direction_abs_postmile_then_station_id
763563,716203,5,57,N,17.977,19.117,1.1400000000000006,absolute_postmile,5,same_freeway_same_direction_abs_postmile_then_station_id
763573,763578,1,57,S,18.178,17.874,0.30400000000000205,absolute_postmile,5,same_freeway_same_direction_abs_postmile_then_station_id
763573,774842,2,57,S,18.178,18.702,0.5240000000000009,absolute_postmile,5,same_freeway_same_direction_abs_postmile_then_station_id
763573,774878,3,57,S,18.178,17.512,0.6660000000000004,absolute_postmile,5,same_freeway_same_direction_abs_postmile_then_station_id
763573,764420,4,57,S,18.178,19.202,1.024000000000001,absolute_postmile,5,same_freeway_same_direction_abs_postmile_then_station_id
763573,763583,5,57,S,18.178,16.942,1.2360000000000007,absolute_postmile,5,same_freeway_same_direction_abs_postmile_then_station_id
763578,763573,1,57,S,17.874,18.178,0.30400000000000205,absolute_postmile,5,same_freeway_same_direction_abs_postmile_then_station_id
763578,774878,2,57,S,17.874,17.512,0.3619999999999983,absolute_postmile,5,same_freeway_same_direction_abs_postmile_then_station_id
763578,774842,3,57,S,17.874,18.702,0.828000000000003,absolute_postmile,5,same_freeway_same_direction_abs_postmile_then_station_id
763578,763583,4,57,S,17.874,16.942,0.9319999999999986,absolute_postmile,5,same_freeway_same_direction_abs_postmile_then_station_id
763578,774865,5,57,S,17.874,16.702,1.171999999999997,absolute_postmile,5,same_freeway_same_direction_abs_postmile_then_station_id
763583,774865,1,57,S,16.942,16.702,0.23999999999999844,absolute_postmile,5,same_freeway_same_direction_abs_postmile_then_station_id
763583,774878,2,57,S,16.942,17.512,0.5700000000000003,absolute_postmile,5,same_freeway_same_direction_abs_postmile_then_station_id
763583,763578,3,57,S,16.942,17.874,0.9319999999999986,absolute_postmile,5,same_freeway_same_direction_abs_postmile_then_station_id
763583,774812,4,57,S,16.942,15.882,1.0600000000000005,absolute_postmile,5,same_freeway_same_direction_abs_postmile_then_station_id
763583,763573,5,57,S,16.942,18.178,1.2360000000000007,absolute_postmile,5,same_freeway_same_direction_abs_postmile_then_station_id
763649,718052,1,57,S,21.622,21.862,0.23999999999999844,absolute_postmile,5,same_freeway_same_direction_abs_postmile_then_station_id
763649,774800,2,57,S,21.622,22.402,0.7800000000000011,absolute_postmile,5,same_freeway_same_direction_abs_postmile_then_station_id
763649,768779,3,57,S,21.622,22.502,0.879999999999999,absolute_postmile,5,same_freeway_same_direction_abs_postmile_then_station_id
763649,718054,4,57,S,21.622,20.662,0.9600000000000009,absolute_postmile,5,same_freeway_same_direction_abs_postmile_then_station_id
763649,718050,5,57,S,21.622,22.722,1.1000000000000014,absolute_postmile,5,same_freeway_same_direction_abs_postmile_then_station_id
763683,717945,1,605,N,22.042,21.554,0.4880000000000031,absolute_postmile,5,same_freeway_same_direction_abs_postmile_then_station_id
763683,716834,2,605,N,22.042,21.417,0.625,absolute_postmile,5,same_freeway_same_direction_abs_postmile_then_station_id
763683,776020,3,605,N,22.042,22.752,0.7099999999999973,absolute_postmile,5,same_freeway_same_direction_abs_postmile_then_station_id
763683,776487,4,605,N,22.042,23.283,1.2409999999999997,absolute_postmile,5,same_freeway_same_direction_abs_postmile_then_station_id
763683,775689,5,605,N,22.042,20.752,1.2900000000000027,absolute_postmile,5,same_freeway_same_direction_abs_postmile_then_station_id
764001,717848,1,605,S,9.352,9.252,0.09999999999999964,absolute_postmile,5,same_freeway_same_direction_abs_postmile_then_station_id
764001,717871,2,605,S,9.352,8.892,0.46000000000000085,absolute_postmile,5,same_freeway_same_direction_abs_postmile_then_station_id
764001,717867,3,605,S,9.352,8.772,0.5800000000000001,absolute_postmile,5,same_freeway_same_direction_abs_postmile_then_station_id
764001,737152,4,605,S,9.352,9.952,0.5999999999999996,absolute_postmile,5,same_freeway_same_direction_abs_postmile_then_station_id
764001,717865,5,605,S,9.352,8.342,1.0099999999999998,absolute_postmile,5,same_freeway_same_direction_abs_postmile_then_station_id
764096,774902,1,57,N,20.517,19.737,0.7800000000000011,absolute_postmile,5,same_freeway_same_direction_abs_postmile_then_station_id
764096,718356,2,57,N,20.517,21.537,1.0199999999999996,absolute_postmile,5,same_freeway_same_direction_abs_postmile_then_station_id
764096,716203,3,57,N,20.517,19.117,1.3999999999999986,absolute_postmile,5,same_freeway_same_direction_abs_postmile_then_station_id
764096,718053,4,57,N,20.517,21.957,1.4400000000000013,absolute_postmile,5,same_freeway_same_direction_abs_postmile_then_station_id
764096,774799,5,57,N,20.517,22.317,1.8000000000000007,absolute_postmile,5,same_freeway_same_direction_abs_postmile_then_station_id
764222,717179,1,10,E,32.5,32.94,0.4399999999999977,absolute_postmile,5,same_freeway_same_direction_abs_postmile_then_station_id
764222,717174,2,10,E,32.5,31.96,0.5399999999999991,absolute_postmile,5,same_freeway_same_direction_abs_postmile_then_station_id
764222,763695,3,10,E,32.5,33.4,0.8999999999999986,absolute_postmile,5,same_freeway_same_direction_abs_postmile_then_station_id
764222,717185,4,10,E,32.5,33.86,1.3599999999999994,absolute_postmile,5,same_freeway_same_direction_abs_postmile_then_station_id
764222,717190,5,10,E,32.5,34.0,1.5,absolute_postmile,5,same_freeway_same_direction_abs_postmile_then_station_id
764276,764269,1,14,N,3.262,3.482,0.2200000000000002,absolute_postmile,5,same_freeway_same_direction_abs_postmile_then_station_id
764276,764262,2,14,N,3.262,2.062,1.2000000000000002,absolute_postmile,5,same_freeway_same_direction_abs_postmile_then_station_id
764276,764304,3,14,N,3.262,5.192,1.9300000000000002,absolute_postmile,5,same_freeway_same_direction_abs_postmile_then_station_id
764276,764318,4,14,N,3.262,6.322,3.06,absolute_postmile,5,same_freeway_same_direction_abs_postmile_then_station_id
764276,766694,5,14,N,3.262,8.663,5.401,absolute_postmile,5,same_freeway_same_direction_abs_postmile_then_station_id
764304,764318,1,14,N,5.192,6.322,1.13,absolute_postmile,5,same_freeway_same_direction_abs_postmile_then_station_id
764304,764269,2,14,N,5.192,3.482,1.71,absolute_postmile,5,same_freeway_same_direction_abs_postmile_then_station_id
764304,764276,3,14,N,5.192,3.262,1.9300000000000002,absolute_postmile,5,same_freeway_same_direction_abs_postmile_then_station_id
764304,764262,4,14,N,5.192,2.062,3.1300000000000003,absolute_postmile,5,same_freeway_same_direction_abs_postmile_then_station_id
764304,766694,5,14,N,5.192,8.663,3.471,absolute_postmile,5,same_freeway_same_direction_abs_postmile_then_station_id
764311,764322,1,14,S,5.932,6.322,0.3899999999999997,absolute_postmile,5,same_freeway_same_direction_abs_postmile_then_station_id
764311,764297,2,14,S,5.932,4.752,1.1800000000000006,absolute_postmile,5,same_freeway_same_direction_abs_postmile_then_station_id
764311,766703,3,14,S,5.932,8.463,2.530999999999999,absolute_postmile,5,same_freeway_same_direction_abs_postmile_then_station_id
764311,764290,4,14,S,5.932,3.332,2.6000000000000005,absolute_postmile,5,same_freeway_same_direction_abs_postmile_then_station_id
764311,764283,5,14,S,5.932,3.092,2.8400000000000003,absolute_postmile,5,same_freeway_same_direction_abs_postmile_then_station_id
764578,764572,1,405,S,47.382,47.242,0.14000000000000057,absolute_postmile,5,same_freeway_same_direction_abs_postmile_then_station_id
764578,717772,2,405,S,47.382,47.062,0.3200000000000003,absolute_postmile,5,same_freeway_same_direction_abs_postmile_then_station_id
764578,718287,3,405,S,47.382,48.022,0.6400000000000006,absolute_postmile,5,same_freeway_same_direction_abs_postmile_then_station_id
764578,776843,4,405,S,47.382,46.472,0.9099999999999966,absolute_postmile,5,same_freeway_same_direction_abs_postmile_then_station_id
764578,765153,5,405,S,47.382,46.172,1.2100000000000009,absolute_postmile,5,same_freeway_same_direction_abs_postmile_then_station_id
764583,717777,1,405,N,47.382,47.242,0.14000000000000057,absolute_postmile,5,same_freeway_same_direction_abs_postmile_then_station_id
764583,717776,2,405,N,47.382,47.132,0.25,absolute_postmile,5,same_freeway_same_direction_abs_postmile_then_station_id
764583,717779,3,405,N,47.382,48.022,0.6400000000000006,absolute_postmile,5,same_freeway_same_direction_abs_postmile_then_station_id
764583,761492,4,405,N,47.382,46.472,0.9099999999999966,absolute_postmile,5,same_freeway_same_direction_abs_postmile_then_station_id
764583,776844,5,405,N,47.382,46.472,0.9099999999999966,absolute_postmile,5,same_freeway_same_direction_abs_postmile_then_station_id
764814,764798,1,101,S,41.032,40.172,0.8599999999999994,absolute_postmile,5,same_freeway_same_direction_abs_postmile_then_station_id
764814,765150,2,101,S,41.032,40.002,1.029999999999994,absolute_postmile,5,same_freeway_same_direction_abs_postmile_then_station_id
764814,764834,3,101,S,41.032,42.192,1.1600000000000037,absolute_postmile,5,same_freeway_same_direction_abs_postmile_then_station_id
764814,764824,4,101,S,41.032,42.582,1.5500000000000043,absolute_postmile,5,same_freeway_same_direction_abs_postmile_then_station_id
764814,764622,5,101,S,41.032,38.912,2.1199999999999974,absolute_postmile,5,same_freeway_same_direction_abs_postmile_then_station_id
764819,764808,1,101,N,41.319,40.489,0.8300000000000054,absolute_postmile,5,same_freeway_same_direction_abs_postmile_then_station_id
764819,764803,2,101,N,41.319,40.469,0.8500000000000014,absolute_postmile,5,same_freeway_same_direction_abs_postmile_then_station_id
764819,764829,3,101,N,41.319,42.719,1.3999999999999986,absolute_postmile,5,same_freeway_same_direction_abs_postmile_then_station_id
764819,776465,4,101,N,41.319,42.989,1.6699999999999946,absolute_postmile,5,same_freeway_same_direction_abs_postmile_then_station_id
764819,765472,5,101,N,41.319,39.059,2.260000000000005,absolute_postmile,5,same_freeway_same_direction_abs_postmile_then_station_id
764824,764834,1,101,S,42.582,42.192,0.39000000000000057,absolute_postmile,5,same_freeway_same_direction_abs_postmile_then_station_id
764824,764848,2,101,S,42.582,43.442,0.8599999999999994,absolute_postmile,5,same_freeway_same_direction_abs_postmile_then_station_id
764824,764814,3,101,S,42.582,41.032,1.5500000000000043,absolute_postmile,5,same_freeway_same_direction_abs_postmile_then_station_id
764824,764868,4,101,S,42.582,44.362,1.7800000000000011,absolute_postmile,5,same_freeway_same_direction_abs_postmile_then_station_id
764824,764874,5,101,S,42.582,44.532,1.9499999999999957,absolute_postmile,5,same_freeway_same_direction_abs_postmile_then_station_id
764839,776465,1,101,N,43.779,42.989,0.7900000000000063,absolute_postmile,5,same_freeway_same_direction_abs_postmile_then_station_id
764839,764863,2,101,N,43.779,44.719,0.9399999999999977,absolute_postmile,5,same_freeway_same_direction_abs_postmile_then_station_id
764839,764829,3,101,N,43.779,42.719,1.0600000000000023,absolute_postmile,5,same_freeway_same_direction_abs_postmile_then_station_id
764839,764879,4,101,N,43.779,45.699,1.9199999999999946,absolute_postmile,5,same_freeway_same_direction_abs_postmile_then_station_id
764839,764891,5,101,N,43.779,45.889,2.1099999999999994,absolute_postmile,5,same_freeway_same_direction_abs_postmile_then_station_id
764848,764824,1,101,S,43.442,42.582,0.8599999999999994,absolute_postmile,5,same_freeway_same_direction_abs_postmile_then_station_id
764848,764868,2,101,S,43.442,44.362,0.9200000000000017,absolute_postmile,5,same_freeway_same_direction_abs_postmile_then_station_id
764848,764874,3,101,S,43.442,44.532,1.0899999999999963,absolute_postmile,5,same_freeway_same_direction_abs_postmile_then_station_id
764848,764834,4,101,S,43.442,42.192,1.25,absolute_postmile,5,same_freeway_same_direction_abs_postmile_then_station_id
764848,764885,5,101,S,43.442,45.582,2.1400000000000006,absolute_postmile,5,same_freeway_same_direction_abs_postmile_then_station_id
764915,764910,1,101,N,47.609,47.409,0.20000000000000284,absolute_postmile,5,same_freeway_same_direction_abs_postmile_then_station_id
764915,764900,2,101,N,47.609,46.779,0.8299999999999983,absolute_postmile,5,same_freeway_same_direction_abs_postmile_then_station_id
764915,764891,3,101,N,47.609,45.889,1.7199999999999989,absolute_postmile,5,same_freeway_same_direction_abs_postmile_then_station_id
764915,764879,4,101,N,47.609,45.699,1.9100000000000037,absolute_postmile,5,same_freeway_same_direction_abs_postmile_then_station_id
764915,764921,5,101,N,47.609,50.359,2.75,absolute_postmile,5,same_freeway_same_direction_abs_postmile_then_station_id
764932,764921,1,101,N,51.819,50.359,1.4600000000000009,absolute_postmile,5,same_freeway_same_direction_abs_postmile_then_station_id
764932,764915,2,101,N,51.819,47.609,4.210000000000001,absolute_postmile,5,same_freeway_same_direction_abs_postmile_then_station_id
764932,764910,3,101,N,51.819,47.409,4.410000000000004,absolute_postmile,5,same_freeway_same_direction_abs_postmile_then_station_id
764932,764900,4,101,N,51.819,46.779,5.039999999999999,absolute_postmile,5,same_freeway_same_direction_abs_postmile_then_station_id
764932,764891,5,101,N,51.819,45.889,5.93,absolute_postmile,5,same_freeway_same_direction_abs_postmile_then_station_id
765150,764798,1,101,S,40.002,40.172,0.1699999999999946,absolute_postmile,5,same_freeway_same_direction_abs_postmile_then_station_id
765150,764814,2,101,S,40.002,41.032,1.029999999999994,absolute_postmile,5,same_freeway_same_direction_abs_postmile_then_station_id
765150,764622,3,101,S,40.002,38.912,1.0900000000000034,absolute_postmile,5,same_freeway_same_direction_abs_postmile_then_station_id
765150,764627,4,101,S,40.002,38.702,1.3000000000000043,absolute_postmile,5,same_freeway_same_direction_abs_postmile_then_station_id
765150,764834,5,101,S,40.002,42.192,2.1899999999999977,absolute_postmile,5,same_freeway_same_direction_abs_postmile_then_station_id
765153,776843,1,405,S,46.172,46.472,0.30000000000000426,absolute_postmile,5,same_freeway_same_direction_abs_postmile_then_station_id
765153,718284,2,405,S,46.172,45.772,0.3999999999999986,absolute_postmile,5,same_freeway_same_direction_abs_postmile_then_station_id
765153,717772,3,405,S,46.172,47.062,0.8900000000000006,absolute_postmile,5,same_freeway_same_direction_abs_postmile_then_station_id
765153,767827,4,405,S,46.172,45.137,1.0349999999999966,absolute_postmile,5,same_freeway_same_direction_abs_postmile_then_station_id
765153,764572,5,405,S,46.172,47.242,1.0700000000000003,absolute_postmile,5,same_freeway_same_direction_abs_postmile_then_station_id
765456,774491,1,60,W,28.007,28.141,0.1339999999999968,absolute_postmile,5,same_freeway_same_direction_abs_postmile_then_station_id
765456,766571,2,60,W,28.007,28.681,0.6739999999999995,absolute_postmile,5,same_freeway_same_direction_abs_postmile_then_station_id
765456,766602,3,60,W,28.007,29.111,1.1039999999999992,absolute_postmile,5,same_freeway_same_direction_abs_postmile_then_station_id
765456,766642,4,60,W,28.007,29.291,1.283999999999999,absolute_postmile,5,same_freeway_same_direction_abs_postmile_then_station_id
765456,766622,5,60,W,28.007,29.651,1.6439999999999984,absolute_postmile,5,same_freeway_same_direction_abs_postmile_then_station_id
765461,766587,1,60,W,30.335,29.871,0.4640000000000022,absolute_postmile,5,same_freeway_same_direction_abs_postmile_then_station_id
765461,766622,2,60,W,30.335,29.651,0.684000000000001,absolute_postmile,5,same_freeway_same_direction_abs_postmile_then_station_id
765461,766642,3,60,W,30.335,29.291,1.0440000000000005,absolute_postmile,5,same_freeway_same_direction_abs_postmile_then_station_id
765461,766602,4,60,W,30.335,29.111,1.2240000000000002,absolute_postmile,5,same_freeway_same_direction_abs_postmile_then_station_id
765461,766571,5,60,W,30.335,28.681,1.654,absolute_postmile,5,same_freeway_same_direction_abs_postmile_then_station_id
765501,773773,1,605,S,24.003,23.652,0.3509999999999991,absolute_postmile,5,same_freeway_same_direction_abs_postmile_then_station_id
765501,773784,2,605,S,24.003,24.752,0.7489999999999988,absolute_postmile,5,same_freeway_same_direction_abs_postmile_then_station_id
765501,717951,3,605,S,24.003,22.934,1.068999999999999,absolute_postmile,5,same_freeway_same_direction_abs_postmile_then_station_id
765501,776019,4,605,S,24.003,22.752,1.2510000000000012,absolute_postmile,5,same_freeway_same_direction_abs_postmile_then_station_id
765501,763616,5,605,S,24.003,25.398,1.3949999999999996,absolute_postmile,5,same_freeway_same_direction_abs_postmile_then_station_id
765591,717368,1,91,W,1.808,1.548,0.26,absolute_postmile,5,same_freeway_same_direction_abs_postmile_then_station_id
765591,717375,2,91,W,1.808,2.268,0.45999999999999974,absolute_postmile,5,same_freeway_same_direction_abs_postmile_then_station_id
765591,717374,3,91,W,1.808,2.578,0.7699999999999998,absolute_postmile,5,same_freeway_same_direction_abs_postmile_then_station_id
765591,717365,4,91,W,1.808,0.838,0.9700000000000001,absolute_postmile,5,same_freeway_same_direction_abs_postmile_then_station_id
765591,764425,5,91,W,1.808,0.558,1.25,absolute_postmile,5,same_freeway_same_direction_abs_postmile_then_station_id
766585,766620,1,60,E,29.871,29.651,0.21999999999999886,absolute_postmile,5,same_freeway_same_direction_abs_postmile_then_station_id
766585,766644,2,60,E,29.871,29.291,0.5799999999999983,absolute_postmile,5,same_freeway_same_direction_abs_postmile_then_station_id
766585,766843,3,60,E,29.871,30.512,0.6410000000000018,absolute_postmile,5,same_freeway_same_direction_abs_postmile_then_station_id
766585,766600,4,60,E,29.871,29.111,0.759999999999998,absolute_postmile,5,same_freeway_same_direction_abs_postmile_then_station_id
766585,766569,5,60,E,29.871,28.681,1.1899999999999977,absolute_postmile,5,same_freeway_same_direction_abs_postmile_then_station_id
766642,766602,1,60,W,29.291,29.111,0.17999999999999972,absolute_postmile,5,same_freeway_same_direction_abs_postmile_then_station_id
766642,766622,2,60,W,29.291,29.651,0.35999999999999943,absolute_postmile,5,same_freeway_same_direction_abs_postmile_then_station_id
766642,766587,3,60,W,29.291,29.871,0.5799999999999983,absolute_postmile,5,same_freeway_same_direction_abs_postmile_then_station_id
766642,766571,4,60,W,29.291,28.681,0.6099999999999994,absolute_postmile,5,same_freeway_same_direction_abs_postmile_then_station_id
766642,765461,5,60,W,29.291,30.335,1.0440000000000005,absolute_postmile,5,same_freeway_same_direction_abs_postmile_then_station_id
766703,764322,1,14,S,8.463,6.322,2.140999999999999,absolute_postmile,5,same_freeway_same_direction_abs_postmile_then_station_id
766703,766712,2,14,S,8.463,10.663,2.200000000000001,absolute_postmile,5,same_freeway_same_direction_abs_postmile_then_station_id
766703,764311,3,14,S,8.463,5.932,2.530999999999999,absolute_postmile,5,same_freeway_same_direction_abs_postmile_then_station_id
766703,764297,4,14,S,8.463,4.752,3.7109999999999994,absolute_postmile,5,same_freeway_same_direction_abs_postmile_then_station_id
766703,764290,5,14,S,8.463,3.332,5.130999999999999,absolute_postmile,5,same_freeway_same_direction_abs_postmile_then_station_id
766712,766703,1,14,S,10.663,8.463,2.200000000000001,absolute_postmile,5,same_freeway_same_direction_abs_postmile_then_station_id
766712,766730,2,14,S,10.663,14.763,4.1,absolute_postmile,5,same_freeway_same_direction_abs_postmile_then_station_id
766712,764322,3,14,S,10.663,6.322,4.341,absolute_postmile,5,same_freeway_same_direction_abs_postmile_then_station_id
766712,764311,4,14,S,10.663,5.932,4.731,absolute_postmile,5,same_freeway_same_direction_abs_postmile_then_station_id
766712,764297,5,14,S,10.663,4.752,5.9110000000000005,absolute_postmile,5,same_freeway_same_direction_abs_postmile_then_station_id
766721,766694,1,14,N,11.163,8.663,2.5,absolute_postmile,5,same_freeway_same_direction_abs_postmile_then_station_id
766721,766740,2,14,N,11.163,15.163,4.0,absolute_postmile,5,same_freeway_same_direction_abs_postmile_then_station_id
766721,764318,3,14,N,11.163,6.322,4.841,absolute_postmile,5,same_freeway_same_direction_abs_postmile_then_station_id
766721,764304,4,14,N,11.163,5.192,5.971,absolute_postmile,5,same_freeway_same_direction_abs_postmile_then_station_id
766721,766758,5,14,N,11.163,18.663,7.5,absolute_postmile,5,same_freeway_same_direction_abs_postmile_then_station_id
766788,774926,1,60,W,25.851,25.141,0.7100000000000009,absolute_postmile,5,same_freeway_same_direction_abs_postmile_then_station_id
766788,774958,2,60,W,25.851,24.741,1.1099999999999994,absolute_postmile,5,same_freeway_same_direction_abs_postmile_then_station_id
766788,776657,3,60,W,25.851,24.491,1.3599999999999994,absolute_postmile,5,same_freeway_same_direction_abs_postmile_then_station_id
766788,774946,4,60,W,25.851,24.341,1.509999999999998,absolute_postmile,5,same_freeway_same_direction_abs_postmile_then_station_id
766788,774181,5,60,W,25.851,23.841,2.009999999999998,absolute_postmile,5,same_freeway_same_direction_abs_postmile_then_station_id
766843,766585,1,60,E,30.512,29.871,0.6410000000000018,absolute_postmile,5,same_freeway_same_direction_abs_postmile_then_station_id
766843,766620,2,60,E,30.512,29.651,0.8610000000000007,absolute_postmile,5,same_freeway_same_direction_abs_postmile_then_station_id
766843,766644,3,60,E,30.512,29.291,1.221,absolute_postmile,5,same_freeway_same_direction_abs_postmile_then_station_id
766843,766600,4,60,E,30.512,29.111,1.4009999999999998,absolute_postmile,5,same_freeway_same_direction_abs_postmile_then_station_id
766843,766569,5,60,E,30.512,28.681,1.8309999999999995,absolute_postmile,5,same_freeway_same_direction_abs_postmile_then_station_id
767471,718076,1,2,W,12.032,12.393,0.36100000000000065,absolute_postmile,5,same_freeway_same_direction_abs_postmile_then_station_id
767471,718072,2,2,W,12.032,11.478,0.5540000000000003,absolute_postmile,5,same_freeway_same_direction_abs_postmile_then_station_id
767471,767454,3,2,W,12.032,11.362,0.6699999999999999,absolute_postmile,5,same_freeway_same_direction_abs_postmile_then_station_id
767471,762329,4,2,W,12.032,10.799,1.2330000000000005,absolute_postmile,5,same_freeway_same_direction_abs_postmile_then_station_id
767471,767598,5,2,W,12.032,13.362,1.33,absolute_postmile,5,same_freeway_same_direction_abs_postmile_then_station_id
767542,718064,1,2,W,8.962,8.487,0.47499999999999964,absolute_postmile,5,same_freeway_same_direction_abs_postmile_then_station_id
767542,718066,2,2,W,8.962,9.61,0.6479999999999997,absolute_postmile,5,same_freeway_same_direction_abs_postmile_then_station_id
767542,767573,3,2,W,8.962,10.062,1.0999999999999996,absolute_postmile,5,same_freeway_same_direction_abs_postmile_then_station_id
767542,767495,4,2,W,8.962,7.762,1.2000000000000002,absolute_postmile,5,same_freeway_same_direction_abs_postmile_then_station_id
767542,767621,5,2,W,8.962,10.562,1.5999999999999996,absolute_postmile,5,same_freeway_same_direction_abs_postmile_then_station_id
767554,767572,1,2,E,9.562,10.062,0.5,absolute_postmile,5,same_freeway_same_direction_abs_postmile_then_station_id
767554,767541,2,2,E,9.562,8.962,0.5999999999999996,absolute_postmile,5,same_freeway_same_direction_abs_postmile_then_station_id
767554,767523,3,2,E,9.562,8.662,0.8999999999999986,absolute_postmile,5,same_freeway_same_direction_abs_postmile_then_station_id
767554,767620,4,2,E,9.562,10.562,1.0,absolute_postmile,5,same_freeway_same_direction_abs_postmile_then_station_id
767554,767509,5,2,E,9.562,8.062,1.5,absolute_postmile,5,same_freeway_same_direction_abs_postmile_then_station_id
767678,773785,1,605,N,25.352,24.752,0.6000000000000014,absolute_postmile,5,same_freeway_same_direction_abs_postmile_then_station_id
767678,716841,2,605,N,25.352,26.004,0.652000000000001,absolute_postmile,5,same_freeway_same_direction_abs_postmile_then_station_id
767678,717958,3,605,N,25.352,26.204,0.8520000000000003,absolute_postmile,5,same_freeway_same_direction_abs_postmile_then_station_id
767678,717956,4,605,N,25.352,24.418,0.934000000000001,absolute_postmile,5,same_freeway_same_direction_abs_postmile_then_station_id
767678,773795,5,605,N,25.352,26.552,1.1999999999999993,absolute_postmile,5,same_freeway_same_direction_abs_postmile_then_station_id
767759,767767,1,110,S,29.382,30.382,1.0,absolute_postmile,5,same_freeway_same_direction_abs_postmile_then_station_id
767759,767750,2,110,S,29.382,26.982,2.400000000000002,absolute_postmile,5,same_freeway_same_direction_abs_postmile_then_station_id
767759,773012,3,110,S,29.382,25.882,3.5,absolute_postmile,5,same_freeway_same_direction_abs_postmile_then_station_id
767759,760650,4,110,S,29.382,24.93,4.452000000000002,absolute_postmile,5,same_freeway_same_direction_abs_postmile_then_station_id
767759,718045,5,110,S,29.382,24.39,4.992000000000001,absolute_postmile,5,same_freeway_same_direction_abs_postmile_then_station_id
767760,767768,1,110,N,29.43,30.43,1.0,absolute_postmile,5,same_freeway_same_direction_abs_postmile_then_station_id
767760,767751,2,110,N,29.43,27.03,2.3999999999999986,absolute_postmile,5,same_freeway_same_direction_abs_postmile_then_station_id
767760,773013,3,110,N,29.43,25.93,3.5,absolute_postmile,5,same_freeway_same_direction_abs_postmile_then_station_id
767760,772669,4,110,N,29.43,25.34,4.09,absolute_postmile,5,same_freeway_same_direction_abs_postmile_then_station_id
767760,771673,5,110,N,29.43,25.33,4.100000000000001,absolute_postmile,5,same_freeway_same_direction_abs_postmile_then_station_id
767810,775365,1,101,N,63.749,59.699,4.050000000000004,absolute_postmile,5,same_freeway_same_direction_abs_postmile_then_station_id
767810,775302,2,101,N,63.749,59.579,4.170000000000002,absolute_postmile,5,same_freeway_same_direction_abs_postmile_then_station_id
767810,764932,3,101,N,63.749,51.819,11.93,absolute_postmile,5,same_freeway_same_direction_abs_postmile_then_station_id
767810,764921,4,101,N,63.749,50.359,13.39,absolute_postmile,5,same_freeway_same_direction_abs_postmile_then_station_id
767810,764915,5,101,N,63.749,47.609,16.14,absolute_postmile,5,same_freeway_same_direction_abs_postmile_then_station_id
767811,775314,1,101,S,63.722,59.552,4.170000000000002,absolute_postmile,5,same_freeway_same_direction_abs_postmile_then_station_id
767811,767801,2,101,S,63.722,69.721,5.999000000000002,absolute_postmile,5,same_freeway_same_direction_abs_postmile_then_station_id
767811,764937,3,101,S,63.722,51.842,11.880000000000003,absolute_postmile,5,same_freeway_same_direction_abs_postmile_then_station_id
767811,764927,4,101,S,63.722,50.342,13.380000000000003,absolute_postmile,5,same_freeway_same_direction_abs_postmile_then_station_id
767811,764905,5,101,S,63.722,47.222,16.5,absolute_postmile,5,same_freeway_same_direction_abs_postmile_then_station_id
768328,717251,1,10,E,44.123,44.51,0.38700000000000045,absolute_postmile,5,same_freeway_same_direction_abs_postmile_then_station_id
768328,717247,2,10,E,44.123,43.66,0.46300000000000097,absolute_postmile,5,same_freeway_same_direction_abs_postmile_then_station_id
768328,717254,3,10,E,44.123,45.06,0.9370000000000047,absolute_postmile,5,same_freeway_same_direction_abs_postmile_then_station_id
768328,716187,4,10,E,44.123,43.18,0.9429999999999978,absolute_postmile,5,same_freeway_same_direction_abs_postmile_then_station_id
768328,717243,5,10,E,44.123,42.63,1.492999999999995,absolute_postmile,5,same_freeway_same_direction_abs_postmile_then_station_id
768339,717252,1,10,W,44.514,44.72,0.20599999999999596,absolute_postmile,5,same_freeway_same_direction_abs_postmile_then_station_id
768339,717249,2,10,W,44.514,44.12,0.39400000000000546,absolute_postmile,5,same_freeway_same_direction_abs_postmile_then_station_id
768339,768349,3,10,W,44.514,45.069,0.5549999999999997,absolute_postmile,5,same_freeway_same_direction_abs_postmile_then_station_id
768339,717246,4,10,W,44.514,43.66,0.8540000000000063,absolute_postmile,5,same_freeway_same_direction_abs_postmile_then_station_id
768339,774728,5,10,W,44.514,45.7,1.186,absolute_postmile,5,same_freeway_same_direction_abs_postmile_then_station_id
768349,717252,1,10,W,45.069,44.72,0.34900000000000375,absolute_postmile,5,same_freeway_same_direction_abs_postmile_then_station_id
768349,768339,2,10,W,45.069,44.514,0.5549999999999997,absolute_postmile,5,same_freeway_same_direction_abs_postmile_then_station_id
768349,774728,3,10,W,45.069,45.7,0.6310000000000002,absolute_postmile,5,same_freeway_same_direction_abs_postmile_then_station_id
768349,716193,4,10,W,45.069,45.74,0.6709999999999994,absolute_postmile,5,same_freeway_same_direction_abs_postmile_then_station_id
768349,717249,5,10,W,45.069,44.12,0.9490000000000052,absolute_postmile,5,same_freeway_same_direction_abs_postmile_then_station_id
768779,774800,1,57,S,22.502,22.402,0.09999999999999787,absolute_postmile,5,same_freeway_same_direction_abs_postmile_then_station_id
768779,718050,2,57,S,22.502,22.722,0.22000000000000242,absolute_postmile,5,same_freeway_same_direction_abs_postmile_then_station_id
768779,774890,3,57,S,22.502,23.002,0.5,absolute_postmile,5,same_freeway_same_direction_abs_postmile_then_station_id
768779,774891,4,57,S,22.502,23.002,0.5,absolute_postmile,5,same_freeway_same_direction_abs_postmile_then_station_id
768779,718052,5,57,S,22.502,21.862,0.6400000000000006,absolute_postmile,5,same_freeway_same_direction_abs_postmile_then_station_id
769788,769806,1,210,E,21.58,20.98,0.5999999999999979,absolute_postmile,5,same_freeway_same_direction_abs_postmile_then_station_id
769788,717617,2,210,E,21.58,22.6,1.0200000000000031,absolute_postmile,5,same_freeway_same_direction_abs_postmile_then_station_id
769788,769984,3,210,E,21.58,20.4,1.1799999999999997,absolute_postmile,5,same_freeway_same_direction_abs_postmile_then_station_id
769788,717620,4,210,E,21.58,23.14,1.5600000000000023,absolute_postmile,5,same_freeway_same_direction_abs_postmile_then_station_id
769788,769819,5,210,E,21.58,19.98,1.5999999999999979,absolute_postmile,5,same_freeway_same_direction_abs_postmile_then_station_id
769847,769866,1,210,E,18.18,17.38,0.8000000000000007,absolute_postmile,5,same_freeway_same_direction_abs_postmile_then_station_id
769847,770385,2,210,E,18.18,19.08,0.8999999999999986,absolute_postmile,5,same_freeway_same_direction_abs_postmile_then_station_id
769847,769880,3,210,E,18.18,16.98,1.1999999999999993,absolute_postmile,5,same_freeway_same_direction_abs_postmile_then_station_id
769847,769831,4,210,E,18.18,19.78,1.6000000000000014,absolute_postmile,5,same_freeway_same_direction_abs_postmile_then_station_id
769847,769819,5,210,E,18.18,19.98,1.8000000000000007,absolute_postmile,5,same_freeway_same_direction_abs_postmile_then_station_id
769866,769880,1,210,E,17.38,16.98,0.3999999999999986,absolute_postmile,5,same_freeway_same_direction_abs_postmile_then_station_id
769866,769847,2,210,E,17.38,18.18,0.8000000000000007,absolute_postmile,5,same_freeway_same_direction_abs_postmile_then_station_id
769866,769895,3,210,E,17.38,15.68,1.6999999999999993,absolute_postmile,5,same_freeway_same_direction_abs_postmile_then_station_id
769866,770385,4,210,E,17.38,19.08,1.6999999999999993,absolute_postmile,5,same_freeway_same_direction_abs_postmile_then_station_id
769866,769831,5,210,E,17.38,19.78,2.400000000000002,absolute_postmile,5,same_freeway_same_direction_abs_postmile_then_station_id
769867,769926,1,210,W,17.38,17.88,0.5,absolute_postmile,5,same_freeway_same_direction_abs_postmile_then_station_id
769867,769911,2,210,W,17.38,16.58,0.8000000000000007,absolute_postmile,5,same_freeway_same_direction_abs_postmile_then_station_id
769867,770401,3,210,W,17.38,18.32,0.9400000000000013,absolute_postmile,5,same_freeway_same_direction_abs_postmile_then_station_id
769867,770386,4,210,W,17.38,19.08,1.6999999999999993,absolute_postmile,5,same_freeway_same_direction_abs_postmile_then_station_id
769867,769965,5,210,W,17.38,15.28,2.0999999999999996,absolute_postmile,5,same_freeway_same_direction_abs_postmile_then_station_id
769880,769866,1,210,E,16.98,17.38,0.3999999999999986,absolute_postmile,5,same_freeway_same_direction_abs_postmile_then_station_id
769880,769847,2,210,E,16.98,18.18,1.1999999999999993,absolute_postmile,5,same_freeway_same_direction_abs_postmile_then_station_id
769880,769895,3,210,E,16.98,15.68,1.3000000000000007,absolute_postmile,5,same_freeway_same_direction_abs_postmile_then_station_id
769880,770385,4,210,E,16.98,19.08,2.099999999999998,absolute_postmile,5,same_freeway_same_direction_abs_postmile_then_station_id
769880,770116,5,210,E,16.98,14.39,2.59,absolute_postmile,5,same_freeway_same_direction_abs_postmile_then_station_id
769895,770116,1,210,E,15.68,14.39,1.2899999999999991,absolute_postmile,5,same_freeway_same_direction_abs_postmile_then_station_id
769895,769880,2,210,E,15.68,16.98,1.3000000000000007,absolute_postmile,5,same_freeway_same_direction_abs_postmile_then_station_id
769895,769866,3,210,E,15.68,17.38,1.6999999999999993,absolute_postmile,5,same_freeway_same_direction_abs_postmile_then_station_id
769895,769847,4,210,E,15.68,18.18,2.5,absolute_postmile,5,same_freeway_same_direction_abs_postmile_then_station_id
769895,770385,5,210,E,15.68,19.08,3.3999999999999986,absolute_postmile,5,same_freeway_same_direction_abs_postmile_then_station_id
769926,770401,1,210,W,17.88,18.32,0.4400000000000013,absolute_postmile,5,same_freeway_same_direction_abs_postmile_then_station_id
769926,769867,2,210,W,17.88,17.38,0.5,absolute_postmile,5,same_freeway_same_direction_abs_postmile_then_station_id
769926,770386,3,210,W,17.88,19.08,1.1999999999999993,absolute_postmile,5,same_freeway_same_direction_abs_postmile_then_station_id
769926,769911,4,210,W,17.88,16.58,1.3000000000000007,absolute_postmile,5,same_freeway_same_direction_abs_postmile_then_station_id
769926,769941,5,210,W,17.88,19.58,1.6999999999999993,absolute_postmile,5,same_freeway_same_direction_abs_postmile_then_station_id
769965,770129,1,210,W,15.28,14.18,1.0999999999999996,absolute_postmile,5,same_freeway_same_direction_abs_postmile_then_station_id
769965,769911,2,210,W,15.28,16.58,1.299999999999999,absolute_postmile,5,same_freeway_same_direction_abs_postmile_then_station_id
769965,770141,3,210,W,15.28,13.98,1.299999999999999,absolute_postmile,5,same_freeway_same_direction_abs_postmile_then_station_id
769965,769867,4,210,W,15.28,17.38,2.0999999999999996,absolute_postmile,5,same_freeway_same_direction_abs_postmile_then_station_id
769965,769926,5,210,W,15.28,17.88,2.5999999999999996,absolute_postmile,5,same_freeway_same_direction_abs_postmile_then_station_id
770061,770556,1,210,E,8.0,8.6,0.5999999999999996,absolute_postmile,5,same_freeway_same_direction_abs_postmile_then_station_id
770061,770544,2,210,E,8.0,7.19,0.8099999999999996,absolute_postmile,5,same_freeway_same_direction_abs_postmile_then_station_id
770061,770076,3,210,E,8.0,9.5,1.5,absolute_postmile,5,same_freeway_same_direction_abs_postmile_then_station_id
770061,770331,4,210,E,8.0,6.5,1.5,absolute_postmile,5,same_freeway_same_direction_abs_postmile_then_station_id
770061,770048,5,210,E,8.0,6.2,1.7999999999999998,absolute_postmile,5,same_freeway_same_direction_abs_postmile_then_station_id
770089,770103,1,210,E,11.0,11.3,0.3000000000000007,absolute_postmile,5,same_freeway_same_direction_abs_postmile_then_station_id
770089,770076,2,210,E,11.0,9.5,1.5,absolute_postmile,5,same_freeway_same_direction_abs_postmile_then_station_id
770089,770556,3,210,E,11.0,8.6,2.4000000000000004,absolute_postmile,5,same_freeway_same_direction_abs_postmile_then_station_id
770089,770061,4,210,E,11.0,8.0,3.0,absolute_postmile,5,same_freeway_same_direction_abs_postmile_then_station_id
770089,770116,5,210,E,11.0,14.39,3.3900000000000006,absolute_postmile,5,same_freeway_same_direction_abs_postmile_then_station_id
770129,770141,1,210,W,14.18,13.98,0.1999999999999993,absolute_postmile,5,same_freeway_same_direction_abs_postmile_then_station_id
770129,769965,2,210,W,14.18,15.28,1.0999999999999996,absolute_postmile,5,same_freeway_same_direction_abs_postmile_then_station_id
770129,769911,3,210,W,14.18,16.58,2.3999999999999986,absolute_postmile,5,same_freeway_same_direction_abs_postmile_then_station_id
770129,770187,4,210,W,14.18,11.1,3.08,absolute_postmile,5,same_freeway_same_direction_abs_postmile_then_station_id
770129,769867,5,210,W,14.18,17.38,3.1999999999999993,absolute_postmile,5,same_freeway_same_direction_abs_postmile_then_station_id
770141,770129,1,210,W,13.98,14.18,0.1999999999999993,absolute_postmile,5,same_freeway_same_direction_abs_postmile_then_station_id
770141,769965,2,210,W,13.98,15.28,1.299999999999999,absolute_postmile,5,same_freeway_same_direction_abs_postmile_then_station_id
770141,769911,3,210,W,13.98,16.58,2.599999999999998,absolute_postmile,5,same_freeway_same_direction_abs_postmile_then_station_id
770141,770187,4,210,W,13.98,11.1,2.880000000000001,absolute_postmile,5,same_freeway_same_direction_abs_postmile_then_station_id
770141,770200,5,210,W,13.98,10.9,3.08,absolute_postmile,5,same_freeway_same_direction_abs_postmile_then_station_id
770187,770200,1,210,W,11.1,10.9,0.1999999999999993,absolute_postmile,5,same_freeway_same_direction_abs_postmile_then_station_id
770187,770290,2,210,W,11.1,9.3,1.799999999999999,absolute_postmile,5,same_freeway_same_direction_abs_postmile_then_station_id
770187,770555,3,210,W,11.1,8.6,2.5,absolute_postmile,5,same_freeway_same_direction_abs_postmile_then_station_id
770187,770141,4,210,W,11.1,13.98,2.880000000000001,absolute_postmile,5,same_freeway_same_direction_abs_postmile_then_station_id
770187,770129,5,210,W,11.1,14.18,3.08,absolute_postmile,5,same_freeway_same_direction_abs_postmile_then_station_id
770275,770545,1,210,W,7.73,7.19,0.54,absolute_postmile,5,same_freeway_same_direction_abs_postmile_then_station_id
770275,770555,2,210,W,7.73,8.6,0.8699999999999992,absolute_postmile,5,same_freeway_same_direction_abs_postmile_then_station_id
770275,770332,3,210,W,7.73,6.5,1.2300000000000004,absolute_postmile,5,same_freeway_same_direction_abs_postmile_then_station_id
770275,770290,4,210,W,7.73,9.3,1.5700000000000003,absolute_postmile,5,same_freeway_same_direction_abs_postmile_then_station_id
770275,770259,5,210,W,7.73,5.92,1.8100000000000005,absolute_postmile,5,same_freeway_same_direction_abs_postmile_then_station_id
773890,760987,1,134,E,2.3,2.11,0.18999999999999995,absolute_postmile,5,same_freeway_same_direction_abs_postmile_then_station_id
773890,773880,2,134,E,2.3,2.0,0.2999999999999998,absolute_postmile,5,same_freeway_same_direction_abs_postmile_then_station_id
773890,717573,3,134,E,2.3,3.04,0.7400000000000002,absolute_postmile,5,same_freeway_same_direction_abs_postmile_then_station_id
773890,773869,4,134,E,2.3,3.4,1.1,absolute_postmile,5,same_freeway_same_direction_abs_postmile_then_station_id
773890,717570,5,134,E,2.3,0.95,1.3499999999999999,absolute_postmile,5,same_freeway_same_direction_abs_postmile_then_station_id
773927,773916,1,134,E,5.7,5.5,0.20000000000000018,absolute_postmile,5,same_freeway_same_direction_abs_postmile_then_station_id
773927,717578,2,134,E,5.7,6.1,0.39999999999999947,absolute_postmile,5,same_freeway_same_direction_abs_postmile_then_station_id
773927,773953,3,134,E,5.7,5.0,0.7000000000000002,absolute_postmile,5,same_freeway_same_direction_abs_postmile_then_station_id
773927,717580,4,134,E,5.7,6.48,0.7800000000000002,absolute_postmile,5,same_freeway_same_direction_abs_postmile_then_station_id
773927,773904,5,134,E,5.7,4.8,0.9000000000000004,absolute_postmile,5,same_freeway_same_direction_abs_postmile_then_station_id
774204,718496,1,134,W,1.92,1.9,0.020000000000000018,absolute_postmile,5,same_freeway_same_direction_abs_postmile_then_station_id
774204,717572,2,134,W,1.92,2.86,0.94,absolute_postmile,5,same_freeway_same_direction_abs_postmile_then_station_id
774204,717571,3,134,W,1.92,0.95,0.97,absolute_postmile,5,same_freeway_same_direction_abs_postmile_then_station_id
774204,773870,4,134,W,1.92,3.4,1.48,absolute_postmile,5,same_freeway_same_direction_abs_postmile_then_station_id
774204,773939,5,134,W,1.92,0.38,1.54,absolute_postmile,5,same_freeway_same_direction_abs_postmile_then_station_id
774491,765456,1,60,W,28.141,28.007,0.1339999999999968,absolute_postmile,5,same_freeway_same_direction_abs_postmile_then_station_id
774491,766571,2,60,W,28.141,28.681,0.5400000000000027,absolute_postmile,5,same_freeway_same_direction_abs_postmile_then_station_id
774491,766602,3,60,W,28.141,29.111,0.9700000000000024,absolute_postmile,5,same_freeway_same_direction_abs_postmile_then_station_id
774491,766642,4,60,W,28.141,29.291,1.1500000000000021,absolute_postmile,5,same_freeway_same_direction_abs_postmile_then_station_id
774491,766622,5,60,W,28.141,29.651,1.5100000000000016,absolute_postmile,5,same_freeway_same_direction_abs_postmile_then_station_id
774728,716193,1,10,W,45.7,45.74,0.03999999999999915,absolute_postmile,5,same_freeway_same_direction_abs_postmile_then_station_id
774728,717258,2,10,W,45.7,46.1,0.3999999999999986,absolute_postmile,5,same_freeway_same_direction_abs_postmile_then_station_id
774728,768349,3,10,W,45.7,45.069,0.6310000000000002,absolute_postmile,5,same_freeway_same_direction_abs_postmile_then_station_id
774728,717252,4,10,W,45.7,44.72,0.980000000000004,absolute_postmile,5,same_freeway_same_direction_abs_postmile_then_station_id
774728,774743,5,10,W,45.7,46.7,1.0,absolute_postmile,5,same_freeway_same_direction_abs_postmile_then_station_id
774729,717257,1,10,E,45.7,45.74,0.03999999999999915,absolute_postmile,5,same_freeway_same_direction_abs_postmile_then_station_id
774729,717254,2,10,E,45.7,45.06,0.6400000000000006,absolute_postmile,5,same_freeway_same_direction_abs_postmile_then_station_id
774729,717260,3,10,E,45.7,46.37,0.6699999999999946,absolute_postmile,5,same_freeway_same_direction_abs_postmile_then_station_id
774729,774744,4,10,E,45.7,46.7,1.0,absolute_postmile,5,same_freeway_same_direction_abs_postmile_then_station_id
774729,717251,5,10,E,45.7,44.51,1.1900000000000048,absolute_postmile,5,same_freeway_same_direction_abs_postmile_then_station_id
774877,763558,1,57,N,17.427,17.087,0.33999999999999986,absolute_postmile,5,same_freeway_same_direction_abs_postmile_then_station_id
774877,763563,2,57,N,17.427,17.977,0.5500000000000007,absolute_postmile,5,same_freeway_same_direction_abs_postmile_then_station_id
774877,763568,3,57,N,17.427,18.167,0.740000000000002,absolute_postmile,5,same_freeway_same_direction_abs_postmile_then_station_id
774877,774866,4,57,N,17.427,16.617,0.8099999999999987,absolute_postmile,5,same_freeway_same_direction_abs_postmile_then_station_id
774877,774841,5,57,N,17.427,18.617,1.1900000000000013,absolute_postmile,5,same_freeway_same_direction_abs_postmile_then_station_id
774878,763578,1,57,S,17.512,17.874,0.3619999999999983,absolute_postmile,5,same_freeway_same_direction_abs_postmile_then_station_id
774878,763583,2,57,S,17.512,16.942,0.5700000000000003,absolute_postmile,5,same_freeway_same_direction_abs_postmile_then_station_id
774878,763573,3,57,S,17.512,18.178,0.6660000000000004,absolute_postmile,5,same_freeway_same_direction_abs_postmile_then_station_id
774878,774865,4,57,S,17.512,16.702,0.8099999999999987,absolute_postmile,5,same_freeway_same_direction_abs_postmile_then_station_id
774878,774842,5,57,S,17.512,18.702,1.1900000000000013,absolute_postmile,5,same_freeway_same_direction_abs_postmile_then_station_id
775029,717167,1,10,W,31.0,30.83,0.1700000000000017,absolute_postmile,5,same_freeway_same_direction_abs_postmile_then_station_id
775029,717162,2,10,W,31.0,30.71,0.28999999999999915,absolute_postmile,5,same_freeway_same_direction_abs_postmile_then_station_id
775029,717169,3,10,W,31.0,31.31,0.3099999999999987,absolute_postmile,5,same_freeway_same_direction_abs_postmile_then_station_id
775029,717160,4,10,W,31.0,30.22,0.7800000000000011,absolute_postmile,5,same_freeway_same_direction_abs_postmile_then_station_id
775029,717171,5,10,W,31.0,31.98,0.9800000000000004,absolute_postmile,5,same_freeway_same_direction_abs_postmile_then_station_id
775511,764283,1,14,S,0.012,3.092,3.08,absolute_postmile,5,same_freeway_same_direction_abs_postmile_then_station_id
775511,764290,2,14,S,0.012,3.332,3.32,absolute_postmile,5,same_freeway_same_direction_abs_postmile_then_station_id
775511,764297,3,14,S,0.012,4.752,4.74,absolute_postmile,5,same_freeway_same_direction_abs_postmile_then_station_id
775511,764311,4,14,S,0.012,5.932,5.920000000000001,absolute_postmile,5,same_freeway_same_direction_abs_postmile_then_station_id
775511,764322,5,14,S,0.012,6.322,6.3100000000000005,absolute_postmile,5,same_freeway_same_direction_abs_postmile_then_station_id
775536,768701,1,5,S,161.347,161.947,0.5999999999999943,absolute_postmile,5,same_freeway_same_direction_abs_postmile_then_station_id
775536,774344,2,5,S,161.347,160.547,0.8000000000000114,absolute_postmile,5,same_freeway_same_direction_abs_postmile_then_station_id
775536,718405,3,5,S,161.347,159.957,1.3900000000000148,absolute_postmile,5,same_freeway_same_direction_abs_postmile_then_station_id
775536,759858,4,5,S,161.347,158.99,2.3569999999999993,absolute_postmile,5,same_freeway_same_direction_abs_postmile_then_station_id
775536,759870,5,5,S,161.347,165.147,3.799999999999983,absolute_postmile,5,same_freeway_same_direction_abs_postmile_then_station_id
775552,717165,1,10,E,30.5,30.81,0.3099999999999987,absolute_postmile,5,same_freeway_same_direction_abs_postmile_then_station_id
775552,775030,2,10,E,30.5,31.0,0.5,absolute_postmile,5,same_freeway_same_direction_abs_postmile_then_station_id
775552,768173,3,10,E,30.5,29.8,0.6999999999999993,absolute_postmile,5,same_freeway_same_direction_abs_postmile_then_station_id
775552,717156,4,10,E,30.5,29.19,1.3099999999999987,absolute_postmile,5,same_freeway_same_direction_abs_postmile_then_station_id
775552,717174,5,10,E,30.5,31.96,1.4600000000000009,absolute_postmile,5,same_freeway_same_direction_abs_postmile_then_station_id
776465,764829,1,101,N,42.989,42.719,0.269999999999996,absolute_postmile,5,same_freeway_same_direction_abs_postmile_then_station_id
776465,764839,2,101,N,42.989,43.779,0.7900000000000063,absolute_postmile,5,same_freeway_same_direction_abs_postmile_then_station_id
776465,764819,3,101,N,42.989,41.319,1.6699999999999946,absolute_postmile,5,same_freeway_same_direction_abs_postmile_then_station_id
776465,764863,4,101,N,42.989,44.719,1.730000000000004,absolute_postmile,5,same_freeway_same_direction_abs_postmile_then_station_id
776465,764808,5,101,N,42.989,40.489,2.5,absolute_postmile,5,same_freeway_same_direction_abs_postmile_then_station_id
776493,776203,1,710,N,17.547,17.607,0.05999999999999872,absolute_postmile,5,same_freeway_same_direction_abs_postmile_then_station_id
776493,718320,2,710,N,17.547,17.147,0.40000000000000213,absolute_postmile,5,same_freeway_same_direction_abs_postmile_then_station_id
776493,763468,3,710,N,17.547,18.167,0.620000000000001,absolute_postmile,5,same_freeway_same_direction_abs_postmile_then_station_id
776493,776290,4,710,N,17.547,16.687,0.8599999999999994,absolute_postmile,5,same_freeway_same_direction_abs_postmile_then_station_id
776493,718014,5,710,N,17.547,18.507,0.9600000000000009,absolute_postmile,5,same_freeway_same_direction_abs_postmile_then_station_id
776751,773024,1,101,S,2.348,2.428,0.08000000000000007,absolute_postmile,5,same_freeway_same_direction_abs_postmile_then_station_id
776751,776328,2,101,S,2.348,1.988,0.3599999999999999,absolute_postmile,5,same_freeway_same_direction_abs_postmile_then_station_id
776751,773062,3,101,S,2.348,1.798,0.5499999999999998,absolute_postmile,5,same_freeway_same_direction_abs_postmile_then_station_id
776751,764853,4,101,S,2.348,3.178,0.8300000000000001,absolute_postmile,5,same_freeway_same_direction_abs_postmile_then_station_id
776751,716328,5,101,S,2.348,3.428,1.08,absolute_postmile,5,same_freeway_same_direction_abs_postmile_then_station_id
776752,773023,1,101,N,2.348,2.428,0.08000000000000007,absolute_postmile,5,same_freeway_same_direction_abs_postmile_then_station_id
776752,776480,2,101,N,2.348,1.748,0.5999999999999999,absolute_postmile,5,same_freeway_same_direction_abs_postmile_then_station_id
776752,776136,3,101,N,2.348,3.146,0.798,absolute_postmile,5,same_freeway_same_direction_abs_postmile_then_station_id
776752,776425,4,101,N,2.348,1.538,0.8099999999999998,absolute_postmile,5,same_freeway_same_direction_abs_postmile_then_station_id
776752,717445,5,101,N,2.348,3.768,1.42,absolute_postmile,5,same_freeway_same_direction_abs_postmile_then_station_id
777212,777204,1,710,N,0.364,0.17,0.19399999999999998,absolute_postmile,5,same_freeway_same_direction_abs_postmile_then_station_id
777212,777223,2,710,N,0.364,0.56,0.19600000000000006,absolute_postmile,5,same_freeway_same_direction_abs_postmile_then_station_id
777212,777233,3,710,N,0.364,1.278,0.914,absolute_postmile,5,same_freeway_same_direction_abs_postmile_then_station_id
777212,777243,4,710,N,0.364,1.76,1.396,absolute_postmile,5,same_freeway_same_direction_abs_postmile_then_station_id
777212,772689,5,710,N,0.364,1.84,1.476,absolute_postmile,5,same_freeway_same_direction_abs_postmile_then_station_id
777316,772420,1,47,N,2.447,1.942,0.5050000000000001,absolute_postmile,5,same_freeway_same_direction_abs_postmile_then_station_id
