station,field,runs_ge_30min,runs_ge_60min,runs_ge_120min,longest_run_minutes,first_example_date
715915,speed,35,0,0,35,2026-01-02
715916,speed,35,0,0,35,2026-01-02
715918,speed,244,0,0,45,2026-01-01
715929,flow,35,0,0,30,2026-01-04
715930,flow,35,0,0,30,2026-01-02
715930,speed,242,0,0,45,2026-01-01
715933,flow,35,0,0,30,2026-01-02
715933,speed,242,0,0,45,2026-01-01
715938,flow,22,5,5,1375,2026-01-06
715938,occupancy,5,5,5,1375,2026-01-06
715938,speed,142,11,5,885,2026-01-06
715944,flow,17,0,0,30,2026-01-23
715944,speed,115,1,0,70,2026-01-22
715947,flow,9,9,2,185,2026-05-17
715947,occupancy,9,9,2,185,2026-05-17
715947,speed,154,3,1,170,2026-01-01
715996,flow,35,0,0,35,2026-01-01
715996,speed,35,0,0,30,2026-01-05
716016,flow,1323,170,0,80,2026-01-01
716016,speed,1275,70,0,70,2026-01-01
716017,flow,1291,170,8,1440,2026-01-01
716017,occupancy,8,8,8,1440,2026-06-10
716017,speed,1271,78,8,1440,2026-01-01
716023,flow,1110,192,5,860,2026-01-07
716023,occupancy,63,57,5,860,2026-01-07
716023,speed,1080,71,5,695,2026-01-07
716028,flow,1422,382,70,215,2026-01-01
716028,speed,1252,140,0,85,2026-01-01
716032,flow,35,0,0,30,2026-01-02
716032,speed,242,0,0,45,2026-01-01
716047,flow,35,0,0,30,2026-01-02
716047,speed,242,0,0,45,2026-01-01
716050,flow,35,0,0,30,2026-01-04
716057,flow,1318,172,0,80,2026-01-01
716057,speed,1283,70,0,70,2026-01-01
716063,flow,1318,172,0,80,2026-01-01
716063,speed,1283,70,0,70,2026-01-01
716067,speed,244,0,0,45,2026-01-01
716069,flow,35,0,0,30,2026-01-02
716069,speed,242,0,0,45,2026-01-01
716072,flow,35,0,0,35,2026-01-02
716072,speed,104,0,0,40,2026-01-04
716075,flow,35,0,0,35,2026-01-02
716075,speed,104,0,0,40,2026-01-04
716076,flow,35,0,0,35,2026-01-02
716076,speed,104,0,0,40,2026-01-04
716078,flow,35,0,0,35,2026-01-01
716078,speed,35,0,0,30,2026-01-05
716081,flow,11,1,1,740,2026-06-20
716081,occupancy,1,1,1,740,2026-06-20
716081,speed,76,1,1,525,2026-06-20
716084,flow,1257,168,3,1440,2026-01-03
716084,occupancy,3,3,3,1440,2026-01-03
716084,speed,1237,72,4,780,2026-01-03
716087,flow,6,5,0,95,2026-01-24
716087,occupancy,4,3,2,260,2026-01-24
716087,speed,4,3,2,150,2026-01-24
716091,flow,2,2,2,1135,2026-01-11
716091,occupancy,3,2,2,990,2026-01-11
716091,speed,4,2,2,400,2026-01-11
716092,flow,7,6,2,870,2026-02-05
716092,occupancy,6,6,2,870,2026-02-05
716092,speed,31,3,3,675,2026-02-05
716126,flow,1318,172,0,80,2026-01-01
716126,speed,1283,70,0,70,2026-01-01
716142,flow,294,40,1,825,2026-06-18
716142,occupancy,1,1,1,825,2026-06-18
716142,speed,292,16,1,625,2026-06-18
716143,flow,33,15,6,1375,2026-01-02
716143,occupancy,19,15,6,1375,2026-01-02
716143,speed,137,21,8,755,2026-01-02
716146,flow,18,10,2,240,2026-02-01
716146,occupancy,14,10,2,240,2026-02-27
716146,speed,21,6,1,210,2026-02-27
716172,flow,25,20,6,800,2026-01-25
716172,occupancy,24,20,6,800,2026-02-19
716172,speed,39,12,3,355,2026-01-25
716174,flow,1986,363,66,215,2026-01-02
716174,speed,1240,135,0,115,2026-01-02
716176,flow,2045,382,69,215,2026-01-01
716176,speed,834,139,0,115,2026-01-01
716181,flow,47,35,18,1375,2026-01-04
716181,occupancy,41,35,18,1375,2026-01-04
716181,speed,76,29,10,1360,2026-01-04
716187,flow,1,1,1,180,2026-07-27
716187,occupancy,1,1,1,180,2026-07-27
716187,speed,2,1,0,75,2026-07-27
716193,flow,26,15,9,1375,2026-01-02
716193,occupancy,33,19,9,1375,2026-01-02
716193,speed,76,26,12,885,2026-01-02
716203,flow,299,86,11,215,2026-01-11
716203,occupancy,13,11,2,170,2026-02-27
716203,speed,287,38,2,135,2026-01-11
716206,flow,1421,382,70,215,2026-01-01
716206,speed,1252,140,0,85,2026-01-01
716235,flow,35,0,0,30,2026-01-02
716235,speed,242,0,0,45,2026-01-01
716237,flow,35,0,0,35,2026-01-01
716237,speed,35,0,0,30,2026-01-05
716238,flow,105,0,0,35,2026-01-03
716238,speed,277,0,0,45,2026-01-01
716241,flow,35,0,0,30,2026-01-02
716241,speed,242,0,0,45,2026-01-01
716253,flow,35,0,0,30,2026-01-02
716253,speed,242,0,0,45,2026-01-01
716254,flow,35,0,0,30,2026-01-02
716254,speed,242,0,0,45,2026-01-01
716265,flow,35,0,0,30,2026-01-04
716271,flow,833,103,0,80,2026-01-01
716271,speed,1909,555,173,480,2026-01-01
716272,flow,1421,382,70,215,2026-01-01
716272,speed,1252,140,0,85,2026-01-01
716273,flow,1000,263,48,950,2026-02-01
716273,occupancy,142,31,6,955,2026-02-26
716273,speed,804,98,5,755,2026-02-26
716295,flow,62,21,16,1440,2026-02-01
716295,occupancy,40,25,17,1440,2026-02-16
716295,speed,144,26,14,640,2026-02-16
716296,flow,3,2,2,755,2026-02-26
716296,occupancy,3,2,2,755,2026-02-26
716296,speed,11,3,2,540,2026-02-26
716311,flow,156,26,9,1440,2026-02-01
716311,occupancy,91,25,9,1440,2026-02-26
716311,speed,224,24,7,875,2026-02-26
716312,flow,140,26,10,1440,2026-02-26
716312,occupancy,95,26,9,1440,2026-02-26
716312,speed,47,19,5,890,2026-02-26
716313,speed,244,0,0,45,2026-01-01
716314,flow,35,0,0,30,2026-01-02
716314,speed,242,0,0,45,2026-01-01
716328,flow,2,0,0,30,2026-04-22
716328,speed,2,0,0,40,2026-04-22
716331,flow,31,16,9,1375,2026-01-04
716331,occupancy,17,16,9,1375,2026-04-06
716331,speed,39,16,12,1370,2026-04-06
716337,flow,35,0,0,30,2026-01-02
716337,speed,242,0,0,45,2026-01-01
716339,speed,35,0,0,35,2026-01-05
716359,flow,140,0,0,35,2026-01-02
716359,speed,208,0,0,45,2026-01-01
716390,flow,140,0,0,35,2026-01-02
716390,speed,208,0,0,45,2026-01-01
716391,flow,35,0,0,30,2026-01-02
716391,speed,242,0,0,45,2026-01-01
716392,flow,35,0,0,30,2026-01-02
716392,speed,242,0,0,45,2026-01-01
716402,speed,244,0,0,45,2026-01-01
716404,speed,244,0,0,45,2026-01-01
716405,flow,35,0,0,30,2026-01-02
716405,speed,242,0,0,45,2026-01-01
716407,speed,244,0,0,45,2026-01-01
716409,speed,244,0,0,45,2026-01-01
716413,flow,35,0,0,30,2026-01-02
716413,speed,242,0,0,45,2026-01-01
716414,flow,35,0,0,30,2026-01-02
716414,speed,242,0,0,45,2026-01-01
716419,flow,35,0,0,30,2026-01-02
716419,speed,242,0,0,45,2026-01-01
716420,flow,35,0,0,30,2026-01-02
716420,speed,242,0,0,45,2026-01-01
716421,flow,35,0,0,30,2026-01-02
716421,speed,242,0,0,45,2026-01-01
716422,flow,35,0,0,30,2026-01-02
716422,speed,242,0,0,45,2026-01-01
716424,flow,2045,382,69,215,2026-01-01
716424,speed,834,139,0,115,2026-01-01
716426,speed,35,0,0,30,2026-01-03
716427,speed,244,0,0,45,2026-01-01
716428,flow,1421,382,70,215,2026-01-01
716428,speed,1252,140,0,85,2026-01-01
716431,flow,35,0,0,30,2026-01-02
716431,speed,242,0,0,45,2026-01-01
716433,flow,35,0,0,30,2026-01-02
716433,speed,242,0,0,45,2026-01-01
716434,flow,35,0,0,30,2026-01-02
716434,speed,242,0,0,45,2026-01-01
716437,speed,244,0,0,45,2026-01-01
716440,speed,244,0,0,45,2026-01-01
716441,flow,1422,382,70,215,2026-01-01
716441,speed,1252,140,0,85,2026-01-01
716442,speed,244,0,0,45,2026-01-01
716443,flow,1422,382,70,215,2026-01-01
716443,speed,1252,140,0,85,2026-01-01
716448,speed,244,0,0,45,2026-01-01
716449,flow,1318,172,0,80,2026-01-01
716449,speed,1283,70,0,70,2026-01-01
716450,flow,35,0,0,30,2026-01-04
716457,flow,2045,382,69,215,2026-01-01
716457,speed,834,139,0,115,2026-01-01
716459,flow,1422,382,70,215,2026-01-01
716459,speed,1252,140,0,85,2026-01-01
716460,speed,244,0,0,45,2026-01-01
716461,flow,1422,382,70,215,2026-01-01
716461,speed,1252,140,0,85,2026-01-01
716466,speed,244,0,0,45,2026-01-01
716470,flow,35,0,0,30,2026-01-02
716470,speed,242,0,0,45,2026-01-01
716471,flow,1318,172,0,80,2026-01-01
716471,speed,1283,70,0,70,2026-01-01
716481,flow,1422,382,70,215,2026-01-01
716481,speed,1252,140,0,85,2026-01-01
716484,flow,105,0,0,35,2026-01-03
716484,speed,277,0,0,45,2026-01-01
716485,flow,105,0,0,35,2026-01-02
716485,speed,277,0,0,45,2026-01-01
716490,flow,127,3,3,1325,2026-01-02
716490,occupancy,3,3,3,1325,2026-04-06
716490,speed,201,6,3,715,2026-01-01
716491,flow,140,0,0,35,2026-01-02
716491,speed,208,0,0,45,2026-01-01
716494,flow,105,0,0,35,2026-01-03
716494,speed,277,0,0,45,2026-01-01
716495,flow,96,3,3,1325,2026-01-03
716495,occupancy,3,3,3,1325,2026-04-06
716495,speed,265,6,3,705,2026-01-01
716500,flow,35,0,0,35,2026-01-01
716500,speed,35,0,0,30,2026-01-05
716551,flow,14,10,7,1440,2026-01-16
716551,occupancy,15,13,8,1440,2026-01-16
716551,speed,44,15,4,565,2026-01-16
716554,flow,8,6,3,1375,2026-01-09
716554,occupancy,7,6,3,1375,2026-01-09
716554,speed,32,19,5,1370,2026-01-09
716571,flow,1318,172,0,80,2026-01-01
716571,speed,1283,70,0,70,2026-01-01
716573,flow,1422,382,70,215,2026-01-01
716573,speed,1252,140,0,85,2026-01-01
716632,flow,105,0,0,35,2026-01-03
716632,speed,277,0,0,45,2026-01-01
716659,flow,105,0,0,35,2026-01-03
716659,speed,277,0,0,45,2026-01-01
716660,flow,38,38,14,1440,2026-06-08
716660,occupancy,38,38,14,1440,2026-06-08
716660,speed,67,23,6,595,2026-06-08
716663,flow,35,0,0,30,2026-01-02
716663,speed,242,0,0,45,2026-01-01
716670,flow,35,0,0,30,2026-01-02
716670,speed,242,0,0,45,2026-01-01
716674,flow,35,0,0,30,2026-01-02
716674,speed,242,0,0,45,2026-01-01
716689,flow,77,3,0,80,2026-02-11
716689,occupancy,6,0,0,35,2026-06-07
716689,speed,130,2,0,105,2026-02-11
716694,flow,2045,382,69,215,2026-01-01
716694,speed,834,139,0,115,2026-01-01
716714,flow,34,29,19,1405,2026-01-12
716714,occupancy,34,29,19,1405,2026-01-12
716714,speed,128,47,26,1375,2026-01-12
716720,flow,35,0,0,35,2026-01-01
716720,speed,35,0,0,30,2026-01-05
716733,flow,18,12,6,1230,2026-01-14
716733,occupancy,18,12,6,1225,2026-01-14
716733,speed,23,13,5,875,2026-01-14
716760,flow,29,11,11,1375,2026-01-04
716760,occupancy,11,11,11,1375,2026-01-04
716760,speed,161,36,22,1380,2026-01-04
716775,flow,69,5,5,1375,2026-01-10
716775,occupancy,5,5,5,1375,2026-01-10
716775,speed,196,21,16,780,2026-01-03
716776,flow,35,0,0,30,2026-01-02
716776,speed,242,0,0,45,2026-01-01
716778,flow,35,0,0,35,2026-01-02
716778,speed,104,0,0,40,2026-01-04
716784,flow,70,4,4,600,2026-01-15
716784,occupancy,5,4,4,600,2026-01-15
716784,speed,190,10,4,580,2026-01-15
716797,flow,35,0,0,35,2026-01-03
716810,speed,35,0,0,35,2026-01-05
716819,flow,28,1,1,345,2026-02-25
716819,occupancy,1,1,1,345,2026-02-25
716819,speed,187,1,1,345,2026-02-25
716829,speed,244,0,0,45,2026-01-01
716834,flow,21,14,1,175,2026-01-16
716834,occupancy,20,14,1,175,2026-02-27
716834,speed,33,9,1,145,2026-01-15
716841,flow,99,24,1,175,2026-01-01
716841,occupancy,18,13,1,175,2026-02-27
716841,speed,94,9,1,150,2026-01-01
716847,flow,35,0,0,30,2026-01-02
716847,speed,242,0,0,45,2026-01-01
716857,flow,105,0,0,35,2026-01-03
716857,speed,277,0,0,45,2026-01-01
716895,flow,35,0,0,30,2026-01-04
716896,flow,35,0,0,30,2026-01-02
716896,speed,242,0,0,45,2026-01-01
716899,speed,244,0,0,45,2026-01-01
716900,speed,237,0,0,45,2026-01-01
716902,speed,35,0,0,35,2026-01-02
716904,speed,35,0,0,35,2026-01-02
716911,speed,35,0,0,35,2026-01-02
716915,speed,14,0,0,35,2026-07-17
716916,flow,35,0,0,30,2026-01-04
716918,flow,35,0,0,30,2026-01-04
716920,flow,35,0,0,30,2026-01-04
716921,flow,35,0,0,30,2026-01-02
716921,speed,242,0,0,45,2026-01-01
716922,flow,35,0,0,30,2026-01-04
716923,flow,35,0,0,30,2026-01-02
716923,speed,242,0,0,45,2026-01-01
716924,flow,30,9,3,1375,2026-01-04
716924,occupancy,10,9,3,1375,2026-05-19
716924,speed,16,3,3,1375,2026-05-17
716925,flow,29,9,3,1375,2026-01-02
716925,occupancy,9,9,3,1375,2026-05-19
716925,speed,164,8,3,1255,2026-01-01
716928,flow,6,5,2,1375,2026-05-19
716928,occupancy,6,5,2,1375,2026-05-19
716928,speed,15,2,2,1365,2026-01-21
716929,flow,25,8,8,1375,2026-01-02
716929,occupancy,7,7,7,1375,2026-01-02
716929,speed,158,16,13,880,2026-01-02
716930,flow,1,1,1,720,2026-01-22
716930,occupancy,1,1,1,720,2026-01-22
716930,speed,4,1,1,525,2026-01-22
716933,speed,2,0,0,35,2026-01-01
716934,flow,1,1,1,720,2026-01-22
716934,occupancy,1,1,1,720,2026-01-22
716934,speed,8,3,1,165,2026-01-22
716936,flow,9,9,2,185,2026-05-17
716936,occupancy,9,9,2,185,2026-05-17
716936,speed,10,3,1,170,2026-05-17
716941,flow,35,0,0,30,2026-01-02
716941,speed,242,0,0,45,2026-01-01
716942,speed,35,0,0,35,2026-01-05
716943,flow,35,0,0,30,2026-01-02
716943,speed,242,0,0,45,2026-01-01
716944,flow,35,0,0,30,2026-01-04
716946,speed,244,0,0,45,2026-01-01
716949,flow,39,34,25,1380,2026-01-03
716949,occupancy,40,34,25,1380,2026-01-03
716949,speed,166,63,33,1375,2026-01-03
716951,flow,50,34,25,1380,2026-01-03
716951,occupancy,39,34,25,1380,2026-01-03
716951,speed,154,77,39,1355,2026-01-03
716953,flow,56,36,24,1380,2026-01-03
716953,occupancy,47,35,25,1380,2026-01-03
716953,speed,78,38,25,1310,2026-01-03
716955,flow,40,13,5,1380,2026-01-13
716955,occupancy,29,18,5,1380,2026-01-13
716955,speed,60,21,6,880,2026-01-13
716956,flow,19,14,5,1380,2026-01-23
716956,occupancy,19,14,5,1380,2026-01-23
716956,speed,35,14,6,930,2026-01-23
716958,flow,19,14,5,1380,2026-01-23
716958,occupancy,21,16,6,1380,2026-01-23
716958,speed,31,16,6,870,2026-01-03
716960,flow,35,0,0,30,2026-01-02
716960,speed,242,0,0,45,2026-01-01
716963,flow,27,0,0,30,2026-01-02
716963,speed,189,0,0,45,2026-01-01
716965,flow,33,22,15,1375,2026-01-25
716965,occupancy,27,22,15,1375,2026-01-25
716965,speed,134,39,19,875,2026-01-25
716968,flow,27,0,0,30,2026-01-02
716968,speed,189,0,0,45,2026-01-01
716971,flow,30,3,2,305,2026-01-02
716971,occupancy,3,3,2,305,2026-08-11
716971,speed,197,3,1,150,2026-01-01
716973,flow,37,22,7,900,2026-01-31
716973,occupancy,32,22,7,900,2026-01-31
716973,speed,71,18,7,690,2026-01-31
716974,flow,16,3,0,80,2026-05-04
716974,speed,20,4,1,210,2026-05-04
716977,flow,241,50,16,990,2026-01-25
716977,occupancy,75,39,17,915,2026-01-25
716977,speed,300,58,25,450,2026-01-25
716978,flow,174,39,12,900,2026-01-13
716978,occupancy,7,4,4,900,2026-02-01
716978,speed,111,28,5,300,2026-01-13
716979,flow,458,95,22,1380,2026-01-07
716979,occupancy,31,18,6,1380,2026-01-07
716979,speed,252,55,4,530,2026-01-07
716981,flow,77,12,3,900,2026-01-15
716981,occupancy,12,6,3,900,2026-01-15
716981,speed,98,14,3,690,2026-01-15
716983,flow,168,26,2,900,2026-03-09
716983,occupancy,5,3,2,900,2026-03-09
716983,speed,173,14,2,695,2026-03-09
716985,flow,20,3,0,80,2026-02-01
716985,occupancy,5,0,0,50,2026-02-01
716985,speed,20,0,0,50,2026-02-01
716986,flow,12,4,1,900,2026-05-04
716986,occupancy,1,1,1,900,2026-05-04
716986,speed,16,1,1,635,2026-05-04
716988,flow,312,49,6,900,2026-01-05
716988,occupancy,33,16,6,900,2026-01-15
716988,speed,306,32,7,690,2026-01-15
716989,flow,241,44,6,900,2026-02-01
716989,occupancy,24,14,7,900,2026-01-08
716989,speed,245,25,6,695,2026-01-08
716990,flow,1318,172,0,80,2026-01-01
716990,speed,1283,70,0,70,2026-01-01
716991,flow,1318,172,0,80,2026-01-01
716991,speed,1283,70,0,70,2026-01-01
716993,flow,1318,172,0,80,2026-01-01
716993,speed,1283,70,0,70,2026-01-01
716994,flow,1318,172,0,80,2026-01-01
716994,speed,1283,70,0,70,2026-01-01
716996,flow,1318,172,0,80,2026-01-01
716996,speed,1283,70,0,70,2026-01-01
716997,flow,1318,172,0,80,2026-01-01
716997,speed,1283,70,0,70,2026-01-01
716999,flow,1318,172,0,80,2026-01-01
716999,speed,1283,70,0,70,2026-01-01
717000,flow,1318,172,0,80,2026-01-01
717000,speed,1283,70,0,70,2026-01-01
717001,flow,1318,172,0,80,2026-01-01
717001,speed,1283,70,0,70,2026-01-01
717002,flow,35,0,0,30,2026-01-02
717002,speed,242,0,0,45,2026-01-01
717004,flow,35,0,0,35,2026-01-01
717004,speed,35,0,0,30,2026-01-05
717006,flow,35,0,0,35,2026-01-01
717006,speed,35,0,0,30,2026-01-05
717008,flow,105,0,0,35,2026-01-03
717008,speed,277,0,0,45,2026-01-01
717012,flow,70,0,0,35,2026-01-01
717014,flow,35,0,0,30,2026-01-02
717014,speed,242,0,0,45,2026-01-01
717015,flow,70,0,0,35,2026-01-01
717016,flow,35,0,0,30,2026-01-02
717016,speed,242,0,0,45,2026-01-01
717019,flow,70,0,0,35,2026-01-01
717020,flow,35,0,0,30,2026-01-02
717020,speed,242,0,0,45,2026-01-01
717026,flow,70,0,0,35,2026-01-01
717028,flow,35,0,0,30,2026-01-02
717028,speed,242,0,0,45,2026-01-01
717029,flow,70,0,0,35,2026-01-01
717032,speed,1,0,0,30,2026-03-08
717033,flow,105,0,0,35,2026-01-03
717033,speed,277,0,0,45,2026-01-01
717035,speed,1,0,0,30,2026-03-08
717036,flow,70,0,0,35,2026-01-01
717039,speed,1,0,0,30,2026-03-08
717040,flow,35,0,0,30,2026-01-02
717040,speed,242,0,0,45,2026-01-01
717041,flow,35,0,0,30,2026-01-02
717041,speed,242,0,0,45,2026-01-01
717042,speed,35,0,0,35,2026-01-05
717043,flow,105,0,0,35,2026-01-03
717043,speed,277,0,0,45,2026-01-01
717045,flow,35,0,0,35,2026-01-02
717045,speed,104,0,0,40,2026-01-04
717046,speed,35,0,0,35,2026-01-05
717047,flow,1422,382,70,215,2026-01-01
717047,speed,1252,140,0,85,2026-01-01
717049,flow,1422,382,70,215,2026-01-01
717049,speed,1252,140,0,85,2026-01-01
717052,flow,1318,172,0,80,2026-01-01
717052,speed,1283,70,0,70,2026-01-01
717055,flow,1318,172,0,80,2026-01-01
717055,speed,1283,70,0,70,2026-01-01
717059,flow,35,0,0,35,2026-01-02
717059,speed,104,0,0,40,2026-01-04
717060,flow,35,0,0,35,2026-01-02
717060,speed,104,0,0,40,2026-01-04
717065,flow,398,52,1,155,2026-06-20
717065,speed,388,22,1,120,2026-06-20
717070,flow,9,7,5,1305,2026-01-12
717070,occupancy,8,7,5,1305,2026-01-12
717070,speed,41,10,3,880,2026-01-12
717071,flow,107,35,8,1305,2026-01-12
717071,occupancy,9,7,5,1305,2026-01-12
717071,speed,108,17,4,920,2026-01-12
717073,flow,93,16,1,870,2026-02-01
717073,occupancy,7,3,1,870,2026-01-13
717073,speed,92,6,1,665,2026-02-20
717079,flow,141,25,7,1375,2026-01-02
717079,occupancy,8,8,7,1375,2026-01-02
717079,speed,159,22,8,1320,2026-01-02
717081,flow,7,5,3,870,2026-02-19
717081,occupancy,9,6,3,870,2026-02-19
717081,speed,28,2,2,600,2026-02-19
717099,flow,39,25,11,1375,2026-01-08
717099,occupancy,31,25,11,1375,2026-01-08
717099,speed,86,32,16,1080,2026-01-08
717105,flow,7,4,1,870,2026-01-25
717105,occupancy,6,4,1,870,2026-01-25
717105,speed,33,2,1,690,2026-01-25
717108,flow,2,2,2,870,2026-02-06
717108,occupancy,2,2,2,870,2026-02-06
717108,speed,10,4,2,565,2026-02-06
717110,flow,35,0,0,30,2026-01-02
717110,speed,242,0,0,45,2026-01-01
717112,flow,2,1,1,705,2026-03-05
717112,occupancy,1,1,1,705,2026-03-05
717112,speed,10,1,1,495,2026-03-05
717114,flow,35,0,0,30,2026-01-02
717114,speed,242,0,0,45,2026-01-01
717116,flow,5,4,2,705,2026-03-05
717116,occupancy,4,4,2,705,2026-03-05
717116,speed,21,5,3,505,2026-03-05
717119,flow,31,1,1,705,2026-02-05
717119,occupancy,1,1,1,705,2026-02-05
717119,speed,208,2,1,500,2026-02-05
717121,flow,35,0,0,30,2026-01-02
717121,speed,242,0,0,45,2026-01-01
717123,flow,35,0,0,30,2026-01-02
717123,speed,242,0,0,45,2026-01-01
717125,flow,35,0,0,30,2026-01-02
717125,speed,242,0,0,45,2026-01-01
717127,flow,1318,172,0,80,2026-01-01
717127,speed,1283,70,0,70,2026-01-01
717129,flow,35,0,0,30,2026-01-02
717129,speed,242,0,0,45,2026-01-01
717131,flow,1318,172,0,80,2026-01-01
717131,speed,1283,70,0,70,2026-01-01
717133,flow,1318,172,0,80,2026-01-01
717133,speed,1283,70,0,70,2026-01-01
717134,flow,35,0,0,30,2026-01-02
717134,speed,242,0,0,45,2026-01-01
717135,flow,35,0,0,30,2026-01-02
717135,speed,242,0,0,45,2026-01-01
717136,flow,105,0,0,35,2026-01-03
717136,speed,277,0,0,45,2026-01-01
717139,flow,19,15,2,230,2026-02-18
717139,occupancy,19,15,2,230,2026-02-18
717139,speed,22,7,1,150,2026-02-18
717143,flow,11,1,1,1375,2026-02-03
717143,occupancy,1,1,1,1375,2026-02-03
717143,speed,77,4,1,820,2026-02-03
717146,flow,1318,172,0,80,2026-01-01
717146,speed,1283,70,0,70,2026-01-01
717152,flow,35,0,0,30,2026-01-02
717152,speed,242,0,0,45,2026-01-01
717155,flow,33,7,3,180,2026-01-02
717155,occupancy,10,7,3,180,2026-06-12
717155,speed,172,3,3,180,2026-01-01
717156,flow,23,0,0,30,2026-01-02
717156,speed,160,0,0,45,2026-01-01
717157,flow,23,0,0,30,2026-01-02
717157,speed,160,0,0,45,2026-01-01
717169,flow,51,41,29,1375,2026-01-01
717169,occupancy,48,41,29,1375,2026-01-01
717169,speed,200,91,46,1375,2026-01-01
717171,flow,18,14,1,210,2026-02-27
717171,occupancy,18,14,1,210,2026-02-27
717171,speed,24,7,1,180,2026-01-30
717192,flow,1,1,1,1375,2026-01-02
717192,occupancy,1,1,1,1375,2026-01-02
717192,speed,13,8,4,180,2026-01-02
717202,flow,15,11,3,830,2026-02-27
717202,occupancy,15,11,3,830,2026-02-27
717202,speed,17,7,2,625,2026-02-27
717205,flow,30,0,0,30,2026-01-02
717205,speed,184,3,1,220,2026-01-04
717207,flow,1,1,1,830,2026-07-27
717207,occupancy,1,1,1,830,2026-07-27
717207,speed,12,4,1,470,2026-01-03
717209,flow,15,11,3,830,2026-02-27
717209,occupancy,15,11,3,830,2026-02-27
717209,speed,23,8,2,625,2026-01-07
717211,speed,3,1,0,70,2026-05-04
717214,flow,22,15,5,800,2026-02-19
717214,occupancy,19,15,5,800,2026-02-19
717214,speed,33,10,3,415,2026-02-19
717216,speed,7,0,0,55,2026-01-25
717220,speed,4,1,0,80,2026-05-16
717226,flow,30,0,0,30,2026-01-02
717226,speed,182,0,0,45,2026-01-06
717235,flow,1318,172,0,80,2026-01-01
717235,speed,1283,70,0,70,2026-01-01
717236,flow,105,0,0,35,2026-01-03
717236,speed,277,0,0,45,2026-01-01
717238,flow,144,46,13,985,2026-02-01
717238,occupancy,36,30,13,985,2026-02-27
717238,speed,149,28,6,775,2026-01-20
717243,flow,41,27,12,810,2026-01-04
717243,occupancy,35,17,7,1185,2026-01-04
717243,speed,43,13,7,870,2026-01-04
717245,flow,1,1,1,180,2026-07-27
717245,occupancy,1,1,1,180,2026-07-27
717245,speed,2,1,0,80,2026-07-27
717246,flow,2,2,0,65,2026-08-01
717246,occupancy,2,2,0,65,2026-08-01
717246,speed,1,0,0,50,2026-08-01
717247,flow,2,2,0,65,2026-08-01
717247,occupancy,2,2,0,65,2026-08-01
717247,speed,1,0,0,30,2026-08-01
717249,speed,1,0,0,30,2026-01-11
717251,flow,2,2,2,1375,2026-01-03
717251,occupancy,2,2,2,1375,2026-01-03
717251,speed,11,8,4,1080,2026-01-03
717254,flow,5,5,2,1375,2026-01-11
717254,occupancy,5,5,2,1375,2026-01-11
717254,speed,4,1,1,1305,2026-01-11
717257,flow,36,31,11,1375,2026-01-02
717257,occupancy,36,31,11,1375,2026-01-02
717257,speed,77,26,10,1305,2026-01-01
717258,flow,3,3,3,1145,2026-02-02
717258,occupancy,4,3,3,1125,2026-02-02
717258,speed,7,2,1,150,2026-02-02
717260,flow,35,0,0,30,2026-01-02
717260,speed,242,0,0,45,2026-01-01
717262,speed,244,0,0,45,2026-01-01
717263,speed,35,0,0,30,2026-01-03
717264,flow,105,0,0,35,2026-01-03
717264,speed,277,0,0,45,2026-01-01
717265,flow,105,0,0,35,2026-01-03
717265,speed,277,0,0,45,2026-01-01
717266,speed,35,0,0,30,2026-01-03
717269,flow,105,0,0,35,2026-01-03
717269,speed,277,0,0,45,2026-01-01
717270,flow,1318,172,0,80,2026-01-01
717270,speed,1283,70,0,70,2026-01-01
717274,flow,35,0,0,35,2026-01-02
717274,speed,104,0,0,40,2026-01-04
717277,flow,105,0,0,35,2026-01-03
717277,speed,277,0,0,45,2026-01-01
717281,flow,105,0,0,35,2026-01-03
717281,speed,277,0,0,45,2026-01-01
717282,flow,105,0,0,35,2026-01-03
717282,speed,277,0,0,45,2026-01-01
717285,flow,35,0,0,30,2026-01-02
717285,speed,242,0,0,45,2026-01-01
717288,flow,105,0,0,35,2026-01-03
717288,speed,277,0,0,45,2026-01-01
717290,flow,35,0,0,30,2026-01-02
717290,speed,242,0,0,45,2026-01-01
717292,flow,35,0,0,30,2026-01-02
717292,speed,242,0,0,45,2026-01-01
717294,flow,105,0,0,35,2026-01-03
717294,speed,277,0,0,45,2026-01-01
717296,flow,35,0,0,30,2026-01-02
717296,speed,242,0,0,45,2026-01-01
717298,flow,105,0,0,35,2026-01-03
717298,speed,277,0,0,45,2026-01-01
717300,flow,105,0,0,35,2026-01-03
717300,speed,277,0,0,45,2026-01-01
717306,flow,105,0,0,35,2026-01-03
717306,speed,277,0,0,45,2026-01-01
717315,flow,105,0,0,35,2026-01-03
717315,speed,277,0,0,45,2026-01-01
717316,flow,35,0,0,30,2026-01-02
717316,speed,242,0,0,45,2026-01-01
717318,flow,105,0,0,35,2026-01-03
717318,speed,277,0,0,45,2026-01-01
717322,flow,35,0,0,30,2026-01-02
717322,speed,242,0,0,45,2026-01-01
717324,flow,1318,172,0,80,2026-01-01
717324,speed,1283,70,0,70,2026-01-01
717328,flow,35,0,0,30,2026-01-02
717328,speed,242,0,0,45,2026-01-01
717330,flow,35,0,0,30,2026-01-02
717330,speed,242,0,0,45,2026-01-01
717332,flow,35,0,0,30,2026-01-02
717332,speed,242,0,0,45,2026-01-01
717334,flow,35,0,0,30,2026-01-02
717334,speed,242,0,0,45,2026-01-01
717337,flow,35,0,0,30,2026-01-02
717337,speed,242,0,0,45,2026-01-01
717339,flow,35,0,0,30,2026-01-02
717339,speed,242,0,0,45,2026-01-01
717340,flow,35,0,0,30,2026-01-02
717340,speed,242,0,0,45,2026-01-01
717342,flow,35,0,0,30,2026-01-02
717342,speed,242,0,0,45,2026-01-01
717343,flow,35,0,0,30,2026-01-02
717343,speed,242,0,0,45,2026-01-01
717346,flow,35,0,0,30,2026-01-02
717346,speed,242,0,0,45,2026-01-01
717350,flow,35,0,0,30,2026-01-02
717350,speed,242,0,0,45,2026-01-01
717352,flow,35,0,0,30,2026-01-02
717352,speed,242,0,0,45,2026-01-01
717355,flow,35,0,0,30,2026-01-02
717355,speed,242,0,0,45,2026-01-01
717357,flow,35,0,0,30,2026-01-02
717357,speed,242,0,0,45,2026-01-01
717358,flow,35,0,0,30,2026-01-02
717358,speed,242,0,0,45,2026-01-01
717361,flow,1318,172,0,80,2026-01-01
717361,speed,1283,70,0,70,2026-01-01
717365,flow,1218,279,59,1395,2026-01-01
717365,occupancy,87,19,7,1395,2026-01-02
717365,speed,1014,80,7,1395,2026-01-01
717367,flow,108,21,10,950,2026-03-09
717367,occupancy,95,21,10,950,2026-03-09
717367,speed,111,12,2,340,2026-03-11
717368,flow,40,8,4,670,2026-02-27
717368,occupancy,22,6,4,670,2026-03-17
717368,speed,182,6,2,615,2026-01-01
717369,flow,110,27,14,1005,2026-03-17
717369,occupancy,91,27,14,1005,2026-03-17
717369,speed,116,25,6,625,2026-03-17
717375,flow,21,12,10,1375,2026-01-08
717375,occupancy,19,11,9,1375,2026-01-08
717375,speed,51,23,13,885,2026-01-08
717376,flow,8,5,5,1375,2026-02-13
717376,occupancy,5,5,5,1375,2026-02-13
717376,speed,34,15,10,1015,2026-02-13
717378,flow,11,7,6,1375,2026-01-08
717378,occupancy,7,7,7,1380,2026-01-08
717378,speed,51,24,15,880,2026-01-08
717379,flow,9,6,6,1375,2026-02-13
717379,occupancy,6,6,6,1375,2026-02-13
717379,speed,40,18,14,1015,2026-02-13
717380,flow,35,0,0,30,2026-01-02
717380,speed,242,0,0,45,2026-01-01
717381,flow,35,0,0,30,2026-01-02
717381,speed,242,0,0,45,2026-01-01
717383,flow,37,2,2,685,2026-01-02
717383,occupancy,2,2,2,685,2026-05-21
717383,speed,235,4,4,475,2026-01-01
717384,flow,1363,368,70,685,2026-01-01
717384,occupancy,2,2,2,685,2026-05-21
717384,speed,1200,137,3,475,2026-01-01
717387,flow,45,11,10,685,2026-01-02
717387,occupancy,11,11,10,685,2026-05-22
717387,speed,207,19,17,470,2026-01-01
717388,flow,405,67,12,685,2026-01-07
717388,occupancy,16,13,12,685,2026-01-07
717388,speed,416,39,18,395,2026-01-07
717390,flow,16,16,12,525,2026-05-29
717390,occupancy,16,16,12,525,2026-05-29
717390,speed,24,20,12,330,2026-05-29
717392,flow,650,183,40,530,2026-01-07
717392,occupancy,13,9,7,530,2026-02-26
717392,speed,590,78,7,245,2026-02-09
717393,flow,7,6,5,755,2026-02-26
717393,occupancy,7,6,5,755,2026-02-26
717393,speed,131,9,5,545,2026-02-26
717396,flow,56,37,25,530,2026-05-29
717396,occupancy,41,37,25,530,2026-05-29
717396,speed,108,34,18,315,2026-05-29
717397,flow,306,77,25,530,2026-05-29
717397,occupancy,41,37,25,530,2026-05-29
717397,speed,322,44,14,230,2026-05-29
717399,flow,88,38,22,1440,2026-03-28
717399,occupancy,68,38,20,1440,2026-04-11
717399,speed,148,31,15,715,2026-04-11
717402,flow,11,9,6,1440,2026-02-26
717402,occupancy,11,9,6,1440,2026-02-26
717402,speed,24,13,6,880,2026-02-26
717404,flow,74,32,19,1440,2026-02-16
717404,occupancy,46,32,19,1440,2026-02-16
717404,speed,176,27,8,640,2026-02-16
717406,flow,30,26,14,1440,2026-04-06
717406,occupancy,30,26,14,1440,2026-04-06
717406,speed,43,23,10,870,2026-04-06
717410,flow,60,17,11,1440,2026-01-12
717410,occupancy,36,17,11,1440,2026-01-12
717410,speed,222,31,10,1305,2026-01-12
717413,flow,39,5,5,1440,2026-01-02
717413,occupancy,9,5,5,1440,2026-05-29
717413,speed,248,6,1,770,2026-01-01
717416,flow,41,6,5,1440,2026-01-02
717416,occupancy,7,6,5,1440,2026-05-22
717416,speed,251,8,3,870,2026-01-01
717418,flow,28,4,4,300,2026-03-27
717418,occupancy,9,4,4,300,2026-05-29
717418,speed,20,8,0,95,2026-03-26
717420,flow,33,23,13,1440,2026-01-12
717420,occupancy,36,26,13,1440,2026-01-12
717420,speed,58,36,16,720,2026-01-12
717421,flow,42,6,5,1440,2026-01-02
717421,occupancy,8,6,5,1440,2026-05-22
717421,speed,250,10,5,775,2026-01-01
717424,flow,137,43,23,1440,2026-02-26
717424,occupancy,116,43,23,1440,2026-02-26
717424,speed,205,33,11,775,2026-02-19
717426,flow,98,22,5,535,2026-04-06
717426,occupancy,99,22,5,535,2026-04-07
717426,speed,39,17,8,340,2026-04-12
717428,flow,39,10,4,565,2026-02-01
717428,occupancy,5,5,4,565,2026-02-26
717428,speed,44,6,3,360,2026-01-24
717431,flow,6,5,3,250,2026-06-24
717431,occupancy,5,5,3,250,2026-06-24
717431,speed,3,3,1,220,2026-06-24
717438,flow,8,5,2,475,2026-02-26
717438,occupancy,7,5,2,475,2026-02-26
717438,speed,11,5,2,270,2026-02-26
717442,flow,25,0,0,35,2026-03-27
717443,flow,26,6,6,1440,2026-03-26
717443,occupancy,6,6,6,1440,2026-03-26
717443,speed,153,7,6,1440,2026-03-26
717445,flow,70,0,0,35,2026-01-01
717446,flow,35,0,0,30,2026-01-04
717447,flow,35,0,0,30,2026-01-02
717447,speed,242,0,0,45,2026-01-01
717450,flow,35,0,0,30,2026-01-04
717452,flow,70,0,0,35,2026-01-01
717453,speed,35,0,0,35,2026-01-05
717456,flow,35,0,0,30,2026-01-02
717456,speed,242,0,0,45,2026-01-01
717458,speed,35,0,0,35,2026-01-05
717459,flow,35,0,0,30,2026-01-02
717459,speed,242,0,0,45,2026-01-01
717460,flow,35,0,0,30,2026-01-02
717460,speed,242,0,0,45,2026-01-01
717461,flow,35,0,0,30,2026-01-04
717462,flow,35,0,0,30,2026-01-04
717463,flow,35,0,0,30,2026-01-02
717463,speed,242,0,0,45,2026-01-01
717465,flow,35,0,0,30,2026-01-02
717465,speed,242,0,0,45,2026-01-01
717466,flow,35,0,0,30,2026-01-04
717468,flow,74,63,35,835,2026-01-07
717468,occupancy,72,62,35,835,2026-01-07
717468,speed,77,36,17,535,2026-01-07
717469,flow,71,61,35,1135,2026-01-07
717469,occupancy,70,61,35,1135,2026-01-07
717469,speed,90,40,15,645,2026-01-07
717479,flow,3,2,0,100,2026-08-16
717479,occupancy,3,2,0,100,2026-08-16
717479,speed,2,2,0,80,2026-08-16
717480,flow,35,0,0,30,2026-01-02
717480,speed,242,0,0,45,2026-01-01
717481,flow,213,111,38,1135,2026-01-07
717481,occupancy,132,103,38,1135,2026-01-07
717481,speed,222,80,22,475,2026-01-07
717488,flow,105,0,0,35,2026-01-03
717488,speed,277,0,0,45,2026-01-01
717490,flow,105,0,0,35,2026-01-03
717490,speed,277,0,0,45,2026-01-01
717491,flow,2045,382,69,215,2026-01-01
717491,speed,834,139,0,115,2026-01-01
717492,flow,1,1,1,900,2026-06-18
717492,occupancy,1,1,1,900,2026-06-18
717492,speed,5,1,1,655,2026-06-18
717493,flow,105,0,0,35,2026-01-03
717493,speed,277,0,0,45,2026-01-01
717499,flow,1,0,0,30,2026-04-08
717502,flow,70,0,0,35,2026-01-02
717502,speed,1,0,0,30,2026-03-08
717511,flow,17,13,4,1395,2026-01-14
717511,occupancy,17,13,4,1395,2026-01-14
717511,speed,19,13,5,1210,2026-01-14
717513,speed,1,0,0,40,2026-04-08
717514,flow,69,1,0,80,2026-04-08
717514,occupancy,2,0,0,35,2026-04-08
717514,speed,170,1,0,70,2026-04-08
717515,flow,1,1,1,1395,2026-04-08
717515,occupancy,1,1,1,1395,2026-04-08
717515,speed,8,4,2,820,2026-04-08
717516,flow,94,11,5,1395,2026-01-14
717516,occupancy,16,11,5,1395,2026-01-14
717516,speed,220,16,8,960,2026-01-14
717517,flow,17,11,5,1395,2026-01-14
717517,occupancy,16,11,5,1395,2026-01-14
717517,speed,22,15,6,890,2026-01-14
717518,flow,1230,231,42,215,2026-04-08
717518,occupancy,1,0,0,30,2026-04-08
717518,speed,505,85,0,115,2026-04-08
717519,speed,1,0,0,30,2026-03-16
717520,flow,1495,291,58,1395,2026-01-14
717520,occupancy,19,13,7,1395,2026-01-14
717520,speed,640,115,7,875,2026-01-14
717524,flow,1318,172,0,80,2026-01-01
717524,speed,1283,70,0,70,2026-01-01
717525,flow,1083,142,1,1230,2026-02-01
717525,occupancy,1,1,1,1230,2026-02-13
717525,speed,1378,162,25,1230,2026-01-01
717528,flow,1318,172,0,80,2026-01-01
717528,speed,1283,70,0,70,2026-01-01
717530,flow,1318,172,0,80,2026-01-01
717530,speed,1283,70,0,70,2026-01-01
717532,flow,1086,143,2,1230,2026-01-25
717532,occupancy,7,3,2,1230,2026-01-25
717532,speed,1058,61,2,720,2026-02-13
717533,flow,32,8,8,1375,2026-02-20
717533,occupancy,9,8,8,1375,2026-02-20
717533,speed,244,38,14,895,2026-02-20
717535,flow,25,1,1,1375,2026-03-13
717535,occupancy,1,1,1,1375,2026-03-13
717535,speed,177,5,3,765,2026-03-13
717536,flow,32,8,8,1375,2026-02-20
717536,occupancy,8,8,8,1375,2026-02-20
717536,speed,236,33,13,1375,2026-02-20
717537,flow,34,8,8,1375,2026-02-20
717537,occupancy,12,12,10,1375,2026-02-20
717537,speed,239,25,10,1300,2026-02-20
717539,flow,1054,152,10,170,2026-02-20
717539,occupancy,4,2,0,70,2026-03-02
717539,speed,1013,62,2,180,2026-02-20
717541,flow,77,0,0,35,2026-03-07
717541,speed,201,0,0,45,2026-02-27
717543,flow,84,8,8,1375,2026-02-20
717543,occupancy,8,8,8,1375,2026-02-20
717543,speed,247,36,21,840,2026-02-20
717544,flow,84,8,8,1375,2026-02-20
717544,occupancy,8,8,8,1375,2026-02-20
717544,speed,266,33,12,830,2026-02-20
717546,flow,95,6,6,1375,2026-01-22
717546,occupancy,6,6,6,1375,2026-01-22
717546,speed,260,18,12,1375,2026-01-22
717547,flow,95,6,6,1375,2026-01-22
717547,occupancy,6,6,6,1375,2026-01-22
717547,speed,263,25,17,1365,2026-01-22
717549,flow,1046,138,2,1230,2026-01-14
717549,occupancy,2,2,2,1230,2026-01-14
717549,speed,1030,62,2,700,2026-01-14
717553,flow,1046,138,2,1230,2026-01-14
717553,occupancy,2,2,2,1230,2026-01-14
717553,speed,1034,69,4,235,2026-01-14
717554,flow,599,78,6,1375,2026-01-04
717554,occupancy,6,6,6,1375,2026-01-04
717554,speed,608,15,12,1375,2026-01-04
717557,flow,1083,142,1,1230,2026-01-28
717557,occupancy,1,1,1,1230,2026-02-13
717557,speed,1062,65,2,700,2026-02-08
717558,flow,1094,146,2,1230,2026-02-01
717558,occupancy,2,2,2,1230,2026-02-03
717558,speed,1067,61,3,1230,2026-01-18
717560,flow,1082,142,1,1230,2026-02-13
717560,occupancy,1,1,1,1230,2026-02-13
717560,speed,1059,63,2,660,2026-02-13
717562,flow,1083,142,1,1230,2026-02-01
717562,occupancy,1,1,1,1230,2026-02-13
717562,speed,1057,59,1,1230,2026-02-05
717565,flow,1197,158,2,1230,2026-01-14
717565,occupancy,2,2,2,1230,2026-01-14
717565,speed,1178,72,4,355,2026-01-14
717566,flow,594,76,4,1380,2026-01-03
717566,occupancy,4,4,4,1380,2026-01-03
717566,speed,591,4,4,1380,2026-01-03
717568,flow,1083,142,1,1230,2026-02-01
717568,occupancy,1,1,1,1230,2026-02-13
717568,speed,1056,61,3,770,2026-02-13
717570,flow,1318,172,0,80,2026-01-01
717570,speed,1283,70,0,70,2026-01-01
717571,flow,19,13,5,1440,2026-01-02
717571,occupancy,17,14,4,1440,2026-01-18
717571,speed,70,15,8,1310,2026-01-01
717572,flow,169,34,4,1440,2026-01-01
717572,occupancy,18,14,4,1440,2026-02-06
717572,speed,171,25,7,1355,2026-01-01
717573,flow,20,12,4,1440,2026-01-02
717573,occupancy,17,12,4,1440,2026-01-15
717573,speed,54,8,2,590,2026-01-01
717576,flow,21,16,6,1440,2026-01-16
717576,occupancy,19,16,6,1440,2026-01-16
717576,speed,302,26,10,1375,2026-01-01
717578,flow,11,10,10,1210,2026-01-16
717578,occupancy,10,10,10,1210,2026-01-16
717578,speed,39,24,9,670,2026-01-16
717580,flow,1,0,0,30,2026-02-13
717580,speed,3,0,0,55,2026-02-12
717582,flow,7,7,5,755,2026-01-29
717582,occupancy,9,5,4,755,2026-01-29
717582,speed,20,8,3,630,2026-02-05
717583,flow,4,3,3,635,2026-01-16
717583,occupancy,3,3,3,635,2026-01-16
717583,speed,4,4,4,635,2026-01-16
717585,flow,33,22,7,1385,2026-01-14
717585,occupancy,27,22,7,1375,2026-01-14
717585,speed,83,25,8,885,2026-01-14
717587,flow,105,0,0,35,2026-01-03
717587,speed,277,0,0,45,2026-01-01
717590,flow,1318,172,0,80,2026-01-01
717590,speed,1283,70,0,70,2026-01-01
717592,flow,1318,172,0,80,2026-01-01
717592,speed,1283,70,0,70,2026-01-01
717595,flow,35,0,0,30,2026-01-02
717595,speed,242,0,0,45,2026-01-01
717597,flow,1318,172,0,80,2026-01-01
717597,speed,1283,70,0,70,2026-01-01
717599,flow,35,0,0,30,2026-01-02
717599,speed,242,0,0,45,2026-01-01
717601,flow,35,0,0,30,2026-01-02
717601,speed,242,0,0,45,2026-01-01
717603,flow,2045,382,69,215,2026-01-01
717603,speed,834,139,0,115,2026-01-01
717606,flow,1318,172,0,80,2026-01-01
717606,speed,1283,70,0,70,2026-01-01
717608,flow,1318,172,0,80,2026-01-01
717608,speed,1283,70,0,70,2026-01-01
717610,flow,1318,172,0,80,2026-01-01
717610,speed,1283,70,0,70,2026-01-01
717612,flow,1318,172,0,80,2026-01-01
717612,speed,1283,70,0,70,2026-01-01
717613,flow,1422,382,70,215,2026-01-01
717613,speed,1252,140,0,85,2026-01-01
717614,flow,1422,382,70,215,2026-01-01
717614,speed,1252,140,0,85,2026-01-01
717615,flow,87,22,8,1220,2026-01-14
717615,occupancy,35,16,8,1220,2026-01-14
717615,speed,96,14,5,780,2026-01-14
717617,flow,72,24,14,1380,2026-01-28
717617,occupancy,19,15,14,1380,2026-01-28
717617,speed,112,36,20,1380,2026-04-03
717620,flow,886,126,8,1375,2026-01-14
717620,occupancy,20,16,8,1375,2026-01-14
717620,speed,877,63,8,1380,2026-01-14
717624,flow,461,93,21,1375,2026-01-14
717624,occupancy,19,15,6,1375,2026-01-14
717624,speed,227,45,7,1375,2026-01-14
717625,flow,30,0,0,30,2026-02-08
717625,speed,1,0,0,30,2026-02-06
717627,flow,807,100,1,695,2026-01-09
717627,occupancy,1,1,1,695,2026-01-09
717627,speed,814,5,2,125,2026-01-01
717628,flow,823,102,1,695,2026-01-02
717628,occupancy,5,1,1,695,2026-01-04
717628,speed,1863,540,169,480,2026-01-01
717630,flow,1318,172,0,80,2026-01-01
717630,speed,1283,70,0,70,2026-01-01
717631,flow,1318,172,0,80,2026-01-01
717631,speed,1283,70,0,70,2026-01-01
717633,flow,35,0,0,35,2026-01-01
717633,speed,35,0,0,30,2026-01-05
717634,flow,14,9,1,180,2026-02-27
717634,occupancy,14,9,1,180,2026-02-27
717634,speed,10,5,1,155,2026-02-27
717635,flow,14,11,2,1375,2026-02-02
717635,occupancy,14,10,2,1375,2026-02-02
717635,speed,22,9,3,1140,2026-01-15
717644,flow,18,9,1,180,2026-02-27
717644,occupancy,16,10,1,180,2026-02-27
717644,speed,13,5,1,160,2026-02-27
717653,flow,18,9,1,180,2026-02-01
717653,occupancy,14,9,1,180,2026-02-27
717653,speed,20,5,1,160,2026-02-27
717657,flow,30,1,1,695,2026-02-10
717657,occupancy,1,1,1,695,2026-02-10
717657,speed,205,3,2,330,2026-02-10
717660,flow,1318,172,0,80,2026-01-01
717660,speed,1283,70,0,70,2026-01-01
717661,flow,26,1,1,695,2026-03-10
717661,occupancy,1,1,1,695,2026-03-10
717661,speed,178,3,1,335,2026-03-10
717664,flow,18,10,2,185,2026-02-27
717664,occupancy,16,9,2,185,2026-02-27
717664,speed,34,5,0,105,2026-02-19
717667,flow,82,44,20,620,2026-01-15
717667,occupancy,68,43,20,620,2026-01-15
717667,speed,162,40,20,590,2026-01-15
717669,flow,20,0,0,35,2026-06-25
717672,flow,24,11,4,285,2026-05-29
717672,occupancy,14,11,4,285,2026-05-29
717672,speed,81,7,4,285,2026-05-29
717675,flow,19,13,3,945,2026-02-23
717675,occupancy,19,13,3,945,2026-02-23
717675,speed,25,8,2,745,2026-02-23
717676,flow,19,1,1,1100,2026-03-15
717676,occupancy,1,1,1,1100,2026-03-15
717676,speed,131,2,1,750,2026-03-15
717678,flow,43,12,4,970,2026-02-26
717678,occupancy,18,12,4,970,2026-02-26
717678,speed,92,10,3,750,2026-02-16
717682,flow,6,1,1,825,2026-06-18
717682,occupancy,1,1,1,825,2026-06-18
717682,speed,30,2,1,625,2026-06-18
717684,flow,25,10,4,970,2026-02-27
717684,occupancy,17,10,4,970,2026-02-20
717684,speed,87,9,5,680,2026-02-20
717685,flow,6,1,1,825,2026-06-18
717685,occupancy,1,1,1,825,2026-06-18
717685,speed,30,2,1,620,2026-06-18
717686,flow,6,1,1,825,2026-06-18
717686,occupancy,1,1,1,825,2026-06-18
717686,speed,31,1,1,515,2026-06-18
717688,flow,6,1,1,825,2026-06-18
717688,occupancy,1,1,1,825,2026-06-18
717688,speed,32,1,1,525,2026-06-18
717692,flow,26,12,5,970,2026-02-27
717692,occupancy,17,13,6,970,2026-02-27
717692,speed,82,11,6,685,2026-02-27
717694,flow,12,1,1,825,2026-06-18
717694,occupancy,1,1,1,825,2026-06-18
717694,speed,74,1,1,615,2026-06-18
717696,flow,35,0,0,30,2026-01-02
717696,speed,242,0,0,45,2026-01-01
717697,flow,35,0,0,30,2026-01-02
717697,speed,242,0,0,45,2026-01-01
717699,flow,35,0,0,30,2026-01-02
717699,speed,242,0,0,45,2026-01-01
717701,flow,35,0,0,30,2026-01-02
717701,speed,242,0,0,45,2026-01-01
717703,flow,35,0,0,30,2026-01-02
717703,speed,242,0,0,45,2026-01-01
717706,flow,105,0,0,35,2026-01-03
717706,speed,277,0,0,45,2026-01-01
717709,flow,105,0,0,35,2026-01-03
717709,speed,277,0,0,45,2026-01-01
717710,flow,105,0,0,35,2026-01-03
717710,speed,277,0,0,45,2026-01-01
717711,flow,35,0,0,30,2026-01-02
717711,speed,242,0,0,45,2026-01-01
717713,flow,35,0,0,30,2026-01-02
717713,speed,242,0,0,45,2026-01-01
717715,flow,35,0,0,30,2026-01-02
717715,speed,242,0,0,45,2026-01-01
717717,flow,105,0,0,35,2026-01-03
717717,speed,277,0,0,45,2026-01-01
717719,flow,105,0,0,35,2026-01-03
717719,speed,277,0,0,45,2026-01-01
717720,flow,35,0,0,30,2026-01-02
717720,speed,242,0,0,45,2026-01-01
717723,flow,35,0,0,30,2026-01-02
717723,speed,242,0,0,45,2026-01-01
717724,flow,35,0,0,30,2026-01-02
717724,speed,242,0,0,45,2026-01-01
717727,flow,35,0,0,30,2026-01-02
717727,speed,242,0,0,45,2026-01-01
717729,flow,105,0,0,35,2026-01-03
717729,speed,277,0,0,45,2026-01-01
717733,flow,35,0,0,30,2026-01-02
717733,speed,242,0,0,45,2026-01-01
717735,flow,35,0,0,30,2026-01-02
717735,speed,242,0,0,45,2026-01-01
717742,flow,35,0,0,30,2026-01-02
717742,speed,242,0,0,45,2026-01-01
717744,flow,35,0,0,30,2026-01-02
717744,speed,242,0,0,45,2026-01-01
717746,flow,35,0,0,30,2026-01-02
717746,speed,242,0,0,45,2026-01-01
717750,flow,35,0,0,30,2026-01-02
717750,speed,242,0,0,45,2026-01-01
717751,flow,35,0,0,30,2026-01-02
717751,speed,242,0,0,45,2026-01-01
717752,flow,56,22,12,1440,2026-01-03
717752,occupancy,28,22,12,1440,2026-01-14
717752,speed,266,36,13,1440,2026-01-03
717753,flow,40,0,0,40,2026-01-02
717753,speed,252,3,0,70,2026-01-01
717755,flow,14,0,0,30,2026-05-29
717755,speed,117,3,0,85,2026-05-24
717758,flow,50,28,17,1440,2026-01-14
717758,occupancy,29,24,14,1440,2026-01-14
717758,speed,177,34,13,890,2026-01-14
717760,flow,14,3,2,1440,2026-01-27
717760,occupancy,3,3,2,1440,2026-01-27
717760,speed,87,5,4,895,2026-01-27
717763,flow,11,0,0,30,2026-06-19
717763,speed,76,0,0,45,2026-06-18
717765,flow,47,25,15,1440,2026-01-09
717765,occupancy,32,24,15,1440,2026-01-14
717765,speed,182,28,17,1225,2026-01-14
717766,flow,31,0,0,50,2026-02-11
717766,occupancy,2,0,0,40,2026-06-07
717766,speed,24,1,0,75,2026-06-07
717769,flow,60,37,27,1405,2026-01-08
717769,occupancy,40,37,27,1405,2026-01-08
717769,speed,263,73,45,1375,2026-01-08
717770,flow,22,4,3,1405,2026-01-14
717770,occupancy,5,4,3,1405,2026-01-14
717770,speed,19,6,5,760,2026-01-14
717772,speed,70,0,0,35,2026-01-02
717776,flow,70,0,0,35,2026-01-01
717777,flow,25,15,5,1405,2026-01-14
717777,occupancy,21,15,5,1405,2026-01-14
717777,speed,31,15,3,870,2026-01-14
717779,flow,36,17,5,1405,2026-01-14
717779,occupancy,28,17,5,1405,2026-01-14
717779,speed,41,16,7,880,2026-01-14
717787,flow,6,5,3,1410,2026-01-03
717787,occupancy,6,5,3,1405,2026-01-03
717787,speed,23,6,3,770,2026-01-03
717788,flow,2,2,2,1440,2026-01-10
717788,occupancy,2,2,2,1440,2026-01-10
717788,speed,18,7,2,525,2026-01-10
717790,flow,1,1,1,940,2026-01-31
717790,occupancy,1,1,1,940,2026-01-31
717790,speed,10,1,1,640,2026-01-31
717795,flow,35,0,0,35,2026-01-01
717795,speed,35,0,0,30,2026-01-05
717799,flow,35,0,0,30,2026-01-02
717799,speed,242,0,0,45,2026-01-01
717800,flow,40,31,14,1410,2026-02-18
717800,occupancy,39,30,14,1405,2026-02-18
717800,speed,55,24,4,445,2026-02-18
717801,flow,1,1,0,60,2026-07-30
717801,occupancy,1,1,0,60,2026-07-30
717801,speed,1,0,0,55,2026-07-30
717804,flow,44,35,19,1405,2026-01-14
717804,occupancy,44,35,19,1405,2026-01-14
717804,speed,56,19,8,1225,2026-01-14
717806,flow,18,12,6,1230,2026-01-14
717806,occupancy,18,12,6,1225,2026-01-14
717806,speed,23,12,5,880,2026-01-14
717813,flow,21,18,12,1395,2026-01-07
717813,occupancy,21,17,12,1395,2026-01-07
717813,speed,88,39,20,1205,2026-01-07
717814,speed,3,0,0,35,2026-04-10
717818,flow,35,0,0,30,2026-01-02
717818,speed,242,0,0,45,2026-01-01
717819,flow,35,0,0,30,2026-01-02
717819,speed,242,0,0,45,2026-01-01
717821,flow,1318,172,0,80,2026-01-01
717821,speed,1283,70,0,70,2026-01-01
717823,flow,35,0,0,30,2026-01-02
717823,speed,242,0,0,45,2026-01-01
717824,flow,1318,172,0,80,2026-01-01
717824,speed,1283,70,0,70,2026-01-01
717825,flow,35,0,0,30,2026-01-02
717825,speed,242,0,0,45,2026-01-01
717826,flow,1318,172,0,80,2026-01-01
717826,speed,1283,70,0,70,2026-01-01
717827,flow,35,0,0,30,2026-01-02
717827,speed,242,0,0,45,2026-01-01
717828,flow,35,0,0,35,2026-01-02
717828,speed,104,0,0,40,2026-01-04
717829,flow,1910,416,103,125,2026-01-01
717829,speed,1109,174,0,110,2026-01-01
717831,flow,333,54,6,1435,2026-01-18
717831,occupancy,12,8,6,1440,2026-01-18
717831,speed,345,26,7,1255,2026-01-18
717832,flow,24,5,5,1380,2026-01-03
717832,occupancy,10,5,5,1375,2026-01-03
717832,speed,133,7,5,1185,2026-01-03
717833,flow,776,103,2,1440,2026-03-27
717833,occupancy,3,2,2,1440,2026-03-27
717833,speed,775,48,3,815,2026-03-28
717836,flow,727,123,29,1375,2026-02-04
717836,occupancy,39,36,27,1375,2026-02-04
717836,speed,849,140,56,1375,2026-02-04
717838,flow,699,92,1,1440,2026-04-24
717838,occupancy,2,1,1,1440,2026-04-24
717838,speed,692,40,2,350,2026-04-25
717839,flow,1217,172,14,1380,2026-01-02
717839,occupancy,14,14,14,1375,2026-01-02
717839,speed,1243,111,29,1375,2026-01-02
717842,flow,26,2,2,1440,2026-02-26
717842,occupancy,3,2,2,1440,2026-02-26
717842,speed,169,6,2,815,2026-02-26
717843,flow,29,7,7,1375,2026-02-26
717843,occupancy,7,7,7,1375,2026-02-26
717843,speed,181,26,13,1375,2026-02-26
717844,flow,16,2,2,1375,2026-01-19
717844,occupancy,2,2,2,1375,2026-01-19
717844,speed,101,3,3,1360,2026-01-19
717846,flow,600,80,0,95,2026-05-05
717846,speed,580,32,0,85,2026-05-05
717847,flow,27,5,5,1375,2026-01-10
717847,occupancy,5,5,5,1375,2026-01-10
717847,speed,184,30,16,770,2026-01-10
717848,flow,70,55,25,1440,2026-02-26
717848,occupancy,67,55,25,1440,2026-02-26
717848,speed,108,37,11,830,2026-02-26
717850,flow,5,2,1,1165,2026-02-01
717850,occupancy,5,2,1,1170,2026-02-01
717850,speed,6,2,1,125,2026-02-13
717851,flow,43,29,20,1435,2026-01-02
717851,occupancy,34,29,20,1435,2026-01-02
717851,speed,171,65,35,1375,2026-01-02
717853,flow,16,0,0,30,2026-05-15
717853,speed,112,0,0,45,2026-05-12
717854,flow,105,0,0,35,2026-01-03
717854,speed,277,0,0,45,2026-01-01
717857,flow,35,0,0,35,2026-01-02
717857,speed,104,0,0,40,2026-01-04
717858,flow,70,4,4,600,2026-01-15
717858,occupancy,5,4,4,600,2026-01-15
717858,speed,176,6,4,585,2026-01-15
717859,flow,105,0,0,35,2026-01-03
717859,speed,277,0,0,45,2026-01-01
717862,flow,106,1,1,1440,2026-01-03
717862,occupancy,1,1,1,1440,2026-07-29
717862,speed,278,1,1,1355,2026-01-01
717863,flow,52,1,1,1440,2026-05-09
717863,occupancy,1,1,1,1440,2026-07-29
717863,speed,134,1,1,1350,2026-05-07
717864,flow,27,22,15,580,2026-01-11
717864,occupancy,23,22,15,580,2026-01-11
717864,speed,35,16,8,375,2026-01-11
717865,flow,106,1,1,575,2026-01-03
717865,occupancy,1,1,1,575,2026-03-16
717865,speed,290,2,2,285,2026-01-01
717867,flow,106,1,1,1440,2026-01-03
717867,occupancy,1,1,1,1440,2026-07-29
717867,speed,289,1,1,1355,2026-01-01
717871,flow,106,1,1,575,2026-01-03
717871,occupancy,1,1,1,575,2026-03-16
717871,speed,279,2,2,290,2026-01-01
717872,flow,35,0,0,30,2026-01-04
717875,speed,35,0,0,35,2026-01-05
717877,flow,35,0,0,30,2026-01-04
717879,flow,25,0,0,30,2026-01-04
717881,flow,2,2,0,65,2026-07-21
717881,occupancy,2,2,0,60,2026-07-21
717881,speed,5,1,0,65,2026-06-30
717884,flow,35,0,0,30,2026-01-04
717885,speed,35,0,0,35,2026-01-05
717887,speed,35,0,0,35,2026-01-05
717888,flow,35,0,0,30,2026-01-02
717888,speed,242,0,0,45,2026-01-01
717893,flow,35,0,0,30,2026-01-02
717893,speed,242,0,0,45,2026-01-01
717894,speed,35,0,0,35,2026-01-05
717896,speed,35,0,0,35,2026-01-05
717897,flow,35,0,0,30,2026-01-04
717898,flow,35,0,0,30,2026-01-04
717903,flow,35,0,0,30,2026-01-02
717903,speed,242,0,0,45,2026-01-01
717906,flow,35,0,0,30,2026-01-02
717906,speed,242,0,0,45,2026-01-01
717907,flow,35,0,0,30,2026-01-04
717909,flow,35,0,0,30,2026-01-02
717909,speed,242,0,0,45,2026-01-01
717912,flow,81,24,5,210,2026-01-21
717912,occupancy,53,23,3,210,2026-01-21
717912,speed,51,24,5,210,2026-01-21
717914,flow,24,0,0,30,2026-03-20
717914,speed,163,0,0,45,2026-03-22
717915,flow,35,0,0,30,2026-01-02
717915,speed,242,0,0,45,2026-01-01
717922,flow,36,4,2,510,2026-01-09
717922,occupancy,5,4,2,510,2026-01-09
717922,speed,219,4,2,510,2026-01-09
717924,flow,66,12,2,120,2026-01-21
717924,occupancy,37,12,2,120,2026-01-21
717924,speed,247,13,3,150,2026-01-21
717925,flow,35,0,0,30,2026-01-02
717925,speed,242,0,0,45,2026-01-01
717926,flow,36,4,2,510,2026-01-09
717926,occupancy,5,4,2,510,2026-01-09
717926,speed,221,4,2,510,2026-01-09
717929,flow,35,0,0,30,2026-01-02
717929,speed,242,0,0,45,2026-01-01
717930,flow,35,0,0,30,2026-01-02
717930,speed,242,0,0,45,2026-01-01
717933,flow,35,0,0,30,2026-01-02
717933,speed,242,0,0,45,2026-01-01
717934,flow,35,0,0,30,2026-01-02
717934,speed,242,0,0,45,2026-01-01
717940,flow,105,0,0,35,2026-01-03
717940,speed,277,0,0,45,2026-01-01
717942,flow,35,0,0,30,2026-01-02
717942,speed,242,0,0,45,2026-01-01
717943,speed,244,0,0,45,2026-01-01
717951,flow,35,0,0,30,2026-01-02
717951,speed,242,0,0,45,2026-01-01
717956,flow,806,106,0,80,2026-01-01
717956,speed,784,42,0,70,2026-01-01
717957,flow,139,30,1,175,2026-01-01
717957,occupancy,20,14,1,175,2026-02-27
717957,speed,135,12,0,110,2026-01-01
717958,flow,27,2,2,1440,2026-01-02
717958,occupancy,2,2,2,1440,2026-08-12
717958,speed,167,2,2,1440,2026-01-01
717960,flow,1318,172,0,80,2026-01-01
717960,speed,1283,70,0,70,2026-01-01
717962,flow,35,0,0,30,2026-01-02
717962,speed,242,0,0,45,2026-01-01
717963,flow,35,0,0,30,2026-01-02
717963,speed,242,0,0,45,2026-01-01
717966,flow,2045,382,69,215,2026-01-01
717966,speed,834,139,0,115,2026-01-01
717968,flow,1422,382,70,215,2026-01-01
717968,speed,1252,140,0,85,2026-01-01
717970,flow,55,4,3,1405,2026-01-14
717970,occupancy,5,4,3,1405,2026-01-14
717970,speed,159,13,5,635,2026-01-14
717972,speed,11,0,0,50,2026-02-10
717975,flow,6,5,4,1405,2026-01-13
717975,occupancy,6,5,4,1405,2026-01-13
717975,speed,53,24,9,590,2026-01-13
717977,flow,1318,172,0,80,2026-01-01
717977,speed,1283,70,0,70,2026-01-01
717978,flow,1318,172,0,80,2026-01-01
717978,speed,1283,70,0,70,2026-01-01
717980,flow,21,4,3,1405,2026-01-14
717980,occupancy,5,4,3,1405,2026-01-14
717980,speed,137,7,5,825,2026-01-14
717983,flow,8,0,0,30,2026-02-15
717983,speed,1,0,0,30,2026-04-08
717986,flow,19,5,4,1405,2026-01-14
717986,occupancy,7,5,4,1405,2026-01-14
717986,speed,108,9,4,755,2026-01-14
717989,flow,10,2,2,1225,2026-02-11
717989,occupancy,3,2,2,1225,2026-02-11
717989,speed,72,7,3,640,2026-02-11
717992,flow,8,0,0,30,2026-02-15
717992,speed,3,0,0,35,2026-02-11
717995,flow,18,5,4,1405,2026-02-11
717995,occupancy,6,5,4,1405,2026-02-11
717995,speed,176,22,9,575,2026-02-11
718002,flow,35,0,0,30,2026-01-02
718002,speed,242,0,0,45,2026-01-01
718008,flow,12,11,10,1405,2026-01-14
718008,occupancy,12,11,10,1405,2026-01-14
718008,speed,47,31,14,1290,2026-01-14
718012,flow,3,0,0,45,2026-02-11
718012,speed,4,2,0,60,2026-02-11
718014,flow,35,0,0,30,2026-01-02
718014,speed,242,0,0,45,2026-01-01
718016,speed,244,0,0,45,2026-01-01
718020,flow,35,0,0,35,2026-01-02
718020,speed,104,0,0,40,2026-01-04
718045,flow,35,0,0,35,2026-01-03
718047,flow,1247,163,0,80,2026-01-01
718047,speed,1215,66,0,70,2026-01-01
718048,flow,1318,172,0,80,2026-01-01
718048,speed,1283,70,0,70,2026-01-01
718050,flow,43,16,2,235,2026-02-01
718050,occupancy,14,11,2,235,2026-02-27
718050,speed,40,8,1,210,2026-02-27
718051,flow,17,13,5,1375,2026-02-14
718051,occupancy,16,13,5,1375,2026-02-14
718051,speed,47,15,9,645,2026-02-14
718052,flow,46,10,1,245,2026-02-01
718052,occupancy,16,5,1,245,2026-02-27
718052,speed,34,4,1,225,2026-02-27
718053,flow,47,10,1,245,2026-02-01
718053,occupancy,16,5,1,245,2026-02-27
718053,speed,38,5,0,115,2026-02-27
718054,flow,60,24,7,265,2026-02-01
718054,occupancy,19,15,5,265,2026-02-27
718054,speed,33,13,4,230,2026-02-27
718064,flow,109,35,15,1375,2026-01-02
718064,occupancy,29,24,15,1375,2026-01-02
718064,speed,138,35,16,1375,2026-01-02
718066,flow,14,2,1,185,2026-08-04
718066,occupancy,1,1,1,185,2026-08-04
718066,speed,13,3,0,100,2026-08-04
718072,flow,15,3,1,120,2026-06-09
718072,occupancy,2,2,1,120,2026-06-09
718072,speed,14,1,0,70,2026-06-09
718076,flow,15,3,1,120,2026-06-09
718076,occupancy,2,2,1,120,2026-06-09
718076,speed,15,1,0,70,2026-06-09
718081,flow,1,1,0,105,2026-06-18
718081,occupancy,1,1,0,105,2026-06-18
718081,speed,8,1,0,75,2026-06-18
718085,flow,9,9,2,185,2026-05-17
718085,occupancy,9,9,2,185,2026-05-17
718085,speed,9,2,1,170,2026-05-16
718086,flow,29,9,2,185,2026-01-02
718086,occupancy,9,9,2,185,2026-05-17
718086,speed,147,2,1,170,2026-01-01
718089,flow,35,0,0,30,2026-01-02
718089,speed,242,0,0,45,2026-01-01
718090,flow,35,0,0,35,2026-01-02
718090,speed,104,0,0,40,2026-01-04
718092,flow,35,0,0,35,2026-01-01
718092,speed,35,0,0,30,2026-01-05
718102,flow,35,0,0,30,2026-01-04
718118,flow,28,0,0,30,2026-01-09
718118,speed,187,2,0,75,2026-01-04
718119,flow,24,16,3,255,2026-02-19
718119,occupancy,20,16,3,250,2026-02-19
718119,speed,27,5,0,70,2026-02-19
718124,flow,35,0,0,30,2026-01-02
718124,speed,242,0,0,45,2026-01-01
718125,flow,35,0,0,30,2026-01-02
718125,speed,242,0,0,45,2026-01-01
718126,flow,35,0,0,30,2026-01-02
718126,speed,242,0,0,45,2026-01-01
718127,flow,35,0,0,30,2026-01-02
718127,speed,242,0,0,45,2026-01-01
718130,flow,175,28,11,1375,2026-02-19
718130,occupancy,157,27,10,1375,2026-02-19
718130,speed,159,22,14,805,2026-02-19
718141,flow,631,178,35,900,2026-02-01
718141,occupancy,16,11,3,900,2026-02-27
718141,speed,573,74,3,695,2026-02-27
718142,flow,1318,172,0,80,2026-01-01
718142,speed,1283,70,0,70,2026-01-01
718143,flow,1318,172,0,80,2026-01-01
718143,speed,1283,70,0,70,2026-01-01
718144,flow,1318,172,0,80,2026-01-01
718144,speed,1283,70,0,70,2026-01-01
718146,flow,35,0,0,30,2026-01-02
718146,speed,242,0,0,45,2026-01-01
718147,flow,8,0,0,30,2026-02-13
718147,speed,68,1,0,95,2026-02-11
718148,flow,35,0,0,30,2026-01-02
718148,speed,242,0,0,45,2026-01-01
718149,flow,35,0,0,30,2026-01-02
718149,speed,242,0,0,45,2026-01-01
718150,flow,1318,172,0,80,2026-01-01
718150,speed,1283,70,0,70,2026-01-01
718151,flow,11,1,1,1225,2026-01-14
718151,occupancy,1,1,1,1225,2026-01-14
718151,speed,12,2,2,395,2026-01-14
718155,flow,1421,382,70,215,2026-01-01
718155,speed,1252,140,0,85,2026-01-01
718164,flow,70,0,0,35,2026-01-01
718165,speed,244,0,0,45,2026-01-01
718204,flow,30,26,16,1440,2026-01-13
718204,occupancy,57,43,27,1440,2026-01-13
718204,speed,173,54,28,1360,2026-01-13
718210,flow,1,1,0,65,2026-07-22
718219,flow,35,0,0,30,2026-01-02
718219,speed,242,0,0,45,2026-01-01
718221,flow,35,0,0,30,2026-01-02
718221,speed,242,0,0,45,2026-01-01
718223,flow,35,0,0,30,2026-01-02
718223,speed,242,0,0,45,2026-01-01
718226,flow,35,0,0,30,2026-01-02
718226,speed,242,0,0,45,2026-01-01
718227,flow,105,0,0,35,2026-01-03
718227,speed,277,0,0,45,2026-01-01
718232,flow,35,0,0,30,2026-01-02
718232,speed,242,0,0,45,2026-01-01
718238,flow,105,0,0,35,2026-01-03
718238,speed,277,0,0,45,2026-01-01
718240,flow,35,0,0,30,2026-01-02
718240,speed,242,0,0,45,2026-01-01
718242,flow,105,0,0,35,2026-01-03
718242,speed,277,0,0,45,2026-01-01
718245,flow,105,0,0,35,2026-01-03
718245,speed,277,0,0,45,2026-01-01
718253,flow,35,0,0,30,2026-01-02
718253,speed,242,0,0,45,2026-01-01
718256,flow,18,0,0,35,2026-02-07
718256,speed,76,0,0,50,2026-01-28
718258,flow,1,0,0,30,2026-08-30
718259,flow,52,10,4,1225,2026-02-11
718259,occupancy,10,10,4,1225,2026-02-11
718259,speed,141,10,3,760,2026-02-11
718262,flow,35,0,0,30,2026-01-04
718265,flow,35,0,0,30,2026-01-02
718265,speed,242,0,0,45,2026-01-01
718266,flow,35,0,0,30,2026-01-02
718266,speed,242,0,0,45,2026-01-01
718267,flow,35,0,0,30,2026-01-02
718267,speed,242,0,0,45,2026-01-01
718275,flow,35,0,0,30,2026-01-02
718275,speed,242,0,0,45,2026-01-01
718277,flow,35,0,0,30,2026-01-02
718277,speed,242,0,0,45,2026-01-01
718280,flow,60,37,27,1410,2026-01-08
718280,occupancy,40,37,27,1405,2026-01-08
718280,speed,254,64,34,1355,2026-01-08
718284,flow,263,73,37,1405,2026-01-01
718284,occupancy,54,49,37,1405,2026-01-01
718284,speed,402,111,54,1380,2026-01-01
718292,flow,70,0,0,35,2026-01-01
718296,flow,2,2,2,1440,2026-02-07
718296,occupancy,2,2,2,1440,2026-02-07
718296,speed,19,7,3,530,2026-02-07
718297,flow,34,29,19,1405,2026-01-04
718297,occupancy,34,29,19,1405,2026-01-04
718297,speed,121,51,25,1365,2026-01-04
718304,speed,1,0,0,30,2026-03-08
718308,flow,35,0,0,35,2026-01-02
718308,speed,104,0,0,40,2026-01-04
718310,flow,45,20,10,1405,2026-01-14
718310,occupancy,33,20,10,1405,2026-01-14
718310,speed,161,18,6,1225,2026-01-14
718312,flow,61,20,10,1405,2026-01-14
718312,occupancy,33,20,10,1405,2026-01-14
718312,speed,51,17,6,1225,2026-01-09
718314,flow,72,17,6,1230,2026-01-10
718314,occupancy,30,17,6,1225,2026-01-10
718314,speed,36,14,6,955,2026-01-10
718315,flow,72,17,6,1230,2026-01-10
718315,occupancy,30,17,6,1225,2026-01-10
718315,speed,36,14,6,945,2026-01-03
718320,flow,63,10,9,1405,2026-01-14
718320,occupancy,11,10,9,1405,2026-01-14
718320,speed,205,25,15,885,2026-01-14
718326,flow,56,23,13,1440,2026-01-12
718326,occupancy,32,23,13,1440,2026-01-12
718326,speed,44,31,13,875,2026-01-12
718327,speed,9,0,0,40,2026-06-05
718332,flow,635,89,6,1305,2026-01-12
718332,occupancy,9,7,6,1305,2026-01-12
718332,speed,663,55,9,240,2026-01-12
718335,speed,35,0,0,35,2026-01-05
718358,speed,244,0,0,45,2026-01-01
718360,flow,31,28,4,1375,2026-01-13
718360,occupancy,31,28,4,1375,2026-01-13
718360,speed,39,11,4,890,2026-01-13
718364,flow,7,6,6,1375,2026-01-06
718364,occupancy,5,5,5,1375,2026-01-06
718364,speed,37,16,7,885,2026-01-06
718370,flow,1,0,0,30,2026-02-25
718371,speed,3,0,0,50,2026-02-25
718376,flow,3,2,1,120,2026-06-12
718376,occupancy,2,2,1,120,2026-06-12
718376,speed,19,0,0,55,2026-05-05
718379,flow,105,0,0,35,2026-01-03
718379,speed,277,0,0,45,2026-01-01
718384,flow,87,3,2,305,2026-01-03
718384,occupancy,3,3,2,305,2026-08-11
718384,speed,221,2,1,240,2026-01-01
718389,flow,35,0,0,35,2026-01-01
718389,speed,35,0,0,30,2026-01-05
718392,flow,1318,172,0,80,2026-01-01
718392,speed,1283,70,0,70,2026-01-01
718393,flow,1318,172,0,80,2026-01-01
718393,speed,1283,70,0,70,2026-01-01
718394,flow,1318,172,0,80,2026-01-01
718394,speed,1283,70,0,70,2026-01-01
718404,flow,96,85,67,1440,2026-01-04
718404,occupancy,96,85,67,1440,2026-01-04
718404,speed,257,108,61,1380,2026-01-04
718405,flow,105,0,0,35,2026-01-03
718405,speed,277,0,0,45,2026-01-01
718410,speed,244,0,0,45,2026-01-01
718411,flow,1421,382,70,215,2026-01-01
718411,speed,1252,140,0,85,2026-01-01
718412,flow,105,0,0,35,2026-01-03
718412,speed,277,0,0,45,2026-01-01
718419,flow,35,0,0,30,2026-01-04
718421,flow,105,0,0,35,2026-01-03
718421,speed,277,0,0,45,2026-01-01
718445,flow,35,0,0,30,2026-01-02
718445,speed,242,0,0,45,2026-01-01
718455,flow,105,0,0,35,2026-01-03
718455,speed,277,0,0,45,2026-01-01
718466,flow,35,0,0,30,2026-01-04
718469,flow,5,0,0,30,2026-06-19
718469,speed,30,1,0,60,2026-06-18
718479,flow,35,0,0,30,2026-01-02
718479,speed,242,0,0,45,2026-01-01
718488,flow,9,0,0,35,2026-02-11
718488,occupancy,1,0,0,30,2026-02-11
718488,speed,36,3,0,80,2026-02-11
718492,flow,35,0,0,30,2026-01-04
718493,flow,1318,172,0,80,2026-01-01
718493,speed,1283,70,0,70,2026-01-01
718496,flow,2,0,0,30,2026-01-02
718496,speed,13,0,0,45,2026-01-01
718500,flow,36,29,19,1405,2026-01-04
718500,occupancy,34,29,19,1405,2026-01-04
718500,speed,149,47,26,1375,2026-01-04
737152,flow,70,55,25,1440,2026-02-26
737152,occupancy,67,55,25,1440,2026-02-26
737152,speed,108,36,12,695,2026-02-26
737158,flow,2045,382,69,215,2026-01-01
737158,speed,834,139,0,115,2026-01-01
737184,flow,35,0,0,30,2026-01-04
737229,flow,1422,382,70,215,2026-01-01
737229,speed,1252,140,0,85,2026-01-01
737232,flow,1318,172,0,80,2026-01-01
737232,speed,1283,70,0,70,2026-01-01
737237,flow,1421,382,70,215,2026-01-01
737237,speed,1252,140,0,85,2026-01-01
737242,flow,1421,382,70,215,2026-01-01
737242,speed,1252,140,0,85,2026-01-01
737246,flow,1422,382,70,215,2026-01-01
737246,speed,1252,140,0,85,2026-01-01
737257,flow,1318,172,0,80,2026-01-01
737257,speed,1283,70,0,70,2026-01-01
737258,flow,1318,172,0,80,2026-01-01
737258,speed,1283,70,0,70,2026-01-01
737269,flow,1318,172,0,80,2026-01-01
737269,speed,1283,70,0,70,2026-01-01
737278,flow,35,0,0,30,2026-01-02
737278,speed,242,0,0,45,2026-01-01
737292,flow,105,0,0,35,2026-01-03
737292,speed,277,0,0,45,2026-01-01
737313,flow,2045,382,69,215,2026-01-01
737313,speed,834,139,0,115,2026-01-01
737320,flow,1421,382,70,215,2026-01-01
737320,speed,1252,140,0,85,2026-01-01
737344,flow,23,7,6,1310,2026-01-12
737344,occupancy,8,7,6,1305,2026-01-12
737344,speed,140,12,7,705,2026-01-12
737345,flow,635,89,6,1305,2026-01-12
737345,occupancy,9,7,6,1305,2026-01-12
737345,speed,662,59,11,245,2026-01-12
737433,flow,1318,172,0,80,2026-01-01
737433,speed,1283,70,0,70,2026-01-01
737529,flow,1318,172,0,80,2026-01-01
737529,speed,1283,70,0,70,2026-01-01
759142,flow,1180,320,59,1230,2026-02-01
759142,occupancy,2,2,2,1230,2026-02-03
759142,speed,1046,121,4,645,2026-02-03
759165,flow,1422,382,70,215,2026-01-01
759165,speed,1252,140,0,85,2026-01-01
759228,flow,35,0,0,35,2026-01-01
759228,speed,35,0,0,30,2026-01-05
759250,flow,35,0,0,35,2026-01-01
759250,speed,35,0,0,30,2026-01-05
759257,flow,1422,382,70,215,2026-01-01
759257,speed,1252,140,0,85,2026-01-01
759259,flow,1421,382,70,215,2026-01-01
759259,speed,1252,140,0,85,2026-01-01
759271,flow,1318,172,0,80,2026-01-01
759271,speed,1283,70,0,70,2026-01-01
759280,speed,35,0,0,35,2026-01-05
759289,speed,244,0,0,45,2026-01-01
759385,speed,35,0,0,35,2026-01-05
759416,flow,1318,172,0,80,2026-01-01
759416,speed,1283,70,0,70,2026-01-01
759418,flow,2045,382,69,215,2026-01-01
759418,speed,834,139,0,115,2026-01-01
759422,flow,40,37,27,1410,2026-01-08
759422,occupancy,40,37,27,1405,2026-01-08
759422,speed,129,61,33,1355,2026-01-08
759427,flow,1318,172,0,80,2026-01-01
759427,speed,1283,70,0,70,2026-01-01
759513,speed,35,0,0,35,2026-01-02
759518,speed,244,0,0,45,2026-01-01
759531,flow,35,0,0,30,2026-01-02
759531,speed,242,0,0,45,2026-01-01
759542,flow,35,0,0,30,2026-01-02
759542,speed,242,0,0,45,2026-01-01
759552,flow,35,0,0,30,2026-01-02
759552,speed,242,0,0,45,2026-01-01
759566,flow,5,5,3,1375,2026-01-22
759566,occupancy,5,5,3,1375,2026-01-22
759566,speed,13,3,2,1250,2026-01-22
759576,flow,10,10,4,1375,2026-05-16
759576,occupancy,10,10,4,1375,2026-05-16
759576,speed,36,8,3,1250,2026-05-16
759591,flow,35,0,0,30,2026-01-02
759591,speed,242,0,0,45,2026-01-01
759602,flow,35,0,0,30,2026-01-02
759602,speed,242,0,0,45,2026-01-01
759610,speed,35,0,0,35,2026-01-02
759617,flow,1318,172,0,80,2026-01-01
759617,speed,1283,70,0,70,2026-01-01
759626,flow,1422,382,70,215,2026-01-01
759626,speed,1252,140,0,85,2026-01-01
759636,flow,105,0,0,35,2026-01-03
759636,speed,277,0,0,45,2026-01-01
759648,flow,35,0,0,30,2026-01-02
759648,speed,242,0,0,45,2026-01-01
759654,flow,1318,172,0,80,2026-01-01
759654,speed,1283,70,0,70,2026-01-01
759666,flow,1313,172,2,1440,2026-01-01
759666,occupancy,2,2,2,1440,2026-06-03
759666,speed,1281,72,2,1440,2026-01-01
759672,flow,1318,172,0,80,2026-01-01
759672,speed,1283,70,0,70,2026-01-01
759677,flow,1318,172,0,80,2026-01-01
759677,speed,1283,70,0,70,2026-01-01
759685,flow,868,114,1,860,2026-02-04
759685,occupancy,1,1,1,860,2026-02-04
759685,speed,855,48,2,180,2026-02-04
759747,flow,105,0,0,35,2026-01-03
759747,speed,277,0,0,45,2026-01-01
759762,flow,4,4,4,900,2026-04-13
759762,occupancy,4,4,4,900,2026-04-13
759762,speed,21,4,4,865,2026-04-13
759772,flow,6,6,6,900,2026-04-09
759772,occupancy,6,6,6,900,2026-04-09
759772,speed,18,8,4,685,2026-04-09
759783,flow,23,11,5,1375,2026-04-20
759783,occupancy,8,7,5,1375,2026-04-13
759783,speed,61,20,3,1195,2026-04-20
759822,flow,2045,382,69,215,2026-01-01
759822,speed,834,139,0,115,2026-01-01
759834,flow,1422,382,70,215,2026-01-01
759834,speed,1252,140,0,85,2026-01-01
759835,flow,2045,382,69,215,2026-01-01
759835,speed,834,139,0,115,2026-01-01
759844,flow,2045,382,69,215,2026-01-01
759844,speed,834,139,0,115,2026-01-01
759850,flow,1422,382,70,215,2026-01-01
759850,speed,1252,140,0,85,2026-01-01
759858,flow,105,0,0,35,2026-01-03
759858,speed,277,0,0,45,2026-01-01
759870,flow,1318,172,0,80,2026-01-01
759870,speed,1283,70,0,70,2026-01-01
759900,flow,35,0,0,30,2026-01-02
759900,speed,242,0,0,45,2026-01-01
759914,flow,1313,172,2,1440,2026-01-01
759914,occupancy,2,2,2,1440,2026-06-03
759914,speed,1281,72,2,1440,2026-01-01
759927,flow,521,88,13,1440,2026-01-01
759927,occupancy,21,18,13,1440,2026-03-23
759927,speed,574,63,18,1440,2026-01-01
759933,flow,422,56,0,80,2026-01-01
759933,speed,413,22,0,70,2026-01-01
759942,flow,521,88,13,1440,2026-01-01
759942,occupancy,21,18,13,1440,2026-03-23
759942,speed,571,63,19,1440,2026-01-01
760002,flow,1318,172,0,80,2026-01-01
760002,speed,1283,70,0,70,2026-01-01
760024,flow,60,1,0,65,2026-01-01
760024,occupancy,1,1,0,65,2026-08-16
760024,speed,3,0,0,50,2026-07-23
760046,speed,244,0,0,45,2026-01-01
760063,speed,244,0,0,45,2026-01-01
760074,flow,35,0,0,30,2026-01-02
760074,speed,242,0,0,45,2026-01-01
760080,flow,1422,382,70,215,2026-01-01
760080,speed,1252,140,0,85,2026-01-01
760101,speed,244,0,0,45,2026-01-01
760112,flow,35,0,0,30,2026-01-02
760112,speed,242,0,0,45,2026-01-01
760167,speed,244,0,0,45,2026-01-01
760187,speed,244,0,0,45,2026-01-01
760196,speed,244,0,0,45,2026-01-01
760226,speed,244,0,0,45,2026-01-01
760236,speed,244,0,0,45,2026-01-01
760283,speed,244,0,0,45,2026-01-01
760301,speed,244,0,0,45,2026-01-01
760315,flow,35,0,0,30,2026-01-02
760315,speed,242,0,0,45,2026-01-01
760330,speed,244,0,0,45,2026-01-01
760349,speed,277,0,0,45,2026-01-01
760358,flow,833,103,0,80,2026-01-01
760358,speed,835,0,0,50,2026-01-01
760361,flow,833,103,0,80,2026-01-01
760361,speed,835,0,0,50,2026-01-01
760369,flow,279,132,45,1375,2026-01-03
760369,occupancy,133,106,45,1375,2026-01-03
760369,speed,956,114,24,1395,2026-01-01
760375,flow,15,4,1,120,2026-08-18
760375,occupancy,1,0,0,35,2026-08-20
760375,speed,16,2,1,120,2026-01-19
760384,flow,297,149,51,1375,2026-01-03
760384,occupancy,133,106,45,1375,2026-01-03
760384,speed,907,141,24,1260,2026-01-01
760398,flow,1421,382,70,215,2026-01-01
760398,speed,1252,140,0,85,2026-01-01
760426,speed,244,0,0,45,2026-01-01
760440,flow,35,0,0,30,2026-01-02
760440,speed,242,0,0,45,2026-01-01
760452,flow,35,0,0,35,2026-01-03
760473,speed,35,0,0,30,2026-01-03
760481,flow,1422,382,70,215,2026-01-01
760481,speed,1252,140,0,85,2026-01-01
760496,flow,105,0,0,35,2026-01-03
760496,speed,277,0,0,45,2026-01-01
760512,flow,1421,382,70,215,2026-01-01
760512,speed,1252,140,0,85,2026-01-01
760535,flow,1421,382,70,215,2026-01-01
760535,speed,1252,140,0,85,2026-01-01
760558,flow,1318,172,0,80,2026-01-01
760558,speed,1283,70,0,70,2026-01-01
760568,flow,1421,382,70,215,2026-01-01
760568,speed,1252,140,0,85,2026-01-01
760599,flow,1422,382,70,215,2026-01-01
760599,speed,1252,140,0,85,2026-01-01
760606,flow,1422,382,70,215,2026-01-01
760606,speed,1252,140,0,85,2026-01-01
760619,flow,1421,382,70,215,2026-01-01
760619,speed,1252,140,0,85,2026-01-01
760686,flow,600,79,7,1375,2026-01-04
760686,occupancy,7,7,7,1375,2026-01-04
760686,speed,622,24,15,1230,2026-01-04
760693,flow,596,77,5,1375,2026-01-03
760693,occupancy,6,6,6,1375,2026-01-03
760693,speed,593,5,5,1385,2026-01-03
760706,flow,1507,257,1,1230,2026-02-01
760706,occupancy,1,1,1,1230,2026-02-13
760706,speed,1170,86,1,1235,2026-02-13
760718,flow,1094,146,2,1230,2026-02-01
760718,occupancy,2,2,2,1230,2026-02-03
760718,speed,1069,61,2,1230,2026-02-03
760726,flow,931,122,1,1230,2026-03-13
760726,occupancy,1,1,1,1230,2026-03-13
760726,speed,917,59,2,355,2026-03-13
760738,flow,931,122,1,1230,2026-03-13
760738,occupancy,1,1,1,1230,2026-03-13
760738,speed,914,52,1,695,2026-03-13
760746,flow,939,122,0,95,2026-03-13
760746,speed,913,50,0,70,2026-03-13
760756,flow,1002,271,50,1230,2026-03-13
760756,occupancy,1,1,1,1230,2026-03-13
760756,speed,891,104,3,645,2026-03-13
760765,flow,1117,300,57,1230,2026-01-02
760765,occupancy,2,2,2,1230,2026-02-03
760765,speed,980,109,2,1200,2026-01-04
760774,flow,1002,271,50,1230,2026-03-13
760774,occupancy,1,1,1,1230,2026-03-13
760774,speed,892,104,4,715,2026-01-30
760782,flow,1003,271,50,1235,2026-03-13
760782,occupancy,1,1,1,1230,2026-03-13
760782,speed,887,101,2,1080,2026-03-13
760794,flow,1181,320,59,1230,2026-01-02
760794,occupancy,3,2,2,1230,2026-01-17
760794,speed,1039,117,2,1230,2026-02-03
760801,flow,1002,271,50,1230,2026-03-13
760801,occupancy,1,1,1,1230,2026-03-13
760801,speed,892,103,1,720,2026-03-13
760812,flow,700,92,3,1230,2026-01-07
760812,occupancy,4,4,3,1230,2026-01-07
760812,speed,708,7,5,705,2026-01-07
760814,flow,591,73,1,1230,2026-03-13
760814,occupancy,1,1,1,1230,2026-03-13
760814,speed,592,5,4,700,2026-03-13
760828,flow,1083,142,1,1230,2026-02-01
760828,occupancy,1,1,1,1230,2026-02-13
760828,speed,1059,59,1,1230,2026-01-16
760869,flow,1002,271,50,1230,2026-03-13
760869,occupancy,1,1,1,1230,2026-03-13
760869,speed,890,104,4,710,2026-03-13
760892,flow,931,122,1,1230,2026-03-13
760892,occupancy,1,1,1,1230,2026-03-13
760892,speed,915,52,1,695,2026-03-13
760900,flow,938,124,1,250,2026-03-13
760900,speed,921,54,0,75,2026-03-13
760911,flow,931,122,1,1230,2026-03-13
760911,occupancy,1,1,1,1230,2026-03-13
760911,speed,918,56,1,350,2026-03-13
760921,flow,1192,324,61,1230,2026-01-07
760921,occupancy,4,4,3,1230,2026-01-07
760921,speed,1055,124,3,695,2026-01-07
760932,flow,1003,271,50,1230,2026-03-13
760932,occupancy,1,1,1,1230,2026-03-13
760932,speed,893,102,2,695,2026-03-13
760941,flow,1031,280,54,1230,2026-02-27
760941,occupancy,4,4,4,1230,2026-02-27
760941,speed,937,122,7,710,2026-02-27
760951,flow,1182,321,60,1230,2026-01-17
760951,occupancy,3,3,3,1230,2026-01-17
760951,speed,1054,124,3,700,2026-01-01
760959,flow,1003,271,50,1230,2026-03-13
760959,occupancy,1,1,1,1230,2026-03-13
760959,speed,894,104,2,510,2026-03-13
760971,flow,1003,271,50,1230,2026-03-13
760971,occupancy,1,1,1,1230,2026-03-13
760971,speed,892,103,1,635,2026-03-13
760987,flow,3,3,1,230,2026-05-28
760987,occupancy,3,3,1,235,2026-05-28
760987,speed,3,3,0,110,2026-05-28
761003,flow,3,3,3,1015,2026-04-20
761003,occupancy,5,5,4,550,2026-04-20
761003,speed,12,2,0,105,2026-04-20
761016,flow,1318,172,0,80,2026-01-01
761016,speed,1283,70,0,70,2026-01-01
761070,flow,1318,172,0,80,2026-01-01
761070,speed,1283,70,0,70,2026-01-01
761128,flow,35,0,0,30,2026-01-02
761128,speed,242,0,0,45,2026-01-01
761141,flow,35,0,0,30,2026-01-02
761141,speed,242,0,0,45,2026-01-01
761152,flow,24,18,8,1375,2026-01-05
761152,occupancy,20,17,8,1375,2026-01-05
761152,speed,56,26,11,1380,2026-01-05
761165,flow,1,1,1,1375,2026-01-18
761165,occupancy,1,1,1,1375,2026-01-18
761165,speed,10,6,2,645,2026-01-18
761220,flow,6,1,1,825,2026-06-18
761220,occupancy,1,1,1,825,2026-06-18
761220,speed,31,1,1,525,2026-06-18
761342,flow,89,72,38,425,2026-01-14
761342,occupancy,89,72,38,425,2026-01-14
761342,speed,105,39,23,330,2026-01-14
761356,flow,6,6,2,185,2026-06-22
761356,occupancy,6,6,2,185,2026-06-22
761356,speed,6,2,0,75,2026-06-22
761455,flow,1318,172,0,80,2026-01-01
761455,speed,1283,70,0,70,2026-01-01
761482,flow,70,0,0,30,2026-01-01
761492,flow,70,0,0,30,2026-01-01
761526,flow,35,0,0,30,2026-01-04
761541,flow,22,17,7,1405,2026-01-14
761541,occupancy,25,19,7,1405,2026-01-14
761541,speed,36,20,5,715,2026-01-14
761599,flow,105,0,0,35,2026-01-03
761599,speed,277,0,0,45,2026-01-01
761604,flow,35,0,0,30,2026-01-02
761604,speed,242,0,0,45,2026-01-01
761644,flow,1318,172,0,80,2026-01-01
761644,speed,1283,70,0,70,2026-01-01
761675,flow,35,0,0,30,2026-01-04
761734,flow,55,4,3,1405,2026-01-14
761734,occupancy,5,4,3,1405,2026-01-14
761734,speed,157,8,4,755,2026-01-14
761761,flow,643,90,3,1405,2026-01-13
761761,occupancy,5,4,3,1405,2026-01-13
761761,speed,648,51,7,575,2026-01-13
761776,flow,10,2,2,1225,2026-02-11
761776,occupancy,2,2,2,1225,2026-02-11
761776,speed,67,4,2,815,2026-02-11
761844,flow,17,16,15,1380,2026-04-09
761844,occupancy,16,16,15,1375,2026-04-09
761844,speed,115,60,41,1135,2026-04-09
761851,speed,12,0,0,30,2026-02-14
762329,flow,349,51,4,470,2026-06-23
762329,occupancy,4,4,4,470,2026-06-23
762329,speed,347,26,2,155,2026-06-23
762347,flow,35,0,0,30,2026-01-02
762347,speed,242,0,0,45,2026-01-01
762353,flow,35,0,0,30,2026-01-02
762353,speed,242,0,0,45,2026-01-01
763237,flow,35,0,0,30,2026-01-04
763251,flow,35,0,0,30,2026-01-04
763275,flow,35,0,0,30,2026-01-02
763275,speed,242,0,0,45,2026-01-01
763286,flow,35,0,0,30,2026-01-02
763286,speed,242,0,0,45,2026-01-01
763294,flow,35,0,0,30,2026-01-02
763294,speed,242,0,0,45,2026-01-01
763299,flow,1318,172,0,80,2026-01-01
763299,speed,1283,70,0,70,2026-01-01
763304,flow,1318,172,0,80,2026-01-01
763304,speed,1283,70,0,70,2026-01-01
763309,flow,35,0,0,30,2026-01-02
763309,speed,242,0,0,45,2026-01-01
763314,flow,35,0,0,30,2026-01-02
763314,speed,242,0,0,45,2026-01-01
763325,flow,35,0,0,30,2026-01-02
763325,speed,242,0,0,45,2026-01-01
763336,flow,35,0,0,30,2026-01-02
763336,speed,242,0,0,45,2026-01-01
763341,flow,35,0,0,30,2026-01-02
763341,speed,242,0,0,45,2026-01-01
763346,flow,1318,172,0,80,2026-01-01
763346,speed,1283,70,0,70,2026-01-01
763354,flow,54,0,0,55,2026-01-02
763354,occupancy,4,0,0,30,2026-07-12
763354,speed,126,0,0,50,2026-01-04
763361,flow,135,1,1,1325,2026-01-02
763361,occupancy,1,1,1,1325,2026-07-05
763361,speed,207,4,3,720,2026-01-01
763367,flow,24,1,1,1325,2026-01-02
763367,occupancy,1,1,1,1325,2026-08-02
763367,speed,209,1,1,695,2026-01-01
763372,flow,1318,172,0,80,2026-01-01
763372,speed,1283,70,0,70,2026-01-01
763377,flow,35,0,0,35,2026-01-02
763377,speed,104,0,0,40,2026-01-04
763392,flow,70,0,0,35,2026-01-01
763400,flow,35,3,3,995,2026-01-02
763400,occupancy,3,3,3,995,2026-04-06
763400,speed,239,6,4,665,2026-01-01
763408,flow,57,2,2,995,2026-01-01
763408,occupancy,2,2,2,995,2026-05-21
763408,speed,19,6,2,360,2026-05-21
763419,flow,66,3,3,995,2026-01-01
763419,occupancy,3,3,3,995,2026-04-06
763419,speed,19,5,3,665,2026-04-06
763424,flow,70,0,0,35,2026-01-01
763429,flow,70,0,0,35,2026-01-01
763434,flow,70,0,0,35,2026-01-01
763439,flow,70,0,0,35,2026-01-01
763453,flow,35,0,0,30,2026-01-04
763458,flow,35,0,0,30,2026-01-02
763458,speed,242,0,0,45,2026-01-01
763468,speed,244,0,0,45,2026-01-01
763485,flow,24,18,6,250,2026-02-27
763485,occupancy,24,18,6,250,2026-02-27
763485,speed,27,10,5,230,2026-02-27
763490,flow,1318,172,0,80,2026-01-01
763490,speed,1283,70,0,70,2026-01-01
763498,flow,1421,382,70,215,2026-01-01
763498,speed,1252,140,0,85,2026-01-01
763502,flow,1318,172,0,80,2026-01-01
763502,speed,1283,70,0,70,2026-01-01
763507,flow,1318,172,0,80,2026-01-01
763507,speed,1283,70,0,70,2026-01-01
763512,flow,1318,172,0,80,2026-01-01
763512,speed,1283,70,0,70,2026-01-01
763517,flow,1318,172,0,80,2026-01-01
763517,speed,1283,70,0,70,2026-01-01
763522,flow,1318,172,0,80,2026-01-01
763522,speed,1283,70,0,70,2026-01-01
763527,flow,1318,172,0,80,2026-01-01
763527,speed,1283,70,0,70,2026-01-01
763532,flow,35,0,0,30,2026-01-02
763532,speed,242,0,0,45,2026-01-01
763539,flow,35,0,0,30,2026-01-02
763539,speed,242,0,0,45,2026-01-01
763553,flow,35,0,0,30,2026-01-02
763553,speed,242,0,0,45,2026-01-01
763558,flow,2,1,1,120,2026-08-30
763558,occupancy,2,1,1,120,2026-08-30
763558,speed,2,0,0,45,2026-08-30
763568,flow,57,18,3,215,2026-02-01
763568,occupancy,18,11,1,170,2026-02-27
763568,speed,32,8,0,95,2026-02-27
763578,flow,5,2,0,85,2026-03-29
763578,occupancy,5,2,0,85,2026-03-29
763578,speed,3,2,1,130,2026-03-29
763583,flow,11,7,2,140,2026-03-28
763583,occupancy,12,5,1,140,2026-03-28
763583,speed,13,7,1,140,2026-03-28
763590,flow,1318,172,0,80,2026-01-01
763590,speed,1283,70,0,70,2026-01-01
763616,flow,90,11,0,80,2026-01-01
763616,speed,89,5,0,70,2026-01-01
763621,flow,35,0,0,30,2026-01-02
763621,speed,242,0,0,45,2026-01-01
763626,flow,35,1,1,1325,2026-01-02
763626,occupancy,1,1,1,1325,2026-07-05
763626,speed,240,4,3,720,2026-01-01
763641,flow,97,85,67,1440,2026-01-04
763641,occupancy,96,85,67,1440,2026-01-04
763641,speed,401,108,60,1380,2026-01-01
763663,flow,103,1,1,1325,2026-01-03
763663,occupancy,1,1,1,1325,2026-07-05
763663,speed,275,2,1,1255,2026-01-01
763669,flow,2,2,1,120,2026-06-12
763669,occupancy,2,2,1,120,2026-06-12
763669,speed,17,2,0,65,2026-05-26
763689,speed,244,0,0,45,2026-01-01
763695,flow,19,11,1,250,2026-02-01
763695,occupancy,15,11,1,250,2026-02-27
763695,speed,16,5,1,220,2026-02-27
763700,flow,833,103,0,80,2026-01-01
763700,speed,835,0,0,50,2026-01-01
763712,flow,1421,382,70,215,2026-01-01
763712,speed,1252,140,0,85,2026-01-01
763720,flow,1318,172,0,80,2026-01-01
763720,speed,1283,70,0,70,2026-01-01
763731,flow,14,11,4,610,2026-02-27
763731,occupancy,15,12,3,610,2026-02-27
763731,speed,19,8,3,365,2026-02-19
763963,flow,35,0,0,30,2026-01-02
763963,speed,242,0,0,45,2026-01-01
763970,flow,1318,172,0,80,2026-01-01
763970,speed,1283,70,0,70,2026-01-01
763975,flow,35,0,0,30,2026-01-02
763975,speed,242,0,0,45,2026-01-01
763980,flow,35,0,0,30,2026-01-04
763985,flow,35,0,0,30,2026-01-02
763985,speed,242,0,0,45,2026-01-01
763995,speed,244,0,0,45,2026-01-01
764001,flow,9,8,3,245,2026-08-21
764001,occupancy,9,8,3,245,2026-08-21
764001,speed,9,2,0,100,2026-08-28
764021,flow,42,9,1,120,2026-02-10
764021,occupancy,17,9,1,120,2026-02-10
764021,speed,197,10,1,120,2026-02-10
764026,speed,35,0,0,35,2026-01-05
764050,flow,1421,382,70,215,2026-01-01
764050,speed,1252,140,0,85,2026-01-01
764054,flow,35,0,0,30,2026-01-02
764054,speed,242,0,0,45,2026-01-01
764059,flow,1318,172,0,80,2026-01-01
764059,speed,1283,70,0,70,2026-01-01
764064,flow,1003,271,50,1230,2026-03-13
764064,occupancy,1,1,1,1230,2026-03-13
764064,speed,892,102,2,690,2026-03-13
764068,flow,1011,272,50,215,2026-03-13
764068,speed,890,99,0,85,2026-03-13
764072,flow,1002,271,50,1230,2026-03-13
764072,occupancy,1,1,1,1230,2026-03-13
764072,speed,890,104,3,715,2026-03-13
764076,flow,1002,271,50,1230,2026-03-13
764076,occupancy,1,1,1,1230,2026-03-13
764076,speed,891,104,2,705,2026-03-13
764081,flow,1023,275,51,1230,2026-02-13
764081,occupancy,1,1,1,1230,2026-02-13
764081,speed,897,101,1,1230,2026-02-13
764085,flow,931,122,1,1230,2026-03-13
764085,occupancy,1,1,1,1230,2026-03-13
764085,speed,915,57,2,520,2026-03-13
764089,flow,2045,382,69,215,2026-01-01
764089,speed,834,139,0,115,2026-01-01
764101,flow,1318,172,0,80,2026-01-01
764101,speed,1283,70,0,70,2026-01-01
764106,flow,35,0,0,30,2026-01-02
764106,speed,242,0,0,45,2026-01-01
764130,speed,244,0,0,45,2026-01-01
764137,flow,35,0,0,35,2026-01-01
764137,speed,35,0,0,30,2026-01-05
764146,flow,44,6,2,190,2026-02-26
764146,occupancy,15,6,2,190,2026-02-26
764146,speed,7,2,1,155,2026-02-27
764151,flow,35,0,0,30,2026-01-02
764151,speed,242,0,0,45,2026-01-01
764156,flow,1318,172,0,80,2026-01-01
764156,speed,1283,70,0,70,2026-01-01
764161,flow,1046,138,2,1230,2026-01-14
764161,occupancy,2,2,2,1230,2026-01-14
764161,speed,1028,63,2,760,2026-01-11
764165,flow,1046,138,2,1230,2026-01-14
764165,occupancy,2,2,2,1230,2026-01-14
764165,speed,1031,66,3,350,2026-01-14
764169,flow,1082,142,1,1230,2026-02-13
764169,occupancy,1,1,1,1230,2026-02-13
764169,speed,1059,62,2,700,2026-02-13
764173,flow,1082,142,1,1230,2026-02-13
764173,occupancy,1,1,1,1230,2026-02-13
764173,speed,1057,62,2,720,2026-02-13
764177,flow,931,122,1,1230,2026-03-13
764177,occupancy,1,1,1,1230,2026-03-13
764177,speed,907,51,1,1230,2026-03-13
764181,flow,931,122,1,1230,2026-03-13
764181,occupancy,1,1,1,1230,2026-03-13
764181,speed,913,52,2,695,2026-03-13
764185,flow,931,122,1,1230,2026-03-13
764185,occupancy,1,1,1,1230,2026-03-13
764185,speed,911,53,2,875,2026-03-01
764189,flow,939,124,2,160,2026-03-13
764189,speed,917,50,0,70,2026-03-13
764193,flow,1182,320,59,1230,2026-02-01
764193,occupancy,2,2,2,1230,2026-02-03
764193,speed,1051,118,2,1230,2026-01-01
764197,flow,1181,320,59,1230,2026-02-01
764197,occupancy,2,2,2,1230,2026-02-03
764197,speed,1050,123,2,695,2026-02-03
764201,speed,6,1,1,120,2026-01-03
764206,flow,34,0,0,30,2026-01-02
764206,speed,245,6,1,120,2026-01-03
764217,flow,16,11,1,255,2026-02-26
764217,occupancy,15,11,1,250,2026-02-27
764217,speed,19,8,1,215,2026-02-27
764232,speed,244,0,0,45,2026-01-01
764244,flow,70,0,0,35,2026-01-01
764262,flow,46,21,3,255,2026-02-01
764262,occupancy,15,11,2,255,2026-02-26
764262,speed,37,8,2,220,2026-02-26
764269,flow,50,19,3,1375,2026-01-01
764269,occupancy,15,8,2,1375,2026-01-01
764269,speed,52,12,3,225,2026-01-01
764276,flow,10,2,1,120,2026-01-01
764276,speed,7,1,0,75,2026-01-01
764283,flow,769,269,97,1210,2026-01-03
764283,occupancy,119,103,70,1210,2026-01-03
764283,speed,884,202,59,840,2026-01-03
764290,flow,409,136,25,1440,2026-01-20
764290,occupancy,42,36,6,1440,2026-01-20
764290,speed,406,61,6,535,2026-01-20
764297,flow,3,3,3,1375,2026-01-25
764297,occupancy,3,3,3,1375,2026-01-25
764297,speed,38,11,3,355,2026-01-25
764304,flow,9,5,4,1375,2026-01-28
764304,occupancy,7,4,3,1375,2026-01-15
764304,speed,26,14,4,360,2026-01-29
764311,flow,38,31,5,185,2026-07-19
764311,occupancy,38,31,5,185,2026-07-19
764311,speed,27,5,1,155,2026-07-06
764318,flow,319,123,24,1440,2026-01-01
764318,occupancy,61,54,10,1440,2026-01-01
764318,speed,323,60,15,825,2026-01-01
764322,flow,162,71,17,935,2026-01-05
764322,occupancy,49,30,3,850,2026-01-05
764322,speed,150,31,4,260,2026-01-02
764417,flow,35,0,0,30,2026-01-02
764417,speed,242,0,0,45,2026-01-01
764418,flow,1318,172,0,80,2026-01-01
764418,speed,1283,70,0,70,2026-01-01
764420,flow,1421,382,70,215,2026-01-01
764420,speed,1252,140,0,85,2026-01-01
764425,flow,1422,382,70,215,2026-01-01
764425,speed,1252,140,0,85,2026-01-01
764430,speed,277,0,0,45,2026-01-01
764435,flow,29,9,2,185,2026-01-02
764435,occupancy,9,9,2,185,2026-05-17
764435,speed,150,2,1,165,2026-01-01
764572,flow,29,15,5,1405,2026-01-01
764572,occupancy,22,15,5,1405,2026-01-01
764572,speed,43,18,9,765,2026-01-01
764590,flow,105,0,0,35,2026-01-03
764590,speed,277,0,0,45,2026-01-01
764598,flow,29,17,7,1405,2026-01-14
764598,occupancy,24,19,7,1405,2026-01-14
764598,speed,49,21,5,705,2026-01-14
764604,flow,35,0,0,30,2026-01-02
764604,speed,242,0,0,45,2026-01-01
764622,flow,95,24,11,1375,2026-01-01
764622,occupancy,16,15,11,1375,2026-01-01
764622,speed,178,50,26,1375,2026-01-01
764627,flow,1318,172,0,80,2026-01-01
764627,speed,1283,70,0,70,2026-01-01
764632,flow,35,0,0,30,2026-01-02
764632,speed,242,0,0,45,2026-01-01
764637,flow,1318,172,0,80,2026-01-01
764637,speed,1283,70,0,70,2026-01-01
764646,flow,35,0,0,30,2026-01-02
764646,speed,242,0,0,45,2026-01-01
764754,flow,70,0,0,30,2026-01-01
764766,flow,105,0,0,35,2026-01-03
764766,speed,277,0,0,45,2026-01-01
764781,flow,6,1,0,65,2026-04-05
764781,occupancy,2,1,0,65,2026-04-05
764781,speed,8,0,0,55,2026-04-05
764794,flow,35,0,0,30,2026-01-04
764798,flow,36,7,1,120,2026-05-26
764798,occupancy,1,1,0,60,2026-07-04
764798,speed,13,2,0,90,2026-05-05
764803,flow,37,9,1,120,2026-05-26
764803,occupancy,2,2,0,60,2026-06-20
764803,speed,19,3,0,90,2026-05-01
764808,flow,1,0,0,45,2026-01-07
764808,occupancy,1,0,0,50,2026-01-07
764814,speed,3,2,2,175,2026-01-23
764824,flow,14,10,1,225,2026-02-27
764824,occupancy,14,9,1,225,2026-02-27
764824,speed,14,7,2,230,2026-02-27
764829,flow,59,22,7,845,2026-01-08
764829,occupancy,33,17,3,980,2026-01-07
764829,speed,73,20,8,370,2026-01-08
764834,flow,38,12,3,470,2026-02-01
764834,occupancy,1,1,1,470,2026-02-26
764834,speed,38,6,2,195,2026-02-26
764839,flow,9,5,3,155,2026-01-24
764839,speed,2,0,0,35,2026-01-24
764853,flow,17,16,9,1375,2026-04-06
764853,occupancy,17,16,9,1375,2026-04-06
764853,speed,57,16,11,1370,2026-01-05
764863,flow,21,10,5,1035,2026-01-10
764863,occupancy,8,6,5,1035,2026-01-10
764863,speed,35,12,3,700,2026-01-10
764868,flow,87,24,2,1440,2026-02-01
764868,occupancy,25,15,3,1435,2026-02-26
764868,speed,349,21,6,1080,2026-01-01
764874,flow,1421,382,70,215,2026-01-01
764874,speed,1252,140,0,85,2026-01-01
764879,flow,321,112,33,1440,2026-01-01
764879,occupancy,33,28,18,1440,2026-01-24
764879,speed,402,78,24,1310,2026-01-01
764885,flow,1318,172,0,80,2026-01-01
764885,speed,1283,70,0,70,2026-01-01
764891,flow,1318,172,0,80,2026-01-01
764891,speed,1283,70,0,70,2026-01-01
764900,flow,1421,382,70,215,2026-01-01
764900,speed,1252,140,0,85,2026-01-01
764905,flow,1422,382,70,215,2026-01-01
764905,speed,1252,140,0,85,2026-01-01
764910,flow,136,46,7,215,2026-01-01
764910,occupancy,18,13,2,130,2026-02-26
764910,speed,116,16,1,120,2026-01-01
764921,flow,55,23,3,535,2026-01-14
764921,occupancy,23,12,2,535,2026-01-14
764921,speed,49,10,2,175,2026-01-14
764927,flow,35,0,0,30,2026-01-02
764927,speed,242,0,0,45,2026-01-01
764932,flow,102,35,7,1435,2026-03-27
764932,occupancy,15,11,2,1435,2026-03-27
764932,speed,106,16,2,580,2026-03-27
764937,flow,1422,382,70,215,2026-01-01
764937,speed,1252,140,0,85,2026-01-01
764941,flow,1421,382,70,215,2026-01-01
764941,speed,1252,140,0,85,2026-01-01
764958,flow,1318,172,0,80,2026-01-01
764958,speed,1283,70,0,70,2026-01-01
764963,flow,1318,172,0,80,2026-01-01
764963,speed,1283,70,0,70,2026-01-01
765098,flow,23,7,6,1310,2026-01-12
765098,occupancy,8,7,6,1305,2026-01-12
765098,speed,140,12,7,705,2026-01-12
765099,flow,70,0,0,35,2026-01-02
765099,speed,1,0,0,30,2026-03-08
765100,flow,35,0,0,30,2026-01-02
765100,speed,242,0,0,45,2026-01-01
765101,flow,1318,172,0,80,2026-01-01
765101,speed,1283,70,0,70,2026-01-01
765106,flow,1422,382,70,215,2026-01-01
765106,speed,1252,140,0,85,2026-01-01
765150,flow,3,2,2,735,2026-01-12
765150,occupancy,3,2,2,735,2026-01-12
765150,speed,12,6,2,125,2026-01-12
765153,flow,9,7,6,1175,2026-01-22
765153,occupancy,10,7,7,1155,2026-01-22
765153,speed,25,11,4,460,2026-01-22
765164,flow,35,0,0,30,2026-01-02
765164,speed,242,0,0,45,2026-01-01
765171,speed,35,0,0,30,2026-01-03
765265,speed,35,0,0,30,2026-01-03
765273,speed,35,0,0,30,2026-01-03
765444,flow,35,0,0,30,2026-01-02
765444,speed,242,0,0,45,2026-01-01
765451,flow,38,11,10,1375,2026-01-02
765451,occupancy,11,11,10,1375,2026-01-02
765451,speed,253,20,11,1315,2026-01-02
765456,flow,2,2,2,1375,2026-01-19
765456,occupancy,2,2,2,1375,2026-01-19
765456,speed,10,5,5,870,2026-01-19
765461,flow,13,10,8,1235,2026-01-22
765461,occupancy,13,10,8,1235,2026-01-22
765461,speed,22,14,8,1195,2026-01-22
765467,flow,11,9,6,1440,2026-02-26
765467,occupancy,11,9,6,1440,2026-02-26
765467,speed,20,13,7,935,2026-02-26
765472,flow,776,104,4,840,2026-01-05
765472,occupancy,8,6,4,840,2026-01-05
765472,speed,776,48,2,635,2026-01-05
765476,speed,244,0,0,45,2026-01-01
765477,flow,6,1,1,825,2026-06-18
765477,occupancy,1,1,1,825,2026-06-18
765477,speed,31,2,2,625,2026-03-04
765486,flow,43,17,12,1145,2026-02-01
765486,occupancy,75,41,30,1110,2026-01-15
765486,speed,239,65,21,870,2026-01-07
765501,flow,821,109,0,80,2026-01-01
765501,occupancy,4,0,0,55,2026-06-10
765501,speed,789,42,0,70,2026-01-01
765506,flow,35,0,0,30,2026-01-02
765506,speed,242,0,0,45,2026-01-01
765591,flow,107,26,13,1395,2026-01-02
765591,occupancy,93,26,13,1395,2026-01-02
765591,speed,257,32,16,1395,2026-01-01
765920,flow,931,122,1,1230,2026-03-13
765920,occupancy,1,1,1,1230,2026-03-13
765920,speed,909,52,1,1135,2026-03-13
765922,flow,931,122,1,1230,2026-03-13
765922,occupancy,1,1,1,1230,2026-03-13
765922,speed,909,51,1,1230,2026-02-16
765941,flow,1110,144,1,1230,2026-01-01
765941,occupancy,1,1,1,1230,2026-02-13
765941,speed,1083,64,2,765,2026-01-01
765943,flow,1132,152,5,1375,2026-01-01
765943,occupancy,10,9,5,1375,2026-01-15
765943,speed,1118,77,9,885,2026-01-01
765958,flow,25,1,1,1230,2026-03-13
765958,occupancy,1,1,1,1230,2026-03-13
765958,speed,174,4,2,905,2026-03-13
765960,flow,76,1,1,1230,2026-03-13
765960,occupancy,1,1,1,1230,2026-03-13
765960,speed,200,4,3,760,2026-03-13
765976,flow,2045,382,69,215,2026-01-01
765976,speed,834,139,0,115,2026-01-01
765978,flow,2045,382,69,215,2026-01-01
765978,speed,834,139,0,115,2026-01-01
765993,flow,77,0,0,35,2026-03-13
765993,speed,199,0,0,45,2026-03-13
765995,flow,76,1,1,1230,2026-03-13
765995,occupancy,1,1,1,1230,2026-03-13
765995,speed,201,4,2,760,2026-03-13
766010,flow,96,5,4,1375,2026-01-01
766010,occupancy,4,4,3,1375,2026-01-01
766010,speed,257,7,3,765,2026-01-01
766012,flow,40,8,8,1380,2026-01-22
766012,occupancy,8,8,8,1375,2026-01-22
766012,speed,236,22,17,1375,2026-01-22
766027,flow,92,17,17,1380,2026-01-02
766027,occupancy,18,18,17,1375,2026-01-02
766027,speed,264,42,24,1365,2026-01-02
766029,flow,45,17,16,1380,2026-01-02
766029,occupancy,17,17,17,1375,2026-01-02
766029,speed,256,49,29,1350,2026-01-02
766044,flow,110,12,10,1375,2026-01-01
766044,occupancy,10,8,8,1375,2026-01-20
766044,speed,269,17,13,1375,2026-01-01
766046,flow,43,10,10,1375,2026-01-01
766046,occupancy,14,11,10,1380,2026-01-01
766046,speed,255,29,22,1375,2026-01-01
766060,flow,35,0,0,30,2026-01-02
766060,speed,242,0,0,45,2026-01-01
766062,flow,1318,172,0,80,2026-01-01
766062,speed,1283,70,0,70,2026-01-01
766096,flow,35,0,0,30,2026-01-02
766096,speed,242,0,0,45,2026-01-01
766110,flow,1318,172,0,80,2026-01-01
766110,speed,1283,70,0,70,2026-01-01
766112,flow,2045,382,69,215,2026-01-01
766112,speed,834,139,0,115,2026-01-01
766124,flow,1318,172,0,80,2026-01-01
766124,speed,1283,70,0,70,2026-01-01
766138,flow,35,0,0,35,2026-01-01
766138,speed,35,0,0,30,2026-01-05
766153,flow,1318,172,0,80,2026-01-01
766153,speed,1283,70,0,70,2026-01-01
766167,flow,2045,382,69,215,2026-01-01
766167,speed,834,139,0,115,2026-01-01
766170,flow,35,0,0,35,2026-01-01
766170,speed,35,0,0,30,2026-01-05
766184,flow,1318,172,0,80,2026-01-01
766184,speed,1283,70,0,70,2026-01-01
766185,flow,1421,382,70,215,2026-01-01
766185,speed,1252,140,0,85,2026-01-01
766209,flow,52,1,1,505,2026-02-01
766209,occupancy,2,1,1,505,2026-02-26
766209,speed,126,2,2,300,2026-02-26
766211,flow,1422,382,70,215,2026-01-01
766211,speed,1252,140,0,85,2026-01-01
766336,flow,35,1,1,1325,2026-01-03
766336,occupancy,1,1,1,1325,2026-07-05
766336,speed,2,1,1,1250,2026-07-05
766337,speed,244,0,0,45,2026-01-01
766493,flow,103,45,28,1440,2026-01-07
766493,occupancy,47,45,28,1440,2026-01-07
766493,speed,261,40,28,1335,2026-01-07
766505,flow,108,42,18,1440,2026-01-14
766505,occupancy,42,42,18,1440,2026-01-14
766505,speed,267,33,12,1305,2026-01-14
766555,flow,7,5,3,475,2026-02-26
766555,occupancy,6,5,3,475,2026-02-26
766555,speed,9,5,2,265,2026-02-26
766569,flow,82,27,7,1375,2026-01-02
766569,occupancy,41,19,9,1375,2026-01-05
766569,speed,78,22,7,885,2026-01-02
766571,flow,55,13,2,300,2026-01-05
766571,occupancy,22,13,3,540,2026-01-18
766571,speed,57,8,3,240,2026-01-18
766585,flow,4,0,0,40,2026-05-24
766585,occupancy,5,0,0,40,2026-05-24
766585,speed,1,0,0,40,2026-05-24
766587,flow,9,7,5,1375,2026-01-28
766587,occupancy,10,7,5,1375,2026-01-28
766587,speed,20,9,4,1375,2026-01-28
766602,flow,9,9,9,1375,2026-01-07
766602,occupancy,9,9,9,1375,2026-01-07
766602,speed,107,40,19,1250,2026-01-07
766622,flow,41,16,4,1100,2026-05-15
766622,occupancy,27,14,5,930,2026-05-15
766622,speed,48,7,3,210,2026-03-16
766642,flow,2,2,2,1020,2026-01-22
766642,occupancy,10,5,1,135,2026-01-22
766642,speed,16,2,0,105,2026-01-22
766644,flow,59,14,4,910,2026-01-04
766644,occupancy,25,6,3,1090,2026-01-04
766644,speed,40,3,1,205,2026-02-27
766661,flow,7,7,7,1375,2026-01-02
766661,occupancy,7,7,7,1375,2026-01-02
766661,speed,47,20,9,885,2026-01-01
766673,flow,833,103,0,80,2026-01-01
766673,speed,835,0,0,50,2026-01-01
766685,flow,833,103,0,80,2026-01-01
766685,speed,835,0,0,50,2026-01-01
766703,flow,7,2,2,1440,2026-01-13
766703,occupancy,2,2,2,1440,2026-01-13
766703,speed,40,13,5,1375,2026-01-13
766712,flow,36,14,3,1375,2026-01-02
766712,occupancy,6,6,2,1375,2026-01-02
766712,speed,38,10,2,1380,2026-01-02
766730,flow,479,96,25,1380,2026-01-01
766730,occupancy,44,41,25,1375,2026-01-24
766730,speed,562,68,29,1375,2026-01-01
766740,flow,95,36,6,215,2026-01-09
766740,occupancy,20,14,2,190,2026-01-09
766740,speed,80,14,1,160,2026-01-09
766749,flow,652,91,3,725,2026-01-01
766749,occupancy,15,11,3,725,2026-01-18
766749,speed,672,11,4,290,2026-01-01
766758,flow,958,260,55,725,2026-01-01
766758,occupancy,16,12,4,725,2026-01-18
766758,speed,858,115,7,430,2026-01-01
766788,flow,2,2,2,1375,2026-01-18
766788,occupancy,2,2,2,1375,2026-01-18
766788,speed,13,7,4,865,2026-01-18
766806,flow,35,0,0,35,2026-01-01
766806,speed,35,0,0,30,2026-01-05
766843,flow,1,0,0,55,2026-08-31
766843,occupancy,2,0,0,55,2026-08-30
766851,flow,24,22,15,580,2026-01-11
766851,occupancy,23,22,15,580,2026-01-11
766851,speed,36,15,8,375,2026-01-11
766875,flow,278,278,278,820,2026-01-01
766875,speed,277,0,0,45,2026-01-01
766937,flow,35,0,0,30,2026-01-02
766937,speed,242,0,0,45,2026-01-01
766988,flow,1318,172,0,80,2026-01-01
766988,speed,1283,70,0,70,2026-01-01
767053,speed,35,0,0,30,2026-01-03
767166,flow,833,103,0,80,2026-01-01
767166,speed,835,0,0,50,2026-01-01
767233,speed,244,0,0,45,2026-01-01
767329,flow,47,19,1,230,2026-02-01
767329,occupancy,18,14,1,230,2026-02-27
767329,speed,46,9,0,80,2026-02-27
767350,speed,35,0,0,30,2026-01-03
767351,flow,35,0,0,30,2026-01-02
767351,speed,242,0,0,45,2026-01-01
767366,flow,35,0,0,30,2026-01-02
767366,speed,242,0,0,45,2026-01-01
767367,flow,35,0,0,30,2026-01-02
767367,speed,242,0,0,45,2026-01-01
767454,flow,545,85,7,1380,2026-02-01
767454,occupancy,22,16,7,1375,2026-02-13
767454,speed,545,47,9,1375,2026-02-13
767455,flow,1318,172,0,80,2026-01-01
767455,speed,1283,70,0,70,2026-01-01
767470,flow,587,132,35,205,2026-03-01
767470,occupancy,1,0,0,30,2026-03-08
767470,speed,344,54,0,110,2026-03-08
767471,flow,30,18,7,1375,2026-02-13
767471,occupancy,19,15,5,1375,2026-02-13
767471,speed,48,15,2,1390,2026-02-13
767494,flow,1421,382,70,215,2026-01-01
767494,speed,1252,140,0,85,2026-01-01
767495,flow,1421,382,70,215,2026-01-01
767495,speed,1252,140,0,85,2026-01-01
767509,flow,1318,172,0,80,2026-01-01
767509,speed,1283,70,0,70,2026-01-01
767523,flow,118,36,15,1375,2026-01-02
767523,occupancy,29,24,15,1380,2026-01-02
767523,speed,157,41,17,1360,2026-01-02
767572,flow,168,48,17,1375,2026-01-08
767572,occupancy,28,23,14,1375,2026-01-08
767572,speed,115,50,24,1375,2026-01-08
767573,flow,544,85,8,1375,2026-02-01
767573,occupancy,21,15,8,1375,2026-02-13
767573,speed,535,42,6,1375,2026-02-13
767585,flow,929,179,37,1375,2026-01-01
767585,occupancy,7,7,6,1380,2026-01-01
767585,speed,401,83,12,1375,2026-01-01
767597,flow,1786,338,66,1375,2026-01-01
767597,occupancy,7,7,7,1375,2026-01-01
767597,speed,758,148,16,1375,2026-01-01
767598,flow,545,87,7,1375,2026-02-01
767598,occupancy,21,17,7,1375,2026-02-13
767598,speed,549,52,9,295,2026-02-13
767609,flow,1529,292,56,1375,2026-02-14
767609,occupancy,7,6,6,1375,2026-02-14
767609,speed,654,133,18,780,2026-02-21
767610,flow,991,135,6,1375,2026-02-14
767610,occupancy,7,6,6,1375,2026-02-14
767610,speed,977,64,9,1315,2026-02-21
767620,flow,1318,172,0,80,2026-01-01
767620,speed,1283,70,0,70,2026-01-01
767621,flow,545,85,7,1375,2026-02-01
767621,occupancy,22,15,7,1375,2026-02-13
767621,speed,542,44,6,1375,2026-02-13
767678,flow,52,6,0,80,2026-01-01
767678,speed,52,3,0,70,2026-01-01
767722,flow,105,0,0,35,2026-01-03
767722,speed,277,0,0,45,2026-01-01
767723,flow,35,0,0,30,2026-01-02
767723,speed,242,0,0,45,2026-01-01
767750,flow,345,177,21,1375,2026-01-02
767750,occupancy,121,114,13,1375,2026-01-02
767750,speed,334,59,14,1375,2026-01-02
767751,flow,388,191,26,1405,2026-01-02
767751,occupancy,163,130,17,1405,2026-01-02
767751,speed,358,79,18,1405,2026-01-02
767760,flow,3,1,0,60,2026-01-29
767760,occupancy,7,1,0,110,2026-01-25
767760,speed,3,1,1,135,2026-01-31
767767,flow,254,132,13,1375,2026-01-02
767767,occupancy,121,114,13,1375,2026-01-02
767767,speed,261,41,19,1375,2026-01-02
767768,flow,391,191,26,1405,2026-01-02
767768,occupancy,163,129,17,1405,2026-01-02
767768,speed,362,81,20,1405,2026-01-02
767790,flow,766,207,39,440,2026-04-22
767790,occupancy,1,1,1,440,2026-04-22
767790,speed,682,77,0,105,2026-04-22
767791,flow,423,56,5,730,2026-04-22
767791,occupancy,7,6,5,730,2026-04-22
767791,speed,439,5,4,600,2026-04-22
767801,flow,202,66,11,1435,2026-01-01
767801,occupancy,19,15,3,1435,2026-02-02
767801,speed,172,25,2,1435,2026-01-01
767812,flow,35,0,0,30,2026-01-02
767812,speed,242,0,0,45,2026-01-01
767827,flow,1318,172,0,80,2026-01-01
767827,speed,1283,70,0,70,2026-01-01
767838,speed,244,0,0,45,2026-01-01
767883,flow,1075,288,53,215,2026-01-01
767883,speed,943,105,0,85,2026-01-01
767896,flow,1076,288,53,215,2026-01-01
767896,speed,943,105,0,85,2026-01-01
767898,flow,1075,288,53,215,2026-01-01
767898,speed,943,105,0,85,2026-01-01
767910,flow,1076,288,53,215,2026-01-01
767910,speed,943,105,0,85,2026-01-01
767925,flow,1076,288,53,215,2026-01-01
767925,speed,943,105,0,85,2026-01-01
767940,flow,996,131,0,80,2026-01-01
767940,speed,969,52,0,70,2026-01-01
767942,flow,996,131,0,80,2026-01-01
767942,speed,969,52,0,70,2026-01-01
767955,flow,1076,288,53,215,2026-01-01
767955,speed,943,105,0,85,2026-01-01
767970,flow,996,131,0,80,2026-01-01
767970,speed,969,52,0,70,2026-01-01
767984,flow,1010,133,0,80,2026-01-01
767984,occupancy,1,1,0,60,2026-07-31
767984,speed,981,53,0,70,2026-01-01
767986,flow,1091,294,53,215,2026-01-01
767986,occupancy,2,2,0,60,2026-07-31
767986,speed,958,107,0,85,2026-01-01
767998,flow,1318,172,0,80,2026-01-01
767998,speed,1283,70,0,70,2026-01-01
768000,flow,1422,382,70,215,2026-01-01
768000,speed,1252,140,0,85,2026-01-01
768012,flow,1318,172,0,80,2026-01-01
768012,speed,1283,70,0,70,2026-01-01
768014,flow,1422,382,70,215,2026-01-01
768014,speed,1252,140,0,85,2026-01-01
768026,flow,1011,134,0,80,2026-01-01
768026,occupancy,2,2,0,60,2026-07-31
768026,speed,981,53,0,70,2026-01-01
768028,flow,1090,294,53,215,2026-01-01
768028,occupancy,2,2,0,60,2026-07-31
768028,speed,956,107,0,85,2026-01-01
768041,flow,996,131,0,80,2026-01-01
768041,speed,969,52,0,70,2026-01-01
768055,flow,1075,288,53,215,2026-01-01
768055,speed,943,105,0,85,2026-01-01
768066,flow,35,0,0,35,2026-01-02
768066,speed,104,0,0,40,2026-01-04
768173,flow,126,39,13,1380,2026-01-08
768173,occupancy,29,25,13,1375,2026-01-08
768173,speed,211,69,37,1065,2026-01-08
768174,flow,17,14,2,240,2026-02-27
768174,occupancy,17,14,2,240,2026-02-27
768174,speed,22,8,1,210,2026-02-27
768202,flow,601,88,6,1380,2026-01-01
768202,occupancy,7,7,6,1375,2026-01-01
768202,speed,608,50,13,1375,2026-01-01
768222,flow,39,10,6,1440,2026-01-19
768222,occupancy,11,10,6,1440,2026-01-19
768222,speed,28,15,10,1440,2026-01-19
768223,flow,11,7,5,1440,2026-01-19
768223,occupancy,11,8,7,1440,2026-01-19
768223,speed,34,8,5,910,2026-01-19
768230,flow,734,95,7,1375,2026-01-01
768230,occupancy,7,7,7,1375,2026-01-01
768230,speed,1695,506,169,1375,2026-01-01
768238,flow,733,95,7,1375,2026-01-01
768238,occupancy,7,7,7,1375,2026-01-01
768238,speed,779,29,18,1375,2026-01-01
768253,flow,1318,172,0,80,2026-01-01
768253,speed,1283,70,0,70,2026-01-01
768265,flow,35,0,0,30,2026-01-02
768265,speed,242,0,0,45,2026-01-01
768283,flow,1229,539,99,840,2026-01-01
768283,occupancy,343,304,51,840,2026-01-01
768283,speed,1102,179,24,820,2026-01-01
768297,flow,438,105,21,215,2026-01-02
768297,occupancy,23,4,0,70,2026-01-02
768297,speed,359,52,1,190,2026-01-02
768328,flow,3,3,3,1375,2026-01-04
768328,occupancy,3,3,3,1375,2026-01-04
768328,speed,10,5,3,1305,2026-01-04
768339,flow,4,4,1,1375,2026-01-07
768339,occupancy,7,5,1,1375,2026-01-03
768339,speed,10,5,2,750,2026-01-03
768349,flow,1,1,1,1375,2026-01-04
768349,occupancy,1,1,1,1375,2026-01-04
768349,speed,16,3,1,710,2026-01-04
768469,flow,105,0,0,35,2026-01-03
768469,speed,277,0,0,45,2026-01-01
768477,speed,244,0,0,45,2026-01-01
768523,flow,35,0,0,30,2026-01-04
768598,flow,105,0,0,35,2026-01-03
768598,speed,277,0,0,45,2026-01-01
768626,flow,1318,172,0,80,2026-01-01
768626,speed,1283,70,0,70,2026-01-01
768655,flow,1318,172,0,80,2026-01-01
768655,speed,1283,70,0,70,2026-01-01
768664,flow,2327,451,137,130,2026-01-01
768664,speed,1318,244,34,130,2026-01-01
768682,flow,35,0,0,35,2026-01-01
768682,speed,35,0,0,30,2026-01-05
768701,flow,525,136,66,1440,2026-01-01
768701,occupancy,95,84,66,1440,2026-01-04
768701,speed,636,123,67,890,2026-01-01
768898,flow,120,44,23,1440,2026-02-26
768898,occupancy,120,44,24,1440,2026-02-26
768898,speed,112,41,12,310,2026-02-26
768907,flow,126,26,10,535,2026-04-06
768907,occupancy,107,27,10,535,2026-04-06
768907,speed,145,25,12,230,2026-04-08
768969,flow,35,0,0,30,2026-01-02
768969,speed,242,0,0,45,2026-01-01
768978,flow,105,0,0,35,2026-01-03
768978,speed,277,0,0,45,2026-01-01
768984,flow,5,4,3,1405,2026-01-13
768984,occupancy,5,4,3,1405,2026-01-13
768984,speed,17,7,4,1360,2026-01-13
769029,flow,2035,381,70,1440,2026-01-01
769029,occupancy,2,2,2,1440,2026-06-03
769029,speed,834,141,2,1440,2026-01-01
769030,flow,2035,381,70,1440,2026-01-01
769030,occupancy,2,2,2,1440,2026-06-03
769030,speed,834,141,2,1440,2026-01-01
769068,flow,35,0,0,30,2026-01-02
769068,speed,242,0,0,45,2026-01-01
769090,flow,1318,172,0,80,2026-01-01
769090,speed,1283,70,0,70,2026-01-01
769091,flow,1318,172,0,80,2026-01-01
769091,speed,1283,70,0,70,2026-01-01
769105,speed,1,0,0,30,2026-03-08
769136,flow,1340,360,65,215,2026-01-01
769136,speed,1177,131,0,85,2026-01-01
769150,flow,1091,294,54,215,2026-01-01
769150,occupancy,2,2,1,120,2026-07-31
769150,speed,957,108,0,95,2026-01-01
769228,speed,70,0,0,35,2026-01-02
769279,flow,1421,382,70,215,2026-01-01
769279,speed,1252,140,0,85,2026-01-01
769292,flow,833,103,0,80,2026-01-01
769292,speed,835,0,0,50,2026-01-01
769294,flow,833,103,0,80,2026-01-01
769294,speed,835,0,0,50,2026-01-01
769372,flow,71,61,35,1135,2026-01-07
769372,occupancy,70,61,35,1135,2026-01-07
769372,speed,88,38,14,650,2026-01-07
769373,flow,120,68,35,1135,2026-01-07
769373,occupancy,73,62,35,1135,2026-01-07
769373,speed,124,43,16,645,2026-01-07
769388,flow,85,74,31,640,2026-02-26
769388,occupancy,84,74,31,640,2026-02-26
769388,speed,99,31,9,430,2026-02-27
769389,flow,83,74,31,640,2026-02-26
769389,occupancy,82,74,31,640,2026-02-26
769389,speed,91,28,9,430,2026-02-27
769402,flow,82,74,31,640,2026-02-26
769402,occupancy,82,74,31,640,2026-02-26
769402,speed,86,28,9,440,2026-02-27
769403,flow,86,74,31,640,2026-02-26
769403,occupancy,85,74,31,640,2026-02-26
769403,speed,99,32,9,430,2026-02-27
769430,flow,72,13,3,1395,2026-01-13
769430,occupancy,17,13,3,1395,2026-01-20
769430,speed,31,19,7,875,2026-01-03
769431,flow,69,11,4,1395,2026-01-09
769431,occupancy,15,11,4,1395,2026-01-20
769431,speed,18,11,2,875,2026-01-20
769443,flow,15,11,4,1395,2026-01-20
769443,occupancy,15,11,4,1395,2026-01-20
769443,speed,17,10,2,875,2026-01-20
769444,flow,19,13,3,1395,2026-01-13
769444,occupancy,17,13,3,1395,2026-01-20
769444,speed,43,14,4,875,2026-01-03
769454,flow,105,0,0,35,2026-01-03
769454,speed,277,0,0,45,2026-01-01
769467,flow,17,11,3,900,2026-02-26
769467,occupancy,16,11,3,900,2026-02-27
769467,speed,16,8,3,750,2026-02-27
769496,flow,70,0,0,35,2026-01-01
769513,flow,27,2,0,65,2026-01-03
769513,occupancy,2,2,0,60,2026-07-21
769513,speed,5,1,0,85,2026-06-30
769625,flow,31,28,4,1375,2026-01-13
769625,occupancy,31,28,4,1375,2026-01-13
769625,speed,71,10,4,890,2026-01-13
769701,flow,33,22,14,1440,2026-01-26
769701,occupancy,32,24,15,1440,2026-01-26
769701,speed,64,27,14,1440,2026-01-26
769702,flow,61,16,3,945,2026-01-01
769702,occupancy,16,8,3,945,2026-02-06
769702,speed,62,9,2,925,2026-01-22
769722,flow,3,3,0,115,2026-05-26
769722,speed,5,0,0,45,2026-04-15
769744,flow,532,78,4,970,2026-02-01
769744,occupancy,21,14,4,970,2026-02-27
769744,speed,530,38,5,705,2026-02-16
769758,flow,33,0,0,30,2026-01-02
769758,speed,230,0,0,45,2026-01-01
769788,flow,5,5,5,1375,2026-03-25
769788,occupancy,5,5,5,1375,2026-03-25
769788,speed,20,12,6,1380,2026-03-25
769806,flow,46,24,18,1380,2026-02-05
769806,occupancy,19,19,18,1380,2026-02-05
769806,speed,136,51,22,1380,2026-02-05
769807,flow,748,139,14,860,2026-02-05
769807,occupancy,23,8,1,860,2026-02-05
769807,speed,786,138,25,595,2026-02-05
769819,flow,683,95,9,1375,2026-01-18
769819,occupancy,11,9,9,1375,2026-01-18
769819,speed,710,59,16,1375,2026-01-18
769831,flow,690,94,6,1440,2026-01-17
769831,occupancy,12,9,6,1440,2026-01-17
769831,speed,694,50,9,1440,2026-01-17
769847,flow,1,0,0,35,2026-05-19
769847,occupancy,2,0,0,35,2026-03-25
769847,speed,1,0,0,30,2026-03-06
769866,flow,21,4,1,180,2026-06-18
769866,occupancy,4,3,1,180,2026-07-10
769866,speed,19,4,0,110,2026-06-07
769867,flow,13,10,2,905,2026-01-21
769867,occupancy,13,7,2,905,2026-01-21
769867,speed,11,2,2,905,2026-01-21
769880,flow,4,1,1,1375,2026-02-09
769880,occupancy,4,1,1,1375,2026-02-09
769880,speed,2,1,1,1375,2026-02-09
769895,flow,5,5,3,1375,2026-01-21
769895,occupancy,5,5,3,1375,2026-01-21
769895,speed,16,9,6,1140,2026-01-21
769911,occupancy,5,2,0,105,2026-01-08
769911,speed,1,0,0,30,2026-01-08
769926,flow,3,0,0,40,2026-02-23
769926,occupancy,3,0,0,40,2026-02-23
769941,flow,802,114,8,1380,2026-01-14
769941,occupancy,22,17,8,1375,2026-01-14
769941,speed,809,65,6,755,2026-01-14
769953,flow,598,77,0,85,2026-05-14
769953,speed,579,32,0,70,2026-05-14
769965,flow,1,1,0,60,2026-06-12
769965,occupancy,1,1,0,60,2026-06-12
769965,speed,1,0,0,30,2026-06-12
769983,flow,783,111,9,1375,2026-01-14
769983,occupancy,22,16,9,1375,2026-01-14
769983,speed,795,62,11,1255,2026-01-14
769984,flow,820,122,17,1380,2026-01-14
769984,occupancy,30,24,17,1375,2026-01-14
769984,speed,830,80,22,1380,2026-01-14
770000,flow,685,97,11,1375,2026-01-14
770000,occupancy,11,11,11,1375,2026-01-14
770000,speed,743,77,20,1250,2026-01-14
770012,flow,1421,382,70,215,2026-01-01
770012,speed,1252,140,0,85,2026-01-01
770024,flow,1422,382,70,215,2026-01-01
770024,speed,1252,140,0,85,2026-01-01
770036,flow,1422,382,70,215,2026-01-01
770036,speed,1252,140,0,85,2026-01-01
770048,flow,1421,382,70,215,2026-01-01
770048,speed,1252,140,0,85,2026-01-01
770061,flow,31,2,1,1375,2026-01-24
770061,occupancy,2,1,1,1375,2026-01-24
770061,speed,40,8,4,540,2026-01-24
770076,flow,158,43,15,1435,2026-02-01
770076,occupancy,32,26,15,1435,2026-02-27
770076,speed,229,48,31,1435,2026-01-04
770089,flow,1,1,1,470,2026-05-14
770089,occupancy,1,1,1,470,2026-05-14
770089,speed,5,1,1,240,2026-05-14
770103,flow,156,41,15,1435,2026-02-01
770103,occupancy,30,24,15,1435,2026-02-27
770103,speed,199,47,23,1435,2026-02-27
770116,flow,221,51,10,1375,2026-01-01
770116,occupancy,38,22,9,1375,2026-01-13
770116,speed,208,25,8,1375,2026-01-01
770141,flow,14,2,0,65,2026-03-16
770141,occupancy,8,2,0,65,2026-03-16
770141,speed,2,0,0,45,2026-08-30
770187,flow,9,3,2,1380,2026-01-12
770187,occupancy,4,2,2,1375,2026-01-12
770187,speed,22,7,4,580,2026-01-12
770200,flow,147,59,21,1440,2026-01-02
770200,occupancy,67,46,21,1440,2026-01-02
770200,speed,169,40,18,1440,2026-01-02
770215,flow,1421,382,70,215,2026-01-01
770215,speed,1252,140,0,85,2026-01-01
770229,flow,325,129,16,295,2026-02-01
770229,occupancy,64,57,4,295,2026-02-27
770229,speed,269,34,2,265,2026-02-27
770243,flow,73,26,5,215,2026-08-10
770243,occupancy,10,9,2,180,2026-08-10
770243,speed,67,9,1,155,2026-08-06
770259,flow,1422,382,70,215,2026-01-01
770259,speed,1252,140,0,85,2026-01-01
770290,flow,456,127,41,1440,2026-02-23
770290,occupancy,96,83,39,1440,2026-02-02
770290,speed,449,52,27,1440,2026-03-02
770303,flow,1421,382,70,215,2026-01-01
770303,speed,1252,140,0,85,2026-01-01
770315,flow,1422,382,70,215,2026-01-01
770315,speed,1252,140,0,85,2026-01-01
770331,flow,1014,277,57,1375,2026-01-12
770331,occupancy,5,4,4,1375,2026-01-12
770331,speed,932,113,8,1380,2026-01-12
770332,flow,1024,131,3,1380,2026-01-10
770332,occupancy,3,3,3,1375,2026-01-12
770332,speed,1024,73,9,630,2026-01-10
770353,flow,325,129,16,295,2026-02-01
770353,occupancy,64,57,4,295,2026-02-27
770353,speed,269,38,3,270,2026-02-27
770354,flow,1422,382,70,215,2026-01-01
770354,speed,1252,140,0,85,2026-01-01
770385,flow,57,23,10,1375,2026-01-22
770385,occupancy,16,16,10,1375,2026-01-22
770385,speed,90,24,14,1375,2026-01-16
770386,flow,1318,172,0,80,2026-01-01
770386,speed,1283,70,0,70,2026-01-01
770401,flow,82,75,12,1380,2026-01-25
770401,occupancy,82,75,12,1380,2026-01-25
770401,speed,117,43,17,1380,2026-01-21
770544,flow,44,12,3,1440,2026-04-04
770544,occupancy,6,5,3,1440,2026-04-04
770544,speed,36,4,3,1440,2026-04-04
770545,flow,38,12,5,1380,2026-02-27
770545,occupancy,7,6,5,1375,2026-02-27
770545,speed,61,18,8,1375,2026-02-27
770555,flow,80,30,11,1375,2026-01-12
770555,occupancy,27,22,11,1375,2026-01-12
770555,speed,101,31,13,1375,2026-01-12
770556,flow,357,55,6,1440,2026-01-02
770556,occupancy,8,8,6,1440,2026-01-02
770556,speed,364,27,5,1440,2026-01-02
770568,flow,24,6,2,380,2026-08-10
770568,occupancy,11,5,2,380,2026-08-10
770568,speed,23,6,2,375,2026-08-10
770578,flow,1,1,1,695,2026-02-06
770578,occupancy,1,1,1,695,2026-02-06
770578,speed,10,2,0,110,2026-02-06
770579,flow,1120,147,1,695,2026-02-06
770579,occupancy,1,1,1,695,2026-02-06
770579,speed,1101,65,0,70,2026-02-06
770587,flow,1422,382,70,215,2026-01-01
770587,speed,1252,140,0,85,2026-01-01
770588,flow,1421,382,70,215,2026-01-01
770588,speed,1252,140,0,85,2026-01-01
770598,flow,1421,382,70,215,2026-01-01
770598,speed,1252,140,0,85,2026-01-01
770599,flow,1171,414,51,840,2026-01-01
770599,occupancy,342,312,52,840,2026-01-01
770599,speed,1103,138,24,820,2026-01-01
770610,flow,35,0,0,30,2026-01-02
770610,speed,242,0,0,45,2026-01-01
770611,flow,1318,172,0,80,2026-01-01
770611,speed,1283,70,0,70,2026-01-01
771253,flow,1197,172,18,1380,2026-01-01
771253,occupancy,18,18,18,1380,2026-01-01
771253,speed,1225,112,37,1380,2026-01-01
771254,flow,1197,172,18,1380,2026-01-01
771254,occupancy,18,18,18,1380,2026-01-01
771254,speed,1191,95,25,1385,2026-01-01
771268,flow,1010,271,49,215,2026-03-13
771268,speed,889,99,0,85,2026-03-13
771285,flow,1002,271,50,1230,2026-03-13
771285,occupancy,1,1,1,1230,2026-03-13
771285,speed,886,100,1,1230,2026-03-13
771294,flow,1003,271,50,1230,2026-03-13
771294,occupancy,1,1,1,1230,2026-03-13
771294,speed,886,100,1,1230,2026-03-13
771295,flow,1002,271,50,1230,2026-03-13
771295,occupancy,1,1,1,1230,2026-03-13
771295,speed,888,102,2,775,2026-03-13
771306,flow,1002,271,50,1230,2026-03-13
771306,occupancy,1,1,1,1230,2026-03-13
771306,speed,889,103,4,780,2026-03-13
771318,flow,1002,271,50,1375,2026-03-13
771318,occupancy,1,1,1,1375,2026-03-13
771318,speed,896,105,2,575,2026-03-13
771329,flow,1004,271,50,1375,2026-03-03
771329,occupancy,1,1,1,1375,2026-03-13
771329,speed,891,104,3,775,2026-03-13
771340,flow,1005,271,50,1230,2026-02-24
771340,occupancy,1,1,1,1230,2026-03-13
771340,speed,886,100,1,1230,2026-03-13
771349,flow,1183,320,60,1375,2026-01-12
771349,occupancy,3,3,3,1375,2026-01-12
771349,speed,1050,125,4,1375,2026-01-12
771350,flow,1180,318,60,1380,2026-01-12
771350,occupancy,3,3,3,1375,2026-01-12
771350,speed,1041,120,4,1375,2026-01-12
771360,flow,1031,284,58,1380,2026-02-13
771360,occupancy,7,7,7,1375,2026-02-13
771360,speed,941,133,23,1375,2026-02-13
771371,flow,1002,271,50,1230,2026-03-13
771371,occupancy,1,1,1,1230,2026-03-13
771371,speed,886,100,1,1235,2026-03-13
771385,flow,1002,271,50,1230,2026-03-13
771385,occupancy,1,1,1,1230,2026-03-13
771385,speed,889,102,2,825,2026-03-13
771386,flow,1002,271,50,1230,2026-03-13
771386,occupancy,1,1,1,1230,2026-03-13
771386,speed,890,104,4,425,2026-03-13
771396,flow,1003,271,50,1375,2026-03-13
771396,occupancy,1,1,1,1375,2026-03-13
771396,speed,886,100,1,1375,2026-03-13
771400,flow,1003,271,50,1375,2026-03-13
771400,occupancy,1,1,1,1375,2026-03-13
771400,speed,890,103,4,715,2026-03-13
771410,flow,1004,272,51,1230,2026-02-21
771410,occupancy,3,2,2,1230,2026-02-21
771410,speed,893,106,5,305,2026-02-21
771421,flow,1006,272,50,1230,2026-02-21
771421,occupancy,4,2,1,1230,2026-02-21
771421,speed,893,105,3,595,2026-02-21
771431,flow,1171,317,60,1230,2026-01-15
771431,occupancy,6,4,2,1230,2026-01-24
771431,speed,1036,119,3,1225,2026-01-03
771432,flow,1421,382,70,215,2026-01-01
771432,speed,1252,140,0,85,2026-01-01
771441,flow,595,74,1,1230,2026-02-21
771441,occupancy,5,2,1,1230,2026-02-21
771441,speed,591,3,3,850,2026-03-13
771453,flow,833,103,0,80,2026-01-01
771453,speed,835,0,0,50,2026-01-01
771463,flow,1422,382,70,215,2026-01-01
771463,speed,1252,140,0,85,2026-01-01
771475,flow,1188,324,62,1375,2026-01-09
771475,occupancy,4,4,4,1375,2026-01-09
771475,speed,1048,121,5,1375,2026-01-09
771488,flow,1003,271,50,1230,2026-03-13
771488,occupancy,1,1,1,1230,2026-03-13
771488,speed,886,100,1,1230,2026-03-13
771499,flow,1168,316,58,1230,2026-01-14
771499,occupancy,2,2,1,1230,2026-01-14
771499,speed,1031,117,1,1230,2026-01-14
771509,flow,1003,271,50,1375,2026-03-13
771509,occupancy,1,1,1,1375,2026-03-13
771509,speed,886,100,1,1375,2026-03-13
771521,flow,1003,271,50,1375,2026-03-13
771521,occupancy,1,1,1,1375,2026-03-13
771521,speed,886,100,1,1375,2026-03-13
771531,flow,1002,271,50,1230,2026-03-13
771531,occupancy,1,1,1,1230,2026-03-13
771531,speed,890,103,3,655,2026-03-13
771542,flow,1003,271,50,1230,2026-03-13
771542,occupancy,1,1,1,1230,2026-03-13
771542,speed,892,104,2,710,2026-03-13
771553,flow,1219,329,61,1230,2026-02-13
771553,occupancy,21,7,1,1230,2026-02-13
771553,speed,1025,133,10,785,2026-02-13
771565,flow,1214,339,73,1380,2026-01-18
771565,occupancy,19,17,15,1380,2026-01-18
771565,speed,1078,139,20,1385,2026-01-13
771577,flow,1148,192,20,1375,2026-01-04
771577,occupancy,22,4,2,1375,2026-01-04
771577,speed,1049,86,18,1375,2026-01-04
771578,flow,1132,185,17,1240,2026-01-04
771578,occupancy,18,6,1,1240,2026-01-04
771578,speed,1054,75,5,1255,2026-01-02
771603,flow,2,2,1,120,2026-07-31
771603,occupancy,2,2,1,120,2026-07-31
771603,speed,190,1,0,85,2026-01-01
771618,flow,1223,162,0,80,2026-01-01
771618,speed,1189,64,0,70,2026-01-01
771673,flow,1318,172,0,80,2026-01-01
771673,speed,1283,70,0,70,2026-01-01
771690,flow,35,0,0,35,2026-01-01
771690,speed,35,0,0,30,2026-01-05
771691,flow,35,0,0,35,2026-01-02
771691,speed,104,0,0,40,2026-01-04
771706,flow,931,122,1,1230,2026-03-13
771706,occupancy,1,1,1,1230,2026-03-13
771706,speed,913,56,2,710,2026-03-13
771721,flow,943,126,2,160,2026-03-08
771721,speed,916,53,0,70,2026-03-08
771767,flow,34,5,5,1375,2026-01-02
771767,occupancy,5,5,5,1375,2026-01-17
771767,speed,123,17,12,1315,2026-01-08
771807,flow,35,0,0,30,2026-01-02
771807,speed,242,0,0,45,2026-01-01
771808,flow,35,0,0,30,2026-01-02
771808,speed,242,0,0,45,2026-01-01
771825,flow,35,0,0,30,2026-01-02
771825,speed,242,0,0,45,2026-01-01
771826,flow,35,0,0,30,2026-01-02
771826,speed,242,0,0,45,2026-01-01
771845,flow,105,0,0,35,2026-01-03
771845,speed,277,0,0,45,2026-01-01
771863,flow,35,0,0,35,2026-01-01
771863,speed,35,0,0,30,2026-01-05
771864,flow,105,0,0,35,2026-01-03
771864,speed,277,0,0,45,2026-01-01
771877,flow,1318,172,0,80,2026-01-01
771877,speed,1283,70,0,70,2026-01-01
771879,flow,1421,382,70,215,2026-01-01
771879,speed,1252,140,0,85,2026-01-01
771898,flow,105,0,0,35,2026-01-03
771898,speed,277,0,0,45,2026-01-01
771938,flow,35,0,0,30,2026-01-02
771938,speed,242,0,0,45,2026-01-01
771939,flow,35,0,0,30,2026-01-02
771939,speed,242,0,0,45,2026-01-01
771954,flow,29,16,4,1405,2026-01-14
771954,occupancy,22,16,4,1405,2026-01-14
771954,speed,45,16,5,830,2026-01-14
771969,flow,70,0,0,35,2026-01-01
771981,flow,1422,382,70,215,2026-01-01
771981,speed,1252,140,0,85,2026-01-01
771997,flow,1318,172,0,80,2026-01-01
771997,speed,1283,70,0,70,2026-01-01
772011,flow,1046,294,63,1375,2026-02-09
772011,occupancy,24,19,14,1375,2026-02-09
772011,speed,1002,148,24,1320,2026-02-09
772024,flow,1016,278,54,1375,2026-02-08
772024,occupancy,6,6,5,1375,2026-02-08
772024,speed,914,113,7,1310,2026-02-08
772025,flow,35,0,0,30,2026-01-02
772025,speed,242,0,0,45,2026-01-01
772055,flow,1318,172,0,80,2026-01-01
772055,speed,1283,70,0,70,2026-01-01
772092,flow,1003,271,50,1230,2026-03-13
772092,occupancy,1,1,1,1230,2026-03-13
772092,speed,888,101,1,1060,2026-03-13
772107,flow,1091,143,1,525,2026-02-11
772107,occupancy,1,1,1,525,2026-02-11
772107,speed,1069,58,0,70,2026-02-11
772118,flow,591,73,1,1235,2026-03-13
772118,occupancy,1,1,1,1230,2026-03-13
772118,speed,591,3,3,705,2026-03-13
772119,flow,591,73,1,1230,2026-03-13
772119,occupancy,1,1,1,1230,2026-03-13
772119,speed,591,4,2,765,2026-03-13
772125,flow,700,92,3,1230,2026-01-07
772125,occupancy,4,4,3,1230,2026-01-07
772125,speed,707,7,5,705,2026-01-01
772126,flow,699,92,3,1230,2026-01-07
772126,occupancy,4,4,3,1230,2026-01-07
772126,speed,709,8,4,765,2026-01-07
772132,flow,735,99,8,1380,2026-01-01
772132,occupancy,8,8,8,1380,2026-01-02
772132,speed,766,20,9,1385,2026-01-01
772133,flow,735,99,8,1375,2026-01-01
772133,occupancy,8,8,8,1375,2026-01-02
772133,speed,749,14,9,1380,2026-01-01
772140,flow,76,17,12,1395,2026-01-01
772140,occupancy,21,17,12,1395,2026-01-07
772140,speed,67,38,20,1205,2026-01-07
772167,flow,70,0,0,30,2026-01-01
772168,flow,70,0,0,35,2026-01-02
772168,speed,1,0,0,30,2026-03-08
772193,flow,35,0,0,30,2026-01-02
772193,speed,242,0,0,45,2026-01-01
772208,flow,35,0,0,30,2026-01-02
772208,speed,242,0,0,45,2026-01-01
772340,flow,1318,172,0,80,2026-01-01
772340,speed,1283,70,0,70,2026-01-01
772354,flow,1318,172,0,80,2026-01-01
772354,speed,1283,70,0,70,2026-01-01
772355,flow,35,0,0,30,2026-01-02
772355,speed,242,0,0,45,2026-01-01
772396,flow,833,103,0,80,2026-01-01
772396,speed,835,0,0,50,2026-01-01
772420,flow,236,9,2,510,2026-01-01
772420,occupancy,19,5,2,510,2026-01-01
772420,speed,226,5,1,210,2026-01-01
772421,flow,833,103,0,80,2026-01-01
772421,speed,835,0,0,50,2026-01-01
772437,flow,8,7,5,1440,2026-01-08
772437,occupancy,8,7,5,1440,2026-01-08
772437,speed,51,12,7,780,2026-01-03
772438,flow,6,5,4,1440,2026-01-08
772438,occupancy,2,2,2,1440,2026-01-10
772438,speed,14,8,5,830,2026-01-08
772487,flow,931,122,1,1230,2026-03-13
772487,occupancy,1,1,1,1230,2026-03-13
772487,speed,912,55,1,765,2026-03-13
772488,flow,931,122,1,1230,2026-03-13
772488,occupancy,1,1,1,1230,2026-03-13
772488,speed,912,54,2,700,2026-03-13
772527,flow,34,28,18,1405,2026-01-12
772527,occupancy,33,28,18,1405,2026-01-12
772527,speed,122,39,20,1375,2026-01-12
772564,flow,35,0,0,30,2026-01-02
772564,speed,242,0,0,45,2026-01-01
772582,flow,35,0,0,30,2026-01-02
772582,speed,242,0,0,45,2026-01-01
772583,flow,1318,172,0,80,2026-01-01
772583,speed,1283,70,0,70,2026-01-01
772609,flow,4,0,0,40,2026-04-08
772609,occupancy,1,0,0,35,2026-04-08
772610,flow,63,0,0,35,2026-04-11
772610,speed,170,1,0,80,2026-04-08
772669,speed,70,0,0,35,2026-01-02
772689,flow,78,10,8,1415,2026-01-04
772689,occupancy,46,10,8,1415,2026-01-07
772689,speed,54,10,8,1415,2026-01-07
772701,flow,1628,308,63,1385,2026-01-01
772701,occupancy,9,9,9,1385,2026-01-05
772701,speed,677,121,9,1385,2026-01-01
772711,flow,1318,172,0,80,2026-01-01
772711,speed,1283,70,0,70,2026-01-01
772857,flow,20,17,9,1375,2026-02-21
772857,occupancy,20,17,9,1375,2026-02-21
772857,speed,40,18,9,1250,2026-02-21
772858,flow,36,16,5,1345,2026-02-23
772858,occupancy,20,16,5,1345,2026-02-23
772858,speed,50,14,4,1345,2026-02-23
772872,flow,88,33,13,1375,2026-01-01
772872,occupancy,27,20,10,1375,2026-01-05
772872,speed,135,40,16,1375,2026-01-12
772873,flow,26,14,4,1100,2026-02-01
772873,occupancy,20,14,4,1100,2026-02-15
772873,speed,43,10,5,825,2026-02-15
772887,flow,24,17,7,1375,2026-01-05
772887,occupancy,23,16,6,1375,2026-01-05
772887,speed,48,21,9,880,2026-01-05
772888,flow,23,1,1,1105,2026-02-15
772888,occupancy,1,1,1,1100,2026-02-15
772888,speed,163,2,1,780,2026-02-15
772902,flow,11,3,1,825,2026-05-21
772902,occupancy,1,1,1,825,2026-05-21
772902,speed,52,4,1,690,2026-05-21
772903,flow,10,5,5,1375,2026-06-03
772903,occupancy,5,5,5,1375,2026-06-03
772903,speed,60,13,9,1055,2026-06-03
772917,flow,6,1,1,825,2026-06-18
772917,occupancy,1,1,1,825,2026-06-18
772917,speed,31,2,1,525,2026-06-18
772918,flow,26,12,4,970,2026-02-27
772918,occupancy,16,12,4,970,2026-02-27
772918,speed,89,8,3,765,2026-02-04
772932,flow,14,10,1,260,2026-02-27
772932,occupancy,14,9,1,260,2026-02-27
772932,speed,15,6,1,245,2026-01-29
772933,flow,6,1,1,825,2026-06-18
772933,occupancy,1,1,1,825,2026-06-18
772933,speed,33,1,1,520,2026-06-18
772953,flow,9,0,0,30,2026-06-19
772953,speed,62,1,1,165,2026-06-18
772954,flow,36,4,3,970,2026-02-27
772954,occupancy,20,4,3,970,2026-02-27
772954,speed,109,5,3,790,2026-02-16
772966,flow,33,0,0,30,2026-01-02
772966,speed,232,0,0,45,2026-01-01
772967,flow,1232,162,0,80,2026-01-01
772967,speed,1197,65,0,70,2026-01-01
772980,flow,35,0,0,30,2026-01-04
772999,flow,38,38,14,1440,2026-06-08
772999,occupancy,38,38,14,1440,2026-06-08
772999,speed,115,20,6,595,2026-01-02
773000,flow,42,42,18,1440,2026-01-14
773000,occupancy,42,42,18,1440,2026-01-14
773000,speed,105,31,14,1305,2026-01-14
773012,flow,1422,382,70,215,2026-01-01
773012,speed,1252,140,0,85,2026-01-01
773013,flow,1422,382,70,215,2026-01-01
773013,speed,1252,140,0,85,2026-01-01
773023,flow,6,6,4,875,2026-04-06
773023,occupancy,6,6,4,875,2026-04-06
773023,speed,46,12,4,350,2026-01-05
773024,flow,32,11,7,875,2026-01-04
773024,occupancy,14,11,7,875,2026-04-06
773024,speed,35,21,7,455,2026-04-06
773047,speed,244,0,0,45,2026-01-01
773062,flow,35,0,0,30,2026-01-02
773062,speed,242,0,0,45,2026-01-01
773154,flow,105,0,0,35,2026-01-03
773154,speed,277,0,0,45,2026-01-01
773179,flow,20,14,3,185,2026-02-10
773179,occupancy,16,12,2,185,2026-02-27
773179,speed,33,7,1,165,2026-02-19
773193,flow,83,44,20,620,2026-01-15
773193,occupancy,68,43,20,620,2026-01-15
773193,speed,66,40,20,585,2026-01-15
773221,flow,35,0,0,30,2026-01-02
773221,speed,242,0,0,45,2026-01-01
773232,flow,35,0,0,30,2026-01-02
773232,speed,242,0,0,45,2026-01-01
773233,flow,35,0,0,30,2026-01-02
773233,speed,242,0,0,45,2026-01-01
773246,flow,105,0,0,35,2026-01-03
773246,speed,277,0,0,45,2026-01-01
773257,flow,35,0,0,30,2026-01-02
773257,speed,242,0,0,45,2026-01-01
773273,flow,35,0,0,35,2026-01-02
773273,speed,104,0,0,40,2026-01-04
773281,flow,105,0,0,35,2026-01-03
773281,speed,277,0,0,45,2026-01-01
773293,flow,105,0,0,35,2026-01-03
773293,speed,277,0,0,45,2026-01-01
773294,flow,105,0,0,35,2026-01-03
773294,speed,277,0,0,45,2026-01-01
773304,flow,35,0,0,30,2026-01-02
773304,speed,242,0,0,45,2026-01-01
773305,flow,35,0,0,30,2026-01-02
773305,speed,242,0,0,45,2026-01-01
773316,flow,105,0,0,35,2026-01-03
773316,speed,277,0,0,45,2026-01-01
773317,flow,35,0,0,30,2026-01-02
773317,speed,242,0,0,45,2026-01-01
773329,flow,105,0,0,35,2026-01-03
773329,speed,277,0,0,45,2026-01-01
773343,flow,105,0,0,35,2026-01-03
773343,speed,277,0,0,45,2026-01-01
773362,flow,38,10,7,1440,2026-01-19
773362,occupancy,11,10,6,1440,2026-01-19
773362,speed,214,15,8,1440,2026-01-19
773363,flow,39,10,6,1440,2026-01-19
773363,occupancy,11,10,6,1440,2026-01-19
773363,speed,204,9,6,1440,2026-01-19
773407,flow,70,0,0,30,2026-01-01
773409,flow,105,0,0,35,2026-01-03
773409,speed,277,0,0,45,2026-01-01
773422,flow,70,0,0,35,2026-01-01
773437,flow,35,0,0,30,2026-01-02
773437,speed,242,0,0,45,2026-01-01
773439,flow,35,0,0,30,2026-01-04
773458,flow,35,0,0,30,2026-01-02
773458,speed,242,0,0,45,2026-01-01
773460,flow,105,0,0,35,2026-01-03
773460,speed,277,0,0,45,2026-01-01
773474,flow,35,0,0,30,2026-01-02
773474,speed,242,0,0,45,2026-01-01
773490,flow,35,0,0,30,2026-01-02
773490,speed,242,0,0,45,2026-01-01
773492,flow,35,0,0,30,2026-01-02
773492,speed,242,0,0,45,2026-01-01
773505,flow,35,0,0,30,2026-01-04
773507,flow,35,0,0,30,2026-01-02
773507,speed,242,0,0,45,2026-01-01
773522,flow,35,0,0,30,2026-01-02
773522,speed,242,0,0,45,2026-01-01
773535,flow,35,0,0,30,2026-01-04
773537,flow,35,0,0,30,2026-01-02
773537,speed,242,0,0,45,2026-01-01
773647,flow,70,0,0,35,2026-01-01
773656,speed,244,0,0,45,2026-01-01
773711,flow,182,27,2,1435,2026-02-01
773711,occupancy,18,4,2,1435,2026-02-27
773711,speed,185,15,2,815,2026-01-17
773712,flow,424,61,2,1435,2026-02-01
773712,occupancy,30,5,2,1435,2026-01-02
773712,speed,421,25,1,770,2026-01-23
773723,flow,21,2,1,1435,2026-04-12
773723,occupancy,3,2,1,1435,2026-05-16
773723,speed,43,4,1,875,2026-05-12
773724,flow,180,35,2,1435,2026-02-01
773724,occupancy,16,12,2,1435,2026-02-27
773724,speed,189,19,4,815,2026-01-10
773736,flow,48,32,22,1435,2026-01-04
773736,occupancy,55,41,30,1435,2026-01-04
773736,speed,165,64,38,1380,2026-01-04
773737,flow,783,108,7,1375,2026-02-01
773737,occupancy,7,7,7,1375,2026-02-26
773737,speed,803,65,12,1380,2026-02-26
773743,flow,35,0,0,30,2026-01-02
773743,speed,242,0,0,45,2026-01-01
773749,flow,35,0,0,30,2026-01-02
773749,speed,242,0,0,45,2026-01-01
773773,flow,57,29,20,920,2026-01-02
773773,occupancy,35,29,20,920,2026-05-30
773773,speed,214,25,10,715,2026-01-01
773774,flow,792,104,1,1260,2026-01-01
773774,occupancy,1,1,1,1260,2026-03-08
773774,speed,771,43,1,1255,2026-01-01
773784,flow,50,24,5,245,2026-02-27
773784,occupancy,52,35,16,665,2026-02-27
773784,speed,46,14,3,525,2026-01-02
773785,flow,15,10,1,175,2026-02-26
773785,occupancy,15,9,1,175,2026-02-26
773785,speed,14,4,1,150,2026-01-02
773795,flow,33,2,2,1440,2026-01-02
773795,occupancy,4,2,2,1440,2026-06-15
773795,speed,197,2,2,1440,2026-01-01
773796,flow,1318,172,0,80,2026-01-01
773796,speed,1283,70,0,70,2026-01-01
773798,flow,1318,172,0,80,2026-01-01
773798,speed,1283,70,0,70,2026-01-01
773807,flow,35,0,0,30,2026-01-02
773807,speed,242,0,0,45,2026-01-01
773869,flow,41,36,26,1440,2026-01-13
773869,occupancy,38,36,26,1440,2026-01-13
773869,speed,232,94,45,1375,2026-01-13
773870,flow,93,27,6,1440,2026-01-16
773870,occupancy,19,16,6,1440,2026-01-16
773870,speed,184,26,11,1375,2026-01-02
773880,flow,198,55,22,1440,2026-01-13
773880,occupancy,32,30,22,1440,2026-01-13
773880,speed,304,87,40,1375,2026-01-13
773890,flow,1,1,1,1375,2026-01-13
773890,occupancy,1,1,1,1375,2026-01-13
773890,speed,12,3,1,1200,2026-01-06
773904,flow,16,0,0,30,2026-01-02
773904,speed,108,0,0,45,2026-01-01
773906,flow,16,0,0,30,2026-01-02
773906,speed,107,0,0,45,2026-01-01
773916,flow,33,28,17,1375,2026-01-08
773916,occupancy,33,28,17,1375,2026-01-08
773916,speed,113,39,12,1075,2026-01-08
773927,flow,7,6,4,1375,2026-01-22
773927,occupancy,9,7,5,1375,2026-01-22
773927,speed,13,7,3,1210,2026-01-22
773939,flow,1422,382,70,215,2026-01-01
773939,speed,1252,140,0,85,2026-01-01
773953,flow,16,0,0,30,2026-01-02
773953,speed,142,0,0,45,2026-01-01
773954,flow,16,3,3,1440,2026-01-16
773954,occupancy,3,3,3,1440,2026-01-16
773954,speed,115,6,2,290,2026-01-16
773974,flow,1318,172,0,80,2026-01-01
773974,speed,1283,70,0,70,2026-01-01
773975,flow,1318,172,0,80,2026-01-01
773975,speed,1283,70,0,70,2026-01-01
773995,flow,105,0,0,35,2026-01-03
773995,speed,277,0,0,45,2026-01-01
773996,flow,105,0,0,35,2026-01-03
773996,speed,277,0,0,45,2026-01-01
774011,flow,35,0,0,30,2026-01-02
774011,speed,242,0,0,45,2026-01-01
774012,flow,35,0,0,30,2026-01-02
774012,speed,242,0,0,45,2026-01-01
774031,flow,35,0,0,30,2026-01-02
774031,speed,242,0,0,45,2026-01-01
774032,flow,1318,172,0,80,2026-01-01
774032,speed,1283,70,0,70,2026-01-01
774053,flow,1318,172,0,80,2026-01-01
774053,speed,1283,70,0,70,2026-01-01
774054,flow,1318,172,0,80,2026-01-01
774054,speed,1283,70,0,70,2026-01-01
774067,flow,42,39,28,1375,2026-01-22
774067,occupancy,42,39,28,1375,2026-01-22
774067,speed,187,100,58,1375,2026-01-22
774092,flow,105,0,0,35,2026-01-03
774092,speed,277,0,0,45,2026-01-01
774125,flow,35,0,0,30,2026-01-02
774125,speed,242,0,0,45,2026-01-01
774164,flow,35,0,0,30,2026-01-02
774164,speed,242,0,0,45,2026-01-01
774165,flow,1318,172,0,80,2026-01-01
774165,speed,1283,70,0,70,2026-01-01
774180,flow,35,0,0,30,2026-01-02
774180,speed,242,0,0,45,2026-01-01
774181,flow,1318,172,0,80,2026-01-01
774181,speed,1283,70,0,70,2026-01-01
774204,flow,2,0,0,30,2026-01-02
774204,speed,13,0,0,45,2026-01-01
774216,flow,1421,382,70,215,2026-01-01
774216,speed,1252,140,0,85,2026-01-01
774217,flow,1421,382,70,215,2026-01-01
774217,speed,1252,140,0,85,2026-01-01
774226,flow,833,103,0,80,2026-01-01
774226,speed,835,0,0,50,2026-01-01
774227,flow,1422,382,70,215,2026-01-01
774227,speed,1252,140,0,85,2026-01-01
774235,flow,1421,382,70,215,2026-01-01
774235,speed,1252,140,0,85,2026-01-01
774236,flow,1422,382,70,215,2026-01-01
774236,speed,1252,140,0,85,2026-01-01
774244,flow,833,103,0,80,2026-01-01
774244,speed,835,0,0,50,2026-01-01
774245,flow,833,103,0,80,2026-01-01
774245,speed,835,0,0,50,2026-01-01
774278,flow,3,0,0,45,2026-01-13
774278,speed,2,0,0,35,2026-01-13
774279,flow,3,0,0,35,2026-01-15
774301,flow,232,53,17,1410,2026-01-02
774301,occupancy,122,26,12,1410,2026-01-02
774301,speed,282,41,13,1410,2026-01-01
774302,flow,857,321,101,1440,2026-01-01
774302,occupancy,668,305,101,1440,2026-01-03
774302,speed,1136,409,145,1440,2026-01-01
774327,flow,47,45,28,1440,2026-01-07
774327,occupancy,47,45,28,1440,2026-01-07
774327,speed,106,40,27,1335,2026-01-07
774344,flow,111,84,66,1440,2026-01-02
774344,occupancy,95,84,66,1440,2026-01-04
774344,speed,331,124,67,880,2026-01-01
774358,flow,22,4,3,1410,2026-01-14
774358,occupancy,6,4,3,1405,2026-01-14
774358,speed,137,7,5,770,2026-01-14
774359,flow,23,5,4,1405,2026-01-14
774359,occupancy,6,5,4,1405,2026-01-14
774359,speed,43,11,7,455,2026-01-12
774372,flow,105,0,0,35,2026-01-03
774372,speed,277,0,0,45,2026-01-01
774373,flow,35,0,0,35,2026-01-01
774373,speed,35,0,0,30,2026-01-05
774389,flow,1422,382,70,215,2026-01-01
774389,speed,1252,140,0,85,2026-01-01
774411,speed,244,0,0,45,2026-01-01
774440,flow,105,0,0,35,2026-01-03
774440,speed,277,0,0,45,2026-01-01
774441,flow,23,13,1,230,2026-02-01
774441,occupancy,18,13,1,230,2026-02-27
774441,speed,21,6,1,165,2026-02-27
774444,flow,1421,382,70,215,2026-01-01
774444,speed,1252,140,0,85,2026-01-01
774445,flow,1421,382,70,215,2026-01-01
774445,speed,1252,140,0,85,2026-01-01
774614,flow,1421,382,70,215,2026-01-01
774614,speed,1252,140,0,85,2026-01-01
774658,flow,35,0,0,30,2026-01-04
774671,speed,244,0,0,45,2026-01-01
774672,flow,35,0,0,35,2026-01-03
774685,speed,1,0,0,30,2026-03-08
774703,flow,1318,172,0,80,2026-01-01
774703,speed,1283,70,0,70,2026-01-01
774704,flow,105,0,0,35,2026-01-03
774704,speed,277,0,0,45,2026-01-01
774729,speed,1,0,0,30,2026-01-05
774743,flow,43,37,23,1375,2026-01-03
774743,occupancy,41,37,23,1375,2026-01-03
774743,speed,126,52,26,1375,2026-01-03
774812,flow,2045,382,69,215,2026-01-01
774812,speed,834,139,0,115,2026-01-01
774813,flow,105,0,0,35,2026-01-03
774813,speed,277,0,0,45,2026-01-01
774826,flow,35,0,0,30,2026-01-02
774826,speed,242,0,0,45,2026-01-01
774827,flow,1318,172,0,80,2026-01-01
774827,speed,1283,70,0,70,2026-01-01
774842,flow,276,107,37,795,2026-01-10
774842,occupancy,86,66,30,795,2026-01-10
774842,speed,258,65,13,535,2026-01-10
774854,flow,35,0,0,30,2026-01-02
774854,speed,242,0,0,45,2026-01-01
774855,flow,1318,172,0,80,2026-01-01
774855,speed,1283,70,0,70,2026-01-01
774865,flow,50,31,15,840,2026-02-27
774865,occupancy,44,31,15,840,2026-02-27
774865,speed,76,26,14,600,2026-01-27
774866,flow,112,59,22,650,2026-01-08
774866,occupancy,72,42,19,650,2026-01-08
774866,speed,120,45,23,565,2026-01-08
774890,flow,2045,382,69,215,2026-01-01
774890,speed,834,139,0,115,2026-01-01
774891,flow,2045,382,69,215,2026-01-01
774891,speed,834,139,0,115,2026-01-01
774901,flow,1422,382,70,215,2026-01-01
774901,speed,1252,140,0,85,2026-01-01
774902,flow,46,20,2,215,2026-02-01
774902,occupancy,15,10,1,170,2026-02-27
774902,speed,40,6,1,155,2026-02-27
774926,flow,60,33,21,1375,2026-01-17
774926,occupancy,55,33,21,1375,2026-01-17
774926,speed,141,62,27,1375,2026-01-17
774927,flow,35,0,0,35,2026-01-01
774927,speed,35,0,0,30,2026-01-05
774946,flow,35,0,0,35,2026-01-01
774946,speed,35,0,0,30,2026-01-05
774947,flow,35,0,0,35,2026-01-01
774947,speed,35,0,0,30,2026-01-05
774958,flow,35,1,1,940,2026-01-01
774958,occupancy,1,1,1,940,2026-06-18
774958,speed,43,3,1,635,2026-01-05
775012,speed,35,0,0,35,2026-01-02
775029,flow,1,0,0,50,2026-02-05
775029,occupancy,1,0,0,50,2026-02-05
775029,speed,1,0,0,30,2026-05-20
775030,flow,16,10,1,250,2026-02-26
775030,occupancy,15,10,1,250,2026-02-27
775030,speed,18,6,1,215,2026-02-27
775100,flow,833,103,0,80,2026-01-01
775100,speed,835,0,0,50,2026-01-01
775101,flow,833,103,0,80,2026-01-01
775101,speed,835,0,0,50,2026-01-01
775120,flow,1,0,0,50,2026-05-14
775120,speed,1,0,0,35,2026-05-14
775121,flow,32,1,1,610,2026-05-14
775121,occupancy,1,1,1,610,2026-05-14
775121,speed,4,1,1,415,2026-05-14
775136,flow,9,0,0,30,2026-07-05
775136,speed,58,0,0,45,2026-07-04
775137,flow,2,2,0,65,2026-06-14
775137,occupancy,2,2,0,60,2026-06-14
775137,speed,2,0,0,35,2026-06-14
775165,flow,35,0,0,30,2026-01-02
775165,speed,242,0,0,45,2026-01-01
775184,flow,35,0,0,30,2026-01-02
775184,speed,242,0,0,45,2026-01-01
775225,flow,52,22,7,1395,2026-01-14
775225,occupancy,44,22,7,1395,2026-01-14
775225,speed,59,21,8,1225,2026-01-14
775239,flow,35,0,0,30,2026-01-02
775239,speed,242,0,0,45,2026-01-01
775302,flow,343,110,19,1435,2026-01-14
775302,occupancy,33,26,5,1435,2026-01-14
775302,speed,312,42,4,585,2026-01-14
775314,flow,202,66,11,1435,2026-01-01
775314,occupancy,19,15,3,1435,2026-02-02
775314,speed,170,25,2,1435,2026-01-01
775365,flow,182,39,3,1435,2026-01-01
775365,occupancy,21,15,3,1435,2026-02-02
775365,speed,181,18,2,875,2026-01-01
775462,flow,35,0,0,30,2026-01-02
775462,speed,242,0,0,45,2026-01-01
775495,speed,14,0,0,35,2026-07-17
775511,flow,105,59,34,820,2026-01-09
775511,occupancy,76,56,33,820,2026-01-09
775511,speed,112,32,18,755,2026-01-09
775520,flow,35,0,0,30,2026-01-02
775520,speed,242,0,0,45,2026-01-01
775535,flow,5,0,0,30,2026-01-02
775535,speed,21,4,2,130,2026-01-01
775536,flow,32,23,18,1120,2026-01-02
775536,occupancy,31,23,18,1120,2026-01-05
775536,speed,81,27,14,735,2026-01-01
775610,flow,35,0,0,35,2026-01-03
775637,speed,244,0,0,45,2026-01-01
775689,flow,35,0,0,30,2026-01-02
775689,speed,242,0,0,45,2026-01-01
775690,flow,35,0,0,30,2026-01-02
775690,speed,242,0,0,45,2026-01-01
775734,flow,35,0,0,30,2026-01-02
775734,speed,242,0,0,45,2026-01-01
775752,flow,35,0,0,30,2026-01-02
775752,speed,242,0,0,45,2026-01-01
775762,flow,833,103,0,80,2026-01-01
775762,speed,835,0,0,50,2026-01-01
775763,flow,1421,382,70,215,2026-01-01
775763,speed,1252,140,0,85,2026-01-01
775773,flow,1318,172,0,80,2026-01-01
775773,speed,1283,70,0,70,2026-01-01
775774,flow,35,0,0,30,2026-01-02
775774,speed,242,0,0,45,2026-01-01
775795,speed,2,0,0,30,2026-08-19
775825,flow,1,1,1,1325,2026-08-02
775825,occupancy,1,1,1,1325,2026-08-02
775825,speed,67,3,1,750,2026-01-02
775936,speed,70,0,0,35,2026-01-02
775949,speed,35,0,0,35,2026-01-02
775961,speed,35,0,0,35,2026-01-02
775975,speed,70,0,0,35,2026-01-02
775990,speed,70,0,0,35,2026-01-02
776019,speed,70,0,0,35,2026-01-02
776020,flow,14,10,1,205,2026-02-27
776020,occupancy,14,10,1,205,2026-02-27
776020,speed,13,5,1,170,2026-02-27
776052,speed,70,0,0,35,2026-01-02
776060,flow,16,11,5,1395,2026-01-14
776060,occupancy,16,11,5,1395,2026-01-14
776060,speed,75,16,7,815,2026-01-14
776066,flow,16,11,5,1395,2026-01-14
776066,occupancy,16,11,5,1395,2026-01-14
776066,speed,78,12,4,875,2026-01-14
776073,flow,18,13,7,1395,2026-01-14
776073,occupancy,18,13,7,1395,2026-01-14
776073,speed,79,13,6,930,2026-01-14
776081,speed,70,0,0,35,2026-01-02
776136,speed,70,0,0,35,2026-01-02
776177,speed,70,0,0,35,2026-01-02
776188,flow,35,0,0,30,2026-01-03
776188,speed,35,0,0,35,2026-01-02
776196,speed,35,0,0,35,2026-01-02
776197,speed,35,0,0,35,2026-01-02
776203,flow,11,10,9,1405,2026-01-14
776203,occupancy,11,10,9,1405,2026-01-14
776203,speed,95,26,16,885,2026-01-14
776208,flow,12,11,10,1405,2026-01-14
776208,occupancy,12,11,10,1405,2026-01-14
776208,speed,85,32,15,1290,2026-01-14
776215,speed,70,0,0,35,2026-01-02
776221,speed,70,0,0,35,2026-01-02
776228,speed,35,0,0,35,2026-01-02
776242,speed,70,0,0,35,2026-01-02
776253,speed,35,0,0,35,2026-01-02
776266,flow,12,10,8,1405,2026-01-14
776266,occupancy,10,9,8,1405,2026-01-14
776266,speed,543,68,16,1375,2026-01-14
776289,speed,70,0,0,35,2026-01-02
776290,flow,11,10,8,1405,2026-01-14
776290,occupancy,11,9,8,1405,2026-01-14
776290,speed,1078,131,18,1400,2026-01-01
776295,flow,7,5,4,1405,2026-01-14
776295,occupancy,7,5,4,1405,2026-01-14
776295,speed,57,10,4,755,2026-01-14
776313,speed,70,0,0,35,2026-01-02
776328,flow,14,11,7,875,2026-04-06
776328,occupancy,14,11,7,875,2026-04-06
776328,speed,70,19,7,455,2026-01-02
776425,flow,5,5,3,875,2026-04-28
776425,occupancy,5,5,3,875,2026-04-28
776425,speed,78,7,3,675,2026-01-02
776440,speed,70,0,0,35,2026-01-02
776457,speed,70,0,0,35,2026-01-02
776480,flow,3,0,0,35,2026-01-17
776480,speed,27,0,0,55,2026-01-17
776487,speed,38,0,0,35,2026-01-02
776493,flow,2,2,2,1225,2026-02-11
776493,occupancy,2,2,2,1225,2026-02-11
776493,speed,30,9,2,560,2026-02-11
776518,speed,70,0,0,35,2026-01-02
776628,flow,35,0,0,30,2026-01-03
776628,speed,35,0,0,35,2026-01-02
776629,flow,35,0,0,30,2026-01-03
776629,speed,35,0,0,35,2026-01-02
776657,speed,70,0,0,35,2026-01-02
776690,speed,70,0,0,35,2026-01-02
776708,speed,70,0,0,35,2026-01-02
776739,speed,70,0,0,35,2026-01-02
776751,flow,3,3,3,720,2026-01-22
776751,occupancy,3,3,3,720,2026-01-22
776751,speed,36,10,4,245,2026-01-22
776752,flow,2,2,2,720,2026-01-22
776752,occupancy,2,2,2,720,2026-01-22
776752,speed,24,5,2,330,2026-01-22
776773,flow,35,0,0,30,2026-01-03
776773,speed,35,0,0,35,2026-01-02
776826,speed,35,0,0,35,2026-01-02
776843,flow,54,49,37,1405,2026-01-01
776843,occupancy,54,49,37,1405,2026-01-01
776843,speed,192,101,58,1375,2026-01-01
776844,speed,70,0,0,35,2026-01-02
776906,flow,35,0,0,30,2026-01-03
776906,speed,70,0,0,35,2026-01-02
776981,speed,70,0,0,35,2026-01-02
776986,speed,70,0,0,35,2026-01-02
777061,speed,35,0,0,35,2026-01-02
777065,flow,45,24,7,1395,2026-01-14
777065,occupancy,44,22,7,1395,2026-01-14
777065,speed,52,17,6,1390,2026-01-14
777066,speed,35,0,0,35,2026-01-02
777203,flow,64,61,55,1375,2026-01-02
777203,occupancy,63,61,55,1375,2026-01-02
777203,speed,110,70,58,1375,2026-01-02
777204,flow,19,11,9,1375,2026-01-02
777204,occupancy,18,11,9,1375,2026-01-02
777204,speed,68,24,16,1375,2026-01-02
777213,flow,1,0,0,30,2026-03-26
777213,speed,6,0,0,35,2026-04-03
777223,flow,19,11,9,1375,2026-01-02
777223,occupancy,18,11,9,1375,2026-01-02
777223,speed,69,23,15,1380,2026-01-02
777224,flow,67,61,55,1375,2026-01-02
777224,occupancy,63,61,55,1375,2026-01-02
777224,speed,100,70,59,1375,2026-01-02
777232,flow,9,9,9,1385,2026-01-05
777232,occupancy,9,9,9,1385,2026-01-05
777232,speed,49,13,9,1385,2026-01-05
777233,flow,51,10,8,1415,2026-01-07
777233,occupancy,46,10,8,1415,2026-01-07
777233,speed,108,11,8,1415,2026-01-02
777243,speed,24,0,0,35,2026-03-08
777245,speed,28,0,0,35,2026-01-09
777253,speed,35,0,0,35,2026-01-02
777254,speed,35,0,0,35,2026-01-02
777262,speed,35,0,0,35,2026-01-02
777263,speed,35,0,0,35,2026-01-02
777316,flow,2,0,0,30,2026-04-26
777317,speed,35,0,0,35,2026-01-02
777733,flow,2,0,0,30,2026-04-11
777733,speed,1,0,0,30,2026-05-04
777767,flow,14,8,2,250,2026-02-26
777767,occupancy,14,8,2,250,2026-02-26
777767,speed,69,5,0,85,2026-01-08
777781,flow,29,14,4,455,2026-01-15
777781,occupancy,29,14,4,455,2026-01-15
777781,speed,72,18,6,285,2026-01-09
777796,flow,23,15,4,640,2026-01-31
777796,occupancy,23,15,4,640,2026-01-31
777796,speed,24,11,3,460,2026-01-31
777998,speed,14,0,0,35,2026-07-17
777999,speed,14,0,0,35,2026-07-17
778040,speed,14,0,0,35,2026-07-17
778051,speed,14,0,0,35,2026-07-17
778062,speed,14,0,0,35,2026-07-17
778074,speed,14,0,0,35,2026-07-17
778086,speed,14,0,0,35,2026-07-17
778097,speed,14,0,0,35,2026-07-17
778108,speed,14,0,0,35,2026-07-17
778119,speed,14,0,0,35,2026-07-17
778130,speed,14,0,0,35,2026-07-17
778139,speed,14,0,0,35,2026-07-17
778140,speed,14,0,0,35,2026-07-17
778155,speed,14,0,0,35,2026-07-17
778156,speed,7,0,0,35,2026-07-17
778167,speed,14,0,0,35,2026-07-17
778168,speed,7,0,0,35,2026-07-17
778179,flow,7,0,0,30,2026-07-18
778179,speed,7,0,0,35,2026-07-17
