split,target_station,timestamp,sample_id,candidate_station,Q,S,D,C,jev_score,relative_utility,all_candidate_tie
train,769895,2026-01-01T23:30:00-08:00,769895_1767339000_H30,770116,0.125,0.9741480273724976,0.6578152456099651,0.17692734255365591,0.5105629195686996,0.7355008533163634,False
train,769895,2026-01-01T23:30:00-08:00,769895_1767339000_H30,769880,0.7658937862112813,0.20461280440830476,0.6556829452252355,0.10423513045498115,0.4996091537955337,1.0,False
train,769895,2026-01-01T23:30:00-08:00,769895_1767339000_H30,769866,0.6243720392939975,0.1872589596740596,0.5758269762031877,0.06693015049624397,0.41726347682440623,0.9393282959277579,False
train,769895,2026-01-01T23:30:00-08:00,769895_1767339000_H30,769847,0.7658937862112813,1.0,0.4441076408043507,1.0,0.8572774188489666,0.0,False
train,769895,2026-01-01T23:30:00-08:00,769895_1767339000_H30,770385,0.7328502923767137,0.49856511461397013,0.33157670652330645,0.4374740200191469,0.6034776150858361,0.9496709402121453,False
train,769895,2026-01-01T23:35:00-08:00,769895_1767339300_H30,770116,0.125,0.9805310006847898,0.6578152456099651,0.5613958991228868,0.5275625483756172,0.7546339863247277,False
train,769895,2026-01-01T23:35:00-08:00,769895_1767339300_H30,769880,0.7658937862112813,0.354880398958052,0.6556829452252355,0.3885801132712749,0.5734365713551672,1.0,False
train,769895,2026-01-01T23:35:00-08:00,769895_1767339300_H30,769866,0.6243720392939975,0.5874546178641594,0.5758269762031877,0.8594249491594432,0.6151933848316472,0.8586993129523927,False
train,769895,2026-01-01T23:35:00-08:00,769895_1767339300_H30,769847,0.7658937862112813,1.0,0.4441076408043507,1.0,0.8572774188489666,0.0,False
train,769895,2026-01-01T23:35:00-08:00,769895_1767339300_H30,770385,0.7328502923767137,0.0819238698325393,0.33157670652330645,0.05812458611313227,0.41400731290693915,0.8579060464495121,False
train,769895,2026-01-01T23:40:00-08:00,769895_1767339600_H30,770116,0.125,0.9910980103040599,0.6578152456099651,0.5613958991228868,0.5320097789075887,0.7752092685416848,False
train,769895,2026-01-01T23:40:00-08:00,769895_1767339600_H30,769880,0.7658937862112813,0.3767030882353992,0.6556829452252355,0.3957713910228041,0.5828885884407624,1.0,False
train,769895,2026-01-01T23:40:00-08:00,769895_1767339600_H30,769866,0.6243720392939975,0.5234666596729307,0.5758269762031877,0.5661871869076059,0.5773465385136983,0.833801594284446,False
train,769895,2026-01-01T23:40:00-08:00,769895_1767339600_H30,769847,0.7658937862112813,1.0,0.4441076408043507,1.0,0.8572774188489666,0.0,False
train,769895,2026-01-01T23:40:00-08:00,769895_1767339600_H30,770385,0.7328502923767137,0.11213380105668658,0.33157670652330645,0.3798732828275654,0.4386997694407931,0.8577524811780115,False
train,769895,2026-01-01T23:45:00-08:00,769895_1767339900_H30,770116,0.125,0.9867041439672121,0.6578152456099651,0.5613958991228868,0.530160576793587,0.8046104773414104,False
train,769895,2026-01-01T23:45:00-08:00,769895_1767339900_H30,769880,0.7658937862112813,0.41015032801636764,0.6556829452252355,0.42043426787450605,0.5978833587401847,1.0,False
train,769895,2026-01-01T23:45:00-08:00,769895_1767339900_H30,769866,0.6243720392939975,0.380904030272439,0.5758269762031877,0.3568474899447599,0.5095541862706638,0.8071380787833751,False
train,769895,2026-01-01T23:45:00-08:00,769895_1767339900_H30,769847,0.7658937862112813,1.0,0.4441076408043507,1.0,0.8572774188489666,0.0,False
train,769895,2026-01-01T23:45:00-08:00,769895_1767339900_H30,770385,0.7328502923767137,0.09539749621802263,0.33157670652330645,0.6653527192854176,0.44228417817705246,0.856063591532307,False
train,769895,2026-01-01T23:50:00-08:00,769895_1767340200_H30,770116,0.125,0.9918716950645153,0.6578152456099651,0.46378244769865906,0.5287013630910588,0.8004163918810502,False
train,769895,2026-01-01T23:50:00-08:00,769895_1767340200_H30,769880,0.7658937862112813,0.5334994245255404,0.6556829452252355,0.6304073883048532,0.6576130871732224,1.0,False
train,769895,2026-01-01T23:50:00-08:00,769895_1767340200_H30,769866,0.6243720392939975,0.6070859372449418,0.5758269762031877,0.6868769871300471,0.6170316714563746,0.8448130761330739,False
train,769895,2026-01-01T23:50:00-08:00,769895_1767340200_H30,769847,0.7658937862112813,1.0,0.4441076408043507,1.0,0.8572774188489666,0.0,False
train,769895,2026-01-01T23:50:00-08:00,769895_1767340200_H30,770385,0.7328502923767137,0.0,0.33157670652330645,0.6186764560079827,0.4003974983224528,0.812141562169721,False
train,769895,2026-01-01T23:55:00-08:00,769895_1767340500_H30,770116,0.125,0.995893193190871,0.6578152456099651,0.5196264456759219,0.5324728536992412,0.8173145244188763,False
train,769895,2026-01-01T23:55:00-08:00,769895_1767340500_H30,769880,0.7658937862112813,0.6268038881704612,0.6556829452252355,0.5283285713553322,0.6930809249423706,1.0,False
train,769895,2026-01-01T23:55:00-08:00,769895_1767340500_H30,769866,0.6243720392939975,0.6078291282899606,0.5758269762031877,0.789351558389772,0.6211594529720549,0.8333237435024435,False
train,769895,2026-01-01T23:55:00-08:00,769895_1767340500_H30,769847,0.7658937862112813,1.0,0.4441076408043507,1.0,0.8572774188489666,0.0,False
train,769895,2026-01-01T23:55:00-08:00,769895_1767340500_H30,770385,0.7328502923767137,0.15526856443554904,0.33157670652330645,0.5438142502216554,0.46295678183532524,0.8996600382647634,False
train,775536,2026-01-03T23:30:00-08:00,775536_1767511800_H30,768701,0.125,0.9885549641462144,0.8229949661357914,0.9078757827737943,0.5519786653653961,0.0,False
train,775536,2026-01-03T23:30:00-08:00,775536_1767511800_H30,774344,0.125,0.95891106235598,0.7712518849544838,0.600046284418831,0.5254926996463021,0.8703660856753411,False
train,775536,2026-01-03T23:30:00-08:00,775536_1767511800_H30,718405,0.125,0.9589116890124096,0.6368006006002778,0.60005204529853,0.5188673565562236,1.0,False
train,775536,2026-01-03T23:30:00-08:00,775536_1767511800_H30,759858,0.125,0.9589116890124096,0.4652130807137347,0.60005204529853,0.5104114444487391,1.0,False
train,775536,2026-01-03T23:30:00-08:00,775536_1767511800_H30,759870,0.125,0.9923919326094549,0.29119380591962934,0.4047382325726835,0.508654893106704,0.10256081347576995,False
train,775536,2026-01-03T23:35:00-08:00,775536_1767512100_H30,768701,0.125,0.9806112487788539,0.8229949661357914,0.39516102088334537,0.5295477343836474,0.0,False
train,775536,2026-01-03T23:35:00-08:00,775536_1767512100_H30,774344,0.125,0.9392901469353125,0.7712518849544838,0.28002675247161846,0.5053211098416126,0.8661897624860103,False
train,775536,2026-01-03T23:35:00-08:00,775536_1767512100_H30,718405,0.125,0.9392900484365586,0.6368006006002778,0.2800194268692322,0.498694974369174,1.0,False
train,775536,2026-01-03T23:35:00-08:00,775536_1767512100_H30,759858,0.125,0.9392900484365586,0.4652130807137347,0.2800194268692322,0.49023906226168945,1.0,False
train,775536,2026-01-03T23:35:00-08:00,775536_1767512100_H30,759870,0.125,0.976384704683947,0.29119380591962934,0.27256949276160375,0.49699761330891995,0.08766550385821159,False
train,775536,2026-01-03T23:40:00-08:00,775536_1767512400_H30,768701,0.125,0.9823300773812716,0.8229949661357914,0.39516102088334537,0.5302711204044152,0.0,False
train,775536,2026-01-03T23:40:00-08:00,775536_1767512400_H30,774344,0.125,0.9300990509671077,0.7712518849544838,0.23789659012532705,0.4998844920699139,0.8207865636576712,False
train,775536,2026-01-03T23:40:00-08:00,775536_1767512400_H30,718405,0.125,0.9300996164863375,0.6368006006002778,0.23789810144241402,0.49325896504365235,1.0,False
train,775536,2026-01-03T23:40:00-08:00,775536_1767512400_H30,759858,0.125,0.9300996164863375,0.4652130807137347,0.23789810144241402,0.4848030529361678,1.0,False
train,775536,2026-01-03T23:40:00-08:00,775536_1767512400_H30,759870,0.125,0.992223482156666,0.29119380591962934,0.7397268742968275,0.5210552140584066,0.013258612933146008,False
train,775536,2026-01-03T23:45:00-08:00,775536_1767512700_H30,768701,0.125,0.9869315897744616,0.8229949661357914,0.4441948873675209,0.5340331829376544,0.0,False
train,775536,2026-01-03T23:45:00-08:00,775536_1767512700_H30,774344,0.125,0.919425790556504,0.7712518849544838,0.21649691749880298,0.4945958613576973,0.8387599829875715,False
train,775536,2026-01-03T23:45:00-08:00,775536_1767512700_H30,718405,0.125,0.9194264755467509,0.6368006006002778,0.21649770091018186,0.48797035751296114,1.0,False
train,775536,2026-01-03T23:45:00-08:00,775536_1767512700_H30,759858,0.125,0.9194264755467509,0.4652130807137347,0.21649770091018186,0.4795144454054766,1.0,False
train,775536,2026-01-03T23:45:00-08:00,775536_1767512700_H30,759870,0.125,0.9800324346932366,0.29119380591962934,0.27256949276160375,0.49853279656834637,0.022524590385277543,False
train,775536,2026-01-03T23:50:00-08:00,775536_1767513000_H30,768701,0.125,0.9770734373442921,0.8229949661357914,0.15055097753213087,0.5189522804762442,0.010642620095251298,False
train,775536,2026-01-03T23:50:00-08:00,775536_1767513000_H30,774344,0.125,0.8963309700982555,0.7712518849544838,0.15734084449867658,0.4826738698858739,0.8738568802999012,False
train,775536,2026-01-03T23:50:00-08:00,775536_1767513000_H30,718405,0.125,0.8963306863567543,0.6368006006002778,0.1573378367660149,0.47604781720117006,1.0,False
train,775536,2026-01-03T23:50:00-08:00,775536_1767513000_H30,759858,0.125,0.8963306863567543,0.4652130807137347,0.1573378367660149,0.46759190509368553,1.0,False
train,775536,2026-01-03T23:50:00-08:00,775536_1767513000_H30,759870,0.125,0.9861789115572469,0.29119380591962934,0.27256949276160375,0.5011196021603309,0.0,False
train,775536,2026-01-03T23:55:00-08:00,775536_1767513300_H30,768701,0.125,0.9794031542919966,0.8229949661357914,0.4441948873675209,0.5308647663901253,0.0,False
train,775536,2026-01-03T23:55:00-08:00,775536_1767513300_H30,774344,0.125,0.8638454550645678,0.7712518849544838,0.13922315395002946,0.46832752019361407,0.923480258711567,False
train,775536,2026-01-03T23:55:00-08:00,775536_1767513300_H30,718405,0.125,0.8638457516137725,0.6368006006002778,0.13922361536672437,0.46170184088215677,1.0,False
train,775536,2026-01-03T23:55:00-08:00,775536_1767513300_H30,759858,0.125,0.8638457516137725,0.4652130807137347,0.13922361536672437,0.45324592877467224,1.0,False
train,775536,2026-01-03T23:55:00-08:00,775536_1767513300_H30,759870,0.125,0.9644728260432349,0.29119380591962934,0.13425494189654452,0.486835100786434,0.021976897559230713,False
train,775536,2026-01-07T23:30:00-08:00,775536_1767857400_H30,768701,0.125,0.99581559293549,0.8229949661357914,0.4294984642364282,0.5372249738006056,0.3781525724634446,False
train,775536,2026-01-07T23:30:00-08:00,775536_1767857400_H30,774344,0.125,0.9699766208293148,0.7712518849544838,0.11256775247760739,0.5120015234014542,0.8149628426903142,False
train,775536,2026-01-07T23:30:00-08:00,775536_1767857400_H30,718405,0.125,0.9699760463934899,0.6368006006002778,0.11255888613954954,0.5053751302664976,1.0,False
train,775536,2026-01-07T23:30:00-08:00,775536_1767857400_H30,759858,0.125,0.9699760463934899,0.4652130807137347,0.11255888613954954,0.496919218159013,1.0,False
train,775536,2026-01-07T23:30:00-08:00,775536_1767857400_H30,759870,0.125,0.9933420566853433,0.29119380591962934,0.2214544085820006,0.5022313309520531,0.0,False
train,775536,2026-01-07T23:35:00-08:00,775536_1767857700_H30,768701,0.125,0.9958156444715144,0.8229949661357914,0.4930760868727612,0.5395919121605476,0.3806665594099229,False
train,775536,2026-01-07T23:35:00-08:00,775536_1767857700_H30,774344,0.125,0.9524512547655485,0.7712518849544838,0.10935339762308943,0.5045061332479883,1.0,False
train,775536,2026-01-07T23:35:00-08:00,775536_1767857700_H30,718405,0.125,0.9524505775658247,0.6368006006002778,0.10934975259542919,0.49787989124679066,0.0,False
train,775536,2026-01-07T23:35:00-08:00,775536_1767857700_H30,759858,0.125,0.9524505775658247,0.4652130807137347,0.10934975259542919,0.48942397913930613,0.0,False
train,775536,2026-01-07T23:35:00-08:00,775536_1767857700_H30,759870,0.125,0.9921044749933496,0.29119380591962934,0.46378244769865906,0.5107320572116908,0.20546266846527972,False
train,775536,2026-01-07T23:40:00-08:00,775536_1767858000_H30,768701,0.125,0.9958156444715144,0.8229949661357914,0.30629948130341045,0.5326384489285304,0.0,False
train,775536,2026-01-07T23:40:00-08:00,775536_1767858000_H30,774344,0.125,0.9519863281123296,0.7712518849544838,0.17819769640278058,0.5068734528103771,0.550178004426056,False
train,775536,2026-01-07T23:40:00-08:00,775536_1767858000_H30,718405,0.125,0.9519856072645938,0.6368006006002778,0.17819446445438958,0.5002472078179148,0.1799455319006522,False
train,775536,2026-01-07T23:40:00-08:00,775536_1767858000_H30,759858,0.125,0.9519856072645938,0.4652130807137347,0.17819446445438958,0.4917912957104302,0.1799455319006522,False
train,775536,2026-01-07T23:40:00-08:00,775536_1767858000_H30,759870,0.125,0.9987576619810016,0.29119380591962934,0.46378244769865906,0.5135321167718188,1.0,False
train,775536,2026-01-07T23:45:00-08:00,775536_1767858300_H30,768701,0.125,0.9886009208614838,0.8229949661357914,0.11789155367172867,0.5225878657805326,1.0,False
train,775536,2026-01-07T23:45:00-08:00,775536_1767858300_H30,774344,0.125,0.9548554834083637,0.7712518849544838,0.24241225279527032,0.5104715941303235,0.33200224024333047,False
train,775536,2026-01-07T23:45:00-08:00,775536_1767858300_H30,718405,0.125,0.9548549561529269,0.6368006006002778,0.24240946098574961,0.5038454469989239,0.0,False
train,775536,2026-01-07T23:45:00-08:00,775536_1767858300_H30,759858,0.125,0.9548549561529269,0.4652130807137347,0.24240946098574961,0.4953895348914393,0.0,False
train,775536,2026-01-07T23:45:00-08:00,775536_1767858300_H30,759870,0.125,0.9803255321231498,0.29119380591962934,0.46378244769865906,0.5057747725820664,0.6490239915490008,False
train,775536,2026-01-07T23:50:00-08:00,775536_1767858600_H30,768701,0.125,0.988906318889785,0.8229949661357914,0.4019939498885934,0.5332931782387047,0.5799520576312454,False
train,775536,2026-01-07T23:50:00-08:00,775536_1767858600_H30,774344,0.125,0.9592425371680922,0.7712518849544838,0.3029801647052029,0.5145727979468843,0.23414105347707603,False
train,775536,2026-01-07T23:50:00-08:00,775536_1767858600_H30,718405,0.125,0.9462075864380645,0.6368006006002778,0.193314653583479,0.4983783766329795,0.0,False
train,775536,2026-01-07T23:50:00-08:00,775536_1767858600_H30,759858,0.125,0.9462075864380645,0.4652130807137347,0.193314653583479,0.489922464525495,0.0,False
train,775536,2026-01-07T23:50:00-08:00,775536_1767858600_H30,759870,0.125,0.9702740638424258,0.29119380591962934,0.10786223953480553,0.48829404126503323,1.0,False
train,775536,2026-01-07T23:55:00-08:00,775536_1767858900_H30,768701,0.125,0.9894108381324712,0.8229949661357914,0.5859412453400829,0.5403536416501856,1.0,False
train,775536,2026-01-07T23:55:00-08:00,775536_1767858900_H30,774344,0.125,0.9448592260168782,0.7712518849544838,0.1326130879595199,0.5021768824998533,0.2077768682248644,False
train,775536,2026-01-07T23:55:00-08:00,775536_1767858900_H30,718405,0.125,0.9431128997502245,0.6368006006002778,0.15414205325197186,0.49561759941048583,0.0,False
train,775536,2026-01-07T23:55:00-08:00,775536_1767858900_H30,759858,0.125,0.9431128997502245,0.4652130807137347,0.15414205325197186,0.4871616873030013,0.0,False
train,775536,2026-01-07T23:55:00-08:00,775536_1767858900_H30,759870,0.125,0.9953593806879286,0.29119380591962934,0.4760177469297223,0.5125574216094212,0.994788834252109,False
train,775511,2026-01-10T23:30:00-08:00,775511_1768116600_H30,764283,0.125,0.7790927308598632,0.36787944117144233,0.41433192016729276,0.42302207865160424,1.0,False
train,775511,2026-01-10T23:30:00-08:00,775511_1768116600_H30,764290,0.125,0.782107924018304,0.3403019123393269,0.9653585043649903,0.4434460609773611,0.4164730220936924,False
train,775511,2026-01-10T23:30:00-08:00,775511_1768116600_H30,764297,0.6332237778832464,0.8746542086617246,0.21460395078470418,0.7454974395027559,0.7183821951817102,0.8097378331718618,False
train,775511,2026-01-10T23:30:00-08:00,775511_1768116600_H30,764311,0.875,0.7829001597085091,0.14630264057470097,0.3129059586484811,0.779402259599714,0.1988869382789793,False
train,775511,2026-01-10T23:30:00-08:00,775511_1768116600_H30,764322,0.125,0.7565334770218114,0.1289022003850519,0.7521732874556878,0.414328303331392,0.0,False
train,775511,2026-01-10T23:35:00-08:00,775511_1768116900_H30,764283,0.125,0.7338487806612501,0.36787944117144233,0.28830931871619103,0.39928904823160866,1.0,False
train,775511,2026-01-10T23:35:00-08:00,775511_1768116900_H30,764290,0.125,0.5927286500607674,0.3403019123393269,0.11812111530116512,0.33220231447647897,0.0,False
train,775511,2026-01-10T23:35:00-08:00,775511_1768116900_H30,764297,0.6332237778832464,0.8364597216735572,0.21460395078470418,0.18909068143148733,0.6815933284457848,0.8334743755968417,False
train,775511,2026-01-10T23:35:00-08:00,775511_1768116900_H30,764311,0.875,0.7347816611798719,0.14630264057470097,0.18273559358098462,0.7543050309422795,0.7081512076582067,False
train,775511,2026-01-10T23:35:00-08:00,775511_1768116900_H30,764322,0.125,0.7844682946157779,0.1289022003850519,0.7010223120016632,0.42418065977528935,0.26038989775082877,False
train,775511,2026-01-10T23:40:00-08:00,775511_1768117200_H30,764283,0.125,0.8151558866964863,0.36787944117144233,0.1961656391333135,0.43007755230821193,1.0,False
train,775511,2026-01-10T23:40:00-08:00,775511_1768117200_H30,764290,0.125,0.5260264691012095,0.3403019123393269,0.2423587656747651,0.3087552566435571,0.0,False
train,775511,2026-01-10T23:40:00-08:00,775511_1768117200_H30,764297,0.6332237778832464,0.8135821243297652,0.21460395078470418,0.2496195677773156,0.6742184812572677,0.8656828462107082,False
train,775511,2026-01-10T23:40:00-08:00,775511_1768117200_H30,764311,0.875,0.7681439113166426,0.14630264057470097,0.3289515064584159,0.7737893024923739,0.2712425935784841,False
train,775511,2026-01-10T23:40:00-08:00,775511_1768117200_H30,764322,0.125,0.7907221872424133,0.1289022003850519,0.9563302569722636,0.43631747303663926,0.3610465316690349,False
train,775511,2026-01-10T23:45:00-08:00,775511_1768117500_H30,764283,0.125,0.81105069057166,0.36787944117144233,0.3861703770650418,0.4354234825368588,0.510849812080376,False
train,775511,2026-01-10T23:45:00-08:00,775511_1768117500_H30,764290,0.125,0.7077904112006244,0.3403019123393269,0.5974274238902387,0.39847117906876117,0.19123068381974095,False
train,775511,2026-01-10T23:45:00-08:00,775511_1768117500_H30,764297,0.6332237778832464,0.8391586870483367,0.21460395078470418,0.35634289779298906,0.6889558089660446,0.4910114109748256,False
train,775511,2026-01-10T23:45:00-08:00,775511_1768117500_H30,764311,0.875,0.8395036560672648,0.14630264057470097,0.9355209736337314,0.8264035919877631,1.0,False
train,775511,2026-01-10T23:45:00-08:00,775511_1768117500_H30,764322,0.125,0.8287593968541452,0.1289022003850519,0.38152722763969316,0.43092659938773714,0.0,False
train,775511,2026-01-10T23:50:00-08:00,775511_1768117800_H30,764283,0.125,0.8279829197516361,0.36787944117144233,0.18863751969668532,0.4351956734356641,0.5047366361580088,False
train,775511,2026-01-10T23:50:00-08:00,775511_1768117800_H30,764290,0.125,0.6526598309465745,0.3403019123393269,0.9797399306793553,0.38950195325632037,0.1871386441939702,False
train,775511,2026-01-10T23:50:00-08:00,775511_1768117800_H30,764297,0.6332237778832464,0.8741954676068323,0.21460395078470418,0.667604979327844,0.7152892890103281,0.5273003178117752,False
train,775511,2026-01-10T23:50:00-08:00,775511_1768117800_H30,764311,0.875,0.8282056074871065,0.14630264057470097,0.33213545049634974,0.7991853958028272,1.0,False
train,775511,2026-01-10T23:50:00-08:00,775511_1768117800_H30,764322,0.125,0.8117287199899481,0.1289022003850519,0.2622873995203679,0.4193199184553804,0.0,False
train,775511,2026-01-10T23:55:00-08:00,775511_1768118100_H30,764283,0.125,0.8072778134477068,0.36787944117144233,0.3148426053384688,0.4311801846901821,0.5248220260455103,False
train,775511,2026-01-10T23:55:00-08:00,775511_1768118100_H30,764290,0.125,0.7023145914434464,0.3403019123393269,0.5789238938833908,0.39547776249757766,0.4254506916431311,False
train,775511,2026-01-10T23:55:00-08:00,775511_1768118100_H30,764297,0.6332237778832464,0.9023588450478696,0.21460395078470418,0.7818979157542333,0.7313971104187115,0.5130495737687939,False
train,775511,2026-01-10T23:55:00-08:00,775511_1768118100_H30,764311,0.875,0.8749086596884084,0.14630264057470097,0.5591123238942431,0.8272909070741784,1.0,False
train,775511,2026-01-10T23:55:00-08:00,775511_1768118100_H30,764322,0.125,0.6745866435851424,0.1289022003850519,0.3540636318869201,0.36501903514584,0.0,False
train,769895,2026-01-14T23:30:00-08:00,769895_1768462200_H30,770116,0.125,0.9933420566853433,0.6578152456099651,0.2214544085820006,0.5202986045672366,0.7755823296718823,False
train,769895,2026-01-14T23:30:00-08:00,769895_1768462200_H30,769880,0.7658937862112813,0.23791371894152502,0.6556829452252355,0.17733836516414622,0.5163457165932485,0.0,False
train,769895,2026-01-14T23:30:00-08:00,769895_1768462200_H30,769866,0.6243720392939975,0.28691252678765555,0.5758269762031877,0.10415542592942935,0.46058951756862543,1.0,False
train,769895,2026-01-14T23:30:00-08:00,769895_1768462200_H30,769847,0.7658937862112813,0.23638729033347616,0.4441076408043507,0.11801644863875432,0.5030682934759131,0.9179948256984424,False
train,769895,2026-01-14T23:30:00-08:00,769895_1768462200_H30,770385,0.7328502923767137,0.9959469237096581,0.33157670652330645,0.42949846451724233,0.8125087496536257,0.6505006534100944,False
train,775511,2026-01-14T23:30:00-08:00,775511_1768462200_H30,764283,0.125,0.8471451052868324,0.36787944117144233,0.40155028481566346,0.45118674907571504,0.8894893310395032,False
train,775511,2026-01-14T23:30:00-08:00,775511_1768462200_H30,764290,0.125,0.17831630875563032,0.3403019123393269,0.249312010616871,0.16267685670840895,0.0,False
train,775511,2026-01-14T23:30:00-08:00,775511_1768462200_H30,764297,0.6332237778832464,0.6668161438349054,0.21460395078470418,0.1498474340122501,0.608736172700358,0.9693291656470382,False
train,775511,2026-01-14T23:30:00-08:00,775511_1768462200_H30,764311,0.875,0.8180441230212373,0.14630264057470097,0.9903731493397256,0.8194142142341013,0.8928782985878891,False
train,775511,2026-01-14T23:30:00-08:00,775511_1768462200_H30,764322,0.125,0.5603982164734432,0.1289022003850519,0.5419441546793993,0.32395626670370387,1.0,False
train,769895,2026-01-14T23:35:00-08:00,769895_1768462500_H30,770116,0.125,0.9921044749933496,0.6578152456099651,0.46378244769865906,0.5287993308268744,0.0,False
train,769895,2026-01-14T23:35:00-08:00,769895_1768462500_H30,769880,0.7658937862112813,0.25998052427017826,0.6556829452252355,0.35206490180784883,0.5321376039020117,1.0,False
train,769895,2026-01-14T23:35:00-08:00,769895_1768462500_H30,769866,0.6243720392939975,0.4234694749742881,0.5758269762031877,0.31110123529103995,0.525765197971689,0.46097648227708077,False
train,769895,2026-01-14T23:35:00-08:00,769895_1768462500_H30,769847,0.7658937862112813,0.3995660801978106,0.4441076408043507,0.2761851959055514,0.577632129293666,0.54678379638435,False
train,769895,2026-01-14T23:35:00-08:00,769895_1768462500_H30,770385,0.7328502923767137,0.9963522287618917,0.33157670652330645,0.4930760871548908,0.8150462429648668,0.35209088768057484,False
train,775511,2026-01-14T23:35:00-08:00,775511_1768462500_H30,764283,0.125,0.7918123311535618,0.36787944117144233,0.5263409999340146,0.4325452084970241,0.9813954788572281,False
train,775511,2026-01-14T23:35:00-08:00,775511_1768462500_H30,764290,0.125,0.3987297334040766,0.3403019123393269,0.5035511241825112,0.26490503630716017,0.0,False
train,775511,2026-01-14T23:35:00-08:00,775511_1768462500_H30,764297,0.6332237778832464,0.5834540773036551,0.21460395078470418,0.0949972017767236,0.5716104156816373,0.9699714866098884,False
train,775511,2026-01-14T23:35:00-08:00,775511_1768462500_H30,764311,0.875,0.5659950791890717,0.14630264057470097,0.09948172351061918,0.6801700890426725,1.0,False
train,775511,2026-01-14T23:35:00-08:00,775511_1768462500_H30,764322,0.125,0.2981532290985942,0.1289022003850519,0.11253236997305636,0.1976013970848696,0.6605685905439909,False
train,769895,2026-01-14T23:40:00-08:00,769895_1768462800_H30,770116,0.125,0.9987576619810016,0.6578152456099651,0.46378244769865906,0.5315993903870023,0.0,False
train,769895,2026-01-14T23:40:00-08:00,769895_1768462800_H30,769880,0.7658937862112813,0.22112058961997572,0.6556829452252355,0.20816688532759625,0.5104258698699583,0.36327029302648706,False
train,769895,2026-01-14T23:40:00-08:00,769895_1768462800_H30,769866,0.6243720392939975,0.5373178790611548,0.5758269762031877,0.9434286324724137,0.5972201961098847,0.9444457901483493,False
train,769895,2026-01-14T23:40:00-08:00,769895_1768462800_H30,769847,0.7658937862112813,0.4513055707422283,0.4441076408043507,0.5743546747876426,0.6105076885775982,1.0,False
train,769895,2026-01-14T23:40:00-08:00,769895_1768462800_H30,770385,0.7328502923767137,0.9970277371822792,0.33157670652330645,0.5613913986235088,0.8178738323629169,0.38875351107605827,False
train,775511,2026-01-14T23:40:00-08:00,775511_1768462800_H30,764283,0.125,0.7175503228987723,0.36787944117144233,0.18302043954682395,0.388509905617057,1.0,False
train,775511,2026-01-14T23:40:00-08:00,775511_1768462800_H30,764290,0.125,0.2887831273736461,0.3403019123393269,0.506667019232981,0.21874892045625013,0.0,False
train,775511,2026-01-14T23:40:00-08:00,775511_1768462800_H30,764297,0.6332237778832464,0.6988022767501698,0.21460395078470418,0.5484598073760824,0.6370377014023427,0.8216116075583881,False
train,775511,2026-01-14T23:40:00-08:00,775511_1768462800_H30,764311,0.875,0.7692328635416419,0.14630264057470097,0.8942940208825197,0.7952946050735218,0.9203282048568309,False
train,775511,2026-01-14T23:40:00-08:00,775511_1768462800_H30,764322,0.125,0.4090867036993383,0.1289022003850519,0.36606614823105105,0.2537275979144863,0.691107370104083,False
train,769895,2026-01-14T23:45:00-08:00,769895_1768463100_H30,770116,0.125,0.9803255321231498,0.6578152456099651,0.46378244769865906,0.5238420461972499,0.0,False
train,769895,2026-01-14T23:45:00-08:00,769895_1768463100_H30,769880,0.7658937862112813,0.2313910701787495,0.6556829452252355,0.851090681780143,0.538683565159068,1.0,False
train,769895,2026-01-14T23:45:00-08:00,769895_1768463100_H30,769866,0.6243720392939975,0.45383930640644077,0.5758269762031877,0.44170359844174756,0.5434088072607653,0.6761814656108533,False
train,769895,2026-01-14T23:45:00-08:00,769895_1768463100_H30,769847,0.7658937862112813,0.24555023629206674,0.4441076408043507,0.6924373141663671,0.5283095920338765,0.6470247086815346,False
train,769895,2026-01-14T23:45:00-08:00,769895_1768463100_H30,770385,0.7328502923767137,0.9979734489708242,0.33157670652330645,0.6394149917143159,0.8211765669020191,0.3284102677213191,False
train,775511,2026-01-14T23:45:00-08:00,775511_1768463100_H30,764283,0.125,0.8161359221595268,0.36787944117144233,0.4499633431399006,0.43993858619782705,1.0,False
train,775511,2026-01-14T23:45:00-08:00,775511_1768463100_H30,764290,0.125,0.27380159969384266,0.3403019123393269,0.21027165831993266,0.20140936169977514,0.0,False
train,775511,2026-01-14T23:45:00-08:00,775511_1768463100_H30,764297,0.6332237778832464,0.7386403605128359,0.21460395078470418,0.4570968375698214,0.6504026220894301,0.8660371707290332,False
train,775511,2026-01-14T23:45:00-08:00,775511_1768463100_H30,764311,0.875,0.7696117333929678,0.14630264057470097,0.43504372678840175,0.7783567327700138,0.9799375413399783,False
train,775511,2026-01-14T23:45:00-08:00,775511_1768463100_H30,764322,0.125,0.6196267497522009,0.1289022003850519,0.8025640038304903,0.35858573719026654,0.8358989024328629,False
train,769895,2026-01-14T23:50:00-08:00,769895_1768463400_H30,770116,0.125,0.9702740638424258,0.6578152456099651,0.10786223953480553,0.5063613148802169,0.0,False
train,769895,2026-01-14T23:50:00-08:00,769895_1768463400_H30,769880,0.7658937862112813,0.03337488077934547,0.6556829452252355,0.1425341301320437,0.4289678043105653,0.5026310959863932,False
train,769895,2026-01-14T23:50:00-08:00,769895_1768463400_H30,769866,0.6243720392939975,0.578341714561622,0.5758269762031877,0.4008649219844307,0.5942865036875212,0.9598318663827599,False
train,769895,2026-01-14T23:50:00-08:00,769895_1768463400_H30,769847,0.7658937862112813,0.40442853927070865,0.4441076408043507,0.8737567867412613,0.601925398424025,1.0,False
train,769895,2026-01-14T23:50:00-08:00,769895_1768463400_H30,770385,0.7328502923767137,0.9991893641275229,0.33157670652330645,0.7397075037449761,0.8254220636560171,0.5221181943033515,False
train,775511,2026-01-14T23:50:00-08:00,775511_1768463400_H30,764283,0.125,0.7413794799508936,0.36787944117144233,0.5135653906267181,0.4108444239469684,1.0,False
train,775511,2026-01-14T23:50:00-08:00,775511_1768463400_H30,764290,0.125,0.02846298811243242,0.3403019123393269,0.19816511307951146,0.09770546822927755,0.0,False
train,775511,2026-01-14T23:50:00-08:00,775511_1768463400_H30,764297,0.6332237778832464,0.505627201584511,0.21460395078470418,0.3671299309063419,0.5489873718336955,0.8327519198409131,False
train,775511,2026-01-14T23:50:00-08:00,775511_1768463400_H30,764311,0.875,0.658420407474464,0.14630264057470097,0.3689287077367409,0.7290993824844079,0.9672993510749002,False
train,775511,2026-01-14T23:50:00-08:00,775511_1768463400_H30,764322,0.125,0.42861823532552457,0.1289022003850519,0.7898814034434907,0.27772575674117755,0.6557525624429268,False
train,769895,2026-01-14T23:55:00-08:00,769895_1768463700_H30,770116,0.125,0.9953593806879286,0.6578152456099651,0.4760177469297223,0.5306246952246048,0.4656565159985392,False
train,769895,2026-01-14T23:55:00-08:00,769895_1768463700_H30,769880,0.7658937862112813,0.2325265501210655,0.6556829452252355,0.7943808186526343,0.5370502046920163,0.0,False
train,769895,2026-01-14T23:55:00-08:00,769895_1768463700_H30,769866,0.6243720392939975,0.6617170060221093,0.5758269762031877,0.6289052505246299,0.6378654807562646,0.838834030957665,False
train,769895,2026-01-14T23:55:00-08:00,769895_1768463700_H30,769847,0.7658937862112813,0.36385008364869287,0.4441076408043507,0.43806016091619976,0.5686271046177457,0.6874125628564205,False
train,769895,2026-01-14T23:55:00-08:00,769895_1768463700_H30,770385,0.7328502923767137,1.0,0.33157670652330645,1.0,0.8354535971769596,1.0,False
train,775511,2026-01-14T23:55:00-08:00,775511_1768463700_H30,764283,0.125,0.8473437394126357,0.36787944117144233,0.30130594534363137,0.4475383727857183,1.0,False
train,775511,2026-01-14T23:55:00-08:00,775511_1768463700_H30,764290,0.125,0.2907079445174169,0.3403019123393269,0.40922197065051247,0.2159312395213783,0.0,False
train,775511,2026-01-14T23:55:00-08:00,775511_1768463700_H30,764297,0.6332237778832464,0.730154406960396,0.21460395078470418,0.7591458075984201,0.6580761361299107,0.8301549803561015,False
train,775511,2026-01-14T23:55:00-08:00,775511_1768463700_H30,764311,0.875,0.7907886339389506,0.14630264057470097,0.9179223586691133,0.8052462182303771,0.969341897477153,False
train,775511,2026-01-14T23:55:00-08:00,775511_1768463700_H30,764322,0.125,0.545342583917426,0.1289022003850519,0.9140055027769115,0.3314713410437537,0.5983859227950097,False
train,775511,2026-01-16T23:30:00-08:00,775511_1768635000_H30,764283,0.125,0.881401578504396,0.36787944117144233,0.6402789271016082,0.4744914983518674,1.0,False
train,775511,2026-01-16T23:30:00-08:00,775511_1768635000_H30,764290,0.125,0.24250894370187592,0.3403019123393269,0.45163178617046956,0.19722507847609516,0.0,False
train,775511,2026-01-16T23:30:00-08:00,775511_1768635000_H30,764297,0.6332237778832464,0.6350133423875178,0.21460395078470418,0.2483544310241337,0.59901894340784,0.6821630041082738,False
train,775511,2026-01-16T23:30:00-08:00,775511_1768635000_H30,764311,0.875,0.7826007156000624,0.14630264057470097,0.39487378513803045,0.7823277969187156,0.945078106650294,False
train,775511,2026-01-16T23:30:00-08:00,775511_1768635000_H30,764322,0.125,0.639516209895246,0.1289022003850519,0.7696123315676152,0.36572966302958265,0.8678656343100614,False
train,775511,2026-01-16T23:35:00-08:00,775511_1768635300_H30,764283,0.125,0.9501347740310371,0.36787944117144233,0.4938838577504135,0.4979684353090556,0.9273972500429447,False
train,775511,2026-01-16T23:35:00-08:00,775511_1768635300_H30,764290,0.125,0.11162541209590382,0.3403019123393269,0.9339841600635426,0.16009883487640983,0.0,False
train,775511,2026-01-16T23:35:00-08:00,775511_1768635300_H30,764297,0.6332237778832464,0.6876819427135152,0.21460395078470418,0.9637579893891487,0.6478186391859625,0.7709842934283346,False
train,775511,2026-01-16T23:35:00-08:00,775511_1768635300_H30,764311,0.875,0.8456625575722876,0.14630264057470097,0.5887137546700555,0.8160844205315791,1.0,False
train,775511,2026-01-16T23:35:00-08:00,775511_1768635300_H30,764322,0.125,0.7216129813288633,0.1289022003850519,0.41041581892608164,0.3869084571841158,0.7646777650810722,False
train,775511,2026-01-16T23:40:00-08:00,775511_1768635600_H30,764283,0.125,0.9330728460447115,0.36787944117144233,0.44853215412046393,0.48909936600216086,1.0,False
train,775511,2026-01-16T23:40:00-08:00,775511_1768635600_H30,764290,0.125,0.42302058004905674,0.3403019123393269,0.6526087236898005,0.280677310456325,0.0,False
train,775511,2026-01-16T23:40:00-08:00,775511_1768635600_H30,764297,0.6332237778832464,0.8215656001406618,0.21460395078470418,0.6873645023005667,0.6938751113783366,0.6754948194932946,False
train,775511,2026-01-16T23:40:00-08:00,775511_1768635600_H30,764311,0.875,0.8802651325287791,0.14630264057470097,0.48965235265480644,0.8269593223858615,0.987809817761266,False
train,775511,2026-01-16T23:40:00-08:00,775511_1768635600_H30,764322,0.125,0.7446030821089271,0.1289022003850519,0.24223741616458638,0.39032299350296235,0.6417560020747686,False
train,775511,2026-01-16T23:45:00-08:00,775511_1768635900_H30,764283,0.125,0.8522035934673685,0.36787944117144233,0.17077615494033702,0.4447242269360905,0.9364000073129708,False
train,775511,2026-01-16T23:45:00-08:00,775511_1768635900_H30,764290,0.125,0.3646730182829738,0.3403019123393269,0.29775755671952775,0.24291048951727298,0.0,False
train,775511,2026-01-16T23:45:00-08:00,775511_1768635900_H30,764297,0.6332237778832464,0.7029970816824427,0.21460395078470418,0.6051629581608379,0.6409141150962236,0.7389878848450869,False
train,775511,2026-01-16T23:45:00-08:00,775511_1768635900_H30,764311,0.875,0.7989477917489725,0.14630264057470097,0.793191943608939,0.8040365206133759,1.0,False
train,775511,2026-01-16T23:45:00-08:00,775511_1768635900_H30,764322,0.125,0.6177936630823707,0.1289022003850519,0.28620470152131355,0.33859084298914216,0.6244134388026229,False
train,775511,2026-01-16T23:50:00-08:00,775511_1768636200_H30,764283,0.125,0.7862185495943321,0.36787944117144233,0.08090607836968046,0.4136080160852567,1.0,False
train,775511,2026-01-16T23:50:00-08:00,775511_1768636200_H30,764290,0.125,0.21729219121017407,0.3403019123393269,0.47286385377449947,0.18740280248914043,0.0,False
train,775511,2026-01-16T23:50:00-08:00,775511_1768636200_H30,764297,0.6332237778832464,0.7263840500979764,0.21460395078470418,0.712142536139818,0.6547394701785059,0.6699203965823466,False
train,775511,2026-01-16T23:50:00-08:00,775511_1768636200_H30,764311,0.875,0.8584209798062609,0.14630264057470097,0.8141535174086055,0.8298467737466216,0.9644035680537483,False
train,775511,2026-01-16T23:50:00-08:00,775511_1768636200_H30,764322,0.125,0.5742069586404861,0.1289022003850519,0.19576951141994742,0.31688015638106387,0.558988490734373,False
train,775511,2026-01-16T23:55:00-08:00,775511_1768636500_H30,764283,0.125,0.8188284798927773,0.36787944117144233,0.4013693787103523,0.4392626822458619,0.9292947424254184,False
train,775511,2026-01-16T23:55:00-08:00,775511_1768636500_H30,764290,0.125,0.20099279590000785,0.3403019123393269,0.3337902953168258,0.17536550325413158,0.0,False
train,775511,2026-01-16T23:55:00-08:00,775511_1768636500_H30,764297,0.6332237778832464,0.7705927839689772,0.21460395078470418,0.3978667905629513,0.6616450538102809,0.6794435172966959,False
train,775511,2026-01-16T23:55:00-08:00,775511_1768636500_H30,764311,0.875,0.8796004597813332,0.14630264057470097,0.3767812959187607,0.8224775377090816,1.0,False
train,775511,2026-01-16T23:55:00-08:00,775511_1768636500_H30,764322,0.125,0.7404655706245378,0.1289022003850519,0.5889044032747845,0.40148766628647015,0.7222308468524412,False
train,775536,2026-01-17T23:30:00-08:00,775536_1768721400_H30,768701,0.125,0.9885549641462144,0.8229949661357914,0.9078757827737943,0.5519786653653961,0.0,False
train,775536,2026-01-17T23:30:00-08:00,775536_1768721400_H30,774344,0.125,0.95891106235598,0.7712518849544838,0.600046284418831,0.5254926996463021,0.870366085675341,False
train,775536,2026-01-17T23:30:00-08:00,775536_1768721400_H30,718405,0.125,0.9589116890124096,0.6368006006002778,0.60005204529853,0.5188673565562236,1.0,False
train,775536,2026-01-17T23:30:00-08:00,775536_1768721400_H30,759858,0.125,0.9589116890124096,0.4652130807137347,0.60005204529853,0.5104114444487391,1.0,False
train,775536,2026-01-17T23:30:00-08:00,775536_1768721400_H30,759870,0.125,0.9923919326094549,0.29119380591962934,0.4047382325726835,0.508654893106704,0.10256081347576995,False
train,775536,2026-01-17T23:35:00-08:00,775536_1768721700_H30,768701,0.125,0.9806112487788539,0.8229949661357914,0.39516102088334537,0.5295477343836474,0.0,False
train,775536,2026-01-17T23:35:00-08:00,775536_1768721700_H30,774344,0.125,0.9392901469353125,0.7712518849544838,0.28002675247161846,0.5053211098416126,0.8661897624860103,False
train,775536,2026-01-17T23:35:00-08:00,775536_1768721700_H30,718405,0.125,0.9392900484365586,0.6368006006002778,0.2800194268692322,0.498694974369174,1.0,False
train,775536,2026-01-17T23:35:00-08:00,775536_1768721700_H30,759858,0.125,0.9392900484365586,0.4652130807137347,0.2800194268692322,0.49023906226168945,1.0,False
train,775536,2026-01-17T23:35:00-08:00,775536_1768721700_H30,759870,0.125,0.976384704683947,0.29119380591962934,0.27256949276160375,0.49699761330891995,0.08766550385821159,False
train,775536,2026-01-17T23:40:00-08:00,775536_1768722000_H30,768701,0.125,0.9823300773812716,0.8229949661357914,0.39516102088334537,0.5302711204044152,1.0,False
train,775536,2026-01-17T23:40:00-08:00,775536_1768722000_H30,774344,0.125,0.9300990509671077,0.7712518849544838,0.23789659012532705,0.4998844920699139,0.17921343634232945,False
train,775536,2026-01-17T23:40:00-08:00,775536_1768722000_H30,718405,0.125,0.9300996164863375,0.6368006006002778,0.23789810144241402,0.49325896504365235,0.0,False
train,775536,2026-01-17T23:40:00-08:00,775536_1768722000_H30,759858,0.125,0.9300996164863375,0.4652130807137347,0.23789810144241402,0.4848030529361678,0.0,False
train,775536,2026-01-17T23:40:00-08:00,775536_1768722000_H30,759870,0.125,0.992223482156666,0.29119380591962934,0.7397268742968275,0.5210552140584066,0.986741387066854,False
train,775536,2026-01-17T23:45:00-08:00,775536_1768722300_H30,768701,0.125,0.9869315897744616,0.8229949661357914,0.4441948873675209,0.5340331829376544,1.0,False
train,775536,2026-01-17T23:45:00-08:00,775536_1768722300_H30,774344,0.125,0.919425790556504,0.7712518849544838,0.21649691749880298,0.4945958613576973,0.16124001701242852,False
train,775536,2026-01-17T23:45:00-08:00,775536_1768722300_H30,718405,0.125,0.9194264755467509,0.6368006006002778,0.21649770091018186,0.48797035751296114,0.0,False
train,775536,2026-01-17T23:45:00-08:00,775536_1768722300_H30,759858,0.125,0.9194264755467509,0.4652130807137347,0.21649770091018186,0.4795144454054766,0.0,False
train,775536,2026-01-17T23:45:00-08:00,775536_1768722300_H30,759870,0.125,0.9800324346932366,0.29119380591962934,0.27256949276160375,0.49853279656834637,0.9774754096147225,False
train,775536,2026-01-17T23:50:00-08:00,775536_1768722600_H30,768701,0.125,0.9770734373442921,0.8229949661357914,0.15055097753213087,0.5189522804762442,0.9893573799047487,False
train,775536,2026-01-17T23:50:00-08:00,775536_1768722600_H30,774344,0.125,0.8963309700982555,0.7712518849544838,0.15734084449867658,0.4826738698858739,0.12614311970009884,False
train,775536,2026-01-17T23:50:00-08:00,775536_1768722600_H30,718405,0.125,0.8963306863567543,0.6368006006002778,0.1573378367660149,0.47604781720117006,0.0,False
train,775536,2026-01-17T23:50:00-08:00,775536_1768722600_H30,759858,0.125,0.8963306863567543,0.4652130807137347,0.1573378367660149,0.46759190509368553,0.0,False
train,775536,2026-01-17T23:50:00-08:00,775536_1768722600_H30,759870,0.125,0.9861789115572469,0.29119380591962934,0.27256949276160375,0.5011196021603309,1.0,False
train,775536,2026-01-17T23:55:00-08:00,775536_1768722900_H30,768701,0.125,0.9794031542919966,0.8229949661357914,0.4441948873675209,0.5308647663901253,1.0,False
train,775536,2026-01-17T23:55:00-08:00,775536_1768722900_H30,774344,0.125,0.8638454550645678,0.7712518849544838,0.13922315395002946,0.46832752019361407,0.07651974128843309,False
train,775536,2026-01-17T23:55:00-08:00,775536_1768722900_H30,718405,0.125,0.8638457516137725,0.6368006006002778,0.13922361536672437,0.46170184088215677,0.0,False
train,775536,2026-01-17T23:55:00-08:00,775536_1768722900_H30,759858,0.125,0.8638457516137725,0.4652130807137347,0.13922361536672437,0.45324592877467224,0.0,False
train,775536,2026-01-17T23:55:00-08:00,775536_1768722900_H30,759870,0.125,0.9644728260432349,0.29119380591962934,0.13425494189654452,0.486835100786434,0.9780231024407693,False
train,775536,2026-01-19T23:30:00-08:00,775536_1768894200_H30,768701,0.125,0.9874062043352021,0.8229949661357914,0.2214619790861544,0.5259408570260994,0.7501243190953253,False
train,775536,2026-01-19T23:30:00-08:00,775536_1768894200_H30,774344,0.125,0.9564740058676477,0.7712518849544838,0.1310727864350811,0.5070077339680698,0.0,False
train,775536,2026-01-19T23:30:00-08:00,775536_1768894200_H30,718405,0.125,0.9564751648339309,0.6368006006002778,0.1310748758077729,0.5003824782201702,1.0,False
train,775536,2026-01-19T23:30:00-08:00,775536_1768894200_H30,759858,0.125,0.9564751648339309,0.4652130807137347,0.1310748758077729,0.4919265661126857,1.0,False
train,775536,2026-01-19T23:30:00-08:00,775536_1768894200_H30,759870,0.125,0.9848626001852497,0.29119380591962934,0.6460699830605973,0.5144705832299057,0.5788086590990615,False
train,775536,2026-01-19T23:35:00-08:00,775536_1768894500_H30,768701,0.125,0.9889064810495041,0.8229949661357914,0.1840639872721862,0.5251799820986683,0.4880198920284843,False
train,775536,2026-01-19T23:35:00-08:00,775536_1768894500_H30,774344,0.125,0.9583062577465666,0.7712518849544838,0.19642682696595556,0.5102119058199515,0.0,False
train,775536,2026-01-19T23:35:00-08:00,775536_1768894500_H30,718405,0.125,0.9583075226460316,0.6368006006002778,0.19642873386891788,0.5035866878619558,1.0,False
train,775536,2026-01-19T23:35:00-08:00,775536_1768894500_H30,759858,0.125,0.9583075226460316,0.4652130807137347,0.19642873386891788,0.4951307757544713,1.0,False
train,775536,2026-01-19T23:35:00-08:00,775536_1768894500_H30,759870,0.125,0.9755775453787692,0.29119380591962934,0.7021911345506271,0.5126521974860796,0.5099666313711793,False
train,775536,2026-01-19T23:40:00-08:00,775536_1768894800_H30,768701,0.125,0.9986642383041978,0.8229949661357914,0.28359352852577946,0.5329919931360853,0.4880844120669333,False
train,775536,2026-01-19T23:40:00-08:00,775536_1768894800_H30,774344,0.125,0.9622978676113371,0.7712518849544838,0.25698698042774565,0.5141463943239278,0.0,False
train,775536,2026-01-19T23:40:00-08:00,775536_1768894800_H30,718405,0.125,0.962298842576714,0.6368006006002778,0.25698868812687253,0.5075210469281896,1.0,False
train,775536,2026-01-19T23:40:00-08:00,775536_1768894800_H30,759858,0.125,0.962298842576714,0.4652130807137347,0.25698868812687253,0.499065134820705,1.0,False
train,775536,2026-01-19T23:40:00-08:00,775536_1768894800_H30,759870,0.125,0.9598960115280084,0.29119380591962934,0.13063033233118634,0.4847739633670334,0.24207077455425274,False
train,775536,2026-01-19T23:45:00-08:00,775536_1768895100_H30,768701,0.125,0.9854824162004551,0.8229949661357914,0.1830924883024877,0.5237027628231316,0.6142994904560785,False
train,775536,2026-01-19T23:45:00-08:00,775536_1768895100_H30,774344,0.125,0.9678301741319434,0.7712518849544838,0.3127119019142816,0.5185492905191912,0.0,False
train,775536,2026-01-19T23:45:00-08:00,775536_1768895100_H30,718405,0.125,0.9678311937680258,0.6368006006002778,0.3127133635999175,0.5119239527647815,1.0,False
train,775536,2026-01-19T23:45:00-08:00,775536_1768895100_H30,759858,0.125,0.9678311937680258,0.4652130807137347,0.3127133635999175,0.503468040657297,1.0,False
train,775536,2026-01-19T23:45:00-08:00,775536_1768895100_H30,759870,0.125,0.9866893349337216,0.29119380591962934,0.5471582382487036,0.5115570200525673,0.4480481433558755,False
train,775536,2026-01-19T23:50:00-08:00,775536_1768895400_H30,768701,0.125,0.9940231733976467,0.8229949661357914,0.7846590606756525,0.5496928083540794,0.2902326611615358,False
train,775536,2026-01-19T23:50:00-08:00,775536_1768895400_H30,774344,0.125,0.9572058046374992,0.7712518849544838,0.20541018749037002,0.5100832087028098,0.0,False
train,775536,2026-01-19T23:50:00-08:00,775536_1768895400_H30,718405,0.125,0.9572058403226148,0.6368006006002778,0.20540022434928637,0.5034570315106593,1.0,False
train,775536,2026-01-19T23:50:00-08:00,775536_1768895400_H30,759858,0.125,0.9572058403226148,0.4652130807137347,0.20540022434928637,0.4950011194031748,1.0,False
train,775536,2026-01-19T23:50:00-08:00,775536_1768895400_H30,759870,0.125,0.9845317465838749,0.29119380591962934,0.5471582382487036,0.5106489776516817,0.35142623497106196,False
train,775536,2026-01-19T23:55:00-08:00,775536_1768895700_H30,768701,0.125,0.9989831560183979,0.8229949661357914,0.3537368550505733,0.5357375625593919,0.5593475279313692,False
train,775536,2026-01-19T23:55:00-08:00,775536_1768895700_H30,774344,0.125,0.9524443053341818,0.7712518849544838,0.14450243950988714,0.5058117640962401,0.0,False
train,775536,2026-01-19T23:55:00-08:00,775536_1768895700_H30,718405,0.125,0.9524438514353086,0.6368006006002778,0.14449678977332248,0.4991855414405682,1.0,False
train,775536,2026-01-19T23:55:00-08:00,775536_1768895700_H30,759858,0.125,0.9524438514353086,0.4652130807137347,0.14449678977332248,0.4907296293330837,1.0,False
train,775536,2026-01-19T23:55:00-08:00,775536_1768895700_H30,759870,0.125,0.9783719433954294,0.29119380591962934,0.4760177469297223,0.5054080905773584,0.35205609459921483,False
train,775511,2026-01-20T23:30:00-08:00,775511_1768980600_H30,764283,0.125,0.9634687717721797,0.36787944117144233,0.9144394351699581,0.5192369468975692,0.933051566405026,False
train,775511,2026-01-20T23:30:00-08:00,775511_1768980600_H30,764290,0.125,1.0,0.3403019123393269,1.0,0.536437756905202,0.0,False
train,775511,2026-01-20T23:30:00-08:00,775511_1768980600_H30,764297,0.6332237778832464,0.996465896637688,0.21460395078470418,0.5859514856221436,0.7637081495116164,0.8681483632806231,False
train,775511,2026-01-20T23:30:00-08:00,775511_1768980600_H30,764311,0.875,0.8653116609890332,0.14630264057470097,0.181098702822275,0.8091789331954793,1.0,False
train,775511,2026-01-20T23:30:00-08:00,775511_1768980600_H30,764322,0.125,0.7502009008266136,0.1289022003850519,0.47888169880389386,0.40148886638306414,0.7592762717089189,False
train,775511,2026-01-20T23:35:00-08:00,775511_1768980900_H30,764283,0.125,0.9504416609034005,0.36787944117144233,0.36005844102830703,0.49311543606748603,0.8936260329121692,False
train,775511,2026-01-20T23:35:00-08:00,775511_1768980900_H30,764290,0.125,1.0,0.3403019123393269,1.0,0.536437756905202,0.0,False
train,775511,2026-01-20T23:35:00-08:00,775511_1768980900_H30,764297,0.6332237778832464,0.9973129349519675,0.21460395078470418,0.6569945996418689,0.7667094816952951,0.8672260792056965,False
train,775511,2026-01-20T23:35:00-08:00,775511_1768980900_H30,764311,0.875,0.8927579058789592,0.14630264057470097,0.32935388074778177,0.8262493147424134,1.0,False
train,775511,2026-01-20T23:35:00-08:00,775511_1768980900_H30,764322,0.125,0.755888321872715,0.1289022003850519,0.6373446596052086,0.40978185486478574,0.636465489196637,False
train,775511,2026-01-20T23:40:00-08:00,775511_1768981200_H30,764283,0.125,0.9576110628941082,0.36787944117144233,0.8660297274134775,0.5149694383083189,0.8890938150884862,False
train,775511,2026-01-20T23:40:00-08:00,775511_1768981200_H30,764290,0.125,1.0,0.3403019123393269,1.0,0.536437756905202,0.0,False
train,775511,2026-01-20T23:40:00-08:00,775511_1768981200_H30,764297,0.6332237778832464,0.9965023145402973,0.21460395078470418,0.6569945996418689,0.7663683240760151,0.8461589220745738,False
train,775511,2026-01-20T23:40:00-08:00,775511_1768981200_H30,764311,0.875,0.9017090438643144,0.14630264057470097,0.35550128710025186,0.8309899254813675,1.0,False
train,775511,2026-01-20T23:40:00-08:00,775511_1768981200_H30,764322,0.125,0.834804783047929,0.1289022003850519,0.9386574629483273,0.4542121331881534,0.6151291152891336,False
train,775511,2026-01-20T23:45:00-08:00,775511_1768981500_H30,764283,0.125,0.9140573661238837,0.36787944117144233,0.10705971929177338,0.4683839145362913,0.9286724555513572,False
train,775511,2026-01-20T23:45:00-08:00,775511_1768981500_H30,764290,0.125,1.0,0.3403019123393269,1.0,0.536437756905202,0.0,False
train,775511,2026-01-20T23:45:00-08:00,775511_1768981500_H30,764297,0.6332237778832464,0.9977029747481309,0.21460395078470418,0.7397034692990783,0.769952783261661,1.0,False
train,775511,2026-01-20T23:45:00-08:00,775511_1768981500_H30,764311,0.875,0.8997377119315865,0.14630264057470097,0.25445723731681297,0.826398525278338,0.7758557828885004,False
train,775511,2026-01-20T23:45:00-08:00,775511_1768981500_H30,764322,0.125,0.7465235971660651,0.1289022003850519,0.41072980273100645,0.39740402551718945,0.8321054702730587,False
train,775511,2026-01-20T23:50:00-08:00,775511_1768981800_H30,764283,0.125,0.7575320906818013,0.36787944117144233,0.04807768796532785,0.4003128754866993,1.0,False
train,775511,2026-01-20T23:50:00-08:00,775511_1768981800_H30,764290,0.125,1.0,0.3403019123393269,1.0,0.536437756905202,0.0,False
train,775511,2026-01-20T23:50:00-08:00,775511_1768981800_H30,764297,0.6332237778832464,0.9238813853086953,0.21460395078470418,0.03627578679632068,0.7126964898843848,0.9083235268434469,False
train,775511,2026-01-20T23:50:00-08:00,775511_1768981800_H30,764311,0.875,0.4258902350889402,0.14630264057470097,0.04578816359039442,0.6192066342457608,0.9964208044509683,False
train,775511,2026-01-20T23:50:00-08:00,775511_1768981800_H30,764322,0.125,0.3645539693333162,0.1289022003850519,0.05612867041483022,0.22344696513874873,0.8202085767629852,False
train,775511,2026-01-20T23:55:00-08:00,775511_1768982100_H30,764283,0.125,0.7049954215180108,0.36787944117144233,0.10949220490309981,0.38048868545894243,0.9645811329117334,False
train,775511,2026-01-20T23:55:00-08:00,775511_1768982100_H30,764290,0.125,1.0,0.3403019123393269,1.0,0.536437756905202,0.0,False
train,775511,2026-01-20T23:55:00-08:00,775511_1768982100_H30,764297,0.6332237778832464,0.9580655863062163,0.21460395078470418,0.4563601980327111,0.742722474835793,0.8751048324053865,False
train,775511,2026-01-20T23:55:00-08:00,775511_1768982100_H30,764311,0.875,0.6704232000364474,0.14630264057470097,0.39474510467394736,0.7351119891670157,1.0,False
train,775511,2026-01-20T23:55:00-08:00,775511_1768982100_H30,764322,0.125,0.25890363149459983,0.1289022003850519,0.11028284760334195,0.18099906870801,0.6485641645479931,False
train,775536,2026-01-29T23:30:00-08:00,775536_1769758200_H30,768701,0.125,0.9935187766949316,0.8229949661357914,0.3678867982376552,0.5339646094409897,0.0,False
train,775536,2026-01-29T23:30:00-08:00,775536_1769758200_H30,774344,0.125,0.956163216532206,0.7712518849544838,0.23134781022620282,0.5106100509680479,1.0,False
train,775536,2026-01-29T23:30:00-08:00,775536_1769758200_H30,718405,0.125,0.9561628786670247,0.6368006006002778,0.23133993609954706,0.5039837943349967,0.9376094606759964,False
train,775536,2026-01-29T23:30:00-08:00,775536_1769758200_H30,759858,0.125,0.9561628786670247,0.4652130807137347,0.23133993609954706,0.49552788222751215,0.9376094606759964,False
train,775536,2026-01-29T23:30:00-08:00,775536_1769758200_H30,759870,0.125,0.9741480273724976,0.29119380591962934,0.17692734255365591,0.4924956459535159,0.03629184057615187,False
train,775536,2026-01-29T23:35:00-08:00,775536_1769758500_H30,768701,0.125,0.9960818501712585,0.8229949661357914,0.3678867982376552,0.5350433042685993,1.0,False
train,775536,2026-01-29T23:35:00-08:00,775536_1769758500_H30,774344,0.125,0.954953358420073,0.7712518849544838,0.2815377792017859,0.5119693810087712,0.020607824672545183,False
train,775536,2026-01-29T23:35:00-08:00,775536_1769758500_H30,718405,0.125,0.954952655799719,0.6368006006002778,0.2815312758316001,0.5053430218964742,0.0,False
train,775536,2026-01-29T23:35:00-08:00,775536_1769758500_H30,759858,0.125,0.954952655799719,0.4652130807137347,0.2815312758316001,0.49688710978898964,0.0,False
train,775536,2026-01-29T23:35:00-08:00,775536_1769758500_H30,759870,0.125,0.9805310006847898,0.29119380591962934,0.5613958991228868,0.5094952747604337,0.911808920469138,False
train,775536,2026-01-29T23:40:00-08:00,775536_1769758800_H30,768701,0.125,0.9920326014804532,0.8229949661357914,0.42949846423642823,0.5356328644236683,1.0,False
train,775536,2026-01-29T23:40:00-08:00,775536_1769758800_H30,774344,0.125,0.9629532972662069,0.7712518849544838,0.5346737016456817,0.5247601733678807,0.18813484809921566,False
train,775536,2026-01-29T23:40:00-08:00,775536_1769758800_H30,718405,0.125,0.962953270036095,0.6368006006002778,0.5346821080156774,0.5181346535715317,0.0,False
train,775536,2026-01-29T23:40:00-08:00,775536_1769758800_H30,759858,0.125,0.962953270036095,0.4652130807137347,0.5346821080156774,0.5096787414640471,0.0,False
train,775536,2026-01-29T23:40:00-08:00,775536_1769758800_H30,759870,0.125,0.9910980103040599,0.29119380591962934,0.5613958991228868,0.5139425052924051,0.891381105532289,False
train,775536,2026-01-29T23:45:00-08:00,775536_1769759100_H30,768701,0.125,0.9966222775219793,0.8229949661357914,0.4930760868727612,0.5399313916594195,0.7770236383697215,False
train,775536,2026-01-29T23:45:00-08:00,775536_1769759100_H30,774344,0.125,0.9629533659139787,0.7712518849544838,0.3738653574838055,0.5187735054501176,0.0,False
train,775536,2026-01-29T23:45:00-08:00,775536_1769759100_H30,718405,0.125,0.9629528272485961,0.6368006006002778,0.3738572141122315,0.5121471542846582,0.14870105988164095,False
train,775536,2026-01-29T23:45:00-08:00,775536_1769759100_H30,759858,0.125,0.9629528272485961,0.4652130807137347,0.3738572141122315,0.5036912421771736,0.14870105988164095,False
train,775536,2026-01-29T23:45:00-08:00,775536_1769759100_H30,759870,0.125,0.9867041439672121,0.29119380591962934,0.5613958991228868,0.5120933031784033,1.0,False
train,775536,2026-01-29T23:50:00-08:00,775536_1769759400_H30,768701,0.125,0.9972978117103778,0.8229949661357914,0.5613913983380076,0.5427589919020664,0.5067394866193338,False
train,775536,2026-01-29T23:50:00-08:00,775536_1769759400_H30,774344,0.125,0.9670372931695799,0.7712518849544838,0.4251330430939917,0.5224008994957822,0.4112069907154561,False
train,775536,2026-01-29T23:50:00-08:00,775536_1769759400_H30,718405,0.125,0.967036539824318,0.6368006006002778,0.4251250609934471,0.5157744639840939,0.0,False
train,775536,2026-01-29T23:50:00-08:00,775536_1769759400_H30,759858,0.125,0.967036539824318,0.4652130807137347,0.4251250609934471,0.5073185518766093,0.0,False
train,775536,2026-01-29T23:50:00-08:00,775536_1769759400_H30,759870,0.125,0.9918716950645153,0.29119380591962934,0.46378244769865906,0.5106340894758751,1.0,False
train,775536,2026-01-29T23:55:00-08:00,775536_1769759700_H30,768701,0.125,0.9982435595741382,0.8229949661357914,0.6394149914216959,0.5460617416235148,1.0,False
train,775536,2026-01-29T23:55:00-08:00,775536_1769759700_H30,774344,0.125,0.9651063220002629,0.7712518849544838,0.17944608793035494,0.5124416081077675,0.0,False
train,775536,2026-01-29T23:55:00-08:00,775536_1769759700_H30,718405,0.125,0.9651053257673846,0.6368006006002778,0.1794448363135245,0.5058153209420513,0.016368483779634957,False
train,775536,2026-01-29T23:55:00-08:00,775536_1769759700_H30,759858,0.125,0.9651053257673846,0.4652130807137347,0.1794448363135245,0.49735940883456675,0.016368483779634957,False
train,775536,2026-01-29T23:55:00-08:00,775536_1769759700_H30,759870,0.125,0.995893193190871,0.29119380591962934,0.5196264456759219,0.5144055800840576,0.9059018855446173,False
train,769965,2026-02-01T12:45:00-08:00,769965_1769978700_H30,770129,0.2777984948132077,0.7396710605451683,0.6996725373751304,0.6060945755005448,0.5051943396986637,0.9905612619186659,False
train,769965,2026-02-01T12:45:00-08:00,769965_1769978700_H30,769911,0.2166790968879246,0.7861448883889119,0.655682945225236,0.5275114433469175,0.48955062658828646,1.0,False
train,769965,2026-02-01T12:45:00-08:00,769965_1769978700_H30,770141,0.2777984948132077,0.4489406720376323,0.655682945225236,0.2791202756097299,0.368496901365285,0.6418293312138117,False
train,769965,2026-02-01T12:45:00-08:00,769965_1769978700_H30,769867,0.2777984948132077,0.13045821122238443,0.5056967074374724,0.47065427108032876,0.23419959119746642,0.0,False
train,769965,2026-02-01T12:45:00-08:00,769965_1769978700_H30,769926,0.2777984948132077,0.5285173899220065,0.4299201246592394,0.4645737097198518,0.397766057574914,0.35834848318487933,False
train,775536,2026-02-01T12:45:00-08:00,775536_1769978700_H30,768701,0.125,0.4002045089707794,0.8229949661357914,0.34720869525692666,0.28349261019917255,1.0,False
train,775536,2026-02-01T12:45:00-08:00,775536_1769978700_H30,774344,0.125,0.7892752717774053,0.7712518849544838,0.33670757973961724,0.444296023079652,0.5712924095498579,False
train,775536,2026-02-01T12:45:00-08:00,775536_1769978700_H30,718405,0.125,0.8713703905267839,0.6368006006002778,0.19525015186223155,0.4669544586295324,0.0,False
train,775536,2026-02-01T12:45:00-08:00,775536_1769978700_H30,759858,0.125,0.8713703905267839,0.4652130807137347,0.19525015186223155,0.45849854652204786,0.0,False
train,775536,2026-02-01T12:45:00-08:00,775536_1769978700_H30,759870,0.125,0.9201629260756367,0.29119380591962934,0.24214177905399067,0.472203335264233,0.016663985217904242,False
train,769965,2026-02-01T12:50:00-08:00,769965_1769979000_H30,770129,0.25696516147987436,0.6904189027154336,0.6996725373751304,0.5422351519930828,0.4718255308162228,0.9346492300514612,False
train,769965,2026-02-01T12:50:00-08:00,769965_1769979000_H30,769911,0.2041790968879246,0.7619482750919742,0.655682945225236,0.36037817386927307,0.46698719056275234,1.0,False
train,769965,2026-02-01T12:50:00-08:00,769965_1769979000_H30,770141,0.25696516147987436,0.3501930998264523,0.655682945225236,0.27178687105685395,0.31640185185018255,0.6553785849660251,False
train,769965,2026-02-01T12:50:00-08:00,769965_1769979000_H30,769867,0.25696516147987436,0.2320522556221174,0.5056967074374724,0.6273984855048621,0.27252870079216296,0.0,False
train,769965,2026-02-01T12:50:00-08:00,769965_1769979000_H30,769926,0.25696516147987436,0.6773889611387256,0.4299201246592394,0.6701952089383336,0.4578120232001134,0.5167100895720385,False
train,775536,2026-02-01T12:50:00-08:00,775536_1769979000_H30,768701,0.125,0.5531264857508887,0.8229949661357914,0.4084700549190409,0.3501320219510456,1.0,False
train,775536,2026-02-01T12:50:00-08:00,775536_1769979000_H30,774344,0.125,0.8107735312544956,0.7712518849544838,0.39809178665585576,0.455629036753041,0.6155598227038159,False
train,775536,2026-02-01T12:50:00-08:00,775536_1769979000_H30,718405,0.125,0.8774491301976042,0.6368006006002778,0.25693982769248225,0.47180938708734343,0.0,False
train,775536,2026-02-01T12:50:00-08:00,775536_1769979000_H30,759858,0.125,0.8774491301976042,0.4652130807137347,0.25693982769248225,0.4633534749798589,0.0,False
train,775536,2026-02-01T12:50:00-08:00,775536_1769979000_H30,759870,0.125,0.9314899654932568,0.29119380591962934,0.29258495425366093,0.4788483692072889,0.08352532767489818,False
train,769965,2026-02-01T12:55:00-08:00,769965_1769979300_H30,770129,0.23613182814654102,0.7969757019093301,0.6996725373751304,0.9433537503923004,0.5213410225187497,0.9605797904693402,False
train,769965,2026-02-01T12:55:00-08:00,769965_1769979300_H30,769911,0.1916790968879246,0.6759121598810295,0.655682945225236,0.1361840321535969,0.4162736823412186,1.0,False
train,769965,2026-02-01T12:55:00-08:00,769965_1769979300_H30,770141,0.23613182814654102,0.3598394161217662,0.655682945225236,0.2595548086441176,0.30974307158980724,0.7893751267158213,False
train,769965,2026-02-01T12:55:00-08:00,769965_1769979300_H30,769867,0.23613182814654102,0.3401647673884527,0.5056967074374724,0.5510112674380537,0.3049219754542954,0.0,False
train,769965,2026-02-01T12:55:00-08:00,769965_1769979300_H30,769926,0.23613182814654102,0.6182126640422648,0.4299201246592394,0.7113601239004032,0.4241764690417491,0.45313985249514277,False
train,775536,2026-02-01T12:55:00-08:00,775536_1769979300_H30,768701,0.125,0.5610672100516993,0.8229949661357914,0.45171838148310517,0.3550840363154097,1.0,False
train,775536,2026-02-01T12:55:00-08:00,775536_1769979300_H30,774344,0.125,0.8185356177577916,0.7712518849544838,0.45789232926550616,0.46112208827215634,0.5449474885730948,False
train,775536,2026-02-01T12:55:00-08:00,775536_1769979300_H30,718405,0.125,0.8919136986206383,0.6368006006002778,0.31442261583962117,0.48003695727932294,0.0,False
train,775536,2026-02-01T12:55:00-08:00,775536_1769979300_H30,759858,0.125,0.8919136986206383,0.4652130807137347,0.31442261583962117,0.4715810451718384,0.0,False
train,775536,2026-02-01T12:55:00-08:00,775536_1769979300_H30,759870,0.125,0.9327839289768567,0.29119380591962934,0.23530841838819655,0.4772606115775279,0.02676496048143384,False
train,769965,2026-02-01T13:00:00-08:00,769965_1769979600_H30,770129,0.21529849481320767,0.796574040052947,0.6996725373751304,0.860867884241102,0.5078379885748794,0.9810104502300933,False
train,769965,2026-02-01T13:00:00-08:00,769965_1769979600_H30,769911,0.1791790968879246,0.6482048607839179,0.655682945225236,0.23303617511940608,0.4020605915884571,1.0,False
train,769965,2026-02-01T13:00:00-08:00,769965_1769979600_H30,770141,0.21529849481320767,0.3312350527708261,0.655682945225236,0.3011027201721995,0.28898827667077204,0.914751836433908,False
train,769965,2026-02-01T13:00:00-08:00,769965_1769979600_H30,769867,0.21529849481320767,0.3964180315409507,0.5056967074374724,0.6087938656829349,0.3204847499333723,0.0,False
train,769965,2026-02-01T13:00:00-08:00,769965_1769979600_H30,769926,0.21529849481320767,0.702888949585959,0.4299201246592394,0.8840014101629451,0.45597740088984345,0.4641454408617325,False
train,775536,2026-02-01T13:00:00-08:00,775536_1769979600_H30,768701,0.125,0.5973486422560094,0.8229949661357914,0.46112575272235234,0.3707036608283916,1.0,False
train,775536,2026-02-01T13:00:00-08:00,775536_1769979600_H30,774344,0.125,0.8617809185963458,0.7712518849544838,0.5049665714303686,0.4810748170522312,0.12682266433282285,False
train,775536,2026-02-01T13:00:00-08:00,775536_1769979600_H30,718405,0.125,0.9080336293073404,0.6368006006002778,0.3726466914833957,0.4889888002770547,0.0,False
train,775536,2026-02-01T13:00:00-08:00,775536_1769979600_H30,759858,0.125,0.9080336293073404,0.4652130807137347,0.3726466914833957,0.4805328881695702,0.0,False
train,775536,2026-02-01T13:00:00-08:00,775536_1769979600_H30,759870,0.125,0.9125459499491831,0.29119380591962934,0.15782577677061504,0.46585867448069945,0.08840215047041544,False
train,769965,2026-02-01T13:05:00-08:00,769965_1769979900_H30,770129,0.19446516147987436,0.7988056207005102,0.6996725373751304,0.48835578045906514,0.4846458607835378,0.9906566164281189,False
train,769965,2026-02-01T13:05:00-08:00,769965_1769979900_H30,769911,0.1666790968879246,0.4064970489228569,0.655682945225236,0.10053351503572758,0.28924467090807104,0.7593765766722683,False
train,769965,2026-02-01T13:05:00-08:00,769965_1769979900_H30,770141,0.19446516147987436,0.5244208270905447,0.655682945225236,0.8535337026766023,0.380595603427454,1.0,False
train,769965,2026-02-01T13:05:00-08:00,769965_1769979900_H30,769867,0.19446516147987436,0.4266351053346582,0.5056967074374724,0.5656995869200032,0.3213344141169655,0.0,False
train,769965,2026-02-01T13:05:00-08:00,769965_1769979900_H30,769926,0.19446516147987436,0.7130472432383963,0.4299201246592394,0.8911391168270234,0.4502552040368163,0.4433706739906452,False
train,775536,2026-02-01T13:05:00-08:00,775536_1769979900_H30,768701,0.125,0.706860314273563,0.8229949661357914,0.49350072156235836,0.41799801159525474,1.0,False
train,775536,2026-02-01T13:05:00-08:00,775536_1769979900_H30,774344,0.125,0.9240835907302798,0.7712518849544838,0.3401665220262838,0.5011602098623965,0.0,False
train,775536,2026-02-01T13:05:00-08:00,775536_1769979900_H30,718405,0.125,0.9109419283256873,0.6368006006002778,0.33140111377992704,0.48867726457614435,0.37476727004908483,False
train,775536,2026-02-01T13:05:00-08:00,775536_1769979900_H30,759858,0.125,0.9109419283256873,0.4652130807137347,0.33140111377992704,0.4802213524686598,0.37476727004908483,False
train,775536,2026-02-01T13:05:00-08:00,775536_1769979900_H30,759870,0.125,0.9196688867369535,0.29119380591962934,0.20415269245603646,0.4705811269656375,0.47019569901327074,False
train,769965,2026-02-01T13:10:00-08:00,769965_1769980200_H30,770129,0.17363182814654102,0.8056156056962229,0.6996725373751304,0.6051185807447905,0.4815957024718896,0.9158716076193251,False
train,769965,2026-02-01T13:10:00-08:00,769965_1769980200_H30,769911,0.1541790968879246,0.5215706466049669,0.655682945225236,0.2543247686427316,0.33724210605526034,0.8445827843508544,False
train,769965,2026-02-01T13:10:00-08:00,769965_1769980200_H30,770141,0.17363182814654102,0.5838736664379837,0.655682945225236,0.8810701534910107,0.3963789239223201,1.0,False
train,769965,2026-02-01T13:10:00-08:00,769965_1769980200_H30,769867,0.17363182814654102,0.5709763972000592,0.5056967074374724,0.6392847536311195,0.3745582166480786,0.0,False
train,769965,2026-02-01T13:10:00-08:00,769965_1769980200_H30,769926,0.17363182814654102,0.7315074280260814,0.4299201246592394,0.7116422030496425,0.4410787628937782,0.5295507061183684,False
train,775536,2026-02-01T13:10:00-08:00,775536_1769980200_H30,768701,0.125,0.7602561776892234,0.8229949661357914,0.5574646280391271,0.44285148647271244,1.0,False
train,775536,2026-02-01T13:10:00-08:00,775536_1769980200_H30,774344,0.125,0.921915099782987,0.7712518849544838,0.3845628999959767,0.5019004015259775,0.0,False
train,775536,2026-02-01T13:10:00-08:00,775536_1769980200_H30,718405,0.125,0.9289751417255377,0.6368006006002778,0.3644435256536419,0.49749684916989495,0.2715107775151935,False
train,775536,2026-02-01T13:10:00-08:00,775536_1769980200_H30,759858,0.125,0.9289751417255377,0.4652130807137347,0.3644435256536419,0.4890409370624104,0.2715107775151935,False
train,775536,2026-02-01T13:10:00-08:00,775536_1769980200_H30,759870,0.125,0.9325471937422196,0.29119380591962934,0.2507786158236206,0.47773691562950277,0.3175182368413697,False
train,775511,2026-02-02T23:30:00-08:00,775511_1770103800_H30,764283,0.125,0.9796835064651328,0.36787944117144233,0.24004794982792202,0.5009543131087263,0.0,False
train,775511,2026-02-02T23:30:00-08:00,775511_1770103800_H30,764290,0.125,0.9796835064651328,0.3403019123393269,0.24004794982792202,0.4995952797705197,0.0,False
train,775511,2026-02-02T23:30:00-08:00,775511_1770103800_H30,764297,0.2982237778832464,0.8459660100676667,0.21460395078470418,0.25102999460642444,0.522868724686227,0.6017270233833852,False
train,775511,2026-02-02T23:30:00-08:00,775511_1770103800_H30,764311,0.375,0.8417508416855916,0.14630264057470097,0.11898078916218911,0.550635117464268,1.0,False
train,775511,2026-02-02T23:30:00-08:00,775511_1770103800_H30,764322,0.125,0.9796835064651328,0.1289022003850519,0.24004794982792202,0.4891774044785703,0.0,False
train,775511,2026-02-02T23:35:00-08:00,775511_1770104100_H30,764283,0.125,0.9886293783331083,0.36787944117144233,0.2989763049953341,0.5069131019437016,0.0,False
train,775511,2026-02-02T23:35:00-08:00,775511_1770104100_H30,764290,0.125,0.9886293783331083,0.3403019123393269,0.2989763049953341,0.505554068605495,0.0,False
train,775511,2026-02-02T23:35:00-08:00,775511_1770104100_H30,764297,0.2982237778832464,0.8691445700967297,0.21460395078470418,0.7678713380864356,0.5518650183095187,1.0,False
train,775511,2026-02-02T23:35:00-08:00,775511_1770104100_H30,764311,0.375,0.8977901272002599,0.14630264057470097,0.6981030142409266,0.5957798130785932,0.9231168221097855,False
train,775511,2026-02-02T23:35:00-08:00,775511_1770104100_H30,764322,0.125,0.9886293783331083,0.1289022003850519,0.2989763049953341,0.49513619331354564,0.0,False
train,775511,2026-02-02T23:40:00-08:00,775511_1770104400_H30,764283,0.125,0.9805171597292577,0.36787944117144233,0.29383706341424015,0.5033076668532889,0.0,False
train,775511,2026-02-02T23:40:00-08:00,775511_1770104400_H30,764290,0.125,0.9805171597292577,0.3403019123393269,0.29383706341424015,0.5019486335150823,0.0,False
train,775511,2026-02-02T23:40:00-08:00,775511_1770104400_H30,764297,0.2982237778832464,0.8727510990190763,0.21460395078470418,0.3796547376363499,0.5389300352763585,0.6571449855414019,False
train,775511,2026-02-02T23:40:00-08:00,775511_1770104400_H30,764311,0.375,0.9220286183644194,0.14630264057470097,0.849237396884981,0.6116073689868228,1.0,False
train,775511,2026-02-02T23:40:00-08:00,775511_1770104400_H30,764322,0.125,0.9805171597292577,0.1289022003850519,0.29383706341424015,0.49153075822313286,0.0,False
train,775511,2026-02-02T23:45:00-08:00,775511_1770104700_H30,764283,0.125,0.9904144838369963,0.36787944117144233,0.35255133829849294,0.5096589138300134,0.0,False
train,775511,2026-02-02T23:45:00-08:00,775511_1770104700_H30,764290,0.125,0.9904144838369963,0.3403019123393269,0.35255133829849294,0.5082998804918067,0.0,False
train,775511,2026-02-02T23:45:00-08:00,775511_1770104700_H30,764297,0.2982237778832464,0.9177779682245275,0.21460395078470418,0.457472866023426,0.5607771117872415,0.7291011449009084,False
train,775511,2026-02-02T23:45:00-08:00,775511_1770104700_H30,764311,0.375,0.8570796082350491,0.14630264057470097,0.20098900068440528,0.5601394453251504,1.0,False
train,775511,2026-02-02T23:45:00-08:00,775511_1770104700_H30,764322,0.125,0.9904144838369963,0.1289022003850519,0.35255133829849294,0.49788200519985737,0.0,False
train,775511,2026-02-02T23:50:00-08:00,775511_1770105000_H30,764283,0.125,0.9934731970780601,0.36787944117144233,0.4047348471790398,0.5128889313893812,0.0,False
train,775511,2026-02-02T23:50:00-08:00,775511_1770105000_H30,764290,0.125,0.9934731970780601,0.3403019123393269,0.4047348471790398,0.5115298980511745,0.0,False
train,775511,2026-02-02T23:50:00-08:00,775511_1770105000_H30,764297,0.2982237778832464,0.8862329511441932,0.21460395078470418,0.4110235320398461,0.5457718277341399,0.9574697506695067,False
train,775511,2026-02-02T23:50:00-08:00,775511_1770105000_H30,764311,0.375,0.9335437579158679,0.14630264057470097,0.7185492030656411,0.6115882687113279,1.0,False
train,775511,2026-02-02T23:50:00-08:00,775511_1770105000_H30,764322,0.125,0.9934731970780601,0.1289022003850519,0.4047348471790398,0.5011120227592252,0.0,False
train,775511,2026-02-02T23:55:00-08:00,775511_1770105300_H30,764283,0.125,0.9653362466577715,0.36787944117144233,0.07450479284357976,0.48875315882418474,0.0,False
train,775511,2026-02-02T23:55:00-08:00,775511_1770105300_H30,764290,0.125,0.9653362466577715,0.3403019123393269,0.07450479284357976,0.48739412548597816,0.0,False
train,775511,2026-02-02T23:55:00-08:00,775511_1770105300_H30,764297,0.2982237778832464,0.9036232174191391,0.21460395078470418,0.251338820518647,0.547145827980372,0.7132098185448352,False
train,775511,2026-02-02T23:55:00-08:00,775511_1770105300_H30,764311,0.375,0.8359951385427266,0.14630264057470097,0.1142946121455787,0.5480383122536673,1.0,False
train,775511,2026-02-02T23:55:00-08:00,775511_1770105300_H30,764322,0.125,0.9653362466577715,0.1289022003850519,0.07450479284357976,0.47697625019402873,0.0,False
train,775511,2026-02-06T23:30:00-08:00,775511_1770449400_H30,764283,0.125,0.9799318566187032,0.36787944117144233,0.27257628378489673,0.502269823580898,0.0964530213154976,False
train,775511,2026-02-06T23:30:00-08:00,775511_1770449400_H30,764290,0.125,0.13682726547911628,0.3403019123393269,0.7719244358122815,0.16467200003101976,0.0,False
train,775511,2026-02-06T23:30:00-08:00,775511_1770449400_H30,764297,0.6332237778832464,0.6501754002080536,0.21460395078470418,0.5977224015097091,0.6184065851415251,0.8876956460061682,False
train,775511,2026-02-06T23:30:00-08:00,775511_1770449400_H30,764311,0.375,0.18611468947173526,0.14630264057470097,0.7810253609020409,0.29935126183688426,1.0,False
train,775511,2026-02-06T23:30:00-08:00,775511_1770449400_H30,764322,0.125,0.9799318566187032,0.1289022003850519,0.27257628378489673,0.490492914950742,0.0964530213154976,False
train,775511,2026-02-06T23:35:00-08:00,775511_1770449700_H30,764283,0.125,0.9843312285334427,0.36787944117144233,0.334398936174895,0.5064229240592037,0.7679210647085819,False
train,775511,2026-02-06T23:35:00-08:00,775511_1770449700_H30,764290,0.125,0.3484373689778002,0.3403019123393269,0.8020586604466909,0.2548520655412276,0.0,False
train,775511,2026-02-06T23:35:00-08:00,775511_1770449700_H30,764297,0.6332237778832464,0.735109491509333,0.21460395078470418,0.8635741166820314,0.6640492699481737,0.9804879914333792,False
train,775511,2026-02-06T23:35:00-08:00,775511_1770449700_H30,764311,0.375,0.3975332911247593,0.14630264057470097,0.804608328779944,0.3892068366719612,1.0,False
train,775511,2026-02-06T23:35:00-08:00,775511_1770449700_H30,764322,0.125,0.9843312285334427,0.1289022003850519,0.334398936174895,0.49464601542904774,0.7679210647085819,False
train,775511,2026-02-06T23:40:00-08:00,775511_1770450000_H30,764283,0.125,0.9825988234199071,0.36787944117144233,0.3824888265585487,0.5074841516828849,0.7832002892212764,False
train,775511,2026-02-06T23:40:00-08:00,775511_1770450000_H30,764290,0.125,0.06841399518010327,0.3403019123393269,0.393023129831363,0.12177356899506893,0.0,False
train,775511,2026-02-06T23:40:00-08:00,775511_1770450000_H30,764297,0.6332237778832464,0.4803493389321234,0.21460395078470418,0.403684471600465,0.5397098138528219,1.0,False
train,775511,2026-02-06T23:40:00-08:00,775511_1770450000_H30,764311,0.375,0.09381255519765708,0.14630264057470097,0.3954611198104153,0.24615091320074864,0.7724335389733807,False
train,775511,2026-02-06T23:40:00-08:00,775511_1770450000_H30,764322,0.125,0.9825988234199071,0.1289022003850519,0.3824888265585487,0.4957072430527289,0.7832002892212764,False
train,775511,2026-02-06T23:45:00-08:00,775511_1770450300_H30,764283,0.125,0.9843861904616802,0.36787944117144233,0.8305441281521289,0.52491693041479,0.9216857709911297,False
train,775511,2026-02-06T23:45:00-08:00,775511_1770450300_H30,764290,0.125,0.19017097093715907,0.3403019123393269,0.646298627824575,0.18244533190086015,0.0,False
train,775511,2026-02-06T23:45:00-08:00,775511_1770450300_H30,764297,0.6332237778832464,0.5506035305069209,0.21460395078470418,0.34774570418519574,0.5671944538749496,1.0,False
train,775511,2026-02-06T23:45:00-08:00,775511_1770450300_H30,764311,0.375,0.2308332367281074,0.14630264057470097,0.6386284306189043,0.31287024230417293,0.44807629128581783,False
train,775511,2026-02-06T23:45:00-08:00,775511_1770450300_H30,764322,0.125,0.9843861904616802,0.1289022003850519,0.8305441281521289,0.513140021784634,0.9216857709911297,False
train,775511,2026-02-06T23:50:00-08:00,775511_1770450600_H30,764283,0.125,0.9951510362881387,0.36787944117144233,0.402002070904741,0.5134933287203699,0.8937316102058448,False
train,775511,2026-02-06T23:50:00-08:00,775511_1770450600_H30,764290,0.125,0.0,0.3403019123393269,0.15103160202922292,0.08397181548571747,0.0,False
train,775511,2026-02-06T23:50:00-08:00,775511_1770450600_H30,764297,0.6332237778832464,0.4255559484543814,0.21460395078470418,0.16058007009551886,0.5075989956549483,1.0,False
train,775511,2026-02-06T23:50:00-08:00,775511_1770450600_H30,764311,0.375,0.0213996140735222,0.14630264057470097,0.15070449061986446,0.20656322240869,0.2970509869315403,False
train,775511,2026-02-06T23:50:00-08:00,775511_1770450600_H30,764322,0.125,0.9951510362881387,0.1289022003850519,0.402002070904741,0.5017164200902139,0.8937316102058448,False
train,775511,2026-02-06T23:55:00-08:00,775511_1770450900_H30,764283,0.125,0.9815818123803787,0.36787944117144233,0.10934606531366364,0.4968873635755821,0.6619169797836105,False
train,775511,2026-02-06T23:55:00-08:00,775511_1770450900_H30,764290,0.125,0.1736200820949334,0.3403019123393269,0.49054325998216797,0.16968114588541633,0.0,False
train,775511,2026-02-06T23:55:00-08:00,775511_1770450900_H30,764297,0.6332237778832464,0.5853195853370377,0.21460395078470418,0.5837565009735457,0.5905914405750567,1.0,False
train,775511,2026-02-06T23:55:00-08:00,775511_1770450900_H30,764311,0.375,0.21661688580977478,0.14630264057470097,0.4910067678534,0.301391377501344,0.3151804999625244,False
train,775511,2026-02-06T23:55:00-08:00,775511_1770450900_H30,764322,0.125,0.9815818123803787,0.1289022003850519,0.10934606531366364,0.4851104549454261,0.6619169797836105,False
train,775536,2026-02-08T23:30:00-08:00,775536_1770622200_H30,768701,0.125,0.9733183885002621,0.8229949661357914,0.3235714364921156,0.5238132698416603,0.0,False
train,775536,2026-02-08T23:30:00-08:00,775536_1770622200_H30,774344,0.125,0.9550451863333265,0.7712518849544838,0.731741340209058,0.5287685523803332,0.9459213134604305,False
train,775536,2026-02-08T23:30:00-08:00,775536_1770622200_H30,718405,0.125,0.9550458933153956,0.6368006006002778,0.7317249130532142,0.5221424170628297,1.0,False
train,775536,2026-02-08T23:30:00-08:00,775536_1770622200_H30,759858,0.125,0.9550458933153956,0.4652130807137347,0.7317249130532142,0.5136865049553452,1.0,False
train,775536,2026-02-08T23:30:00-08:00,775536_1770622200_H30,759870,0.125,0.9776777455631208,0.29119380591962934,0.6881617292765496,0.5130137900119858,0.0903872047844263,False
train,775536,2026-02-08T23:35:00-08:00,775536_1770622500_H30,768701,0.125,0.9831942986922295,0.8229949661357914,0.3823080889075909,0.5301563376480525,0.17902781009016577,False
train,775536,2026-02-08T23:35:00-08:00,775536_1770622500_H30,774344,0.125,0.9576452406428451,0.7712518849544838,0.731741340209058,0.5298628109574228,0.9975429975429976,False
train,775536,2026-02-08T23:35:00-08:00,775536_1770622500_H30,718405,0.125,0.957646122545559,0.6368006006002778,0.7317249130532142,0.5232367492570031,1.0,False
train,775536,2026-02-08T23:35:00-08:00,775536_1770622500_H30,759858,0.125,0.957646122545559,0.4652130807137347,0.7317249130532142,0.5147808371495186,1.0,False
train,775536,2026-02-08T23:35:00-08:00,775536_1770622500_H30,759870,0.125,0.9632837210357076,0.29119380591962934,0.18407335989376306,0.48818933259072855,0.0,False
train,775536,2026-02-08T23:40:00-08:00,775536_1770622800_H30,768701,0.125,0.9810883418184716,0.8229949661357914,0.4394715424121594,0.5313981499097851,0.0,False
train,775536,2026-02-08T23:40:00-08:00,775536_1770622800_H30,774344,0.125,0.957210702389423,0.7712518849544838,0.7613492643268116,0.5307821978227651,0.994569119655352,False
train,775536,2026-02-08T23:40:00-08:00,775536_1770622800_H30,718405,0.125,0.9572114294080776,0.6368006006002778,0.7613325362668913,0.5241560597355682,1.0,False
train,775536,2026-02-08T23:40:00-08:00,775536_1770622800_H30,759858,0.125,0.9572114294080776,0.4652130807137347,0.7613325362668913,0.5157001476280837,1.0,False
train,775536,2026-02-08T23:40:00-08:00,775536_1770622800_H30,759870,0.125,0.9801410477575898,0.29119380591962934,0.9999834822975443,0.525659235335852,0.009777696433850958,False
train,775536,2026-02-08T23:45:00-08:00,775536_1770623100_H30,768701,0.125,0.9817803956045172,0.8229949661357914,0.5024542379912574,0.5340341758598564,0.0,False
train,775536,2026-02-08T23:45:00-08:00,775536_1770623100_H30,774344,0.125,0.9619210922242026,0.7712518849544838,0.8474660264117232,0.5359706330840805,0.9169311319939245,False
train,775536,2026-02-08T23:45:00-08:00,775536_1770623100_H30,718405,0.125,0.9619214664820382,0.6368006006002778,0.8474490940502555,0.5293443389281081,1.0,False
train,775536,2026-02-08T23:45:00-08:00,775536_1770623100_H30,759858,0.125,0.9619214664820382,0.4652130807137347,0.8474490940502555,0.5208884268206235,1.0,False
train,775536,2026-02-08T23:45:00-08:00,775536_1770623100_H30,759870,0.125,0.9827145777016413,0.29119380591962934,0.9279941582017092,0.5240622569045198,0.10555150796688895,False
train,775536,2026-02-08T23:50:00-08:00,775536_1770623400_H30,768701,0.125,0.9827118735888752,0.8229949661357914,0.6166847182428468,0.5386788578249201,0.9876867020107376,False
train,775536,2026-02-08T23:50:00-08:00,775536_1770623400_H30,774344,0.125,0.9740389827078737,0.7712518849544838,0.9999848918937472,0.5467486568861032,0.08394278880365369,False
train,775536,2026-02-08T23:50:00-08:00,775536_1770623400_H30,718405,0.125,0.9740394276622761,0.6368006006002778,0.9999962229011637,0.5401234446939309,0.0,False
train,775536,2026-02-08T23:50:00-08:00,775536_1770623400_H30,759858,0.125,0.9740394276622761,0.4652130807137347,0.9999962229011637,0.5316675325864464,0.0,False
train,775536,2026-02-08T23:50:00-08:00,775536_1770623400_H30,759870,0.125,0.9798072666188046,0.29119380591962934,0.21738477062065398,0.4963835730458241,1.0,False
train,775536,2026-02-08T23:55:00-08:00,775536_1770623700_H30,768701,0.125,0.9910534456057519,0.8229949661357914,0.30629948130341045,0.5306342304260206,1.0,False
train,775536,2026-02-08T23:55:00-08:00,775536_1770623700_H30,774344,0.125,0.9907945934219896,0.7712518849544838,0.5776239476445798,0.538076443090277,0.2855351444426768,False
train,775536,2026-02-08T23:55:00-08:00,775536_1770623700_H30,718405,0.125,0.9907955116711101,0.6368006006002778,0.5776344377614351,0.5314513987835481,0.0,False
train,775536,2026-02-08T23:55:00-08:00,775536_1770623700_H30,759858,0.125,0.9907955116711101,0.4652130807137347,0.5776344377614351,0.5229954866760634,0.0,False
train,775536,2026-02-08T23:55:00-08:00,775536_1770623700_H30,759870,0.125,0.9943034326130736,0.29119380591962934,0.46378244769865906,0.511657510279048,0.9991149886432455,False
train,769895,2026-02-11T23:30:00-08:00,769895_1770881400_H30,770116,0.125,0.9933420566853433,0.6578152456099651,0.2214544085820006,0.5202986045672366,0.842710402566724,False
train,769895,2026-02-11T23:30:00-08:00,769895_1770881400_H30,769880,0.7658937862112813,0.604391064759945,0.6556829452252355,0.2908128685646238,0.6748058490954403,0.9960719930164925,False
train,769895,2026-02-11T23:30:00-08:00,769895_1770881400_H30,769866,0.7493720392939975,1.0,0.5758269762031877,1.0,0.8556294857711748,0.0,False
train,769895,2026-02-11T23:30:00-08:00,769895_1770881400_H30,769847,0.7658937862112813,0.448815264330209,0.4441076408043507,0.4046090078697295,0.6031401961494707,1.0,False
train,769895,2026-02-11T23:30:00-08:00,769895_1770881400_H30,770385,0.7328502923767137,0.3643500562417604,0.33157670652330645,0.19998455800259174,0.5381504395680707,0.8898015652421054,False
train,769895,2026-02-11T23:35:00-08:00,769895_1770881700_H30,770116,0.125,0.9921044749933496,0.6578152456099651,0.46378244769865906,0.5287993308268744,0.714727610107261,False
train,769895,2026-02-11T23:35:00-08:00,769895_1770881700_H30,769880,0.7658937862112813,0.6913188333744786,0.6556829452252355,0.8965398648940993,0.7339407312868937,0.6522829343931383,False
train,769895,2026-02-11T23:35:00-08:00,769895_1770881700_H30,769866,0.7493720392939975,1.0,0.5758269762031877,1.0,0.8556294857711748,0.0,False
train,769895,2026-02-11T23:35:00-08:00,769895_1770881700_H30,769847,0.7658937862112813,0.2971889586398393,0.4441076408043507,0.2648854598560023,0.5341250296536569,0.7629813300179505,False
train,769895,2026-02-11T23:35:00-08:00,769895_1770881700_H30,770385,0.7328502923767137,0.6459075346644225,0.33157670652330645,0.8956127731148913,0.6825440722673752,1.0,False
train,769895,2026-02-11T23:40:00-08:00,769895_1770882000_H30,770116,0.125,0.9987576619810016,0.6578152456099651,0.46378244769865906,0.5315993903870023,0.24065796465852662,False
train,769895,2026-02-11T23:40:00-08:00,769895_1770882000_H30,769880,0.7658937862112813,0.6707342693257426,0.6556829452252355,0.33895787771933045,0.7045194224918299,0.0,False
train,769895,2026-02-11T23:40:00-08:00,769895_1770882000_H30,769866,0.7493720392939975,1.0,0.5758269762031877,1.0,0.8556294857711748,1.0,False
train,769895,2026-02-11T23:40:00-08:00,769895_1770882000_H30,769847,0.7658937862112813,0.5061124115197304,0.4441076408043507,0.5860085812512401,0.6340075502929045,0.16307775001985136,False
train,769895,2026-02-11T23:40:00-08:00,769895_1770882000_H30,770385,0.7328502923767137,0.20982970923485433,0.33157670652330645,0.07449236314619834,0.4684471029240656,0.4866660151358747,False
train,769895,2026-02-11T23:45:00-08:00,769895_1770882300_H30,770116,0.125,0.9803255321231498,0.6578152456099651,0.46378244769865906,0.5238420461972499,0.04392579555734155,False
train,769895,2026-02-11T23:45:00-08:00,769895_1770882300_H30,769880,0.7658937862112813,0.5938929868786944,0.6556829452252355,0.1716412859692221,0.6659510177654119,0.0,False
train,769895,2026-02-11T23:45:00-08:00,769895_1770882300_H30,769866,0.7493720392939975,1.0,0.5758269762031877,1.0,0.8556294857711748,1.0,False
train,769895,2026-02-11T23:45:00-08:00,769895_1770882300_H30,769847,0.7658937862112813,0.3542801989588006,0.4441076408043507,0.24834763494809545,0.5575367600399522,0.11587494274732302,False
train,769895,2026-02-11T23:45:00-08:00,769895_1770882300_H30,770385,0.7328502923767137,0.14860264762401543,0.33157670652330645,0.3945661297872035,0.454595040900731,0.32899290489515987,False
train,769895,2026-02-11T23:50:00-08:00,769895_1770882600_H30,770116,0.125,0.9702740638424258,0.6578152456099651,0.10786223953480553,0.5063613148802169,0.06528633176884435,False
train,769895,2026-02-11T23:50:00-08:00,769895_1770882600_H30,769880,0.7658937862112813,0.43459356710295816,0.6556829452252355,0.13702489286216746,0.5976195553634877,0.0,False
train,769895,2026-02-11T23:50:00-08:00,769895_1770882600_H30,769866,0.7493720392939975,1.0,0.5758269762031877,1.0,0.8556294857711748,1.0,False
train,769895,2026-02-11T23:50:00-08:00,769895_1770882600_H30,769847,0.7658937862112813,0.42666888214298404,0.4441076408043507,0.337164277194392,0.5913087877787728,0.13887142854438161,False
train,769895,2026-02-11T23:50:00-08:00,769895_1770882600_H30,770385,0.7328502923767137,0.0,0.33157670652330645,0.13310252218724372,0.382320178173304,0.2782814981985342,False
train,769895,2026-02-11T23:55:00-08:00,769895_1770882900_H30,770116,0.125,0.9953593806879286,0.6578152456099651,0.4760177469297223,0.5306246952246048,0.05477664392952941,False
train,769895,2026-02-11T23:55:00-08:00,769895_1770882900_H30,769880,0.7658937862112813,0.649093673612049,0.6556829452252355,0.9891964845160736,0.7196193470423035,0.0,False
train,769895,2026-02-11T23:55:00-08:00,769895_1770882900_H30,769866,0.7493720392939975,1.0,0.5758269762031877,1.0,0.8556294857711748,1.0,False
train,769895,2026-02-11T23:55:00-08:00,769895_1770882900_H30,769847,0.7658937862112813,0.5800930210347097,0.4441076408043507,0.9262259787590238,0.6778088967933525,0.11029324724755729,False
train,769895,2026-02-11T23:55:00-08:00,769895_1770882900_H30,770385,0.7328502923767137,0.12801353379179348,0.33157670652330645,0.42803085847961275,0.44717575934468246,0.2970788377845117,False
train,775511,2026-02-14T23:30:00-08:00,775511_1771140600_H30,764283,0.125,0.9860190616678058,0.36787944117144233,0.7629805076199491,0.5230888299468571,0.0,False
train,775511,2026-02-14T23:30:00-08:00,775511_1771140600_H30,764290,0.125,0.8577488099538885,0.3403019123393269,0.15728956296021274,0.4451968635853422,0.775620536742686,False
train,775511,2026-02-14T23:30:00-08:00,775511_1771140600_H30,764297,0.6332237778832464,0.8420408698977279,0.21460395078470418,0.28247788750201913,0.6874189006738931,1.0,False
train,775511,2026-02-14T23:30:00-08:00,775511_1771140600_H30,764311,0.875,0.7962082989687927,0.14630264057470097,0.9702815658781136,0.8094764067382739,0.7546000345542502,False
train,775511,2026-02-14T23:30:00-08:00,775511_1771140600_H30,764322,0.125,0.8121938440152462,0.1289022003850519,0.9654986543773583,0.44569536035236523,0.2447124798433541,False
train,775511,2026-02-14T23:35:00-08:00,775511_1771140900_H30,764283,0.125,0.9747425535619829,0.36787944117144233,0.44418534795830206,0.5064746483811539,0.0,False
train,775511,2026-02-14T23:35:00-08:00,775511_1771140900_H30,764290,0.125,0.7535843243153755,0.3403019123393269,0.26139154099869233,0.4052337979261008,1.0,False
train,775511,2026-02-14T23:35:00-08:00,775511_1771140900_H30,764297,0.6332237778832464,0.8062312204114763,0.21460395078470418,0.22231759970630985,0.6701083619433762,0.921937124935174,False
train,775511,2026-02-14T23:35:00-08:00,775511_1771140900_H30,764311,0.875,0.8135876848196245,0.14630264057470097,0.5460247744500599,0.8009961348214161,0.6011008075469835,False
train,775511,2026-02-14T23:35:00-08:00,775511_1771140900_H30,764322,0.125,0.8628305536308171,0.1289022003850519,0.9080021369412888,0.46486579591007343,0.30118785963005956,False
train,775511,2026-02-14T23:40:00-08:00,775511_1771141200_H30,764283,0.125,0.9861203072793785,0.36787944117144233,0.444185347958302,0.5112630885870737,0.0,False
train,775511,2026-02-14T23:40:00-08:00,775511_1771141200_H30,764290,0.125,0.8283376522525563,0.3403019123393269,0.5354909229532592,0.44689885824529885,0.734203542618842,False
train,775511,2026-02-14T23:40:00-08:00,775511_1771141200_H30,764297,0.6332237778832464,0.8482385183144534,0.21460395078470418,0.8807012611948385,0.7122983625217814,0.9780350260114998,False
train,775511,2026-02-14T23:40:00-08:00,775511_1771141200_H30,764311,0.875,0.7941777249669439,0.14630264057470097,0.8090774716932893,0.8026203894869116,1.0,False
train,775511,2026-02-14T23:40:00-08:00,775511_1771141200_H30,764322,0.125,0.8027228854570139,0.1289022003850519,0.5340449947007935,0.425646924824536,0.5056130078561047,False
train,775511,2026-02-14T23:45:00-08:00,775511_1771141500_H30,764283,0.125,0.9866606934012784,0.36787944117144233,0.444185347958302,0.5114905154322225,0.0,False
train,775511,2026-02-14T23:45:00-08:00,775511_1771141500_H30,764290,0.125,0.8012083910872526,0.3403019123393269,0.5493189001873214,0.43599603888850713,1.0,False
train,775511,2026-02-14T23:45:00-08:00,775511_1771141500_H30,764297,0.6332237778832464,0.8050684483262249,0.21460395078470418,0.3027325095375534,0.6726127459662854,0.8642381974876694,False
train,775511,2026-02-14T23:45:00-08:00,775511_1771141500_H30,764311,0.875,0.7846780338814408,0.14630264057470097,0.35321345330761733,0.7816510939683401,0.2536465067839946,False
train,775511,2026-02-14T23:45:00-08:00,775511_1771141500_H30,764322,0.125,0.8629557916502224,0.1289022003850519,0.5755543119910148,0.4525418800608002,0.5747263291539169,False
train,775511,2026-02-14T23:50:00-08:00,775511_1771141800_H30,764283,0.125,0.9856891823240596,0.36787944117144233,0.3525469491169986,0.5076700605396189,0.0,False
train,775511,2026-02-14T23:50:00-08:00,775511_1771141800_H30,764290,0.125,0.8332782779645125,0.3403019123393269,0.7032676544579627,0.4552242907474554,0.624281798838122,False
train,775511,2026-02-14T23:50:00-08:00,775511_1771141800_H30,764297,0.6332237778832464,0.8764772871166432,0.21460395078470418,0.5818677104836039,0.7130577222882781,0.7285655819754762,False
train,775511,2026-02-14T23:50:00-08:00,775511_1771141800_H30,764311,0.875,0.8585987125929501,0.14630264057470097,0.6774793498987177,0.8248333632434652,1.0,False
train,775511,2026-02-14T23:50:00-08:00,775511_1771141800_H30,764322,0.125,0.8788967145577754,0.1289022003850519,0.5736533953385619,0.4591800063731066,0.3469051132910844,False
train,775511,2026-02-14T23:55:00-08:00,775511_1771142100_H30,764283,0.125,0.9871711437206653,0.36787944117144233,0.3525469491169986,0.5082937586536218,0.0,False
train,775511,2026-02-14T23:55:00-08:00,775511_1771142100_H30,764290,0.125,0.8587161205032625,0.3403019123393269,0.5042487920287095,0.4585208310295573,0.46694438543177264,False
train,775511,2026-02-14T23:55:00-08:00,775511_1771142100_H30,764297,0.6332237778832464,0.9067940086336741,0.21460395078470418,0.787991359434308,0.7334905442998458,0.6696489105234475,False
train,775511,2026-02-14T23:55:00-08:00,775511_1771142100_H30,764311,0.875,0.8103587154614504,0.14630264057470097,0.41203220633064247,0.7946488126660409,1.0,False
train,775511,2026-02-14T23:55:00-08:00,775511_1771142100_H30,764322,0.125,0.8256560329142981,0.1289022003850519,0.42916803252414676,0.4313941265265917,0.3082050192586572,False
train,775536,2026-02-16T23:30:00-08:00,775536_1771313400_H30,768701,0.125,0.9874062043352021,0.8229949661357914,0.2214619790861544,0.5259408570260994,0.7501243190953253,False
train,775536,2026-02-16T23:30:00-08:00,775536_1771313400_H30,774344,0.125,0.9564740058676477,0.7712518849544838,0.1310727864350811,0.5070077339680698,0.0,False
train,775536,2026-02-16T23:30:00-08:00,775536_1771313400_H30,718405,0.125,0.9564751648339309,0.6368006006002778,0.1310748758077729,0.5003824782201702,1.0,False
train,775536,2026-02-16T23:30:00-08:00,775536_1771313400_H30,759858,0.125,0.9564751648339309,0.4652130807137347,0.1310748758077729,0.4919265661126857,1.0,False
train,775536,2026-02-16T23:30:00-08:00,775536_1771313400_H30,759870,0.125,0.9848626001852497,0.29119380591962934,0.6460699830605973,0.5144705832299057,0.5788086590990615,False
train,775536,2026-02-16T23:35:00-08:00,775536_1771313700_H30,768701,0.125,0.9889064810495041,0.8229949661357914,0.1840639872721862,0.5251799820986683,0.4880198920284843,False
train,775536,2026-02-16T23:35:00-08:00,775536_1771313700_H30,774344,0.125,0.9583062577465666,0.7712518849544838,0.19642682696595556,0.5102119058199515,0.0,False
train,775536,2026-02-16T23:35:00-08:00,775536_1771313700_H30,718405,0.125,0.9583075226460316,0.6368006006002778,0.19642873386891788,0.5035866878619558,1.0,False
train,775536,2026-02-16T23:35:00-08:00,775536_1771313700_H30,759858,0.125,0.9583075226460316,0.4652130807137347,0.19642873386891788,0.4951307757544713,1.0,False
train,775536,2026-02-16T23:35:00-08:00,775536_1771313700_H30,759870,0.125,0.9755775453787692,0.29119380591962934,0.7021911345506271,0.5126521974860796,0.5099666313711791,False
train,775536,2026-02-16T23:40:00-08:00,775536_1771314000_H30,768701,0.125,0.9986642383041978,0.8229949661357914,0.28359352852577946,0.5329919931360853,0.4880844120669334,False
train,775536,2026-02-16T23:40:00-08:00,775536_1771314000_H30,774344,0.125,0.9622978676113371,0.7712518849544838,0.25698698042774565,0.5141463943239278,0.0,False
train,775536,2026-02-16T23:40:00-08:00,775536_1771314000_H30,718405,0.125,0.962298842576714,0.6368006006002778,0.25698868812687253,0.5075210469281896,1.0,False
train,775536,2026-02-16T23:40:00-08:00,775536_1771314000_H30,759858,0.125,0.962298842576714,0.4652130807137347,0.25698868812687253,0.499065134820705,1.0,False
train,775536,2026-02-16T23:40:00-08:00,775536_1771314000_H30,759870,0.125,0.9598960115280084,0.29119380591962934,0.13063033233118634,0.4847739633670334,0.24207077455425297,False
train,775536,2026-02-16T23:45:00-08:00,775536_1771314300_H30,768701,0.125,0.9854824162004551,0.8229949661357914,0.1830924883024877,0.5237027628231316,1.0,False
train,775536,2026-02-16T23:45:00-08:00,775536_1771314300_H30,774344,0.125,0.9678301741319434,0.7712518849544838,0.3127119019142816,0.5185492905191912,0.0,False
train,775536,2026-02-16T23:45:00-08:00,775536_1771314300_H30,718405,0.125,0.9678311937680258,0.6368006006002778,0.3127133635999175,0.5119239527647815,0.42794711480459025,False
train,775536,2026-02-16T23:45:00-08:00,775536_1771314300_H30,759858,0.125,0.9678311937680258,0.4652130807137347,0.3127133635999175,0.503468040657297,0.42794711480459025,False
train,775536,2026-02-16T23:45:00-08:00,775536_1771314300_H30,759870,0.125,0.9866893349337216,0.29119380591962934,0.5471582382487036,0.5115570200525673,0.7293643415253817,False
train,775536,2026-02-16T23:50:00-08:00,775536_1771314600_H30,768701,0.125,0.9940231733976467,0.8229949661357914,0.7846590606756525,0.5496928083540794,0.2902326611615358,False
train,775536,2026-02-16T23:50:00-08:00,775536_1771314600_H30,774344,0.125,0.9572058046374992,0.7712518849544838,0.20541018749037002,0.5100832087028098,0.0,False
train,775536,2026-02-16T23:50:00-08:00,775536_1771314600_H30,718405,0.125,0.9572058403226148,0.6368006006002778,0.20540022434928637,0.5034570315106593,1.0,False
train,775536,2026-02-16T23:50:00-08:00,775536_1771314600_H30,759858,0.125,0.9572058403226148,0.4652130807137347,0.20540022434928637,0.4950011194031748,1.0,False
train,775536,2026-02-16T23:50:00-08:00,775536_1771314600_H30,759870,0.125,0.9845317465838749,0.29119380591962934,0.5471582382487036,0.5106489776516817,0.35142623497106196,False
train,775536,2026-02-16T23:55:00-08:00,775536_1771314900_H30,768701,0.125,0.9989831560183979,0.8229949661357914,0.3537368550505733,0.5357375625593919,0.4406524720686308,False
train,775536,2026-02-16T23:55:00-08:00,775536_1771314900_H30,774344,0.125,0.9524443053341818,0.7712518849544838,0.14450243950988714,0.5058117640962401,1.0,False
train,775536,2026-02-16T23:55:00-08:00,775536_1771314900_H30,718405,0.125,0.9524438514353086,0.6368006006002778,0.14449678977332248,0.4991855414405682,0.0,False
train,775536,2026-02-16T23:55:00-08:00,775536_1771314900_H30,759858,0.125,0.9524438514353086,0.4652130807137347,0.14449678977332248,0.4907296293330837,0.0,False
train,775536,2026-02-16T23:55:00-08:00,775536_1771314900_H30,759870,0.125,0.9783719433954294,0.29119380591962934,0.4760177469297223,0.5054080905773584,0.6479439054007852,False
train,775511,2026-02-18T23:30:00-08:00,775511_1771486200_H30,764283,0.125,0.9952381644390029,0.36787944117144233,0.30629948186424255,0.5099671078185519,0.0,False
train,775511,2026-02-18T23:30:00-08:00,775511_1771486200_H30,764290,0.125,0.17223126642013842,0.3403019123393269,0.4725843447361563,0.16842806075032138,0.510271754617756,False
train,775511,2026-02-18T23:30:00-08:00,775511_1771486200_H30,764297,0.6332237778832464,0.5800509125117694,0.21460395078470418,0.7091061914229095,0.5930406822527318,0.6079376181964198,False
train,775511,2026-02-18T23:30:00-08:00,775511_1771486200_H30,764311,0.875,0.8705932468819881,0.14630264057470097,0.5905352730867316,0.8266445606429887,1.0,False
train,775511,2026-02-18T23:30:00-08:00,775511_1771486200_H30,764322,0.125,0.7704933380301071,0.1289022003850519,0.6184586791681597,0.4152254185780969,0.021165254786145393,False
train,775511,2026-02-18T23:35:00-08:00,775511_1771486500_H30,764283,0.125,0.9910541281320254,0.36787944117144233,0.3678867987989577,0.510499034786276,0.637590979894344,False
train,775511,2026-02-18T23:35:00-08:00,775511_1771486500_H30,764290,0.125,0.0952586870601847,0.3403019123393269,0.3659529468556539,0.13206363352535616,0.0,False
train,775511,2026-02-18T23:35:00-08:00,775511_1771486500_H30,764297,0.6332237778832464,0.7144347035534042,0.21460395078470418,0.47821552269288026,0.6410016545691808,0.7247210319462075,False
train,775511,2026-02-18T23:35:00-08:00,775511_1771486500_H30,764311,0.875,0.8998745876437428,0.14630264057470097,0.8526147943632892,0.8487248007047988,1.0,False
train,775511,2026-02-18T23:35:00-08:00,775511_1771486500_H30,764322,0.125,0.7898334676163657,0.1289022003850519,0.6092947733792197,0.4230237424978315,0.7093660094125733,False
train,775511,2026-02-18T23:40:00-08:00,775511_1771486800_H30,764283,0.125,0.994292488725675,0.36787944117144233,0.3678867987989577,0.5118619308774605,0.6744797916902523,False
train,775511,2026-02-18T23:40:00-08:00,775511_1771486800_H30,764290,0.125,0.14951183380220845,0.3403019123393269,0.347522826118907,0.15421047630847992,0.0,False
train,775511,2026-02-18T23:40:00-08:00,775511_1771486800_H30,764297,0.6332237778832464,0.5570159523293928,0.21460395078470418,0.34367416649178595,0.5697416066944845,0.7053300124533002,False
train,775511,2026-02-18T23:40:00-08:00,775511_1771486800_H30,764311,0.875,0.8712246890923663,0.14630264057470097,0.2674671119522834,0.8148828791790491,1.0,False
train,775511,2026-02-18T23:40:00-08:00,775511_1771486800_H30,764322,0.125,0.7514000254262042,0.1289022003850519,0.9189388329645647,0.41837631553071986,0.7636024000905695,False
train,775511,2026-02-18T23:45:00-08:00,775511_1771487100_H30,764283,0.125,0.9950053845101703,0.36787944117144233,0.42949846479807785,0.5144556866442882,0.6212245827586643,False
train,775511,2026-02-18T23:45:00-08:00,775511_1771487100_H30,764290,0.125,0.2984259119753322,0.3403019123393269,0.5504494418579478,0.2244371474750413,0.0,False
train,775511,2026-02-18T23:45:00-08:00,775511_1771487100_H30,764297,0.6332237778832464,0.6194171425679393,0.21460395078470418,0.8918176823916345,0.6164104736174504,0.6472481262626901,False
train,775511,2026-02-18T23:45:00-08:00,775511_1771487100_H30,764311,0.875,0.8038217452868008,0.14630264057470097,0.23051540115216607,0.7851400167666793,1.0,False
train,775511,2026-02-18T23:45:00-08:00,775511_1771487100_H30,764322,0.125,0.7545079339010392,0.1289022003850519,0.6751108297820857,0.41060689298302255,0.7602712859510825,False
train,775511,2026-02-18T23:50:00-08:00,775511_1771487400_H30,764283,0.125,0.9857658486873562,0.36787944117144233,0.10934606531366364,0.49864825664577817,0.6829148094795354,False
train,775511,2026-02-18T23:50:00-08:00,775511_1771487400_H30,764290,0.125,0.3002617025517349,0.3403019123393269,0.507935480984849,0.22362701564169424,0.0,False
train,775511,2026-02-18T23:50:00-08:00,775511_1771487400_H30,764297,0.6332237778832464,0.6904799466895877,0.21460395078470418,0.7155446001211471,0.6397555277356688,0.6997940966389069,False
train,775511,2026-02-18T23:50:00-08:00,775511_1771487400_H30,764311,0.875,0.8476616940400046,0.14630264057470097,0.15177252561728705,0.8006589925063984,1.0,False
train,775511,2026-02-18T23:50:00-08:00,775511_1771487400_H30,764322,0.125,0.8157961255961618,0.1289022003850519,0.7064753395415545,0.4375682968590344,0.5009916082409229,False
train,775511,2026-02-18T23:55:00-08:00,775511_1771487700_H30,764283,0.125,0.9952576896095852,0.36787944117144233,0.46089879676205214,0.5157308674681367,0.7922817007180896,False
train,775511,2026-02-18T23:55:00-08:00,775511_1771487700_H30,764290,0.125,0.1401708791015267,0.3403019123393269,0.1413863035720966,0.14260503399532606,0.0,False
train,775511,2026-02-18T23:55:00-08:00,775511_1771487700_H30,764297,0.6332237778832464,0.5537421904829491,0.21460395078470418,0.24863298933798433,0.5648255455406348,0.7639754476227631,False
train,775511,2026-02-18T23:55:00-08:00,775511_1771487700_H30,764311,0.875,0.8609883602827035,0.14630264057470097,0.18830303678291707,0.8076276378149313,1.0,False
train,775511,2026-02-18T23:55:00-08:00,775511_1771487700_H30,764322,0.125,0.8761311988154602,0.1289022003850519,0.29933170682360816,0.4478034527528089,0.874043815439841,False
train,775536,2026-02-21T23:30:00-08:00,775536_1771745400_H30,768701,0.125,0.9885549641462144,0.8229949661357914,0.9078757827737943,0.5519786653653961,0.0,False
train,775536,2026-02-21T23:30:00-08:00,775536_1771745400_H30,774344,0.125,0.95891106235598,0.7712518849544838,0.600046284418831,0.5254926996463021,0.870366085675341,False
train,775536,2026-02-21T23:30:00-08:00,775536_1771745400_H30,718405,0.125,0.9589116890124096,0.6368006006002778,0.60005204529853,0.5188673565562236,1.0,False
train,775536,2026-02-21T23:30:00-08:00,775536_1771745400_H30,759858,0.125,0.9589116890124096,0.4652130807137347,0.60005204529853,0.5104114444487391,1.0,False
train,775536,2026-02-21T23:30:00-08:00,775536_1771745400_H30,759870,0.125,0.9923919326094549,0.29119380591962934,0.4047382325726835,0.508654893106704,0.10256081347576995,False
train,775536,2026-02-21T23:35:00-08:00,775536_1771745700_H30,768701,0.125,0.9806112487788539,0.8229949661357914,0.39516102088334537,0.5295477343836474,0.0,False
train,775536,2026-02-21T23:35:00-08:00,775536_1771745700_H30,774344,0.125,0.9392901469353125,0.7712518849544838,0.28002675247161846,0.5053211098416126,0.8661897624860103,False
train,775536,2026-02-21T23:35:00-08:00,775536_1771745700_H30,718405,0.125,0.9392900484365586,0.6368006006002778,0.2800194268692322,0.498694974369174,1.0,False
train,775536,2026-02-21T23:35:00-08:00,775536_1771745700_H30,759858,0.125,0.9392900484365586,0.4652130807137347,0.2800194268692322,0.49023906226168945,1.0,False
train,775536,2026-02-21T23:35:00-08:00,775536_1771745700_H30,759870,0.125,0.976384704683947,0.29119380591962934,0.27256949276160375,0.49699761330891995,0.08766550385821148,False
train,775536,2026-02-21T23:40:00-08:00,775536_1771746000_H30,768701,0.125,0.9823300773812716,0.8229949661357914,0.39516102088334537,0.5302711204044152,0.0,False
train,775536,2026-02-21T23:40:00-08:00,775536_1771746000_H30,774344,0.125,0.9300990509671077,0.7712518849544838,0.23789659012532705,0.4998844920699139,0.820786563657671,False
train,775536,2026-02-21T23:40:00-08:00,775536_1771746000_H30,718405,0.125,0.9300996164863375,0.6368006006002778,0.23789810144241402,0.49325896504365235,1.0,False
train,775536,2026-02-21T23:40:00-08:00,775536_1771746000_H30,759858,0.125,0.9300996164863375,0.4652130807137347,0.23789810144241402,0.4848030529361678,1.0,False
train,775536,2026-02-21T23:40:00-08:00,775536_1771746000_H30,759870,0.125,0.992223482156666,0.29119380591962934,0.7397268742968275,0.5210552140584066,0.013258612933146008,False
train,775536,2026-02-21T23:45:00-08:00,775536_1771746300_H30,768701,0.125,0.9869315897744616,0.8229949661357914,0.4441948873675209,0.5340331829376544,0.0,False
train,775536,2026-02-21T23:45:00-08:00,775536_1771746300_H30,774344,0.125,0.919425790556504,0.7712518849544838,0.21649691749880298,0.4945958613576973,0.8387599829875715,False
train,775536,2026-02-21T23:45:00-08:00,775536_1771746300_H30,718405,0.125,0.9194264755467509,0.6368006006002778,0.21649770091018186,0.48797035751296114,1.0,False
train,775536,2026-02-21T23:45:00-08:00,775536_1771746300_H30,759858,0.125,0.9194264755467509,0.4652130807137347,0.21649770091018186,0.4795144454054766,1.0,False
train,775536,2026-02-21T23:45:00-08:00,775536_1771746300_H30,759870,0.125,0.9800324346932366,0.29119380591962934,0.27256949276160375,0.49853279656834637,0.022524590385277543,False
train,775536,2026-02-21T23:50:00-08:00,775536_1771746600_H30,768701,0.125,0.9770734373442921,0.8229949661357914,0.15055097753213087,0.5189522804762442,0.010642620095251298,False
train,775536,2026-02-21T23:50:00-08:00,775536_1771746600_H30,774344,0.125,0.8963309700982555,0.7712518849544838,0.15734084449867658,0.4826738698858739,0.873856880299901,False
train,775536,2026-02-21T23:50:00-08:00,775536_1771746600_H30,718405,0.125,0.8963306863567543,0.6368006006002778,0.1573378367660149,0.47604781720117006,1.0,False
train,775536,2026-02-21T23:50:00-08:00,775536_1771746600_H30,759858,0.125,0.8963306863567543,0.4652130807137347,0.1573378367660149,0.46759190509368553,1.0,False
train,775536,2026-02-21T23:50:00-08:00,775536_1771746600_H30,759870,0.125,0.9861789115572469,0.29119380591962934,0.27256949276160375,0.5011196021603309,0.0,False
train,775536,2026-02-21T23:55:00-08:00,775536_1771746900_H30,768701,0.125,0.9794031542919966,0.8229949661357914,0.4441948873675209,0.5308647663901253,0.8313705309133136,False
train,775536,2026-02-21T23:55:00-08:00,775536_1771746900_H30,774344,0.125,0.8638454550645678,0.7712518849544838,0.13922315395002946,0.46832752019361407,0.5871385309660939,False
train,775536,2026-02-21T23:55:00-08:00,775536_1771746900_H30,718405,0.125,0.8638457516137725,0.6368006006002778,0.13922361536672437,0.46170184088215677,0.0,False
train,775536,2026-02-21T23:55:00-08:00,775536_1771746900_H30,759858,0.125,0.8638457516137725,0.4652130807137347,0.13922361536672437,0.45324592877467224,0.0,False
train,775536,2026-02-21T23:55:00-08:00,775536_1771746900_H30,759870,0.125,0.9644728260432349,0.29119380591962934,0.13425494189654452,0.486835100786434,1.0,False
train,775511,2026-02-25T23:30:00-08:00,775511_1772091000_H30,764283,0.125,0.9952381644390029,0.36787944117144233,0.30629948186424255,0.5099671078185519,0.4727293469232057,False
train,775511,2026-02-25T23:30:00-08:00,775511_1772091000_H30,764290,0.125,0.470729433621199,0.3403019123393269,0.3316316817179331,0.2888064730690069,0.0,False
train,775511,2026-02-25T23:30:00-08:00,775511_1772091000_H30,764297,0.6332237778832464,0.8295689671516232,0.21460395078470418,0.6515532925345675,0.6959102002772143,0.5718584114964902,False
train,775511,2026-02-25T23:30:00-08:00,775511_1772091000_H30,764311,0.875,0.759628612457628,0.14630264057470097,0.3626374019114827,0.7714596391739058,0.603576432337622,False
train,775511,2026-02-25T23:30:00-08:00,775511_1772091000_H30,764322,0.125,0.5005671464359773,0.1289022003850519,0.6877431690195106,0.30420368692781036,1.0,False
train,775511,2026-02-25T23:35:00-08:00,775511_1772091300_H30,764283,0.125,0.9910541281320254,0.36787944117144233,0.3678867987989577,0.510499034786276,0.7800743815428841,False
train,775511,2026-02-25T23:35:00-08:00,775511_1772091300_H30,764290,0.125,0.32702692716999415,0.3403019123393269,0.25562565638283197,0.22549824084579928,0.0,False
train,775511,2026-02-25T23:35:00-08:00,775511_1772091300_H30,764297,0.6332237778832464,0.6916576162213312,0.21460395078470418,0.4254035328254916,0.629449566636506,0.6845998507996972,False
train,775511,2026-02-25T23:35:00-08:00,775511_1772091300_H30,764311,0.875,0.7300262657215917,0.14630264057470097,0.41432266861301553,0.7609253776004061,1.0,False
train,775511,2026-02-25T23:35:00-08:00,775511_1772091300_H30,764322,0.125,0.331180502657599,0.1289022003850519,0.5201712389175989,0.22667714545128512,0.8325486198971993,False
train,775511,2026-02-25T23:40:00-08:00,775511_1772091600_H30,764283,0.125,0.994292488725675,0.36787944117144233,0.3678867987989577,0.5118619308774605,0.8874479016110624,False
train,775511,2026-02-25T23:40:00-08:00,775511_1772091600_H30,764290,0.125,0.46420863376012134,0.3403019123393269,0.7612273633156291,0.3020554486302815,0.0,False
train,775511,2026-02-25T23:40:00-08:00,775511_1772091600_H30,764297,0.6332237778832464,0.8040787752041539,0.21460395078470418,0.37937517990705705,0.6750495445660909,0.9243045966355294,False
train,775511,2026-02-25T23:40:00-08:00,775511_1772091600_H30,764311,0.875,0.8083517995030083,0.14630264057470097,0.4688609218087126,0.7959198453918477,1.0,False
train,775511,2026-02-25T23:40:00-08:00,775511_1772091600_H30,764322,0.125,0.4719163030145396,0.1289022003850519,0.4650246581330157,0.28385415989937574,0.8149978866970169,False
train,775511,2026-02-25T23:45:00-08:00,775511_1772091900_H30,764283,0.125,0.9950053845101703,0.36787944117144233,0.42949846479807785,0.5144556866442882,0.8261089518081738,False
train,775511,2026-02-25T23:45:00-08:00,775511_1772091900_H30,764290,0.125,0.3276123706304259,0.3403019123393269,0.37155753837450306,0.23006063185186645,0.0,False
train,775511,2026-02-25T23:45:00-08:00,775511_1772091900_H30,764297,0.6332237778832464,0.8111909318486716,0.21460395078470418,0.5285770326311586,0.6835973674588727,0.8239469011667302,False
train,775511,2026-02-25T23:45:00-08:00,775511_1772091900_H30,764311,0.875,0.8023300379364614,0.14630264057470097,0.848892852508894,0.8075336486890091,1.0,False
train,775511,2026-02-25T23:45:00-08:00,775511_1772091900_H30,764322,0.125,0.5624219496753764,0.1289022003850519,0.29505232488132677,0.31561649577180845,0.8684724264355204,False
train,775511,2026-02-25T23:50:00-08:00,775511_1772092200_H30,764283,0.125,0.9857658486873562,0.36787944117144233,0.10934606531366364,0.49864825664577817,0.836034553236185,False
train,775511,2026-02-25T23:50:00-08:00,775511_1772092200_H30,764290,0.125,0.33967344333644467,0.3403019123393269,0.3555819301540573,0.23454190137477368,0.0,False
train,775511,2026-02-25T23:50:00-08:00,775511_1772092200_H30,764297,0.6332237778832464,0.7518148250562631,0.21460395078470418,0.8146284702170585,0.6692576886286951,0.8431149347186391,False
train,775511,2026-02-25T23:50:00-08:00,775511_1772092200_H30,764311,0.875,0.722584947676186,0.14630264057470097,0.4925500776736953,0.760705935483349,1.0,False
train,775511,2026-02-25T23:50:00-08:00,775511_1772092200_H30,764322,0.125,0.6094287704170191,0.1289022003850519,0.9222274064687137,0.35874873796097967,0.571444040487167,False
train,775511,2026-02-25T23:55:00-08:00,775511_1772092500_H30,764283,0.125,0.9952576896095852,0.36787944117144233,0.46089879676205214,0.5157308674681367,0.7955975791967884,False
train,775511,2026-02-25T23:55:00-08:00,775511_1772092500_H30,764290,0.125,0.4254541675369359,0.3403019123393269,0.2291776561760983,0.26593769213316604,0.0,False
train,775511,2026-02-25T23:55:00-08:00,775511_1772092500_H30,764297,0.6332237778832464,0.7411783305927633,0.21460395078470418,0.19333046371443563,0.6416510543203904,0.8364700141364444,False
train,775511,2026-02-25T23:55:00-08:00,775511_1772092500_H30,764311,0.875,0.7299778160605966,0.14630264057470097,0.2442356945762079,0.7545728582977909,1.0,False
train,775511,2026-02-25T23:55:00-08:00,775511_1772092500_H30,764322,0.125,0.6946520242105565,0.1289022003850519,0.47038494386926266,0.3777942484116881,0.7139885399216207,False
train,769895,2026-02-27T21:45:00-08:00,769895_1772257500_H30,770116,0.125,0.9570806114077259,0.6578152456099651,0.7807961657221328,0.5258612220612756,0.49901979812592323,False
train,769895,2026-02-27T21:45:00-08:00,769895_1772257500_H30,769880,0.4117271195446147,0.14243859753112176,0.6556829452252355,0.3404512401639763,0.3077631234215483,0.0,False
train,769895,2026-02-27T21:45:00-08:00,769895_1772257500_H30,769866,0.3952053726273309,0.6174000157891735,0.5758269762031877,0.6932437262938869,0.5087149033980968,0.6271174330827616,False
train,769895,2026-02-27T21:45:00-08:00,769895_1772257500_H30,769847,0.4117271195446147,0.26580987440156145,0.4441076408043507,0.5123113725022141,0.35565675845352807,0.8380499525459284,False
train,769895,2026-02-27T21:45:00-08:00,769895_1772257500_H30,770385,0.3786836257100471,0.33667925266713794,0.33157670652330645,0.8947970586156426,0.3778984872145764,1.0,False
train,769965,2026-02-27T21:45:00-08:00,769965_1772257500_H30,770129,0.29863182814654105,0.18095265775601166,0.6996725373751304,0.2868267812028535,0.2684293688680241,0.6960599073907056,False
train,769965,2026-02-27T21:45:00-08:00,769965_1772257500_H30,769911,0.2291790968879246,0.07619045889024922,0.655682945225236,0.2577165226259273,0.18687303473124128,0.7306501999725519,False
train,769965,2026-02-27T21:45:00-08:00,769965_1772257500_H30,770141,0.29863182814654105,0.1619045889024926,0.655682945225236,0.2808353643518546,0.258021920193819,1.0,False
train,769965,2026-02-27T21:45:00-08:00,769965_1772257500_H30,769867,0.29863182814654105,0.028774919765209517,0.5056967074374724,0.13980457813507383,0.18935118833434778,0.5690011565059858,False
train,769965,2026-02-27T21:45:00-08:00,769965_1772257500_H30,769926,0.29863182814654105,0.11428586998775658,0.4299201246592394,0.27642419103254423,0.22669119280892666,0.0,False
train,775511,2026-02-27T21:45:00-08:00,775511_1772257500_H30,764283,0.125,0.7090848118596281,0.36787944117144233,0.9730827539258292,0.41436015949341926,0.5556403408368307,False
train,775511,2026-02-27T21:45:00-08:00,775511_1772257500_H30,764290,0.125,0.19047596557324042,0.3403019123393269,0.3939320647816173,0.1731783952578944,0.0,False
train,775511,2026-02-27T21:45:00-08:00,775511_1772257500_H30,764297,0.3959321112165797,0.314723952574685,0.21460395078470418,0.5180065025077012,0.3573635983366597,0.894698667811268,False
train,775511,2026-02-27T21:45:00-08:00,775511_1772257500_H30,764311,0.5208333333333334,0.3660710240399766,0.14630264057470097,0.7096180567198346,0.4442712622215415,1.0,False
train,775511,2026-02-27T21:45:00-08:00,775511_1772257500_H30,764322,0.125,0.3730094810833223,0.1289022003850519,0.3442398827501563,0.23773157687335955,0.29236415808215666,False
train,769895,2026-02-27T22:30:00-08:00,769895_1772260200_H30,770116,0.125,0.9717663186002896,0.6578152456099651,0.6283733264403777,0.5263673324320619,0.0,False
train,769895,2026-02-27T22:30:00-08:00,769895_1772260200_H30,769880,0.32839378621128135,0.5604081695281755,0.6556829452252355,0.5033203149268178,0.44868059475822725,0.42191930755818297,False
train,769895,2026-02-27T22:30:00-08:00,769895_1772260200_H30,769866,0.31187203929399754,0.7340738799941539,0.5758269762031877,0.24471731291593912,0.500067593738435,0.5428303583808504,False
train,769895,2026-02-27T22:30:00-08:00,769895_1772260200_H30,769847,0.32839378621128135,0.8020030308129553,0.4441076408043507,0.39528832037168926,0.5359097552830059,0.7973424821251308,False
train,769895,2026-02-27T22:30:00-08:00,769895_1772260200_H30,770385,0.29535029237671373,0.7180609443482583,0.33157670652330645,0.621211242827624,0.48716890857630046,1.0,False
train,769965,2026-02-27T22:30:00-08:00,769965_1772260200_H30,770129,0.21529849481320767,0.16234335401569466,0.6996725373751304,0.6004531232229265,0.23122080909396903,0.7274007345070075,False
train,769965,2026-02-27T22:30:00-08:00,769965_1772260200_H30,769911,0.1791790968879246,0.12318224276018286,0.655682945225236,0.8142616986224217,0.20273794018063654,1.0,False
train,769965,2026-02-27T22:30:00-08:00,769965_1772260200_H30,770141,0.21529849481320767,0.19900883510594913,0.655682945225236,0.6494482502543782,0.24630804043575766,0.8307072511981028,False
train,769965,2026-02-27T22:30:00-08:00,769965_1772260200_H30,769867,0.21529849481320767,0.4633963329810944,0.5056967074374724,0.580806167796551,0.34763128311577385,0.0,False
train,769965,2026-02-27T22:30:00-08:00,769965_1772260200_H30,769926,0.21529849481320767,0.12887010589535053,0.4299201246592394,0.6077327276979139,0.20411074891344494,0.6085497603794404,False
train,775511,2026-02-27T22:30:00-08:00,775511_1772260200_H30,764283,0.125,0.8444764589106525,0.36787944117144233,0.6166395772186314,0.4580711325782469,0.08740838682618557,False
train,775511,2026-02-27T22:30:00-08:00,775511_1772260200_H30,764290,0.125,0.5370065496886497,0.3403019123393269,0.5773036254742885,0.32584591722273,0.5983593155758389,False
train,775511,2026-02-27T22:30:00-08:00,775511_1772260200_H30,764297,0.3400987778832464,0.7392726509858973,0.21460395078470418,0.3928201075654666,0.5038733584785358,1.0,False
train,775511,2026-02-27T22:30:00-08:00,775511_1772260200_H30,764311,0.4375,0.7890257927489804,0.14630264057470097,0.9353130405783494,0.589625734210514,0.21666560036396465,False
train,775511,2026-02-27T22:30:00-08:00,775511_1772260200_H30,764322,0.125,0.7119908852475094,0.1289022003850519,0.5887266697381367,0.38949719646000913,0.0,False
train,769895,2026-02-27T22:35:00-08:00,769895_1772260500_H30,770116,0.125,0.976954605953892,0.6578152456099651,0.6720843395167035,0.5301781817284289,0.0,False
train,769895,2026-02-27T22:35:00-08:00,769895_1772260500_H30,769880,0.3075604528779481,0.5591597503926182,0.6556829452252355,0.7228648762298372,0.4460654158596406,0.5041941684427703,False
train,769895,2026-02-27T22:35:00-08:00,769895_1772260500_H30,769866,0.2910387059606642,0.7439143165061987,0.5758269762031877,0.39863916264972615,0.4996762166198109,0.7674123940662957,False
train,769895,2026-02-27T22:35:00-08:00,769895_1772260500_H30,769847,0.3075604528779481,0.8487448203015306,0.4441076408043507,0.6228426136071885,0.5537899228904059,0.8945712961407444,False
train,769895,2026-02-27T22:35:00-08:00,769895_1772260500_H30,770385,0.27451695904338047,0.5002711889505228,0.33157670652330645,0.1319302326329707,0.3670314622347487,1.0,False
train,769965,2026-02-27T22:35:00-08:00,769965_1772260500_H30,770129,0.19446516147987436,0.4505001133546763,0.6996725373751304,0.6734997942518275,0.34495072626811746,0.9159171817419212,False
train,769965,2026-02-27T22:35:00-08:00,769965_1772260500_H30,769911,0.1666790968879246,0.26580290264015727,0.655682945225236,0.9655848876665021,0.2622369459547699,0.8526432646519955,False
train,769965,2026-02-27T22:35:00-08:00,769965_1772260500_H30,770141,0.19446516147987436,0.43075998262487347,0.655682945225236,0.7582494523228396,0.33763019508668046,1.0,False
train,769965,2026-02-27T22:35:00-08:00,769965_1772260500_H30,769867,0.19446516147987436,0.6842986945342504,0.5056967074374724,0.6037837959176195,0.4311925128034742,0.0,False
train,769965,2026-02-27T22:35:00-08:00,769965_1772260500_H30,769926,0.19446516147987436,0.45736946727120187,0.4299201246592394,0.6997620948206341,0.33552595166326843,0.2309095234319245,False
train,775511,2026-02-27T22:35:00-08:00,775511_1772260500_H30,764283,0.125,0.9164159710923271,0.36787944117144233,0.6044035939020362,0.487892057333716,0.1690802532210517,False
train,775511,2026-02-27T22:35:00-08:00,775511_1772260500_H30,764290,0.125,0.7889248559365677,0.3403019123393269,0.6258632414216443,0.4336760432567842,0.0,False
train,775511,2026-02-27T22:35:00-08:00,775511_1772260500_H30,764297,0.32614044454991303,0.8340409625022915,0.21460395078470418,0.6906721897158798,0.5479699004521972,0.4569395017793595,False
train,775511,2026-02-27T22:35:00-08:00,775511_1772260500_H30,764311,0.4166666666666667,0.8552060622143449,0.14630264057470097,0.9809553303346934,0.6089144183293245,1.0,False
train,775511,2026-02-27T22:35:00-08:00,775511_1772260500_H30,764322,0.125,0.8696483641117037,0.1289022003850519,0.6178522241274329,0.45693321461645675,0.0036432824777139494,False
train,769895,2026-02-27T22:40:00-08:00,769895_1772260800_H30,770116,0.125,0.9738133905331884,0.6578152456099651,0.6720775480109844,0.5288559173048811,0.0,False
train,769895,2026-02-27T22:40:00-08:00,769895_1772260800_H30,769880,0.3075604528779481,0.7546653698926379,0.6556829452252355,0.5673548418209887,0.5225564426020853,0.3382487216603023,False
train,769895,2026-02-27T22:40:00-08:00,769895_1772260800_H30,769866,0.2910387059606642,0.8444147123990133,0.5758269762031877,0.7517735046800251,0.5551195595159641,0.7806261436934363,False
train,769895,2026-02-27T22:40:00-08:00,769895_1772260800_H30,769847,0.3075604528779481,0.8958364904176894,0.4441076408043507,0.46148496837698755,0.5676017714993532,0.7961175206871609,False
train,769895,2026-02-27T22:40:00-08:00,769895_1772260800_H30,770385,0.27451695904338047,0.6512283510170337,0.33157670652330645,0.4509844225968213,0.4424412721843111,1.0,False
train,769965,2026-02-27T22:40:00-08:00,769965_1772260800_H30,770129,0.19446516147987436,0.3917014087556494,0.6996725373751304,0.6622231182285753,0.31978489299935936,0.7035627701064614,False
train,769965,2026-02-27T22:40:00-08:00,769965_1772260800_H30,769911,0.1666790968879246,0.3584166528712125,0.655682945225236,0.5070302326281341,0.2841429332749693,1.0,False
train,769965,2026-02-27T22:40:00-08:00,769965_1772260800_H30,770141,0.19446516147987436,0.4284568946969828,0.655682945225236,0.8102030916860615,0.3385950878233804,0.6411540604436146,False
train,769965,2026-02-27T22:40:00-08:00,769965_1772260800_H30,769867,0.19446516147987436,0.6432328212345577,0.5056967074374724,0.8924493957293209,0.4246561989153606,0.2079974099896098,False
train,769965,2026-02-27T22:40:00-08:00,769965_1772260800_H30,769926,0.19446516147987436,0.2785016559063276,0.4299201246592394,0.6338523212861253,0.257793924028837,0.0,False
train,775511,2026-02-27T22:40:00-08:00,775511_1772260800_H30,764283,0.125,0.9235929074505558,0.36787944117144233,0.6914105361276258,0.49415170341107245,0.015842269111034257,False
train,775511,2026-02-27T22:40:00-08:00,775511_1772260800_H30,764290,0.125,0.7668732880629762,0.3403019123393269,0.654658508314505,0.42546743513225316,0.09065752649287762,False
train,775511,2026-02-27T22:40:00-08:00,775511_1772260800_H30,764297,0.32614044454991303,0.8507352925475448,0.21460395078470418,0.5756107070534219,0.5507122769616005,1.0,False
train,775511,2026-02-27T22:40:00-08:00,775511_1772260800_H30,764311,0.4166666666666667,0.8990340584302242,0.14630264057470097,0.6219081451800085,0.6139929791398269,0.4210873871890821,False
train,775511,2026-02-27T22:40:00-08:00,775511_1772260800_H30,764322,0.125,0.8605832452867433,0.1289022003850519,0.6656819303883359,0.45489871080133776,0.0,False
train,769895,2026-02-27T22:45:00-08:00,769895_1772261100_H30,770116,0.125,0.978196292756664,0.6578152456099651,0.6118158627871731,0.5284570366630454,0.0,False
train,769895,2026-02-27T22:45:00-08:00,769895_1772261100_H30,769880,0.3075604528779481,0.6905895674152361,0.6556829452252355,0.7727684222137704,0.5032368021376854,0.5173186511552117,False
train,769895,2026-02-27T22:45:00-08:00,769895_1772261100_H30,769866,0.2910387059606642,0.7759410908277898,0.5758269762031877,0.251336223103843,0.5076710942057284,0.6605626077237499,False
train,769895,2026-02-27T22:45:00-08:00,769895_1772261100_H30,769847,0.3075604528779481,0.8481327163765896,0.4441076408043507,0.7021866306991973,0.556486193036893,1.0,False
train,769895,2026-02-27T22:45:00-08:00,769895_1772261100_H30,770385,0.27451695904338047,0.41192213285867774,0.33157670652330645,0.37988340761260786,0.33907987963409525,0.9245149992770603,False
train,769965,2026-02-27T22:45:00-08:00,769965_1772261100_H30,770129,0.19446516147987436,0.14761908221950149,0.6996725373751304,0.6134825390659416,0.21524587950624205,0.15325967564773546,False
train,769965,2026-02-27T22:45:00-08:00,769965_1772261100_H30,769911,0.1666790968879246,0.10927652880579397,0.655682945225236,0.5654212999594678,0.18146367505132482,0.7950968718559341,False
train,769965,2026-02-27T22:45:00-08:00,769965_1772261100_H30,770141,0.19446516147987436,0.24656260095287164,0.655682945225236,0.6835928188747502,0.25732953023271876,0.2239544393062518,False
train,769965,2026-02-27T22:45:00-08:00,769965_1772261100_H30,769867,0.19446516147987436,0.4547460051968143,0.5056967074374724,0.4046394384655462,0.3271690932369856,0.0,False
train,769965,2026-02-27T22:45:00-08:00,769965_1772261100_H30,769926,0.19446516147987436,0.07142826002448677,0.4299201246592394,0.5664256810564912,0.16813482604703084,1.0,False
train,775511,2026-02-27T22:45:00-08:00,775511_1772261100_H30,764283,0.125,0.8449410083358524,0.36787944117144233,0.5720239537952962,0.4566056580304237,1.0,False
train,775511,2026-02-27T22:45:00-08:00,775511_1772261100_H30,764290,0.125,0.5419969224135028,0.3403019123393269,0.6150771481212427,0.3293524267260005,0.9191685912240184,False
train,775511,2026-02-27T22:45:00-08:00,775511_1772261100_H30,764297,0.32614044454991303,0.7812590847349182,0.21460395078470418,0.9801066749289943,0.5365314148413012,0.588475362180282,False
train,775511,2026-02-27T22:45:00-08:00,775511_1772261100_H30,764311,0.4166666666666667,0.8368518611230337,0.14630264057470097,0.665501714036915,0.589445921203195,0.0,False
train,775511,2026-02-27T22:45:00-08:00,775511_1772261100_H30,764322,0.125,0.7246562662804242,0.1289022003850519,0.5999577315755664,0.3952456659739722,0.9435659035161886,False
train,769895,2026-02-27T22:50:00-08:00,769895_1772261400_H30,770116,0.125,0.9676288196150213,0.6578152456099651,0.26354550280275935,0.5110439340317656,0.0,False
train,769895,2026-02-27T22:50:00-08:00,769895_1772261400_H30,769880,0.3075604528779481,0.5758204014105008,0.6556829452252355,0.5267103418333723,0.4457746236708307,0.15232945341594162,False
train,769895,2026-02-27T22:50:00-08:00,769895_1772261400_H30,769866,0.2910387059606642,0.6778759445787033,0.5758269762031877,0.2804654143965301,0.4674838512552928,0.527235684106812,False
train,769895,2026-02-27T22:50:00-08:00,769895_1772261400_H30,769847,0.3075604528779481,0.7962829064440284,0.4441076408043507,0.4304063016384545,0.5245466403281158,1.0,False
train,769895,2026-02-27T22:50:00-08:00,769895_1772261400_H30,770385,0.27451695904338047,0.5033742002151399,0.33157670652330645,0.3930757597889398,0.37805952190765,0.8913658756533792,False
train,769965,2026-02-27T22:50:00-08:00,769965_1772261400_H30,770129,0.19446516147987436,0.32914917592476733,0.6996725373751304,0.5879801165289281,0.2906951914058403,0.8839248790542271,False
train,769965,2026-02-27T22:50:00-08:00,769965_1772261400_H30,769911,0.1666790968879246,0.19999999999999996,0.655682945225236,0.4470268806682877,0.21523786681331614,1.0,False
train,769965,2026-02-27T22:50:00-08:00,769965_1772261400_H30,770141,0.19446516147987436,0.3219363825973435,0.655682945225236,0.5871800550937416,0.2854620032919102,0.4844241974692741,False
train,769965,2026-02-27T22:50:00-08:00,769965_1772261400_H30,769867,0.19446516147987436,0.6590927053127794,0.5056967074374724,0.5567275195096397,0.4188324756136114,0.0,False
train,769965,2026-02-27T22:50:00-08:00,769965_1772261400_H30,769926,0.19446516147987436,0.32914917592476733,0.4299201246592394,0.6261302351719845,0.2788219500916144,0.453257275892023,False
train,775511,2026-02-27T22:50:00-08:00,775511_1772261400_H30,764283,0.125,0.8902846978785538,0.36787944117144233,0.4706202777453515,0.4719138642337543,1.0,False
train,775511,2026-02-27T22:50:00-08:00,775511_1772261400_H30,764290,0.125,0.6987905335718017,0.3403019123393269,0.577623040095238,0.39394619869462244,0.7746308759510676,False
train,775511,2026-02-27T22:50:00-08:00,775511_1772261400_H30,764297,0.32614044454991303,0.7995108914280433,0.21460395078470418,0.29795236238878436,0.5188171024494849,0.45266298942038163,False
train,775511,2026-02-27T22:50:00-08:00,775511_1772261400_H30,764311,0.4166666666666667,0.8019312318710545,0.14630264057470097,0.2899511082886146,0.560767941923699,0.0,False
train,775511,2026-02-27T22:50:00-08:00,775511_1772261400_H30,764322,0.125,0.8130984376536816,0.1289022003850519,0.5399599647902091,0.4302337856653964,0.8845801092839704,False
train,769895,2026-02-27T22:55:00-08:00,769895_1772261700_H30,770116,0.125,0.9794453946212385,0.6578152456099651,0.6118158627871733,0.5289827335394397,0.0,False
train,769895,2026-02-27T22:55:00-08:00,769895_1772261700_H30,769880,0.2867271195446147,0.6999629131974713,0.6556829452252355,0.815060055932412,0.4984929896623945,0.353093595457598,False
train,769895,2026-02-27T22:55:00-08:00,769895_1772261700_H30,769866,0.2702053726273309,0.7090565415221058,0.5758269762031877,0.3147012149029199,0.4716179273991903,0.7821340334167735,False
train,769895,2026-02-27T22:55:00-08:00,769895_1772261700_H30,769847,0.2867271195446147,0.8798109720803505,0.4441076408043507,0.3700167502937733,0.5471888810857828,0.9349329425890878,False
train,769895,2026-02-27T22:55:00-08:00,769895_1772261700_H30,770385,0.2536836257100471,0.4487092323310625,0.33157670652330645,0.251606702789175,0.3395233671969159,1.0,False
train,769965,2026-02-27T22:55:00-08:00,769965_1772261700_H30,770129,0.17363182814654102,0.4178283447872704,0.6996725373751304,0.7990794613257616,0.32561252250086725,0.7601594065589511,False
train,769965,2026-02-27T22:55:00-08:00,769965_1772261700_H30,769911,0.1541790968879246,0.30164080552908046,0.655682945225236,0.8446359871140838,0.2666590171889463,0.7316174752414253,False
train,769965,2026-02-27T22:55:00-08:00,769965_1772261700_H30,770141,0.17363182814654102,0.5143082055452264,0.655682945225236,0.9257649159343608,0.3687655425494882,1.0,False
train,769965,2026-02-27T22:55:00-08:00,769965_1772261700_H30,769867,0.17363182814654102,0.6791613395576641,0.5056967074374724,0.9173301070618557,0.4304402062802479,0.0,False
train,769965,2026-02-27T22:55:00-08:00,769965_1772261700_H30,769926,0.17363182814654102,0.307371761801678,0.4299201246592394,0.7345275220891152,0.2634290642906366,0.6161199457881745,False
train,775511,2026-02-27T22:55:00-08:00,775511_1772261700_H30,764283,0.125,0.9169767389907196,0.36787944117144233,0.6352090199544699,0.4892749101628023,0.9666983116472143,False
train,775511,2026-02-27T22:55:00-08:00,775511_1772261700_H30,764290,0.125,0.7863487352561346,0.3403019123393269,0.7002676621021872,0.43536184242561005,1.0,False
train,775511,2026-02-27T22:55:00-08:00,775511_1772261700_H30,764297,0.3121821112165797,0.5867159269824693,0.21460395078470418,0.09812010708005711,0.41494442160063666,0.5448409374360117,False
train,775511,2026-02-27T22:55:00-08:00,775511_1772261700_H30,764311,0.39583333333333337,0.6787973301394168,0.14630264057470097,0.10138423563711546,0.4916625653453993,0.0,False
train,775511,2026-02-27T22:55:00-08:00,775511_1772261700_H30,764322,0.125,0.8665054687777771,0.1289022003850519,0.675790305040088,0.4577674594947273,0.9347964483163009,False
train,769895,2026-02-28T23:30:00-08:00,769895_1772350200_H30,770116,0.125,0.9923919326094549,0.6578152456099651,0.4047382325726835,0.5267221667218875,0.0,False
train,769895,2026-02-28T23:30:00-08:00,769895_1772350200_H30,769880,0.26589378621128135,0.6966430648547912,0.6556829452252355,0.19425670974611567,0.4637209105839887,0.8836703310306083,False
train,769895,2026-02-28T23:30:00-08:00,769895_1772350200_H30,769866,0.24937203929399754,0.5800830976892152,0.5758269762031877,0.9186667850588428,0.42955992954441596,0.7478849367504439,False
train,769895,2026-02-28T23:30:00-08:00,769895_1772350200_H30,769847,0.26589378621128135,0.9412894818031369,0.4441076408043507,0.7046410323362068,0.5752572271400275,1.0,False
train,769895,2026-02-28T23:30:00-08:00,769895_1772350200_H30,770385,0.23285029237671376,0.8036005376052234,0.33157670652330645,0.41638791155111804,0.48475434217437713,0.84209035378807,False
train,769965,2026-02-28T23:30:00-08:00,769965_1772350200_H30,770129,0.15279849481320767,0.8610181460267261,0.6996725373751304,0.26398275922364456,0.48194919944059794,0.0,False
train,769965,2026-02-28T23:30:00-08:00,769965_1772350200_H30,769911,0.1416790968879246,0.8814722512028079,0.655682945225236,0.9297664272572503,0.5076982326499265,0.013063660477453776,False
train,769965,2026-02-28T23:30:00-08:00,769965_1772350200_H30,770141,0.15279849481320767,0.7573264776164639,0.655682945225236,0.27956394875770496,0.43672177615435986,0.032117595048629655,False
train,769965,2026-02-28T23:30:00-08:00,769965_1772350200_H30,769867,0.15279849481320767,0.9016773380629016,0.5056967074374724,0.8827159310498021,0.5125364790300273,1.0,False
train,769965,2026-02-28T23:30:00-08:00,769965_1772350200_H30,769926,0.15279849481320767,0.7088715238073344,0.4299201246592394,0.4262273922417813,0.41066343315655646,0.5360300618921309,False
train,775511,2026-02-28T23:30:00-08:00,775511_1772350200_H30,764283,0.125,0.9860190616678058,0.36787944117144233,0.7629805076199491,0.5230888299468571,0.0,False
train,775511,2026-02-28T23:30:00-08:00,775511_1772350200_H30,764290,0.125,0.9860190616678058,0.3403019123393269,0.7629805076199491,0.5217297966086505,0.0,False
train,775511,2026-02-28T23:30:00-08:00,775511_1772350200_H30,764297,0.2982237778832464,0.8227900932563033,0.21460395078470418,0.3971586150637606,0.5185550995853387,0.7350461527348526,False
train,775511,2026-02-28T23:30:00-08:00,775511_1772350200_H30,764311,0.375,0.9317965517359514,0.14630264057470097,0.41642757876698533,0.5996053233372928,1.0,False
train,775511,2026-02-28T23:30:00-08:00,775511_1772350200_H30,764322,0.125,0.9860190616678058,0.1289022003850519,0.7629805076199491,0.5113119213167011,0.0,False
train,769895,2026-02-28T23:35:00-08:00,769895_1772350500_H30,770116,0.125,0.976384704683947,0.6578152456099651,0.27256949276160375,0.5150648869241036,0.0,False
train,769895,2026-02-28T23:35:00-08:00,769895_1772350500_H30,769880,0.26589378621128135,0.6871548480297742,0.6556829452252355,0.3056024320121068,0.46387296492147684,0.9394752034034712,False
train,769895,2026-02-28T23:35:00-08:00,769895_1772350500_H30,769866,0.24937203929399754,0.5037372232435259,0.5758269762031877,0.2448879980566434,0.3723450577529946,0.9508845669304774,False
train,769895,2026-02-28T23:35:00-08:00,769895_1772350500_H30,769847,0.26589378621128135,0.929539957331901,0.4441076408043507,0.2820530270523071,0.5545798920126184,0.7869332643235574,False
train,769895,2026-02-28T23:35:00-08:00,769895_1772350500_H30,770385,0.23285029237671376,0.8479447821253762,0.33157670652330645,0.7776311402072146,0.5168656971155868,1.0,False
train,769965,2026-02-28T23:35:00-08:00,769965_1772350500_H30,770129,0.15279849481320767,0.8804510521674282,0.6996725373751304,0.3167890386886124,0.4920936430454549,0.8053390665591686,False
train,769965,2026-02-28T23:35:00-08:00,769965_1772350500_H30,769911,0.1416790968879246,0.7696222027061741,0.655682945225236,0.13090572401213596,0.4308844321335504,0.21857923497267762,False
train,769965,2026-02-28T23:35:00-08:00,769965_1772350500_H30,770141,0.15279849481320767,0.845795030522842,0.655682945225236,0.5878648457271228,0.4854323049046348,1.0,False
train,769965,2026-02-28T23:35:00-08:00,769965_1772350500_H30,769867,0.15279849481320767,0.9125817974221961,0.5056967074374724,0.64620263720579,0.5083206296784122,0.0,False
train,769965,2026-02-28T23:35:00-08:00,769965_1772350500_H30,769926,0.15279849481320767,0.8015809193195815,0.4299201246592394,0.600944658775248,0.4561856082581618,0.4612260742333304,False
train,775511,2026-02-28T23:35:00-08:00,775511_1772350500_H30,764283,0.125,0.9747425535619829,0.36787944117144233,0.44418534795830206,0.5064746483811539,0.0,False
train,775511,2026-02-28T23:35:00-08:00,775511_1772350500_H30,764290,0.125,0.9747425535619829,0.3403019123393269,0.44418534795830206,0.5051156150429473,0.0,False
train,775511,2026-02-28T23:35:00-08:00,775511_1772350500_H30,764297,0.2982237778832464,0.8938628698171743,0.21460395078470418,0.38489186182910284,0.5480101045544539,1.0,False
train,775511,2026-02-28T23:35:00-08:00,775511_1772350500_H30,764311,0.375,0.9452096227992958,0.14630264057470097,0.6420638312254252,0.6136505070587903,0.842416965224154,False
train,775511,2026-02-28T23:35:00-08:00,775511_1772350500_H30,764322,0.125,0.9747425535619829,0.1289022003850519,0.44418534795830206,0.49469773975099784,0.0,False
train,769895,2026-02-28T23:40:00-08:00,769895_1772350800_H30,770116,0.125,0.992223482156666,0.6578152456099651,0.7397268742968275,0.5391224876735902,0.0,False
train,769895,2026-02-28T23:40:00-08:00,769895_1772350800_H30,769880,0.26589378621128135,0.7790119210618232,0.6556829452252355,0.46877595695289603,0.5086066723786241,0.8438924784818803,False
train,769895,2026-02-28T23:40:00-08:00,769895_1772350800_H30,769866,0.24937203929399754,0.688763966241844,0.5758269762031877,0.5114348569659427,0.46013860453480665,0.7055843939130232,False
train,769895,2026-02-28T23:40:00-08:00,769895_1772350800_H30,769847,0.26589378621128135,0.961367164325415,0.4441076408043507,0.8305294581480454,0.5883937896582127,1.0,False
train,769895,2026-02-28T23:40:00-08:00,769895_1772350800_H30,770385,0.23285029237671376,0.7476206506865194,0.33157670652330645,0.5582883437844431,0.466477431496316,0.8256049924549765,False
train,769965,2026-02-28T23:40:00-08:00,769965_1772350800_H30,770129,0.15279849481320767,0.7738956010173799,0.6996725373751304,0.10097071654343794,0.439214076723814,0.7509162433315881,False
train,769965,2026-02-28T23:40:00-08:00,769965_1772350800_H30,769911,0.1416790968879246,0.8985711550847094,0.655682945225236,0.6000121639184731,0.5026181299750434,0.0,False
train,769965,2026-02-28T23:40:00-08:00,769965_1772350800_H30,770141,0.15279849481320767,0.8200388788647535,0.655682945225236,0.3328906271056537,0.4651001972260051,0.580671864608244,False
train,769965,2026-02-28T23:40:00-08:00,769965_1772350800_H30,769867,0.15279849481320767,0.8840398684770405,0.5056967074374724,0.2696137345795943,0.48228853500873353,1.0,False
train,769965,2026-02-28T23:40:00-08:00,769965_1772350800_H30,769926,0.15279849481320767,0.8330189575273732,0.4299201246592394,0.4287854710742121,0.4630073428886408,0.5385458970694363,False
train,775511,2026-02-28T23:40:00-08:00,775511_1772350800_H30,764283,0.125,0.9861203072793785,0.36787944117144233,0.444185347958302,0.5112630885870737,0.0,False
train,775511,2026-02-28T23:40:00-08:00,775511_1772350800_H30,764290,0.125,0.9861203072793785,0.3403019123393269,0.444185347958302,0.5099040552488671,0.0,False
train,775511,2026-02-28T23:40:00-08:00,775511_1772350800_H30,764297,0.2982237778832464,0.8636629156406461,0.21460395078470418,0.5660670830274612,0.542045085670806,1.0,False
train,775511,2026-02-28T23:40:00-08:00,775511_1772350800_H30,764311,0.375,0.8846977513813412,0.14630264057470097,0.29100322346407703,0.5751139328481863,0.9765198833930897,False
train,775511,2026-02-28T23:40:00-08:00,775511_1772350800_H30,764322,0.125,0.9861203072793785,0.1289022003850519,0.444185347958302,0.49948617995691763,0.0,False
train,769895,2026-02-28T23:45:00-08:00,769895_1772351100_H30,770116,0.125,0.9800324346932366,0.6578152456099651,0.27256949276160375,0.5166000701835299,0.0,False
train,769895,2026-02-28T23:45:00-08:00,769895_1772351100_H30,769880,0.26589378621128135,0.7567351773752292,0.6556829452252355,0.9383604856484051,0.5167133386946428,0.8527596382813984,False
train,769895,2026-02-28T23:45:00-08:00,769895_1772351100_H30,769866,0.24937203929399754,0.7624465845959338,0.5758269762031877,0.9254292036105285,0.5065611635550935,0.7087496895589546,False
train,769895,2026-02-28T23:45:00-08:00,769895_1772351100_H30,769847,0.26589378621128135,0.9091648897446919,0.4441076408043507,0.33409508364358,0.5479423049980092,1.0,False
train,769895,2026-02-28T23:45:00-08:00,769895_1772351100_H30,770385,0.23285029237671376,0.8269530798830524,0.33157670652330645,0.6891287022527207,0.5047362946878517,0.8436509327840354,False
train,769965,2026-02-28T23:45:00-08:00,769965_1772351100_H30,770129,0.15279849481320767,0.8900299725353678,0.6996725373751304,0.5332512500971106,0.5041836482562507,0.657186773580477,False
train,769965,2026-02-28T23:45:00-08:00,769965_1772351100_H30,769911,0.1416790968879246,0.8878021944854687,0.655682945225236,0.31027386095031634,0.4872993058241034,0.0,False
train,769965,2026-02-28T23:45:00-08:00,769965_1772351100_H30,770141,0.15279849481320767,0.8933738103068267,0.655682945225236,0.3893866596102398,0.4980672063686009,0.6012160310140912,False
train,769965,2026-02-28T23:45:00-08:00,769965_1772351100_H30,769867,0.15279849481320767,0.9024235340198824,0.5056967074374724,0.40530598266152434,0.49507713796449493,1.0,False
train,769965,2026-02-28T23:45:00-08:00,769965_1772351100_H30,769926,0.15279849481320767,0.7799421012801027,0.4299201246592394,0.3264336284279785,0.4368589896992796,0.963700792767417,False
train,775511,2026-02-28T23:45:00-08:00,775511_1772351100_H30,764283,0.125,0.9866606934012784,0.36787944117144233,0.444185347958302,0.5114905154322225,0.0,False
train,775511,2026-02-28T23:45:00-08:00,775511_1772351100_H30,764290,0.125,0.9866606934012784,0.3403019123393269,0.444185347958302,0.5101314820940158,0.0,False
train,775511,2026-02-28T23:45:00-08:00,775511_1772351100_H30,764297,0.2982237778832464,0.8723830178485952,0.21460395078470418,0.5375400790814526,0.5446530016884481,0.7841532933435549,False
train,775511,2026-02-28T23:45:00-08:00,775511_1772351100_H30,764311,0.375,0.8979682426830854,0.14630264057470097,0.2780940666951285,0.5802183583660776,1.0,False
train,775511,2026-02-28T23:45:00-08:00,775511_1772351100_H30,764322,0.125,0.9866606934012784,0.1289022003850519,0.444185347958302,0.4997136068020664,0.0,False
train,769895,2026-02-28T23:50:00-08:00,769895_1772351400_H30,770116,0.125,0.9861789115572469,0.6578152456099651,0.27256949276160375,0.5191868757755146,0.0,False
train,769895,2026-02-28T23:50:00-08:00,769895_1772351400_H30,769880,0.26589378621128135,0.610117273912139,0.6556829452252355,0.18761037730094776,0.4270582407331202,0.9558307124880957,False
train,769895,2026-02-28T23:50:00-08:00,769895_1772351400_H30,769866,0.24937203929399754,0.6173366814970784,0.5758269762031877,0.9743885126255716,0.4473129201817282,0.720383357932734,False
train,769895,2026-02-28T23:50:00-08:00,769895_1772351400_H30,769847,0.26589378621128135,0.9537295004710479,0.4441076408043507,0.9999977283937278,0.5914884984723853,1.0,False
train,769895,2026-02-28T23:50:00-08:00,769895_1772351400_H30,770385,0.23285029237671376,0.8842751331728855,0.33157670652330645,0.6053936974783326,0.5257434966632529,0.8069874297608022,False
train,769965,2026-02-28T23:50:00-08:00,769965_1772351400_H30,770129,0.15279849481320767,0.9000222755427578,0.6996725373751304,0.6317399817219705,0.5120556221319658,0.8026502443088424,False
train,769965,2026-02-28T23:50:00-08:00,769965_1772351400_H30,769911,0.1416790968879246,0.867219527626053,0.655682945225236,0.4833756998416951,0.4850812553559587,0.8513543941816216,False
train,769965,2026-02-28T23:50:00-08:00,769965_1772351400_H30,770141,0.15279849481320767,0.9044047354960785,0.655682945225236,0.3895311348175647,0.5027150589916839,1.0,False
train,769965,2026-02-28T23:50:00-08:00,769965_1772351400_H30,769867,0.15279849481320767,0.9442965005755276,0.5056967074374724,0.3869405627145226,0.5120160681765655,0.0,False
train,769965,2026-02-28T23:50:00-08:00,769965_1772351400_H30,769926,0.15279849481320767,0.8396704314103454,0.4299201246592394,0.5549344214348815,0.47050305169119216,0.7838711130125419,False
train,775511,2026-02-28T23:50:00-08:00,775511_1772351400_H30,764283,0.125,0.9856891823240596,0.36787944117144233,0.3525469491169986,0.5076700605396189,0.0,False
train,775511,2026-02-28T23:50:00-08:00,775511_1772351400_H30,764290,0.125,0.9856891823240596,0.3403019123393269,0.3525469491169986,0.5063110272014124,0.0,False
train,775511,2026-02-28T23:50:00-08:00,775511_1772351400_H30,764297,0.2982237778832464,0.8964158295914387,0.21460395078470418,0.47556537510613034,0.5524602062731755,1.0,False
train,775511,2026-02-28T23:50:00-08:00,775511_1772351400_H30,764311,0.375,0.9355302141910847,0.14630264057470097,0.9294891114025551,0.6202773217513629,0.9515663557656113,False
train,775511,2026-02-28T23:50:00-08:00,775511_1772351400_H30,764322,0.125,0.9856891823240596,0.1289022003850519,0.3525469491169986,0.495893151909463,0.0,False
train,769895,2026-02-28T23:55:00-08:00,769895_1772351700_H30,770116,0.125,0.9644728260432349,0.6578152456099651,0.13425494189654452,0.5049023744016176,0.0,False
train,769895,2026-02-28T23:55:00-08:00,769895_1772351700_H30,769880,0.26589378621128135,0.7581555066001378,0.6556829452252355,0.9842221547675758,0.5190184718166796,0.897973381786155,False
train,769895,2026-02-28T23:55:00-08:00,769895_1772351700_H30,769866,0.24937203929399754,0.7495181942787352,0.5758269762031877,0.792865977402076,0.49618495677880575,0.6820561117720744,False
train,769895,2026-02-28T23:55:00-08:00,769895_1772351700_H30,769847,0.26589378621128135,0.9378802909885209,0.4441076408043507,0.5259167102994837,0.5671687488375072,1.0,False
train,769895,2026-02-28T23:55:00-08:00,769895_1772351700_H30,770385,0.23285029237671376,0.8682705405288035,0.33157670652330645,0.4518226586965712,0.5132905446905338,0.8088765618726375,False
train,769965,2026-02-28T23:55:00-08:00,769965_1772351700_H30,770129,0.15279849481320767,0.8702800479761477,0.6996725373751304,0.46520543088178,0.49333843499833785,0.47652987995824725,False
train,769965,2026-02-28T23:55:00-08:00,769965_1772351700_H30,769911,0.1416790968879246,0.7816720623118745,0.655682945225236,0.1582714170615641,0.4369745258352572,0.0,False
train,769965,2026-02-28T23:55:00-08:00,769965_1772351700_H30,770141,0.15279849481320767,0.9125592483990694,0.655682945225236,0.7900189276784163,0.5210566342187215,0.22023421189979175,False
train,769965,2026-02-28T23:55:00-08:00,769965_1772351700_H30,769867,0.15279849481320767,0.9112781360478328,0.5056967074374724,0.358042178610416,0.4970441115460986,1.0,False
train,769965,2026-02-28T23:55:00-08:00,769965_1772351700_H30,769926,0.15279849481320767,0.8031884028047339,0.4299201246592394,0.4328201797751478,0.4506030660770893,0.3758644311064723,False
train,775511,2026-02-28T23:55:00-08:00,775511_1772351700_H30,764283,0.125,0.9871711437206653,0.36787944117144233,0.3525469491169986,0.5082937586536218,0.0,False
train,775511,2026-02-28T23:55:00-08:00,775511_1772351700_H30,764290,0.125,0.9871711437206653,0.3403019123393269,0.3525469491169986,0.5069347253154152,0.0,False
train,775511,2026-02-28T23:55:00-08:00,775511_1772351700_H30,764297,0.2982237778832464,0.8444031618352885,0.21460395078470418,0.25953592897725253,0.5225276500189003,0.786824630383722,False
train,775511,2026-02-28T23:55:00-08:00,775511_1772351700_H30,764311,0.375,0.8938696279584912,0.14630264057470097,0.38400267165619406,0.582436262876026,1.0,False
train,775511,2026-02-28T23:55:00-08:00,775511_1772351700_H30,764322,0.125,0.9871711437206653,0.1289022003850519,0.3525469491169986,0.4965168500234658,0.0,False
train,775511,2026-03-04T23:30:00-08:00,775511_1772695800_H30,764283,0.125,0.9952381644390029,0.36787944117144233,0.30629948186424255,0.5099671078185519,0.52996615301348,False
train,775511,2026-03-04T23:30:00-08:00,775511_1772695800_H30,764290,0.125,0.6272706644270706,0.3403019123393269,0.3447790080280972,0.3551778574144773,1.0,False
train,775511,2026-03-04T23:30:00-08:00,775511_1772695800_H30,764297,0.6332237778832464,0.7932676652754737,0.21460395078470418,0.3068822073509807,0.6678007578247975,0.5929027222703759,False
train,775511,2026-03-04T23:30:00-08:00,775511_1772695800_H30,764311,0.875,0.7420985607664943,0.14630264057470097,0.17196121731937045,0.7569833037430481,0.8091037804299313,False
train,775511,2026-03-04T23:30:00-08:00,775511_1772695800_H30,764322,0.125,0.4063290086136895,0.1289022003850519,0.24541265382330935,0.2480752135018398,0.0,False
train,775511,2026-03-04T23:35:00-08:00,775511_1772696100_H30,764283,0.125,0.9910541281320254,0.36787944117144233,0.3678867987989577,0.510499034786276,0.8449298465650018,False
train,775511,2026-03-04T23:35:00-08:00,775511_1772696100_H30,764290,0.125,0.5467378467951528,0.3403019123393269,0.28786516562575254,0.3191659921156393,0.0,False
train,775511,2026-03-04T23:35:00-08:00,775511_1772696100_H30,764297,0.6332237778832464,0.7453586955331458,0.21460395078470418,0.22587927064058275,0.6446221542963383,0.5181625309155697,False
train,775511,2026-03-04T23:35:00-08:00,775511_1772696100_H30,764311,0.875,0.7644894704703473,0.14630264057470097,0.17747270429514558,0.766611925472319,1.0,False
train,775511,2026-03-04T23:35:00-08:00,775511_1772696100_H30,764322,0.125,0.8218191601310307,0.1289022003850519,0.957322528248569,0.449441882741135,0.9648822571003247,False
train,775511,2026-03-04T23:40:00-08:00,775511_1772696400_H30,764283,0.125,0.994292488725675,0.36787944117144233,0.3678867987989577,0.5118619308774605,0.7046654277453466,False
train,775511,2026-03-04T23:40:00-08:00,775511_1772696400_H30,764290,0.125,0.5721534965566764,0.3403019123393269,0.3642486012977858,0.3327060810757127,0.0,False
train,775511,2026-03-04T23:40:00-08:00,775511_1772696400_H30,764297,0.6332237778832464,0.8105169326395016,0.21460395078470418,0.8734936604471937,0.6961545299230221,0.7219306006510686,False
train,775511,2026-03-04T23:40:00-08:00,775511_1772696400_H30,764311,0.875,0.7682829626673177,0.14630264057470097,0.2993282259778246,0.7727449853424234,1.0,False
train,775511,2026-03-04T23:40:00-08:00,775511_1772696400_H30,764322,0.125,0.5548328426391943,0.1289022003850519,0.17169768928877802,0.3078302036821725,0.731499786222574,False
train,775511,2026-03-04T23:45:00-08:00,775511_1772696700_H30,764283,0.125,0.9950053845101703,0.36787944117144233,0.42949846479807785,0.5144556866442882,0.9485169811073295,False
train,775511,2026-03-04T23:45:00-08:00,775511_1772696700_H30,764290,0.125,0.35047772603206395,0.3403019123393269,0.21378880374301754,0.23381020698151414,0.0,False
train,775511,2026-03-04T23:45:00-08:00,775511_1772696700_H30,764297,0.6332237778832464,0.760612955547169,0.21460395078470418,0.2179131423500671,0.6507454913699308,1.0,False
train,775511,2026-03-04T23:45:00-08:00,775511_1772696700_H30,764311,0.875,0.7777054721364955,0.14630264057470097,0.2893294919864614,0.7763383010993635,0.5660574583751385,False
train,775511,2026-03-04T23:45:00-08:00,775511_1772696700_H30,764322,0.125,0.5617332116208145,0.1289022003850519,0.7376637740176011,0.33180451324980126,0.8674273573213197,False
train,775511,2026-03-04T23:50:00-08:00,775511_1772697000_H30,764283,0.125,0.9857658486873562,0.36787944117144233,0.10934606531366364,0.49864825664577817,0.7687091382942619,False
train,775511,2026-03-04T23:50:00-08:00,775511_1772697000_H30,764290,0.125,0.48851444126180577,0.3403019123393269,0.37650501278921156,0.2979620483796289,0.0,False
train,775511,2026-03-04T23:50:00-08:00,775511_1772697000_H30,764297,0.6332237778832464,0.7828451181007522,0.21460395078470418,0.3757382934236056,0.6659777531117803,1.0,False
train,775511,2026-03-04T23:50:00-08:00,775511_1772697000_H30,764311,0.875,0.7797946846533665,0.14630264057470097,0.2500951301310403,0.7757569198331297,0.06619836457126027,False
train,775511,2026-03-04T23:50:00-08:00,775511_1772697000_H30,764322,0.125,0.559223222799268,0.1289022003850519,0.2430764253691443,0.31233528113041326,0.825372838051573,False
train,775511,2026-03-04T23:55:00-08:00,775511_1772697300_H30,764283,0.125,0.9952576896095852,0.36787944117144233,0.46089879676205214,0.5157308674681367,1.0,False
train,775511,2026-03-04T23:55:00-08:00,775511_1772697300_H30,764290,0.125,0.5821306237652071,0.3403019123393269,0.9781708588231046,0.3597606240920413,0.0,False
train,775511,2026-03-04T23:55:00-08:00,775511_1772697300_H30,764297,0.6332237778832464,0.7941334541884442,0.21460395078470418,0.548032044082718,0.6771428453858052,0.9836999502300852,False
train,775511,2026-03-04T23:55:00-08:00,775511_1772697300_H30,764311,0.875,0.8191420487181509,0.14630264057470097,0.5420697338455513,0.8031865025186485,0.8959857100749448,False
train,775511,2026-03-04T23:55:00-08:00,775511_1772697300_H30,764322,0.125,0.49714380182204887,0.1289022003850519,0.20349211324521155,0.28473486745471344,0.8496223768114075,False
train,775511,2026-03-06T23:30:00-08:00,775511_1772868600_H30,764283,0.125,0.9799318566187032,0.36787944117144233,0.27257628378489673,0.502269823580898,0.0,False
train,775511,2026-03-06T23:30:00-08:00,775511_1772868600_H30,764290,0.125,0.32353079030184195,0.3403019123393269,0.6430474184457992,0.23845009261176203,0.4471691290941414,False
train,775511,2026-03-06T23:30:00-08:00,775511_1772868600_H30,764297,0.6332237778832464,0.6885088554472661,0.21460395078470418,0.5181338813209669,0.6315766163030664,0.6020911382742585,False
train,775511,2026-03-06T23:30:00-08:00,775511_1772868600_H30,764311,0.875,0.7186537827299607,0.14630264057470097,0.3531194204582769,0.7538606340017991,0.851059128391069,False
train,775511,2026-03-06T23:30:00-08:00,775511_1772868600_H30,764322,0.125,0.5245482896667725,0.1289022003850519,0.8227707347219357,0.31932329843413854,1.0,False
train,775511,2026-03-06T23:35:00-08:00,775511_1772868900_H30,764283,0.125,0.9843312285334427,0.36787944117144233,0.334398936174895,0.5064229240592037,1.0,False
train,775511,2026-03-06T23:35:00-08:00,775511_1772868900_H30,764290,0.125,0.16668656249093772,0.3403019123393269,0.9537766827491477,0.1840087159789173,0.7158067075804297,False
train,775511,2026-03-06T23:35:00-08:00,775511_1772868900_H30,764297,0.6332237778832464,0.6454166758475027,0.21460395078470418,0.74417900581505,0.621856228110008,0.49009130264466294,False
train,775511,2026-03-06T23:35:00-08:00,775511_1772868900_H30,764311,0.875,0.7567145220110456,0.14630264057470097,0.47400892926294524,0.7743794403236128,0.0,False
train,775511,2026-03-06T23:35:00-08:00,775511_1772868900_H30,764322,0.125,0.5080320479734093,0.1289022003850519,0.9709456654746625,0.3178886451019179,0.049920147852027474,False
train,775511,2026-03-06T23:40:00-08:00,775511_1772869200_H30,764283,0.125,0.9825988234199071,0.36787944117144233,0.3824888265585487,0.5074841516828849,0.2579165081780145,False
train,775511,2026-03-06T23:40:00-08:00,775511_1772869200_H30,764290,0.125,0.648107170542689,0.3403019123393269,0.5670639134757628,0.3722225006877341,0.474911246354761,False
train,775511,2026-03-06T23:40:00-08:00,775511_1772869200_H30,764297,0.6332237778832464,0.7855924385458188,0.21460395078470418,0.6053418070607708,0.6756818464278012,1.0,False
train,775511,2026-03-06T23:40:00-08:00,775511_1772869200_H30,764311,0.875,0.8188158959458438,0.14630264057470097,0.5235837179380596,0.802361026269285,0.0,False
train,775511,2026-03-06T23:40:00-08:00,775511_1772869200_H30,764322,0.125,0.6913846435150186,0.1289022003850519,0.43063856978957166,0.37493943031696186,0.7371861924686194,False
train,775511,2026-03-06T23:45:00-08:00,775511_1772869500_H30,764283,0.125,0.9843861904616802,0.36787944117144233,0.8305441281521289,0.52491693041479,0.0,False
train,775511,2026-03-06T23:45:00-08:00,775511_1772869500_H30,764290,0.125,0.4477271515980308,0.3403019123393269,0.17595562990917726,0.273330107251575,0.13644592262030064,False
train,775511,2026-03-06T23:45:00-08:00,775511_1772869500_H30,764297,0.6332237778832464,0.7675775675746628,0.21460395078470418,0.1879049406474876,0.6525594488088718,0.41236896392034694,False
train,775511,2026-03-06T23:45:00-08:00,775511_1772869500_H30,764311,0.875,0.8184966313271708,0.14630264057470097,0.9385948879647916,0.8176770158634534,1.0,False
train,775511,2026-03-06T23:45:00-08:00,775511_1772869500_H30,764322,0.125,0.5023794905185588,0.1289022003850519,0.12127865418633649,0.28387765290384037,0.22016587378436436,False
train,775511,2026-03-06T23:50:00-08:00,775511_1772869800_H30,764283,0.125,0.9951510362881387,0.36787944117144233,0.402002070904741,0.5134933287203699,0.02509392897377072,False
train,775511,2026-03-06T23:50:00-08:00,775511_1772869800_H30,764290,0.125,0.5656262365225793,0.3403019123393269,0.31334457850039515,0.32806392497875253,0.0,False
train,775511,2026-03-06T23:50:00-08:00,775511_1772869800_H30,764297,0.6332237778832464,0.8183988869699386,0.21460395078470418,0.40102166140632584,0.6818821771381409,0.503934105212247,False
train,775511,2026-03-06T23:50:00-08:00,775511_1772869800_H30,764311,0.875,0.6989211836646287,0.14630264057470097,0.1042066382858392,0.7362892578411185,1.0,False
train,775511,2026-03-06T23:50:00-08:00,775511_1772869800_H30,764322,0.125,0.4634744069904586,0.1289022003850519,0.2109187887109562,0.2708412555572238,0.3797060332776936,False
train,775511,2026-03-06T23:55:00-08:00,775511_1772870100_H30,764283,0.125,0.9815818123803787,0.36787944117144233,0.10934606531366364,0.4968873635755821,0.4128741729302169,False
train,775511,2026-03-06T23:55:00-08:00,775511_1772870100_H30,764290,0.125,0.46599937487845455,0.3403019123393269,0.4007807533868755,0.28939011591857894,0.5915774774605912,False
train,775511,2026-03-06T23:55:00-08:00,775511_1772870100_H30,764297,0.6332237778832464,0.8187047985229159,0.21460395078470418,0.6470791094999008,0.6911713391067444,1.0,False
train,775511,2026-03-06T23:55:00-08:00,775511_1772870100_H30,764311,0.875,0.808008667498908,0.14630264057470097,0.26354280444853734,0.7881316939893411,0.0,False
train,775511,2026-03-06T23:55:00-08:00,775511_1772870100_H30,764322,0.125,0.5696255490942999,0.1289022003850519,0.3121530313718644,0.31928484011202285,0.9629669546962568,False
train,775511,2026-03-10T23:30:00-07:00,775511_1773210600_H30,764283,0.125,0.9883311690413434,0.36787944117144233,0.5859540459252339,0.5174714258361615,0.7994059431252057,False
train,775511,2026-03-10T23:30:00-07:00,775511_1773210600_H30,764290,0.125,0.31710879516664003,0.3403019123393269,0.2040603113387594,0.21940438252290598,0.0,False
train,775511,2026-03-10T23:30:00-07:00,775511_1773210600_H30,764297,0.6332237778832464,0.6946130093846179,0.21460395078470418,0.1890152180714458,0.6218929269582516,0.9297868872889724,False
train,775511,2026-03-10T23:30:00-07:00,775511_1773210600_H30,764311,0.875,0.6965428424949403,0.14630264057470097,0.4246473582578484,0.7472179231949998,1.0,False
train,775511,2026-03-10T23:30:00-07:00,775511_1773210600_H30,764322,0.125,0.6331678830505639,0.1289022003850519,0.6868193234068259,0.35997562504377,0.8789964625015578,False
train,775511,2026-03-10T23:35:00-07:00,775511_1773210900_H30,764283,0.125,0.9981239837377842,0.36787944117144233,0.6569962512355448,0.5242376426758589,0.8808903801221964,False
train,775511,2026-03-10T23:35:00-07:00,775511_1773210900_H30,764290,0.125,0.26134071446337326,0.3403019123393269,0.44477290853595625,0.20489526791779802,0.0,False
train,775511,2026-03-10T23:35:00-07:00,775511_1773210900_H30,764297,0.6332237778832464,0.7711354846513098,0.21460395078470418,0.7424062208564925,0.6747002338602299,0.946410661183685,False
train,775511,2026-03-10T23:35:00-07:00,775511_1773210900_H30,764311,0.875,0.690853214054419,0.14630264057470097,0.37063853976809413,0.7428127049166696,1.0,False
train,775511,2026-03-10T23:35:00-07:00,775511_1773210900_H30,764322,0.125,0.5977064361689548,0.1289022003850519,0.6506106808252667,0.3437033211073445,0.6662346412773633,False
train,775511,2026-03-10T23:40:00-07:00,775511_1773211200_H30,764283,0.125,0.9945626817866252,0.36787944117144233,0.7397034694530482,0.5258179214983123,0.5898843168238732,False
train,775511,2026-03-10T23:40:00-07:00,775511_1773211200_H30,764290,0.125,0.11110505539936999,0.3403019123393269,0.4872283717273079,0.14324766926191096,0.0,False
train,775511,2026-03-10T23:40:00-07:00,775511_1773211200_H30,764297,0.6332237778832464,0.5816028898839403,0.21460395078470418,0.24151937087803407,0.5762861652310478,0.6729395614949429,False
train,775511,2026-03-10T23:40:00-07:00,775511_1773211200_H30,764311,0.875,0.8215416348087412,0.14630264057470097,0.8087469375870797,0.8141244562620539,1.0,False
train,775511,2026-03-10T23:40:00-07:00,775511_1773211200_H30,764322,0.125,0.6865772497132105,0.1289022003850519,0.7572053446086199,0.38507387032631585,0.08918642739516935,False
train,775511,2026-03-10T23:45:00-07:00,775511_1773211500_H30,764283,0.125,0.9946000949187435,0.36787944117144233,0.7397034694530482,0.5258336671850721,0.8423428574797069,False
train,775511,2026-03-10T23:45:00-07:00,775511_1773211500_H30,764290,0.125,0.27615050830313925,0.3403019123393269,0.37355188315348353,0.20847664500955923,0.0,False
train,775511,2026-03-10T23:45:00-07:00,775511_1773211500_H30,764297,0.6332237778832464,0.7099330846983077,0.21460395078470418,0.5542201376962032,0.6419366620491895,0.8660579230011967,False
train,775511,2026-03-10T23:45:00-07:00,775511_1773211500_H30,764311,0.875,0.7617924490994733,0.14630264057470097,0.9842588695691766,0.7955125136833986,1.0,False
train,775511,2026-03-10T23:45:00-07:00,775511_1773211500_H30,764322,0.125,0.5843945924928275,0.1289022003850519,0.633404564897073,0.3374603374822569,0.7183418907208838,False
train,775511,2026-03-10T23:50:00-07:00,775511_1773211800_H30,764283,0.125,1.0,0.36787944117144233,0.8444857452497851,0.5320071858699709,0.7079312419189417,False
train,775511,2026-03-10T23:50:00-07:00,775511_1773211800_H30,764290,0.125,0.2654158996912477,0.3403019123393269,0.8528356046533576,0.22180202206693792,0.0,False
train,775511,2026-03-10T23:50:00-07:00,775511_1773211800_H30,764297,0.6332237778832464,0.7849439789867361,0.21460395078470418,0.41301131041745276,0.668248708043815,0.7435134123105914,False
train,775511,2026-03-10T23:50:00-07:00,775511_1773211800_H30,764311,0.875,0.7255026585682584,0.14630264057470097,0.3216118080805645,0.755570061505908,1.0,False
train,775511,2026-03-10T23:50:00-07:00,775511_1773211800_H30,764322,0.125,0.42536212126714057,0.1289022003850519,0.2264820591025818,0.25538072449538535,0.8599266478890245,False
train,775511,2026-03-10T23:55:00-07:00,775511_1773212100_H30,764283,0.125,0.9955457706320715,0.36787944117144233,0.8444857452497851,0.5301325793771999,0.8279695926495988,False
train,775511,2026-03-10T23:55:00-07:00,775511_1773212100_H30,764290,0.125,0.28786952359745477,0.3403019123393269,0.551389482316778,0.2200293835473201,0.0,False
train,775511,2026-03-10T23:55:00-07:00,775511_1773212100_H30,764297,0.6332237778832464,0.6984702572411443,0.21460395078470418,0.25262058128086745,0.625884237294237,0.8220065561443292,False
train,775511,2026-03-10T23:55:00-07:00,775511_1773212100_H30,764311,0.875,0.7772725237498025,0.14630264057470097,0.21707685228882803,0.7734662136051811,1.0,False
train,775511,2026-03-10T23:55:00-07:00,775511_1773212100_H30,764322,0.125,0.5165016259501517,0.1289022003850519,0.26267261077987836,0.295085016348286,0.9239722245068205,False
train,775511,2026-03-13T23:30:00-07:00,775511_1773469800_H30,764283,0.125,0.9799318566187032,0.36787944117144233,0.27257628378489673,0.502269823580898,0.0,False
train,775511,2026-03-13T23:30:00-07:00,775511_1773469800_H30,764290,0.125,0.7600319867632992,0.3403019123393269,0.7211177699383239,0.4250624023476844,0.1587118106426162,False
train,775511,2026-03-13T23:30:00-07:00,775511_1773469800_H30,764297,0.6332237778832464,0.8312280170086745,0.21460395078470418,0.31844986397192565,0.6842073969970921,0.6158080081721529,False
train,775511,2026-03-13T23:30:00-07:00,775511_1773469800_H30,764311,0.875,0.7367981974434138,0.14630264057470097,0.4533858776596797,0.7652296872694949,1.0,False
train,775511,2026-03-13T23:30:00-07:00,775511_1773469800_H30,764322,0.125,0.5463989439699626,0.1289022003850519,0.23003809357672253,0.3064526554700293,0.6611379185204102,False
train,775511,2026-03-13T23:35:00-07:00,775511_1773470100_H30,764283,0.125,0.9843312285334427,0.36787944117144233,0.334398936174895,0.5064229240592037,0.0,False
train,775511,2026-03-13T23:35:00-07:00,775511_1773470100_H30,764290,0.125,0.6116749343368955,0.3403019123393269,0.21569880524768967,0.3438087429852088,0.02696075200063286,False
train,775511,2026-03-13T23:35:00-07:00,775511_1773470100_H30,764297,0.6332237778832464,0.837282707467891,0.21460395078470418,0.5362770017974176,0.694865009718725,0.5139022557382239,False
train,775511,2026-03-13T23:35:00-07:00,775511_1773470100_H30,764311,0.875,0.7461178781014915,0.14630264057470097,0.7707056789212763,0.7809653928678967,1.0,False
train,775511,2026-03-13T23:35:00-07:00,775511_1773470100_H30,764322,0.125,0.6771638823051409,0.1289022003850519,0.8285045204321544,0.3837665421270287,0.7180305247568699,False
train,775511,2026-03-13T23:40:00-07:00,775511_1773470400_H30,764283,0.125,0.9825988234199071,0.36787944117144233,0.3824888265585487,0.5074841516828849,0.0,False
train,775511,2026-03-13T23:40:00-07:00,775511_1773470400_H30,764290,0.125,0.4558523628535831,0.3403019123393269,0.10915369135274608,0.27426272880149766,0.27087373410902804,False
train,775511,2026-03-13T23:40:00-07:00,775511_1773470400_H30,764297,0.6332237778832464,0.7097675514003842,0.21460395078470418,0.13603915009032402,0.6262986320473682,0.3415096807953949,False
train,775511,2026-03-13T23:40:00-07:00,775511_1773470400_H30,764311,0.875,0.7918375464972931,0.14630264057470097,0.7368360177702614,0.798946041777749,1.0,False
train,775511,2026-03-13T23:40:00-07:00,775511_1773470400_H30,764322,0.125,0.672942864028653,0.1289022003850519,0.9486684581057968,0.38646364038968584,0.7501500600240095,False
train,775511,2026-03-13T23:45:00-07:00,775511_1773470700_H30,764283,0.125,0.9843861904616802,0.36787944117144233,0.8305441281521289,0.52491693041479,0.3209104003292258,False
train,775511,2026-03-13T23:45:00-07:00,775511_1773470700_H30,764290,0.125,0.7276452995937492,0.3403019123393269,0.6194507560900832,0.40764720682491296,0.0,False
train,775511,2026-03-13T23:45:00-07:00,775511_1773470700_H30,764297,0.6332237778832464,0.8233259917689368,0.21460395078470418,0.8509967712879393,0.7007078176655009,0.5205491666476143,False
train,775511,2026-03-13T23:45:00-07:00,775511_1773470700_H30,764311,0.875,0.8055878763097484,0.14630264057470097,0.29292139011146906,0.7882066086692386,1.0,False
train,775511,2026-03-13T23:45:00-07:00,775511_1773470700_H30,764322,0.125,0.4366295264798381,0.1289022003850519,0.21613012109316324,0.2597373335254985,0.4906102105672283,False
train,775511,2026-03-13T23:50:00-07:00,775511_1773471000_H30,764283,0.125,0.9951510362881387,0.36787944117144233,0.402002070904741,0.5134933287203699,0.1266595864637009,False
train,775511,2026-03-13T23:50:00-07:00,775511_1773471000_H30,764290,0.125,0.7420169193104544,0.3403019123393269,0.4376040188604089,0.40692571485433393,0.0,False
train,775511,2026-03-13T23:50:00-07:00,775511_1773471000_H30,764297,0.6332237778832464,0.8509135955211377,0.21460395078470418,0.6309482260820668,0.7041261970039852,0.5625063918498997,False
train,775511,2026-03-13T23:50:00-07:00,775511_1773471000_H30,764311,0.875,0.8507765993285011,0.14630264057470097,0.7481208651849535,0.8241712461992595,1.0,False
train,775511,2026-03-13T23:50:00-07:00,775511_1773471000_H30,764322,0.125,0.7640452321194041,0.1289022003850519,0.7171697760015064,0.416186562107707,0.5194823584942768,False
train,775511,2026-03-13T23:55:00-07:00,775511_1773471300_H30,764283,0.125,0.9815818123803787,0.36787944117144233,0.10934606531366364,0.4968873635755821,0.10464600888463915,False
train,775511,2026-03-13T23:55:00-07:00,775511_1773471300_H30,764290,0.125,0.5413954477422054,0.3403019123393269,0.9008995309853352,0.3397401058241038,0.0,False
train,775511,2026-03-13T23:55:00-07:00,775511_1773471300_H30,764297,0.6332237778832464,0.8002223589157464,0.21460395078470418,0.6481562275425824,0.6834329213408434,0.44893324568218496,False
train,775511,2026-03-13T23:55:00-07:00,775511_1773471300_H30,764311,0.875,0.9409077647746573,0.14630264057470097,0.8405144389909406,0.8655435378760254,1.0,False
train,775511,2026-03-13T23:55:00-07:00,775511_1773471300_H30,764322,0.125,0.7134239428209117,0.1289022003850519,0.38532841125049033,0.38252804599587636,0.4202548855554893,False
train,775511,2026-03-15T23:30:00-07:00,775511_1773642600_H30,764283,0.125,0.9758907712832289,0.36787944117144233,0.6118199296595888,0.5131987164018896,0.0,False
train,775511,2026-03-15T23:30:00-07:00,775511_1773642600_H30,764290,0.125,0.27348871301138833,0.3403019123393269,0.5714328847859976,0.2147232683649141,0.5862697272249162,False
train,775511,2026-03-15T23:30:00-07:00,775511_1773642600_H30,764297,0.6332237778832464,0.6839999613906664,0.21460395078470418,0.7056989819509621,0.6366618215683308,0.7659008369188466,False
train,775511,2026-03-15T23:30:00-07:00,775511_1773642600_H30,764311,0.875,0.7956375573167689,0.14630264057470097,0.5479332906023637,0.7935126977992337,1.0,False
train,775511,2026-03-15T23:30:00-07:00,775511_1773642600_H30,764322,0.125,0.4068186713671087,0.1289022003850519,0.6004692118843283,0.2614996117421743,0.14445235857065364,False
train,775511,2026-03-15T23:35:00-07:00,775511_1773642900_H30,764283,0.125,0.9805002623495023,0.36787944117144233,0.6569844365861307,0.5168200853428101,0.08556325874498283,False
train,775511,2026-03-15T23:35:00-07:00,775511_1773642900_H30,764290,0.125,0.23019119045568082,0.3403019123393269,0.3823976246202405,0.18946352751461593,0.0,False
train,775511,2026-03-15T23:35:00-07:00,775511_1773642900_H30,764297,0.6332237778832464,0.6763373235881335,0.21460395078470418,0.7071125483958965,0.6334895499864286,0.7170481553436359,False
train,775511,2026-03-15T23:35:00-07:00,775511_1773642900_H30,764311,0.875,0.829740480214197,0.14630264057470097,0.7196194529431528,0.8142569148589155,1.0,False
train,775511,2026-03-15T23:35:00-07:00,775511_1773642900_H30,764322,0.125,0.3842652696087213,0.1289022003850519,0.7894945157948875,0.25904496900823304,0.21146537016400224,False
train,775511,2026-03-15T23:40:00-07:00,775511_1773643200_H30,764283,0.125,0.9823235740700391,0.36787944117144233,0.7396910109234142,0.5206665081251942,0.37799502563589127,False
train,775511,2026-03-15T23:40:00-07:00,775511_1773643200_H30,764290,0.125,0.15254162925450987,0.3403019123393269,0.4476699420365327,0.15921394961021162,0.0,False
train,775511,2026-03-15T23:40:00-07:00,775511_1773643200_H30,764297,0.6332237778832464,0.6893630152178571,0.21460395078470418,0.49279006055196606,0.6309925786258135,0.8624567246130903,False
train,775511,2026-03-15T23:40:00-07:00,775511_1773643200_H30,764311,0.875,0.8819479900698598,0.14630264057470097,0.6454219636099696,0.8334666806004036,1.0,False
train,775511,2026-03-15T23:40:00-07:00,775511_1773643200_H30,764322,0.125,0.5139178464528288,0.1289022003850519,0.41839598268571876,0.2997949967347693,0.3225959435746917,False
train,775511,2026-03-15T23:45:00-07:00,775511_1773643500_H30,764283,0.125,0.9860525227256782,0.36787944117144233,0.8444721628177524,0.5261367464270016,0.48646911880333055,False
train,775511,2026-03-15T23:45:00-07:00,775511_1773643500_H30,764290,0.125,0.14981072263756534,0.3403019123393269,0.3144297625686313,0.15310425259037164,0.0,False
train,775511,2026-03-15T23:45:00-07:00,775511_1773643500_H30,764297,0.6332237778832464,0.6885797275208968,0.21460395078470418,0.2825053035818844,0.6228342814635798,0.8053411852982308,False
train,775511,2026-03-15T23:45:00-07:00,775511_1773643500_H30,764311,0.875,0.7854778193835296,0.14630264057470097,0.1809084175781761,0.7755729871173287,1.0,False
train,775511,2026-03-15T23:45:00-07:00,775511_1773643500_H30,764322,0.125,0.5178750388301095,0.1289022003850519,0.9052743387838188,0.3195863024787981,0.6890414145471684,False
train,775511,2026-03-15T23:50:00-07:00,775511_1773643800_H30,764283,0.125,0.9835231450664281,0.36787944117144233,0.34528547511338376,0.5064881265890291,0.4112922283012237,False
train,775511,2026-03-15T23:50:00-07:00,775511_1773643800_H30,764290,0.125,0.2632197228835629,0.3403019123393269,0.42368071314826566,0.20490083071512546,0.13194698513650183,False
train,775511,2026-03-15T23:50:00-07:00,775511_1773643800_H30,764297,0.6332237778832464,0.6936496950171761,0.21460395078470418,0.3204008111776684,0.6263788305633585,0.7325925774872759,False
train,775511,2026-03-15T23:50:00-07:00,775511_1773643800_H30,764311,0.875,0.7568974403788038,0.14630264057470097,0.28169059074105846,0.7672966481964116,1.0,False
train,775511,2026-03-15T23:50:00-07:00,775511_1773643800_H30,764322,0.125,0.4097324136323547,0.1289022003850519,0.28498779053488466,0.25098090382202937,0.0,False
train,775511,2026-03-15T23:55:00-07:00,775511_1773644100_H30,764283,0.125,0.9933254453903282,0.36787944117144233,0.34334664442962587,0.5105413413681978,0.3867395236564629,False
train,775511,2026-03-15T23:55:00-07:00,775511_1773644100_H30,764290,0.125,0.1260011815278146,0.3403019123393269,0.3615638934633156,0.14483851738300615,0.0,False
train,775511,2026-03-15T23:55:00-07:00,775511_1773644100_H30,764297,0.6332237778832464,0.7214670847764714,0.21460395078470418,0.5161248913137005,0.6453726209278828,0.7301707349354308,False
train,775511,2026-03-15T23:55:00-07:00,775511_1773644100_H30,764311,0.875,0.7986112417611018,0.14630264057470097,0.455854980165968,0.7913362401021002,1.0,False
train,775511,2026-03-15T23:55:00-07:00,775511_1773644100_H30,764322,0.125,0.3594927497252789,0.1289022003850519,0.22356104585042633,0.22755020214236085,0.20956972779468952,False
train,775511,2026-03-18T23:30:00-07:00,775511_1773901800_H30,764283,0.125,0.9952381644390029,0.36787944117144233,0.30629948186424255,0.5099671078185519,0.0,False
train,775511,2026-03-18T23:30:00-07:00,775511_1773901800_H30,764290,0.125,0.4973409544965314,0.3403019123393269,0.6259747481323495,0.31096422511181926,0.07927850397729919,False
train,775511,2026-03-18T23:30:00-07:00,775511_1773901800_H30,764297,0.6332237778832464,0.8098249461817587,0.21460395078470418,0.22785212265345098,0.6718268604647188,0.4125343071126204,False
train,775511,2026-03-18T23:30:00-07:00,775511_1773901800_H30,764311,0.875,0.7993572209158983,0.14630264057470097,0.7499331479014327,0.8025983611861234,1.0,False
train,775511,2026-03-18T23:30:00-07:00,775511_1773901800_H30,764322,0.125,0.14960883211694553,0.1289022003850519,0.18749986431356655,0.13787596572685162,0.8547122854351771,False
train,775536,2026-03-18T23:30:00-07:00,775536_1773901800_H30,768701,0.125,0.99581559293549,0.8229949661357914,0.4294984642364282,0.5372249738006056,0.37815257246344425,False
train,775536,2026-03-18T23:30:00-07:00,775536_1773901800_H30,774344,0.125,0.9699766208293148,0.7712518849544838,0.11256775247760739,0.5120015234014542,0.8149628426903139,False
train,775536,2026-03-18T23:30:00-07:00,775536_1773901800_H30,718405,0.125,0.9699760463934899,0.6368006006002778,0.11255888613954954,0.5053751302664976,1.0,False
train,775536,2026-03-18T23:30:00-07:00,775536_1773901800_H30,759858,0.125,0.9699760463934899,0.4652130807137347,0.11255888613954954,0.496919218159013,1.0,False
train,775536,2026-03-18T23:30:00-07:00,775536_1773901800_H30,759870,0.125,0.9933420566853433,0.29119380591962934,0.2214544085820006,0.5022313309520531,0.0,False
train,775511,2026-03-18T23:35:00-07:00,775511_1773902100_H30,764283,0.125,0.9910541281320254,0.36787944117144233,0.3678867987989577,0.510499034786276,0.0,False
train,775511,2026-03-18T23:35:00-07:00,775511_1773902100_H30,764290,0.125,0.3609415135187548,0.3403019123393269,0.48223907312977193,0.24820806870979356,0.7708345165504102,False
train,775511,2026-03-18T23:35:00-07:00,775511_1773902100_H30,764297,0.6332237778832464,0.8515982527416571,0.21460395078470418,0.9776342645492591,0.7173210364486383,0.15745994702629584,False
train,775511,2026-03-18T23:35:00-07:00,775511_1773902100_H30,764311,0.875,0.8399302162179194,0.14630264057470097,0.440015284726128,0.8081360468750103,1.0,False
train,775511,2026-03-18T23:35:00-07:00,775511_1773902100_H30,764322,0.125,0.3639122452949496,0.1289022003850519,0.5758535414242011,0.2425256067533786,0.6860869161146421,False
train,775536,2026-03-18T23:35:00-07:00,775536_1773902100_H30,768701,0.125,0.9958156444715144,0.8229949661357914,0.4930760868727612,0.5395919121605476,0.6193334405900771,False
train,775536,2026-03-18T23:35:00-07:00,775536_1773902100_H30,774344,0.125,0.9524512547655485,0.7712518849544838,0.10935339762308943,0.5045061332479883,0.0,False
train,775536,2026-03-18T23:35:00-07:00,775536_1773902100_H30,718405,0.125,0.9524505775658247,0.6368006006002778,0.10934975259542919,0.49787989124679066,1.0,False
train,775536,2026-03-18T23:35:00-07:00,775536_1773902100_H30,759858,0.125,0.9524505775658247,0.4652130807137347,0.10934975259542919,0.48942397913930613,1.0,False
train,775536,2026-03-18T23:35:00-07:00,775536_1773902100_H30,759870,0.125,0.9921044749933496,0.29119380591962934,0.46378244769865906,0.5107320572116908,0.7945373315347217,False
train,775511,2026-03-18T23:40:00-07:00,775511_1773902400_H30,764283,0.125,0.994292488725675,0.36787944117144233,0.3678867987989577,0.5118619308774605,1.0,False
train,775511,2026-03-18T23:40:00-07:00,775511_1773902400_H30,764290,0.125,0.4155239434059679,0.3403019123393269,0.6556582981328088,0.2776358086695039,0.0,False
train,775511,2026-03-18T23:40:00-07:00,775511_1773902400_H30,764297,0.6332237778832464,0.7155187482625219,0.21460395078470418,0.25839860190214936,0.6332743719910373,0.7089233275674806,False
train,775511,2026-03-18T23:40:00-07:00,775511_1773902400_H30,764311,0.875,0.7771226259494856,0.14630264057470097,0.16741882513200576,0.7715544203768332,0.1499708355122893,False
train,775511,2026-03-18T23:40:00-07:00,775511_1773902400_H30,764322,0.125,0.29566042239356205,0.1289022003850519,0.598815761695123,0.2146560071170318,0.15923307454040792,False
train,775536,2026-03-18T23:40:00-07:00,775536_1773902400_H30,768701,0.125,0.9958156444715144,0.8229949661357914,0.30629948130341045,0.5326384489285304,1.0,False
train,775536,2026-03-18T23:40:00-07:00,775536_1773902400_H30,774344,0.125,0.9519863281123296,0.7712518849544838,0.17819769640278058,0.5068734528103771,0.449821995573944,False
train,775536,2026-03-18T23:40:00-07:00,775536_1773902400_H30,718405,0.125,0.9519856072645938,0.6368006006002778,0.17819446445438958,0.5002472078179148,0.8200544680993478,False
train,775536,2026-03-18T23:40:00-07:00,775536_1773902400_H30,759858,0.125,0.9519856072645938,0.4652130807137347,0.17819446445438958,0.4917912957104302,0.8200544680993478,False
train,775536,2026-03-18T23:40:00-07:00,775536_1773902400_H30,759870,0.125,0.9987576619810016,0.29119380591962934,0.46378244769865906,0.5135321167718188,0.0,False
train,775511,2026-03-18T23:45:00-07:00,775511_1773902700_H30,764283,0.125,0.9950053845101703,0.36787944117144233,0.42949846479807785,0.5144556866442882,0.0,False
train,775511,2026-03-18T23:45:00-07:00,775511_1773902700_H30,764290,0.125,0.6045947130213076,0.3403019123393269,0.5067830453815295,0.35166566993976295,0.9474259902569452,False
train,775511,2026-03-18T23:45:00-07:00,775511_1773902700_H30,764297,0.6332237778832464,0.7607592529958687,0.21460395078470418,0.14642263764939803,0.6481455585640125,0.366301386511642,False
train,775511,2026-03-18T23:45:00-07:00,775511_1773902700_H30,764311,0.875,0.8091903468076949,0.14630264057470097,0.37813308880691804,0.7928950707211219,1.0,False
train,775511,2026-03-18T23:45:00-07:00,775511_1773902700_H30,764322,0.125,0.402793963333807,0.1289022003850519,0.6734594911437659,0.2625231118481816,0.9750701358153478,False
train,775536,2026-03-18T23:45:00-07:00,775536_1773902700_H30,768701,0.125,0.9886009208614838,0.8229949661357914,0.11789155367172867,0.5225878657805326,0.0,False
train,775536,2026-03-18T23:45:00-07:00,775536_1773902700_H30,774344,0.125,0.9548554834083637,0.7712518849544838,0.24241225279527032,0.5104715941303235,0.6679977597566673,False
train,775536,2026-03-18T23:45:00-07:00,775536_1773902700_H30,718405,0.125,0.9548549561529269,0.6368006006002778,0.24240946098574961,0.5038454469989239,1.0,False
train,775536,2026-03-18T23:45:00-07:00,775536_1773902700_H30,759858,0.125,0.9548549561529269,0.4652130807137347,0.24240946098574961,0.4953895348914393,1.0,False
train,775536,2026-03-18T23:45:00-07:00,775536_1773902700_H30,759870,0.125,0.9803255321231498,0.29119380591962934,0.46378244769865906,0.5057747725820664,0.3509760084509992,False
train,775511,2026-03-18T23:50:00-07:00,775511_1773903000_H30,764283,0.125,0.9857658486873562,0.36787944117144233,0.10934606531366364,0.49864825664577817,0.0,False
train,775511,2026-03-18T23:50:00-07:00,775511_1773903000_H30,764290,0.125,0.27664539902454055,0.3403019123393269,0.25865832490327234,0.20440757884651065,0.6599118195692726,False
train,775511,2026-03-18T23:50:00-07:00,775511_1773903000_H30,764297,0.6332237778832464,0.7012797593432738,0.21460395078470418,0.31584596974880963,0.6294204474725652,0.3136206634952652,False
train,775511,2026-03-18T23:50:00-07:00,775511_1773903000_H30,764311,0.875,0.8619387466681987,0.14630264057470097,0.8828043496974627,0.8338830467540638,0.9003730710530778,False
train,775511,2026-03-18T23:50:00-07:00,775511_1773903000_H30,764322,0.125,0.38838141268382786,0.1289022003850519,0.33121954349435917,0.24371627514219868,1.0,False
train,775536,2026-03-18T23:50:00-07:00,775536_1773903000_H30,768701,0.125,0.988906318889785,0.8229949661357914,0.4019939498885934,0.5332931782387047,0.42004794236875465,False
train,775536,2026-03-18T23:50:00-07:00,775536_1773903000_H30,774344,0.125,0.9592425371680922,0.7712518849544838,0.3029801647052029,0.5145727979468843,0.765858946522924,False
train,775536,2026-03-18T23:50:00-07:00,775536_1773903000_H30,718405,0.125,0.9462075864380645,0.6368006006002778,0.193314653583479,0.4983783766329795,1.0,False
train,775536,2026-03-18T23:50:00-07:00,775536_1773903000_H30,759858,0.125,0.9462075864380645,0.4652130807137347,0.193314653583479,0.489922464525495,1.0,False
train,775536,2026-03-18T23:50:00-07:00,775536_1773903000_H30,759870,0.125,0.9702740638424258,0.29119380591962934,0.10786223953480553,0.48829404126503323,0.0,False
train,775511,2026-03-18T23:55:00-07:00,775511_1773903300_H30,764283,0.125,0.9952576896095852,0.36787944117144233,0.46089879676205214,0.5157308674681367,0.9620667369638423,False
train,775511,2026-03-18T23:55:00-07:00,775511_1773903300_H30,764290,0.125,0.003646759963231938,0.3403019123393269,0.11855667065799584,0.08429758875098192,0.0,False
train,775511,2026-03-18T23:55:00-07:00,775511_1773903300_H30,764297,0.6332237778832464,0.6015755571936313,0.21460395078470418,0.16134196083738955,0.581706953514453,1.0,False
train,775511,2026-03-18T23:55:00-07:00,775511_1773903300_H30,764311,0.875,0.8130579256298922,0.14630264057470097,0.3471420413626394,0.7933690209605847,0.5189088064219871,False
train,775511,2026-03-18T23:55:00-07:00,775511_1773903300_H30,764322,0.125,0.4073044337555134,0.1289022003850519,0.20592720736614625,0.2470157362299115,0.49230586074356275,False
train,775536,2026-03-18T23:55:00-07:00,775536_1773903300_H30,768701,0.125,0.9894108381324712,0.8229949661357914,0.5859412453400829,0.5403536416501856,0.0,False
train,775536,2026-03-18T23:55:00-07:00,775536_1773903300_H30,774344,0.125,0.9448592260168782,0.7712518849544838,0.1326130879595199,0.5021768824998533,0.7922231317751354,False
train,775536,2026-03-18T23:55:00-07:00,775536_1773903300_H30,718405,0.125,0.9431128997502245,0.6368006006002778,0.15414205325197186,0.49561759941048583,1.0,False
train,775536,2026-03-18T23:55:00-07:00,775536_1773903300_H30,759858,0.125,0.9431128997502245,0.4652130807137347,0.15414205325197186,0.4871616873030013,1.0,False
train,775536,2026-03-18T23:55:00-07:00,775536_1773903300_H30,759870,0.125,0.9953593806879286,0.29119380591962934,0.4760177469297223,0.5125574216094212,0.005211165747890156,False
train,775511,2026-03-30T23:30:00-07:00,775511_1774938600_H30,764283,0.125,0.9796835064651328,0.36787944117144233,0.24004794982792202,0.5009543131087263,0.25200808741965675,False
train,775511,2026-03-30T23:30:00-07:00,775511_1774938600_H30,764290,0.125,0.1363228979016824,0.3403019123393269,0.10033564437376569,0.1394573075045057,0.15967933538403423,False
train,775511,2026-03-30T23:30:00-07:00,775511_1774938600_H30,764297,0.6332237778832464,0.8023075834435525,0.21460395078470418,0.4158721250467846,0.6756628573571567,0.8285632242685526,False
train,775511,2026-03-30T23:30:00-07:00,775511_1774938600_H30,764311,0.875,0.8668451233695247,0.14630264057470097,0.45743013163504753,0.820111785129099,1.0,False
train,775511,2026-03-30T23:30:00-07:00,775511_1774938600_H30,764322,0.125,0.6524761971794083,0.1289022003850519,0.5442869413216072,0.362795414825724,0.0,False
train,775511,2026-03-30T23:35:00-07:00,775511_1774938900_H30,764283,0.125,0.9886293783331083,0.36787944117144233,0.2989763049953341,0.5069131019437016,0.2252898974422448,False
train,775511,2026-03-30T23:35:00-07:00,775511_1774938900_H30,764290,0.125,0.4366520828727991,0.3403019123393269,0.9757083626651176,0.2984428653147509,0.0,False
train,775511,2026-03-30T23:35:00-07:00,775511_1774938900_H30,764297,0.6332237778832464,0.8110024773812583,0.21460395078470418,0.23500536684488,0.6725887425992377,0.5576764671990166,False
train,775511,2026-03-30T23:35:00-07:00,775511_1774938900_H30,764311,0.875,0.8415003041763359,0.14630264057470097,0.3493800654405766,0.8054225962198541,1.0,False
train,775511,2026-03-30T23:35:00-07:00,775511_1774938900_H30,764322,0.125,0.6305455730680356,0.1289022003850519,0.8016836204870428,0.3631482564080084,0.14614373450217044,False
train,775511,2026-03-30T23:40:00-07:00,775511_1774939200_H30,764283,0.125,0.9805171597292577,0.36787944117144233,0.29383706341424015,0.5033076668532889,0.436365562865093,False
train,775511,2026-03-30T23:40:00-07:00,775511_1774939200_H30,764290,0.125,0.44558603679995323,0.3403019123393269,0.44112947332370545,0.28230109385191704,0.0,False
train,775511,2026-03-30T23:40:00-07:00,775511_1774939200_H30,764297,0.6332237778832464,0.794087917541,0.21460395078470418,0.5376426757385423,0.6767368974359604,0.6842817304562011,False
train,775511,2026-03-30T23:40:00-07:00,775511_1774939200_H30,764311,0.875,0.9252929998333512,0.14630264057470097,0.78282488439916,0.8568241984407132,1.0,False
train,775511,2026-03-30T23:40:00-07:00,775511_1774939200_H30,764322,0.125,0.659401374403261,0.1289022003850519,0.19442968820842474,0.35268518906726487,0.4524434739344353,False
train,775511,2026-03-30T23:45:00-07:00,775511_1774939500_H30,764283,0.125,0.9904144838369963,0.36787944117144233,0.35255133829849294,0.5096589138300134,0.354994145799713,False
train,775511,2026-03-30T23:45:00-07:00,775511_1774939500_H30,764290,0.125,0.3825723001647917,0.3403019123393269,0.31745360747093704,0.2511768391023404,0.0,False
train,775511,2026-03-30T23:45:00-07:00,775511_1774939500_H30,764297,0.6332237778832464,0.786235831780396,0.21460395078470418,0.24126439771433514,0.6623984708138214,0.6042576890320459,False
train,775511,2026-03-30T23:45:00-07:00,775511_1774939500_H30,764311,0.875,0.8723892653309626,0.14630264057470097,0.27817536958953454,0.815771657866931,1.0,False
train,775511,2026-03-30T23:45:00-07:00,775511_1774939500_H30,764322,0.125,0.7987938847825728,0.1289022003850519,0.6419731133445575,0.428011397095168,0.1907834206442388,False
train,775511,2026-03-30T23:50:00-07:00,775511_1774939800_H30,764283,0.125,0.9934731970780601,0.36787944117144233,0.4047348471790398,0.5128889313893812,0.5229864859509887,False
train,775511,2026-03-30T23:50:00-07:00,775511_1774939800_H30,764290,0.125,0.6654864878120723,0.3403019123393269,0.9956843724108456,0.39549377063437274,0.0,False
train,775511,2026-03-30T23:50:00-07:00,775511_1774939800_H30,764297,0.6332237778832464,0.8241472988963695,0.21460395078470418,0.663293317466598,0.6940655042427005,0.7254679051892311,False
train,775511,2026-03-30T23:50:00-07:00,775511_1774939800_H30,764311,0.875,0.9152405271908152,0.14630264057470097,0.6705228122362429,0.8484126479052956,1.0,False
train,775511,2026-03-30T23:50:00-07:00,775511_1774939800_H30,764322,0.125,0.8404365715554334,0.1289022003850519,0.7748418492391841,0.45048367333954475,0.2196944056657275,False
train,775511,2026-03-30T23:55:00-07:00,775511_1774940100_H30,764283,0.125,0.9653362466577715,0.36787944117144233,0.07450479284357976,0.48875315882418474,0.18952425971724585,False
train,775511,2026-03-30T23:55:00-07:00,775511_1774940100_H30,764290,0.125,0.6507703318102094,0.3403019123393269,0.3866268581706568,0.3666258688770835,0.0,False
train,775511,2026-03-30T23:55:00-07:00,775511_1774940100_H30,764297,0.6332237778832464,0.8809142399018022,0.21460395078470418,0.3704137032522731,0.7070528852252708,0.45959073501907943,False
train,775511,2026-03-30T23:55:00-07:00,775511_1774940100_H30,764311,0.875,0.924662922081458,0.14630264057470097,0.6705228122362429,0.8523781560056709,1.0,False
train,775511,2026-03-30T23:55:00-07:00,775511_1774940100_H30,764322,0.125,0.5570573158506086,0.1289022003850519,0.11497111545369491,0.30665453468615755,0.05167307213632122,False
train,775511,2026-04-03T23:30:00-07:00,775511_1775284200_H30,764283,0.125,0.9799318566187032,0.36787944117144233,0.27257628378489673,0.502269823580898,0.013227797155889287,False
train,775511,2026-04-03T23:30:00-07:00,775511_1775284200_H30,764290,0.125,0.21679920553723286,0.3403019123393269,0.19151548813617267,0.1767210710851433,0.8003488060101959,False
train,775511,2026-04-03T23:30:00-07:00,775511_1775284200_H30,764297,0.6332237778832464,0.7182802487701361,0.21460395078470418,0.0880679502824588,0.6280953761975844,1.0,False
train,775511,2026-04-03T23:30:00-07:00,775511_1775284200_H30,764311,0.875,0.773865104369067,0.14630264057470097,0.2291919593648391,0.7724831979821338,0.39775959216528034,False
train,775511,2026-04-03T23:30:00-07:00,775511_1775284200_H30,764322,0.125,0.4524849472727369,0.1289022003850519,0.34260505093443067,0.2711187502497597,0.0,False
train,775511,2026-04-03T23:35:00-07:00,775511_1775284500_H30,764283,0.125,0.9843312285334427,0.36787944117144233,0.334398936174895,0.5064229240592037,0.6113157151061561,False
train,775511,2026-04-03T23:35:00-07:00,775511_1775284500_H30,764290,0.125,0.15838955741646854,0.3403019123393269,0.178822441156049,0.1516662463358395,0.0,False
train,775511,2026-04-03T23:35:00-07:00,775511_1775284500_H30,764297,0.6332237778832464,0.607263248462734,0.21460395078470418,0.09034033668488786,0.5814573715371916,0.7406659556171393,False
train,775511,2026-04-03T23:35:00-07:00,775511_1775284500_H30,764311,0.875,0.8369769679386339,0.14630264057470097,0.9999948544128467,0.8277404935521477,1.0,False
train,775511,2026-04-03T23:35:00-07:00,775511_1775284500_H30,764322,0.125,0.48893804040456434,0.1289022003850519,0.48154005762037755,0.29163277447062974,0.8527185489727767,False
train,775511,2026-04-03T23:40:00-07:00,775511_1775284800_H30,764283,0.125,0.9825988234199071,0.36787944117144233,0.3824888265585487,0.5074841516828849,0.2824405269547595,False
train,775511,2026-04-03T23:40:00-07:00,775511_1775284800_H30,764290,0.125,0.12957862152392607,0.3403019123393269,0.6569076137889625,0.15733940173811398,0.0,False
train,775511,2026-04-03T23:40:00-07:00,775511_1775284800_H30,764297,0.6332237778832464,0.6982337387440304,0.21460395078470418,0.42949051641173847,0.6323693462248564,0.5821886883321461,False
train,775511,2026-04-03T23:40:00-07:00,775511_1775284800_H30,764311,0.875,0.8878898177263189,0.14630264057470097,0.5382006064542465,0.8319756383376241,1.0,False
train,775511,2026-04-03T23:40:00-07:00,775511_1775284800_H30,764322,0.125,0.6873464508931404,0.1289022003850519,0.9948511849656397,0.3942448585103581,0.6126476165631555,False
train,775511,2026-04-03T23:45:00-07:00,775511_1775285100_H30,764283,0.125,0.9843861904616802,0.36787944117144233,0.8305441281521289,0.52491693041479,0.48186446372117486,False
train,775511,2026-04-03T23:45:00-07:00,775511_1775285100_H30,764290,0.125,0.177104983330865,0.3403019123393269,0.9001339852420311,0.18639635982220995,0.0,False
train,775511,2026-04-03T23:45:00-07:00,775511_1775285100_H30,764297,0.6332237778832464,0.7634308663172007,0.21460395078470418,0.8871832547258884,0.6768475398668716,0.6857667094506708,False
train,775511,2026-04-03T23:45:00-07:00,775511_1775285100_H30,764311,0.875,0.8653980584812938,0.14630264057470097,0.47907985962883676,0.8203087662931663,1.0,False
train,775511,2026-04-03T23:45:00-07:00,775511_1775285100_H30,764322,0.125,0.5773419809071535,0.1289022003850519,0.9065423858580873,0.34466076115864763,0.6363279264689414,False
train,775511,2026-04-03T23:50:00-07:00,775511_1775285400_H30,764283,0.125,0.9951510362881387,0.36787944117144233,0.402002070904741,0.5134933287203699,0.1458374215383207,False
train,775511,2026-04-03T23:50:00-07:00,775511_1775285400_H30,764290,0.125,0.12633746707348759,0.3403019123393269,0.5472752680696946,0.15189385247542458,0.0,False
train,775511,2026-04-03T23:50:00-07:00,775511_1775285400_H30,764297,0.6332237778832464,0.7324650273462959,0.21460395078470418,0.5498944965700707,0.6512584147116561,0.5493145832324559,False
train,775511,2026-04-03T23:50:00-07:00,775511_1775285400_H30,764311,0.875,0.8763095670056205,0.14630264057470097,0.569943525958815,0.8282837251041604,1.0,False
train,775511,2026-04-03T23:50:00-07:00,775511_1775285400_H30,764322,0.125,0.4444308179009224,0.1289022003850519,0.15460012668953818,0.26072989820339937,0.7278644406443606,False
train,775511,2026-04-03T23:55:00-07:00,775511_1775285700_H30,764283,0.125,0.9815818123803787,0.36787944117144233,0.10934606531366364,0.4968873635755821,0.0,False
train,775511,2026-04-03T23:55:00-07:00,775511_1775285700_H30,764290,0.125,0.10655233724119262,0.3403019123393269,0.35692376980012946,0.136480532772916,0.05648253056492414,False
train,775511,2026-04-03T23:55:00-07:00,775511_1775285700_H30,764297,0.6332237778832464,0.6318609160515639,0.21460395078470418,0.19161865150566507,0.5955800103302942,0.3530578098650927,False
train,775511,2026-04-03T23:55:00-07:00,775511_1775285700_H30,764311,0.875,0.8169907602905908,0.14630264057470097,0.20094715002692312,0.7895815373937103,1.0,False
train,775511,2026-04-03T23:55:00-07:00,775511_1775285700_H30,764322,0.125,0.36780690368770874,0.1289022003850519,0.17596296525882396,0.2292772781048918,0.5720811814924115,False
train,775511,2026-04-07T23:30:00-07:00,775511_1775629800_H30,764283,0.125,0.9883311690413434,0.36787944117144233,0.5859540459252339,0.5174714258361615,0.164703230022048,False
train,775511,2026-04-07T23:30:00-07:00,775511_1775629800_H30,764290,0.125,0.6325822757547966,0.3403019123393269,0.5590953679840881,0.3653920359920107,0.023603272436864775,False
train,775511,2026-04-07T23:30:00-07:00,775511_1775629800_H30,764297,0.6332237778832464,0.7908435523105662,0.21460395078470418,0.9896797663014991,0.6922002589693965,0.39562707058819035,False
train,775511,2026-04-07T23:30:00-07:00,775511_1775629800_H30,764311,0.875,0.7967021047241915,0.14630264057470097,0.7634955025952715,0.8019858390505537,1.0,False
train,775511,2026-04-07T23:30:00-07:00,775511_1775629800_H30,764322,0.125,0.6429470907652346,0.1289022003850519,0.7194336126996524,0.3653054912155434,0.0,False
train,775511,2026-04-07T23:35:00-07:00,775511_1775630100_H30,764283,0.125,0.9981239837377842,0.36787944117144233,0.6569962512355448,0.5242376426758589,0.0,False
train,775511,2026-04-07T23:35:00-07:00,775511_1775630100_H30,764290,0.125,0.5959776906513853,0.3403019123393269,0.37823018328705554,0.343253245936082,0.5578858881411911,False
train,775511,2026-04-07T23:35:00-07:00,775511_1775630100_H30,764297,0.6332237778832464,0.7916697263595754,0.21460395078470418,0.543491298602924,0.6759369147890179,0.39185573652970573,False
train,775511,2026-04-07T23:35:00-07:00,775511_1775630100_H30,764311,0.875,0.823178593656996,0.14630264057470097,0.963019842533999,0.8205567770343963,1.0,False
train,775511,2026-04-07T23:35:00-07:00,775511_1775630100_H30,764322,0.125,0.5585278971873521,0.1289022003850519,0.271251233311858,0.3130915599040873,0.36507516567171194,False
train,775511,2026-04-07T23:40:00-07:00,775511_1775630400_H30,764283,0.125,0.9945626817866252,0.36787944117144233,0.7397034694530482,0.5258179214983123,0.0,False
train,775511,2026-04-07T23:40:00-07:00,775511_1775630400_H30,764290,0.125,0.34073130290215337,0.3403019123393269,0.1317087168033098,0.22665258773848332,0.23864745135423127,False
train,775511,2026-04-07T23:40:00-07:00,775511_1775630400_H30,764297,0.6332237778832464,0.8017268364834138,0.21460395078470418,0.4156082616002103,0.6754086209424854,0.3352660797398086,False
train,775511,2026-04-07T23:40:00-07:00,775511_1775630400_H30,764311,0.875,0.9073578053808348,0.14630264057470097,0.9413211717784165,0.8551766162115981,1.0,False
train,775511,2026-04-07T23:40:00-07:00,775511_1775630400_H30,764322,0.125,0.5504754744567897,0.1289022003850519,0.31560851853978955,0.31135398529545016,0.4441017589113816,False
train,775511,2026-04-07T23:45:00-07:00,775511_1775630700_H30,764283,0.125,0.9946000949187435,0.36787944117144233,0.7397034694530482,0.5258336671850721,0.6005169590643276,False
train,775511,2026-04-07T23:45:00-07:00,775511_1775630700_H30,764290,0.125,0.3590951659147138,0.3403019123393269,0.17697563659323687,0.23606643288245333,0.0,False
train,775511,2026-04-07T23:45:00-07:00,775511_1775630700_H30,764297,0.6332237778832464,0.6795693113589618,0.21460395078470418,0.09070638171807201,0.6119017207980151,0.817693567251462,False
train,775511,2026-04-07T23:45:00-07:00,775511_1775630700_H30,764311,0.875,0.696406927352871,0.14630264057470097,0.07445036222841508,0.7341233186519984,1.0,False
train,775511,2026-04-07T23:45:00-07:00,775511_1775630700_H30,764322,0.125,0.43943648232921284,0.1289022003850519,0.10659565632749378,0.25684083530064267,0.7205309941520468,False
train,775511,2026-04-07T23:50:00-07:00,775511_1775631000_H30,764283,0.125,1.0,0.36787944117144233,0.8444857452497851,0.5320071858699709,0.2354731198377047,False
train,775511,2026-04-07T23:50:00-07:00,775511_1775631000_H30,764290,0.125,0.472029187308614,0.3403019123393269,0.40540662223238627,0.29210003753534,0.0,False
train,775511,2026-04-07T23:50:00-07:00,775511_1775631000_H30,764297,0.6332237778832464,0.7243456537979427,0.21460395078470418,0.23243502396187593,0.6360226704419754,0.5857728741705783,False
train,775511,2026-04-07T23:50:00-07:00,775511_1775631000_H30,764311,0.875,0.8500770940049134,0.14630264057470097,0.6500042698112569,0.8202240923321733,1.0,False
train,775511,2026-04-07T23:50:00-07:00,775511_1775631000_H30,764322,0.125,0.5398401651124398,0.1289022003850519,0.280259319289823,0.3055620029509623,0.5767111608361444,False
train,775511,2026-04-07T23:55:00-07:00,775511_1775631300_H30,764283,0.125,0.9955457706320715,0.36787944117144233,0.8444857452497851,0.5301325793771999,0.33096604182630307,False
train,775511,2026-04-07T23:55:00-07:00,775511_1775631300_H30,764290,0.125,0.4331405508702707,0.3403019123393269,0.36935107162186187,0.2743910663963642,0.0,False
train,775511,2026-04-07T23:55:00-07:00,775511_1775631300_H30,764297,0.6332237778832464,0.8395226468662782,0.21460395078470418,0.9497863621310761,0.7112021551131122,0.5665159965718771,False
train,775511,2026-04-07T23:55:00-07:00,775511_1775631300_H30,764311,0.875,0.9109590599395407,0.14630264057470097,0.4877471492718351,0.8398062369971214,1.0,False
train,775511,2026-04-07T23:55:00-07:00,775511_1775631300_H30,764322,0.125,0.6104622838444921,0.1289022003850519,0.5604226553145282,0.34571415655784865,0.08576447941390841,False
train,775511,2026-04-08T16:05:00-07:00,775511_1775689500_H30,764283,0.125,0.9701823530995787,0.36787944117144233,0.36204213438739175,0.5014973521254201,0.8105509189715872,False
train,775511,2026-04-08T16:05:00-07:00,775511_1775689500_H30,764290,0.125,0.10376572844273169,0.3403019123393269,0.943426194118874,0.15714252457062053,0.024021145916100828,False
train,775511,2026-04-08T16:05:00-07:00,775511_1775689500_H30,764297,0.6332237778832464,0.5447269337065936,0.21460395078470418,0.8169346943779536,0.5821885588340002,1.0,False
train,775511,2026-04-08T16:05:00-07:00,775511_1775689500_H30,764311,0.875,0.5811154955535426,0.14630264057470097,0.35228696322504904,0.6959452938932253,0.0,False
train,775511,2026-04-08T16:05:00-07:00,775511_1775689500_H30,764322,0.125,0.2651657056054365,0.1289022003850519,0.4165009720979224,0.19503464857624017,0.5935761885153201,False
train,775511,2026-04-08T16:10:00-07:00,775511_1775689800_H30,764283,0.125,0.9673884219987845,0.36787944117144233,0.1990334372885673,0.4942528853412232,0.5288083094116032,False
train,775511,2026-04-08T16:10:00-07:00,775511_1775689800_H30,764290,0.125,0.19928264368964332,0.3403019123393269,0.9136193081581505,0.1962320895568062,0.0,False
train,775511,2026-04-08T16:10:00-07:00,775511_1775689800_H30,764297,0.6332237778832464,0.5138567586565024,0.21460395078470418,0.8683342034094388,0.5711100807661068,1.0,False
train,775511,2026-04-08T16:10:00-07:00,775511_1775689800_H30,764311,0.875,0.5816656186124955,0.14630264057470097,0.8916876725192396,0.7162580434010015,0.6125406835141111,False
train,775511,2026-04-08T16:10:00-07:00,775511_1775689800_H30,764322,0.125,0.17357490250605512,0.1289022003850519,0.7278922744906032,0.16808046811357383,0.2428164893071575,False
train,775511,2026-04-08T16:15:00-07:00,775511_1775690100_H30,764283,0.125,0.9615238358947005,0.36787944117144233,0.1371365374783198,0.4894803708366531,0.6426795004767926,False
train,775511,2026-04-08T16:15:00-07:00,775511_1775690100_H30,764290,0.125,0.1470414024741149,0.3403019123393269,0.14223443779822373,0.14552813671681533,0.0,False
train,775511,2026-04-08T16:15:00-07:00,775511_1775690100_H30,764297,0.6332237778832464,0.4126605456088568,0.21460395078470418,0.19410278902564604,0.5034198473825704,0.7190268021849345,False
train,775511,2026-04-08T16:15:00-07:00,775511_1775690100_H30,764311,0.875,0.6540267041410065,0.14630264057470097,0.9629158623076316,0.7493636599476842,1.0,False
train,775511,2026-04-08T16:15:00-07:00,775511_1775690100_H30,764322,0.125,0.37984374141930344,0.1289022003850519,0.7595302667727597,0.2560685930041876,0.48737815232674286,False
train,775511,2026-04-08T16:20:00-07:00,775511_1775690400_H30,764283,0.125,0.946683746006274,0.36787944117144233,0.12761826400628565,0.48288041859121245,0.29281640050221847,False
train,775511,2026-04-08T16:20:00-07:00,775511_1775690400_H30,764290,0.125,0.3760767364418255,0.3403019123393269,0.9017369448085432,0.2701952666512446,0.0,False
train,775511,2026-04-08T16:20:00-07:00,775511_1775690400_H30,764297,0.6332237778832464,0.6940729177434373,0.21460395078470418,0.9594887550839045,0.6503494059090611,0.5921472492552887,False
train,775511,2026-04-08T16:20:00-07:00,775511_1775690400_H30,764311,0.875,0.7213024697660628,0.14630264057470097,0.8171748126361754,0.7722515714612551,1.0,False
train,775511,2026-04-08T16:20:00-07:00,775511_1775690400_H30,764322,0.125,0.5252882095486595,0.1289022003850519,0.3271968042582758,0.30118509331499926,0.34910104401608155,False
train,775511,2026-04-08T16:25:00-07:00,775511_1775690700_H30,764283,0.125,0.9496225162977665,0.36787944117144233,0.1886052313280457,0.48638769890049627,0.0,False
train,775511,2026-04-08T16:25:00-07:00,775511_1775690700_H30,764290,0.125,0.19581199724805887,0.3403019123393269,0.14946628906414927,0.16632295691370685,0.4636632292802857,False
train,775511,2026-04-08T16:25:00-07:00,775511_1775690700_H30,764297,0.6332237778832464,0.5278418787965693,0.21460395078470418,0.18610456359715086,0.5515972867887537,0.5520580289369775,False
train,775511,2026-04-08T16:25:00-07:00,775511_1775690700_H30,764311,0.875,0.45880920179120177,0.14630264057470097,0.11831208308691765,0.6357608833277849,1.0,False
train,775511,2026-04-08T16:25:00-07:00,775511_1775690700_H30,764322,0.125,0.42663201208797197,0.1289022003850519,0.2889550636146465,0.2582409637064279,0.11485911333982224,False
train,775511,2026-04-08T16:30:00-07:00,775511_1775691000_H30,764283,0.125,0.9668084103264826,0.36787944117144233,0.7488857613949431,0.5144791072282602,0.0,False
train,775511,2026-04-08T16:30:00-07:00,775511_1775691000_H30,764290,0.125,0.14466293124351837,0.3403019123393269,0.22263331554288945,0.14752028487329413,0.8342200125254626,False
train,775511,2026-04-08T16:30:00-07:00,775511_1775691000_H30,764297,0.6332237778832464,0.4800733406339732,0.21460395078470418,0.23234744577729854,0.5332149905651908,0.597768555186114,False
train,775511,2026-04-08T16:30:00-07:00,775511_1775691000_H30,764311,0.875,0.5232904473016269,0.14630264057470097,0.17986398508960458,0.66518995496245,1.0,False
train,775511,2026-04-08T16:30:00-07:00,775511_1775691000_H30,764322,0.125,0.18223880411093307,0.1289022003850519,0.15114617241753542,0.15025520900821873,0.515748614791261,False
train,775536,2026-04-08T17:20:00-07:00,775536_1775694000_H30,768701,0.125,0.8999475653198317,0.8229949661357914,0.0906717764316932,0.4842638652833555,1.0,False
train,775536,2026-04-08T17:20:00-07:00,775536_1775694000_H30,774344,0.125,0.32387433715117164,0.7712518849544838,0.06499604860024624,0.23831194976826886,0.01002853430938988,False
train,775536,2026-04-08T17:20:00-07:00,775536_1775694000_H30,718405,0.125,0.31494143994178925,0.6368006006002778,0.06368762772433578,0.22787791941484245,0.0,False
train,775536,2026-04-08T17:20:00-07:00,775536_1775694000_H30,759858,0.125,0.31494143994178925,0.4652130807137347,0.06368762772433578,0.21942200730735792,0.0,False
train,775536,2026-04-08T17:20:00-07:00,775536_1775694000_H30,759870,0.125,0.8999473376713193,0.29119380591962934,0.09067096893021281,0.4580563329977211,0.80729552883389,False
train,775536,2026-04-08T17:25:00-07:00,775536_1775694300_H30,768701,0.125,0.8502365185183638,0.8229949661357914,0.08295710652472126,0.46305527180330913,0.4574636425288128,False
train,775536,2026-04-08T17:25:00-07:00,775536_1775694300_H30,774344,0.125,0.1834742318207212,0.7712518849544838,0.09455182665792651,0.18032350179205153,0.0,False
train,775536,2026-04-08T17:25:00-07:00,775536_1775694300_H30,718405,0.125,0.1768461949051343,0.6368006006002778,0.09439145652851115,0.17090223521083564,1.0,False
train,775536,2026-04-08T17:25:00-07:00,775536_1775694300_H30,759858,0.125,0.1768461949051343,0.4652130807137347,0.09439145652851115,0.1624463231033511,1.0,False
train,775536,2026-04-08T17:25:00-07:00,775536_1775694300_H30,759870,0.125,0.8502367917756143,0.29119380591962934,0.08295726442687774,0.4368479862696098,0.4446160801748076,False
train,775536,2026-04-08T17:30:00-07:00,775536_1775694600_H30,768701,0.125,0.8320030040041814,0.8229949661357914,0.13130236846305127,0.457181351467986,0.0,False
train,775536,2026-04-08T17:30:00-07:00,775536_1775694600_H30,774344,0.125,0.17576372612063484,0.7712518849544838,0.15060177556758075,0.1791651298313468,1.0,False
train,775536,2026-04-08T17:30:00-07:00,775536_1775694600_H30,718405,0.125,0.16667289841829103,0.6368006006002778,0.15071736573903055,0.16871764704695338,0.7853975358439448,False
train,775536,2026-04-08T17:30:00-07:00,775536_1775694600_H30,759858,0.125,0.16667289841829103,0.4652130807137347,0.15071736573903055,0.16026173493946885,0.7853975358439448,False
train,775536,2026-04-08T17:30:00-07:00,775536_1775694600_H30,759870,0.125,0.8320027457195982,0.29119380591962934,0.13130182828957046,0.43097381624115055,0.5476108317447976,False
train,775536,2026-04-08T17:35:00-07:00,775536_1775694900_H30,768701,0.125,0.8316096504982226,0.8229949661357914,0.19903413649853788,0.45953737514658566,0.0,False
train,775536,2026-04-08T17:35:00-07:00,775536_1775694900_H30,774344,0.125,0.27704284065506857,0.7712518849544838,0.23584501556758652,0.22496294803207387,0.845912256558652,False
train,775536,2026-04-08T17:35:00-07:00,775536_1775694900_H30,718405,0.125,0.2724576661630427,0.6368006006002778,0.23566786010382354,0.2164008154133983,0.9679222023289115,False
train,775536,2026-04-08T17:35:00-07:00,775536_1775694900_H30,759858,0.125,0.2724576661630427,0.4652130807137347,0.23566786010382354,0.20794490330591378,0.9679222023289115,False
train,775536,2026-04-08T17:35:00-07:00,775536_1775694900_H30,759870,0.125,0.8316095727592305,0.29119380591962934,0.19903359113880043,0.4333299157110704,1.0,False
train,775536,2026-04-08T17:40:00-07:00,775536_1775695200_H30,768701,0.125,0.8557506798981646,0.8229949661357914,0.2639994452543866,0.4721159447011174,0.0,False
train,775536,2026-04-08T17:40:00-07:00,775536_1775695200_H30,774344,0.125,0.33980239474292406,0.7712518849544838,0.3075035039936199,0.25404368457808574,1.0,False
train,775536,2026-04-08T17:40:00-07:00,775536_1775695200_H30,718405,0.125,0.3317273826101158,0.6368006006002778,0.3071864317475539,0.2440076103355497,0.955128152495077,False
train,775536,2026-04-08T17:40:00-07:00,775536_1775695200_H30,759858,0.125,0.3317273826101158,0.4652130807137347,0.3071864317475539,0.23555169822806518,0.955128152495077,False
train,775536,2026-04-08T17:40:00-07:00,775536_1775695200_H30,759870,0.125,0.8557504353855102,0.29119380591962934,0.2639989134500735,0.4459084155819083,0.5656714824776342,False
train,775536,2026-04-08T17:45:00-07:00,775536_1775695500_H30,768701,0.125,0.8702302545606153,0.8229949661357914,0.4506370082619419,0.48515810378490504,0.09134532855977628,False
train,775536,2026-04-08T17:45:00-07:00,775536_1775695500_H30,774344,0.125,0.3928389710004965,0.7712518849544838,0.3809007380161823,0.2790971410794313,1.0,False
train,775536,2026-04-08T17:45:00-07:00,775536_1775695500_H30,718405,0.125,0.3838810240974262,0.6368006006002778,0.38035269353242557,0.2686808761921936,0.8349633512435221,False
train,775536,2026-04-08T17:45:00-07:00,775536_1775695500_H30,759858,0.125,0.3838810240974262,0.4652130807137347,0.38035269353242557,0.2602249640847091,0.8349633512435221,False
train,775536,2026-04-08T17:45:00-07:00,775536_1775695500_H30,759870,0.125,0.8702300309199424,0.29119380591962934,0.45063903463165644,0.4589506786875476,0.0,False
train,775511,2026-04-09T23:30:00-07:00,775511_1775802600_H30,764283,0.125,0.9986634909401492,0.36787944117144233,0.87795263297307,0.5326906338660271,0.0,False
train,775511,2026-04-09T23:30:00-07:00,775511_1775802600_H30,764290,0.125,0.21000557236631534,0.3403019123393269,0.3398037963339709,0.17938249463288344,0.808965945203934,False
train,775511,2026-04-09T23:30:00-07:00,775511_1775802600_H30,764297,0.6332237778832464,0.7071251929271509,0.21460395078470418,0.17692183257331806,0.6267085813149113,0.35016328500598604,False
train,775511,2026-04-09T23:30:00-07:00,775511_1775802600_H30,764311,0.875,0.8104730412538774,0.14630264057470097,0.2461964691872099,0.788523067342444,1.0,False
train,775511,2026-04-09T23:30:00-07:00,775511_1775802600_H30,764322,0.125,0.46983310928702193,0.1289022003850519,0.15949411180931045,0.2716029008692318,0.04292421193829643,False
train,775536,2026-04-09T23:30:00-07:00,775536_1775802600_H30,768701,0.125,0.9935187766949316,0.8229949661357914,0.3678867982376552,0.5339646094409897,0.0,False
train,775536,2026-04-09T23:30:00-07:00,775536_1775802600_H30,774344,0.125,0.956163216532206,0.7712518849544838,0.23134781022620282,0.5106100509680479,0.9454702817148228,False
train,775536,2026-04-09T23:30:00-07:00,775536_1775802600_H30,718405,0.125,0.9561628786670247,0.6368006006002778,0.23133993609954706,0.5039837943349967,1.0,False
train,775536,2026-04-09T23:30:00-07:00,775536_1775802600_H30,759858,0.125,0.9561628786670247,0.4652130807137347,0.23133993609954706,0.49552788222751215,1.0,False
train,775536,2026-04-09T23:30:00-07:00,775536_1775802600_H30,759870,0.125,0.9741480273724976,0.29119380591962934,0.17692734255365591,0.4924956459535159,0.03171929372802729,False
train,775511,2026-04-09T23:35:00-07:00,775511_1775802900_H30,764283,0.125,0.9927931591502043,0.36787944117144233,0.9999779769631988,0.5347629000878348,0.12294822206331646,False
train,775511,2026-04-09T23:35:00-07:00,775511_1775802900_H30,764290,0.125,0.11181140375761411,0.3403019123393269,0.4127052289035288,0.14077053803531966,0.0,False
train,775511,2026-04-09T23:35:00-07:00,775511_1775802900_H30,764297,0.6332237778832464,0.7464752686188351,0.21460395078470418,0.3946491918282937,0.6513751716514157,0.5223948514594032,False
train,775511,2026-04-09T23:35:00-07:00,775511_1775802900_H30,764311,0.875,0.7612672812711565,0.14630264057470097,0.260185704162359,0.7683351384948025,1.0,False
train,775511,2026-04-09T23:35:00-07:00,775511_1775802900_H30,764322,0.125,0.504759523751643,0.1289022003850519,0.1461257125829585,0.285804338848858,0.5608057596047584,False
train,775536,2026-04-09T23:35:00-07:00,775536_1775802900_H30,768701,0.125,0.9960818501712585,0.8229949661357914,0.3678867982376552,0.5350433042685993,0.0,False
train,775536,2026-04-09T23:35:00-07:00,775536_1775802900_H30,774344,0.125,0.954953358420073,0.7712518849544838,0.2815377792017859,0.5119693810087712,0.9793921753274548,False
train,775536,2026-04-09T23:35:00-07:00,775536_1775802900_H30,718405,0.125,0.954952655799719,0.6368006006002778,0.2815312758316001,0.5053430218964742,1.0,False
train,775536,2026-04-09T23:35:00-07:00,775536_1775802900_H30,759858,0.125,0.954952655799719,0.4652130807137347,0.2815312758316001,0.49688710978898964,1.0,False
train,775536,2026-04-09T23:35:00-07:00,775536_1775802900_H30,759870,0.125,0.9805310006847898,0.29119380591962934,0.5613958991228868,0.5094952747604337,0.08819107953086214,False
train,775511,2026-04-09T23:40:00-07:00,775511_1775803200_H30,764283,0.125,0.9952753614699316,0.36787944117144233,0.8445006804368105,0.53001933102494,0.2703923847350772,False
train,775511,2026-04-09T23:40:00-07:00,775511_1775803200_H30,764290,0.125,0.21333861460660064,0.3403019123393269,0.6004720769675294,0.1904895978165989,0.0,False
train,775511,2026-04-09T23:40:00-07:00,775511_1775803200_H30,764297,0.6332237778832464,0.7132944691146396,0.21460395078470418,0.48444359125850694,0.6407536389561416,0.5917362615417474,False
train,775511,2026-04-09T23:40:00-07:00,775511_1775803200_H30,764311,0.875,0.740040113358315,0.14630264057470097,0.231100122034208,0.7583186544514936,1.0,False
train,775511,2026-04-09T23:40:00-07:00,775511_1775803200_H30,764322,0.125,0.5406250799969732,0.1289022003850519,0.32822685301552224,0.3076781144104749,0.35003980151939196,False
train,775536,2026-04-09T23:40:00-07:00,775536_1775803200_H30,768701,0.125,0.9920326014804532,0.8229949661357914,0.42949846423642823,0.5356328644236683,0.0,False
train,775536,2026-04-09T23:40:00-07:00,775536_1775803200_H30,774344,0.125,0.9629532972662069,0.7712518849544838,0.5346737016456817,0.5247601733678807,0.8118651519007836,False
train,775536,2026-04-09T23:40:00-07:00,775536_1775803200_H30,718405,0.125,0.962953270036095,0.6368006006002778,0.5346821080156774,0.5181346535715317,1.0,False
train,775536,2026-04-09T23:40:00-07:00,775536_1775803200_H30,759858,0.125,0.962953270036095,0.4652130807137347,0.5346821080156774,0.5096787414640471,1.0,False
train,775536,2026-04-09T23:40:00-07:00,775536_1775803200_H30,759870,0.125,0.9910980103040599,0.29119380591962934,0.5613958991228868,0.5139425052924051,0.10861889446771089,False
train,775511,2026-04-09T23:45:00-07:00,775511_1775803500_H30,764283,0.125,0.9997295702234509,0.36787944117144233,0.8445006804368105,0.5318939288419329,0.0,False
train,775511,2026-04-09T23:45:00-07:00,775511_1775803500_H30,764290,0.125,0.24644227928564377,0.3403019123393269,0.918181422865318,0.21624953063983768,0.014514679387854112,False
train,775511,2026-04-09T23:45:00-07:00,775511_1775803500_H30,764297,0.6332237778832464,0.767541131599713,0.21460395078470418,0.9999978915489106,0.6827773358034667,0.37507167868428437,False
train,775511,2026-04-09T23:45:00-07:00,775511_1775803500_H30,764311,0.875,0.8185671254035771,0.14630264057470097,0.8849307907140208,0.8157088356757567,1.0,False
train,775511,2026-04-09T23:45:00-07:00,775511_1775803500_H30,764322,0.125,0.5491028946962511,0.1289022003850519,0.4617794853219423,0.31621808678257707,0.5683743477748089,False
train,775536,2026-04-09T23:45:00-07:00,775536_1775803500_H30,768701,0.125,0.9966222775219793,0.8229949661357914,0.4930760868727612,0.5399313916594195,0.22297636163027856,False
train,775536,2026-04-09T23:45:00-07:00,775536_1775803500_H30,774344,0.125,0.9629533659139787,0.7712518849544838,0.3738653574838055,0.5187735054501176,1.0,False
train,775536,2026-04-09T23:45:00-07:00,775536_1775803500_H30,718405,0.125,0.9629528272485961,0.6368006006002778,0.3738572141122315,0.5121471542846582,0.851298940118359,False
train,775536,2026-04-09T23:45:00-07:00,775536_1775803500_H30,759858,0.125,0.9629528272485961,0.4652130807137347,0.3738572141122315,0.5036912421771736,0.851298940118359,False
train,775536,2026-04-09T23:45:00-07:00,775536_1775803500_H30,759870,0.125,0.9867041439672121,0.29119380591962934,0.5613958991228868,0.5120933031784033,0.0,False
train,775511,2026-04-09T23:50:00-07:00,775511_1775803800_H30,764283,0.125,0.9937517645153762,0.36787944117144233,0.2214619790861544,0.5061831458546369,0.4472166125819975,False
train,775511,2026-04-09T23:50:00-07:00,775511_1775803800_H30,764290,0.125,0.14397068715081363,0.3403019123393269,0.2752909024126012,0.14918932427282966,0.0,False
train,775511,2026-04-09T23:50:00-07:00,775511_1775803800_H30,764297,0.6332237778832464,0.6290346523143214,0.21460395078470418,0.15913660131463442,0.5931812825121942,0.5709056976922326,False
train,775511,2026-04-09T23:50:00-07:00,775511_1775803800_H30,764311,0.875,0.7498962084396567,0.14630264057470097,0.2452531951010213,0.7629935910650802,1.0,False
train,775511,2026-04-09T23:50:00-07:00,775511_1775803800_H30,764322,0.125,0.377449606456954,0.1289022003850519,0.1893575975581636,0.23383417063630316,0.5891282851213772,False
train,775536,2026-04-09T23:50:00-07:00,775536_1775803800_H30,768701,0.125,0.9972978117103778,0.8229949661357914,0.5613913983380076,0.5427589919020664,0.49326051338067134,False
train,775536,2026-04-09T23:50:00-07:00,775536_1775803800_H30,774344,0.125,0.9670372931695799,0.7712518849544838,0.4251330430939917,0.5224008994957822,0.5887930092845499,False
train,775536,2026-04-09T23:50:00-07:00,775536_1775803800_H30,718405,0.125,0.967036539824318,0.6368006006002778,0.4251250609934471,0.5157744639840939,1.0,False
train,775536,2026-04-09T23:50:00-07:00,775536_1775803800_H30,759858,0.125,0.967036539824318,0.4652130807137347,0.4251250609934471,0.5073185518766093,1.0,False
train,775536,2026-04-09T23:50:00-07:00,775536_1775803800_H30,759870,0.125,0.9918716950645153,0.29119380591962934,0.46378244769865906,0.5106340894758751,0.0,False
train,775511,2026-04-09T23:55:00-07:00,775511_1775804100_H30,764283,0.125,0.9903786454796486,0.36787944117144233,0.24312402800222133,0.5055699867700978,0.43512038370320205,False
train,775511,2026-04-09T23:55:00-07:00,775511_1775804100_H30,764290,0.125,0.35518462829452724,0.3403019123393269,0.565775875917426,0.24889519900495968,0.0,False
train,775511,2026-04-09T23:55:00-07:00,775511_1775804100_H30,764297,0.6332237778832464,0.7017046890309839,0.21460395078470418,0.29944448281628744,0.6289886761556707,0.6138721836354397,False
train,775511,2026-04-09T23:55:00-07:00,775511_1775804100_H30,764311,0.875,0.817230763361019,0.14630264057470097,0.42102855760951075,0.797875905095823,1.0,False
train,775511,2026-04-09T23:55:00-07:00,775511_1775804100_H30,764322,0.125,0.36735472319954554,0.1289022003850519,0.2521455542756645,0.2319231575340843,0.4701105370150772,False
train,775536,2026-04-09T23:55:00-07:00,775536_1775804100_H30,768701,0.125,0.9982435595741382,0.8229949661357914,0.6394149914216959,0.5460617416235148,0.0,False
train,775536,2026-04-09T23:55:00-07:00,775536_1775804100_H30,774344,0.125,0.9651063220002629,0.7712518849544838,0.17944608793035494,0.5124416081077675,1.0,False
train,775536,2026-04-09T23:55:00-07:00,775536_1775804100_H30,718405,0.125,0.9651053257673846,0.6368006006002778,0.1794448363135245,0.5058153209420513,0.9836315162203683,False
train,775536,2026-04-09T23:55:00-07:00,775536_1775804100_H30,759858,0.125,0.9651053257673846,0.4652130807137347,0.1794448363135245,0.49735940883456675,0.9836315162203683,False
train,775536,2026-04-09T23:55:00-07:00,775536_1775804100_H30,759870,0.125,0.995893193190871,0.29119380591962934,0.5196264456759219,0.5144055800840576,0.09409811445538274,False
train,775511,2026-04-12T23:30:00-07:00,775511_1776061800_H30,764283,0.125,0.9758907712832289,0.36787944117144233,0.6118199296595888,0.5131987164018896,0.06109703404003797,False
train,775511,2026-04-12T23:30:00-07:00,775511_1776061800_H30,764290,0.125,0.5258911577057959,0.3403019123393269,0.33395659422342716,0.3121083839672771,0.2942408233024657,False
train,775511,2026-04-12T23:30:00-07:00,775511_1776061800_H30,764297,0.6332237778832464,0.8136365287539858,0.21460395078470418,0.40773963755436027,0.6801279935583179,0.8190113772263028,False
train,775511,2026-04-12T23:30:00-07:00,775511_1776061800_H30,764311,0.875,0.8076222343747477,0.14630264057470097,0.28811484888310235,0.7888838467693047,1.0,False
train,775511,2026-04-12T23:30:00-07:00,775511_1776061800_H30,764322,0.125,0.5751086106565294,0.1289022003850519,0.21823509580148318,0.31809599161843755,0.0,False
train,775536,2026-04-12T23:30:00-07:00,775536_1776061800_H30,768701,0.125,0.9733183885002621,0.8229949661357914,0.3235714364921156,0.5238132698416603,0.0,False
train,775536,2026-04-12T23:30:00-07:00,775536_1776061800_H30,774344,0.125,0.9550451863333265,0.7712518849544838,0.731741340209058,0.5287685523803332,0.9459213134604305,False
train,775536,2026-04-12T23:30:00-07:00,775536_1776061800_H30,718405,0.125,0.9550458933153956,0.6368006006002778,0.7317249130532142,0.5221424170628297,1.0,False
train,775536,2026-04-12T23:30:00-07:00,775536_1776061800_H30,759858,0.125,0.9550458933153956,0.4652130807137347,0.7317249130532142,0.5136865049553452,1.0,False
train,775536,2026-04-12T23:30:00-07:00,775536_1776061800_H30,759870,0.125,0.9776777455631208,0.29119380591962934,0.6881617292765496,0.5130137900119858,0.0903872047844263,False
train,775511,2026-04-12T23:35:00-07:00,775511_1776062100_H30,764283,0.125,0.9805002623495023,0.36787944117144233,0.6569844365861307,0.5168200853428101,0.15070732277424603,False
train,775511,2026-04-12T23:35:00-07:00,775511_1776062100_H30,764290,0.125,0.5950224866493238,0.3403019123393269,0.6559221381162564,0.35318936871329726,0.698328565173448,False
train,775511,2026-04-12T23:35:00-07:00,775511_1776062100_H30,764297,0.6332237778832464,0.7733074343252347,0.21460395078470418,0.6105466368224085,0.6707053502811429,0.711535106057264,False
train,775511,2026-04-12T23:35:00-07:00,775511_1776062100_H30,764311,0.875,0.8738284709943087,0.14630264057470097,0.6036622085088216,0.8284948363705286,1.0,False
train,775511,2026-04-12T23:35:00-07:00,775511_1776062100_H30,764322,0.125,0.723564403042686,0.1289022003850519,0.5398488820156189,0.3925483660126261,0.0,False
train,775536,2026-04-12T23:35:00-07:00,775536_1776062100_H30,768701,0.125,0.9831942986922295,0.8229949661357914,0.3823080889075909,0.5301563376480525,0.17902781009016577,False
train,775536,2026-04-12T23:35:00-07:00,775536_1776062100_H30,774344,0.125,0.9576452406428451,0.7712518849544838,0.731741340209058,0.5298628109574228,0.9975429975429976,False
train,775536,2026-04-12T23:35:00-07:00,775536_1776062100_H30,718405,0.125,0.957646122545559,0.6368006006002778,0.7317249130532142,0.5232367492570031,1.0,False
train,775536,2026-04-12T23:35:00-07:00,775536_1776062100_H30,759858,0.125,0.957646122545559,0.4652130807137347,0.7317249130532142,0.5147808371495186,1.0,False
train,775536,2026-04-12T23:35:00-07:00,775536_1776062100_H30,759870,0.125,0.9632837210357076,0.29119380591962934,0.18407335989376306,0.48818933259072855,0.0,False
train,775511,2026-04-12T23:40:00-07:00,775511_1776062400_H30,764283,0.125,0.9823235740700391,0.36787944117144233,0.7396910109234142,0.5206665081251942,0.0,False
train,775511,2026-04-12T23:40:00-07:00,775511_1776062400_H30,764290,0.125,0.6054432857222212,0.3403019123393269,0.9321409021554664,0.3678583498406164,0.3303542356506004,False
train,775511,2026-04-12T23:40:00-07:00,775511_1776062400_H30,764297,0.6332237778832464,0.8816861705233123,0.21460395078470418,0.45467794276815476,0.7105148138295725,0.6358217665699335,False
train,775511,2026-04-12T23:40:00-07:00,775511_1776062400_H30,764311,0.875,0.7721266902246862,0.14630264057470097,0.4417315267396394,0.779664155795858,1.0,False
train,775511,2026-04-12T23:40:00-07:00,775511_1776062400_H30,764322,0.125,0.6423244671783208,0.1289022003850519,0.5836793003583894,0.35998948789128404,0.5715526122410488,False
train,775536,2026-04-12T23:40:00-07:00,775536_1776062400_H30,768701,0.125,0.9810883418184716,0.8229949661357914,0.4394715424121594,0.5313981499097851,1.0,False
train,775536,2026-04-12T23:40:00-07:00,775536_1776062400_H30,774344,0.125,0.957210702389423,0.7712518849544838,0.7613492643268116,0.5307821978227651,0.005430880344648004,False
train,775536,2026-04-12T23:40:00-07:00,775536_1776062400_H30,718405,0.125,0.9572114294080776,0.6368006006002778,0.7613325362668913,0.5241560597355682,0.0,False
train,775536,2026-04-12T23:40:00-07:00,775536_1776062400_H30,759858,0.125,0.9572114294080776,0.4652130807137347,0.7613325362668913,0.5157001476280837,0.0,False
train,775536,2026-04-12T23:40:00-07:00,775536_1776062400_H30,759870,0.125,0.9801410477575898,0.29119380591962934,0.9999834822975443,0.525659235335852,0.990222303566149,False
train,775511,2026-04-12T23:45:00-07:00,775511_1776062700_H30,764283,0.125,0.9860525227256782,0.36787944117144233,0.8444721628177524,0.5261367464270016,0.0,False
train,775511,2026-04-12T23:45:00-07:00,775511_1776062700_H30,764290,0.125,0.43521438218015895,0.3403019123393269,0.3733075803773279,0.2754111547716497,0.30509324587162956,False
train,775511,2026-04-12T23:45:00-07:00,775511_1776062700_H30,764297,0.6332237778832464,0.8683790315640971,0.21460395078470418,0.836964747479705,0.7191464401659844,0.5493230616681286,False
train,775511,2026-04-12T23:45:00-07:00,775511_1776062700_H30,764311,0.875,0.8270608078883258,0.14630264057470097,0.46800921627036246,0.8037620086995634,1.0,False
train,775511,2026-04-12T23:45:00-07:00,775511_1776062700_H30,764322,0.125,0.6622875699152316,0.1289022003850519,0.9461824389841708,0.3818867030216788,0.034981503375157375,False
train,775536,2026-04-12T23:45:00-07:00,775536_1776062700_H30,768701,0.125,0.9817803956045172,0.8229949661357914,0.5024542379912574,0.5340341758598564,0.0,False
train,775536,2026-04-12T23:45:00-07:00,775536_1776062700_H30,774344,0.125,0.9619210922242026,0.7712518849544838,0.8474660264117232,0.5359706330840805,1.0,False
train,775536,2026-04-12T23:45:00-07:00,775536_1776062700_H30,718405,0.125,0.9619214664820382,0.6368006006002778,0.8474490940502555,0.5293443389281081,0.6072818556861523,False
train,775536,2026-04-12T23:45:00-07:00,775536_1776062700_H30,759858,0.125,0.9619214664820382,0.4652130807137347,0.8474490940502555,0.5208884268206235,0.6072818556861523,False
train,775536,2026-04-12T23:45:00-07:00,775536_1776062700_H30,759870,0.125,0.9827145777016413,0.29119380591962934,0.9279941582017092,0.5240622569045198,0.49900755040087175,False
train,775511,2026-04-12T23:50:00-07:00,775511_1776063000_H30,764283,0.125,0.9835231450664281,0.36787944117144233,0.34528547511338376,0.5064881265890291,0.024888006112843586,False
train,775511,2026-04-12T23:50:00-07:00,775511_1776063000_H30,764290,0.125,0.6280809377865775,0.3403019123393269,0.3967119996962715,0.35745227035949156,0.1340780329314467,False
train,775511,2026-04-12T23:50:00-07:00,775511_1776063000_H30,764297,0.6332237778832464,0.8786432942217364,0.21460395078470418,0.9124891284195318,0.7262779364281479,0.6841055364469739,False
train,775511,2026-04-12T23:50:00-07:00,775511_1776063000_H30,764311,0.875,0.8760232733978475,0.14630264057470097,0.773694756646185,0.8357486432482729,1.0,False
train,775511,2026-04-12T23:50:00-07:00,775511_1776063000_H30,764322,0.125,0.7906853506065109,0.1289022003850519,0.7462650557943936,0.42848150097971005,0.0,False
train,775536,2026-04-12T23:50:00-07:00,775536_1776063000_H30,768701,0.125,0.9827118735888752,0.8229949661357914,0.6166847182428468,0.5386788578249201,0.9876867020107376,False
train,775536,2026-04-12T23:50:00-07:00,775536_1776063000_H30,774344,0.125,0.9740389827078737,0.7712518849544838,0.9999848918937472,0.5467486568861032,0.08394278880365369,False
train,775536,2026-04-12T23:50:00-07:00,775536_1776063000_H30,718405,0.125,0.9740394276622761,0.6368006006002778,0.9999962229011637,0.5401234446939309,0.0,False
train,775536,2026-04-12T23:50:00-07:00,775536_1776063000_H30,759858,0.125,0.9740394276622761,0.4652130807137347,0.9999962229011637,0.5316675325864464,0.0,False
train,775536,2026-04-12T23:50:00-07:00,775536_1776063000_H30,759870,0.125,0.9798072666188046,0.29119380591962934,0.21738477062065398,0.4963835730458241,1.0,False
train,775511,2026-04-12T23:55:00-07:00,775511_1776063300_H30,764283,0.125,0.9933254453903282,0.36787944117144233,0.34334664442962587,0.5105413413681978,0.0,False
train,775511,2026-04-12T23:55:00-07:00,775511_1776063300_H30,764290,0.125,0.7931261902601803,0.3403019123393269,0.7070472212198221,0.4384665960547363,0.06590507381992117,False
train,775511,2026-04-12T23:55:00-07:00,775511_1776063300_H30,764297,0.6332237778832464,0.8225334731041831,0.21460395078470418,0.41352371409178407,0.684087694654024,0.5615828209012863,False
train,775511,2026-04-12T23:55:00-07:00,775511_1776063300_H30,764311,0.875,0.8494730298238606,0.14630264057470097,0.5678782337141792,0.8169124146625767,1.0,False
train,775511,2026-04-12T23:55:00-07:00,775511_1776063300_H30,764322,0.125,0.7531335636589442,0.1289022003850519,0.2332537985378542,0.393578682019121,0.27004426224638345,False
train,775536,2026-04-12T23:55:00-07:00,775536_1776063300_H30,768701,0.125,0.9910534456057519,0.8229949661357914,0.30629948130341045,0.5306342304260206,0.9087525282792719,False
train,775536,2026-04-12T23:55:00-07:00,775536_1776063300_H30,774344,0.125,0.9907945934219896,0.7712518849544838,0.5776239476445798,0.538076443090277,1.0,False
train,775536,2026-04-12T23:55:00-07:00,775536_1776063300_H30,718405,0.125,0.9907955116711101,0.6368006006002778,0.5776344377614351,0.5314513987835481,0.0,False
train,775536,2026-04-12T23:55:00-07:00,775536_1776063300_H30,759858,0.125,0.9907955116711101,0.4652130807137347,0.5776344377614351,0.5229954866760634,0.0,False
train,775536,2026-04-12T23:55:00-07:00,775536_1776063300_H30,759870,0.125,0.9943034326130736,0.29119380591962934,0.46378244769865906,0.511657510279048,0.9118520113866208,False
train,775511,2026-04-14T23:30:00-07:00,775511_1776234600_H30,764283,0.125,0.9883311690413434,0.36787944117144233,0.5859540459252339,0.5174714258361615,0.5787308097469478,False
train,775511,2026-04-14T23:30:00-07:00,775511_1776234600_H30,764290,0.125,0.30084021113159376,0.3403019123393269,0.660405988751461,0.22954677611839372,0.0,False
train,775511,2026-04-14T23:30:00-07:00,775511_1776234600_H30,764297,0.6332237778832464,0.6253381565972662,0.21460395078470418,0.3738169322813413,0.5996178603205397,0.7117590143417112,False
train,775511,2026-04-14T23:30:00-07:00,775511_1776234600_H30,764311,0.875,0.6513228043303434,0.14630264057470097,0.0881881787974476,0.7156606614942389,1.0,False
train,775511,2026-04-14T23:30:00-07:00,775511_1776234600_H30,764322,0.125,0.2437579876488123,0.1289022003850519,0.4877645104179387,0.18867805255457085,0.3449473785016326,False
train,775536,2026-04-14T23:30:00-07:00,775536_1776234600_H30,768701,0.125,0.991053394069728,0.8229949661357914,0.30629948130341045,0.5306342087365752,0.9773754480752247,False
train,775536,2026-04-14T23:30:00-07:00,775536_1776234600_H30,774344,0.125,0.9675332690910439,0.7712518849544838,0.2007097588768934,0.514254633107805,0.0,False
train,775536,2026-04-14T23:30:00-07:00,775536_1776234600_H30,718405,0.125,0.9675327022037958,0.6368006006002778,0.20071370326877958,0.5076287200774562,0.5748870071172528,False
train,775536,2026-04-14T23:30:00-07:00,775536_1776234600_H30,759858,0.125,0.9675327022037958,0.4652130807137347,0.20071370326877958,0.4991728079699717,0.5748870071172528,False
train,775536,2026-04-14T23:30:00-07:00,775536_1776234600_H30,759870,0.125,0.9804083708173214,0.29119380591962934,0.3824855569856269,0.5027830528452071,1.0,False
train,775511,2026-04-14T23:35:00-07:00,775511_1776234900_H30,764283,0.125,0.9981239837377842,0.36787944117144233,0.6569962512355448,0.5242376426758589,0.7425021638209144,False
train,775511,2026-04-14T23:35:00-07:00,775511_1776234900_H30,764290,0.125,0.033792611555071184,0.3403019123393269,0.41605830799224963,0.10806038854837599,0.0,False
train,775511,2026-04-14T23:35:00-07:00,775511_1776234900_H30,764297,0.6332237778832464,0.7219043546826821,0.21460395078470418,0.5980951984838606,0.6486083039805528,0.912587929813518,False
train,775511,2026-04-14T23:35:00-07:00,775511_1776234900_H30,764311,0.875,0.7455268029158816,0.14630264057470097,0.4908298939578932,0.7702972018889422,1.0,False
train,775511,2026-04-14T23:35:00-07:00,775511_1776234900_H30,764322,0.125,0.4714774633871136,0.1289022003850519,0.8997678130200413,0.29985442268808865,0.8175135730584625,False
train,775536,2026-04-14T23:35:00-07:00,775536_1776234900_H30,768701,0.125,0.9999999484639772,0.8229949661357914,0.42949846423642823,0.5389860012183318,1.0,False
train,775536,2026-04-14T23:35:00-07:00,775536_1776234900_H30,774344,0.125,0.9737302704992994,0.7712518849544838,0.26354600335568873,0.519202018527864,0.6967000885400465,False
train,775536,2026-04-14T23:35:00-07:00,775536_1776234900_H30,718405,0.125,0.9737296141009335,0.6368006006002778,0.2635493401889693,0.5125760452072166,0.5725573715571084,False
train,775536,2026-04-14T23:35:00-07:00,775536_1776234900_H30,759858,0.125,0.9737296141009335,0.4652130807137347,0.2635493401889693,0.5041201330997319,0.5725573715571084,False
train,775536,2026-04-14T23:35:00-07:00,775536_1776234900_H30,759870,0.125,0.9750687360023039,0.29119380591962934,0.3824855569856269,0.5005358147111924,0.0,False
train,775511,2026-04-14T23:40:00-07:00,775511_1776235200_H30,764283,0.125,0.9945626817866252,0.36787944117144233,0.7397034694530482,0.5258179214983123,0.5345304580318156,False
train,775511,2026-04-14T23:40:00-07:00,775511_1776235200_H30,764290,0.125,0.015899689110172255,0.3403019123393269,0.8481333543806234,0.11661559752276819,0.0,False
train,775511,2026-04-14T23:40:00-07:00,775511_1776235200_H30,764297,0.6332237778832464,0.6382604684514448,0.21460395078470418,0.5021336560524675,0.6098334168543119,0.6328751638777343,False
train,775511,2026-04-14T23:40:00-07:00,775511_1776235200_H30,764311,0.875,0.590811415206981,0.14630264057470097,0.3181744895764363,0.6987559521708724,1.0,False
train,775511,2026-04-14T23:40:00-07:00,775511_1776235200_H30,764322,0.125,0.592366430234531,0.1289022003850519,0.7614444700832118,0.3455821323980892,0.2940792394008527,False
train,775536,2026-04-14T23:40:00-07:00,775536_1776235200_H30,768701,0.125,0.9958156444715144,0.8229949661357914,0.3678867982376552,0.5349312689664332,1.0,False
train,775536,2026-04-14T23:40:00-07:00,775536_1776235200_H30,774344,0.125,0.9799711382004033,0.7712518849544838,0.6881735675846605,0.5376369112296389,0.19319561315224265,False
train,775536,2026-04-14T23:40:00-07:00,775536_1776235200_H30,718405,0.125,0.9799705529395396,0.6368006006002778,0.6881680429827477,0.5310106379475829,0.10897083389535056,False
train,775536,2026-04-14T23:40:00-07:00,775536_1776235200_H30,759858,0.125,0.9799705529395396,0.4652130807137347,0.6881680429827477,0.5225547258400983,0.10897083389535056,False
train,775536,2026-04-14T23:40:00-07:00,775536_1776235200_H30,759870,0.125,0.9842300511342864,0.29119380591962934,0.44419399305645385,0.5066887739667583,0.0,False
train,775511,2026-04-14T23:45:00-07:00,775511_1776235500_H30,764283,0.125,0.9946000949187435,0.36787944117144233,0.7397034694530482,0.5258336671850721,0.8691761689801089,False
train,775511,2026-04-14T23:45:00-07:00,775511_1776235500_H30,764290,0.125,0.13825456122414437,0.3403019123393269,0.8230405044978881,0.16717567991327723,0.0,False
train,775511,2026-04-14T23:45:00-07:00,775511_1776235500_H30,764297,0.6332237778832464,0.7334150193471478,0.21460395078470418,0.7251905224214448,0.6581842836167724,0.9194735394529998,False
train,775511,2026-04-14T23:45:00-07:00,775511_1776235500_H30,764311,0.875,0.7141616776274285,0.14630264057470097,0.8969578271393202,0.7722165219217468,1.0,False
train,775511,2026-04-14T23:45:00-07:00,775511_1776235500_H30,764322,0.125,0.463370843691447,0.1289022003850519,0.5817946785147343,0.2846049230030124,0.5092249190652701,False
train,775536,2026-04-14T23:45:00-07:00,775536_1776235500_H30,768701,0.125,0.9952378011342374,0.8229949661357914,0.42949846423642823,0.5369818044052671,0.6015189131251313,False
train,775536,2026-04-14T23:45:00-07:00,775536_1776235500_H30,774344,0.125,0.979383627252195,0.7712518849544838,0.5226311255179894,0.5312267099857184,0.0,False
train,775536,2026-04-14T23:45:00-07:00,775536_1776235500_H30,718405,0.125,0.9785774274098962,0.6368006006002778,0.7807966205200825,0.5338727752667448,1.0,False
train,775536,2026-04-14T23:45:00-07:00,775536_1776235500_H30,759858,0.125,0.9785774274098962,0.4652130807137347,0.7807966205200825,0.5254168631592602,1.0,False
train,775536,2026-04-14T23:45:00-07:00,775536_1776235500_H30,759870,0.125,0.9818999531218463,0.29119380591962934,0.44419399305645385,0.5057081291678256,0.9063825499051817,False
train,775511,2026-04-14T23:50:00-07:00,775511_1776235800_H30,764283,0.125,1.0,0.36787944117144233,0.8444857452497851,0.5320071858699709,0.7644030539428668,False
train,775511,2026-04-14T23:50:00-07:00,775511_1776235800_H30,764290,0.125,0.15397496218023154,0.3403019123393269,0.9552093671169333,0.1787122503155462,0.0,False
train,775511,2026-04-14T23:50:00-07:00,775511_1776235800_H30,764297,0.6332237778832464,0.7321496489895472,0.21460395078470418,0.9065695903302082,0.6644042595297166,0.8534775327956661,False
train,775511,2026-04-14T23:50:00-07:00,775511_1776235800_H30,764311,0.875,0.7823514616921967,0.14630264057470097,0.43869169975379113,0.7838541829973347,1.0,False
train,775511,2026-04-14T23:50:00-07:00,775511_1776235800_H30,764322,0.125,0.5158844368932123,0.1289022003850519,0.804724642421863,0.3150051964735595,0.5855257235798279,False
train,775536,2026-04-14T23:50:00-07:00,775536_1776235800_H30,768701,0.125,0.9792524267036583,0.8229949661357914,0.09791075732375595,0.5179095990691839,0.37235218157888206,False
train,775536,2026-04-14T23:50:00-07:00,775536_1776235800_H30,774344,0.125,0.9861119259538872,0.7712518849544838,0.321164005680268,0.5265580080494138,1.0,False
train,775536,2026-04-14T23:50:00-07:00,775536_1776235800_H30,718405,0.125,0.9851419946184312,0.6368006006002778,0.33439800470840914,0.5200166670586643,0.0,False
train,775536,2026-04-14T23:50:00-07:00,775536_1776235800_H30,759858,0.125,0.9851419946184312,0.4652130807137347,0.33439800470840914,0.5115607549511798,0.0,False
train,775536,2026-04-14T23:50:00-07:00,775536_1776235800_H30,759870,0.125,0.982515165507983,0.29119380591962934,0.44419399305645385,0.505967047386494,0.23496982790732324,False
train,775511,2026-04-14T23:55:00-07:00,775511_1776236100_H30,764283,0.125,0.9955457706320715,0.36787944117144233,0.8444857452497851,0.5301325793771999,0.6357001554479145,False
train,775511,2026-04-14T23:55:00-07:00,775511_1776236100_H30,764290,0.125,0.15673817871728202,0.3403019123393269,0.7109611771553483,0.17078211771915594,0.018420892535353395,False
train,775511,2026-04-14T23:55:00-07:00,775511_1776236100_H30,764297,0.6332237778832464,0.6998787442397866,0.21460395078470418,0.4991538775247039,0.6356551442875233,0.8659246004191429,False
train,775511,2026-04-14T23:55:00-07:00,775511_1776236100_H30,764311,0.875,0.7751431189315792,0.14630264057470097,0.6583341817390732,0.7889975000140288,1.0,False
train,775511,2026-04-14T23:55:00-07:00,775511_1776236100_H30,764322,0.125,0.4823209155140743,0.1289022003850519,0.5449642301373236,0.29120909591217803,0.0,False
train,775536,2026-04-14T23:55:00-07:00,775536_1776236100_H30,768701,0.125,0.9844073214669654,0.8229949661357914,0.15475030174546583,0.5221951538334012,0.34038744350423844,False
train,775536,2026-04-14T23:55:00-07:00,775536_1776236100_H30,774344,0.125,0.963625477757082,0.7712518849544838,0.08962699345372832,0.5084745257768984,0.0,False
train,775536,2026-04-14T23:55:00-07:00,775536_1776236100_H30,718405,0.125,0.9630903688451364,0.6368006006002778,0.08291362137158552,0.501373568019582,1.0,False
train,775536,2026-04-14T23:55:00-07:00,775536_1776236100_H30,759858,0.125,0.9630903688451364,0.4652130807137347,0.08291362137158552,0.4929176559120975,1.0,False
train,775536,2026-04-14T23:55:00-07:00,775536_1776236100_H30,759870,0.125,0.98845150057338,0.29119380591962934,0.44419399305645385,0.5084654127237133,0.43829931396629096,False
train,775536,2026-04-16T23:30:00-07:00,775536_1776407400_H30,768701,0.125,0.9935187766949316,0.8229949661357914,0.3678867982376552,0.5339646094409897,1.0,False
train,775536,2026-04-16T23:30:00-07:00,775536_1776407400_H30,774344,0.125,0.956163216532206,0.7712518849544838,0.23134781022620282,0.5106100509680479,0.05452971828517683,False
train,775536,2026-04-16T23:30:00-07:00,775536_1776407400_H30,718405,0.125,0.9561628786670247,0.6368006006002778,0.23133993609954706,0.5039837943349967,0.0,False
train,775536,2026-04-16T23:30:00-07:00,775536_1776407400_H30,759858,0.125,0.9561628786670247,0.4652130807137347,0.23133993609954706,0.49552788222751215,0.0,False
train,775536,2026-04-16T23:30:00-07:00,775536_1776407400_H30,759870,0.125,0.9741480273724976,0.29119380591962934,0.17692734255365591,0.4924956459535159,0.9682807062719726,False
train,775536,2026-04-16T23:35:00-07:00,775536_1776407700_H30,768701,0.125,0.9960818501712585,0.8229949661357914,0.3678867982376552,0.5350433042685993,1.0,False
train,775536,2026-04-16T23:35:00-07:00,775536_1776407700_H30,774344,0.125,0.954953358420073,0.7712518849544838,0.2815377792017859,0.5119693810087712,0.020607824672545183,False
train,775536,2026-04-16T23:35:00-07:00,775536_1776407700_H30,718405,0.125,0.954952655799719,0.6368006006002778,0.2815312758316001,0.5053430218964742,0.0,False
train,775536,2026-04-16T23:35:00-07:00,775536_1776407700_H30,759858,0.125,0.954952655799719,0.4652130807137347,0.2815312758316001,0.49688710978898964,0.0,False
train,775536,2026-04-16T23:35:00-07:00,775536_1776407700_H30,759870,0.125,0.9805310006847898,0.29119380591962934,0.5613958991228868,0.5094952747604337,0.911808920469138,False
train,775536,2026-04-16T23:40:00-07:00,775536_1776408000_H30,768701,0.125,0.9920326014804532,0.8229949661357914,0.42949846423642823,0.5356328644236683,1.0,False
train,775536,2026-04-16T23:40:00-07:00,775536_1776408000_H30,774344,0.125,0.9629532972662069,0.7712518849544838,0.5346737016456817,0.5247601733678807,0.20143688839341012,False
train,775536,2026-04-16T23:40:00-07:00,775536_1776408000_H30,718405,0.125,0.962953270036095,0.6368006006002778,0.5346821080156774,0.5181346535715317,0.0,False
train,775536,2026-04-16T23:40:00-07:00,775536_1776408000_H30,759858,0.125,0.962953270036095,0.4652130807137347,0.5346821080156774,0.5096787414640471,0.0,False
train,775536,2026-04-16T23:40:00-07:00,775536_1776408000_H30,759870,0.125,0.9910980103040599,0.29119380591962934,0.5613958991228868,0.5139425052924051,0.9544060448408275,False
train,775536,2026-04-16T23:45:00-07:00,775536_1776408300_H30,768701,0.125,0.9966222775219793,0.8229949661357914,0.4930760868727612,0.5399313916594195,0.4695652173913045,False
train,775536,2026-04-16T23:45:00-07:00,775536_1776408300_H30,774344,0.125,0.9629533659139787,0.7712518849544838,0.3738653574838055,0.5187735054501176,0.6868509065305404,False
train,775536,2026-04-16T23:45:00-07:00,775536_1776408300_H30,718405,0.125,0.9629528272485961,0.6368006006002778,0.3738572141122315,0.5121471542846582,1.0,False
train,775536,2026-04-16T23:45:00-07:00,775536_1776408300_H30,759858,0.125,0.9629528272485961,0.4652130807137347,0.3738572141122315,0.5036912421771736,1.0,False
train,775536,2026-04-16T23:45:00-07:00,775536_1776408300_H30,759870,0.125,0.9867041439672121,0.29119380591962934,0.5613958991228868,0.5120933031784033,0.0,False
train,775536,2026-04-16T23:50:00-07:00,775536_1776408600_H30,768701,0.125,0.9972978117103778,0.8229949661357914,0.5613913983380076,0.5427589919020664,0.49326051338066645,False
train,775536,2026-04-16T23:50:00-07:00,775536_1776408600_H30,774344,0.125,0.9670372931695799,0.7712518849544838,0.4251330430939917,0.5224008994957822,0.5887930092845437,False
train,775536,2026-04-16T23:50:00-07:00,775536_1776408600_H30,718405,0.125,0.967036539824318,0.6368006006002778,0.4251250609934471,0.5157744639840939,1.0,False
train,775536,2026-04-16T23:50:00-07:00,775536_1776408600_H30,759858,0.125,0.967036539824318,0.4652130807137347,0.4251250609934471,0.5073185518766093,1.0,False
train,775536,2026-04-16T23:50:00-07:00,775536_1776408600_H30,759870,0.125,0.9918716950645153,0.29119380591962934,0.46378244769865906,0.5106340894758751,0.0,False
train,775536,2026-04-16T23:55:00-07:00,775536_1776408900_H30,768701,0.125,0.9982435595741382,0.8229949661357914,0.6394149914216959,0.5460617416235148,0.0,False
train,775536,2026-04-16T23:55:00-07:00,775536_1776408900_H30,774344,0.125,0.9651063220002629,0.7712518849544838,0.17944608793035494,0.5124416081077675,1.0,False
train,775536,2026-04-16T23:55:00-07:00,775536_1776408900_H30,718405,0.125,0.9651053257673846,0.6368006006002778,0.1794448363135245,0.5058153209420513,0.9836315162203683,False
train,775536,2026-04-16T23:55:00-07:00,775536_1776408900_H30,759858,0.125,0.9651053257673846,0.4652130807137347,0.1794448363135245,0.49735940883456675,0.9836315162203683,False
train,775536,2026-04-16T23:55:00-07:00,775536_1776408900_H30,759870,0.125,0.995893193190871,0.29119380591962934,0.5196264456759219,0.5144055800840576,0.09409811445538274,False
train,775511,2026-04-21T23:30:00-07:00,775511_1776839400_H30,764283,0.125,0.9883311690413434,0.36787944117144233,0.5859540459252339,0.5174714258361615,0.4981287982910795,False
train,775511,2026-04-21T23:30:00-07:00,775511_1776839400_H30,764290,0.125,0.5228988766628495,0.3403019123393269,0.8016071255959611,0.3282591068167007,0.0,False
train,775511,2026-04-21T23:30:00-07:00,775511_1776839400_H30,764297,0.6332237778832464,0.741958922955205,0.21460395078470418,0.25859158918994984,0.6444091657480682,0.7797446554836146,False
train,775511,2026-04-21T23:30:00-07:00,775511_1776839400_H30,764311,0.875,0.7109392393032353,0.14630264057470097,0.18177742157012006,0.7442350402702187,0.8620085335629557,False
train,775511,2026-04-21T23:30:00-07:00,775511_1776839400_H30,764322,0.125,0.31753672102626707,0.1289022003850519,0.059502183797494425,0.20378488282532592,1.0,False
train,775536,2026-04-21T23:30:00-07:00,775536_1776839400_H30,768701,0.125,0.991053394069728,0.8229949661357914,0.30629948130341045,0.5306342087365752,0.9773754480752233,False
train,775536,2026-04-21T23:30:00-07:00,775536_1776839400_H30,774344,0.125,0.9675332690910439,0.7712518849544838,0.2007097588768934,0.514254633107805,0.0,False
train,775536,2026-04-21T23:30:00-07:00,775536_1776839400_H30,718405,0.125,0.9675327022037958,0.6368006006002778,0.20071370326877958,0.5076287200774562,0.5748870071172526,False
train,775536,2026-04-21T23:30:00-07:00,775536_1776839400_H30,759858,0.125,0.9675327022037958,0.4652130807137347,0.20071370326877958,0.4991728079699717,0.5748870071172526,False
train,775536,2026-04-21T23:30:00-07:00,775536_1776839400_H30,759870,0.125,0.9804083708173214,0.29119380591962934,0.3824855569856269,0.5027830528452071,1.0,False
train,775511,2026-04-21T23:35:00-07:00,775511_1776839700_H30,764283,0.125,0.9981239837377842,0.36787944117144233,0.6569962512355448,0.5242376426758589,0.20933741207807888,False
train,775511,2026-04-21T23:35:00-07:00,775511_1776839700_H30,764290,0.125,0.23372596963545,0.3403019123393269,0.27792937923221434,0.18706195005272225,0.0,False
train,775511,2026-04-21T23:35:00-07:00,775511_1776839700_H30,764297,0.6332237778832464,0.5781474823319139,0.21460395078470418,0.1446084891955115,0.571224049885795,0.23556311649394435,False
train,775511,2026-04-21T23:35:00-07:00,775511_1776839700_H30,764311,0.875,0.5513251040980729,0.14630264057470097,0.11491728444353667,0.6745707318464998,0.9040402463894786,False
train,775511,2026-04-21T23:35:00-07:00,775511_1776839700_H30,764322,0.125,0.4881055157004809,0.1289022003850519,0.3047272855010061,0.2846998762419111,1.0,False
train,775536,2026-04-21T23:35:00-07:00,775536_1776839700_H30,768701,0.125,0.9999999484639772,0.8229949661357914,0.42949846423642823,0.5389860012183318,0.0,False
train,775536,2026-04-21T23:35:00-07:00,775536_1776839700_H30,774344,0.125,0.9737302704992994,0.7712518849544838,0.26354600335568873,0.519202018527864,0.3032999114599536,False
train,775536,2026-04-21T23:35:00-07:00,775536_1776839700_H30,718405,0.125,0.9737296141009335,0.6368006006002778,0.2635493401889693,0.5125760452072166,0.4274426284428917,False
train,775536,2026-04-21T23:35:00-07:00,775536_1776839700_H30,759858,0.125,0.9737296141009335,0.4652130807137347,0.2635493401889693,0.5041201330997319,0.4274426284428917,False
train,775536,2026-04-21T23:35:00-07:00,775536_1776839700_H30,759870,0.125,0.9750687360023039,0.29119380591962934,0.3824855569856269,0.5005358147111924,1.0,False
train,775511,2026-04-21T23:40:00-07:00,775511_1776840000_H30,764283,0.125,0.9945626817866252,0.36787944117144233,0.7397034694530482,0.5258179214983123,0.8124042274213676,False
train,775511,2026-04-21T23:40:00-07:00,775511_1776840000_H30,764290,0.125,0.4708636702022342,0.3403019123393269,0.7233619632857629,0.30344660429472475,0.0,False
train,775511,2026-04-21T23:40:00-07:00,775511_1776840000_H30,764297,0.6332237778832464,0.6843070232501569,0.21460395078470418,0.6475525511118442,0.6346263315075525,1.0,False
train,775511,2026-04-21T23:40:00-07:00,775511_1776840000_H30,764311,0.875,0.7689713323336302,0.14630264057470097,0.9919371683942593,0.798819671327858,0.9773260183206314,False
train,775511,2026-04-21T23:40:00-07:00,775511_1776840000_H30,764322,0.125,0.30637842664855974,0.1289022003850519,0.19183269511027243,0.20401530638198498,0.7417260390831109,False
train,775536,2026-04-21T23:40:00-07:00,775536_1776840000_H30,768701,0.125,0.9958156444715144,0.8229949661357914,0.3678867982376552,0.5349312689664332,0.0,False
train,775536,2026-04-21T23:40:00-07:00,775536_1776840000_H30,774344,0.125,0.9799711382004033,0.7712518849544838,0.6881735675846605,0.5376369112296389,0.8068043868477578,False
train,775536,2026-04-21T23:40:00-07:00,775536_1776840000_H30,718405,0.125,0.9799705529395396,0.6368006006002778,0.6881680429827477,0.5310106379475829,0.8910291661046497,False
train,775536,2026-04-21T23:40:00-07:00,775536_1776840000_H30,759858,0.125,0.9799705529395396,0.4652130807137347,0.6881680429827477,0.5225547258400983,0.8910291661046497,False
train,775536,2026-04-21T23:40:00-07:00,775536_1776840000_H30,759870,0.125,0.9842300511342864,0.29119380591962934,0.44419399305645385,0.5066887739667583,1.0,False
train,775511,2026-04-21T23:45:00-07:00,775511_1776840300_H30,764283,0.125,0.9946000949187435,0.36787944117144233,0.7397034694530482,0.5258336671850721,0.7819530566817712,False
train,775511,2026-04-21T23:45:00-07:00,775511_1776840300_H30,764290,0.125,0.47391423568713664,0.3403019123393269,0.5888055744915699,0.29972109614804765,0.0,False
train,775511,2026-04-21T23:45:00-07:00,775511_1776840300_H30,764297,0.6332237778832464,0.78508429384888,0.21460395078470418,0.8996337847566669,0.6864241169642277,0.8286512573866497,False
train,775511,2026-04-21T23:45:00-07:00,775511_1776840300_H30,764311,0.875,0.7239711933208408,0.14630264057470097,0.36890640774699796,0.7566862489650868,1.0,False
train,775511,2026-04-21T23:45:00-07:00,775511_1776840300_H30,764322,0.125,0.3863660091574539,0.1289022003850519,0.27238210006650715,0.24067762700036935,0.5417544452394202,False
train,775536,2026-04-21T23:45:00-07:00,775536_1776840300_H30,768701,0.125,0.9952378011342374,0.8229949661357914,0.42949846423642823,0.5369818044052671,0.3984810868748683,False
train,775536,2026-04-21T23:45:00-07:00,775536_1776840300_H30,774344,0.125,0.979383627252195,0.7712518849544838,0.5226311255179894,0.5312267099857184,1.0,False
train,775536,2026-04-21T23:45:00-07:00,775536_1776840300_H30,718405,0.125,0.9785774274098962,0.6368006006002778,0.7807966205200825,0.5338727752667448,0.0,False
train,775536,2026-04-21T23:45:00-07:00,775536_1776840300_H30,759858,0.125,0.9785774274098962,0.4652130807137347,0.7807966205200825,0.5254168631592602,0.0,False
train,775536,2026-04-21T23:45:00-07:00,775536_1776840300_H30,759870,0.125,0.9818999531218463,0.29119380591962934,0.44419399305645385,0.5057081291678256,0.09361745009480904,False
train,775511,2026-04-21T23:50:00-07:00,775511_1776840600_H30,764283,0.125,1.0,0.36787944117144233,0.8444857452497851,0.5320071858699709,0.8526613947443318,False
train,775511,2026-04-21T23:50:00-07:00,775511_1776840600_H30,764290,0.125,0.4355493046778198,0.3403019123393269,0.24998203676116407,0.27096085195795167,0.0,False
train,775511,2026-04-21T23:50:00-07:00,775511_1776840600_H30,764297,0.6332237778832464,0.7332909139363925,0.21460395078470418,0.4780527212519028,0.6489314163457847,0.9265239990325204,False
train,775511,2026-04-21T23:50:00-07:00,775511_1776840600_H30,764311,0.875,0.6556991598280919,0.14630264057470097,0.742649647829481,0.7418672892992377,1.0,False
train,775511,2026-04-21T23:50:00-07:00,775511_1776840600_H30,764322,0.125,0.5301043125797397,0.1289022003850519,0.6135511246067656,0.313872616960405,0.6746490214953389,False
train,775536,2026-04-21T23:50:00-07:00,775536_1776840600_H30,768701,0.125,0.9792524267036583,0.8229949661357914,0.09791075732375595,0.5179095990691839,0.37235218157888206,False
train,775536,2026-04-21T23:50:00-07:00,775536_1776840600_H30,774344,0.125,0.9861119259538872,0.7712518849544838,0.321164005680268,0.5265580080494138,1.0,False
train,775536,2026-04-21T23:50:00-07:00,775536_1776840600_H30,718405,0.125,0.9851419946184312,0.6368006006002778,0.33439800470840914,0.5200166670586643,0.0,False
train,775536,2026-04-21T23:50:00-07:00,775536_1776840600_H30,759858,0.125,0.9851419946184312,0.4652130807137347,0.33439800470840914,0.5115607549511798,0.0,False
train,775536,2026-04-21T23:50:00-07:00,775536_1776840600_H30,759870,0.125,0.982515165507983,0.29119380591962934,0.44419399305645385,0.505967047386494,0.23496982790732324,False
train,775511,2026-04-21T23:55:00-07:00,775511_1776840900_H30,764283,0.125,0.9955457706320715,0.36787944117144233,0.8444857452497851,0.5301325793771999,0.9736449877327332,False
train,775511,2026-04-21T23:55:00-07:00,775511_1776840900_H30,764290,0.125,0.6294481128574618,0.3403019123393269,0.6453170973527711,0.36728292143693764,0.0,False
train,775511,2026-04-21T23:55:00-07:00,775511_1776840900_H30,764297,0.6332237778832464,0.7889238589467622,0.21460395078470418,0.818319552846095,0.68501280710618,1.0,False
train,775511,2026-04-21T23:55:00-07:00,775511_1776840900_H30,764311,0.875,0.7277225357496651,0.14630264057470097,0.2426285795727892,0.753563870354343,0.5414422626953364,False
train,775511,2026-04-21T23:55:00-07:00,775511_1776840900_H30,764322,0.125,0.45052628957308527,0.1289022003850519,0.32316157241295257,0.2695705729970944,0.5571990056345572,False
train,775536,2026-04-21T23:55:00-07:00,775536_1776840900_H30,768701,0.125,0.9844073214669654,0.8229949661357914,0.15475030174546583,0.5221951538334012,0.6596125564957673,False
train,775536,2026-04-21T23:55:00-07:00,775536_1776840900_H30,774344,0.125,0.963625477757082,0.7712518849544838,0.08962699345372832,0.5084745257768984,1.0,False
train,775536,2026-04-21T23:55:00-07:00,775536_1776840900_H30,718405,0.125,0.9630903688451364,0.6368006006002778,0.08291362137158552,0.501373568019582,0.0,False
train,775536,2026-04-21T23:55:00-07:00,775536_1776840900_H30,759858,0.125,0.9630903688451364,0.4652130807137347,0.08291362137158552,0.4929176559120975,0.0,False
train,775536,2026-04-21T23:55:00-07:00,775536_1776840900_H30,759870,0.125,0.98845150057338,0.29119380591962934,0.44419399305645385,0.5084654127237133,0.5617006860337144,False
train,775511,2026-04-24T23:30:00-07:00,775511_1777098600_H30,764283,0.125,0.9799318566187032,0.36787944117144233,0.27257628378489673,0.502269823580898,0.0,False
train,775511,2026-04-24T23:30:00-07:00,775511_1777098600_H30,764290,0.125,0.2744415737800494,0.3403019123393269,0.3732768004418527,0.2077471820190367,0.7822705807169119,False
train,775511,2026-04-24T23:30:00-07:00,775511_1777098600_H30,764297,0.6332237778832464,0.026128111173014168,0.21460395078470418,0.03915729621057106,0.3349754185279217,1.0,False
train,775511,2026-04-24T23:30:00-07:00,775511_1777098600_H30,764311,0.875,0.8774941595819493,0.14630264057470097,0.8026966093171302,0.8374473835431706,0.7571313563893799,False
train,775511,2026-04-24T23:30:00-07:00,775511_1777098600_H30,764322,0.125,0.7699819729499375,0.1289022003850519,0.9925953180194217,0.4289388522854252,0.9012025994074148,False
train,775536,2026-04-24T23:30:00-07:00,775536_1777098600_H30,768701,0.125,0.9905281104024529,0.8229949661357914,0.7229450251670042,0.5459243389032629,1.0,False
train,775536,2026-04-24T23:30:00-07:00,775536_1777098600_H30,774344,0.125,0.9484001688098715,0.7712518849544838,0.6928964995600984,0.5245257853939063,0.5236079476270288,False
train,775536,2026-04-24T23:30:00-07:00,775536_1777098600_H30,718405,0.125,0.9483994795576085,0.6368006006002778,0.6929087609314082,0.517900130495942,0.0,False
train,775536,2026-04-24T23:30:00-07:00,775536_1777098600_H30,759858,0.125,0.9483994795576085,0.4652130807137347,0.6929087609314082,0.5094442183884574,0.0,False
train,775536,2026-04-24T23:30:00-07:00,775536_1777098600_H30,759870,0.125,0.9790449828828665,0.29119380591962934,0.36788545882194623,0.5016657138537624,0.7079017863538041,False
train,775511,2026-04-24T23:35:00-07:00,775511_1777098900_H30,764283,0.125,0.9843312285334427,0.36787944117144233,0.334398936174895,0.5064229240592037,0.33203989752008567,False
train,775511,2026-04-24T23:35:00-07:00,775511_1777098900_H30,764290,0.125,0.46596447175067524,0.3403019123393269,0.5794748088655182,0.29602798642816647,0.4953112951769769,False
train,775511,2026-04-24T23:35:00-07:00,775511_1777098900_H30,764297,0.6332237778832464,0.0,0.21460395078470418,0.28299778317392593,0.33305702579949886,0.47580197166048965,False
train,775511,2026-04-24T23:35:00-07:00,775511_1777098900_H30,764311,0.875,0.8803480288203497,0.14630264057470097,0.624093239897069,0.8319992789381315,0.0,False
train,775511,2026-04-24T23:35:00-07:00,775511_1777098900_H30,764322,0.125,0.7844505889965158,0.1289022003850519,0.5472353079321864,0.4184479072346212,1.0,False
train,775536,2026-04-24T23:35:00-07:00,775536_1777098900_H30,768701,0.125,0.9852630238589823,0.8229949661357914,0.7229450251670042,0.5437084751467943,1.0,False
train,775536,2026-04-24T23:35:00-07:00,775536_1777098900_H30,774344,0.125,0.9543738345497518,0.7712518849544838,0.6928964995600982,0.5270398617147739,0.418978024949736,False
train,775536,2026-04-24T23:35:00-07:00,775536_1777098900_H30,718405,0.125,0.954373268983944,0.6368006006002778,0.6929087609314082,0.5204142588714779,0.0,False
train,775536,2026-04-24T23:35:00-07:00,775536_1777098900_H30,759858,0.125,0.954373268983944,0.4652130807137347,0.6929087609314082,0.5119583467639933,0.0,False
train,775536,2026-04-24T23:35:00-07:00,775536_1777098900_H30,759870,0.125,0.9790449004252293,0.29119380591962934,0.999974569682892,0.5251975790817581,0.7710667717016848,False
train,775511,2026-04-24T23:40:00-07:00,775511_1777099200_H30,764283,0.125,0.9825988234199071,0.36787944117144233,0.3824888265585487,0.5074841516828849,0.24696145598212838,False
train,775511,2026-04-24T23:40:00-07:00,775511_1777099200_H30,764290,0.125,0.5290960763664184,0.3403019123393269,0.632898702010531,0.3245864525712466,0.0,False
train,775511,2026-04-24T23:40:00-07:00,775511_1777099200_H30,764297,0.6332237778832464,0.08328346988401858,0.21460395078470418,0.700915340271807,0.3836662544605861,0.9767025624198312,False
train,775511,2026-04-24T23:40:00-07:00,775511_1777099200_H30,764311,0.875,0.8506119212207471,0.14630264057470097,0.7551571000985208,0.8243638901576142,1.0,False
train,775511,2026-04-24T23:40:00-07:00,775511_1777099200_H30,764322,0.125,0.7487749046649073,0.1289022003850519,0.7070486906336888,0.40938309818124463,0.9242112380554643,False
train,775536,2026-04-24T23:40:00-07:00,775536_1777099200_H30,768701,0.125,0.9823210199244314,0.8229949661357914,0.3175571041389643,0.5273782101406698,1.0,False
train,775536,2026-04-24T23:40:00-07:00,775536_1777099200_H30,774344,0.125,0.9392123762914758,0.7712518849544838,0.9349534765618484,0.5296704954710765,0.3080673714025609,False
train,775536,2026-04-24T23:40:00-07:00,775536_1777099200_H30,718405,0.125,0.939211470060519,0.6368006006002778,0.9349419478115598,0.5230438635785246,0.0,False
train,775536,2026-04-24T23:40:00-07:00,775536_1777099200_H30,759858,0.125,0.939211470060519,0.4652130807137347,0.9349419478115598,0.5145879514710401,0.0,False
train,775536,2026-04-24T23:40:00-07:00,775536_1777099200_H30,759870,0.125,0.9810793045903188,0.29119380591962934,0.9163591576853966,0.5229408792841965,0.8251007367693424,False
train,775511,2026-04-24T23:45:00-07:00,775511_1777099500_H30,764283,0.125,0.9843861904616802,0.36787944117144233,0.8305441281521289,0.52491693041479,0.24477348148239697,False
train,775511,2026-04-24T23:45:00-07:00,775511_1777099500_H30,764290,0.125,0.5636980152493513,0.3403019123393269,0.5844319427018391,0.33734466302849436,0.0,False
train,775511,2026-04-24T23:45:00-07:00,775511_1777099500_H30,764297,0.6332237778832464,0.09019472528638528,0.21460395078470418,0.9038718350026609,0.3941307452651806,0.5527750140589176,False
train,775511,2026-04-24T23:45:00-07:00,775511_1777099500_H30,764311,0.875,0.8681997654319801,0.14630264057470097,0.30316136764522683,0.814938663357054,1.0,False
train,775511,2026-04-24T23:45:00-07:00,775511_1777099500_H30,764322,0.125,0.9209782586753902,0.1289022003850519,0.5961244570506499,0.4777270104860684,0.6629042325066896,False
train,775536,2026-04-24T23:45:00-07:00,775536_1777099500_H30,768701,0.125,0.9793145935226049,0.8229949661357914,0.3678737645851555,0.5279861532117794,0.773768892201903,False
train,775536,2026-04-24T23:45:00-07:00,775536_1777099500_H30,774344,0.125,0.9409167009674881,0.7712518849544838,0.5965197517489992,0.5177883061749206,0.20537378187437538,False
train,775536,2026-04-24T23:45:00-07:00,775536_1777099500_H30,718405,0.125,0.9409166843825207,0.6368006006002778,0.5965333180664896,0.5111629829571828,0.0,False
train,775536,2026-04-24T23:45:00-07:00,775536_1777099500_H30,759858,0.125,0.9409166843825207,0.4652130807137347,0.5965333180664896,0.5027070708496982,0.0,False
train,775536,2026-04-24T23:45:00-07:00,775536_1777099500_H30,759870,0.125,0.9736199479108513,0.29119380591962934,0.19746874269050158,0.4930381295428603,1.0,False
train,775511,2026-04-24T23:50:00-07:00,775511_1777099800_H30,764283,0.125,0.9951510362881387,0.36787944117144233,0.402002070904741,0.5134933287203699,0.09301371941867653,False
train,775511,2026-04-24T23:50:00-07:00,775511_1777099800_H30,764290,0.125,0.37943011132762694,0.3403019123393269,0.16293876905162222,0.24410202051321628,0.0,False
train,775511,2026-04-24T23:50:00-07:00,775511_1777099800_H30,764297,0.6332237778832464,0.12934967758124805,0.21460395078470418,0.9119839551356536,0.4109114985293252,0.7060673475252416,False
train,775511,2026-04-24T23:50:00-07:00,775511_1777099800_H30,764311,0.875,0.8780517224020015,0.14630264057470097,0.4267101353580021,0.823684525526488,1.0,False
train,775511,2026-04-24T23:50:00-07:00,775511_1777099800_H30,764322,0.125,0.8055349100287144,0.1289022003850519,0.3815440839608928,0.4211529719000876,0.6313709409215806,False
train,775536,2026-04-24T23:50:00-07:00,775536_1777099800_H30,768701,0.125,0.9929815440361962,0.8229949661357914,0.811771238359135,0.5502637813517811,0.84715308040637,False
train,775536,2026-04-24T23:50:00-07:00,775536_1777099800_H30,774344,0.125,0.9478767844695983,0.7712518849544838,0.32967050901100015,0.5107830571695671,0.22806715556866042,False
train,775536,2026-04-24T23:50:00-07:00,775536_1777099800_H30,718405,0.125,0.9478769247626094,0.6368006006002778,0.3296784901566103,0.5041575920464009,0.0,False
train,775536,2026-04-24T23:50:00-07:00,775536_1777099800_H30,759858,0.125,0.9478769247626094,0.4652130807137347,0.3296784901566103,0.4957016799389163,0.0,False
train,775536,2026-04-24T23:50:00-07:00,775536_1777099800_H30,759870,0.125,0.9906326410124437,0.29119380591962934,0.5196363326203228,0.5121919927387496,1.0,False
train,775511,2026-04-24T23:55:00-07:00,775511_1777100100_H30,764283,0.125,0.9815818123803787,0.36787944117144233,0.10934606531366364,0.4968873635755821,0.2735672001000957,False
train,775511,2026-04-24T23:55:00-07:00,775511_1777100100_H30,764290,0.125,0.1649111093315071,0.3403019123393269,0.12242412314304406,0.15231126598131578,0.0,False
train,775511,2026-04-24T23:55:00-07:00,775511_1777100100_H30,764297,0.6332237778832464,0.2974783330109553,0.21460395078470418,0.8129565173339497,0.47798343669782317,0.6746824791283847,False
train,775511,2026-04-24T23:55:00-07:00,775511_1777100100_H30,764311,0.875,0.9014280444602549,0.14630264057470097,0.5332496753729243,0.837489017911972,1.0,False
train,775511,2026-04-24T23:55:00-07:00,775511_1777100100_H30,764322,0.125,0.6929075699343349,0.1289022003850519,0.08706018320291162,0.36278936834169623,0.7817968602417501,False
train,775536,2026-04-24T23:55:00-07:00,775536_1777100100_H30,768701,0.125,0.9813120134979263,0.8229949661357914,0.12241792751956906,0.5196887683408747,0.8366879466535713,False
train,775536,2026-04-24T23:55:00-07:00,775536_1777100100_H30,774344,0.125,0.9359550310765591,0.7712518849544838,0.13672369828739697,0.49858249694002044,0.23738062315038577,False
train,775536,2026-04-24T23:55:00-07:00,775536_1777100100_H30,718405,0.125,0.935955509530808,0.6368006006002778,0.1367260673488649,0.4919569652043683,0.0,False
train,775536,2026-04-24T23:55:00-07:00,775536_1777100100_H30,759858,0.125,0.935955509530808,0.4652130807137347,0.1367260673488649,0.4835010530968838,0.0,False
train,775536,2026-04-24T23:55:00-07:00,775536_1777100100_H30,759870,0.125,0.9822264727400959,0.29119380591962934,0.14029684824414299,0.49453183136591367,1.0,False
train,775511,2026-04-26T23:30:00-07:00,775511_1777271400_H30,764283,0.125,0.9758907712832289,0.36787944117144233,0.6118199296595888,0.5131987164018896,0.0,False
train,775511,2026-04-26T23:30:00-07:00,775511_1777271400_H30,764290,0.125,0.5000194750893595,0.3403019123393269,0.6169163460961151,0.3117542738373077,0.7599660018005625,False
train,775511,2026-04-26T23:30:00-07:00,775511_1777271400_H30,764297,0.6332237778832464,0.7975344838124893,0.21460395078470418,0.5044542304346843,0.6769518539597795,1.0,False
train,775511,2026-04-26T23:30:00-07:00,775511_1777271400_H30,764311,0.875,0.7926678811020491,0.14630264057470097,0.6333371484505871,0.7954423607412465,0.9478563799746131,False
train,775511,2026-04-26T23:30:00-07:00,775511_1777271400_H30,764322,0.125,0.8277375091049369,0.1289022003850519,0.8682379676457126,0.44861616986430247,0.806014549887325,False
train,775536,2026-04-26T23:30:00-07:00,775536_1777271400_H30,768701,0.125,0.9733183885002621,0.8229949661357914,0.3235714364921156,0.5238132698416603,0.0,False
train,775536,2026-04-26T23:30:00-07:00,775536_1777271400_H30,774344,0.125,0.9550451863333265,0.7712518849544838,0.731741340209058,0.5287685523803332,0.9459213134604305,False
train,775536,2026-04-26T23:30:00-07:00,775536_1777271400_H30,718405,0.125,0.9550458933153956,0.6368006006002778,0.7317249130532142,0.5221424170628297,1.0,False
train,775536,2026-04-26T23:30:00-07:00,775536_1777271400_H30,759858,0.125,0.9550458933153956,0.4652130807137347,0.7317249130532142,0.5136865049553452,1.0,False
train,775536,2026-04-26T23:30:00-07:00,775536_1777271400_H30,759870,0.125,0.9776777455631208,0.29119380591962934,0.6881617292765496,0.5130137900119858,0.0903872047844263,False
train,775511,2026-04-26T23:35:00-07:00,775511_1777271700_H30,764283,0.125,0.9805002623495023,0.36787944117144233,0.6569844365861307,0.5168200853428101,0.054168577240073845,False
train,775511,2026-04-26T23:35:00-07:00,775511_1777271700_H30,764290,0.125,0.4109519107265516,0.3403019123393269,0.8141653111807388,0.28161264457056695,0.0,False
train,775511,2026-04-26T23:35:00-07:00,775511_1777271700_H30,764297,0.6332237778832464,0.7096840825311577,0.21460395078470418,0.2983733146382702,0.6323070045726386,0.8011357624069699,False
train,775511,2026-04-26T23:35:00-07:00,775511_1777271700_H30,764311,0.875,0.007214184618277053,0.14630264057470097,0.039347801963026084,0.44276290993008577,1.0,False
train,775511,2026-04-26T23:35:00-07:00,775511_1777271700_H30,764322,0.125,0.5645440237453612,0.1289022003850519,0.1527333880740701,0.31121123271592327,0.7814162933700164,False
train,775536,2026-04-26T23:35:00-07:00,775536_1777271700_H30,768701,0.125,0.9831942986922295,0.8229949661357914,0.3823080889075909,0.5301563376480525,0.17902781009016588,False
train,775536,2026-04-26T23:35:00-07:00,775536_1777271700_H30,774344,0.125,0.9576452406428451,0.7712518849544838,0.731741340209058,0.5298628109574228,0.9975429975429976,False
train,775536,2026-04-26T23:35:00-07:00,775536_1777271700_H30,718405,0.125,0.957646122545559,0.6368006006002778,0.7317249130532142,0.5232367492570031,1.0,False
train,775536,2026-04-26T23:35:00-07:00,775536_1777271700_H30,759858,0.125,0.957646122545559,0.4652130807137347,0.7317249130532142,0.5147808371495186,1.0,False
train,775536,2026-04-26T23:35:00-07:00,775536_1777271700_H30,759870,0.125,0.9632837210357076,0.29119380591962934,0.18407335989376306,0.48818933259072855,0.0,False
train,775511,2026-04-26T23:40:00-07:00,775511_1777272000_H30,764283,0.125,0.9823235740700391,0.36787944117144233,0.7396910109234142,0.5206665081251942,0.11762726899933884,False
train,775511,2026-04-26T23:40:00-07:00,775511_1777272000_H30,764290,0.125,0.3039724207606279,0.3403019123393269,0.296940621294724,0.217333629071085,0.0,False
train,775511,2026-04-26T23:40:00-07:00,775511_1777272000_H30,764297,0.6332237778832464,0.7000044904797931,0.21460395078470418,0.2905625788557051,0.6279424684193113,0.663976366420902,False
train,775511,2026-04-26T23:40:00-07:00,775511_1777272000_H30,764311,0.875,0.0,0.14630264057470097,0.30205574066827023,0.44950704231296856,1.0,False
train,775511,2026-04-26T23:40:00-07:00,775511_1777272000_H30,764322,0.125,0.7305631353299161,0.1289022003850519,0.4998308614262736,0.3940040300584473,0.5787096936170926,False
train,775536,2026-04-26T23:40:00-07:00,775536_1777272000_H30,768701,0.125,0.9810883418184716,0.8229949661357914,0.4394715424121594,0.5313981499097851,0.0,False
train,775536,2026-04-26T23:40:00-07:00,775536_1777272000_H30,774344,0.125,0.957210702389423,0.7712518849544838,0.7613492643268116,0.5307821978227651,0.994569119655352,False
train,775536,2026-04-26T23:40:00-07:00,775536_1777272000_H30,718405,0.125,0.9572114294080776,0.6368006006002778,0.7613325362668913,0.5241560597355682,1.0,False
train,775536,2026-04-26T23:40:00-07:00,775536_1777272000_H30,759858,0.125,0.9572114294080776,0.4652130807137347,0.7613325362668913,0.5157001476280837,1.0,False
train,775536,2026-04-26T23:40:00-07:00,775536_1777272000_H30,759870,0.125,0.9801410477575898,0.29119380591962934,0.9999834822975443,0.525659235335852,0.009777696433850958,False
train,775511,2026-04-26T23:45:00-07:00,775511_1777272300_H30,764283,0.125,0.9860525227256782,0.36787944117144233,0.8444721628177524,0.5261367464270016,0.383410277856442,False
train,775511,2026-04-26T23:45:00-07:00,775511_1777272300_H30,764290,0.125,0.4908448739818433,0.3403019123393269,0.7340967142081435,0.3122555331383549,0.0,False
train,775511,2026-04-26T23:45:00-07:00,775511_1777272300_H30,764297,0.6332237778832464,0.7133861950755644,0.21460395078470418,0.27357087180503425,0.6329417108279852,0.7502571769153259,False
train,775511,2026-04-26T23:45:00-07:00,775511_1777272300_H30,764311,0.875,0.020083885027903703,0.14630264057470097,0.7092761041216863,0.4731198571295966,1.0,False
train,775511,2026-04-26T23:45:00-07:00,775511_1777272300_H30,764322,0.125,0.6186458814988142,0.1289022003850519,0.23140723395840174,0.3369094652408025,0.6871714490816051,False
train,775536,2026-04-26T23:45:00-07:00,775536_1777272300_H30,768701,0.125,0.9817803956045172,0.8229949661357914,0.5024542379912574,0.5340341758598564,0.0,False
train,775536,2026-04-26T23:45:00-07:00,775536_1777272300_H30,774344,0.125,0.9619210922242026,0.7712518849544838,0.8474660264117232,0.5359706330840805,0.9169311319939245,False
train,775536,2026-04-26T23:45:00-07:00,775536_1777272300_H30,718405,0.125,0.9619214664820382,0.6368006006002778,0.8474490940502555,0.5293443389281081,1.0,False
train,775536,2026-04-26T23:45:00-07:00,775536_1777272300_H30,759858,0.125,0.9619214664820382,0.4652130807137347,0.8474490940502555,0.5208884268206235,1.0,False
train,775536,2026-04-26T23:45:00-07:00,775536_1777272300_H30,759870,0.125,0.9827145777016413,0.29119380591962934,0.9279941582017092,0.5240622569045198,0.10555150796688983,False
train,775511,2026-04-26T23:50:00-07:00,775511_1777272600_H30,764283,0.125,0.9835231450664281,0.36787944117144233,0.34528547511338376,0.5064881265890291,0.09165462986107276,False
train,775511,2026-04-26T23:50:00-07:00,775511_1777272600_H30,764290,0.125,0.6822329467363011,0.3403019123393269,0.7830593058885356,0.3946259139046329,0.16228603266251607,False
train,775511,2026-04-26T23:50:00-07:00,775511_1777272600_H30,764297,0.6332237778832464,0.7981969715245909,0.21460395078470418,0.8106780644712397,0.6886310050576504,0.619864640794372,False
train,775511,2026-04-26T23:50:00-07:00,775511_1777272600_H30,764311,0.875,0.07866103176860462,0.14630264057470097,0.8913463971712562,0.5045508818145346,1.0,False
train,775511,2026-04-26T23:50:00-07:00,775511_1777272600_H30,764322,0.125,0.7115965362896823,0.1289022003850519,0.5722274492300059,0.3887169851196833,0.0,False
train,775536,2026-04-26T23:50:00-07:00,775536_1777272600_H30,768701,0.125,0.9827118735888752,0.8229949661357914,0.6166847182428468,0.5386788578249201,1.0,False
train,775536,2026-04-26T23:50:00-07:00,775536_1777272600_H30,774344,0.125,0.9740389827078737,0.7712518849544838,0.9999848918937472,0.5467486568861032,0.26696446556157205,False
train,775536,2026-04-26T23:50:00-07:00,775536_1777272600_H30,718405,0.125,0.9740394276622761,0.6368006006002778,0.9999962229011637,0.5401234446939309,0.0,False
train,775536,2026-04-26T23:50:00-07:00,775536_1777272600_H30,759858,0.125,0.9740394276622761,0.4652130807137347,0.9999962229011637,0.5316675325864464,0.0,False
train,775536,2026-04-26T23:50:00-07:00,775536_1777272600_H30,759870,0.125,0.9798072666188046,0.29119380591962934,0.21738477062065398,0.4963835730458241,0.9608398402786829,False
train,775511,2026-04-26T23:55:00-07:00,775511_1777272900_H30,764283,0.125,0.9933254453903282,0.36787944117144233,0.34334664442962587,0.5105413413681978,0.20388652849225386,False
train,775511,2026-04-26T23:55:00-07:00,775511_1777272900_H30,764290,0.125,0.5925449484949615,0.3403019123393269,0.29332410331879477,0.3386475935449662,0.06485109600899497,False
train,775511,2026-04-26T23:55:00-07:00,775511_1777272900_H30,764297,0.6332237778832464,0.754860489303451,0.21460395078470418,0.9896953275060892,0.6770570102664046,0.7394175182336494,False
train,775511,2026-04-26T23:55:00-07:00,775511_1777272900_H30,764311,0.875,0.1323020305682816,0.14630264057470097,0.7173171057632494,0.5206473303917684,1.0,False
train,775511,2026-04-26T23:55:00-07:00,775511_1777272900_H30,764322,0.125,0.7599811559785049,0.1289022003850519,0.5922895532531248,0.40982701840870706,0.0,False
train,775536,2026-04-26T23:55:00-07:00,775536_1777272900_H30,768701,0.125,0.9910534456057519,0.8229949661357914,0.30629948130341045,0.5306342304260206,0.0,False
train,775536,2026-04-26T23:55:00-07:00,775536_1777272900_H30,774344,0.125,0.9907945934219896,0.7712518849544838,0.5776239476445798,0.538076443090277,1.0,False
train,775536,2026-04-26T23:55:00-07:00,775536_1777272900_H30,718405,0.125,0.9907955116711101,0.6368006006002778,0.5776344377614351,0.5314513987835481,0.5133840794501011,False
train,775536,2026-04-26T23:55:00-07:00,775536_1777272900_H30,759858,0.125,0.9907955116711101,0.4652130807137347,0.5776344377614351,0.5229954866760634,0.5133840794501011,False
train,775536,2026-04-26T23:55:00-07:00,775536_1777272900_H30,759870,0.125,0.9943034326130736,0.29119380591962934,0.46378244769865906,0.511657510279048,0.0015082578255115608,False
train,775511,2026-05-05T23:30:00-07:00,775511_1778049000_H30,764283,0.125,0.9883311690413434,0.36787944117144233,0.5859540459252339,0.5174714258361615,0.715475356225181,False
train,775511,2026-05-05T23:30:00-07:00,775511_1778049000_H30,764290,0.125,0.09434596746159796,0.3403019123393269,0.9771328483354076,0.15443298224392896,0.048729268862415465,False
train,775511,2026-05-05T23:30:00-07:00,775511_1778049000_H30,764297,0.6332237778832464,0.6608571564878692,0.21460395078470418,0.806764168541251,0.6306844757408931,0.883225881803317,False
train,775511,2026-05-05T23:30:00-07:00,775511_1778049000_H30,764311,0.875,0.8921619896745812,0.14630264057470097,0.5084002407370596,0.8326641932124027,1.0,False
train,775511,2026-05-05T23:30:00-07:00,775511_1778049000_H30,764322,0.125,0.4526309506914732,0.1289022003850519,0.5304856670225621,0.27817476141822256,0.0,False
train,775536,2026-05-05T23:30:00-07:00,775536_1778049000_H30,768701,0.125,0.991053394069728,0.8229949661357914,0.30629948130341045,0.5306342087365752,0.9773754480752217,False
train,775536,2026-05-05T23:30:00-07:00,775536_1778049000_H30,774344,0.125,0.9675332690910439,0.7712518849544838,0.2007097588768934,0.514254633107805,0.0,False
train,775536,2026-05-05T23:30:00-07:00,775536_1778049000_H30,718405,0.125,0.9675327022037958,0.6368006006002778,0.20071370326877958,0.5076287200774562,0.5748870071172512,False
train,775536,2026-05-05T23:30:00-07:00,775536_1778049000_H30,759858,0.125,0.9675327022037958,0.4652130807137347,0.20071370326877958,0.4991728079699717,0.5748870071172512,False
train,775536,2026-05-05T23:30:00-07:00,775536_1778049000_H30,759870,0.125,0.9804083708173214,0.29119380591962934,0.3824855569856269,0.5027830528452071,1.0,False
train,775511,2026-05-05T23:35:00-07:00,775511_1778049300_H30,764283,0.125,0.9981239837377842,0.36787944117144233,0.6569962512355448,0.5242376426758589,0.5337535870536765,False
train,775511,2026-05-05T23:35:00-07:00,775511_1778049300_H30,764290,0.125,0.14217780884415065,0.3403019123393269,0.3178022915319798,0.15001742041617755,0.0,False
train,775511,2026-05-05T23:35:00-07:00,775511_1778049300_H30,764297,0.6332237778832464,0.6047954808994863,0.21460395078470418,0.31044839976978833,0.5886131395331703,0.769939836811926,False
train,775511,2026-05-05T23:35:00-07:00,775511_1778049300_H30,764311,0.875,0.8216255598848886,0.14630264057470097,0.17502262036713936,0.7905670003085348,1.0,False
train,775511,2026-05-05T23:35:00-07:00,775511_1778049300_H30,764322,0.125,0.45221060048359984,0.1289022003850519,0.5937341146573214,0.2803525147651175,0.06701583269302136,False
train,775536,2026-05-05T23:35:00-07:00,775536_1778049300_H30,768701,0.125,0.9999999484639772,0.8229949661357914,0.42949846423642823,0.5389860012183318,1.0,False
train,775536,2026-05-05T23:35:00-07:00,775536_1778049300_H30,774344,0.125,0.9737302704992994,0.7712518849544838,0.26354600335568873,0.519202018527864,0.6967000885400481,False
train,775536,2026-05-05T23:35:00-07:00,775536_1778049300_H30,718405,0.125,0.9737296141009335,0.6368006006002778,0.2635493401889693,0.5125760452072166,0.5725573715571074,False
train,775536,2026-05-05T23:35:00-07:00,775536_1778049300_H30,759858,0.125,0.9737296141009335,0.4652130807137347,0.2635493401889693,0.5041201330997319,0.5725573715571074,False
train,775536,2026-05-05T23:35:00-07:00,775536_1778049300_H30,759870,0.125,0.9750687360023039,0.29119380591962934,0.3824855569856269,0.5005358147111924,0.0,False
train,775511,2026-05-05T23:40:00-07:00,775511_1778049600_H30,764283,0.125,0.9945626817866252,0.36787944117144233,0.7397034694530482,0.5258179214983123,0.702807028337785,False
train,775511,2026-05-05T23:40:00-07:00,775511_1778049600_H30,764290,0.125,0.21736980771059533,0.3403019123393269,0.3511611443404803,0.18290462602112567,0.0,False
train,775511,2026-05-05T23:40:00-07:00,775511_1778049600_H30,764297,0.6332237778832464,0.6015540293419359,0.21460395078470418,0.30871129833300565,0.5871842724299348,0.8179611293383748,False
train,775511,2026-05-05T23:40:00-07:00,775511_1778049600_H30,764311,0.875,0.8234550549179009,0.14630264057470097,0.22972100486272157,0.7933733149501226,1.0,False
train,775511,2026-05-05T23:40:00-07:00,775511_1778049600_H30,764322,0.125,0.5338481116179637,0.1289022003850519,0.5049062698377871,0.31140351754493834,0.41685046257719094,False
train,775536,2026-05-05T23:40:00-07:00,775536_1778049600_H30,768701,0.125,0.9958156444715144,0.8229949661357914,0.3678867982376552,0.5349312689664332,1.0,False
train,775536,2026-05-05T23:40:00-07:00,775536_1778049600_H30,774344,0.125,0.9799711382004033,0.7712518849544838,0.6881735675846605,0.5376369112296389,0.19319561315224276,False
train,775536,2026-05-05T23:40:00-07:00,775536_1778049600_H30,718405,0.125,0.9799705529395396,0.6368006006002778,0.6881680429827477,0.5310106379475829,0.10897083389535067,False
train,775536,2026-05-05T23:40:00-07:00,775536_1778049600_H30,759858,0.125,0.9799705529395396,0.4652130807137347,0.6881680429827477,0.5225547258400983,0.10897083389535067,False
train,775536,2026-05-05T23:40:00-07:00,775536_1778049600_H30,759870,0.125,0.9842300511342864,0.29119380591962934,0.44419399305645385,0.5066887739667583,0.0,False
train,775511,2026-05-05T23:45:00-07:00,775511_1778049900_H30,764283,0.125,0.9946000949187435,0.36787944117144233,0.7397034694530482,0.5258336671850721,0.7469681558563492,False
train,775511,2026-05-05T23:45:00-07:00,775511_1778049900_H30,764290,0.125,0.19924615847240779,0.3403019123393269,0.30055392026758887,0.17339306426218604,0.0,False
train,775511,2026-05-05T23:45:00-07:00,775511_1778049900_H30,764297,0.6332237778832464,0.7519909866081974,0.21460395078470418,0.4105002696822889,0.6542866322579961,0.7639453152825965,False
train,775511,2026-05-05T23:45:00-07:00,775511_1778049900_H30,764311,0.875,0.8333555096331005,0.14630264057470097,0.23372091078510315,0.7976889308332111,1.0,False
train,775511,2026-05-05T23:45:00-07:00,775511_1778049900_H30,764322,0.125,0.5333380470348406,0.1289022003850519,0.4716819875708667,0.30995195266674397,0.3707929330734637,False
train,775536,2026-05-05T23:45:00-07:00,775536_1778049900_H30,768701,0.125,0.9952378011342374,0.8229949661357914,0.42949846423642823,0.5369818044052671,0.6015189131251317,False
train,775536,2026-05-05T23:45:00-07:00,775536_1778049900_H30,774344,0.125,0.979383627252195,0.7712518849544838,0.5226311255179894,0.5312267099857184,0.0,False
train,775536,2026-05-05T23:45:00-07:00,775536_1778049900_H30,718405,0.125,0.9785774274098962,0.6368006006002778,0.7807966205200825,0.5338727752667448,1.0,False
train,775536,2026-05-05T23:45:00-07:00,775536_1778049900_H30,759858,0.125,0.9785774274098962,0.4652130807137347,0.7807966205200825,0.5254168631592602,1.0,False
train,775536,2026-05-05T23:45:00-07:00,775536_1778049900_H30,759870,0.125,0.9818999531218463,0.29119380591962934,0.44419399305645385,0.5057081291678256,0.9063825499051867,False
train,775511,2026-05-05T23:50:00-07:00,775511_1778050200_H30,764283,0.125,1.0,0.36787944117144233,0.8444857452497851,0.5320071858699709,0.6808928453639982,False
train,775511,2026-05-05T23:50:00-07:00,775511_1778050200_H30,764290,0.125,0.14712767102154323,0.3403019123393269,0.5398741487207576,0.16036808090550708,0.0,False
train,775511,2026-05-05T23:50:00-07:00,775511_1778050200_H30,764297,0.6332237778832464,0.6523170626643561,0.21460395078470418,0.4860360164249475,0.6151499782648593,0.7826331325168752,False
train,775511,2026-05-05T23:50:00-07:00,775511_1778050200_H30,764311,0.875,0.8195655021672275,0.14630264057470097,0.6520608870961049,0.8074595524038701,1.0,False
train,775511,2026-05-05T23:50:00-07:00,775511_1778050200_H30,764322,0.125,0.3828464666805831,0.1289022003850519,0.3626460326430774,0.2425568078891593,0.5652195422264242,False
train,775536,2026-05-05T23:50:00-07:00,775536_1778050200_H30,768701,0.125,0.9792524267036583,0.8229949661357914,0.09791075732375595,0.5179095990691839,0.627647818421118,False
train,775536,2026-05-05T23:50:00-07:00,775536_1778050200_H30,774344,0.125,0.9861119259538872,0.7712518849544838,0.321164005680268,0.5265580080494138,0.0,False
train,775536,2026-05-05T23:50:00-07:00,775536_1778050200_H30,718405,0.125,0.9851419946184312,0.6368006006002778,0.33439800470840914,0.5200166670586643,1.0,False
train,775536,2026-05-05T23:50:00-07:00,775536_1778050200_H30,759858,0.125,0.9851419946184312,0.4652130807137347,0.33439800470840914,0.5115607549511798,1.0,False
train,775536,2026-05-05T23:50:00-07:00,775536_1778050200_H30,759870,0.125,0.982515165507983,0.29119380591962934,0.44419399305645385,0.505967047386494,0.7650301720926768,False
train,775511,2026-05-05T23:55:00-07:00,775511_1778050500_H30,764283,0.125,0.9955457706320715,0.36787944117144233,0.8444857452497851,0.5301325793771999,0.5612549155915407,False
train,775511,2026-05-05T23:55:00-07:00,775511_1778050500_H30,764290,0.125,0.20353767512120324,0.3403019123393269,0.38277132193712726,0.17826004420865657,0.0,False
train,775511,2026-05-05T23:55:00-07:00,775511_1778050500_H30,764297,0.6332237778832464,0.6068594257516675,0.21460395078470418,0.356804950621258,0.5912075684969206,0.7531418893591499,False
train,775511,2026-05-05T23:55:00-07:00,775511_1778050500_H30,764311,0.875,0.8405400329041134,0.14630264057470097,0.6296136046617187,0.815451206446267,1.0,False
train,775511,2026-05-05T23:55:00-07:00,775511_1778050500_H30,764322,0.125,0.37826885119812137,0.1289022003850519,0.2746356871920068,0.23735375624845612,0.44292461510151504,False
train,775536,2026-05-05T23:55:00-07:00,775536_1778050500_H30,768701,0.125,0.9844073214669654,0.8229949661357914,0.15475030174546583,0.5221951538334012,0.34038744350423866,False
train,775536,2026-05-05T23:55:00-07:00,775536_1778050500_H30,774344,0.125,0.963625477757082,0.7712518849544838,0.08962699345372832,0.5084745257768984,0.0,False
train,775536,2026-05-05T23:55:00-07:00,775536_1778050500_H30,718405,0.125,0.9630903688451364,0.6368006006002778,0.08291362137158552,0.501373568019582,1.0,False
train,775536,2026-05-05T23:55:00-07:00,775536_1778050500_H30,759858,0.125,0.9630903688451364,0.4652130807137347,0.08291362137158552,0.4929176559120975,1.0,False
train,775536,2026-05-05T23:55:00-07:00,775536_1778050500_H30,759870,0.125,0.98845150057338,0.29119380591962934,0.44419399305645385,0.5084654127237133,0.4382993139662912,False
train,775511,2026-05-08T23:30:00-07:00,775511_1778308200_H30,764283,0.125,0.9799318566187032,0.36787944117144233,0.27257628378489673,0.502269823580898,0.5540554372748117,False
train,775511,2026-05-08T23:30:00-07:00,775511_1778308200_H30,764290,0.125,0.14142253403779104,0.3403019123393269,0.831994758103431,0.1688423084561561,0.3300339829675728,False
train,775511,2026-05-08T23:30:00-07:00,775511_1778308200_H30,764297,0.6332237778832464,0.6761596412696423,0.21460395078470418,0.7890794931416033,0.6364662991330179,1.0,False
train,775511,2026-05-08T23:30:00-07:00,775511_1778308200_H30,764311,0.875,0.8009694796280676,0.14630264057470097,0.42038261090925877,0.7910081351718047,0.09057689158205029,False
train,775511,2026-05-08T23:30:00-07:00,775511_1778308200_H30,764322,0.125,0.6653528180871942,0.1289022003850519,0.637048672090272,0.37166807322693174,0.0,False
train,775511,2026-05-08T23:35:00-07:00,775511_1778308500_H30,764283,0.125,0.9843312285334427,0.36787944117144233,0.334398936174895,0.5064229240592037,0.07114728275137838,False
train,775511,2026-05-08T23:35:00-07:00,775511_1778308500_H30,764290,0.125,0.33732354256839936,0.3403019123393269,0.5813643149485866,0.24195852279357422,0.7619305719052498,False
train,775511,2026-05-08T23:35:00-07:00,775511_1778308500_H30,764297,0.6332237778832464,0.8106785732269011,0.21460395078470418,0.9419305999228389,0.6987703810212043,0.9536157995917987,False
train,775511,2026-05-08T23:35:00-07:00,775511_1778308500_H30,764311,0.875,0.7759647709502121,0.14630264057470097,0.869393842035424,0.7972007918780206,0.0,False
train,775511,2026-05-08T23:35:00-07:00,775511_1778308500_H30,764322,0.125,0.783370215748828,0.1289022003850519,0.39465563948237975,0.4123128681298569,1.0,False
train,775511,2026-05-08T23:40:00-07:00,775511_1778308800_H30,764283,0.125,0.9825988234199071,0.36787944117144233,0.3824888265585487,0.5074841516828849,0.0,False
train,775511,2026-05-08T23:40:00-07:00,775511_1778308800_H30,764290,0.125,0.3556574760345679,0.3403019123393269,0.5947737832350548,0.2501737580669706,0.8306787028892059,False
train,775511,2026-05-08T23:40:00-07:00,775511_1778308800_H30,764297,0.6332237778832464,0.7748437212916561,0.21460395078470418,0.5188152872799116,0.6679368665632457,1.0,False
train,775511,2026-05-08T23:40:00-07:00,775511_1778308800_H30,764311,0.875,0.8114065559687527,0.14630264057470097,0.7322396595895992,0.8070107362393066,0.27397494256603816,False
train,775511,2026-05-08T23:40:00-07:00,775511_1778308800_H30,764322,0.125,0.6371987976377197,0.1289022003850519,0.7797015124961044,0.36512996494923505,0.704341068058177,False
train,775511,2026-05-08T23:45:00-07:00,775511_1778309100_H30,764283,0.125,0.9843861904616802,0.36787944117144233,0.8305441281521289,0.52491693041479,0.4330639261252024,False
train,775511,2026-05-08T23:45:00-07:00,775511_1778309100_H30,764290,0.125,0.2929292503170885,0.3403019123393269,0.20796237236758527,0.209373450809188,0.0,False
train,775511,2026-05-08T23:45:00-07:00,775511_1778309100_H30,764297,0.6332237778832464,0.6763419470210074,0.21460395078470418,0.1675976839881781,0.6134060211731138,1.0,False
train,775511,2026-05-08T23:45:00-07:00,775511_1778309100_H30,764311,0.875,0.838200313167001,0.14630264057470097,0.4511424302645631,0.807822250001583,0.7779147536450622,False
train,775511,2026-05-08T23:45:00-07:00,775511_1778309100_H30,764322,0.125,0.4306389170453858,0.1289022003850519,0.12029049345565242,0.2536481348587679,0.650010657234534,False
train,775511,2026-05-08T23:50:00-07:00,775511_1778309400_H30,764283,0.125,0.9951510362881387,0.36787944117144233,0.402002070904741,0.5134933287203699,0.0,False
train,775511,2026-05-08T23:50:00-07:00,775511_1778309400_H30,764290,0.125,0.25071238075748303,0.3403019123393269,0.31698623902128237,0.19566488804865223,0.14355308599100924,False
train,775511,2026-05-08T23:50:00-07:00,775511_1778309400_H30,764297,0.6332237778832464,0.6747389490968696,0.21460395078470418,0.22069298086155117,0.6147080562180134,0.6326812139453223,False
train,775511,2026-05-08T23:50:00-07:00,775511_1778309400_H30,764311,0.875,0.8130701043428508,0.14630264057470097,0.5540439135234762,0.8010768486392901,0.5490970654627539,False
train,775511,2026-05-08T23:50:00-07:00,775511_1778309400_H30,764322,0.125,0.5742107590103813,0.1289022003850519,0.44986062037074825,0.3263412551794576,1.0,False
train,775511,2026-05-08T23:55:00-07:00,775511_1778309700_H30,764283,0.125,0.9815818123803787,0.36787944117144233,0.10934606531366364,0.4968873635755821,0.30731053825272536,False
train,775511,2026-05-08T23:55:00-07:00,775511_1778309700_H30,764290,0.125,0.022228235299090904,0.3403019123393269,0.11856258977295293,0.09211800682391502,0.0,False
train,775511,2026-05-08T23:55:00-07:00,775511_1778309700_H30,764297,0.6332237778832464,0.6515668615141642,0.21460395078470418,0.2833853868186791,0.6072898150725438,0.8279518506476973,False
train,775511,2026-05-08T23:55:00-07:00,775511_1778309700_H30,764311,0.875,0.8393004919129036,0.14630264057470097,0.763450464261573,0.8199121149799383,0.8480937290678408,False
train,775511,2026-05-08T23:55:00-07:00,775511_1778309700_H30,764322,0.125,0.5923950043169881,0.1289022003850519,0.483885855929184,0.3352609923618467,1.0,False
train,775511,2026-05-10T23:30:00-07:00,775511_1778481000_H30,764283,0.125,0.9758907712832289,0.36787944117144233,0.6118199296595888,0.5131987164018896,0.0,False
train,775511,2026-05-10T23:30:00-07:00,775511_1778481000_H30,764290,0.125,0.2552489892626927,0.3403019123393269,0.4006504015987828,0.20068887845609304,1.0,False
train,775511,2026-05-10T23:30:00-07:00,775511_1778481000_H30,764297,0.6332237778832464,0.6711546847792071,0.21460395078470418,0.5178203196475203,0.6242612683866806,0.8699489539281257,False
train,775511,2026-05-10T23:30:00-07:00,775511_1778481000_H30,764311,0.875,0.8311848449945579,0.14630264057470097,0.4359923715937592,0.8043057027759554,0.9135872906459005,False
train,775511,2026-05-10T23:30:00-07:00,775511_1778481000_H30,764322,0.125,0.5153648748777229,0.1289022003850519,0.8127846565339306,0.3150865980686628,0.19494615943513982,False
train,775511,2026-05-10T23:35:00-07:00,775511_1778481300_H30,764283,0.125,0.9805002623495023,0.36787944117144233,0.6569844365861307,0.5168200853428101,0.15276337603149248,False
train,775511,2026-05-10T23:35:00-07:00,775511_1778481300_H30,764290,0.125,0.3420133628868849,0.3403019123393269,0.64976484479941,0.24647874764087618,0.0,False
train,775511,2026-05-10T23:35:00-07:00,775511_1778481300_H30,764297,0.6332237778832464,0.7353113269180547,0.21460395078470418,0.751166465056037,0.6599494158029274,0.9393305309432298,False
train,775511,2026-05-10T23:35:00-07:00,775511_1778481300_H30,764311,0.875,0.8195403217735345,0.14630264057470097,0.6180355776122046,0.8061822345757186,1.0,False
train,775511,2026-05-10T23:35:00-07:00,775511_1778481300_H30,764322,0.125,0.5737819251724072,0.1289022003850519,0.6777597557258653,0.33464518063896204,0.7735548753101981,False
train,775511,2026-05-10T23:40:00-07:00,775511_1778481600_H30,764283,0.125,0.9823235740700391,0.36787944117144233,0.7396910109234142,0.5206665081251942,0.24442096560903281,False
train,775511,2026-05-10T23:40:00-07:00,775511_1778481600_H30,764290,0.125,0.33849337422202974,0.3403019123393269,0.9189637474029347,0.25501926953546405,0.0,False
train,775511,2026-05-10T23:40:00-07:00,775511_1778481600_H30,764297,0.6332237778832464,0.7806836859920427,0.21460395078470418,0.9270435440103877,0.6855925092293333,0.8357462982242797,False
train,775511,2026-05-10T23:40:00-07:00,775511_1778481600_H30,764311,0.875,0.8283850878002252,0.14630264057470097,0.446329877677691,0.8035122498973956,1.0,False
train,775511,2026-05-10T23:40:00-07:00,775511_1778481600_H30,764322,0.125,0.6613205816759209,0.1289022003850519,0.980444480905352,0.3827552701230294,0.7732350423905419,False
train,775511,2026-05-10T23:45:00-07:00,775511_1778481900_H30,764283,0.125,0.9860525227256782,0.36787944117144233,0.8444721628177524,0.5261367464270016,0.4072869715151971,False
train,775511,2026-05-10T23:45:00-07:00,775511_1778481900_H30,764290,0.125,0.2881070024769177,0.3403019123393269,0.42562436269553533,0.21544724820971492,0.14709047671397735,False
train,775511,2026-05-10T23:45:00-07:00,775511_1778481900_H30,764297,0.6332237778832464,0.7034449879062259,0.21460395078470418,0.4529142607566712,0.6354345891703005,0.8180166522979361,False
train,775511,2026-05-10T23:45:00-07:00,775511_1778481900_H30,764311,0.875,0.7969419082542399,0.14630264057470097,0.2787131183838497,0.7840389110073748,1.0,False
train,775511,2026-05-10T23:45:00-07:00,775511_1778481900_H30,764322,0.125,0.6422047416313685,0.1289022003850519,0.26742859140153774,0.348165475402761,0.0,False
train,775511,2026-05-10T23:50:00-07:00,775511_1778482200_H30,764283,0.125,0.9835231450664281,0.36787944117144233,0.34528547511338376,0.5064881265890291,0.16420174729748271,False
train,775511,2026-05-10T23:50:00-07:00,775511_1778482200_H30,764290,0.125,0.3438012787728044,0.3403019123393269,0.2111213877942735,0.23090105349195852,0.0,False
train,775511,2026-05-10T23:50:00-07:00,775511_1778482200_H30,764297,0.6332237778832464,0.7868183590860189,0.21460395078470418,0.37361511101198014,0.6675708874165405,0.7065348315977251,False
train,775511,2026-05-10T23:50:00-07:00,775511_1778482200_H30,764311,0.875,0.7837081828569482,0.14630264057470097,0.22208263934008837,0.7763610836981556,1.0,False
train,775511,2026-05-10T23:50:00-07:00,775511_1778482200_H30,764322,0.125,0.6218168859156875,0.1289022003850519,0.3154399790167137,0.34137244953077506,0.08471953283425071,False
train,775511,2026-05-10T23:55:00-07:00,775511_1778482500_H30,764283,0.125,0.9933254453903282,0.36787944117144233,0.34334664442962587,0.5105413413681978,0.39564870282781783,False
train,775511,2026-05-10T23:55:00-07:00,775511_1778482500_H30,764290,0.125,0.3380887186995709,0.3403019123393269,0.24287803543898134,0.22967912699513265,0.19359945419088131,False
train,775511,2026-05-10T23:55:00-07:00,775511_1778482500_H30,764297,0.6332237778832464,0.7752590308093277,0.21460395078470418,0.3307724097457119,0.6611110487028298,0.7383216239896597,False
train,775511,2026-05-10T23:55:00-07:00,775511_1778482500_H30,764311,0.875,0.6802546631498949,0.14630264057470097,0.13406752794906743,0.7295449522086959,1.0,False
train,775511,2026-05-10T23:55:00-07:00,775511_1778482500_H30,764322,0.125,0.6507186023118083,0.1289022003850519,0.2542205283387927,0.35125689795533616,0.0,False
train,775511,2026-05-14T23:30:00-07:00,775511_1778826600_H30,764283,0.125,0.9986634909401492,0.36787944117144233,0.87795263297307,0.5326906338660271,0.0,False
train,775511,2026-05-14T23:30:00-07:00,775511_1778826600_H30,764290,0.125,0.3349770543460645,0.3403019123393269,0.581147770633545,0.2409629183342357,0.7891666329052385,False
train,775511,2026-05-14T23:30:00-07:00,775511_1778826600_H30,764297,0.6332237778832464,0.773136634376014,0.21460395078470418,0.7671061411241543,0.676461985161141,0.539144929129939,False
train,775511,2026-05-14T23:30:00-07:00,775511_1778826600_H30,764311,0.875,0.8364453566426304,0.14630264057470097,0.7757981248603828,0.8191701912697672,1.0,False
train,775511,2026-05-14T23:30:00-07:00,775511_1778826600_H30,764322,0.125,0.7198379161631552,0.1289022003850519,0.2093087442597256,0.3786744344838059,0.19639312192891578,False
train,775511,2026-05-14T23:35:00-07:00,775511_1778826900_H30,764283,0.125,0.9927931591502043,0.36787944117144233,0.9999779769631988,0.5347629000878348,0.0,False
train,775511,2026-05-14T23:35:00-07:00,775511_1778826900_H30,764290,0.125,0.26026302674695345,0.3403019123393269,0.24369456871559164,0.19695581317876187,0.02693252630672749,False
train,775511,2026-05-14T23:35:00-07:00,775511_1778826900_H30,764297,0.6332237778832464,0.7876566415332537,0.21460395078470418,0.28374897368200425,0.6645780811476439,0.607700305283861,False
train,775511,2026-05-14T23:35:00-07:00,775511_1778826900_H30,764311,0.875,0.9348502691521366,0.14630264057470097,0.6614451987325827,0.8563276534158191,1.0,False
train,775511,2026-05-14T23:35:00-07:00,775511_1778826900_H30,764322,0.125,0.8675236329023859,0.1289022003850519,0.6913503895769094,0.45877524674227627,0.9045872045666757,False
train,775511,2026-05-14T23:40:00-07:00,775511_1778827200_H30,764283,0.125,0.9952753614699316,0.36787944117144233,0.8445006804368105,0.53001933102494,0.514315294754867,False
train,775511,2026-05-14T23:40:00-07:00,775511_1778827200_H30,764290,0.125,0.35328072273103983,0.3403019123393269,0.3261223129669658,0.2391719142140511,0.0,False
train,775511,2026-05-14T23:40:00-07:00,775511_1778827200_H30,764297,0.6332237778832464,0.6310271905575571,0.21460395078470418,0.11331358131994022,0.5923139272851287,0.5579198885130657,False
train,775511,2026-05-14T23:40:00-07:00,775511_1778827200_H30,764311,0.875,0.6480626484459685,0.14630264057470097,0.09198449421773029,0.7144299247917919,1.0,False
train,775511,2026-05-14T23:40:00-07:00,775511_1778827200_H30,764322,0.125,0.4319794968715336,0.1289022003850519,0.07612147572168011,0.25256797295162886,0.7024918119729973,False
train,775511,2026-05-14T23:45:00-07:00,775511_1778827500_H30,764283,0.125,0.9997295702234509,0.36787944117144233,0.8445006804368105,0.5318939288419329,0.9345677932236334,False
train,775511,2026-05-14T23:45:00-07:00,775511_1778827500_H30,764290,0.125,0.3717689112105257,0.3403019123393269,0.2129667705074812,0.24274020960002826,0.0,False
train,775511,2026-05-14T23:45:00-07:00,775511_1778827500_H30,764297,0.6332237778832464,0.7049503424406723,0.21460395078470418,0.2380132870271185,0.6280676336608799,0.9808801379013551,False
train,775511,2026-05-14T23:45:00-07:00,775511_1778827500_H30,764311,0.875,0.7814311393463372,0.14630264057470097,0.581927327332813,0.7887993424242148,1.0,False
train,775511,2026-05-14T23:45:00-07:00,775511_1778827500_H30,764322,0.125,0.4569512202409777,0.1289022003850519,0.29042457209131595,0.2710558103817556,0.9153959107235328,False
train,775511,2026-05-14T23:50:00-07:00,775511_1778827800_H30,764283,0.125,0.9937517645153762,0.36787944117144233,0.2214619790861544,0.5061831458546369,0.9250364243079381,False
train,775511,2026-05-14T23:50:00-07:00,775511_1778827800_H30,764290,0.125,0.43400762293993833,0.3403019123393269,0.7864216255520694,0.29028300585065053,0.0,False
train,775511,2026-05-14T23:50:00-07:00,775511_1778827800_H30,764297,0.6332237778832464,0.7258964428129396,0.21460395078470418,0.7177863429234609,0.6547443678118805,1.0,False
train,775511,2026-05-14T23:50:00-07:00,775511_1778827800_H30,764311,0.875,0.8435325008319878,0.14630264057470097,0.7346282553929854,0.8206201824226124,0.7085279879682286,False
train,775511,2026-05-14T23:50:00-07:00,775511_1778827800_H30,764322,0.125,0.6864513868869537,0.1289022003850519,0.7321056219963801,0.3840864679184064,0.9578817502467453,False
train,775511,2026-05-14T23:55:00-07:00,775511_1778828100_H30,764283,0.125,0.9903786454796486,0.36787944117144233,0.24312402800222133,0.5055699867700978,1.0,False
train,775511,2026-05-14T23:55:00-07:00,775511_1778828100_H30,764290,0.125,0.22493261660118768,0.3403019123393269,0.19632392457218298,0.1803231097634782,0.0,False
train,775511,2026-05-14T23:55:00-07:00,775511_1778828100_H30,764297,0.6332237778832464,0.6874491905241747,0.21460395078470418,0.22489266343680944,0.6202136360735885,0.9804853139888581,False
train,775511,2026-05-14T23:55:00-07:00,775511_1778828100_H30,764311,0.875,0.7501317113148467,0.14630264057470097,0.3206387255696266,0.7658992153314981,0.816087050138624,False
train,775511,2026-05-14T23:55:00-07:00,775511_1778828100_H30,764322,0.125,0.5502858782904707,0.1289022003850519,0.7708893766642314,0.3282237380841654,0.9194440907645551,False
train,775511,2026-05-17T23:30:00-07:00,775511_1779085800_H30,764283,0.125,0.9758907712832289,0.36787944117144233,0.6118199296595888,0.5131987164018896,0.921265895498012,False
train,775511,2026-05-17T23:30:00-07:00,775511_1779085800_H30,764290,0.125,0.0,0.3403019123393269,0.267080301448942,0.08829216578911138,0.512682608156967,False
train,775511,2026-05-17T23:30:00-07:00,775511_1779085800_H30,764297,0.6332237778832464,0.7230716953072103,0.21460395078470418,0.48310161659030443,0.6448185212542362,0.35238164964013385,False
train,775511,2026-05-17T23:30:00-07:00,775511_1779085800_H30,764311,0.875,0.9115402308793242,0.14630264057470097,0.3733591889428401,0.8357923055060666,0.0,False
train,775511,2026-05-17T23:30:00-07:00,775511_1779085800_H30,764322,0.125,0.7497290440049733,0.1289022003850519,0.33247476482355903,0.39583973074584,1.0,False
train,775536,2026-05-17T23:30:00-07:00,775536_1779085800_H30,768701,0.125,0.9733183885002621,0.8229949661357914,0.3235714364921156,0.5238132698416603,0.0,False
train,775536,2026-05-17T23:30:00-07:00,775536_1779085800_H30,774344,0.125,0.9550451863333265,0.7712518849544838,0.731741340209058,0.5287685523803332,0.9459213134604305,False
train,775536,2026-05-17T23:30:00-07:00,775536_1779085800_H30,718405,0.125,0.9550458933153956,0.6368006006002778,0.7317249130532142,0.5221424170628297,1.0,False
train,775536,2026-05-17T23:30:00-07:00,775536_1779085800_H30,759858,0.125,0.9550458933153956,0.4652130807137347,0.7317249130532142,0.5136865049553452,1.0,False
train,775536,2026-05-17T23:30:00-07:00,775536_1779085800_H30,759870,0.125,0.9776777455631208,0.29119380591962934,0.6881617292765496,0.5130137900119858,0.0903872047844263,False
train,775511,2026-05-17T23:35:00-07:00,775511_1779086100_H30,764283,0.125,0.9805002623495023,0.36787944117144233,0.6569844365861307,0.5168200853428101,0.8447976068056464,False
train,775511,2026-05-17T23:35:00-07:00,775511_1779086100_H30,764290,0.125,0.2549908660628082,0.3403019123393269,0.44022705688976516,0.2020536349388339,0.9913433672992428,False
train,775511,2026-05-17T23:35:00-07:00,775511_1779086100_H30,764297,0.6332237778832464,0.7200563899620509,0.21460395078470418,0.296109369456904,0.6365880088688031,0.38330373001776186,False
train,775511,2026-05-17T23:35:00-07:00,775511_1779086100_H30,764311,0.875,0.8939976390891795,0.14630264057470097,0.24737318046895176,0.8237190281183279,0.0,False
train,775511,2026-05-17T23:35:00-07:00,775511_1779086100_H30,764322,0.125,0.7526038014486602,0.1289022003850519,0.5170852267193743,0.4039224212225157,1.0,False
train,775536,2026-05-17T23:35:00-07:00,775536_1779086100_H30,768701,0.125,0.9831942986922295,0.8229949661357914,0.3823080889075909,0.5301563376480525,0.17902781009016577,False
train,775536,2026-05-17T23:35:00-07:00,775536_1779086100_H30,774344,0.125,0.9576452406428451,0.7712518849544838,0.731741340209058,0.5298628109574228,0.9975429975429976,False
train,775536,2026-05-17T23:35:00-07:00,775536_1779086100_H30,718405,0.125,0.957646122545559,0.6368006006002778,0.7317249130532142,0.5232367492570031,1.0,False
train,775536,2026-05-17T23:35:00-07:00,775536_1779086100_H30,759858,0.125,0.957646122545559,0.4652130807137347,0.7317249130532142,0.5147808371495186,1.0,False
train,775536,2026-05-17T23:35:00-07:00,775536_1779086100_H30,759870,0.125,0.9632837210357076,0.29119380591962934,0.18407335989376306,0.48818933259072855,0.0,False
train,775511,2026-05-17T23:40:00-07:00,775511_1779086400_H30,764283,0.125,0.9823235740700391,0.36787944117144233,0.7396910109234142,0.5206665081251942,0.9533827367177113,False
train,775511,2026-05-17T23:40:00-07:00,775511_1779086400_H30,764290,0.125,0.35548579657327506,0.3403019123393269,0.28756345623998936,0.23866444255760058,0.8350700428381506,False
train,775511,2026-05-17T23:40:00-07:00,775511_1779086400_H30,764297,0.6332237778832464,0.8476478391955,0.21460395078470418,0.5873107692539528,0.7011272023179189,0.6879431532817963,False
train,775511,2026-05-17T23:40:00-07:00,775511_1779086400_H30,764311,0.875,0.9275604925618035,0.14630264057470097,0.594409466108424,0.8507640209731746,0.0,False
train,775511,2026-05-17T23:40:00-07:00,775511_1779086400_H30,764322,0.125,0.7350268117025572,0.1289022003850519,0.1858939430221536,0.38419512718449345,1.0,False
train,775536,2026-05-17T23:40:00-07:00,775536_1779086400_H30,768701,0.125,0.9810883418184716,0.8229949661357914,0.4394715424121594,0.5313981499097851,0.0,False
train,775536,2026-05-17T23:40:00-07:00,775536_1779086400_H30,774344,0.125,0.957210702389423,0.7712518849544838,0.7613492643268116,0.5307821978227651,0.994569119655352,False
train,775536,2026-05-17T23:40:00-07:00,775536_1779086400_H30,718405,0.125,0.9572114294080776,0.6368006006002778,0.7613325362668913,0.5241560597355682,1.0,False
train,775536,2026-05-17T23:40:00-07:00,775536_1779086400_H30,759858,0.125,0.9572114294080776,0.4652130807137347,0.7613325362668913,0.5157001476280837,1.0,False
train,775536,2026-05-17T23:40:00-07:00,775536_1779086400_H30,759870,0.125,0.9801410477575898,0.29119380591962934,0.9999834822975443,0.525659235335852,0.009777696433850958,False
train,775511,2026-05-17T23:45:00-07:00,775511_1779086700_H30,764283,0.125,0.9860525227256782,0.36787944117144233,0.8444721628177524,0.5261367464270016,1.0,False
train,775511,2026-05-17T23:45:00-07:00,775511_1779086700_H30,764290,0.125,0.3527619883648877,0.3403019123393269,0.4044532843576067,0.2418697654179084,0.7359319912699744,False
train,775511,2026-05-17T23:45:00-07:00,775511_1779086700_H30,764297,0.6332237778832464,0.8824122338944654,0.21460395078470418,0.5337641637791868,0.7137646674894595,0.6970314860884297,False
train,775511,2026-05-17T23:45:00-07:00,775511_1779086700_H30,764311,0.875,0.9286412099630236,0.14630264057470097,0.5500563452187021,0.8495676394598423,0.0,False
train,775511,2026-05-17T23:45:00-07:00,775511_1779086700_H30,764322,0.125,0.7371396554687515,0.1289022003850519,0.23974495528907924,0.387089145317915,0.7932327040185589,False
train,775536,2026-05-17T23:45:00-07:00,775536_1779086700_H30,768701,0.125,0.9817803956045172,0.8229949661357914,0.5024542379912574,0.5340341758598564,0.0,False
train,775536,2026-05-17T23:45:00-07:00,775536_1779086700_H30,774344,0.125,0.9619210922242026,0.7712518849544838,0.8474660264117232,0.5359706330840805,0.9169311319939245,False
train,775536,2026-05-17T23:45:00-07:00,775536_1779086700_H30,718405,0.125,0.9619214664820382,0.6368006006002778,0.8474490940502555,0.5293443389281081,1.0,False
train,775536,2026-05-17T23:45:00-07:00,775536_1779086700_H30,759858,0.125,0.9619214664820382,0.4652130807137347,0.8474490940502555,0.5208884268206235,1.0,False
train,775536,2026-05-17T23:45:00-07:00,775536_1779086700_H30,759870,0.125,0.9827145777016413,0.29119380591962934,0.9279941582017092,0.5240622569045198,0.10555150796688939,False
train,775511,2026-05-17T23:50:00-07:00,775511_1779087000_H30,764283,0.125,0.9835231450664281,0.36787944117144233,0.34528547511338376,0.5064881265890291,0.9771980623293217,False
train,775511,2026-05-17T23:50:00-07:00,775511_1779087000_H30,764290,0.125,0.5503197052363367,0.3403019123393269,0.7569078225897855,0.3381353337243836,1.0,False
train,775511,2026-05-17T23:50:00-07:00,775511_1779087000_H30,764297,0.6332237778832464,0.8764053876249929,0.21460395078470418,0.9070491809400993,0.7251335687466792,0.6620905435632831,False
train,775511,2026-05-17T23:50:00-07:00,775511_1779087000_H30,764311,0.875,0.9254663765650639,0.14630264057470097,0.2637917280609707,0.8375741999151558,0.0,False
train,775511,2026-05-17T23:50:00-07:00,775511_1779087000_H30,764322,0.125,0.8239327950168621,0.1289022003850519,0.9237407540849649,0.44908121875580037,0.7173278807756172,False
train,775536,2026-05-17T23:50:00-07:00,775536_1779087000_H30,768701,0.125,0.9827118735888752,0.8229949661357914,0.6166847182428468,0.5386788578249201,0.012313297989263505,False
train,775536,2026-05-17T23:50:00-07:00,775536_1779087000_H30,774344,0.125,0.9740389827078737,0.7712518849544838,0.9999848918937472,0.5467486568861032,0.916057211196346,False
train,775536,2026-05-17T23:50:00-07:00,775536_1779087000_H30,718405,0.125,0.9740394276622761,0.6368006006002778,0.9999962229011637,0.5401234446939309,1.0,False
train,775536,2026-05-17T23:50:00-07:00,775536_1779087000_H30,759858,0.125,0.9740394276622761,0.4652130807137347,0.9999962229011637,0.5316675325864464,1.0,False
train,775536,2026-05-17T23:50:00-07:00,775536_1779087000_H30,759870,0.125,0.9798072666188046,0.29119380591962934,0.21738477062065398,0.4963835730458241,0.0,False
train,775511,2026-05-17T23:55:00-07:00,775511_1779087300_H30,764283,0.125,0.9933254453903282,0.36787944117144233,0.34334664442962587,0.5105413413681978,1.0,False
train,775511,2026-05-17T23:55:00-07:00,775511_1779087300_H30,764290,0.125,0.6487063092315534,0.3403019123393269,0.3216771151565665,0.3633392055325736,0.4003653893035837,False
train,775511,2026-05-17T23:55:00-07:00,775511_1779087300_H30,764297,0.6332237778832464,0.8847436404214318,0.21460395078470418,0.2731399050316107,0.7050431424854195,0.6890824346130182,False
train,775511,2026-05-17T23:55:00-07:00,775511_1779087300_H30,764311,0.875,0.9163984881987314,0.14630264057470097,0.30951650793789715,0.8354601666915915,0.0,False
train,775511,2026-05-17T23:55:00-07:00,775511_1779087300_H30,764322,0.125,0.8521632284248768,0.1289022003850519,0.5232940429593428,0.4460541375427718,0.7791789043544886,False
train,775536,2026-05-17T23:55:00-07:00,775536_1779087300_H30,768701,0.125,0.9910534456057519,0.8229949661357914,0.30629948130341045,0.5306342304260206,0.0,False
train,775536,2026-05-17T23:55:00-07:00,775536_1779087300_H30,774344,0.125,0.9907945934219896,0.7712518849544838,0.5776239476445798,0.538076443090277,0.7144648555573232,False
train,775536,2026-05-17T23:55:00-07:00,775536_1779087300_H30,718405,0.125,0.9907955116711101,0.6368006006002778,0.5776344377614351,0.5314513987835481,1.0,False
train,775536,2026-05-17T23:55:00-07:00,775536_1779087300_H30,759858,0.125,0.9907955116711101,0.4652130807137347,0.5776344377614351,0.5229954866760634,1.0,False
train,775536,2026-05-17T23:55:00-07:00,775536_1779087300_H30,759870,0.125,0.9943034326130736,0.29119380591962934,0.46378244769865906,0.511657510279048,0.0008850113567544504,False
train,775511,2026-05-19T23:30:00-07:00,775511_1779258600_H30,764283,0.125,0.9883311690413434,0.36787944117144233,0.5859540459252339,0.5174714258361615,0.5681842150544796,False
train,775511,2026-05-19T23:30:00-07:00,775511_1779258600_H30,764290,0.125,0.5322661592605867,0.3403019123393269,0.6497930896580951,0.3265495705839364,0.0,False
train,775511,2026-05-19T23:30:00-07:00,775511_1779258600_H30,764297,0.6332237778832464,0.771821516037137,0.21460395078470418,0.11413837675103278,0.6515993180843439,0.7992384504798539,False
train,775511,2026-05-19T23:30:00-07:00,775511_1779258600_H30,764311,0.875,0.7350290268913489,0.14630264057470097,0.13025024868605548,0.7524551724318734,1.0,False
train,775511,2026-05-19T23:30:00-07:00,775511_1779258600_H30,764322,0.125,0.6622494549910556,0.1289022003850519,0.8968997298034073,0.38003592734905306,0.45588341409532696,False
train,775536,2026-05-19T23:30:00-07:00,775536_1779258600_H30,768701,0.125,0.991053394069728,0.8229949661357914,0.30629948130341045,0.5306342087365752,0.9773754480752247,False
train,775536,2026-05-19T23:30:00-07:00,775536_1779258600_H30,774344,0.125,0.9675332690910439,0.7712518849544838,0.2007097588768934,0.514254633107805,0.0,False
train,775536,2026-05-19T23:30:00-07:00,775536_1779258600_H30,718405,0.125,0.9675327022037958,0.6368006006002778,0.20071370326877958,0.5076287200774562,0.5748870071172528,False
train,775536,2026-05-19T23:30:00-07:00,775536_1779258600_H30,759858,0.125,0.9675327022037958,0.4652130807137347,0.20071370326877958,0.4991728079699717,0.5748870071172528,False
train,775536,2026-05-19T23:30:00-07:00,775536_1779258600_H30,759870,0.125,0.9804083708173214,0.29119380591962934,0.3824855569856269,0.5027830528452071,1.0,False
train,775511,2026-05-19T23:35:00-07:00,775511_1779258900_H30,764283,0.125,0.9981239837377842,0.36787944117144233,0.6569962512355448,0.5242376426758589,0.5724374876028202,False
train,775511,2026-05-19T23:35:00-07:00,775511_1779258900_H30,764290,0.125,0.5193800180229451,0.3403019123393269,0.6050235239931464,0.3194595947192477,0.0,False
train,775511,2026-05-19T23:35:00-07:00,775511_1779258900_H30,764297,0.6332237778832464,0.8567675353800817,0.21460395078470418,0.4227740512227131,0.6988398170924605,0.8033348107914849,False
train,775511,2026-05-19T23:35:00-07:00,775511_1779258900_H30,764311,0.875,0.6191876611293221,0.14630264057470097,0.10129584509199553,0.7026242508721647,0.9440027035035349,False
train,775511,2026-05-19T23:35:00-07:00,775511_1779258900_H30,764322,0.125,0.4282260816680792,0.1289022003850519,0.10011864151584102,0.2518816959912892,1.0,False
train,775536,2026-05-19T23:35:00-07:00,775536_1779258900_H30,768701,0.125,0.9999999484639772,0.8229949661357914,0.42949846423642823,0.5389860012183318,1.0,False
train,775536,2026-05-19T23:35:00-07:00,775536_1779258900_H30,774344,0.125,0.9737302704992994,0.7712518849544838,0.26354600335568873,0.519202018527864,0.6967000885400465,False
train,775536,2026-05-19T23:35:00-07:00,775536_1779258900_H30,718405,0.125,0.9737296141009335,0.6368006006002778,0.2635493401889693,0.5125760452072166,0.5725573715571084,False
train,775536,2026-05-19T23:35:00-07:00,775536_1779258900_H30,759858,0.125,0.9737296141009335,0.4652130807137347,0.2635493401889693,0.5041201330997319,0.5725573715571084,False
train,775536,2026-05-19T23:35:00-07:00,775536_1779258900_H30,759870,0.125,0.9750687360023039,0.29119380591962934,0.3824855569856269,0.5005358147111924,0.0,False
train,775511,2026-05-19T23:40:00-07:00,775511_1779259200_H30,764283,0.125,0.9945626817866252,0.36787944117144233,0.7397034694530482,0.5258179214983123,0.7070704086995052,False
train,775511,2026-05-19T23:40:00-07:00,775511_1779259200_H30,764290,0.125,0.16068627058498175,0.3403019123393269,0.06811751378071661,0.14851143254826404,0.0,False
train,775511,2026-05-19T23:40:00-07:00,775511_1779259200_H30,764297,0.6332237778832464,0.40053571126983534,0.21460395078470418,0.05585509377408496,0.493170199300033,0.7787039358665673,False
train,775511,2026-05-19T23:40:00-07:00,775511_1779259200_H30,764311,0.875,0.812051380100272,0.14630264057470097,0.6133682200630427,0.8028566794092296,1.0,False
train,775511,2026-05-19T23:40:00-07:00,775511_1779259200_H30,764322,0.125,0.618655401204327,0.1289022003850519,0.7059715824975934,0.35458091853737256,0.679247654932456,False
train,775536,2026-05-19T23:40:00-07:00,775536_1779259200_H30,768701,0.125,0.9958156444715144,0.8229949661357914,0.3678867982376552,0.5349312689664332,1.0,False
train,775536,2026-05-19T23:40:00-07:00,775536_1779259200_H30,774344,0.125,0.9799711382004033,0.7712518849544838,0.6881735675846605,0.5376369112296389,0.19319561315224287,False
train,775536,2026-05-19T23:40:00-07:00,775536_1779259200_H30,718405,0.125,0.9799705529395396,0.6368006006002778,0.6881680429827477,0.5310106379475829,0.10897083389535067,False
train,775536,2026-05-19T23:40:00-07:00,775536_1779259200_H30,759858,0.125,0.9799705529395396,0.4652130807137347,0.6881680429827477,0.5225547258400983,0.10897083389535067,False
train,775536,2026-05-19T23:40:00-07:00,775536_1779259200_H30,759870,0.125,0.9842300511342864,0.29119380591962934,0.44419399305645385,0.5066887739667583,0.0,False
train,775511,2026-05-19T23:45:00-07:00,775511_1779259500_H30,764283,0.125,0.9946000949187435,0.36787944117144233,0.7397034694530482,0.5258336671850721,0.8404601968670861,False
train,775511,2026-05-19T23:45:00-07:00,775511_1779259500_H30,764290,0.125,0.16008947707325716,0.3403019123393269,0.43216915262967864,0.16181346071267697,0.0,False
train,775511,2026-05-19T23:45:00-07:00,775511_1779259500_H30,764297,0.6332237778832464,0.6485481172846901,0.21460395078470418,0.368347382027905,0.6091823772527224,0.883092577950428,False
train,775511,2026-05-19T23:45:00-07:00,775511_1779259500_H30,764311,0.875,0.8042045352527037,0.14630264057470097,0.3782237394559854,0.7908001174184074,1.0,False
train,775511,2026-05-19T23:45:00-07:00,775511_1779259500_H30,764322,0.125,0.39018894952608874,0.1289022003850519,0.15336552312708188,0.23785570854074745,0.927953521949878,False
train,775536,2026-05-19T23:45:00-07:00,775536_1779259500_H30,768701,0.125,0.9952378011342374,0.8229949661357914,0.42949846423642823,0.5369818044052671,0.6015189131251302,False
train,775536,2026-05-19T23:45:00-07:00,775536_1779259500_H30,774344,0.125,0.979383627252195,0.7712518849544838,0.5226311255179894,0.5312267099857184,0.0,False
train,775536,2026-05-19T23:45:00-07:00,775536_1779259500_H30,718405,0.125,0.9785774274098962,0.6368006006002778,0.7807966205200825,0.5338727752667448,1.0,False
train,775536,2026-05-19T23:45:00-07:00,775536_1779259500_H30,759858,0.125,0.9785774274098962,0.4652130807137347,0.7807966205200825,0.5254168631592602,1.0,False
train,775536,2026-05-19T23:45:00-07:00,775536_1779259500_H30,759870,0.125,0.9818999531218463,0.29119380591962934,0.44419399305645385,0.5057081291678256,0.9063825499051823,False
train,775511,2026-05-19T23:50:00-07:00,775511_1779259800_H30,764283,0.125,1.0,0.36787944117144233,0.8444857452497851,0.5320071858699709,0.7766727461325338,False
train,775511,2026-05-19T23:50:00-07:00,775511_1779259800_H30,764290,0.125,0.007484470444068969,0.3403019123393269,0.3594730781723601,0.09488174862086407,0.0,False
train,775511,2026-05-19T23:50:00-07:00,775511_1779259800_H30,764297,0.6332237778832464,0.5517389646496683,0.21460395078470418,0.2751577880473024,0.5649699537540643,0.8297014333736665,False
train,775511,2026-05-19T23:50:00-07:00,775511_1779259800_H30,764311,0.875,0.778235928802893,0.14630264057470097,0.6306133748247595,0.7892671281076602,1.0,False
train,775511,2026-05-19T23:50:00-07:00,775511_1779259800_H30,764322,0.125,0.5811903269286256,0.1289022003850519,0.7457682256158633,0.3402949514678015,0.7279440758500935,False
train,775536,2026-05-19T23:50:00-07:00,775536_1779259800_H30,768701,0.125,0.9792524267036583,0.8229949661357914,0.09791075732375595,0.5179095990691839,0.37235218157888206,False
train,775536,2026-05-19T23:50:00-07:00,775536_1779259800_H30,774344,0.125,0.9861119259538872,0.7712518849544838,0.321164005680268,0.5265580080494138,1.0,False
train,775536,2026-05-19T23:50:00-07:00,775536_1779259800_H30,718405,0.125,0.9851419946184312,0.6368006006002778,0.33439800470840914,0.5200166670586643,0.0,False
train,775536,2026-05-19T23:50:00-07:00,775536_1779259800_H30,759858,0.125,0.9851419946184312,0.4652130807137347,0.33439800470840914,0.5115607549511798,0.0,False
train,775536,2026-05-19T23:50:00-07:00,775536_1779259800_H30,759870,0.125,0.982515165507983,0.29119380591962934,0.44419399305645385,0.505967047386494,0.23496982790732324,False
train,775511,2026-05-19T23:55:00-07:00,775511_1779260100_H30,764283,0.125,0.9955457706320715,0.36787944117144233,0.8444857452497851,0.5301325793771999,0.6686203476239064,False
train,775511,2026-05-19T23:55:00-07:00,775511_1779260100_H30,764290,0.125,0.0,0.3403019123393269,0.6622712934056765,0.1030046402117993,0.0,False
train,775511,2026-05-19T23:55:00-07:00,775511_1779260100_H30,764297,0.6332237778832464,0.514747945697775,0.21460395078470418,0.7743004596262127,0.5679843850581656,0.7717101403934143,False
train,775511,2026-05-19T23:55:00-07:00,775511_1779260100_H30,764311,0.875,0.8823676511206194,0.14630264057470097,0.4559840199184187,0.8265907575290624,1.0,False
train,775511,2026-05-19T23:55:00-07:00,775511_1779260100_H30,764322,0.125,0.6704861310209284,0.1289022003850519,0.6522110713452101,0.3743929562259711,0.6703751764249986,False
train,775536,2026-05-19T23:55:00-07:00,775536_1779260100_H30,768701,0.125,0.9844073214669654,0.8229949661357914,0.15475030174546583,0.5221951538334012,0.6686808948315762,False
train,775536,2026-05-19T23:55:00-07:00,775536_1779260100_H30,774344,0.125,0.963625477757082,0.7712518849544838,0.08962699345372832,0.5084745257768984,0.0,False
train,775536,2026-05-19T23:55:00-07:00,775536_1779260100_H30,718405,0.125,0.9630903688451364,0.6368006006002778,0.08291362137158552,0.501373568019582,1.0,False
train,775536,2026-05-19T23:55:00-07:00,775536_1779260100_H30,759858,0.125,0.9630903688451364,0.4652130807137347,0.08291362137158552,0.4929176559120975,1.0,False
train,775536,2026-05-19T23:55:00-07:00,775536_1779260100_H30,759870,0.125,0.98845150057338,0.29119380591962934,0.44419399305645385,0.5084654127237133,0.8610258194303693,False
train,769895,2026-05-23T23:30:00-07:00,769895_1779604200_H30,770116,0.125,0.9923919326094549,0.6578152456099651,0.4047382325726835,0.5267221667218875,0.0,False
train,769895,2026-05-23T23:30:00-07:00,769895_1779604200_H30,769880,0.7658937862112813,0.3674463207219075,0.6556829452252355,0.662026837417649,0.5889051489527739,0.9267328048186367,False
train,769895,2026-05-23T23:30:00-07:00,769895_1779604200_H30,769866,0.7493720392939975,0.6786478072363014,0.5758269762031877,0.3304105762444223,0.6954572460402911,0.6553700341024846,False
train,769895,2026-05-23T23:30:00-07:00,769895_1779604200_H30,769847,0.7658937862112813,0.7128596765598786,0.4441076408043507,0.12611577458047385,0.7038979386426117,0.9917755436467514,False
train,769895,2026-05-23T23:30:00-07:00,769895_1779604200_H30,770385,0.23285029237671376,0.7407417677984114,0.33157670652330645,0.0815975790848084,0.44583577489196224,1.0,False
train,775536,2026-05-23T23:30:00-07:00,775536_1779604200_H30,768701,0.125,0.9885549641462144,0.8229949661357914,0.9078757827737943,0.5519786653653961,0.0,False
train,775536,2026-05-23T23:30:00-07:00,775536_1779604200_H30,774344,0.125,0.95891106235598,0.7712518849544838,0.600046284418831,0.5254926996463021,0.870366085675341,False
train,775536,2026-05-23T23:30:00-07:00,775536_1779604200_H30,718405,0.125,0.9589116890124096,0.6368006006002778,0.60005204529853,0.5188673565562236,1.0,False
train,775536,2026-05-23T23:30:00-07:00,775536_1779604200_H30,759858,0.125,0.9589116890124096,0.4652130807137347,0.60005204529853,0.5104114444487391,1.0,False
train,775536,2026-05-23T23:30:00-07:00,775536_1779604200_H30,759870,0.125,0.9923919326094549,0.29119380591962934,0.4047382325726835,0.508654893106704,0.10256081347576995,False
train,769895,2026-05-23T23:35:00-07:00,769895_1779604500_H30,770116,0.125,0.976384704683947,0.6578152456099651,0.27256949276160375,0.5150648869241036,0.0,False
train,769895,2026-05-23T23:35:00-07:00,769895_1779604500_H30,769880,0.7658937862112813,0.4921147563217695,0.6556829452252355,0.8778075719710187,0.6494063446222631,0.8402770098130247,False
train,769895,2026-05-23T23:35:00-07:00,769895_1779604500_H30,769866,0.7493720392939975,0.6347990655584936,0.5758269762031877,0.38762841648186463,0.6791332191296348,0.5581551597146441,False
train,769895,2026-05-23T23:35:00-07:00,769895_1779604500_H30,769847,0.7658937862112813,0.7390838382116771,0.4441076408043507,0.41145519722601315,0.7255574721440324,1.0,False
train,769895,2026-05-23T23:35:00-07:00,769895_1779604500_H30,770385,0.23285029237671376,0.7807233969173245,0.33157670652330645,0.4293067526920305,0.47560722376619785,0.41861323996736655,False
train,775536,2026-05-23T23:35:00-07:00,775536_1779604500_H30,768701,0.125,0.9806112487788539,0.8229949661357914,0.39516102088334537,0.5295477343836474,0.0,False
train,775536,2026-05-23T23:35:00-07:00,775536_1779604500_H30,774344,0.125,0.9392901469353125,0.7712518849544838,0.28002675247161846,0.5053211098416126,0.8661897624860105,False
train,775536,2026-05-23T23:35:00-07:00,775536_1779604500_H30,718405,0.125,0.9392900484365586,0.6368006006002778,0.2800194268692322,0.498694974369174,1.0,False
train,775536,2026-05-23T23:35:00-07:00,775536_1779604500_H30,759858,0.125,0.9392900484365586,0.4652130807137347,0.2800194268692322,0.49023906226168945,1.0,False
train,775536,2026-05-23T23:35:00-07:00,775536_1779604500_H30,759870,0.125,0.976384704683947,0.29119380591962934,0.27256949276160375,0.49699761330891995,0.08766550385821159,False
train,769895,2026-05-23T23:40:00-07:00,769895_1779604800_H30,770116,0.125,0.992223482156666,0.6578152456099651,0.7397268742968275,0.5391224876735902,0.0,False
train,769895,2026-05-23T23:40:00-07:00,769895_1779604800_H30,769880,0.7658937862112813,0.716639240101064,0.6556829452252355,0.46215762658632703,0.7284255586319321,0.7661389006150443,False
train,769895,2026-05-23T23:40:00-07:00,769895_1779604800_H30,769866,0.7493720392939975,0.7451435461170743,0.5758269762031877,0.9733863045293594,0.7473798308584635,0.654725581246226,False
train,769895,2026-05-23T23:40:00-07:00,769895_1779604800_H30,769847,0.7658937862112813,0.7849453660981397,0.4441076408043507,0.6972896623982703,0.7555000153113509,1.0,False
train,769895,2026-05-23T23:40:00-07:00,769895_1779604800_H30,770385,0.23285029237671376,0.7368890815647057,0.33157670652330645,0.39640176462790444,0.4559341062986572,0.4051846824943047,False
train,775536,2026-05-23T23:40:00-07:00,775536_1779604800_H30,768701,0.125,0.9823300773812716,0.8229949661357914,0.39516102088334537,0.5302711204044152,0.0,False
train,775536,2026-05-23T23:40:00-07:00,775536_1779604800_H30,774344,0.125,0.9300990509671077,0.7712518849544838,0.23789659012532705,0.4998844920699139,0.820786563657671,False
train,775536,2026-05-23T23:40:00-07:00,775536_1779604800_H30,718405,0.125,0.9300996164863375,0.6368006006002778,0.23789810144241402,0.49325896504365235,1.0,False
train,775536,2026-05-23T23:40:00-07:00,775536_1779604800_H30,759858,0.125,0.9300996164863375,0.4652130807137347,0.23789810144241402,0.4848030529361678,1.0,False
train,775536,2026-05-23T23:40:00-07:00,775536_1779604800_H30,759870,0.125,0.992223482156666,0.29119380591962934,0.7397268742968275,0.5210552140584066,0.013258612933146008,False
train,769895,2026-05-23T23:45:00-07:00,769895_1779605100_H30,770116,0.125,0.9800324346932366,0.6578152456099651,0.27256949276160375,0.5166000701835299,0.0,False
train,769895,2026-05-23T23:45:00-07:00,769895_1779605100_H30,769880,0.7658937862112813,0.616149688068575,0.6556829452252355,0.18854516588498937,0.675947281286894,0.8901127713560756,False
train,769895,2026-05-23T23:45:00-07:00,769895_1779605100_H30,769866,0.7493720392939975,0.7009953029362266,0.5758269762031877,0.44144658231906664,0.7089961445746022,1.0,False
train,769895,2026-05-23T23:45:00-07:00,769895_1779605100_H30,769847,0.7658937862112813,0.7777397339821832,0.4441076408043507,0.34053364968025057,0.7391858663213238,0.5644206371581618,False
train,769895,2026-05-23T23:45:00-07:00,769895_1779605100_H30,770385,0.23285029237671376,0.7726016190638104,0.33157670652330645,0.3677322329327103,0.4698967495973732,0.5340907809416409,False
train,775536,2026-05-23T23:45:00-07:00,775536_1779605100_H30,768701,0.125,0.9869315897744616,0.8229949661357914,0.4441948873675209,0.5340331829376544,0.0,False
train,775536,2026-05-23T23:45:00-07:00,775536_1779605100_H30,774344,0.125,0.919425790556504,0.7712518849544838,0.21649691749880298,0.4945958613576973,0.8387599829875715,False
train,775536,2026-05-23T23:45:00-07:00,775536_1779605100_H30,718405,0.125,0.9194264755467509,0.6368006006002778,0.21649770091018186,0.48797035751296114,1.0,False
train,775536,2026-05-23T23:45:00-07:00,775536_1779605100_H30,759858,0.125,0.9194264755467509,0.4652130807137347,0.21649770091018186,0.4795144454054766,1.0,False
train,775536,2026-05-23T23:45:00-07:00,775536_1779605100_H30,759870,0.125,0.9800324346932366,0.29119380591962934,0.27256949276160375,0.49853279656834637,0.022524590385277543,False
train,769895,2026-05-23T23:50:00-07:00,769895_1779605400_H30,770116,0.125,0.9861789115572469,0.6578152456099651,0.27256949276160375,0.5191868757755146,0.0,False
train,769895,2026-05-23T23:50:00-07:00,769895_1779605400_H30,769880,0.7658937862112813,0.6898427537486443,0.6556829452252355,0.677662896971673,0.725170988345315,1.0,False
train,769895,2026-05-23T23:50:00-07:00,769895_1779605400_H30,769866,0.7493720392939975,0.6953033629171008,0.5758269762031877,0.9092197118296387,0.7240152534154823,0.8547299964367936,False
train,769895,2026-05-23T23:50:00-07:00,769895_1779605400_H30,769847,0.7658937862112813,0.7618406826019072,0.4441076408043507,0.7974719972556038,0.7495058457711448,0.6969738349702035,False
train,769895,2026-05-23T23:50:00-07:00,769895_1779605400_H30,770385,0.23285029237671376,0.8163568988900777,0.33157670652330645,0.938753028481362,0.5095699936445947,0.46050495114993406,False
train,775536,2026-05-23T23:50:00-07:00,775536_1779605400_H30,768701,0.125,0.9770734373442921,0.8229949661357914,0.15055097753213087,0.5189522804762442,0.010642620095251298,False
train,775536,2026-05-23T23:50:00-07:00,775536_1779605400_H30,774344,0.125,0.8963309700982555,0.7712518849544838,0.15734084449867658,0.4826738698858739,0.8738568802999012,False
train,775536,2026-05-23T23:50:00-07:00,775536_1779605400_H30,718405,0.125,0.8963306863567543,0.6368006006002778,0.1573378367660149,0.47604781720117006,1.0,False
train,775536,2026-05-23T23:50:00-07:00,775536_1779605400_H30,759858,0.125,0.8963306863567543,0.4652130807137347,0.1573378367660149,0.46759190509368553,1.0,False
train,775536,2026-05-23T23:50:00-07:00,775536_1779605400_H30,759870,0.125,0.9861789115572469,0.29119380591962934,0.27256949276160375,0.5011196021603309,0.0,False
train,769895,2026-05-23T23:55:00-07:00,769895_1779605700_H30,770116,0.125,0.9644728260432349,0.6578152456099651,0.13425494189654452,0.5049023744016176,0.0,False
train,769895,2026-05-23T23:55:00-07:00,769895_1779605700_H30,769880,0.7658937862112813,0.8098108745947044,0.6556829452252355,0.9999968456461649,0.7876608551211272,0.8376381448252616,False
train,769895,2026-05-23T23:55:00-07:00,769895_1779605700_H30,769866,0.7493720392939975,0.7709312418730829,0.5758269762031877,0.37942519749473086,0.7361203964631234,0.5481722928634437,False
train,769895,2026-05-23T23:55:00-07:00,769895_1779605700_H30,769847,0.7658937862112813,0.7221544119944352,0.4441076408043507,0.38515615165984124,0.7174534745364427,1.0,False
train,769895,2026-05-23T23:55:00-07:00,769895_1779605700_H30,770385,0.23285029237671376,0.8141305760682769,0.33157670652330645,0.5374230358864682,0.4936920017976682,0.2682089402382438,False
train,775536,2026-05-23T23:55:00-07:00,775536_1779605700_H30,768701,0.125,0.9794031542919966,0.8229949661357914,0.4441948873675209,0.5308647663901253,0.0,False
train,775536,2026-05-23T23:55:00-07:00,775536_1779605700_H30,774344,0.125,0.8638454550645678,0.7712518849544838,0.13922315395002946,0.46832752019361407,0.9234802587115669,False
train,775536,2026-05-23T23:55:00-07:00,775536_1779605700_H30,718405,0.125,0.8638457516137725,0.6368006006002778,0.13922361536672437,0.46170184088215677,1.0,False
train,775536,2026-05-23T23:55:00-07:00,775536_1779605700_H30,759858,0.125,0.8638457516137725,0.4652130807137347,0.13922361536672437,0.45324592877467224,1.0,False
train,775536,2026-05-23T23:55:00-07:00,775536_1779605700_H30,759870,0.125,0.9644728260432349,0.29119380591962934,0.13425494189654452,0.486835100786434,0.021976897559230713,False
train,769895,2026-05-28T08:35:00-07:00,769895_1779982500_H30,770116,0.125,0.9675173992564001,0.6578152456099651,0.9558681759729575,0.5367713630214803,0.20997086713633495,False
train,769895,2026-05-28T08:35:00-07:00,769895_1779982500_H30,769880,0.26589378621128135,0.5220105027449196,0.6556829452252355,0.2644795098003964,0.39283937772484684,0.3483741393248255,False
train,769895,2026-05-28T08:35:00-07:00,769895_1779982500_H30,769866,0.24937203929399754,0.537723845254821,0.5758269762031877,0.29389287678675363,0.3884730551815642,1.0,False
train,769895,2026-05-28T08:35:00-07:00,769895_1779982500_H30,769847,0.26589378621128135,0.8832475644465785,0.4441076408043507,0.8622368968523523,0.5566968121872702,0.0,False
train,769895,2026-05-28T08:35:00-07:00,769895_1779982500_H30,770385,0.23285029237671376,0.9675173992564001,0.33157670652330645,0.9558681759729575,0.5738245614568597,0.20997086713633495,False
train,769965,2026-05-28T08:35:00-07:00,769965_1779982500_H30,770129,0.15279849481320767,0.6439692586724242,0.6996725373751304,0.16718368700937486,0.38699831768491433,0.9971859614652598,False
train,769965,2026-05-28T08:35:00-07:00,769965_1779982500_H30,769911,0.1416790968879246,0.23642275474132213,0.655682945225236,0.33141045028921134,0.21394671408036028,0.6003393177715327,False
train,769965,2026-05-28T08:35:00-07:00,769965_1779982500_H30,770141,0.15279849481320767,0.49408210881265757,0.655682945225236,0.21737833057126354,0.32361768535191937,1.0,False
train,769965,2026-05-28T08:35:00-07:00,769965_1779982500_H30,769867,0.15279849481320767,0.2800112559350142,0.5056967074374724,0.18484644246909573,0.22492133609744416,0.6062010605407728,False
train,769965,2026-05-28T08:35:00-07:00,769965_1779982500_H30,769926,0.15279849481320767,0.6783053112386515,0.4299201246592394,0.2921310659965877,0.3928070989761331,0.0,False
train,769895,2026-05-28T08:40:00-07:00,769895_1779982800_H30,770116,0.125,0.9865006262715238,0.6578152456099651,0.6185414187159536,0.5322023817457494,0.06733937945956969,False
train,769895,2026-05-28T08:40:00-07:00,769895_1779982800_H30,769880,0.26589378621128135,0.6437445826146709,0.6556829452252355,0.22601015377714193,0.44264020269186655,0.9040737557034637,False
train,769895,2026-05-28T08:40:00-07:00,769895_1779982800_H30,769866,0.24937203929399754,0.6090656311081319,0.5758269762031877,0.3928291004656213,0.4221812253888004,1.0,False
train,769895,2026-05-28T08:40:00-07:00,769895_1779982800_H30,769847,0.26589378621128135,0.7999101371197734,0.4441076408043507,0.18396026827662332,0.4963720270941481,0.0,False
train,769895,2026-05-28T08:40:00-07:00,769895_1779982800_H30,770385,0.23285029237671376,0.9865006262715238,0.33157670652330645,0.6185414187159536,0.5692555801811288,0.06733937945956969,False
train,769965,2026-05-28T08:40:00-07:00,769965_1779982800_H30,770129,0.15279849481320767,0.5775797713186234,0.6996725373751304,0.17071489833846268,0.3591891078301275,0.9976629841602259,False
train,769965,2026-05-28T08:40:00-07:00,769965_1779982800_H30,769911,0.1416790968879246,0.35282432643133443,0.655682945225236,0.3803657257559884,0.26475801169920216,0.7512179434401351,False
train,769965,2026-05-28T08:40:00-07:00,769965_1779982800_H30,770141,0.15279849481320767,0.5825850419880094,0.655682945225236,0.27830228532964874,0.36313314417057674,1.0,False
train,769965,2026-05-28T08:40:00-07:00,769965_1779982800_H30,769867,0.15279849481320767,0.479274128155048,0.5056967074374724,0.39250437838725427,0.3165139365412645,0.786286551497738,False
train,769965,2026-05-28T08:40:00-07:00,769965_1779982800_H30,769926,0.15279849481320767,0.6828466776815425,0.4299201246592394,0.4524622789831444,0.4006873117711214,0.0,False
train,769895,2026-05-28T08:45:00-07:00,769895_1779983100_H30,770116,0.125,0.970355729155055,0.6578152456099651,0.1593320664313348,0.5083118428663662,0.1464555728156678,False
train,769895,2026-05-28T08:45:00-07:00,769895_1779983100_H30,769880,0.26589378621128135,0.687811439052872,0.6556829452252355,0.27683084029340577,0.46307816678716807,0.41576521808017797,False
train,769895,2026-05-28T08:45:00-07:00,769895_1779983100_H30,769866,0.24937203929399754,0.6443811984196873,0.5758269762031877,0.37177340222375843,0.4362602535091589,1.0,False
train,769895,2026-05-28T08:45:00-07:00,769895_1779983100_H30,769847,0.26589378621128135,0.8418599423116481,0.4441076408043507,0.49965745695644814,0.5257800355246425,0.0,False
train,769895,2026-05-28T08:45:00-07:00,769895_1779983100_H30,770385,0.23285029237671376,0.970355729155055,0.33157670652330645,0.1593320664313348,0.5453650413017456,0.1464555728156678,False
train,769965,2026-05-28T08:45:00-07:00,769965_1779983100_H30,770129,0.15279849481320767,0.5889584569661459,0.6996725373751304,0.237110953445796,0.3664497836919032,0.9774135943970922,False
train,769965,2026-05-28T08:45:00-07:00,769965_1779983100_H30,769911,0.1416790968879246,0.3102129245625368,0.655682945225236,0.25422648343352994,0.2421285728900478,1.0,False
train,769965,2026-05-28T08:45:00-07:00,769965_1779983100_H30,770141,0.15279849481320767,0.6090567882138335,0.655682945225236,0.4138889874005883,0.3793217665446371,0.8092643017262123,False
train,769965,2026-05-28T08:45:00-07:00,769965_1779983100_H30,769867,0.15279849481320767,0.42703729683357305,0.5056967074374724,0.2721859182879615,0.29005024108858724,0.8732899352828684,False
train,769965,2026-05-28T08:45:00-07:00,769965_1779983100_H30,769926,0.15279849481320767,0.6958870343014802,0.4299201246592394,0.47140341839197825,0.4068806301725028,0.0,False
train,769895,2026-05-28T08:50:00-07:00,769895_1779983400_H30,770116,0.125,0.9668455185296085,0.6578152456099651,0.11446010465346215,0.5051640080695172,0.8424927192752346,False
train,769895,2026-05-28T08:50:00-07:00,769895_1779983400_H30,769880,0.26589378621128135,0.7277963907924768,0.6556829452252355,0.7547357310163328,0.4976980403861733,0.0,False
train,769895,2026-05-28T08:50:00-07:00,769895_1779983400_H30,769866,0.24937203929399754,0.7367549712838213,0.5758269762031877,0.49452657933669025,0.479706619382042,1.0,False
train,769895,2026-05-28T08:50:00-07:00,769895_1779983400_H30,769847,0.26589378621128135,0.8239520597972685,0.4441076408043507,0.2371538098229227,0.5084706381938532,0.6110188313121119,False
train,769895,2026-05-28T08:50:00-07:00,769895_1779983400_H30,770385,0.23285029237671376,0.9668455185296085,0.33157670652330645,0.11446010465346215,0.5422172065048966,0.8424927192752346,False
train,769965,2026-05-28T08:50:00-07:00,769965_1779983400_H30,770129,0.15279849481320767,0.6646277386478966,0.6996725373751304,0.3854779769506346,0.40381947119036965,0.935284192779935,False
train,769965,2026-05-28T08:50:00-07:00,769965_1779983400_H30,769911,0.1416790968879246,0.5294664040795547,0.655682945225236,0.2236501629418287,0.3332652499071617,0.0,False
train,769965,2026-05-28T08:50:00-07:00,769965_1779983400_H30,770141,0.15279849481320767,0.6802989112884286,0.655682945225236,0.6176060622667371,0.41688885486219973,0.700660489414861,False
train,769965,2026-05-28T08:50:00-07:00,769965_1779983400_H30,769867,0.15279849481320767,0.4926376057914814,0.5056967074374724,0.4533629919742504,0.32440377961101885,1.0,False
train,769965,2026-05-28T08:50:00-07:00,769965_1779983400_H30,769926,0.15279849481320767,0.7042749380576178,0.4299201246592394,0.28362368098089463,0.4034199538489405,0.5529930780075125,False
train,769895,2026-05-28T10:45:00-07:00,769895_1779990300_H30,770116,0.125,0.9695283965766285,0.6578152456099651,0.6328717342948604,0.5255929509998352,1.0,False
train,769895,2026-05-28T10:45:00-07:00,769895_1779990300_H30,769880,0.26589378621128135,0.6095692198579232,0.6556829452252355,0.26727579273567026,0.42979343216619204,0.5159923408869891,False
train,769895,2026-05-28T10:45:00-07:00,769895_1779990300_H30,769866,0.24937203929399754,0.4323878207768914,0.5758269762031877,0.2687095356227566,0.34320380243960946,0.0,False
train,769895,2026-05-28T10:45:00-07:00,769895_1779990300_H30,769847,0.26589378621128135,0.8819481815933466,0.4441076408043507,0.5188044138802438,0.5433643852471389,0.996495576151617,False
train,769895,2026-05-28T10:45:00-07:00,769895_1779990300_H30,770385,0.23285029237671376,0.9695283965766285,0.33157670652330645,0.6328717342948604,0.5626461494352145,1.0,False
train,769965,2026-05-28T10:45:00-07:00,769965_1779990300_H30,770129,0.15279849481320767,0.6102419663816921,0.6996725373751304,0.5893555160536394,0.3885207908711617,0.2150907133504043,False
train,769965,2026-05-28T10:45:00-07:00,769965_1779990300_H30,769911,0.1416790968879246,0.7793710394785395,0.655682945225236,0.38325842413138583,0.4443821070822746,1.0,False
train,769965,2026-05-28T10:45:00-07:00,769965_1779990300_H30,770141,0.15279849481320767,0.8081788420167921,0.655682945225236,0.2813712693419743,0.45819078108891653,0.359573667341472,False
train,769965,2026-05-28T10:45:00-07:00,769965_1779990300_H30,769867,0.15279849481320767,0.8826418881823895,0.5056967074374724,0.826789017306731,0.5024431314492681,0.0,False
train,769965,2026-05-28T10:45:00-07:00,769965_1779990300_H30,769926,0.15279849481320767,0.8511702237757344,0.4299201246592394,0.9476197636868967,0.4899620452362921,0.5495194779318979,False
train,769895,2026-05-28T10:50:00-07:00,769895_1779990600_H30,770116,0.125,0.9766200494071434,0.6578152456099651,0.7293593666602444,0.5321696590905959,0.671214479136675,False
train,769895,2026-05-28T10:50:00-07:00,769895_1779990600_H30,769880,0.26589378621128135,0.6645984574623803,0.6556829452252355,0.28986397013755705,0.45379396124065147,1.0,False
train,769895,2026-05-28T10:50:00-07:00,769895_1779990600_H30,769866,0.24937203929399754,0.4078914549587258,0.5758269762031877,0.25037567574136405,0.3322117175087248,0.4885269023729777,False
train,769895,2026-05-28T10:50:00-07:00,769895_1779990600_H30,769847,0.26589378621128135,0.8572931674718197,0.4441076408043507,0.3267069300421362,0.5258365256717685,0.0,False
train,769895,2026-05-28T10:50:00-07:00,769895_1779990600_H30,770385,0.23285029237671376,0.9766200494071434,0.33157670652330645,0.7293593666602444,0.5692228575259752,0.671214479136675,False
train,769965,2026-05-28T10:50:00-07:00,769965_1779990600_H30,770129,0.15279849481320767,0.732788255703189,0.6996725373751304,0.6204028675122166,0.4412514637130689,0.2156733174113642,False
train,769965,2026-05-28T10:50:00-07:00,769965_1779990600_H30,769911,0.1416790968879246,0.8337497812644716,0.655682945225236,0.8131208396630503,0.4832711873680636,1.0,False
train,769965,2026-05-28T10:50:00-07:00,769965_1779990600_H30,770141,0.15279849481320767,0.8875094433221653,0.655682945225236,0.45184568094563204,0.4979244020303903,0.33902674779616804,False
train,769965,2026-05-28T10:50:00-07:00,769965_1779990600_H30,769867,0.15279849481320767,0.8333942323851978,0.5056967074374724,0.3362509071488065,0.4634546379999391,0.0,False
train,769965,2026-05-28T10:50:00-07:00,769965_1779990600_H30,769926,0.15279849481320767,0.8432063293180659,0.4299201246592394,0.3753392362963453,0.4653050615196197,0.4446065587181518,False
train,769895,2026-05-28T10:55:00-07:00,769895_1779990900_H30,770116,0.125,0.9828513166771657,0.6578152456099651,0.29383191543183584,0.5185779983887572,0.7221414264504986,False
train,769895,2026-05-28T10:55:00-07:00,769895_1779990900_H30,769880,0.26589378621128135,0.6505436886974094,0.6556829452252355,0.30754984426075327,0.4485372961041794,1.0,False
train,769895,2026-05-28T10:55:00-07:00,769895_1779990900_H30,769866,0.24937203929399754,0.43814550332471214,0.5758269762031877,0.32456672519353025,0.34770647454349407,0.32639025782198805,False
train,769895,2026-05-28T10:55:00-07:00,769895_1779990900_H30,769847,0.26589378621128135,0.7604276470313034,0.4441076408043507,0.12010513350489256,0.477378182455659,0.0,False
train,769895,2026-05-28T10:55:00-07:00,769895_1779990900_H30,770385,0.23285029237671376,0.9828513166771657,0.33157670652330645,0.29383191543183584,0.5556311968241365,0.7221414264504986,False
train,769965,2026-05-28T10:55:00-07:00,769965_1779990900_H30,770129,0.15279849481320767,0.7870588046731852,0.6996725373751304,0.7132344740983702,0.4675477676176799,0.9918908646775052,False
train,769965,2026-05-28T10:55:00-07:00,769965_1779990900_H30,769911,0.1416790968879246,0.8003923495031187,0.655682945225236,0.4803398074361492,0.4568433538186845,0.0,False
train,769965,2026-05-28T10:55:00-07:00,769965_1779990900_H30,770141,0.15279849481320767,0.8467611669672106,0.655682945225236,0.6986937674295253,0.4899649373856404,0.9200310389947166,False
train,769965,2026-05-28T10:55:00-07:00,769965_1779990900_H30,769867,0.15279849481320767,0.8389125870099965,0.5056967074374724,0.22557840698788675,0.46165689111449204,1.0,False
train,769965,2026-05-28T10:55:00-07:00,769965_1779990900_H30,769926,0.15279849481320767,0.8400053728171676,0.4299201246592394,0.3738860482625394,0.46390380690826283,0.5685926151738719,False
train,769895,2026-05-28T11:00:00-07:00,769895_1779991200_H30,770116,0.125,0.9740447409730371,0.6578152456099651,0.0863422367421486,0.5071470784242283,0.3789440168506647,False
train,769895,2026-05-28T11:00:00-07:00,769895_1779991200_H30,769880,0.26589378621128135,0.709569789170306,0.6556829452252355,0.8108897309725744,0.4921177391190686,0.783327603897416,False
train,769895,2026-05-28T11:00:00-07:00,769895_1779991200_H30,769866,0.24937203929399754,0.5425240490421801,0.5758269762031877,0.5599380193219836,0.40039780176958645,1.0,False
train,769895,2026-05-28T11:00:00-07:00,769895_1779991200_H30,769847,0.26589378621128135,0.8485600436302927,0.4441076408043507,0.5980933679317054,0.5322644873038823,0.0,False
train,769895,2026-05-28T11:00:00-07:00,769895_1779991200_H30,770385,0.23285029237671376,0.9740447409730371,0.33157670652330645,0.0863422367421486,0.5442002768596077,0.3789440168506647,False
train,769965,2026-05-28T11:00:00-07:00,769965_1779991200_H30,770129,0.15279849481320767,0.824861659733206,0.6996725373751304,0.5640137611128802,0.4779021695763045,0.8010008207580906,False
train,769965,2026-05-28T11:00:00-07:00,769965_1779991200_H30,769911,0.1416790968879246,0.8818830690495165,0.655682945225236,0.541414213816946,0.493413254292366,0.0,False
train,769965,2026-05-28T11:00:00-07:00,769965_1779991200_H30,770141,0.15279849481320767,0.8548294659335769,0.655682945225236,0.38004128316550356,0.4814975208734832,0.6479089572906476,False
train,769965,2026-05-28T11:00:00-07:00,769965_1779991200_H30,769867,0.15279849481320767,0.8674278681157,0.5056967074374724,0.4372626336158653,0.48153857257396315,1.0,False
train,769965,2026-05-28T11:00:00-07:00,769965_1779991200_H30,769926,0.15279849481320767,0.8657806856367722,0.4299201246592394,0.40275049568298515,0.4758261901548132,0.5944824891812741,False
train,769895,2026-05-28T11:05:00-07:00,769895_1779991500_H30,770116,0.125,0.9726742589597608,0.6578152456099651,0.1340576377772484,0.5083466831872544,0.3874591353611444,False
train,769895,2026-05-28T11:05:00-07:00,769895_1779991500_H30,769880,0.26589378621128135,0.7609448600202867,0.6556829452252355,0.6431106947973902,0.5074932388156348,0.6519876155005792,False
train,769895,2026-05-28T11:05:00-07:00,769895_1779991500_H30,769866,0.24937203929399754,0.5754012543869467,0.5758269762031877,0.42708846883125096,0.4092886735568191,1.0,False
train,769895,2026-05-28T11:05:00-07:00,769895_1779991500_H30,769847,0.26589378621128135,0.8146897151104817,0.4441076408043507,0.33806334959809764,0.5083292268207642,0.0,False
train,769895,2026-05-28T11:05:00-07:00,769895_1779991500_H30,770385,0.23285029237671376,0.9726742589597608,0.33157670652330645,0.1340576377772484,0.5453998816226338,0.3874591353611444,False
train,769965,2026-05-28T11:05:00-07:00,769965_1779991500_H30,770129,0.15279849481320767,0.8246373468164628,0.6996725373751304,0.28820569384752226,0.46753977025172244,0.8539184496622048,False
train,769965,2026-05-28T11:05:00-07:00,769965_1779991500_H30,769911,0.1416790968879246,0.824076974640147,0.655682945225236,0.28061738145479526,0.4593758424081991,0.0,False
train,769965,2026-05-28T11:05:00-07:00,769965_1779991500_H30,770141,0.15279849481320767,0.8891049380532906,0.655682945225236,0.6549009022275667,0.5061553778385847,0.6429868402626409,False
train,769965,2026-05-28T11:05:00-07:00,769965_1779991500_H30,769867,0.15279849481320767,0.8183677421947526,0.5056967074374724,0.5290297248660925,0.46430750916005964,1.0,False
train,769965,2026-05-28T11:05:00-07:00,769965_1779991500_H30,769926,0.15279849481320767,0.8720384315284377,0.4299201246592394,0.6412313900776428,0.487338174710434,0.5806875533553651,False
train,769895,2026-05-28T11:10:00-07:00,769895_1779991800_H30,770116,0.125,0.9754483083109512,0.6578152456099651,0.4294947834393125,0.5205129307522713,0.5064315862732811,False
train,769895,2026-05-28T11:10:00-07:00,769895_1779991800_H30,769880,0.26589378621128135,0.7624618768568668,0.6556829452252355,0.6546602207649589,0.5085616650005979,0.8984787523934504,False
train,769895,2026-05-28T11:10:00-07:00,769895_1779991800_H30,769866,0.24937203929399754,0.6771842298335522,0.5758269762031877,0.3746928347530734,0.45017442066355956,1.0,False
train,769895,2026-05-28T11:10:00-07:00,769895_1779991800_H30,769847,0.26589378621128135,0.8156549817154217,0.4441076408043507,0.22816087189671216,0.5046439347897278,0.0,False
train,769895,2026-05-28T11:10:00-07:00,769895_1779991800_H30,770385,0.23285029237671376,0.9754483083109512,0.33157670652330645,0.4294947834393125,0.5575661291876507,0.5064315862732811,False
train,769965,2026-05-28T11:10:00-07:00,769965_1779991800_H30,770129,0.15279849481320767,0.9045074563987535,0.6996725373751304,0.9524666704228766,0.5258835148914078,0.7839388061211474,False
train,769965,2026-05-28T11:10:00-07:00,769965_1779991800_H30,769911,0.1416790968879246,0.8094187159790592,0.655682945225236,0.19131226612589886,0.4498820496738475,0.0,False
train,769965,2026-05-28T11:10:00-07:00,769965_1779991800_H30,770141,0.15279849481320767,0.8647159843890666,0.655682945225236,0.5515812651276206,0.49204458244835425,0.6302349313592238,False
train,769965,2026-05-28T11:10:00-07:00,769965_1779991800_H30,769867,0.15279849481320767,0.7998787866399626,0.5056967074374724,0.1843367784864059,0.4436937549994449,1.0,False
train,769965,2026-05-28T11:10:00-07:00,769965_1779991800_H30,769926,0.15279849481320767,0.8983063339491181,0.4299201246592394,0.6218734014903741,0.49767260719955,0.5649341890154231,False
train,769895,2026-05-28T13:10:00-07:00,769895_1779999000_H30,770116,0.125,0.951714422378056,0.6578152456099651,0.24240983000745475,0.5035593474273617,0.7031558391596695,False
train,769895,2026-05-28T13:10:00-07:00,769895_1779999000_H30,769880,0.26589378621128135,0.8691726050334492,0.6556829452252355,0.6606705794969561,0.5536956888461192,0.7696290380133588,False
train,769895,2026-05-28T13:10:00-07:00,769895_1779999000_H30,769866,0.24937203929399754,0.8494273644074298,0.5758269762031877,0.39387538479146866,0.5233787904944224,1.0,False
train,769895,2026-05-28T13:10:00-07:00,769895_1779999000_H30,769847,0.26589378621128135,0.7791352267687572,0.4441076408043507,0.42362844236727715,0.496551251812971,0.0,False
train,769895,2026-05-28T13:10:00-07:00,769895_1779999000_H30,770385,0.23285029237671376,0.951714422378056,0.33157670652330645,0.24240983000745475,0.5406125458627411,0.7031558391596695,False
train,769965,2026-05-28T13:10:00-07:00,769965_1779999000_H30,770129,0.15279849481320767,0.8347805827229527,0.6996725373751304,0.4956021778811596,0.479529767362884,0.93179750237391,False
train,769965,2026-05-28T13:10:00-07:00,769965_1779999000_H30,769911,0.1416790968879246,0.6183432592183957,0.655682945225236,0.3121064604316684,0.37396307272970636,0.0,False
train,769965,2026-05-28T13:10:00-07:00,769965_1779999000_H30,770141,0.15279849481320767,0.8445885967591439,0.655682945225236,0.717934673329472,0.4897669049758705,1.0,False
train,769965,2026-05-28T13:10:00-07:00,769965_1779999000_H30,769867,0.15279849481320767,0.863116625479361,0.5056967074374724,0.4442492820493013,0.47998424778709775,0.3923360514500067,False
train,769965,2026-05-28T13:10:00-07:00,769965_1779999000_H30,769926,0.15279849481320767,0.8107539585836501,0.4299201246592394,0.4156833832089213,0.4531491232160213,0.12067644659756105,False
train,769895,2026-05-28T13:15:00-07:00,769895_1779999300_H30,770116,0.125,0.9474971560966459,0.6578152456099651,0.1979791525144529,0.5001303697341904,0.8561883108611485,False
train,769895,2026-05-28T13:15:00-07:00,769895_1779999300_H30,769880,0.26589378621128135,0.8389187768667624,0.6556829452252355,0.291155172535933,0.5272064619951818,1.0,False
train,769895,2026-05-28T13:15:00-07:00,769895_1779999300_H30,769866,0.24937203929399754,0.8310187980816138,0.5758269762031877,0.29294347347194594,0.511873792369453,0.8672420781205971,False
train,769895,2026-05-28T13:15:00-07:00,769895_1779999300_H30,769847,0.26589378621128135,0.7829157203899861,0.4441076408043507,0.4602120137588151,0.4995042713055738,0.0,False
train,769895,2026-05-28T13:15:00-07:00,769895_1779999300_H30,770385,0.23285029237671376,0.9474971560966459,0.33157670652330645,0.1979791525144529,0.5371835681695699,0.8561883108611485,False
train,769965,2026-05-28T13:15:00-07:00,769965_1779999300_H30,770129,0.15279849481320767,0.7841652757400659,0.6996725373751304,0.38089699394689513,0.4539574818345115,0.8082181778353809,False
train,769965,2026-05-28T13:15:00-07:00,769965_1779999300_H30,769911,0.1416790968879246,0.7089964280813188,0.655682945225236,0.8850423254939359,0.4334450529952753,0.0,False
train,769965,2026-05-28T13:15:00-07:00,769965_1779999300_H30,770141,0.15279849481320767,0.7648613158368307,0.655682945225236,0.3700464561878342,0.44326143978746496,0.9023100061051176,False
train,769965,2026-05-28T13:15:00-07:00,769965_1779999300_H30,769867,0.15279849481320767,0.8979129498534459,0.5056967074374724,0.5016970897343578,0.4967673363225578,1.0,False
train,769965,2026-05-28T13:15:00-07:00,769965_1779999300_H30,769926,0.15279849481320767,0.8154327041986744,0.4299201246592394,0.41791391818738743,0.45520125966539643,0.18579130233718488,False
train,769895,2026-05-28T13:20:00-07:00,769895_1779999600_H30,770116,0.125,0.9527739745390579,0.6578152456099651,0.40546728350994987,0.5100756988183989,0.6359712095893353,False
train,769895,2026-05-28T13:20:00-07:00,769895_1779999600_H30,769880,0.26589378621128135,0.7815197405662577,0.6556829452252355,0.24946930120113645,0.5014975960473386,0.7449055100713536,False
train,769895,2026-05-28T13:20:00-07:00,769895_1779999600_H30,769866,0.24937203929399754,0.7458808697378503,0.5758269762031877,0.18593934243025156,0.47205902085226376,1.0,False
train,769895,2026-05-28T13:20:00-07:00,769895_1779999600_H30,769847,0.26589378621128135,0.8409796397615522,0.4441076408043507,0.32292413031877737,0.5188299871743302,0.0,False
train,769895,2026-05-28T13:20:00-07:00,769895_1779999600_H30,770385,0.23285029237671376,0.9527739745390579,0.33157670652330645,0.40546728350994987,0.5471288972537782,0.6359712095893353,False
train,769965,2026-05-28T13:20:00-07:00,769965_1779999600_H30,770129,0.15279849481320767,0.8129989285987711,0.6996725373751304,0.4780185990918861,0.46970812774556503,0.6623567686894374,False
train,769965,2026-05-28T13:20:00-07:00,769965_1779999600_H30,769911,0.1416790968879246,0.7383920347675439,0.655682945225236,0.4607739706488273,0.43002149599516565,0.19181409048498932,False
train,769965,2026-05-28T13:20:00-07:00,769965_1779999600_H30,770141,0.15279849481320767,0.7851497322084786,0.655682945225236,0.384090438489213,0.45232286070239847,0.7602945122360245,False
train,769965,2026-05-28T13:20:00-07:00,769965_1779999600_H30,769867,0.15279849481320767,0.8438085729484517,0.5056967074374724,0.4773057546423081,0.4730889146802533,1.0,False
train,769965,2026-05-28T13:20:00-07:00,769965_1779999600_H30,769926,0.15279849481320767,0.7503887473695298,0.4299201246592394,0.21483218433274248,0.42026638389152376,0.0,False
train,769895,2026-05-28T13:25:00-07:00,769895_1779999900_H30,770116,0.125,0.9661878120504059,0.6578152456099651,0.46650279512707854,0.5179933220357162,0.6693414978745266,False
train,769895,2026-05-28T13:25:00-07:00,769895_1779999900_H30,769880,0.26589378621128135,0.6526191428076777,0.6556829452252355,0.14981759176875517,0.4435385937972919,1.0,False
train,769895,2026-05-28T13:25:00-07:00,769895_1779999900_H30,769866,0.24937203929399754,0.6317167942585944,0.5758269762031877,0.12549039784699445,0.4217615004876387,0.6224464530825166,False
train,769895,2026-05-28T13:25:00-07:00,769895_1779999900_H30,769847,0.26589378621128135,0.6787505480238235,0.4441076408043507,0.17505052262668894,0.4450491165881502,0.0,False
train,769895,2026-05-28T13:25:00-07:00,769895_1779999900_H30,770385,0.23285029237671376,0.9661878120504059,0.33157670652330645,0.46650279512707854,0.5550465204710956,0.6693414978745266,False
train,769965,2026-05-28T13:25:00-07:00,769965_1779999900_H30,770129,0.15279849481320767,0.7992347895862555,0.6996725373751304,0.38293699846378804,0.46037558266954093,0.5702920497934348,False
train,769965,2026-05-28T13:25:00-07:00,769965_1779999900_H30,769911,0.1416790968879246,0.706195368595681,0.655682945225236,0.9357396218268705,0.43415359737040965,0.02233558161535998,False
train,769965,2026-05-28T13:25:00-07:00,769965_1779999900_H30,770141,0.15279849481320767,0.8534854146974402,0.655682945225236,0.7415210756763473,0.4943893115573644,0.6575374165401866,False
train,769965,2026-05-28T13:25:00-07:00,769965_1779999900_H30,769867,0.15279849481320767,0.871616162468851,0.5056967074374724,0.7254931345337962,0.4940317246210058,1.0,False
train,769965,2026-05-28T13:25:00-07:00,769965_1779999900_H30,769926,0.15279849481320767,0.8456485853512996,0.4299201246592394,0.5250446880878751,0.47190625891704263,0.0,False
train,769895,2026-05-28T13:30:00-07:00,769895_1780000200_H30,770116,0.125,0.9700003705743303,0.6578152456099651,0.31435084596124324,0.5139334451328728,0.6687504652422105,False
train,769895,2026-05-28T13:30:00-07:00,769895_1780000200_H30,769880,0.26589378621128135,0.6666467179541087,0.6556829452252355,0.20091051323852724,0.45134436417100066,1.0,False
train,769895,2026-05-28T13:30:00-07:00,769895_1780000200_H30,769866,0.24937203929399754,0.7238179985994909,0.5758269762031877,0.3588761561760993,0.46921186808733073,0.8987034520607129,False
train,769895,2026-05-28T13:30:00-07:00,769895_1780000200_H30,769847,0.26589378621128135,0.759477070915543,0.4441076408043507,0.6064281610339274,0.495083331080097,0.0,False
train,769895,2026-05-28T13:30:00-07:00,769895_1780000200_H30,770385,0.23285029237671376,0.9700003705743303,0.33157670652330645,0.31435084596124324,0.5509866435682521,0.6687504652422105,False
train,769965,2026-05-28T13:30:00-07:00,769965_1780000200_H30,770129,0.15279849481320767,0.8589004580392358,0.6996725373751304,0.4637796085226784,0.4884961403890456,0.4835885223198685,False
train,769965,2026-05-28T13:30:00-07:00,769965_1780000200_H30,769911,0.1416790968879246,0.7125764767577187,0.655682945225236,0.4719052028991963,0.4195711651092031,0.0,False
train,769965,2026-05-28T13:30:00-07:00,769965_1780000200_H30,770141,0.15279849481320767,0.8608472825645352,0.655682945225236,0.44391496772871974,0.4864081172254078,0.6075571424873485,False
train,769965,2026-05-28T13:30:00-07:00,769965_1780000200_H30,769867,0.15279849481320767,0.8541604717329134,0.5056967074374724,0.13372979490522932,0.46465470341372395,1.0,False
train,769965,2026-05-28T13:30:00-07:00,769965_1780000200_H30,769926,0.15279849481320767,0.7279557581313896,0.4299201246592394,0.07895219358032766,0.4057665935721901,0.014095524377774615,False
train,769895,2026-05-28T13:35:00-07:00,769895_1780000500_H30,770116,0.125,0.972962724900363,0.6578152456099651,0.6496433584581105,0.527662708982111,0.5366040828167258,False
train,769895,2026-05-28T13:35:00-07:00,769895_1780000500_H30,769880,0.26589378621128135,0.8043860750870621,0.6556829452252355,0.5421216660150983,0.522016206623252,0.8219258155436637,False
train,769895,2026-05-28T13:35:00-07:00,769895_1780000500_H30,769866,0.24937203929399754,0.7861552445135565,0.5758269762031877,0.4384812861730184,0.49841071574957985,1.0,False
train,769895,2026-05-28T13:35:00-07:00,769895_1780000500_H30,769847,0.26589378621128135,0.8198488543649514,0.4441076408043507,0.49417222021501195,0.51631224280317,0.0,False
train,769895,2026-05-28T13:35:00-07:00,769895_1780000500_H30,770385,0.23285029237671376,0.972962724900363,0.33157670652330645,0.6496433584581105,0.5647159074174903,0.5366040828167258,False
train,769965,2026-05-28T13:35:00-07:00,769965_1780000500_H30,770129,0.15279849481320767,0.7889889620864747,0.6996725373751304,0.1400322133896188,0.4470204785099776,0.8089483076826394,False
train,769965,2026-05-28T13:35:00-07:00,769965_1780000500_H30,769911,0.1416790968879246,0.7838144597059559,0.655682945225236,0.7278662182403091,0.45908148864121534,0.2799793352722689,False
train,769965,2026-05-28T13:35:00-07:00,769965_1780000500_H30,770141,0.15279849481320767,0.8745742917023714,0.655682945225236,0.42389868745462694,0.49144008332657846,0.8609077138766974,False
train,769965,2026-05-28T13:35:00-07:00,769965_1780000500_H30,769867,0.15279849481320767,0.8961280639215606,0.5056967074374724,0.9786515549686647,0.5137725773595181,1.0,False
train,769965,2026-05-28T13:35:00-07:00,769965_1780000500_H30,769926,0.15279849481320767,0.8257770332096563,0.4299201246592394,0.6239791443858448,0.4672263277075461,0.0,False
train,765501,2026-05-29T23:30:00-07:00,765501_1780122600_H30,773773,0.125,0.9484001688098715,0.8922927198566069,0.6928964995600984,0.5304907335557869,0.0,False
train,765501,2026-05-29T23:30:00-07:00,765501_1780122600_H30,773784,0.125,0.6707698710561962,0.784128931913251,0.8217096966850262,0.41311247179916266,0.8644940200123242,False
train,765501,2026-05-29T23:30:00-07:00,765501_1780122600_H30,717951,0.125,0.9484001688098715,0.7067502546636377,0.6928964995600984,0.5213471153082875,0.0,False
train,765501,2026-05-29T23:30:00-07:00,765501_1780122600_H30,776019,0.125,0.9302203099666924,0.6661976829962216,0.5853835803460194,0.5076949187300747,0.3588943366156365,False
train,765501,2026-05-29T23:30:00-07:00,765501_1780122600_H30,763616,0.7189131466540104,0.6619321541573978,0.6357676720344021,0.6936941130823436,0.6898958113553673,1.0,False
train,775511,2026-05-29T23:30:00-07:00,775511_1780122600_H30,764283,0.125,0.9799318566187032,0.36787944117144233,0.27257628378489673,0.502269823580898,0.0,False
train,775511,2026-05-29T23:30:00-07:00,775511_1780122600_H30,764290,0.125,0.9799318566187032,0.3403019123393269,0.27257628378489673,0.5009107902426914,0.0,False
train,775511,2026-05-29T23:30:00-07:00,775511_1780122600_H30,764297,0.2982237778832464,0.810104259009027,0.21460395078470418,0.3272967060941479,0.5106152678292296,1.0,False
train,775511,2026-05-29T23:30:00-07:00,775511_1780122600_H30,764311,0.375,0.9354557097463133,0.14630264057470097,0.6736245880469183,0.6107204444071797,0.7513577578694182,False
train,775511,2026-05-29T23:30:00-07:00,775511_1780122600_H30,764322,0.125,0.3246262017803774,0.1289022003850519,0.8544268026740969,0.23636262648928488,0.8043782898176874,False
train,775536,2026-05-29T23:30:00-07:00,775536_1780122600_H30,768701,0.125,0.9905281104024529,0.8229949661357914,0.7229450251670042,0.5459243389032629,0.0,False
train,775536,2026-05-29T23:30:00-07:00,775536_1780122600_H30,774344,0.125,0.9484001688098715,0.7712518849544838,0.6928964995600984,0.5245257853939063,0.47639205237297166,False
train,775536,2026-05-29T23:30:00-07:00,775536_1780122600_H30,718405,0.125,0.9483994795576085,0.6368006006002778,0.6929087609314082,0.517900130495942,1.0,False
train,775536,2026-05-29T23:30:00-07:00,775536_1780122600_H30,759858,0.125,0.9483994795576085,0.4652130807137347,0.6929087609314082,0.5094442183884574,1.0,False
train,775536,2026-05-29T23:30:00-07:00,775536_1780122600_H30,759870,0.125,0.9790449828828665,0.29119380591962934,0.36788545882194623,0.5016657138537624,0.2920982136461965,False
train,765501,2026-05-29T23:35:00-07:00,765501_1780122900_H30,773773,0.125,0.9543738345497518,0.8922927198566069,0.6928964995600982,0.5330048098766546,1.0,False
train,765501,2026-05-29T23:35:00-07:00,765501_1780122900_H30,773784,0.125,0.7520894275843167,0.784128931913251,0.6867841922756399,0.44231350108552503,0.1698545439003889,False
train,765501,2026-05-29T23:35:00-07:00,765501_1780122900_H30,717951,0.125,0.9543738345497518,0.7067502546636377,0.6928964995600982,0.5238611916291551,1.0,False
train,765501,2026-05-29T23:35:00-07:00,765501_1780122900_H30,776019,0.125,0.9403743464182505,0.6661976829962216,0.6051129900710783,0.5127028470698471,0.5875300955935777,False
train,765501,2026-05-29T23:35:00-07:00,765501_1780122900_H30,763616,0.7189131466540104,0.8351213079926997,0.6357676720344021,0.8892540075514024,0.7700646342850067,0.0,False
train,775511,2026-05-29T23:35:00-07:00,775511_1780122900_H30,764283,0.125,0.9843312285334427,0.36787944117144233,0.334398936174895,0.5064229240592037,0.9874756302926779,False
train,775511,2026-05-29T23:35:00-07:00,775511_1780122900_H30,764290,0.125,0.9843312285334427,0.3403019123393269,0.334398936174895,0.5050638907209972,0.9874756302926779,False
train,775511,2026-05-29T23:35:00-07:00,775511_1780122900_H30,764297,0.2982237778832464,0.8798072716150094,0.21460395078470418,0.8091869006429518,0.5578906492868007,0.3386468852043433,False
train,775511,2026-05-29T23:35:00-07:00,775511_1780122900_H30,764311,0.375,0.9328301610554133,0.14630264057470097,0.6889647449565628,0.6101865514360644,0.0,False
train,775511,2026-05-29T23:35:00-07:00,775511_1780122900_H30,764322,0.125,0.26172534681177306,0.1289022003850519,0.6811195776052142,0.2034381646641518,1.0,False
train,775536,2026-05-29T23:35:00-07:00,775536_1780122900_H30,768701,0.125,0.9852630238589823,0.8229949661357914,0.7229450251670042,0.5437084751467943,1.0,False
train,775536,2026-05-29T23:35:00-07:00,775536_1780122900_H30,774344,0.125,0.9543738345497518,0.7712518849544838,0.6928964995600982,0.5270398617147739,0.4189780249497359,False
train,775536,2026-05-29T23:35:00-07:00,775536_1780122900_H30,718405,0.125,0.954373268983944,0.6368006006002778,0.6929087609314082,0.5204142588714779,0.0,False
train,775536,2026-05-29T23:35:00-07:00,775536_1780122900_H30,759858,0.125,0.954373268983944,0.4652130807137347,0.6929087609314082,0.5119583467639933,0.0,False
train,775536,2026-05-29T23:35:00-07:00,775536_1780122900_H30,759870,0.125,0.9790449004252293,0.29119380591962934,0.999974569682892,0.5251975790817581,0.7710667717016848,False
train,765501,2026-05-29T23:40:00-07:00,765501_1780123200_H30,773773,0.125,0.9392123762914758,0.8922927198566069,0.9349534765618484,0.5356354436329572,1.0,False
train,765501,2026-05-29T23:40:00-07:00,765501_1780123200_H30,773784,0.125,0.657428324962466,0.784128931913251,0.3961292392189474,0.391653713309824,0.37077089926326023,False
train,765501,2026-05-29T23:40:00-07:00,765501_1780123200_H30,717951,0.125,0.9392123762914758,0.7067502546636377,0.9349534765618484,0.5264918253854578,1.0,False
train,765501,2026-05-29T23:40:00-07:00,765501_1780123200_H30,776019,0.125,0.9147940307017114,0.6661976829962216,0.605120720364122,0.5019374059376353,0.48115104872483416,False
train,765501,2026-05-29T23:40:00-07:00,765501_1780123200_H30,763616,0.7189131466540104,0.6665591187453421,0.6357676720344021,0.4328599083099871,0.6821325786377984,0.0,False
train,775511,2026-05-29T23:40:00-07:00,775511_1780123200_H30,764283,0.125,0.9825988234199071,0.36787944117144233,0.3824888265585487,0.5074841516828849,0.11537874082295563,False
train,775511,2026-05-29T23:40:00-07:00,775511_1780123200_H30,764290,0.125,0.9825988234199071,0.3403019123393269,0.3824888265585487,0.5061251183446783,0.11537874082295563,False
train,775511,2026-05-29T23:40:00-07:00,775511_1780123200_H30,764297,0.2982237778832464,0.8437110145676759,0.21460395078470418,0.24237849851409993,0.5215976029671214,0.6704868288411212,False
train,775511,2026-05-29T23:40:00-07:00,775511_1780123200_H30,764311,0.375,0.9270828174139314,0.14630264057470097,0.9727168632595103,0.6183314672702296,1.0,False
train,775511,2026-05-29T23:40:00-07:00,775511_1780123200_H30,764322,0.125,0.6936703894024255,0.1289022003850519,0.557995149708591,0.3806427378674949,0.0,False
train,775536,2026-05-29T23:40:00-07:00,775536_1780123200_H30,768701,0.125,0.9823210199244314,0.8229949661357914,0.3175571041389643,0.5273782101406698,1.0,False
train,775536,2026-05-29T23:40:00-07:00,775536_1780123200_H30,774344,0.125,0.9392123762914758,0.7712518849544838,0.9349534765618484,0.5296704954710765,0.30806737140255935,False
train,775536,2026-05-29T23:40:00-07:00,775536_1780123200_H30,718405,0.125,0.939211470060519,0.6368006006002778,0.9349419478115598,0.5230438635785246,0.0,False
train,775536,2026-05-29T23:40:00-07:00,775536_1780123200_H30,759858,0.125,0.939211470060519,0.4652130807137347,0.9349419478115598,0.5145879514710401,0.0,False
train,775536,2026-05-29T23:40:00-07:00,775536_1780123200_H30,759870,0.125,0.9810793045903188,0.29119380591962934,0.9163591576853966,0.5229408792841965,0.8251007367693424,False
train,765501,2026-05-29T23:45:00-07:00,765501_1780123500_H30,773773,0.125,0.9409167009674881,0.8922927198566069,0.5965197517489992,0.5237532543368013,1.0,False
train,765501,2026-05-29T23:45:00-07:00,765501_1780123500_H30,773784,0.125,0.6416866909972477,0.784128931913251,0.1377291350640775,0.3754087729669336,0.39169013155523746,False
train,765501,2026-05-29T23:45:00-07:00,765501_1780123500_H30,717951,0.125,0.9409167009674881,0.7067502546636377,0.5965197517489992,0.5146096360893019,1.0,False
train,765501,2026-05-29T23:45:00-07:00,765501_1780123500_H30,776019,0.125,0.9217600533626253,0.6661976829962216,0.5823694598959402,0.5040221240494671,0.41972424194413704,False
train,765501,2026-05-29T23:45:00-07:00,765501_1780123500_H30,763616,0.7189131466540104,0.6701480014391282,0.6357676720344021,0.15242116056412916,0.6732026058706746,0.0,False
train,775511,2026-05-29T23:45:00-07:00,775511_1780123500_H30,764283,0.125,0.9843861904616802,0.36787944117144233,0.8305441281521289,0.52491693041479,0.23831359339345848,False
train,775511,2026-05-29T23:45:00-07:00,775511_1780123500_H30,764290,0.125,0.9843861904616802,0.3403019123393269,0.8305441281521289,0.5235578970765835,0.23831359339345848,False
train,775511,2026-05-29T23:45:00-07:00,775511_1780123500_H30,764297,0.2982237778832464,0.8046442176179696,0.21460395078470418,0.1324873403242964,0.5010648423850836,0.7901119200260784,False
train,775511,2026-05-29T23:45:00-07:00,775511_1780123500_H30,764311,0.375,0.9473192761754021,0.14630264057470097,0.4133136881624203,0.6060222891593854,1.0,False
train,775511,2026-05-29T23:45:00-07:00,775511_1780123500_H30,764322,0.125,0.6225073217513105,0.1289022003850519,0.6795229549497067,0.3552173875409659,0.0,False
train,775536,2026-05-29T23:45:00-07:00,775536_1780123500_H30,768701,0.125,0.9793145935226049,0.8229949661357914,0.3678737645851555,0.5279861532117794,0.7737688922019021,False
train,775536,2026-05-29T23:45:00-07:00,775536_1780123500_H30,774344,0.125,0.9409167009674881,0.7712518849544838,0.5965197517489992,0.5177883061749206,0.2053737818743745,False
train,775536,2026-05-29T23:45:00-07:00,775536_1780123500_H30,718405,0.125,0.9409166843825207,0.6368006006002778,0.5965333180664896,0.5111629829571828,0.0,False
train,775536,2026-05-29T23:45:00-07:00,775536_1780123500_H30,759858,0.125,0.9409166843825207,0.4652130807137347,0.5965333180664896,0.5027070708496982,0.0,False
train,775536,2026-05-29T23:45:00-07:00,775536_1780123500_H30,759870,0.125,0.9736199479108513,0.29119380591962934,0.19746874269050158,0.4930381295428603,1.0,False
train,765501,2026-05-29T23:50:00-07:00,765501_1780123800_H30,773773,0.125,0.9478767844695983,0.8922927198566069,0.32967050901100015,0.5167480053314478,1.0,False
train,765501,2026-05-29T23:50:00-07:00,765501_1780123800_H30,773784,0.125,0.7289913857910826,0.784128931913251,0.6882547284470011,0.4326472079528707,0.36119269285406885,False
train,765501,2026-05-29T23:50:00-07:00,765501_1780123800_H30,717951,0.125,0.9478767844695983,0.7067502546636377,0.32967050901100015,0.5076043870839484,1.0,False
train,765501,2026-05-29T23:50:00-07:00,765501_1780123800_H30,776019,0.125,0.9392311993173761,0.6661976829962216,0.3627449725510244,0.5031986791996981,0.5261370366423068,False
train,765501,2026-05-29T23:50:00-07:00,765501_1780123800_H30,763616,0.7189131466540104,0.7474422366139153,0.6357676720344021,0.6574332007746126,0.7245336263091008,0.0,False
train,775511,2026-05-29T23:50:00-07:00,775511_1780123800_H30,764283,0.125,0.9951510362881387,0.36787944117144233,0.402002070904741,0.5134933287203699,0.33043760691163415,False
train,775511,2026-05-29T23:50:00-07:00,775511_1780123800_H30,764290,0.125,0.9951510362881387,0.3403019123393269,0.402002070904741,0.5121342953821634,0.33043760691163415,False
train,775511,2026-05-29T23:50:00-07:00,775511_1780123800_H30,764297,0.2982237778832464,0.7731122597283527,0.21460395078470418,0.4124298985467999,0.49821622300484975,1.0,False
train,775511,2026-05-29T23:50:00-07:00,775511_1780123800_H30,764311,0.375,0.9393281981829574,0.14630264057470097,0.24495021712438642,0.5963912000475596,0.7243877617305068,False
train,775511,2026-05-29T23:50:00-07:00,775511_1780123800_H30,764322,0.125,0.34016810462203106,0.1289022003850519,0.10342711026168713,0.2149447954625586,0.0,False
train,775536,2026-05-29T23:50:00-07:00,775536_1780123800_H30,768701,0.125,0.9929815440361962,0.8229949661357914,0.811771238359135,0.5502637813517811,0.8471530804063693,False
train,775536,2026-05-29T23:50:00-07:00,775536_1780123800_H30,774344,0.125,0.9478767844695983,0.7712518849544838,0.32967050901100015,0.5107830571695671,0.22806715556865964,False
train,775536,2026-05-29T23:50:00-07:00,775536_1780123800_H30,718405,0.125,0.9478769247626094,0.6368006006002778,0.3296784901566103,0.5041575920464009,0.0,False
train,775536,2026-05-29T23:50:00-07:00,775536_1780123800_H30,759858,0.125,0.9478769247626094,0.4652130807137347,0.3296784901566103,0.4957016799389163,0.0,False
train,775536,2026-05-29T23:50:00-07:00,775536_1780123800_H30,759870,0.125,0.9906326410124437,0.29119380591962934,0.5196363326203228,0.5121919927387496,1.0,False
train,765501,2026-05-29T23:55:00-07:00,765501_1780124100_H30,773773,0.125,0.9359550310765591,0.8922927198566069,0.13672369828739697,0.5045474451019011,1.0,False
train,765501,2026-05-29T23:55:00-07:00,765501_1780124100_H30,773784,0.125,0.6624837775420096,0.784128931913251,0.47987474721803575,0.3968990927685572,0.3487387503676441,False
train,765501,2026-05-29T23:55:00-07:00,765501_1780124100_H30,717951,0.125,0.9359550310765591,0.7067502546636377,0.13672369828739697,0.4954038268544017,1.0,False
train,765501,2026-05-29T23:55:00-07:00,765501_1780124100_H30,776019,0.125,0.8769101209721037,0.6661976829962216,0.08624898276384328,0.46667663134573,0.6044007730705506,False
train,765501,2026-05-29T23:55:00-07:00,765501_1780124100_H30,763616,0.7189131466540104,0.5946001340644471,0.6357676720344021,0.3627176172816365,0.6492366168854439,0.0,False
train,775511,2026-05-29T23:55:00-07:00,775511_1780124100_H30,764283,0.125,0.9815818123803787,0.36787944117144233,0.10934606531366364,0.4968873635755821,0.788229945368224,False
train,775511,2026-05-29T23:55:00-07:00,775511_1780124100_H30,764290,0.125,0.9815818123803787,0.3403019123393269,0.10934606531366364,0.4955283302373755,0.788229945368224,False
train,775511,2026-05-29T23:55:00-07:00,775511_1780124100_H30,764297,0.2982237778832464,0.7444228129550327,0.21460395078470418,0.5722300103844576,0.49209114708100876,0.3872192947805412,False
train,775511,2026-05-29T23:55:00-07:00,775511_1780124100_H30,764311,0.375,0.8789317354131743,0.14630264057470097,0.2451240676348877,0.5709792234620246,0.0,False
train,775511,2026-05-29T23:55:00-07:00,775511_1780124100_H30,764322,0.125,0.0,0.1289022003850519,0.05215162983195399,0.0698727604819904,1.0,False
train,775536,2026-05-29T23:55:00-07:00,775536_1780124100_H30,768701,0.125,0.9813120134979263,0.8229949661357914,0.12241792751956906,0.5196887683408747,0.8366879466535713,False
train,775536,2026-05-29T23:55:00-07:00,775536_1780124100_H30,774344,0.125,0.9359550310765591,0.7712518849544838,0.13672369828739697,0.49858249694002044,0.23738062315038577,False
train,775536,2026-05-29T23:55:00-07:00,775536_1780124100_H30,718405,0.125,0.935955509530808,0.6368006006002778,0.1367260673488649,0.4919569652043683,0.0,False
train,775536,2026-05-29T23:55:00-07:00,775536_1780124100_H30,759858,0.125,0.935955509530808,0.4652130807137347,0.1367260673488649,0.4835010530968838,0.0,False
train,775536,2026-05-29T23:55:00-07:00,775536_1780124100_H30,759870,0.125,0.9822264727400959,0.29119380591962934,0.14029684824414299,0.49453183136591367,1.0,False
validation,775536,2026-06-02T23:30:00-07:00,775536_1780468200_H30,768701,0.125,0.991053394069728,0.8229949661357914,0.30629948130341045,0.5306342087365752,,
validation,775536,2026-06-02T23:30:00-07:00,775536_1780468200_H30,774344,0.125,0.9675332690910439,0.7712518849544838,0.2007097588768934,0.514254633107805,,
validation,775536,2026-06-02T23:30:00-07:00,775536_1780468200_H30,718405,0.125,0.9675327022037958,0.6368006006002778,0.20071370326877958,0.5076287200774562,,
validation,775536,2026-06-02T23:30:00-07:00,775536_1780468200_H30,759858,0.125,0.9675327022037958,0.4652130807137347,0.20071370326877958,0.4991728079699717,,
validation,775536,2026-06-02T23:30:00-07:00,775536_1780468200_H30,759870,0.125,0.9804083708173214,0.29119380591962934,0.3824855569856269,0.5027830528452071,,
validation,775536,2026-06-02T23:35:00-07:00,775536_1780468500_H30,768701,0.125,0.9999999484639772,0.8229949661357914,0.42949846423642823,0.5389860012183318,,
validation,775536,2026-06-02T23:35:00-07:00,775536_1780468500_H30,774344,0.125,0.9737302704992994,0.7712518849544838,0.26354600335568873,0.519202018527864,,
validation,775536,2026-06-02T23:35:00-07:00,775536_1780468500_H30,718405,0.125,0.9737296141009335,0.6368006006002778,0.2635493401889693,0.5125760452072166,,
validation,775536,2026-06-02T23:35:00-07:00,775536_1780468500_H30,759858,0.125,0.9737296141009335,0.4652130807137347,0.2635493401889693,0.5041201330997319,,
validation,775536,2026-06-02T23:35:00-07:00,775536_1780468500_H30,759870,0.125,0.9750687360023039,0.29119380591962934,0.3824855569856269,0.5005358147111924,,
validation,775536,2026-06-02T23:40:00-07:00,775536_1780468800_H30,768701,0.125,0.9958156444715144,0.8229949661357914,0.3678867982376552,0.5349312689664332,,
validation,775536,2026-06-02T23:40:00-07:00,775536_1780468800_H30,774344,0.125,0.9799711382004033,0.7712518849544838,0.6881735675846605,0.5376369112296389,,
validation,775536,2026-06-02T23:40:00-07:00,775536_1780468800_H30,718405,0.125,0.9799705529395396,0.6368006006002778,0.6881680429827477,0.5310106379475829,,
validation,775536,2026-06-02T23:40:00-07:00,775536_1780468800_H30,759858,0.125,0.9799705529395396,0.4652130807137347,0.6881680429827477,0.5225547258400983,,
validation,775536,2026-06-02T23:40:00-07:00,775536_1780468800_H30,759870,0.125,0.9842300511342864,0.29119380591962934,0.44419399305645385,0.5066887739667583,,
validation,775536,2026-06-02T23:45:00-07:00,775536_1780469100_H30,768701,0.125,0.9952378011342374,0.8229949661357914,0.42949846423642823,0.5369818044052671,,
validation,775536,2026-06-02T23:45:00-07:00,775536_1780469100_H30,774344,0.125,0.979383627252195,0.7712518849544838,0.5226311255179894,0.5312267099857184,,
validation,775536,2026-06-02T23:45:00-07:00,775536_1780469100_H30,718405,0.125,0.9785774274098962,0.6368006006002778,0.7807966205200825,0.5338727752667448,,
validation,775536,2026-06-02T23:45:00-07:00,775536_1780469100_H30,759858,0.125,0.9785774274098962,0.4652130807137347,0.7807966205200825,0.5254168631592602,,
validation,775536,2026-06-02T23:45:00-07:00,775536_1780469100_H30,759870,0.125,0.9818999531218463,0.29119380591962934,0.44419399305645385,0.5057081291678256,,
validation,775536,2026-06-02T23:50:00-07:00,775536_1780469400_H30,768701,0.125,0.9792524267036583,0.8229949661357914,0.09791075732375595,0.5179095990691839,,
validation,775536,2026-06-02T23:50:00-07:00,775536_1780469400_H30,774344,0.125,0.9861119259538872,0.7712518849544838,0.321164005680268,0.5265580080494138,,
validation,775536,2026-06-02T23:50:00-07:00,775536_1780469400_H30,718405,0.125,0.9851419946184312,0.6368006006002778,0.33439800470840914,0.5200166670586643,,
validation,775536,2026-06-02T23:50:00-07:00,775536_1780469400_H30,759858,0.125,0.9851419946184312,0.4652130807137347,0.33439800470840914,0.5115607549511798,,
validation,775536,2026-06-02T23:50:00-07:00,775536_1780469400_H30,759870,0.125,0.982515165507983,0.29119380591962934,0.44419399305645385,0.505967047386494,,
validation,775536,2026-06-02T23:55:00-07:00,775536_1780469700_H30,768701,0.125,0.9844073214669654,0.8229949661357914,0.15475030174546583,0.5221951538334012,,
validation,775536,2026-06-02T23:55:00-07:00,775536_1780469700_H30,774344,0.125,0.963625477757082,0.7712518849544838,0.08962699345372832,0.5084745257768984,,
validation,775536,2026-06-02T23:55:00-07:00,775536_1780469700_H30,718405,0.125,0.9630903688451364,0.6368006006002778,0.08291362137158552,0.501373568019582,,
validation,775536,2026-06-02T23:55:00-07:00,775536_1780469700_H30,759858,0.125,0.9630903688451364,0.4652130807137347,0.08291362137158552,0.4929176559120975,,
validation,775536,2026-06-02T23:55:00-07:00,775536_1780469700_H30,759870,0.125,0.98845150057338,0.29119380591962934,0.44419399305645385,0.5084654127237133,,
validation,765501,2026-06-03T15:25:00-07:00,765501_1780525500_H30,773773,0.125,0.9565892009411555,0.8922927198566069,0.587312241651227,0.5300063967174329,,
validation,765501,2026-06-03T15:25:00-07:00,765501_1780525500_H30,773784,0.125,0.0,0.784128931913251,0.8116940377532137,0.13043946534254902,,
validation,765501,2026-06-03T15:25:00-07:00,765501_1780525500_H30,717951,0.125,0.9565892009411555,0.7067502546636377,0.587312241651227,0.5208627784699336,,
validation,765501,2026-06-03T15:25:00-07:00,765501_1780525500_H30,776019,0.125,0.34587206792231573,0.6661976829962216,0.15881358996859582,0.24588550449713878,,
validation,765501,2026-06-03T15:25:00-07:00,765501_1780525500_H30,763616,0.7189131466540104,0.0,0.6357676720344021,0.6303338173183168,0.40895629028359354,,
validation,765501,2026-06-03T15:30:00-07:00,765501_1780525800_H30,773773,0.125,0.9739985637607478,0.8922927198566069,0.9144484957609937,0.5495121795425977,,
validation,765501,2026-06-03T15:30:00-07:00,765501_1780525800_H30,773784,0.125,0.07895166370444462,0.784128931913251,0.07693180222729495,0.13631275999610232,,
validation,765501,2026-06-03T15:30:00-07:00,765501_1780525800_H30,717951,0.125,0.9739985637607478,0.7067502546636377,0.9144484957609937,0.5403685612950984,,
validation,765501,2026-06-03T15:30:00-07:00,765501_1780525800_H30,776019,0.125,0.29874756310683426,0.6661976829962216,0.16692270642760976,0.22635458289737917,,
validation,765501,2026-06-03T15:30:00-07:00,765501_1780525800_H30,763616,0.7189131466540104,0.03531478347098671,0.6357676720344021,0.07579810195094121,0.40317418382569487,,
validation,765501,2026-06-03T15:35:00-07:00,765501_1780526100_H30,773773,0.125,0.9440121118689699,0.8922927198566069,0.15098742892041775,0.508469368400364,,
validation,765501,2026-06-03T15:35:00-07:00,765501_1780526100_H30,773784,0.125,0.0,0.784128931913251,0.07114898584539892,0.1028698841608134,,
validation,765501,2026-06-03T15:35:00-07:00,765501_1780526100_H30,717951,0.125,0.9440121118689699,0.7067502546636377,0.15098742892041775,0.4993257501528647,,
validation,765501,2026-06-03T15:35:00-07:00,765501_1780526100_H30,776019,0.125,0.27406333065515276,0.6661976829962216,0.17597868386184273,0.21630312238055655,,
validation,765501,2026-06-03T15:35:00-07:00,765501_1780526100_H30,763616,0.7189131466540104,0.0,0.6357676720344021,0.07353497926757939,0.3882273545787517,,
validation,765501,2026-06-03T15:40:00-07:00,765501_1780526400_H30,773773,0.125,0.9060444520789557,0.8922927198566069,0.09068291422425233,0.49024524029542155,,
validation,765501,2026-06-03T15:40:00-07:00,765501_1780526400_H30,773784,0.125,0.0,0.784128931913251,0.12089512321871332,0.10472187165199724,,
validation,765501,2026-06-03T15:40:00-07:00,765501_1780526400_H30,717951,0.125,0.9060444520789557,0.7067502546636377,0.09068291422425233,0.4811016220479222,,
validation,765501,2026-06-03T15:40:00-07:00,765501_1780526400_H30,776019,0.125,0.2228833250346589,0.6661976829962216,0.17631272356951033,0.19477594660644554,,
validation,765501,2026-06-03T15:40:00-07:00,765501_1780526400_H30,763616,0.7189131466540104,0.0,0.6357676720344021,0.1358756752861184,0.390548221993072,,
validation,765501,2026-06-03T15:45:00-07:00,765501_1780526700_H30,773773,0.125,0.8305007171176961,0.8922927198566069,0.07356857569519196,0.45781476635625346,,
validation,765501,2026-06-03T15:45:00-07:00,765501_1780526700_H30,773784,0.125,0.0,0.784128931913251,0.1769028482954812,0.10680697034967984,,
validation,765501,2026-06-03T15:45:00-07:00,765501_1780526700_H30,717951,0.125,0.8305007171176961,0.7067502546636377,0.07356857569519196,0.4486711481087541,,
validation,765501,2026-06-03T15:45:00-07:00,765501_1780526700_H30,776019,0.125,0.18381008310328306,0.6661976829962216,0.1810954109386749,0.1785096397757714,,
validation,765501,2026-06-03T15:45:00-07:00,765501_1780526700_H30,763616,0.7189131466540104,0.0,0.6357676720344021,0.1889347975624159,0.3925235478361918,,
validation,765501,2026-06-03T15:50:00-07:00,765501_1780527000_H30,773773,0.125,0.7616108515234032,0.8922927198566069,0.08590252366880047,0.4292809626392391,,
validation,765501,2026-06-03T15:50:00-07:00,765501_1780527000_H30,773784,0.125,0.0,0.784128931913251,0.22017429290687204,0.1084179129952236,,
validation,765501,2026-06-03T15:50:00-07:00,765501_1780527000_H30,717951,0.125,0.7616108515234032,0.7067502546636377,0.08590252366880047,0.4201373443917397,,
validation,765501,2026-06-03T15:50:00-07:00,765501_1780527000_H30,776019,0.125,0.19336956425501994,0.6661976829962216,0.20417708028101966,0.18339214413722987,,
validation,765501,2026-06-03T15:50:00-07:00,765501_1780527000_H30,763616,0.7189131466540104,0.028571376670747717,0.6357676720344021,0.23889233494246248,0.4064079520025742,,
validation,769895,2026-06-03T17:30:00-07:00,769895_1780533000_H30,770116,0.125,0.8320027457195982,0.6578152456099651,0.13130182828957046,0.4490410898563341,,
validation,769895,2026-06-03T17:30:00-07:00,769895_1780533000_H30,769880,0.7658937862112813,0.7928078044164684,0.6556829452252355,0.9909468544799747,0.7801680247976417,,
validation,769895,2026-06-03T17:30:00-07:00,769895_1780533000_H30,769866,0.7493720392939975,0.6027369077839693,0.5758269762031877,0.4734013389495421,0.6688327632327621,,
validation,769895,2026-06-03T17:30:00-07:00,769895_1780533000_H30,769847,0.7658937862112813,0.7316557523332806,0.4441076408043507,0.8577094486476056,0.7390447854689498,,
validation,769895,2026-06-03T17:30:00-07:00,769895_1780533000_H30,770385,0.23285029237671376,0.6502110113662679,0.33157670652330645,0.5449457427311092,0.4249848925459306,,
validation,769965,2026-06-03T17:30:00-07:00,769965_1780533000_H30,770129,0.6527984948132077,0.6616355226738793,0.6996725373751304,0.323516144054331,0.6465688430426632,,
validation,769965,2026-06-03T17:30:00-07:00,769965_1780533000_H30,769911,0.5416790968879246,0.39564355645953797,0.655682945225236,0.42020722115167486,0.48131450878154897,,
validation,769965,2026-06-03T17:30:00-07:00,769965_1780533000_H30,770141,0.6527984948132077,0.5632635412219182,0.655682945225236,0.5007146996611055,0.6095970783368562,,
validation,769965,2026-06-03T17:30:00-07:00,769965_1780533000_H30,769867,0.6527984948132077,0.708769499076559,0.5056967074374724,0.2821755237705963,0.6553073645001274,,
validation,769965,2026-06-03T17:30:00-07:00,769965_1780533000_H30,769926,0.6527984948132077,0.811893815016474,0.4299201246592394,0.8052485515887173,0.7144473133559185,,
validation,769895,2026-06-03T17:35:00-07:00,769895_1780533300_H30,770116,0.125,0.8316095727592305,0.6578152456099651,0.19903359113880043,0.45139718932625394,,
validation,769895,2026-06-03T17:35:00-07:00,769895_1780533300_H30,769880,0.7658937862112813,0.6994529087739831,0.6556829452252355,0.32444378456037715,0.7160656041701061,,
validation,769895,2026-06-03T17:35:00-07:00,769895_1780533300_H30,769866,0.7493720392939975,0.5460346566236145,0.5758269762031877,0.6424291743799092,0.651261758263525,,
validation,769895,2026-06-03T17:35:00-07:00,769895_1780533300_H30,769847,0.7658937862112813,0.7103316042876993,0.4441076408043507,0.473408838480038,0.7157632679084874,,
validation,769895,2026-06-03T17:35:00-07:00,769895_1780533300_H30,770385,0.23285029237671376,0.6364002181571844,0.33157670652330645,0.5770637413047246,0.420368197172958,,
validation,769965,2026-06-03T17:35:00-07:00,769965_1780533300_H30,770129,0.6527984948132077,0.6325318807038418,0.6996725373751304,0.3235161440543311,0.6343202874130092,,
validation,769965,2026-06-03T17:35:00-07:00,769965_1780533300_H30,769911,0.5416790968879246,0.6741187618404645,0.655682945225236,0.8569736980533803,0.6147738323468693,,
validation,769965,2026-06-03T17:35:00-07:00,769965_1780533300_H30,770141,0.6527984948132077,0.5305407825179791,0.655682945225236,0.599907802876663,0.5995182188221184,,
validation,769965,2026-06-03T17:35:00-07:00,769965_1780533300_H30,769867,0.6527984948132077,0.7045436976642613,0.5056967074374724,0.2856374004763108,0.6536577755827663,,
validation,769965,2026-06-03T17:35:00-07:00,769965_1780533300_H30,769926,0.6527984948132077,0.7703600522029341,0.4299201246592394,0.79562893707278,0.6966092919915149,,
validation,769895,2026-06-03T17:40:00-07:00,769895_1780533600_H30,770116,0.125,0.8557504353855102,0.6578152456099651,0.2639989134500735,0.46397568919709187,,
validation,769895,2026-06-03T17:40:00-07:00,769895_1780533600_H30,769880,0.7658937862112813,0.843199151116369,0.6556829452252355,0.6079257681476676,0.7871163177415289,,
validation,769895,2026-06-03T17:40:00-07:00,769895_1780533600_H30,769866,0.7493720392939975,0.6767953550006088,0.5758269762031877,0.5332108177590859,0.7022276266757975,,
validation,769895,2026-06-03T17:40:00-07:00,769895_1780533600_H30,769847,0.7658937862112813,0.822535273851939,0.4441076408043507,0.7137473369893872,0.7719327988230988,,
validation,769895,2026-06-03T17:40:00-07:00,769895_1780533600_H30,770385,0.23285029237671376,0.7551799457263316,0.33157670652330645,0.5223130603716291,0.4683195200531629,,
validation,769965,2026-06-03T17:40:00-07:00,769965_1780533600_H30,770129,0.6527984948132077,0.6577678014318921,0.6996725373751304,0.5706102448740171,0.6541400836676055,,
validation,769965,2026-06-03T17:40:00-07:00,769965_1780533600_H30,769911,0.5416790968879246,0.5728035989757073,0.655682945225236,0.5005942387698891,0.5588667749876931,,
validation,769965,2026-06-03T17:40:00-07:00,769965_1780533600_H30,770141,0.6527984948132077,0.5439034827553342,0.655682945225236,0.6568661432796198,0.6072625323436878,,
validation,769965,2026-06-03T17:40:00-07:00,769965_1780533600_H30,769867,0.6527984948132077,0.8421880632148957,0.5056967074374724,0.5065075177507002,0.7198094911930631,,
validation,769965,2026-06-03T17:40:00-07:00,769965_1780533600_H30,769926,0.6527984948132077,0.739749157999927,0.4299201246592394,0.1962352682545006,0.6614117054997612,,
validation,769895,2026-06-03T17:45:00-07:00,769895_1780533900_H30,770116,0.125,0.8702300309199424,0.6578152456099651,0.45063903463165644,0.47701795230273114,,
validation,769895,2026-06-03T17:45:00-07:00,769895_1780533900_H30,769880,0.7658937862112813,0.49101624659799936,0.6556829452252355,0.09368321113832347,0.6197520407011512,,
validation,769895,2026-06-03T17:45:00-07:00,769895_1780533900_H30,769866,0.7493720392939975,0.5279053771410384,0.5758269762031877,0.5596809242420905,0.6405512561036011,,
validation,769895,2026-06-03T17:45:00-07:00,769895_1780533900_H30,769847,0.7658937862112813,0.781447262455683,0.4441076408043507,0.9673324214280282,0.7640811634706545,,
validation,769895,2026-06-03T17:45:00-07:00,769895_1780533900_H30,770385,0.23285029237671376,0.697863726707427,0.33157670652330645,0.9874556552888749,0.4615141088194267,,
validation,769965,2026-06-03T17:45:00-07:00,769965_1780533900_H30,770129,0.6527984948132077,0.7218338034803297,0.6996725373751304,0.510839554470368,0.6788777051327578,,
validation,769965,2026-06-03T17:45:00-07:00,769965_1780533900_H30,769911,0.5416790968879246,0.6179905679936827,0.655682945225236,0.38618423818874653,0.5736248143473704,,
validation,769965,2026-06-03T17:45:00-07:00,769965_1780533900_H30,770141,0.6527984948132077,0.5952783308242229,0.655682945225236,0.7873039223687583,0.6337401834134623,,
validation,769965,2026-06-03T17:45:00-07:00,769965_1780533900_H30,769867,0.6527984948132077,0.7717680179568834,0.5056967074374724,0.5581766254407726,0.6920960958290946,,
validation,769965,2026-06-03T17:45:00-07:00,769965_1780533900_H30,769926,0.6527984948132077,0.8607484836967967,0.4299201246592394,0.801053895264854,0.7348521220685983,,
validation,769895,2026-06-03T17:50:00-07:00,769895_1780534200_H30,770116,0.125,0.8841755706287663,0.6578152456099651,0.7374173233217738,0.49356347350628244,,
validation,769895,2026-06-03T17:50:00-07:00,769895_1780534200_H30,769880,0.7658937862112813,0.4853532477198851,0.6556829452252355,0.16422025984724412,0.6199947191432363,,
validation,769895,2026-06-03T17:50:00-07:00,769895_1780534200_H30,769866,0.7493720392939975,0.6878369299398766,0.5758269762031877,0.9544557147789479,0.7225570119710875,,
validation,769895,2026-06-03T17:50:00-07:00,769895_1780534200_H30,769847,0.7658937862112813,0.6649577045243324,0.4441076408043507,0.24775382886844888,0.6882663549516866,,
validation,769895,2026-06-03T17:50:00-07:00,769895_1780534200_H30,770385,0.23285029237671376,0.6038098372221681,0.33157670652330645,0.2979214702685865,0.3962600896386302,,
validation,769965,2026-06-03T17:50:00-07:00,769965_1780534200_H30,770129,0.6527984948132077,0.7323507516306066,0.6996725373751304,0.575803554262209,0.6857223965865932,,
validation,769965,2026-06-03T17:50:00-07:00,769965_1780534200_H30,769911,0.5416790968879246,0.6699591015153084,0.655682945225236,0.38802557267998944,0.5955648363941904,,
validation,769965,2026-06-03T17:50:00-07:00,769965_1780534200_H30,770141,0.6527984948132077,0.6814728487478836,0.655682945225236,0.980204774530843,0.6771974603552428,,
validation,769965,2026-06-03T17:50:00-07:00,769965_1780534200_H30,769867,0.6527984948132077,0.6986625291798155,0.5056967074374724,0.2493883649761559,0.6498331206527931,,
validation,769965,2026-06-03T17:50:00-07:00,769965_1780534200_H30,769926,0.6527984948132077,0.3768708364642622,0.4299201246592394,0.07172224352651096,0.5040553074019561,,
validation,769895,2026-06-03T17:55:00-07:00,769895_1780534500_H30,770116,0.125,0.8546866099868637,0.6578152456099651,0.5577655488953728,0.4744645381675013,,
validation,769895,2026-06-03T17:55:00-07:00,769895_1780534500_H30,769880,0.7658937862112813,0.6269673233996651,0.6556829452252355,0.514123781338639,0.6926208814193464,,
validation,769895,2026-06-03T17:55:00-07:00,769895_1780534500_H30,769866,0.7493720392939975,0.7592894285874179,0.5758269762031877,0.5657521032143747,0.7381575456355826,,
validation,769895,2026-06-03T17:55:00-07:00,769895_1780534500_H30,769847,0.7658937862112813,0.8661522648131248,0.4441076408043507,0.5873992145138967,0.7855856557961111,,
validation,769895,2026-06-03T17:55:00-07:00,769895_1780534500_H30,770385,0.23285029237671376,0.8758750619657111,0.33157670652330645,0.9591553308882855,0.5353783539733503,,
validation,769965,2026-06-03T17:55:00-07:00,769965_1780534500_H30,770129,0.6527984948132077,0.6482251807030136,0.6996725373751304,0.20234675693853665,0.6364139807566961,,
validation,769965,2026-06-03T17:55:00-07:00,769965_1780534500_H30,769911,0.5416790968879246,0.5975334621137675,0.655682945225236,0.6280601260266911,0.5740199806883606,,
validation,769965,2026-06-03T17:55:00-07:00,769965_1780534500_H30,770141,0.6527984948132077,0.7638873659020831,0.655682945225236,0.29334859742810493,0.6863116147549986,,
validation,769965,2026-06-03T17:55:00-07:00,769965_1780534500_H30,769867,0.6527984948132077,0.7756592531848024,0.5056967074374724,0.2348932940207935,0.6816983199789495,,
validation,769965,2026-06-03T17:55:00-07:00,769965_1780534500_H30,769926,0.6527984948132077,0.694567534317049,0.4299201246592394,0.6098980473803067,0.6577967285484428,,
validation,775536,2026-06-03T19:05:00-07:00,775536_1780538700_H30,768701,0.125,0.7325322782543562,0.8229949661357914,0.22528970113871613,0.41881714528802544,,
validation,775536,2026-06-03T19:05:00-07:00,775536_1780538700_H30,774344,0.125,0.23161901855213007,0.7712518849544838,0.24311667012111254,0.20611659789941808,,
validation,775536,2026-06-03T19:05:00-07:00,775536_1780538700_H30,718405,0.125,0.21888581371508775,0.6368006006002778,0.2404875245497121,0.19403400153099548,,
validation,775536,2026-06-03T19:05:00-07:00,775536_1780538700_H30,759858,0.125,0.21888581371508775,0.4652130807137347,0.2404875245497121,0.18557808942351095,,
validation,775536,2026-06-03T19:05:00-07:00,775536_1780538700_H30,759870,0.125,0.7260308940436895,0.29119380591962934,0.217511558670938,0.3895839963385346,,
validation,775536,2026-06-03T19:10:00-07:00,775536_1780539000_H30,768701,0.125,0.7362439536119102,0.8229949661357914,0.22573934381327496,0.4203959802234191,,
validation,775536,2026-06-03T19:10:00-07:00,775536_1780539000_H30,774344,0.125,0.28242928441527515,0.7712518849544838,0.2615976229889749,0.22818862406430665,,
validation,775536,2026-06-03T19:10:00-07:00,775536_1780539000_H30,718405,0.125,0.27412633311695633,0.6368006006002778,0.2599697465343019,0.21800781974109734,,
validation,775536,2026-06-03T19:10:00-07:00,775536_1780539000_H30,759858,0.125,0.27412633311695633,0.4652130807137347,0.2599697465343019,0.2095519076336128,,
validation,775536,2026-06-03T19:10:00-07:00,775536_1780539000_H30,759870,0.125,0.7452054817568913,0.29119380591962934,0.23797400179453718,0.39841560284376515,,
validation,775536,2026-06-03T19:15:00-07:00,775536_1780539300_H30,768701,0.125,0.7607894768530323,0.8229949661357914,0.24396985869842922,0.4314049061349794,,
validation,775536,2026-06-03T19:15:00-07:00,775536_1780539300_H30,774344,0.125,0.3415629213074689,0.7712518849544838,0.28944465865326074,0.2541123110046862,,
validation,775536,2026-06-03T19:15:00-07:00,775536_1780539300_H30,718405,0.125,0.33303419629836095,0.6368006006002778,0.2885717105671664,0.24386459263619967,,
validation,775536,2026-06-03T19:15:00-07:00,775536_1780539300_H30,759858,0.125,0.33303419629836095,0.4652130807137347,0.2885717105671664,0.23540868052871514,,
validation,775536,2026-06-03T19:15:00-07:00,775536_1780539300_H30,759870,0.125,0.7709059224959607,0.29119380591962934,0.2542438238777766,0.4098375930285565,,
validation,775536,2026-06-03T19:20:00-07:00,775536_1780539600_H30,768701,0.125,0.7819269664664499,0.8229949661357914,0.2582108468039983,0.4408310022068448,,
validation,775536,2026-06-03T19:20:00-07:00,775536_1780539600_H30,774344,0.125,0.39725597393687073,0.7712518849544838,0.30981173588363475,0.27830952437241485,,
validation,775536,2026-06-03T19:20:00-07:00,775536_1780539600_H30,718405,0.125,0.38859743942333547,0.6368006006002778,0.3098608141048828,0.26804150029489815,,
validation,775536,2026-06-03T19:20:00-07:00,775536_1780539600_H30,759858,0.125,0.38859743942333547,0.4652130807137347,0.3098608141048828,0.2595855881874136,,
validation,775536,2026-06-03T19:20:00-07:00,775536_1780539600_H30,759870,0.125,0.7963918177060694,0.29119380591962934,0.26682889970787516,0.42103211103548177,,
validation,775536,2026-06-03T19:25:00-07:00,775536_1780539900_H30,768701,0.125,0.7881218286575044,0.8229949661357914,0.24065349438331302,0.4427845326127491,,
validation,775536,2026-06-03T19:25:00-07:00,775536_1780539900_H30,774344,0.125,0.44808235236316585,0.7712518849544838,0.3089062140867637,0.2996665970685247,,
validation,775536,2026-06-03T19:25:00-07:00,775536_1780539900_H30,718405,0.125,0.44358232874130865,0.6368006006002778,0.3103131223530339,0.291199273779689,,
validation,775536,2026-06-03T19:25:00-07:00,775536_1780539900_H30,759858,0.125,0.44358232874130865,0.4652130807137347,0.3103131223530339,0.2827433616722045,,
validation,775536,2026-06-03T19:25:00-07:00,775536_1780539900_H30,759870,0.125,0.7934040523463242,0.29119380591962934,0.2463820819337851,0.41901347055770616,,
validation,775536,2026-06-03T19:30:00-07:00,775536_1780540200_H30,768701,0.125,0.8046058559248661,0.8229949661357914,0.24873482699016042,0.4500228566261699,,
validation,775536,2026-06-03T19:30:00-07:00,775536_1780540200_H30,774344,0.125,0.5234478846448255,0.7712518849544838,0.3239638672434983,0.3319455047810718,,
validation,775536,2026-06-03T19:30:00-07:00,775536_1780540200_H30,718405,0.125,0.5147048682041927,0.6368006006002778,0.32658718365589107,0.32173776136954474,,
validation,775536,2026-06-03T19:30:00-07:00,775536_1780540200_H30,759858,0.125,0.5147048682041927,0.4652130807137347,0.32658718365589107,0.3132818492620602,,
validation,775536,2026-06-03T19:30:00-07:00,775536_1780540200_H30,759870,0.125,0.8115073819951466,0.29119380591962934,0.2545104685801413,0.4269350457612458,,
validation,769895,2026-06-04T23:30:00-07:00,769895_1780641000_H30,770116,0.125,0.9741480273724976,0.6578152456099651,0.17692734255365591,0.5105629195686996,,
validation,769895,2026-06-04T23:30:00-07:00,769895_1780641000_H30,769880,0.7658937862112813,0.45401669781764853,0.6556829452252355,0.713199418409595,0.6272442407794955,,
validation,769895,2026-06-04T23:30:00-07:00,769895_1780641000_H30,769866,0.7493720392939975,0.4090111713525262,0.5758269762031877,0.696983744459679,0.5956250685130544,,
validation,769895,2026-06-04T23:30:00-07:00,769895_1780641000_H30,769847,0.7658937862112813,0.41647229356478577,0.4441076408043507,0.8408712650003345,0.6057698440460316,,
validation,769895,2026-06-04T23:30:00-07:00,769895_1780641000_H30,770385,0.23285029237671376,0.6360399862010204,0.33157670652330645,0.6280017020732983,0.42211294760050266,,
validation,769965,2026-06-04T23:30:00-07:00,769965_1780641000_H30,770129,0.6527984948132077,0.4762692746944611,0.6996725373751304,0.6186085577124739,0.5795415513576748,,
validation,769965,2026-06-04T23:30:00-07:00,769965_1780641000_H30,769911,0.4708457635545913,0.21332491165773404,0.655682945225236,0.667915518821673,0.37891109160128345,,
validation,769965,2026-06-04T23:30:00-07:00,769965_1780641000_H30,770141,0.15279849481320767,0.7924955210050929,0.655682945225236,0.21790001501277753,0.44922734358525657,,
validation,769965,2026-06-04T23:30:00-07:00,769965_1780641000_H30,769867,0.6527984948132077,0.3640199079052351,0.5056967074374724,0.7709492565959978,0.5284125333640756,,
validation,769965,2026-06-04T23:30:00-07:00,769965_1780641000_H30,769926,0.6527984948132077,0.2698326618892781,0.4299201246592394,0.39281544294235693,0.47096113753112556,,
validation,769895,2026-06-04T23:35:00-07:00,769895_1780641300_H30,770116,0.125,0.9805310006847898,0.6578152456099651,0.5613958991228868,0.5275625483756172,,
validation,769895,2026-06-04T23:35:00-07:00,769895_1780641300_H30,769880,0.7658937862112813,0.24927845141988203,0.6556829452252355,0.9189767118781391,0.5487389598841836,,
validation,769895,2026-06-04T23:35:00-07:00,769895_1780641300_H30,769866,0.7493720392939975,0.3007200199934912,0.5758269762031877,0.5170163381568582,0.5433497010771511,,
validation,769895,2026-06-04T23:35:00-07:00,769895_1780641300_H30,769847,0.7658937862112813,0.32552144487108603,0.4441076408043507,0.9805406685172673,0.5726919997019316,,
validation,769895,2026-06-04T23:35:00-07:00,769895_1780641300_H30,770385,0.23285029237671376,0.5049748570959174,0.33157670652330645,0.8736970957681084,0.376099828685789,,
validation,769965,2026-06-04T23:35:00-07:00,769965_1780641300_H30,770129,0.6527984948132077,0.4509786326153232,0.6996725373751304,0.7286176446104736,0.5729932374118608,,
validation,769965,2026-06-04T23:35:00-07:00,769965_1780641300_H30,769911,0.4666790968879246,0.24192468535869482,0.655682945225236,0.5925465186016842,0.3860890654815964,,
validation,769965,2026-06-04T23:35:00-07:00,769965_1780641300_H30,770141,0.15279849481320767,0.8403170120658019,0.655682945225236,0.8624514958019436,0.4933493498012045,,
validation,769965,2026-06-04T23:35:00-07:00,769965_1780641300_H30,769867,0.6527984948132077,0.36722484072995853,0.5056967074374724,0.398149122347437,0.5158824707100914,,
validation,769965,2026-06-04T23:35:00-07:00,769965_1780641300_H30,769926,0.6527984948132077,0.24527205250981887,0.4299201246592394,0.14950468985165308,0.4515664021193285,,
validation,769895,2026-06-04T23:40:00-07:00,769895_1780641600_H30,770116,0.125,0.9910980103040599,0.6578152456099651,0.5613958991228868,0.5320097789075887,,
validation,769895,2026-06-04T23:40:00-07:00,769895_1780641600_H30,769880,0.7658937862112813,0.2251246590419992,0.6556829452252355,0.8807126657200628,0.5371490740597838,,
validation,769895,2026-06-04T23:40:00-07:00,769895_1780641600_H30,769866,0.7493720392939975,0.19784713272550858,0.5758269762031877,0.7089696544206835,0.5072008146068839,,
validation,769895,2026-06-04T23:40:00-07:00,769895_1780641600_H30,769847,0.7658937862112813,0.3709874706661459,0.4441076408043507,0.9419724454458621,0.5903909789345098,,
validation,769895,2026-06-04T23:40:00-07:00,769895_1780641600_H30,770385,0.23285029237671376,0.5673799249171186,0.33157670652330645,0.8120366024225989,0.4000680745122065,,
validation,769965,2026-06-04T23:40:00-07:00,769965_1780641600_H30,770129,0.6527984948132077,0.3698805515486363,0.6996725373751304,0.3961853728572644,0.5264862632533025,,
validation,769965,2026-06-04T23:40:00-07:00,769965_1780641600_H30,769911,0.46251243022125793,0.26806682187646436,0.655682945225236,0.828583783626991,0.4038259905697899,,
validation,769965,2026-06-04T23:40:00-07:00,769965_1780641600_H30,770141,0.15279849481320767,0.8466442921850503,0.655682945225236,0.6609086093585549,0.4885090545299063,,
validation,769965,2026-06-04T23:40:00-07:00,769965_1780641600_H30,769867,0.6527984948132077,0.5009209604251539,0.5056967074374724,0.8886305569531974,0.5904098256327218,,
validation,769965,2026-06-04T23:40:00-07:00,769965_1780641600_H30,769926,0.6527984948132077,0.2906785149958575,0.4299201246592394,0.6313476754844267,0.488614582576451,,
validation,769895,2026-06-04T23:45:00-07:00,769895_1780641900_H30,770116,0.125,0.9867041439672121,0.6578152456099651,0.5613958991228868,0.530160576793587,,
validation,769895,2026-06-04T23:45:00-07:00,769895_1780641900_H30,769880,0.7658937862112813,0.261911391770669,0.6556829452252355,0.5558659715918587,0.5405374916799612,,
validation,769895,2026-06-04T23:45:00-07:00,769895_1780641900_H30,769866,0.7493720392939975,0.39032466483064565,0.5758269762031877,0.8571484217043966,0.5937234012692767,,
validation,769895,2026-06-04T23:45:00-07:00,769895_1780641900_H30,769847,0.7658937862112813,0.32480907717938057,0.4441076408043507,0.40912669647468686,0.5511191535496129,,
validation,769895,2026-06-04T23:45:00-07:00,769895_1780641900_H30,770385,0.23285029237671376,0.5425992028933311,0.33157670652330645,0.7599298976689022,0.3876989939957137,,
validation,769965,2026-06-04T23:45:00-07:00,769965_1780641900_H30,770129,0.6527984948132077,0.6110666844532351,0.6996725373751304,0.5274282636110648,0.6328778445631377,,
validation,769965,2026-06-04T23:45:00-07:00,769965_1780641900_H30,769911,0.4583457635545913,0.6321684040875813,0.655682945225236,0.521570594015766,0.5435793913226226,,
validation,769965,2026-06-04T23:45:00-07:00,769965_1780641900_H30,770141,0.15279849481320767,0.8057086445644313,0.655682945225236,0.6998524815551642,0.4727307147233847,,
validation,769965,2026-06-04T23:45:00-07:00,769965_1780641900_H30,769867,0.6527984948132077,0.5811584057575828,0.5056967074374724,0.466877827531371,0.6084772130171412,,
validation,769965,2026-06-04T23:45:00-07:00,769965_1780641900_H30,769926,0.6527984948132077,0.4488827669735498,0.4299201246592394,0.7931540766747543,0.5612202602943293,,
validation,769895,2026-06-04T23:50:00-07:00,769895_1780642200_H30,770116,0.125,0.9918716950645153,0.6578152456099651,0.46378244769865906,0.5287013630910588,,
validation,769895,2026-06-04T23:50:00-07:00,769895_1780642200_H30,769880,0.7658937862112813,0.5465395379885069,0.6556829452252355,0.8711514120974035,0.6720637517386436,,
validation,769895,2026-06-04T23:50:00-07:00,769895_1780642200_H30,769866,0.7493720392939975,0.4587615737980355,0.5758269762031877,0.6355341769955826,0.6142753257414233,,
validation,769895,2026-06-04T23:50:00-07:00,769895_1780642200_H30,769847,0.7658937862112813,0.25723423181182303,0.4441076408043507,0.5457572978525391,0.5277662005864914,,
validation,769895,2026-06-04T23:50:00-07:00,769895_1780642200_H30,770385,0.23285029237671376,0.3083511075280657,0.33157670652330645,0.3052385823922151,0.2721857675157516,,
validation,769965,2026-06-04T23:50:00-07:00,769965_1780642200_H30,770129,0.6527984948132077,0.6327001597531788,0.6996725373751304,0.35961030533674354,0.6357348505331134,,
validation,769965,2026-06-04T23:50:00-07:00,769965_1780642200_H30,769911,0.46251243022125793,0.3950349150387671,0.655682945225236,0.4665474339213178,0.4437836007215032,,
validation,769965,2026-06-04T23:50:00-07:00,769965_1780642200_H30,770141,0.15279849481320767,0.9116833227048349,0.655682945225236,0.481773921127183,0.5092124098685931,,
validation,769965,2026-06-04T23:50:00-07:00,769965_1780642200_H30,769867,0.6527984948132077,0.5906798409611668,0.5056967074374724,0.8519757336124095,0.6268211244661411,,
validation,769965,2026-06-04T23:50:00-07:00,769965_1780642200_H30,769926,0.6527984948132077,0.40730115194683625,0.4299201246592394,0.6679189177317661,0.5390578753767031,,
validation,769895,2026-06-04T23:55:00-07:00,769895_1780642500_H30,770116,0.125,0.995893193190871,0.6578152456099651,0.5196264456759219,0.5324728536992412,,
validation,769895,2026-06-04T23:55:00-07:00,769895_1780642500_H30,769880,0.7658937862112813,0.4893509863339164,0.6556829452252355,0.2843479344949542,0.6261494125191374,,
validation,769895,2026-06-04T23:55:00-07:00,769895_1780642500_H30,769866,0.7493720392939975,0.5141789456357814,0.5758269762031877,0.47360013344401636,0.6315696696812023,,
validation,769895,2026-06-04T23:55:00-07:00,769895_1780642500_H30,769847,0.7658937862112813,0.6409268483311094,0.4441076408043507,0.3852093032011226,0.6832700295949371,,
validation,769895,2026-06-04T23:55:00-07:00,769895_1780642500_H30,770385,0.23285029237671376,0.76195430670183,0.33157670652330645,0.7874959485060724,0.481043009552581,,
validation,769965,2026-06-04T23:55:00-07:00,769965_1780642500_H30,770129,0.6527984948132077,0.6698493615163605,0.6996725373751304,0.6215794094863712,0.6611222470360724,,
validation,769965,2026-06-04T23:55:00-07:00,769965_1780642500_H30,769911,0.4583457635545913,0.3972976247717701,0.655682945225236,0.21299365166234702,0.4332437604799976,,
validation,769965,2026-06-04T23:55:00-07:00,769965_1780642500_H30,770141,0.15279849481320767,0.9240357514802862,0.655682945225236,0.8354140626449779,0.5275766390959463,,
validation,769965,2026-06-04T23:55:00-07:00,769965_1780642500_H30,769867,0.6527984948132077,0.36903489948533896,0.5056967074374724,0.17982427400541992,0.5085162863469335,,
validation,769965,2026-06-04T23:55:00-07:00,769965_1780642500_H30,769926,0.6527984948132077,0.40288662980818246,0.4299201246592394,0.7403550350591634,0.539896687593315,,
validation,765501,2026-06-06T07:20:00-07:00,765501_1780755600_H30,773773,0.125,0.2507772937535844,0.8922927198566069,0.27069457287531973,0.22117118709240824,,
validation,765501,2026-06-06T07:20:00-07:00,765501_1780755600_H30,773784,0.125,0.4645656641266819,0.784128931913251,0.3821161286698251,0.3099638637460016,,
validation,765501,2026-06-06T07:20:00-07:00,765501_1780755600_H30,717951,0.125,0.8251367831379939,0.7067502546636377,0.2190606332091308,0.45183017373165496,,
validation,765501,2026-06-06T07:20:00-07:00,765501_1780755600_H30,776019,0.125,0.7611417778596731,0.6661976829962216,0.14883537402628078,0.4202843932593295,,
validation,765501,2026-06-06T07:20:00-07:00,765501_1780755600_H30,763616,0.46891314665401046,0.7166909765769534,0.6357676720344021,0.6973857850212775,0.5899213206985198,,
validation,769895,2026-06-06T07:20:00-07:00,769895_1780755600_H30,770116,0.125,0.7416493293575683,0.6578152456099651,0.3396407583198181,0.41877116280630233,,
validation,769895,2026-06-06T07:20:00-07:00,769895_1780755600_H30,769880,0.4325604528779481,0.5585128302965323,0.6556829452252355,0.3680827174015854,0.49416390944475497,,
validation,769895,2026-06-06T07:20:00-07:00,769895_1780755600_H30,769866,0.24937203929399754,0.5834037363872677,0.5758269762031877,0.9470236501175541,0.4320131443881413,,
validation,769895,2026-06-06T07:20:00-07:00,769895_1780755600_H30,769847,0.4325604528779481,0.7183546268686078,0.4441076408043507,0.3113245780636761,0.5488953464933551,,
validation,769895,2026-06-06T07:20:00-07:00,769895_1780755600_H30,770385,0.23285029237671376,0.8315473153978651,0.33157670652330645,0.6592507107400672,0.5055575032877521,,
validation,769965,2026-06-06T07:20:00-07:00,769965_1780755600_H30,770129,0.31946516147987436,0.7177211986172318,0.6996725373751304,0.8722708893450012,0.5263922263822668,,
validation,769965,2026-06-06T07:20:00-07:00,769965_1780755600_H30,769911,0.2416790968879246,0.12380954110975073,0.655682945225236,0.4871798259669848,0.22161451898403547,,
validation,769965,2026-06-06T07:20:00-07:00,769965_1780755600_H30,770141,0.15279849481320767,0.5357540552399624,0.655682945225236,0.17372701553360698,0.33953065148968686,,
validation,769965,2026-06-06T07:20:00-07:00,769965_1780755600_H30,769867,0.15279849481320767,0.6743133722335821,0.5056967074374724,0.45239350198877704,0.40082773021873025,,
validation,769965,2026-06-06T07:20:00-07:00,769965_1780755600_H30,769926,0.31946516147987436,0.6004034613085864,0.4299201246592394,0.5279210486303577,0.45090465186793266,,
validation,765501,2026-06-06T07:25:00-07:00,765501_1780755900_H30,773773,0.125,0.2568570889931483,0.8922927198566069,0.3392429477861009,0.22628190072520174,,
validation,765501,2026-06-06T07:25:00-07:00,765501_1780755900_H30,773784,0.125,0.49621914887484775,0.784128931913251,0.4438678695896388,0.325584487273637,,
validation,765501,2026-06-06T07:25:00-07:00,765501_1780755900_H30,717951,0.125,0.8161797375081024,0.7067502546636377,0.24806021558892472,0.44914013124460683,,
validation,765501,2026-06-06T07:25:00-07:00,765501_1780755900_H30,776019,0.125,0.778822014828843,0.6661976829962216,0.21481000049773108,0.43018145006302827,,
validation,765501,2026-06-06T07:25:00-07:00,765501_1780755900_H30,763616,0.45328814665401046,0.7353459581653679,0.6357676720344021,0.6550529211796045,0.5884990963569058,,
validation,769895,2026-06-06T07:25:00-07:00,769895_1780755900_H30,770116,0.125,0.7446907089042196,0.6578152456099651,0.36347707318757444,0.4209385541516747,,
validation,769895,2026-06-06T07:25:00-07:00,769895_1780755900_H30,769880,0.4117271195446147,0.42665105413780735,0.6556829452252355,0.19387655648431612,0.4219199522034044,,
validation,769895,2026-06-06T07:25:00-07:00,769895_1780755900_H30,769866,0.24937203929399754,0.5739547871737909,0.5758269762031877,0.2822283079829426,0.4032869479557263,,
validation,769895,2026-06-06T07:25:00-07:00,769895_1780755900_H30,769847,0.4117271195446147,0.6707508645738679,0.4441076408043507,0.5506815719502229,0.5275086553475578,,
validation,769895,2026-06-06T07:25:00-07:00,769895_1780755900_H30,770385,0.23285029237671376,0.8440662385320098,0.33157670652330645,0.7378926469733057,0.5137539584635985,,
validation,769965,2026-06-06T07:25:00-07:00,769965_1780755900_H30,770129,0.29863182814654105,0.7614756028677309,0.6996725373751304,0.6551773876677917,0.5264614330101529,,
validation,769965,2026-06-06T07:25:00-07:00,769965_1780755900_H30,769911,0.2291790968879246,0.023809359457368062,0.655682945225236,0.2556479834227559,0.16475092168748562,,
validation,769965,2026-06-06T07:25:00-07:00,769965_1780755900_H30,770141,0.15279849481320767,0.5027979287003637,0.655682945225236,0.1929322072242062,0.3263757252766708,,
validation,769965,2026-06-06T07:25:00-07:00,769965_1780755900_H30,769867,0.15279849481320767,0.7105117949254522,0.5056967074374724,0.4953194079962443,0.4176602731684294,,
validation,769965,2026-06-06T07:25:00-07:00,769965_1780755900_H30,769926,0.29863182814654105,0.5173847053612164,0.4299201246592394,0.5511947557556474,0.40656869538562224,,
validation,765501,2026-06-06T07:30:00-07:00,765501_1780756200_H30,773773,0.125,0.25115484383945963,0.8922927198566069,0.4070002873464821,0.2264045768322761,,
validation,765501,2026-06-06T07:30:00-07:00,765501_1780756200_H30,773784,0.125,0.381514962068483,0.784128931913251,0.5262142680836037,0.28037575065403975,,
validation,765501,2026-06-06T07:30:00-07:00,765501_1780756200_H30,717951,0.125,0.8278832423866588,0.7067502546636377,0.27365882866846963,0.4550186719198748,,
validation,765501,2026-06-06T07:30:00-07:00,765501_1780756200_H30,776019,0.125,0.7572261955459432,0.6661976829962216,0.246715867019595,0.42228045203854636,,
validation,765501,2026-06-06T07:30:00-07:00,765501_1780756200_H30,763616,0.43766314665401046,0.6869994064890699,0.6357676720344021,0.7113093786290311,0.5625489730670978,,
validation,769895,2026-06-06T07:30:00-07:00,769895_1780756200_H30,770116,0.125,0.7590876939558726,0.6578152456099651,0.38357774978047493,0.427745991191705,,
validation,769895,2026-06-06T07:30:00-07:00,769895_1780756200_H30,769880,0.39089378621128135,0.21238248878763888,0.6556829452252355,0.16980622309547533,0.3205836546702209,,
validation,769895,2026-06-06T07:30:00-07:00,769895_1780756200_H30,769866,0.24937203929399754,0.48408230635064853,0.5758269762031877,0.23026840329831028,0.3635288220169789,,
validation,769895,2026-06-06T07:30:00-07:00,769895_1780756200_H30,769847,0.39089378621128135,0.7546464888199489,0.4441076408043507,0.35413426917440477,0.5452366012128107,,
validation,769895,2026-06-06T07:30:00-07:00,769895_1780756200_H30,770385,0.23285029237671376,0.7563517659633927,0.33157670652330645,0.8472725935266957,0.4809105358101575,,
validation,769965,2026-06-06T07:30:00-07:00,769965_1780756200_H30,770129,0.2777984948132077,0.7483886377193125,0.6996725373751304,0.6031635916238041,0.5087541013669616,,
validation,769965,2026-06-06T07:30:00-07:00,769965_1780756200_H30,769911,0.2166790968879246,0.0,0.655682945225236,0.2572678445189712,0.1486329367036432,,
validation,769965,2026-06-06T07:30:00-07:00,769965_1780756200_H30,770141,0.15279849481320767,0.5618914811027041,0.655682945225236,0.3091781611163167,0.35557352523041363,,
validation,769965,2026-06-06T07:30:00-07:00,769965_1780756200_H30,769867,0.15279849481320767,0.6585085620293094,0.5056967074374724,0.8057587158263634,0.40733147165786754,,
validation,769965,2026-06-06T07:30:00-07:00,769965_1780756200_H30,769926,0.2777984948132077,0.4535132032309305,0.4299201246592394,0.6944328047536785,0.37475717494010263,,
validation,765501,2026-06-06T07:35:00-07:00,765501_1780756500_H30,773773,0.125,0.4267780394637767,0.8922927198566069,0.46246422513625013,0.30238219022191903,,
validation,765501,2026-06-06T07:35:00-07:00,765501_1780756500_H30,773784,0.125,0.5670453808220292,0.784128931913251,0.8502831982677646,0.37052275030355164,,
validation,765501,2026-06-06T07:35:00-07:00,765501_1780756500_H30,717951,0.125,0.8424398116056004,0.7067502546636377,0.3353499274162257,0.4634416317830557,,
validation,765501,2026-06-06T07:35:00-07:00,765501_1780756500_H30,776019,0.125,0.7222935108453508,0.6661976829962216,0.15424127988947736,0.40413597100583243,,
validation,765501,2026-06-06T07:35:00-07:00,765501_1780756500_H30,763616,0.42203814665401046,0.7823417702147195,0.6357676720344021,0.6737222629609555,0.5935780704904233,,
validation,769895,2026-06-06T07:35:00-07:00,769895_1780756500_H30,770116,0.125,0.810408815996042,0.6578152456099651,0.3888427445927081,0.44954100237364636,,
validation,769895,2026-06-06T07:35:00-07:00,769895_1780756500_H30,769880,0.37006045287794803,0.5236736381780908,0.6556829452252355,0.6191026559252617,0.45805722448110997,,
validation,769895,2026-06-06T07:35:00-07:00,769895_1780756500_H30,769866,0.24937203929399754,0.5833505367406836,0.5758269762031877,0.656220794756938,0.42116452226350415,,
validation,769895,2026-06-06T07:35:00-07:00,769895_1780756500_H30,769847,0.37006045287794803,0.6973178730287932,0.4441076408043507,0.8584604961815437,0.5296215878248322,,
validation,769895,2026-06-06T07:35:00-07:00,769895_1780756500_H30,770385,0.23285029237671376,0.8533868169942362,0.33157670652330645,0.9637960179040567,0.5260867206811887,,
validation,769965,2026-06-06T07:35:00-07:00,769965_1780756500_H30,770129,0.25696516147987436,0.5989778704400284,0.6996725373751304,0.20673102220286838,0.4208512618288855,,
validation,769965,2026-06-06T07:35:00-07:00,769965_1780756500_H30,769911,0.2041790968879246,0.20751115924726116,0.655682945225236,0.47125219756998143,0.23777454910630905,,
validation,769965,2026-06-06T07:35:00-07:00,769965_1780756500_H30,770141,0.15279849481320767,0.4223964964251955,0.655682945225236,0.14417124648401553,0.2907226765586462,,
validation,769965,2026-06-06T07:35:00-07:00,769965_1780756500_H30,769867,0.15279849481320767,0.7504593698888818,0.5056967074374724,0.4565639235894748,0.43302978626834543,,
validation,769965,2026-06-06T07:35:00-07:00,769965_1780756500_H30,769926,0.25696516147987436,0.6860931663247587,0.4299201246592394,0.8402688673641062,0.46780690711832484,,
validation,765501,2026-06-06T07:40:00-07:00,765501_1780756800_H30,773773,0.125,0.43805601599471977,0.8922927198566069,0.5419772370225647,0.3100888098186656,,
validation,765501,2026-06-06T07:40:00-07:00,765501_1780756800_H30,773784,0.125,0.5957642515271868,0.784128931913251,0.932525859173815,0.3856711642215214,,
validation,765501,2026-06-06T07:40:00-07:00,765501_1780756800_H30,717951,0.125,0.848131619168518,0.7067502546636377,0.3440784410135974,0.4661620371243214,,
validation,765501,2026-06-06T07:40:00-07:00,765501_1780756800_H30,776019,0.125,0.7322817031212765,0.6661976829962216,0.1965115833210628,0.40991327192406574,,
validation,765501,2026-06-06T07:40:00-07:00,765501_1780756800_H30,763616,0.40641314665401046,0.7804238683891453,0.6357676720344021,0.9194814627639939,0.5942228577342725,,
validation,769895,2026-06-06T07:40:00-07:00,769895_1780756800_H30,770116,0.125,0.8292543060702094,0.6578152456099651,0.4494698613029803,0.4597293862644931,,
validation,769895,2026-06-06T07:40:00-07:00,769895_1780756800_H30,769880,0.3492271195446147,0.4580205443278055,0.6556829452252355,0.8697004443863094,0.42949277455023654,,
validation,769895,2026-06-06T07:40:00-07:00,769895_1780756800_H30,769866,0.24937203929399754,0.568809551025295,0.5758269762031877,0.7785498122485621,0.4195989633975544,,
validation,769895,2026-06-06T07:40:00-07:00,769895_1780756800_H30,769847,0.3492271195446147,0.7669864129692331,0.4441076408043507,0.7471831671931369,0.5445364207347289,,
validation,769895,2026-06-06T07:40:00-07:00,769895_1780756800_H30,770385,0.23285029237671376,0.8648653832513997,0.33157670652330645,0.9999975198483257,0.5322653262200293,,
validation,769965,2026-06-06T07:40:00-07:00,769965_1780756800_H30,770129,0.23613182814654102,0.7420799263408395,0.6996725373751304,0.5208085430424683,0.4825067541090031,,
validation,769965,2026-06-06T07:40:00-07:00,769965_1780756800_H30,769911,0.1916790968879246,0.24056578028185127,0.655682945225236,0.38962550604018653,0.24248916610195212,,
validation,769965,2026-06-06T07:40:00-07:00,769965_1780756800_H30,770141,0.15279849481320767,0.5800978795077736,0.655682945225236,0.38530926903654544,0.3660701355881471,,
validation,769965,2026-06-06T07:40:00-07:00,769965_1780756800_H30,769867,0.15279849481320767,0.8302261957045127,0.5056967074374724,0.5616552657013141,0.47051286537462916,,
validation,769965,2026-06-06T07:40:00-07:00,769965_1780756800_H30,769926,0.23613182814654102,0.6974057850981732,0.4299201246592394,0.9706949757207107,0.4671603949234985,,
validation,765501,2026-06-06T07:45:00-07:00,765501_1780757100_H30,773773,0.125,0.45384475887410214,0.8922927198566069,0.6091215576536937,0.31923335889762816,,
validation,765501,2026-06-06T07:45:00-07:00,765501_1780757100_H30,773784,0.125,0.5870235965107993,0.784128931913251,0.981423404346323,0.38381296853888996,,
validation,765501,2026-06-06T07:45:00-07:00,765501_1780757100_H30,717951,0.125,0.8666486585452615,0.7067502546636377,0.3982738663732577,0.4759727453339704,,
validation,765501,2026-06-06T07:45:00-07:00,765501_1780757100_H30,776019,0.125,0.6926582651951886,0.6661976829962216,0.24073076079843017,0.3948835816738033,,
validation,765501,2026-06-06T07:45:00-07:00,765501_1780757100_H30,763616,0.39078814665401046,0.7642453891044702,0.6357676720344021,0.4145893007493066,0.5609201132165152,,
validation,769895,2026-06-06T07:45:00-07:00,769895_1780757100_H30,770116,0.125,0.8325397971052644,0.6578152456099651,0.5065032804191688,0.4632354016930264,,
validation,769895,2026-06-06T07:45:00-07:00,769895_1780757100_H30,769880,0.32839378621128135,0.5373677948233967,0.6556829452252355,0.9172108186910622,0.4543924593788405,,
validation,769895,2026-06-06T07:45:00-07:00,769895_1780757100_H30,769866,0.24937203929399754,0.6748675885299341,0.5758269762031877,0.6275256897102593,0.4586120953806443,,
validation,769895,2026-06-06T07:45:00-07:00,769895_1780757100_H30,769847,0.32839378621128135,0.695037416976093,0.4441076408043507,0.38683353670749665,0.4905774573530874,,
validation,769895,2026-06-06T07:45:00-07:00,769895_1780757100_H30,770385,0.23285029237671376,0.8638930117502814,0.33157670652330645,0.8853976025986218,0.5275896801289822,,
validation,769965,2026-06-06T07:45:00-07:00,769965_1780757100_H30,770129,0.21529849481320767,0.7867406968510768,0.6996725373751304,0.8669718543422419,0.5039267721095184,,
validation,769965,2026-06-06T07:45:00-07:00,769965_1780757100_H30,769911,0.1791790968879246,0.10794976474970908,0.655682945225236,0.9716651185764305,0.20218713679298966,,
validation,769965,2026-06-06T07:45:00-07:00,769965_1780757100_H30,770141,0.15279849481320767,0.6074222814080643,0.655682945225236,0.44527302268057056,0.3798022572074858,,
validation,769965,2026-06-06T07:45:00-07:00,769965_1780757100_H30,769867,0.15279849481320767,0.8059166065303413,0.5056967074374724,0.9825681271442368,0.47595200226684,,
validation,769965,2026-06-06T07:45:00-07:00,769965_1780757100_H30,769926,0.21529849481320767,0.7649143696433119,0.4299201246592394,0.4506329616705301,0.465947638345497,,
validation,775511,2026-06-06T23:30:00-07:00,775511_1780813800_H30,764283,0.125,0.9860190616678058,0.36787944117144233,0.7629805076199491,0.5230888299468571,,
validation,775511,2026-06-06T23:30:00-07:00,775511_1780813800_H30,764290,0.125,0.9860190616678058,0.3403019123393269,0.7629805076199491,0.5217297966086505,,
validation,775511,2026-06-06T23:30:00-07:00,775511_1780813800_H30,764297,0.2982237778832464,0.9096020594814471,0.21460395078470418,0.6751299062135395,0.5654393035332869,,
validation,775511,2026-06-06T23:30:00-07:00,775511_1780813800_H30,764311,0.375,0.9295333503376033,0.14630264057470097,0.8708983296857526,0.6155722195564719,,
validation,775511,2026-06-06T23:30:00-07:00,775511_1780813800_H30,764322,0.125,0.2370786385938346,0.1289022003850519,0.3536548640714625,0.18087424529270796,,
validation,775536,2026-06-06T23:30:00-07:00,775536_1780813800_H30,768701,0.125,0.9885549641462144,0.8229949661357914,0.9078757827737943,0.5519786653653961,,
validation,775536,2026-06-06T23:30:00-07:00,775536_1780813800_H30,774344,0.125,0.95891106235598,0.7712518849544838,0.600046284418831,0.5254926996463021,,
validation,775536,2026-06-06T23:30:00-07:00,775536_1780813800_H30,718405,0.125,0.9589116890124096,0.6368006006002778,0.60005204529853,0.5188673565562236,,
validation,775536,2026-06-06T23:30:00-07:00,775536_1780813800_H30,759858,0.125,0.9589116890124096,0.4652130807137347,0.60005204529853,0.5104114444487391,,
validation,775536,2026-06-06T23:30:00-07:00,775536_1780813800_H30,759870,0.125,0.9923919326094549,0.29119380591962934,0.4047382325726835,0.508654893106704,,
validation,775511,2026-06-06T23:35:00-07:00,775511_1780814100_H30,764283,0.125,0.9747425535619829,0.36787944117144233,0.44418534795830206,0.5064746483811539,,
validation,775511,2026-06-06T23:35:00-07:00,775511_1780814100_H30,764290,0.125,0.9747425535619829,0.3403019123393269,0.44418534795830206,0.5051156150429473,,
validation,775511,2026-06-06T23:35:00-07:00,775511_1780814100_H30,764297,0.2982237778832464,0.9596189904693364,0.21460395078470418,0.5573187120076474,0.5821034579140765,,
validation,775511,2026-06-06T23:35:00-07:00,775511_1780814100_H30,764311,0.375,0.877296261498151,0.14630264057470097,0.12400143746793617,0.5657816715834295,,
validation,775511,2026-06-06T23:35:00-07:00,775511_1780814100_H30,764322,0.125,0.2566030016395473,0.1289022003850519,0.8976987717829183,0.2093453519652855,,
validation,775536,2026-06-06T23:35:00-07:00,775536_1780814100_H30,768701,0.125,0.9806112487788539,0.8229949661357914,0.39516102088334537,0.5295477343836474,,
validation,775536,2026-06-06T23:35:00-07:00,775536_1780814100_H30,774344,0.125,0.9392901469353125,0.7712518849544838,0.28002675247161846,0.5053211098416126,,
validation,775536,2026-06-06T23:35:00-07:00,775536_1780814100_H30,718405,0.125,0.9392900484365586,0.6368006006002778,0.2800194268692322,0.498694974369174,,
validation,775536,2026-06-06T23:35:00-07:00,775536_1780814100_H30,759858,0.125,0.9392900484365586,0.4652130807137347,0.2800194268692322,0.49023906226168945,,
validation,775536,2026-06-06T23:35:00-07:00,775536_1780814100_H30,759870,0.125,0.976384704683947,0.29119380591962934,0.27256949276160375,0.49699761330891995,,
validation,775511,2026-06-06T23:40:00-07:00,775511_1780814400_H30,764283,0.125,0.9861203072793785,0.36787944117144233,0.444185347958302,0.5112630885870737,,
validation,775511,2026-06-06T23:40:00-07:00,775511_1780814400_H30,764290,0.125,0.9861203072793785,0.3403019123393269,0.444185347958302,0.5099040552488671,,
validation,775511,2026-06-06T23:40:00-07:00,775511_1780814400_H30,764297,0.2982237778832464,0.9475006974399578,0.21460395078470418,0.7942213178889669,0.5858229469660119,,
validation,775511,2026-06-06T23:40:00-07:00,775511_1780814400_H30,764311,0.375,0.8293952312294051,0.14630264057470097,0.12896982059929005,0.5458070159272082,,
validation,775511,2026-06-06T23:40:00-07:00,775511_1780814400_H30,764322,0.125,0.3346083838897924,0.1289022003850519,0.3748991765690639,0.2227115030266196,,
validation,775536,2026-06-06T23:40:00-07:00,775536_1780814400_H30,768701,0.125,0.9823300773812716,0.8229949661357914,0.39516102088334537,0.5302711204044152,,
validation,775536,2026-06-06T23:40:00-07:00,775536_1780814400_H30,774344,0.125,0.9300990509671077,0.7712518849544838,0.23789659012532705,0.4998844920699139,,
validation,775536,2026-06-06T23:40:00-07:00,775536_1780814400_H30,718405,0.125,0.9300996164863375,0.6368006006002778,0.23789810144241402,0.49325896504365235,,
validation,775536,2026-06-06T23:40:00-07:00,775536_1780814400_H30,759858,0.125,0.9300996164863375,0.4652130807137347,0.23789810144241402,0.4848030529361678,,
validation,775536,2026-06-06T23:40:00-07:00,775536_1780814400_H30,759870,0.125,0.992223482156666,0.29119380591962934,0.7397268742968275,0.5210552140584066,,
validation,775511,2026-06-06T23:45:00-07:00,775511_1780814700_H30,764283,0.125,0.9866606934012784,0.36787944117144233,0.444185347958302,0.5114905154322225,,
validation,775511,2026-06-06T23:45:00-07:00,775511_1780814700_H30,764290,0.125,0.9866606934012784,0.3403019123393269,0.444185347958302,0.5101314820940158,,
validation,775511,2026-06-06T23:45:00-07:00,775511_1780814700_H30,764297,0.2982237778832464,0.8492966581489603,0.21460395078470418,0.07876395244728039,0.5178572080707744,,
validation,775511,2026-06-06T23:45:00-07:00,775511_1780814700_H30,764311,0.375,0.7980541688737479,0.14630264057470097,0.2575424005442499,0.5374034187617578,,
validation,775511,2026-06-06T23:45:00-07:00,775511_1780814700_H30,764322,0.125,0.2271787799439483,0.1289022003850519,0.21051674674816212,0.17137893584243186,,
validation,775536,2026-06-06T23:45:00-07:00,775536_1780814700_H30,768701,0.125,0.9869315897744616,0.8229949661357914,0.4441948873675209,0.5340331829376544,,
validation,775536,2026-06-06T23:45:00-07:00,775536_1780814700_H30,774344,0.125,0.919425790556504,0.7712518849544838,0.21649691749880298,0.4945958613576973,,
validation,775536,2026-06-06T23:45:00-07:00,775536_1780814700_H30,718405,0.125,0.9194264755467509,0.6368006006002778,0.21649770091018186,0.48797035751296114,,
validation,775536,2026-06-06T23:45:00-07:00,775536_1780814700_H30,759858,0.125,0.9194264755467509,0.4652130807137347,0.21649770091018186,0.4795144454054766,,
validation,775536,2026-06-06T23:45:00-07:00,775536_1780814700_H30,759870,0.125,0.9800324346932366,0.29119380591962934,0.27256949276160375,0.49853279656834637,,
validation,775511,2026-06-06T23:50:00-07:00,775511_1780815000_H30,764283,0.125,0.9856891823240596,0.36787944117144233,0.3525469491169986,0.5076700605396189,,
validation,775511,2026-06-06T23:50:00-07:00,775511_1780815000_H30,764290,0.125,0.9856891823240596,0.3403019123393269,0.3525469491169986,0.5063110272014124,,
validation,775511,2026-06-06T23:50:00-07:00,775511_1780815000_H30,764297,0.2982237778832464,0.8867046078547035,0.21460395078470418,0.2588737323748143,0.5403059792766597,,
validation,775511,2026-06-06T23:50:00-07:00,775511_1780815000_H30,764311,0.375,0.8794926768464159,0.14630264057470097,0.4335831806325115,0.5782314021268582,,
validation,775511,2026-06-06T23:50:00-07:00,775511_1780815000_H30,764322,0.125,0.25564516756290023,0.1289022003850519,0.7976380048776474,0.20521709877278324,,
validation,775536,2026-06-06T23:50:00-07:00,775536_1780815000_H30,768701,0.125,0.9770734373442921,0.8229949661357914,0.15055097753213087,0.5189522804762442,,
validation,775536,2026-06-06T23:50:00-07:00,775536_1780815000_H30,774344,0.125,0.8963309700982555,0.7712518849544838,0.15734084449867658,0.4826738698858739,,
validation,775536,2026-06-06T23:50:00-07:00,775536_1780815000_H30,718405,0.125,0.8963306863567543,0.6368006006002778,0.1573378367660149,0.47604781720117006,,
validation,775536,2026-06-06T23:50:00-07:00,775536_1780815000_H30,759858,0.125,0.8963306863567543,0.4652130807137347,0.1573378367660149,0.46759190509368553,,
validation,775536,2026-06-06T23:50:00-07:00,775536_1780815000_H30,759870,0.125,0.9861789115572469,0.29119380591962934,0.27256949276160375,0.5011196021603309,,
validation,775511,2026-06-06T23:55:00-07:00,775511_1780815300_H30,764283,0.125,0.9871711437206653,0.36787944117144233,0.3525469491169986,0.5082937586536218,,
validation,775511,2026-06-06T23:55:00-07:00,775511_1780815300_H30,764290,0.125,0.9871711437206653,0.3403019123393269,0.3525469491169986,0.5069347253154152,,
validation,775511,2026-06-06T23:55:00-07:00,775511_1780815300_H30,764297,0.2982237778832464,0.8674633942130767,0.21460395078470418,0.31923535559672056,0.534455313141655,,
validation,775511,2026-06-06T23:55:00-07:00,775511_1780815300_H30,764311,0.375,0.8688586313649824,0.14630264057470097,0.7298900920483626,0.5847871006514778,,
validation,775511,2026-06-06T23:55:00-07:00,775511_1780815300_H30,764322,0.125,0.3486431429943879,0.1289022003850519,0.43423118368907904,0.230827027862309,,
validation,775536,2026-06-06T23:55:00-07:00,775536_1780815300_H30,768701,0.125,0.9794031542919966,0.8229949661357914,0.4441948873675209,0.5308647663901253,,
validation,775536,2026-06-06T23:55:00-07:00,775536_1780815300_H30,774344,0.125,0.8638454550645678,0.7712518849544838,0.13922315395002946,0.46832752019361407,,
validation,775536,2026-06-06T23:55:00-07:00,775536_1780815300_H30,718405,0.125,0.8638457516137725,0.6368006006002778,0.13922361536672437,0.46170184088215677,,
validation,775536,2026-06-06T23:55:00-07:00,775536_1780815300_H30,759858,0.125,0.8638457516137725,0.4652130807137347,0.13922361536672437,0.45324592877467224,,
validation,775536,2026-06-06T23:55:00-07:00,775536_1780815300_H30,759870,0.125,0.9644728260432349,0.29119380591962934,0.13425494189654452,0.486835100786434,,
validation,775511,2026-06-08T23:30:00-07:00,775511_1780986600_H30,764283,0.125,0.9796835064651328,0.36787944117144233,0.24004794982792202,0.5009543131087263,,
validation,775511,2026-06-08T23:30:00-07:00,775511_1780986600_H30,764290,0.125,0.9796835064651328,0.3403019123393269,0.24004794982792202,0.4995952797705197,,
validation,775511,2026-06-08T23:30:00-07:00,775511_1780986600_H30,764297,0.2982237778832464,0.7016891794641498,0.21460395078470418,0.3211959011928897,0.46476058365053186,,
validation,775511,2026-06-08T23:30:00-07:00,775511_1780986600_H30,764311,0.375,0.729292046445125,0.14630264057470097,0.18624508208627558,0.5058098878629366,,
validation,775511,2026-06-08T23:30:00-07:00,775511_1780986600_H30,764322,0.125,0.6434199673147905,0.1289022003850519,0.5517446687523663,0.35926165291574597,,
validation,775511,2026-06-08T23:35:00-07:00,775511_1780986900_H30,764283,0.125,0.9886293783331083,0.36787944117144233,0.2989763049953341,0.5069131019437016,,
validation,775511,2026-06-08T23:35:00-07:00,775511_1780986900_H30,764290,0.125,0.9886293783331083,0.3403019123393269,0.2989763049953341,0.505554068605495,,
validation,775511,2026-06-08T23:35:00-07:00,775511_1780986900_H30,764297,0.2982237778832464,0.8507450872855654,0.21460395078470418,0.8329897415981192,0.54654569199917,,
validation,775511,2026-06-08T23:35:00-07:00,775511_1780986900_H30,764311,0.375,0.6200208044202078,0.14630264057470097,0.2991859515451391,0.46402665431309725,,
validation,775511,2026-06-08T23:35:00-07:00,775511_1780986900_H30,764322,0.125,0.4983257816357801,0.1289022003850519,0.7408296920521363,0.3052367323186061,,
validation,775511,2026-06-08T23:40:00-07:00,775511_1780987200_H30,764283,0.125,0.9805171597292577,0.36787944117144233,0.29383706341424015,0.5033076668532889,,
validation,775511,2026-06-08T23:40:00-07:00,775511_1780987200_H30,764290,0.125,0.9805171597292577,0.3403019123393269,0.29383706341424015,0.5019486335150823,,
validation,775511,2026-06-08T23:40:00-07:00,775511_1780987200_H30,764297,0.2982237778832464,0.7846521062026842,0.21460395078470418,0.5211762982576315,0.5071213762203542,,
validation,775511,2026-06-08T23:40:00-07:00,775511_1780987200_H30,764311,0.375,0.7151596441773829,0.14630264057470097,0.3733042797637058,0.5068261103528824,,
validation,775511,2026-06-08T23:40:00-07:00,775511_1780987200_H30,764322,0.125,0.2841646429316548,0.1289022003850519,0.17206203031314365,0.19393037822946818,,
validation,775511,2026-06-08T23:45:00-07:00,775511_1780987500_H30,764283,0.125,0.9904144838369963,0.36787944117144233,0.35255133829849294,0.5096589138300134,,
validation,775511,2026-06-08T23:45:00-07:00,775511_1780987500_H30,764290,0.125,0.9904144838369963,0.3403019123393269,0.35255133829849294,0.5082998804918067,,
validation,775511,2026-06-08T23:45:00-07:00,775511_1780987500_H30,764297,0.2982237778832464,0.5677614429294833,0.21460395078470418,0.11642855506905804,0.40077253448671973,,
validation,775511,2026-06-08T23:45:00-07:00,775511_1780987500_H30,764311,0.375,0.7269874132610938,0.14630264057470097,0.38617284368822996,0.5122830247800473,,
validation,775511,2026-06-08T23:45:00-07:00,775511_1780987500_H30,764322,0.125,0.17493132509567533,0.1289022003850519,0.16870166256370628,0.14783335347514398,,
validation,775511,2026-06-08T23:50:00-07:00,775511_1780987800_H30,764283,0.125,0.9934731970780601,0.36787944117144233,0.4047348471790398,0.5128889313893812,,
validation,775511,2026-06-08T23:50:00-07:00,775511_1780987800_H30,764290,0.125,0.9934731970780601,0.3403019123393269,0.4047348471790398,0.5115298980511745,,
validation,775511,2026-06-08T23:50:00-07:00,775511_1780987800_H30,764297,0.2982237778832464,0.4102904251559375,0.21460395078470418,0.1358553220435961,0.33522253351474607,,
validation,775511,2026-06-08T23:50:00-07:00,775511_1780987800_H30,764311,0.375,0.6818611956302296,0.14630264057470097,0.6596585106114027,0.5034727445879732,,
validation,775511,2026-06-08T23:50:00-07:00,775511_1780987800_H30,764322,0.125,0.3128033521362862,0.1289022003850519,0.2606690907136518,0.2092819941499346,,
validation,775511,2026-06-08T23:55:00-07:00,775511_1780988100_H30,764283,0.125,0.9653362466577715,0.36787944117144233,0.07450479284357976,0.48875315882418474,,
validation,775511,2026-06-08T23:55:00-07:00,775511_1780988100_H30,764290,0.125,0.9653362466577715,0.3403019123393269,0.07450479284357976,0.48739412548597816,,
validation,775511,2026-06-08T23:55:00-07:00,775511_1780988100_H30,764297,0.2982237778832464,0.4295154537443342,0.21460395078470418,0.16461748992598105,0.34438435710281284,,
validation,775511,2026-06-08T23:55:00-07:00,775511_1780988100_H30,764311,0.375,0.813593032646208,0.14630264057470097,0.6247765589098431,0.5576147792016513,,
validation,775511,2026-06-08T23:55:00-07:00,775511_1780988100_H30,764322,0.125,0.08731562892826616,0.1289022003850519,0.17631625283988694,0.111242902836139,,
validation,775511,2026-06-10T23:30:00-07:00,775511_1781159400_H30,764283,0.125,0.9952381644390029,0.36787944117144233,0.30629948186424255,0.5099671078185519,,
validation,775511,2026-06-10T23:30:00-07:00,775511_1781159400_H30,764290,0.125,0.9952381644390029,0.3403019123393269,0.30629948186424255,0.5086080744803453,,
validation,775511,2026-06-10T23:30:00-07:00,775511_1781159400_H30,764297,0.2982237778832464,0.7375875421391183,0.21460395078470418,0.23784571307092314,0.4767657397482273,,
validation,775511,2026-06-10T23:30:00-07:00,775511_1781159400_H30,764311,0.375,0.7478092173168418,0.14630264057470097,0.6552010957268591,0.5310616778306919,,
validation,775511,2026-06-10T23:30:00-07:00,775511_1781159400_H30,764322,0.125,0.13883236047816394,0.1289022003850519,0.8148559463129208,0.15669627612156334,,
validation,775536,2026-06-10T23:30:00-07:00,775536_1781159400_H30,768701,0.125,0.99581559293549,0.8229949661357914,0.4294984642364282,0.5372249738006056,,
validation,775536,2026-06-10T23:30:00-07:00,775536_1781159400_H30,774344,0.125,0.9699766208293148,0.7712518849544838,0.11256775247760739,0.5120015234014542,,
validation,775536,2026-06-10T23:30:00-07:00,775536_1781159400_H30,718405,0.125,0.9699760463934899,0.6368006006002778,0.11255888613954954,0.5053751302664976,,
validation,775536,2026-06-10T23:30:00-07:00,775536_1781159400_H30,759858,0.125,0.9699760463934899,0.4652130807137347,0.11255888613954954,0.496919218159013,,
validation,775536,2026-06-10T23:30:00-07:00,775536_1781159400_H30,759870,0.125,0.9933420566853433,0.29119380591962934,0.2214544085820006,0.5022313309520531,,
validation,775511,2026-06-10T23:35:00-07:00,775511_1781159700_H30,764283,0.125,0.9910541281320254,0.36787944117144233,0.3678867987989577,0.510499034786276,,
validation,775511,2026-06-10T23:35:00-07:00,775511_1781159700_H30,764290,0.125,0.9910541281320254,0.3403019123393269,0.3678867987989577,0.5091400014480695,,
validation,775511,2026-06-10T23:35:00-07:00,775511_1781159700_H30,764297,0.2982237778832464,0.7800897977766137,0.21460395078470418,0.8478466117998965,0.5173628174538647,,
validation,775511,2026-06-10T23:35:00-07:00,775511_1781159700_H30,764311,0.375,0.7590441578495766,0.14630264057470097,0.6725086147913878,0.5364343513362134,,
validation,775511,2026-06-10T23:35:00-07:00,775511_1781159700_H30,764322,0.125,0.2387798343991816,0.1289022003850519,0.5648551994949346,0.18945293902209706,,
validation,775536,2026-06-10T23:35:00-07:00,775536_1781159700_H30,768701,0.125,0.9958156444715144,0.8229949661357914,0.4930760868727612,0.5395919121605476,,
validation,775536,2026-06-10T23:35:00-07:00,775536_1781159700_H30,774344,0.125,0.9524512547655485,0.7712518849544838,0.10935339762308943,0.5045061332479883,,
validation,775536,2026-06-10T23:35:00-07:00,775536_1781159700_H30,718405,0.125,0.9524505775658247,0.6368006006002778,0.10934975259542919,0.49787989124679066,,
validation,775536,2026-06-10T23:35:00-07:00,775536_1781159700_H30,759858,0.125,0.9524505775658247,0.4652130807137347,0.10934975259542919,0.48942397913930613,,
validation,775536,2026-06-10T23:35:00-07:00,775536_1781159700_H30,759870,0.125,0.9921044749933496,0.29119380591962934,0.46378244769865906,0.5107320572116908,,
validation,775511,2026-06-10T23:40:00-07:00,775511_1781160000_H30,764283,0.125,0.994292488725675,0.36787944117144233,0.3678867987989577,0.5118619308774605,,
validation,775511,2026-06-10T23:40:00-07:00,775511_1781160000_H30,764290,0.125,0.994292488725675,0.3403019123393269,0.3678867987989577,0.5105028975392539,,
validation,775511,2026-06-10T23:40:00-07:00,775511_1781160000_H30,764297,0.2982237778832464,0.7701711986918878,0.21460395078470418,0.3089511567121165,0.4931260621258686,,
validation,775511,2026-06-10T23:40:00-07:00,775511_1781160000_H30,764311,0.375,0.8165667025710561,0.14630264057470097,0.4051159473384383,0.550688583288513,,
validation,775511,2026-06-10T23:40:00-07:00,775511_1781160000_H30,764322,0.125,0.47871796200766503,0.1289022003850519,0.6571334436161991,0.2938686791017294,,
validation,775536,2026-06-10T23:40:00-07:00,775536_1781160000_H30,768701,0.125,0.9958156444715144,0.8229949661357914,0.30629948130341045,0.5326384489285304,,
validation,775536,2026-06-10T23:40:00-07:00,775536_1781160000_H30,774344,0.125,0.9519863281123296,0.7712518849544838,0.17819769640278058,0.5068734528103771,,
validation,775536,2026-06-10T23:40:00-07:00,775536_1781160000_H30,718405,0.125,0.9519856072645938,0.6368006006002778,0.17819446445438958,0.5002472078179148,,
validation,775536,2026-06-10T23:40:00-07:00,775536_1781160000_H30,759858,0.125,0.9519856072645938,0.4652130807137347,0.17819446445438958,0.4917912957104302,,
validation,775536,2026-06-10T23:40:00-07:00,775536_1781160000_H30,759870,0.125,0.9987576619810016,0.29119380591962934,0.46378244769865906,0.5135321167718188,,
validation,775511,2026-06-10T23:45:00-07:00,775511_1781160300_H30,764283,0.125,0.9950053845101703,0.36787944117144233,0.42949846479807785,0.5144556866442882,,
validation,775511,2026-06-10T23:45:00-07:00,775511_1781160300_H30,764290,0.125,0.9950053845101703,0.3403019123393269,0.42949846479807785,0.5130966533060817,,
validation,775511,2026-06-10T23:45:00-07:00,775511_1781160300_H30,764297,0.2982237778832464,0.8449567936062196,0.21460395078470418,0.4975627419769515,0.5316220968274262,,
validation,775511,2026-06-10T23:45:00-07:00,775511_1781160300_H30,764311,0.375,0.7885637845117801,0.14630264057470097,0.5216973275585345,0.5432434595597971,,
validation,775511,2026-06-10T23:45:00-07:00,775511_1781160300_H30,764322,0.125,0.5581206467531935,0.1289022003850519,0.6567041042397661,0.3272701006878668,,
validation,775536,2026-06-10T23:45:00-07:00,775536_1781160300_H30,768701,0.125,0.9886009208614838,0.8229949661357914,0.11789155367172867,0.5225878657805326,,
validation,775536,2026-06-10T23:45:00-07:00,775536_1781160300_H30,774344,0.125,0.9548554834083637,0.7712518849544838,0.24241225279527032,0.5104715941303235,,
validation,775536,2026-06-10T23:45:00-07:00,775536_1781160300_H30,718405,0.125,0.9548549561529269,0.6368006006002778,0.24240946098574961,0.5038454469989239,,
validation,775536,2026-06-10T23:45:00-07:00,775536_1781160300_H30,759858,0.125,0.9548549561529269,0.4652130807137347,0.24240946098574961,0.4953895348914393,,
validation,775536,2026-06-10T23:45:00-07:00,775536_1781160300_H30,759870,0.125,0.9803255321231498,0.29119380591962934,0.46378244769865906,0.5057747725820664,,
validation,775511,2026-06-10T23:50:00-07:00,775511_1781160600_H30,764283,0.125,0.9857658486873562,0.36787944117144233,0.10934606531366364,0.49864825664577817,,
validation,775511,2026-06-10T23:50:00-07:00,775511_1781160600_H30,764290,0.125,0.9857658486873562,0.3403019123393269,0.10934606531366364,0.4972892233075716,,
validation,775511,2026-06-10T23:50:00-07:00,775511_1781160600_H30,764297,0.2982237778832464,0.8289029181434351,0.21460395078470418,0.4721508136256926,0.5239196096986802,,
validation,775511,2026-06-10T23:50:00-07:00,775511_1781160600_H30,764311,0.375,0.7977198725189196,0.14630264057470097,0.500145985686748,0.5462945598307887,,
validation,775511,2026-06-10T23:50:00-07:00,775511_1781160600_H30,764322,0.125,0.5608949943367418,0.1289022003850519,0.7633640733657525,0.3324085317391381,,
validation,775536,2026-06-10T23:50:00-07:00,775536_1781160600_H30,768701,0.125,0.988906318889785,0.8229949661357914,0.4019939498885934,0.5332931782387047,,
validation,775536,2026-06-10T23:50:00-07:00,775536_1781160600_H30,774344,0.125,0.9592425371680922,0.7712518849544838,0.3029801647052029,0.5145727979468843,,
validation,775536,2026-06-10T23:50:00-07:00,775536_1781160600_H30,718405,0.125,0.9462075864380645,0.6368006006002778,0.193314653583479,0.4983783766329795,,
validation,775536,2026-06-10T23:50:00-07:00,775536_1781160600_H30,759858,0.125,0.9462075864380645,0.4652130807137347,0.193314653583479,0.489922464525495,,
validation,775536,2026-06-10T23:50:00-07:00,775536_1781160600_H30,759870,0.125,0.9702740638424258,0.29119380591962934,0.10786223953480553,0.48829404126503323,,
validation,775511,2026-06-10T23:55:00-07:00,775511_1781160900_H30,764283,0.125,0.9952576896095852,0.36787944117144233,0.46089879676205214,0.5157308674681367,,
validation,775511,2026-06-10T23:55:00-07:00,775511_1781160900_H30,764290,0.125,0.9952576896095852,0.3403019123393269,0.46089879676205214,0.5143718341299301,,
validation,775511,2026-06-10T23:55:00-07:00,775511_1781160900_H30,764297,0.2982237778832464,0.7498902941659451,0.21460395078470418,0.40789624092608356,0.4882742465801752,,
validation,775511,2026-06-10T23:55:00-07:00,775511_1781160900_H30,764311,0.375,0.8022559628919024,0.14630264057470097,0.49419790431799976,0.5479821785859752,,
validation,775511,2026-06-10T23:55:00-07:00,775511_1781160900_H30,764322,0.125,0.5414634535303959,0.1289022003850519,0.43441168748067766,0.311984082952349,,
validation,775536,2026-06-10T23:55:00-07:00,775536_1781160900_H30,768701,0.125,0.9894108381324712,0.8229949661357914,0.5859412453400829,0.5403536416501856,,
validation,775536,2026-06-10T23:55:00-07:00,775536_1781160900_H30,774344,0.125,0.9448592260168782,0.7712518849544838,0.1326130879595199,0.5021768824998533,,
validation,775536,2026-06-10T23:55:00-07:00,775536_1781160900_H30,718405,0.125,0.9431128997502245,0.6368006006002778,0.15414205325197186,0.49561759941048583,,
validation,775536,2026-06-10T23:55:00-07:00,775536_1781160900_H30,759858,0.125,0.9431128997502245,0.4652130807137347,0.15414205325197186,0.4871616873030013,,
validation,775536,2026-06-10T23:55:00-07:00,775536_1781160900_H30,759870,0.125,0.9953593806879286,0.29119380591962934,0.4760177469297223,0.5125574216094212,,
validation,765501,2026-06-11T23:30:00-07:00,765501_1781245800_H30,773773,0.125,0.956163216532206,0.8922927198566069,0.23134781022620282,0.5165749991299285,,
validation,765501,2026-06-11T23:30:00-07:00,765501_1781245800_H30,773784,0.125,0.6126942198880602,0.784128931913251,0.3417491216333328,0.3708024177857421,,
validation,765501,2026-06-11T23:30:00-07:00,765501_1781245800_H30,717951,0.125,0.956163216532206,0.7067502546636377,0.23134781022620282,0.5074313808824292,,
validation,765501,2026-06-11T23:30:00-07:00,765501_1781245800_H30,776019,0.125,0.9693706576466803,0.6661976829962216,0.35491855922312354,0.5155918006516449,,
validation,765501,2026-06-11T23:30:00-07:00,765501_1781245800_H30,763616,0.7189131466540104,0.6364657602055119,0.6357676720344021,0.30993488712948153,0.6648911436964843,,
validation,765501,2026-06-11T23:35:00-07:00,765501_1781246100_H30,773773,0.125,0.954953358420073,0.8922927198566069,0.2815377792017859,0.5179343291706519,,
validation,765501,2026-06-11T23:35:00-07:00,765501_1781246100_H30,773784,0.125,0.4277905825522319,0.784128931913251,0.25244390222756424,0.28965916941616776,,
validation,765501,2026-06-11T23:35:00-07:00,765501_1781246100_H30,717951,0.125,0.954953358420073,0.7067502546636377,0.2815377792017859,0.5087907109231524,,
validation,765501,2026-06-11T23:35:00-07:00,765501_1781246100_H30,776019,0.125,0.970335775509106,0.6661976829962216,0.5987133021885771,0.525074158388662,,
validation,765501,2026-06-11T23:35:00-07:00,765501_1781246100_H30,763616,0.7189131466540104,0.3863390610029215,0.6357676720344021,0.16646239035220264,0.5542815434299261,,
validation,765501,2026-06-11T23:40:00-07:00,765501_1781246400_H30,773773,0.125,0.9629532972662069,0.8922927198566069,0.5346737016456817,0.5307251215297614,,
validation,765501,2026-06-11T23:40:00-07:00,765501_1781246400_H30,773784,0.125,0.5936063319499609,0.784128931913251,0.5114833852393483,0.3690880891289627,,
validation,765501,2026-06-11T23:40:00-07:00,765501_1781246400_H30,717951,0.125,0.9629532972662069,0.7067502546636377,0.5346737016456817,0.521581503282262,,
validation,765501,2026-06-11T23:40:00-07:00,765501_1781246400_H30,776019,0.125,0.9713020026013344,0.6661976829962216,0.6590118457094254,0.5277256452081018,,
validation,765501,2026-06-11T23:40:00-07:00,765501_1781246400_H30,763616,0.7189131466540104,0.5687247065270383,0.6357676720344021,0.7414563541749053,0.6524466644428053,,
validation,765501,2026-06-11T23:45:00-07:00,765501_1781246700_H30,773773,0.125,0.9629533659139787,0.8922927198566069,0.3738653574838055,0.5247384536119982,,
validation,765501,2026-06-11T23:45:00-07:00,765501_1781246700_H30,773784,0.125,0.669810921707877,0.784128931913251,0.5588108572768161,0.40292148813574696,,
validation,765501,2026-06-11T23:45:00-07:00,765501_1781246700_H30,717951,0.125,0.9629533659139787,0.7067502546636377,0.3738653574838055,0.5155948353644989,,
validation,765501,2026-06-11T23:45:00-07:00,765501_1781246700_H30,776019,0.125,0.951451671374064,0.6661976829962216,0.23233290823746516,0.5034867050482806,,
validation,765501,2026-06-11T23:45:00-07:00,765501_1781246700_H30,763616,0.7189131466540104,0.6615128318709068,0.6357676720344021,0.7753055499681417,0.6927576288107714,,
validation,765501,2026-06-11T23:50:00-07:00,765501_1781247000_H30,773773,0.125,0.9670372931695799,0.8922927198566069,0.4251330430939917,0.5283658476576629,,
validation,765501,2026-06-11T23:50:00-07:00,765501_1781247000_H30,773784,0.125,0.3617867403584516,0.784128931913251,0.0979558670725346,0.2561294000081824,,
validation,765501,2026-06-11T23:50:00-07:00,765501_1781247000_H30,717951,0.125,0.9670372931695799,0.7067502546636377,0.4251330430939917,0.5192222294101635,,
validation,765501,2026-06-11T23:50:00-07:00,765501_1781247000_H30,776019,0.125,0.944025599182805,0.6661976829962216,0.12429263029521669,0.4963391624798426,,
validation,765501,2026-06-11T23:50:00-07:00,765501_1781247000_H30,763616,0.7189131466540104,0.48629059107573624,0.6357676720344021,0.15096797706708515,0.5957702956837542,,
validation,765501,2026-06-11T23:55:00-07:00,765501_1781247300_H30,773773,0.125,0.9651063220002629,0.8922927198566069,0.17944608793035494,0.5184065562696483,,
validation,765501,2026-06-11T23:55:00-07:00,765501_1781247300_H30,773784,0.125,0.44836441176587605,0.784128931913251,0.3684257742324333,0.30263573136743444,,
validation,765501,2026-06-11T23:55:00-07:00,765501_1781247300_H30,717951,0.125,0.9651063220002629,0.7067502546636377,0.17944608793035494,0.5092629380221488,,
validation,765501,2026-06-11T23:55:00-07:00,765501_1781247300_H30,776019,0.125,0.9629296496408648,0.6661976829962216,0.25339128427080726,0.5091013031786525,,
validation,765501,2026-06-11T23:55:00-07:00,765501_1781247300_H30,763616,0.7189131466540104,0.5108911570929594,0.6357676720344021,0.401057261883335,0.6154342036382628,,
validation,769895,2026-06-12T23:30:00-07:00,769895_1781332200_H30,770116,0.125,0.9790449828828665,0.6578152456099651,0.36788545882194623,0.5197329874689459,,
validation,769895,2026-06-12T23:30:00-07:00,769895_1781332200_H30,769880,0.7658937862112813,0.4065156216496628,0.6556829452252355,0.14296456170116986,0.5860238008228001,,
validation,769895,2026-06-12T23:30:00-07:00,769895_1781332200_H30,769866,0.7493720392939975,0.3584564489408013,0.5758269762031877,0.19458789373064309,0.5556450340561444,,
validation,769895,2026-06-12T23:30:00-07:00,769895_1781332200_H30,769847,0.7658937862112813,0.6666772695780823,0.4441076408043507,0.3912491947263602,0.6943322068422323,,
validation,769895,2026-06-12T23:30:00-07:00,769895_1781332200_H30,770385,0.23285029237671376,0.3913706544021279,0.33157670652330645,0.48501150005535154,0.31381808963308744,,
validation,769965,2026-06-12T23:30:00-07:00,769965_1781332200_H30,770129,0.6527984948132077,0.35766091347943674,0.6996725373751304,0.10406070856137226,0.5104680658420991,,
validation,769965,2026-06-12T23:30:00-07:00,769965_1781332200_H30,769911,0.4416790968879246,0.5142838921439739,0.655682945225236,0.10871980796580832,0.4703860868620779,,
validation,769965,2026-06-12T23:30:00-07:00,769965_1781332200_H30,770141,0.15279849481320767,0.6956636523264648,0.655682945225236,0.5990423615029135,0.42266415438280663,,
validation,769965,2026-06-12T23:30:00-07:00,769965_1781332200_H30,769867,0.6527984948132077,0.3792315560296864,0.5056967074374724,0.06694548908094955,0.5086053118369047,,
validation,769965,2026-06-12T23:30:00-07:00,769965_1781332200_H30,769926,0.6527984948132077,0.5176856550812378,0.4299201246592394,0.055058305036696314,0.5626982388934799,,
validation,769895,2026-06-12T23:35:00-07:00,769895_1781332500_H30,770116,0.125,0.9790449004252293,0.6578152456099651,0.999974569682892,0.5432648526969417,,
validation,769895,2026-06-12T23:35:00-07:00,769895_1781332500_H30,769880,0.7658937862112813,0.2318568918402797,0.6556829452252355,0.10592783112626886,0.511138114665722,,
validation,769895,2026-06-12T23:35:00-07:00,769895_1781332500_H30,769866,0.7493720392939975,0.3071064951440192,0.5758269762031877,0.19283214247783328,0.5339685335644717,,
validation,769895,2026-06-12T23:35:00-07:00,769895_1781332500_H30,769847,0.7658937862112813,0.6211389574648323,0.4441076408043507,0.5121772767611709,0.679668961418514,,
validation,769895,2026-06-12T23:35:00-07:00,769895_1781332500_H30,770385,0.23285029237671376,0.3840770563585221,0.33157670652330645,0.5307813997370782,0.312452463798757,,
validation,769965,2026-06-12T23:35:00-07:00,769965_1781332500_H30,770129,0.6527984948132077,0.4348712234905946,0.6996725373751304,0.17144102002981124,0.5454712747072901,,
validation,769965,2026-06-12T23:35:00-07:00,769965_1781332500_H30,769911,0.4416790968879246,0.27745556047308406,0.655682945225236,0.11624242799826125,0.37099459855264094,,
validation,769965,2026-06-12T23:35:00-07:00,769965_1781332500_H30,770141,0.15279849481320767,0.719919772642933,0.655682945225236,0.4154731534157091,0.4260385268007968,,
validation,769965,2026-06-12T23:35:00-07:00,769965_1781332500_H30,769867,0.6527984948132077,0.29095490495515697,0.5056967074374724,0.17076853851990562,0.47531841435506494,,
validation,769965,2026-06-12T23:35:00-07:00,769965_1781332500_H30,769926,0.6527984948132077,0.244817367514219,0.4299201246592394,0.06805691892214387,0.4483428431353684,,
validation,769895,2026-06-12T23:40:00-07:00,769895_1781332800_H30,770116,0.125,0.9810793045903188,0.6578152456099651,0.9163591576853966,0.5410081528993802,,
validation,769895,2026-06-12T23:40:00-07:00,769895_1781332800_H30,769880,0.7658937862112813,0.43848398422767976,0.6556829452252355,0.745501086496359,0.6219096959702057,,
validation,769895,2026-06-12T23:40:00-07:00,769895_1781332800_H30,769866,0.7493720392939975,0.3648983107684869,0.5758269762031877,0.5938773017982282,0.5732212087443433,,
validation,769895,2026-06-12T23:40:00-07:00,769895_1781332800_H30,769847,0.7658937862112813,0.5654799239678441,0.4441076408043507,0.35431193580294007,0.6503671741462456,,
validation,769895,2026-06-12T23:40:00-07:00,769895_1781332800_H30,770385,0.23285029237671376,0.3950140833932885,0.33157670652330645,0.383627671850077,0.31157706757605275,,
validation,769965,2026-06-12T23:40:00-07:00,769965_1781332800_H30,770129,0.6527984948132077,0.520750893429954,0.6996725373751304,0.6539214891375069,0.5995767376261268,,
validation,769965,2026-06-12T23:40:00-07:00,769965_1781332800_H30,769911,0.4416790968879246,0.4637650107987008,0.655682945225236,0.8103192040568553,0.4752443982229439,,
validation,769965,2026-06-12T23:40:00-07:00,769965_1781332800_H30,770141,0.15279849481320767,0.7739435405182493,0.655682945225236,0.5476140462652161,0.45369440680537376,,
validation,769965,2026-06-12T23:40:00-07:00,769965_1781332800_H30,769867,0.6527984948132077,0.6564963933628021,0.5056967074374724,0.4618813016706219,0.6399979358681818,,
validation,769965,2026-06-12T23:40:00-07:00,769965_1781332800_H30,769926,0.6527984948132077,0.5501901161346642,0.4299201246592394,0.6634339321719984,0.5990271389838034,,
validation,769895,2026-06-12T23:45:00-07:00,769895_1781333100_H30,770116,0.125,0.9736199479108513,0.6578152456099651,0.19746874269050158,0.5111054031580439,,
validation,769895,2026-06-12T23:45:00-07:00,769895_1781333100_H30,769880,0.7658937862112813,0.38326238940011703,0.6556829452252355,0.3744905192035975,0.5848568745478107,,
validation,769895,2026-06-12T23:45:00-07:00,769895_1781333100_H30,769866,0.7493720392939975,0.43973355340911613,0.5758269762031877,0.8467868894780516,0.6141318737060156,,
validation,769895,2026-06-12T23:45:00-07:00,769895_1781333100_H30,769847,0.7658937862112813,0.6554504226467681,0.4441076408043507,0.40972879881934576,0.690295250174794,,
validation,769895,2026-06-12T23:45:00-07:00,769895_1781333100_H30,770385,0.23285029237671376,0.6470380844679919,0.33157670652330645,0.9027517839966729,0.4369702135763194,,
validation,769965,2026-06-12T23:45:00-07:00,769965_1781333100_H30,770129,0.6527984948132077,0.5326271606659638,0.6996725373751304,0.8880548673994172,0.613291479793678,,
validation,769965,2026-06-12T23:45:00-07:00,769965_1781333100_H30,769911,0.4416790968879246,0.3184988892833017,0.655682945225236,0.14612061274969923,0.38938041756067254,,
validation,769965,2026-06-12T23:45:00-07:00,769965_1781333100_H30,770141,0.15279849481320767,0.8464594905559706,0.655682945225236,0.40062293201105453,0.47874116340087447,,
validation,769965,2026-06-12T23:45:00-07:00,769965_1781333100_H30,769867,0.6527984948132077,0.5123027312617584,0.5056967074374724,0.228520218092273,0.5706248607082802,,
validation,769965,2026-06-12T23:45:00-07:00,769965_1781333100_H30,769926,0.6527984948132077,0.3175594638103847,0.4299201246592394,0.17274620169095478,0.4828545271568587,,
validation,769895,2026-06-12T23:50:00-07:00,769895_1781333400_H30,770116,0.125,0.9906326410124437,0.6578152456099651,0.5196363326203228,0.5302592663539332,,
validation,769895,2026-06-12T23:50:00-07:00,769895_1781333400_H30,769880,0.7658937862112813,0.3147422956428778,0.6556829452252355,0.36105292499628705,0.5555192501579913,,
validation,769895,2026-06-12T23:50:00-07:00,769895_1781333400_H30,769866,0.7493720392939975,0.3066558521624386,0.5758269762031877,0.6258055546279896,0.549897943450065,,
validation,769895,2026-06-12T23:50:00-07:00,769895_1781333400_H30,769847,0.7658937862112813,0.6774739057199879,0.4441076408043507,0.6016325525871419,0.7067083915440038,,
validation,769895,2026-06-12T23:50:00-07:00,769895_1781333400_H30,770385,0.23285029237671376,0.6108813287403811,0.33157670652330645,0.7963329569174101,0.41779144324525963,,
validation,769965,2026-06-12T23:50:00-07:00,769965_1781333400_H30,770129,0.6527984948132077,0.6185572866375826,0.6996725373751304,0.5126240208792205,0.6354791948498073,,
validation,769965,2026-06-12T23:50:00-07:00,769965_1781333400_H30,769911,0.4416790968879246,0.3385468121173879,0.655682945225236,0.5097062367963874,0.41135362966846933,,
validation,769965,2026-06-12T23:50:00-07:00,769965_1781333400_H30,770141,0.15279849481320767,0.8332336940820386,0.655682945225236,0.8595591956738822,0.4902605885809713,,
validation,769965,2026-06-12T23:50:00-07:00,769965_1781333400_H30,769867,0.6527984948132077,0.5126106685482716,0.5056967074374724,0.8822991002547471,0.5950938425930639,,
validation,769965,2026-06-12T23:50:00-07:00,769965_1781333400_H30,769926,0.6527984948132077,0.3300838760681615,0.4299201246592394,0.38557387785097536,0.4960488624919564,,
validation,769895,2026-06-12T23:55:00-07:00,769895_1781333700_H30,770116,0.125,0.9822264727400959,0.6578152456099651,0.14029684824414299,0.5125991049810973,,
validation,769895,2026-06-12T23:55:00-07:00,769895_1781333700_H30,769880,0.7658937862112813,0.2934479964669079,0.6556829452252355,0.2499388094562583,0.5424206918801922,,
validation,769895,2026-06-12T23:55:00-07:00,769895_1781333700_H30,769866,0.7493720392939975,0.32701948073855247,0.5758269762031877,0.39660919161477726,0.5499354793705145,,
validation,769895,2026-06-12T23:55:00-07:00,769895_1781333700_H30,769847,0.7658937862112813,0.6554583150893564,0.4441076408043507,0.9129580650116594,0.7090331782391242,,
validation,769895,2026-06-12T23:55:00-07:00,769895_1781333700_H30,770385,0.23285029237671376,0.5337301897699083,0.33157670652330645,0.5000052486146253,0.3742897071902674,,
validation,769965,2026-06-12T23:55:00-07:00,769965_1781333700_H30,770129,0.6527984948132077,0.6790412306789154,0.6996725373751304,0.5246498648997071,0.6613821684118482,,
validation,769965,2026-06-12T23:55:00-07:00,769965_1781333700_H30,769911,0.4416790968879246,0.4493212443911456,0.655682945225236,0.7476688373553875,0.4668332001731133,,
validation,769965,2026-06-12T23:55:00-07:00,769965_1781333700_H30,770141,0.15279849481320767,0.8102228909586789,0.655682945225236,0.26793516770335624,0.45855082977335765,,
validation,769965,2026-06-12T23:55:00-07:00,769965_1781333700_H30,769867,0.6527984948132077,0.5721469361499999,0.5056967074374724,0.7276896273578775,0.6143943493150932,,
validation,769965,2026-06-12T23:55:00-07:00,769965_1781333700_H30,769926,0.6527984948132077,0.16610877469849394,0.4299201246592394,0.2372230157731494,0.42151539888623796,,
validation,765501,2026-06-15T23:30:00-07:00,765501_1781591400_H30,773773,0.125,0.9564740058676477,0.8922927198566069,0.1310727864350811,0.5129726821299504,,
validation,765501,2026-06-15T23:30:00-07:00,765501_1781591400_H30,773784,0.125,0.6406510958764938,0.784128931913251,0.6171405800744884,0.39282083078830143,,
validation,765501,2026-06-15T23:30:00-07:00,765501_1781591400_H30,717951,0.125,0.9564740058676477,0.7067502546636377,0.1310727864350811,0.5038290638824511,,
validation,765501,2026-06-15T23:30:00-07:00,765501_1781591400_H30,776019,0.125,0.9395029447194394,0.6661976829962216,0.1296851398150588,0.4946365151037241,,
validation,765501,2026-06-15T23:30:00-07:00,765501_1781591400_H30,763616,0.7189131466540104,0.7640200112489695,0.6357676720344021,0.7592111246651496,0.735299613647143,,
validation,765501,2026-06-15T23:35:00-07:00,765501_1781591700_H30,773773,0.125,0.9583062577465666,0.8922927198566069,0.19642682696595556,0.5161768539818321,,
validation,765501,2026-06-15T23:35:00-07:00,765501_1781591700_H30,773784,0.125,0.7141421944765806,0.784128931913251,0.40561705551704097,0.41587552606223904,,
validation,765501,2026-06-15T23:35:00-07:00,765501_1781591700_H30,717951,0.125,0.9583062577465666,0.7067502546636377,0.19642682696595556,0.5070332357343327,,
validation,765501,2026-06-15T23:35:00-07:00,765501_1781591700_H30,776019,0.125,0.9599446614639413,0.6661976829962216,0.4441968872903953,0.5149484992256925,,
validation,765501,2026-06-15T23:35:00-07:00,765501_1781591700_H30,763616,0.7189131466540104,0.7641143956733711,0.6357676720344021,0.26381634898761624,0.7168963982570599,,
validation,765501,2026-06-15T23:40:00-07:00,765501_1781592000_H30,773773,0.125,0.9622978676113371,0.8922927198566069,0.25698698042774565,0.5201113424858086,,
validation,765501,2026-06-15T23:40:00-07:00,765501_1781592000_H30,773784,0.125,0.39179655997417195,0.784128931913251,0.16059336921506975,0.27109124660549944,,
validation,765501,2026-06-15T23:40:00-07:00,765501_1781592000_H30,717951,0.125,0.9622978676113371,0.7067502546636377,0.25698698042774565,0.5109677242383092,,
validation,765501,2026-06-15T23:40:00-07:00,765501_1781592000_H30,776019,0.125,0.9577456832298091,0.6661976829962216,0.7629993613581774,0.5258916613658807,,
validation,765501,2026-06-15T23:40:00-07:00,765501_1781592000_H30,763616,0.7189131466540104,0.354833223330696,0.6357676720344021,0.14172084168248664,0.5401009025582139,,
validation,765501,2026-06-15T23:45:00-07:00,765501_1781592300_H30,773773,0.125,0.9678301741319434,0.8922927198566069,0.3127119019142816,0.5245142386810719,,
validation,765501,2026-06-15T23:45:00-07:00,765501_1781592300_H30,773784,0.125,0.5301856407439784,0.784128931913251,0.6680540581321426,0.3482257973695468,,
validation,765501,2026-06-15T23:45:00-07:00,765501_1781592300_H30,717951,0.125,0.9678301741319434,0.7067502546636377,0.3127119019142816,0.5153706204335725,,
validation,765501,2026-06-15T23:45:00-07:00,765501_1781592300_H30,776019,0.125,0.9534909605192767,0.6661976829962216,0.5053465922427445,0.5145089236223788,,
validation,765501,2026-06-15T23:45:00-07:00,765501_1781592300_H30,763616,0.7189131466540104,0.677985873696203,0.6357676720344021,0.9531399024778752,0.7063110255741869,,
validation,765501,2026-06-15T23:50:00-07:00,765501_1781592600_H30,773773,0.125,0.9572058046374992,0.8922927198566069,0.20541018749037002,0.5160481568646904,,
validation,765501,2026-06-15T23:50:00-07:00,765501_1781592600_H30,773784,0.125,0.3870055640082889,0.784128931913251,0.35991654400225526,0.2764954651263437,,
validation,765501,2026-06-15T23:50:00-07:00,765501_1781592600_H30,717951,0.125,0.9572058046374992,0.7067502546636377,0.20541018749037002,0.5069045386171911,,
validation,765501,2026-06-15T23:50:00-07:00,765501_1781592600_H30,776019,0.125,0.9493066049907912,0.6661976829962216,0.222783634065671,0.5022284249120627,,
validation,765501,2026-06-15T23:50:00-07:00,765501_1781592600_H30,763616,0.7189131466540104,0.44934763319939,0.6357676720344021,0.368987064734511,0.5883390688073808,,
validation,765501,2026-06-15T23:55:00-07:00,765501_1781592900_H30,773773,0.125,0.9524443053341818,0.8922927198566069,0.14450243950988714,0.5117767122581208,,
validation,765501,2026-06-15T23:55:00-07:00,765501_1781592900_H30,773784,0.125,0.47215075789159533,0.784128931913251,0.2370272253041077,0.3077546441243706,,
validation,765501,2026-06-15T23:55:00-07:00,765501_1781592900_H30,717951,0.125,0.9524443053341818,0.7067502546636377,0.14450243950988714,0.5026330940106214,,
validation,765501,2026-06-15T23:55:00-07:00,765501_1781592900_H30,776019,0.125,0.9558030503933187,0.6661976829962216,0.22729924604083535,0.5051306289037593,,
validation,765501,2026-06-15T23:55:00-07:00,765501_1781592900_H30,763616,0.7189131466540104,0.5931806304911242,0.6357676720344021,0.3293367418958771,0.6473964758424805,,
validation,769895,2026-06-17T11:15:00-07:00,769895_1781720100_H30,770116,0.125,0.8283453288021188,0.6578152456099651,0.12728216232973355,0.44735218254752357,,
validation,769895,2026-06-17T11:15:00-07:00,769895_1781720100_H30,769880,0.4950604528779481,0.8524200304246061,0.6556829452252355,0.9383748006331158,0.6698783644993671,,
validation,769895,2026-06-17T11:15:00-07:00,769895_1781720100_H30,769866,0.24937203929399754,0.6594326306163555,0.5758269762031877,0.27498008722708056,0.43899130161335453,,
validation,769895,2026-06-17T11:15:00-07:00,769895_1781720100_H30,769847,0.4950604528779481,0.753880428220935,0.4441076408043507,0.5247833733198864,0.6025829695506205,,
validation,769895,2026-06-17T11:15:00-07:00,769895_1781720100_H30,770385,0.23285029237671376,0.22957717657162535,0.33157670652330645,0.1386650940802068,0.23283165337226333,,
validation,769965,2026-06-17T11:15:00-07:00,769965_1781720100_H30,770129,0.38196516147987436,0.714703779069722,0.6996725373751304,0.5881753103212264,0.5453352164288536,,
validation,769965,2026-06-17T11:15:00-07:00,769965_1781720100_H30,769911,0.27917909688792464,0.1858236492826254,0.655682945225236,0.09929813237748739,0.2517470695197602,,
validation,769965,2026-06-17T11:15:00-07:00,769965_1781720100_H30,770141,0.15279849481320767,0.7283082485325022,0.655682945225236,0.8779293881623135,0.44678557651615003,,
validation,769965,2026-06-17T11:15:00-07:00,769965_1781720100_H30,769867,0.15279849481320767,0.2660521954729249,0.5056967074374724,0.7124258507164207,0.2386876596948002,,
validation,769965,2026-06-17T11:15:00-07:00,769965_1781720100_H30,769926,0.38196516147987436,0.6828071573104717,0.4299201246592394,0.4606861575271543,0.5138714200234764,,
validation,775536,2026-06-17T11:15:00-07:00,775536_1781720100_H30,768701,0.125,0.49824792472441914,0.8229949661357914,0.06163972031582915,0.3141237700111115,,
validation,775536,2026-06-17T11:15:00-07:00,775536_1781720100_H30,774344,0.125,0.4739707490410844,0.7712518849544838,0.05632940181938741,0.3011588609376501,,
validation,775536,2026-06-17T11:15:00-07:00,775536_1781720100_H30,718405,0.125,0.9888758858221443,0.6368006006002778,0.49307613010488394,0.5274955034941627,,
validation,775536,2026-06-17T11:15:00-07:00,775536_1781720100_H30,759858,0.125,0.9888758858221443,0.4652130807137347,0.49307613010488394,0.5190395913866781,,
validation,775536,2026-06-17T11:15:00-07:00,775536_1781720100_H30,759870,0.125,0.9921680328441598,0.29119380591962934,0.24312402772401412,0.5025439646647935,,
validation,765501,2026-06-17T22:00:00-07:00,765501_1781758800_H30,773773,0.125,0.9035519703037758,0.8922927198566069,0.6176018495231397,0.5088127983705315,,
validation,765501,2026-06-17T22:00:00-07:00,765501_1781758800_H30,773784,0.125,0.31689680788141084,0.784128931913251,0.2446463271196027,0.24269813320608807,,
validation,765501,2026-06-17T22:00:00-07:00,765501_1781758800_H30,717951,0.125,0.9035519703037758,0.7067502546636377,0.6176018495231397,0.49966918012303213,,
validation,765501,2026-06-17T22:00:00-07:00,765501_1781758800_H30,776019,0.125,0.8981135426651058,0.6661976829962216,0.7277155420610595,0.49948131191840583,,
validation,765501,2026-06-17T22:00:00-07:00,765501_1781758800_H30,763616,0.7189131466540104,0.33675016603389096,0.6357676720344021,0.19770205356351062,0.5345745806529882,,
validation,765501,2026-06-17T22:05:00-07:00,765501_1781759100_H30,773773,0.125,0.9271814437929167,0.8922927198566069,0.9716754990486246,0.531939222393112,,
validation,765501,2026-06-17T22:05:00-07:00,765501_1781759100_H30,773784,0.125,0.5971239034824634,0.784128931913251,0.9237178113900623,0.3859154744148496,,
validation,765501,2026-06-17T22:05:00-07:00,765501_1781759100_H30,717951,0.125,0.9271814437929167,0.7067502546636377,0.9716754990486246,0.5227956041456125,,
validation,765501,2026-06-17T22:05:00-07:00,765501_1781759100_H30,776019,0.125,0.9244872854806555,0.6661976829962216,0.6074468487423622,0.5061035069991326,,
validation,765501,2026-06-17T22:05:00-07:00,765501_1781759100_H30,763616,0.7189131466540104,0.6770686486434094,0.6357676720344021,0.7294141235715955,0.697595966840735,,
validation,765501,2026-06-17T22:10:00-07:00,765501_1781759400_H30,773773,0.125,0.9433994766161747,0.8922927198566069,0.8039582388519786,0.5325208346902776,,
validation,765501,2026-06-17T22:10:00-07:00,765501_1781759400_H30,773784,0.125,0.37008179738835123,0.784128931913251,0.5446949890500188,0.27625200470084543,,
validation,765501,2026-06-17T22:10:00-07:00,765501_1781759400_H30,717951,0.125,0.9433994766161747,0.7067502546636377,0.8039582388519786,0.5233772164427781,,
validation,765501,2026-06-17T22:10:00-07:00,765501_1781759400_H30,776019,0.125,0.9127458669477696,0.6661976829962216,0.37427680076062503,0.4924813808434112,,
validation,765501,2026-06-17T22:10:00-07:00,765501_1781759400_H30,763616,0.7189131466540104,0.4825167946252895,0.6357676720344021,0.6515895926991423,0.6128195829451141,,
validation,765501,2026-06-17T22:15:00-07:00,765501_1781759700_H30,773773,0.125,0.9671115561189148,0.8922927198566069,0.9558845044188187,0.5481563258702463,,
validation,765501,2026-06-17T22:15:00-07:00,765501_1781759700_H30,773784,0.125,0.5232333948281794,0.784128931913251,0.6061556377754523,0.34299547386551377,,
validation,765501,2026-06-17T22:15:00-07:00,765501_1781759700_H30,717951,0.125,0.9671115561189148,0.7067502546636377,0.9558845044188187,0.5390127076227469,,
validation,765501,2026-06-17T22:15:00-07:00,765501_1781759700_H30,776019,0.125,0.939290834776248,0.6661976829962216,0.3481922022091951,0.5026819956371141,,
validation,765501,2026-06-17T22:15:00-07:00,765501_1781759700_H30,763616,0.7189131466540104,0.5290125839427987,0.6357676720344021,0.7858947687075667,0.6373878123026891,,
validation,765501,2026-06-17T22:20:00-07:00,765501_1781760000_H30,773773,0.125,0.9665313590701802,0.8922927198566069,0.632879953787601,0.5358870821787928,,
validation,765501,2026-06-17T22:20:00-07:00,765501_1781760000_H30,773784,0.125,0.6730022279601959,0.784128931913251,0.8576584138667437,0.4153903077982783,,
validation,765501,2026-06-17T22:20:00-07:00,765501_1781760000_H30,717951,0.125,0.9665313590701802,0.7067502546636377,0.632879953787601,0.5267434639312933,,
validation,765501,2026-06-17T22:20:00-07:00,765501_1781760000_H30,776019,0.125,0.9553174236122124,0.6661976829962216,0.4563623410023691,0.5134539852754392,,
validation,765501,2026-06-17T22:20:00-07:00,765501_1781760000_H30,763616,0.7189131466540104,0.7409223188332131,0.6357676720344021,0.8470784481577392,0.7288499136504999,,
validation,765501,2026-06-17T22:25:00-07:00,765501_1781760300_H30,773773,0.125,0.9755097172860907,0.8922927198566069,0.7293698615885752,0.5432579136068191,,
validation,765501,2026-06-17T22:25:00-07:00,765501_1781760300_H30,773784,0.125,0.5517449055786983,0.784128931913251,0.47214473479803964,0.3500057641710514,,
validation,765501,2026-06-17T22:25:00-07:00,765501_1781760300_H30,717951,0.125,0.9755097172860907,0.7067502546636377,0.7293698615885752,0.5341142953593196,,
validation,765501,2026-06-17T22:25:00-07:00,765501_1781760300_H30,776019,0.125,0.94650325470692,0.6661976829962216,0.5171699318127999,0.5120082468914676,,
validation,765501,2026-06-17T22:25:00-07:00,765501_1781760300_H30,763616,0.7189131466540104,0.6182002515340872,0.6357676720344021,0.560197122872482,0.66652087881764,,
validation,765501,2026-06-18T23:30:00-07:00,765501_1781850600_H30,773773,0.125,0.956163216532206,0.8922927198566069,0.23134781022620282,0.5165749991299285,,
validation,765501,2026-06-18T23:30:00-07:00,765501_1781850600_H30,773784,0.125,0.44801483076557,0.784128931913251,0.5033771676337903,0.30751268108937635,,
validation,765501,2026-06-18T23:30:00-07:00,765501_1781850600_H30,717951,0.125,0.956163216532206,0.7067502546636377,0.23134781022620282,0.5074313808824292,,
validation,765501,2026-06-18T23:30:00-07:00,765501_1781850600_H30,776019,0.125,0.9693706576466803,0.6661976829962216,0.35491855922312354,0.5155918006516449,,
validation,765501,2026-06-18T23:30:00-07:00,765501_1781850600_H30,763616,0.7189131466540104,0.49956142697083994,0.6357676720344021,0.45777397252794777,0.6127774679955871,,
validation,775536,2026-06-18T23:30:00-07:00,775536_1781850600_H30,768701,0.125,0.9935187766949316,0.8229949661357914,0.3678867982376552,0.5339646094409897,,
validation,775536,2026-06-18T23:30:00-07:00,775536_1781850600_H30,774344,0.125,0.956163216532206,0.7712518849544838,0.23134781022620282,0.5106100509680479,,
validation,775536,2026-06-18T23:30:00-07:00,775536_1781850600_H30,718405,0.125,0.9561628786670247,0.6368006006002778,0.23133993609954706,0.5039837943349967,,
validation,775536,2026-06-18T23:30:00-07:00,775536_1781850600_H30,759858,0.125,0.9561628786670247,0.4652130807137347,0.23133993609954706,0.49552788222751215,,
validation,775536,2026-06-18T23:30:00-07:00,775536_1781850600_H30,759870,0.125,0.9741480273724976,0.29119380591962934,0.17692734255365591,0.4924956459535159,,
validation,765501,2026-06-18T23:35:00-07:00,765501_1781850900_H30,773773,0.125,0.954953358420073,0.8922927198566069,0.2815377792017859,0.5179343291706519,,
validation,765501,2026-06-18T23:35:00-07:00,765501_1781850900_H30,773784,0.125,0.5546780024051801,0.784128931913251,0.7997414153616266,0.3634362083575664,,
validation,765501,2026-06-18T23:35:00-07:00,765501_1781850900_H30,717951,0.125,0.954953358420073,0.7067502546636377,0.2815377792017859,0.5087907109231524,,
validation,765501,2026-06-18T23:35:00-07:00,765501_1781850900_H30,776019,0.125,0.970335775509106,0.6661976829962216,0.5987133021885771,0.525074158388662,,
validation,765501,2026-06-18T23:35:00-07:00,765501_1781850900_H30,763616,0.7189131466540104,0.5546561068090397,0.6357676720344021,0.7178193701531639,0.6456457792441641,,
validation,775536,2026-06-18T23:35:00-07:00,775536_1781850900_H30,768701,0.125,0.9960818501712585,0.8229949661357914,0.3678867982376552,0.5350433042685993,,
validation,775536,2026-06-18T23:35:00-07:00,775536_1781850900_H30,774344,0.125,0.954953358420073,0.7712518849544838,0.2815377792017859,0.5119693810087712,,
validation,775536,2026-06-18T23:35:00-07:00,775536_1781850900_H30,718405,0.125,0.954952655799719,0.6368006006002778,0.2815312758316001,0.5053430218964742,,
validation,775536,2026-06-18T23:35:00-07:00,775536_1781850900_H30,759858,0.125,0.954952655799719,0.4652130807137347,0.2815312758316001,0.49688710978898964,,
validation,775536,2026-06-18T23:35:00-07:00,775536_1781850900_H30,759870,0.125,0.9805310006847898,0.29119380591962934,0.5613958991228868,0.5094952747604337,,
validation,765501,2026-06-18T23:40:00-07:00,765501_1781851200_H30,773773,0.125,0.9629532972662069,0.8922927198566069,0.5346737016456817,0.5307251215297614,,
validation,765501,2026-06-18T23:40:00-07:00,765501_1781851200_H30,773784,0.125,0.4452728765522115,0.784128931913251,0.2767096328508407,0.2979201490856301,,
validation,765501,2026-06-18T23:40:00-07:00,765501_1781851200_H30,717951,0.125,0.9629532972662069,0.7067502546636377,0.5346737016456817,0.521581503282262,,
validation,765501,2026-06-18T23:40:00-07:00,765501_1781851200_H30,776019,0.125,0.9713020026013344,0.6661976829962216,0.6590118457094254,0.5277256452081018,,
validation,765501,2026-06-18T23:40:00-07:00,765501_1781851200_H30,763616,0.7189131466540104,0.5456420970229476,0.6357676720344021,0.30981849278222523,0.626662773358457,,
validation,775536,2026-06-18T23:40:00-07:00,775536_1781851200_H30,768701,0.125,0.9920326014804532,0.8229949661357914,0.42949846423642823,0.5356328644236683,,
validation,775536,2026-06-18T23:40:00-07:00,775536_1781851200_H30,774344,0.125,0.9629532972662069,0.7712518849544838,0.5346737016456817,0.5247601733678807,,
validation,775536,2026-06-18T23:40:00-07:00,775536_1781851200_H30,718405,0.125,0.962953270036095,0.6368006006002778,0.5346821080156774,0.5181346535715317,,
validation,775536,2026-06-18T23:40:00-07:00,775536_1781851200_H30,759858,0.125,0.962953270036095,0.4652130807137347,0.5346821080156774,0.5096787414640471,,
validation,775536,2026-06-18T23:40:00-07:00,775536_1781851200_H30,759870,0.125,0.9910980103040599,0.29119380591962934,0.5613958991228868,0.5139425052924051,,
validation,765501,2026-06-18T23:45:00-07:00,765501_1781851500_H30,773773,0.125,0.9629533659139787,0.8922927198566069,0.3738653574838055,0.5247384536119982,,
validation,765501,2026-06-18T23:45:00-07:00,765501_1781851500_H30,773784,0.125,0.3809843607084299,0.784128931913251,0.37277912373661853,0.2744402401716315,,
validation,765501,2026-06-18T23:45:00-07:00,765501_1781851500_H30,717951,0.125,0.9629533659139787,0.7067502546636377,0.3738653574838055,0.5155948353644989,,
validation,765501,2026-06-18T23:45:00-07:00,765501_1781851500_H30,776019,0.125,0.951451671374064,0.6661976829962216,0.23233290823746516,0.5034867050482806,,
validation,765501,2026-06-18T23:45:00-07:00,765501_1781851500_H30,763616,0.7189131466540104,0.4147652717988952,0.6357676720344021,0.5120506054959263,0.5791108195173018,,
validation,775536,2026-06-18T23:45:00-07:00,775536_1781851500_H30,768701,0.125,0.9966222775219793,0.8229949661357914,0.4930760868727612,0.5399313916594195,,
validation,775536,2026-06-18T23:45:00-07:00,775536_1781851500_H30,774344,0.125,0.9629533659139787,0.7712518849544838,0.3738653574838055,0.5187735054501176,,
validation,775536,2026-06-18T23:45:00-07:00,775536_1781851500_H30,718405,0.125,0.9629528272485961,0.6368006006002778,0.3738572141122315,0.5121471542846582,,
validation,775536,2026-06-18T23:45:00-07:00,775536_1781851500_H30,759858,0.125,0.9629528272485961,0.4652130807137347,0.3738572141122315,0.5036912421771736,,
validation,775536,2026-06-18T23:45:00-07:00,775536_1781851500_H30,759870,0.125,0.9867041439672121,0.29119380591962934,0.5613958991228868,0.5120933031784033,,
validation,765501,2026-06-18T23:50:00-07:00,765501_1781851800_H30,773773,0.125,0.9670372931695799,0.8922927198566069,0.4251330430939917,0.5283658476576629,,
validation,765501,2026-06-18T23:50:00-07:00,765501_1781851800_H30,773784,0.125,0.7099583854728237,0.784128931913251,0.5536170416660476,0.4196245860531548,,
validation,765501,2026-06-18T23:50:00-07:00,765501_1781851800_H30,717951,0.125,0.9670372931695799,0.7067502546636377,0.4251330430939917,0.5192222294101635,,
validation,765501,2026-06-18T23:50:00-07:00,765501_1781851800_H30,776019,0.125,0.944025599182805,0.6661976829962216,0.12429263029521669,0.4963391624798426,,
validation,765501,2026-06-18T23:50:00-07:00,765501_1781851800_H30,763616,0.7189131466540104,0.7657133417228363,0.6357676720344021,0.6614749565283708,0.7323736712344305,,
validation,775536,2026-06-18T23:50:00-07:00,775536_1781851800_H30,768701,0.125,0.9972978117103778,0.8229949661357914,0.5613913983380076,0.5427589919020664,,
validation,775536,2026-06-18T23:50:00-07:00,775536_1781851800_H30,774344,0.125,0.9670372931695799,0.7712518849544838,0.4251330430939917,0.5224008994957822,,
validation,775536,2026-06-18T23:50:00-07:00,775536_1781851800_H30,718405,0.125,0.967036539824318,0.6368006006002778,0.4251250609934471,0.5157744639840939,,
validation,775536,2026-06-18T23:50:00-07:00,775536_1781851800_H30,759858,0.125,0.967036539824318,0.4652130807137347,0.4251250609934471,0.5073185518766093,,
validation,775536,2026-06-18T23:50:00-07:00,775536_1781851800_H30,759870,0.125,0.9918716950645153,0.29119380591962934,0.46378244769865906,0.5106340894758751,,
validation,765501,2026-06-18T23:55:00-07:00,765501_1781852100_H30,773773,0.125,0.9651063220002629,0.8922927198566069,0.17944608793035494,0.5184065562696483,,
validation,765501,2026-06-18T23:55:00-07:00,765501_1781852100_H30,773784,0.125,0.6308779312223851,0.784128931913251,0.6588524165275499,0.3902605781156087,,
validation,765501,2026-06-18T23:55:00-07:00,765501_1781852100_H30,717951,0.125,0.9651063220002629,0.7067502546636377,0.17944608793035494,0.5092629380221488,,
validation,765501,2026-06-18T23:55:00-07:00,765501_1781852100_H30,776019,0.125,0.9629296496408648,0.6661976829962216,0.25339128427080726,0.5091013031786525,,
validation,765501,2026-06-18T23:55:00-07:00,765501_1781852100_H30,763616,0.7189131466540104,0.6743582331352096,0.6357676720344021,0.6948853193309578,0.6951697967607287,,
validation,775536,2026-06-18T23:55:00-07:00,775536_1781852100_H30,768701,0.125,0.9982435595741382,0.8229949661357914,0.6394149914216959,0.5460617416235148,,
validation,775536,2026-06-18T23:55:00-07:00,775536_1781852100_H30,774344,0.125,0.9651063220002629,0.7712518849544838,0.17944608793035494,0.5124416081077675,,
validation,775536,2026-06-18T23:55:00-07:00,775536_1781852100_H30,718405,0.125,0.9651053257673846,0.6368006006002778,0.1794448363135245,0.5058153209420513,,
validation,775536,2026-06-18T23:55:00-07:00,775536_1781852100_H30,759858,0.125,0.9651053257673846,0.4652130807137347,0.1794448363135245,0.49735940883456675,,
validation,775536,2026-06-18T23:55:00-07:00,775536_1781852100_H30,759870,0.125,0.995893193190871,0.29119380591962934,0.5196264456759219,0.5144055800840576,,
validation,775536,2026-06-22T23:30:00-07:00,775536_1782196200_H30,768701,0.125,0.9874062043352021,0.8229949661357914,0.2214619790861544,0.5259408570260994,,
validation,775536,2026-06-22T23:30:00-07:00,775536_1782196200_H30,774344,0.125,0.9564740058676477,0.7712518849544838,0.1310727864350811,0.5070077339680698,,
validation,775536,2026-06-22T23:30:00-07:00,775536_1782196200_H30,718405,0.125,0.9564751648339309,0.6368006006002778,0.1310748758077729,0.5003824782201702,,
validation,775536,2026-06-22T23:30:00-07:00,775536_1782196200_H30,759858,0.125,0.9564751648339309,0.4652130807137347,0.1310748758077729,0.4919265661126857,,
validation,775536,2026-06-22T23:30:00-07:00,775536_1782196200_H30,759870,0.125,0.9848626001852497,0.29119380591962934,0.6460699830605973,0.5144705832299057,,
validation,775536,2026-06-22T23:35:00-07:00,775536_1782196500_H30,768701,0.125,0.9889064810495041,0.8229949661357914,0.1840639872721862,0.5251799820986683,,
validation,775536,2026-06-22T23:35:00-07:00,775536_1782196500_H30,774344,0.125,0.9583062577465666,0.7712518849544838,0.19642682696595556,0.5102119058199515,,
validation,775536,2026-06-22T23:35:00-07:00,775536_1782196500_H30,718405,0.125,0.9583075226460316,0.6368006006002778,0.19642873386891788,0.5035866878619558,,
validation,775536,2026-06-22T23:35:00-07:00,775536_1782196500_H30,759858,0.125,0.9583075226460316,0.4652130807137347,0.19642873386891788,0.4951307757544713,,
validation,775536,2026-06-22T23:35:00-07:00,775536_1782196500_H30,759870,0.125,0.9755775453787692,0.29119380591962934,0.7021911345506271,0.5126521974860796,,
validation,775536,2026-06-22T23:40:00-07:00,775536_1782196800_H30,768701,0.125,0.9986642383041978,0.8229949661357914,0.28359352852577946,0.5329919931360853,,
validation,775536,2026-06-22T23:40:00-07:00,775536_1782196800_H30,774344,0.125,0.9622978676113371,0.7712518849544838,0.25698698042774565,0.5141463943239278,,
validation,775536,2026-06-22T23:40:00-07:00,775536_1782196800_H30,718405,0.125,0.962298842576714,0.6368006006002778,0.25698868812687253,0.5075210469281896,,
validation,775536,2026-06-22T23:40:00-07:00,775536_1782196800_H30,759858,0.125,0.962298842576714,0.4652130807137347,0.25698868812687253,0.499065134820705,,
validation,775536,2026-06-22T23:40:00-07:00,775536_1782196800_H30,759870,0.125,0.9598960115280084,0.29119380591962934,0.13063033233118634,0.4847739633670334,,
validation,775536,2026-06-22T23:45:00-07:00,775536_1782197100_H30,768701,0.125,0.9854824162004551,0.8229949661357914,0.1830924883024877,0.5237027628231316,,
validation,775536,2026-06-22T23:45:00-07:00,775536_1782197100_H30,774344,0.125,0.9678301741319434,0.7712518849544838,0.3127119019142816,0.5185492905191912,,
validation,775536,2026-06-22T23:45:00-07:00,775536_1782197100_H30,718405,0.125,0.9678311937680258,0.6368006006002778,0.3127133635999175,0.5119239527647815,,
validation,775536,2026-06-22T23:45:00-07:00,775536_1782197100_H30,759858,0.125,0.9678311937680258,0.4652130807137347,0.3127133635999175,0.503468040657297,,
validation,775536,2026-06-22T23:45:00-07:00,775536_1782197100_H30,759870,0.125,0.9866893349337216,0.29119380591962934,0.5471582382487036,0.5115570200525673,,
validation,775536,2026-06-22T23:50:00-07:00,775536_1782197400_H30,768701,0.125,0.9940231733976467,0.8229949661357914,0.7846590606756525,0.5496928083540794,,
validation,775536,2026-06-22T23:50:00-07:00,775536_1782197400_H30,774344,0.125,0.9572058046374992,0.7712518849544838,0.20541018749037002,0.5100832087028098,,
validation,775536,2026-06-22T23:50:00-07:00,775536_1782197400_H30,718405,0.125,0.9572058403226148,0.6368006006002778,0.20540022434928637,0.5034570315106593,,
validation,775536,2026-06-22T23:50:00-07:00,775536_1782197400_H30,759858,0.125,0.9572058403226148,0.4652130807137347,0.20540022434928637,0.4950011194031748,,
validation,775536,2026-06-22T23:50:00-07:00,775536_1782197400_H30,759870,0.125,0.9845317465838749,0.29119380591962934,0.5471582382487036,0.5106489776516817,,
validation,775536,2026-06-22T23:55:00-07:00,775536_1782197700_H30,768701,0.125,0.9989831560183979,0.8229949661357914,0.3537368550505733,0.5357375625593919,,
validation,775536,2026-06-22T23:55:00-07:00,775536_1782197700_H30,774344,0.125,0.9524443053341818,0.7712518849544838,0.14450243950988714,0.5058117640962401,,
validation,775536,2026-06-22T23:55:00-07:00,775536_1782197700_H30,718405,0.125,0.9524438514353086,0.6368006006002778,0.14449678977332248,0.4991855414405682,,
validation,775536,2026-06-22T23:55:00-07:00,775536_1782197700_H30,759858,0.125,0.9524438514353086,0.4652130807137347,0.14449678977332248,0.4907296293330837,,
validation,775536,2026-06-22T23:55:00-07:00,775536_1782197700_H30,759870,0.125,0.9783719433954294,0.29119380591962934,0.4760177469297223,0.5054080905773584,,
validation,775511,2026-06-23T23:30:00-07:00,775511_1782282600_H30,764283,0.125,0.9883311690413434,0.36787944117144233,0.5859540459252339,0.5174714258361615,,
validation,775511,2026-06-23T23:30:00-07:00,775511_1782282600_H30,764290,0.125,0.9883311690413434,0.3403019123393269,0.5859540459252339,0.5161123924979548,,
validation,775511,2026-06-23T23:30:00-07:00,775511_1782282600_H30,764297,0.2982237778832464,0.7676547789553958,0.21460395078470418,0.6438079017504276,0.504533306625997,,
validation,775511,2026-06-23T23:30:00-07:00,775511_1782282600_H30,764311,0.875,0.4990828748309637,0.14630264057470097,0.5996261331641746,0.67062918695056,,
validation,775511,2026-06-23T23:30:00-07:00,775511_1782282600_H30,764322,0.125,0.555826136988299,0.1289022003850519,0.6850748542581542,0.32736064167330503,,
validation,775511,2026-06-23T23:35:00-07:00,775511_1782282900_H30,764283,0.125,0.9981239837377842,0.36787944117144233,0.6569962512355448,0.5242376426758589,,
validation,775511,2026-06-23T23:35:00-07:00,775511_1782282900_H30,764290,0.125,0.9981239837377842,0.3403019123393269,0.6569962512355448,0.5228786093376523,,
validation,775511,2026-06-23T23:35:00-07:00,775511_1782282900_H30,764297,0.2982237778832464,0.846171012939725,0.21460395078470418,0.4987249440101546,0.532176380397372,,
validation,775511,2026-06-23T23:35:00-07:00,775511_1782282900_H30,764311,0.875,0.7471984460960467,0.14630264057470097,0.5311743216471965,0.772502702864651,,
validation,775511,2026-06-23T23:35:00-07:00,775511_1782282900_H30,764322,0.125,0.5536224368775904,0.1289022003850519,0.701214973268182,0.32703406945507774,,
validation,775511,2026-06-23T23:40:00-07:00,775511_1782283200_H30,764283,0.125,0.9945626817866252,0.36787944117144233,0.7397034694530482,0.5258179214983123,,
validation,775511,2026-06-23T23:40:00-07:00,775511_1782283200_H30,764290,0.125,0.9945626817866252,0.3403019123393269,0.7397034694530482,0.5244588881601057,,
validation,775511,2026-06-23T23:40:00-07:00,775511_1782283200_H30,764297,0.2982237778832464,0.8266100522472959,0.21460395078470418,0.7724412729847917,0.5341340787554658,,
validation,775511,2026-06-23T23:40:00-07:00,775511_1782283200_H30,764311,0.875,0.7626677594315858,0.14630264057470097,0.8477111492871388,0.7907973930657138,,
validation,775511,2026-06-23T23:40:00-07:00,775511_1782283200_H30,764322,0.125,0.6059869748799692,0.1289022003850519,0.6051695394709173,0.34549654995287643,,
validation,775511,2026-06-23T23:45:00-07:00,775511_1782283500_H30,764283,0.125,0.9946000949187435,0.36787944117144233,0.7397034694530482,0.5258336671850721,,
validation,775511,2026-06-23T23:45:00-07:00,775511_1782283500_H30,764290,0.125,0.9946000949187435,0.3403019123393269,0.7397034694530482,0.5244746338468655,,
validation,775511,2026-06-23T23:45:00-07:00,775511_1782283500_H30,764297,0.2982237778832464,0.8591199316287237,0.21460395078470418,0.9134422203635311,0.5530654748916455,,
validation,775511,2026-06-23T23:45:00-07:00,775511_1782283500_H30,764311,0.875,0.7475941708985743,0.14630264057470097,0.7511554233883702,0.7808588733351199,,
validation,775511,2026-06-23T23:45:00-07:00,775511_1782283500_H30,764322,0.125,0.6146663425035329,0.1289022003850519,0.9170205614694598,0.3607591775527692,,
validation,775511,2026-06-23T23:50:00-07:00,775511_1782283800_H30,764283,0.125,1.0,0.36787944117144233,0.8444857452497851,0.5320071858699709,,
validation,775511,2026-06-23T23:50:00-07:00,775511_1782283800_H30,764290,0.125,1.0,0.3403019123393269,0.8444857452497851,0.5306481525317642,,
validation,775511,2026-06-23T23:50:00-07:00,775511_1782283800_H30,764297,0.2982237778832464,0.7849094771638653,0.21460395078470418,0.30821360659941677,0.4993013543353254,,
validation,775511,2026-06-23T23:50:00-07:00,775511_1782283800_H30,764311,0.875,0.7343528566476007,0.14630264057470097,0.7185890532360737,0.7740737293494455,,
validation,775511,2026-06-23T23:50:00-07:00,775511_1782283800_H30,764322,0.125,0.4874545444567818,0.1289022003850519,0.32033864328491635,0.2850071001977628,,
validation,775511,2026-06-23T23:55:00-07:00,775511_1782284100_H30,764283,0.125,0.9955457706320715,0.36787944117144233,0.8444857452497851,0.5301325793771999,,
validation,775511,2026-06-23T23:55:00-07:00,775511_1782284100_H30,764290,0.125,0.9955457706320715,0.3403019123393269,0.8444857452497851,0.5287735460389934,,
validation,775511,2026-06-23T23:55:00-07:00,775511_1782284100_H30,764297,0.2982237778832464,0.8731603952375062,0.21460395078470418,0.60777857262384,0.54759506135213,,
validation,775511,2026-06-23T23:55:00-07:00,775511_1782284100_H30,764311,0.875,0.7791487348814843,0.14630264057470097,0.7937065840472194,0.795723051099699,,
validation,775511,2026-06-23T23:55:00-07:00,775511_1782284100_H30,764322,0.125,0.6450888099384903,0.1289022003850519,0.5394224402047391,0.35950526043423237,,
validation,765501,2026-06-24T23:30:00-07:00,765501_1782369000_H30,773773,0.125,0.9699766208293148,0.8922927198566069,0.11256775247760739,0.517966471563335,,
validation,765501,2026-06-24T23:30:00-07:00,765501_1782369000_H30,773784,0.125,0.20637146082391955,0.784128931913251,0.3048109903309375,0.19842230391966476,,
validation,765501,2026-06-24T23:30:00-07:00,765501_1782369000_H30,717951,0.125,0.9699766208293148,0.7067502546636377,0.11256775247760739,0.5088228533158355,,
validation,765501,2026-06-24T23:30:00-07:00,765501_1782369000_H30,776019,0.125,0.9790617200689924,0.6661976829962216,0.7775686336654746,0.5354051224209192,,
validation,765501,2026-06-24T23:30:00-07:00,765501_1782369000_H30,763616,0.7189131466540104,0.24509457592518857,0.6357676720344021,0.24846073317487022,0.4978901020496048,,
validation,765501,2026-06-24T23:35:00-07:00,765501_1782369300_H30,773773,0.125,0.9524512547655485,0.8922927198566069,0.10935339762308943,0.5104710814098691,,
validation,765501,2026-06-24T23:35:00-07:00,765501_1782369300_H30,773784,0.125,0.15238091778049845,0.784128931913251,0.41750596836659587,0.1798953451630329,,
validation,765501,2026-06-24T23:35:00-07:00,765501_1782369300_H30,717951,0.125,0.9524512547655485,0.7067502546636377,0.10935339762308943,0.5013274631623696,,
validation,765501,2026-06-24T23:35:00-07:00,765501_1782369300_H30,776019,0.125,0.9798388306984837,0.6661976829962216,0.6016978205726164,0.5291847231212402,,
validation,765501,2026-06-24T23:35:00-07:00,765501_1782369300_H30,763616,0.7189131466540104,0.26063252269602044,0.6357676720344021,0.45359331701237127,0.5120662343759761,,
validation,765501,2026-06-24T23:40:00-07:00,765501_1782369600_H30,773773,0.125,0.9519863281123296,0.8922927198566069,0.17819769640278058,0.5128384009722579,,
validation,765501,2026-06-24T23:40:00-07:00,765501_1782369600_H30,773784,0.125,0.25210200736183563,0.784128931913251,0.5857093374532385,0.22812595668868083,,
validation,765501,2026-06-24T23:40:00-07:00,765501_1782369600_H30,717951,0.125,0.9519863281123296,0.7067502546636377,0.17819769640278058,0.5036947827247584,,
validation,765501,2026-06-24T23:40:00-07:00,765501_1782369600_H30,776019,0.125,0.9824394232334145,0.6661976829962216,0.6016978205726164,0.530279208215819,,
validation,765501,2026-06-24T23:40:00-07:00,765501_1782369600_H30,763616,0.7189131466540104,0.3388014187867563,0.6357676720344021,0.6128469317310403,0.5508932037227923,,
validation,765501,2026-06-24T23:45:00-07:00,765501_1782369900_H30,773773,0.125,0.9548554834083637,0.8922927198566069,0.24241225279527032,0.5164365422922041,,
validation,765501,2026-06-24T23:45:00-07:00,765501_1782369900_H30,773784,0.125,0.2062161632936389,0.784128931913251,0.6961916815916335,0.21292756703340143,,
validation,765501,2026-06-24T23:45:00-07:00,765501_1782369900_H30,717951,0.125,0.9548554834083637,0.7067502546636377,0.24241225279527032,0.5072929240447047,,
validation,765501,2026-06-24T23:45:00-07:00,765501_1782369900_H30,776019,0.125,0.9783060457875485,0.6661976829962216,0.8716734144347914,0.5385904946339832,,
validation,765501,2026-06-24T23:45:00-07:00,765501_1782369900_H30,763616,0.7189131466540104,0.23534701784283607,0.6357676720344021,0.7604227346500193,0.5128474612457253,,
validation,765501,2026-06-24T23:50:00-07:00,765501_1782370200_H30,773773,0.125,0.9592425371680922,0.8922927198566069,0.3029801647052029,0.520537746108765,,
validation,765501,2026-06-24T23:50:00-07:00,765501_1782370200_H30,773784,0.125,0.053556494705231605,0.784128931913251,0.6341446033594231,0.14636929894319262,,
validation,765501,2026-06-24T23:50:00-07:00,765501_1782370200_H30,717951,0.125,0.9592425371680922,0.7067502546636377,0.3029801647052029,0.5113941278612656,,
validation,765501,2026-06-24T23:50:00-07:00,765501_1782370200_H30,776019,0.125,0.980901356326404,0.6661976829962216,0.8066889295056012,0.5372634643254808,,
validation,765501,2026-06-24T23:50:00-07:00,765501_1782370200_H30,763616,0.7189131466540104,0.2085214084471001,0.6357676720344021,0.7639234580051179,0.5016879657838399,,
validation,765501,2026-06-24T23:55:00-07:00,765501_1782370500_H30,773773,0.125,0.9448592260168782,0.8922927198566069,0.1326130879595199,0.5081418306617339,,
validation,765501,2026-06-24T23:55:00-07:00,765501_1782370500_H30,773784,0.125,0.235071867079242,0.784128931913251,0.2507499231743208,0.20848852679147822,,
validation,765501,2026-06-24T23:55:00-07:00,765501_1782370500_H30,717951,0.125,0.9448592260168782,0.7067502546636377,0.1326130879595199,0.49899821241423453,,
validation,765501,2026-06-24T23:55:00-07:00,765501_1782370500_H30,776019,0.125,0.9434412656696609,0.6661976829962216,0.0520898076027048,0.4934052176834325,,
validation,765501,2026-06-24T23:55:00-07:00,765501_1782370500_H30,763616,0.7189131466540104,0.2796120514672946,0.6357676720344021,0.20832105561548347,0.5109227722829411,,
validation,775511,2026-06-26T23:30:00-07:00,775511_1782541800_H30,764283,0.125,0.9799318566187032,0.36787944117144233,0.27257628378489673,0.502269823580898,,
validation,775511,2026-06-26T23:30:00-07:00,775511_1782541800_H30,764290,0.125,0.9799318566187032,0.3403019123393269,0.27257628378489673,0.5009107902426914,,
validation,775511,2026-06-26T23:30:00-07:00,775511_1782541800_H30,764297,0.2982237778832464,0.8299960742611514,0.21460395078470418,0.2822645657515086,0.5173104438756237,,
validation,775511,2026-06-26T23:30:00-07:00,775511_1782541800_H30,764311,0.875,0.7675202945911599,0.14630264057470097,0.2938328066385559,0.7722194212369846,,
validation,775511,2026-06-26T23:30:00-07:00,775511_1782541800_H30,764322,0.125,0.3854154839735874,0.1289022003850519,0.23747816176967937,0.23897815839362,,
validation,775536,2026-06-26T23:30:00-07:00,775536_1782541800_H30,768701,0.125,0.9905281104024529,0.8229949661357914,0.7229450251670042,0.5459243389032629,,
validation,775536,2026-06-26T23:30:00-07:00,775536_1782541800_H30,774344,0.125,0.9484001688098715,0.7712518849544838,0.6928964995600984,0.5245257853939063,,
validation,775536,2026-06-26T23:30:00-07:00,775536_1782541800_H30,718405,0.125,0.9483994795576085,0.6368006006002778,0.6929087609314082,0.517900130495942,,
validation,775536,2026-06-26T23:30:00-07:00,775536_1782541800_H30,759858,0.125,0.9483994795576085,0.4652130807137347,0.6929087609314082,0.5094442183884574,,
validation,775536,2026-06-26T23:30:00-07:00,775536_1782541800_H30,759870,0.125,0.9790449828828665,0.29119380591962934,0.36788545882194623,0.5016657138537624,,
validation,775511,2026-06-26T23:35:00-07:00,775511_1782542100_H30,764283,0.125,0.9843312285334427,0.36787944117144233,0.334398936174895,0.5064229240592037,,
validation,775511,2026-06-26T23:35:00-07:00,775511_1782542100_H30,764290,0.125,0.9843312285334427,0.3403019123393269,0.334398936174895,0.5050638907209972,,
validation,775511,2026-06-26T23:35:00-07:00,775511_1782542100_H30,764297,0.2982237778832464,0.727496825977736,0.21460395078470418,0.19694466828037271,0.47099626645317794,,
validation,775511,2026-06-26T23:35:00-07:00,775511_1782542100_H30,764311,0.875,0.8940854031652967,0.14630264057470097,0.7964726345680129,0.8441982616109226,,
validation,775511,2026-06-26T23:35:00-07:00,775511_1782542100_H30,764322,0.125,0.12064285407902808,0.1289022003850519,0.13982335516172664,0.12391040954608015,,
validation,775536,2026-06-26T23:35:00-07:00,775536_1782542100_H30,768701,0.125,0.9852630238589823,0.8229949661357914,0.7229450251670042,0.5437084751467943,,
validation,775536,2026-06-26T23:35:00-07:00,775536_1782542100_H30,774344,0.125,0.9543738345497518,0.7712518849544838,0.6928964995600982,0.5270398617147739,,
validation,775536,2026-06-26T23:35:00-07:00,775536_1782542100_H30,718405,0.125,0.954373268983944,0.6368006006002778,0.6929087609314082,0.5204142588714779,,
validation,775536,2026-06-26T23:35:00-07:00,775536_1782542100_H30,759858,0.125,0.954373268983944,0.4652130807137347,0.6929087609314082,0.5119583467639933,,
validation,775536,2026-06-26T23:35:00-07:00,775536_1782542100_H30,759870,0.125,0.9790449004252293,0.29119380591962934,0.999974569682892,0.5251975790817581,,
validation,775511,2026-06-26T23:40:00-07:00,775511_1782542400_H30,764283,0.125,0.9825988234199071,0.36787944117144233,0.3824888265585487,0.5074841516828849,,
validation,775511,2026-06-26T23:40:00-07:00,775511_1782542400_H30,764290,0.125,0.9825988234199071,0.3403019123393269,0.3824888265585487,0.5061251183446783,,
validation,775511,2026-06-26T23:40:00-07:00,775511_1782542400_H30,764297,0.2982237778832464,0.6414844683462573,0.21460395078470418,0.11905857431639674,0.4318975114161581,,
validation,775511,2026-06-26T23:40:00-07:00,775511_1782542400_H30,764311,0.875,0.6955694410515645,0.14630264057470097,0.13587671115178507,0.7360576816541938,,
validation,775511,2026-06-26T23:40:00-07:00,775511_1782542400_H30,764322,0.125,0.15514236678361437,0.1289022003850519,0.14960134587458032,0.13879389331706415,,
validation,775536,2026-06-26T23:40:00-07:00,775536_1782542400_H30,768701,0.125,0.9823210199244314,0.8229949661357914,0.3175571041389643,0.5273782101406698,,
validation,775536,2026-06-26T23:40:00-07:00,775536_1782542400_H30,774344,0.125,0.9392123762914758,0.7712518849544838,0.9349534765618484,0.5296704954710765,,
validation,775536,2026-06-26T23:40:00-07:00,775536_1782542400_H30,718405,0.125,0.939211470060519,0.6368006006002778,0.9349419478115598,0.5230438635785246,,
validation,775536,2026-06-26T23:40:00-07:00,775536_1782542400_H30,759858,0.125,0.939211470060519,0.4652130807137347,0.9349419478115598,0.5145879514710401,,
validation,775536,2026-06-26T23:40:00-07:00,775536_1782542400_H30,759870,0.125,0.9810793045903188,0.29119380591962934,0.9163591576853966,0.5229408792841965,,
validation,775511,2026-06-26T23:45:00-07:00,775511_1782542700_H30,764283,0.125,0.9843861904616802,0.36787944117144233,0.8305441281521289,0.52491693041479,,
validation,775511,2026-06-26T23:45:00-07:00,775511_1782542700_H30,764290,0.125,0.9843861904616802,0.3403019123393269,0.8305441281521289,0.5235578970765835,,
validation,775511,2026-06-26T23:45:00-07:00,775511_1782542700_H30,764297,0.2982237778832464,0.8376239325608686,0.21460395078470418,0.7914971435543712,0.5394788058564408,,
validation,775511,2026-06-26T23:45:00-07:00,775511_1782542700_H30,764311,0.875,0.801613248219863,0.14630264057470097,0.37484988705278355,0.7895839442623545,,
validation,775511,2026-06-26T23:45:00-07:00,775511_1782542700_H30,764322,0.125,0.4724398066178337,0.1289022003850519,0.6405684141468238,0.29060975963252333,,
validation,775536,2026-06-26T23:45:00-07:00,775536_1782542700_H30,768701,0.125,0.9793145935226049,0.8229949661357914,0.3678737645851555,0.5279861532117794,,
validation,775536,2026-06-26T23:45:00-07:00,775536_1782542700_H30,774344,0.125,0.9409167009674881,0.7712518849544838,0.5965197517489992,0.5177883061749206,,
validation,775536,2026-06-26T23:45:00-07:00,775536_1782542700_H30,718405,0.125,0.9409166843825207,0.6368006006002778,0.5965333180664896,0.5111629829571828,,
validation,775536,2026-06-26T23:45:00-07:00,775536_1782542700_H30,759858,0.125,0.9409166843825207,0.4652130807137347,0.5965333180664896,0.5027070708496982,,
validation,775536,2026-06-26T23:45:00-07:00,775536_1782542700_H30,759870,0.125,0.9736199479108513,0.29119380591962934,0.19746874269050158,0.4930381295428603,,
validation,775511,2026-06-26T23:50:00-07:00,775511_1782543000_H30,764283,0.125,0.9951510362881387,0.36787944117144233,0.402002070904741,0.5134933287203699,,
validation,775511,2026-06-26T23:50:00-07:00,775511_1782543000_H30,764290,0.125,0.9951510362881387,0.3403019123393269,0.402002070904741,0.5121342953821634,,
validation,775511,2026-06-26T23:50:00-07:00,775511_1782543000_H30,764297,0.2982237778832464,0.810827428839995,0.21460395078470418,0.6808711244011417,0.5240827615935602,,
validation,775511,2026-06-26T23:50:00-07:00,775511_1782543000_H30,764311,0.875,0.6991193207570952,0.14630264057470097,0.27222090726164266,0.7426276103206962,,
validation,775511,2026-06-26T23:50:00-07:00,775511_1782543000_H30,764322,0.125,0.3723246694711817,0.1289022003850519,0.5424250834746009,0.24482155832544,,
validation,775536,2026-06-26T23:50:00-07:00,775536_1782543000_H30,768701,0.125,0.9929815440361962,0.8229949661357914,0.811771238359135,0.5502637813517811,,
validation,775536,2026-06-26T23:50:00-07:00,775536_1782543000_H30,774344,0.125,0.9478767844695983,0.7712518849544838,0.32967050901100015,0.5107830571695671,,
validation,775536,2026-06-26T23:50:00-07:00,775536_1782543000_H30,718405,0.125,0.9478769247626094,0.6368006006002778,0.3296784901566103,0.5041575920464009,,
validation,775536,2026-06-26T23:50:00-07:00,775536_1782543000_H30,759858,0.125,0.9478769247626094,0.4652130807137347,0.3296784901566103,0.4957016799389163,,
validation,775536,2026-06-26T23:50:00-07:00,775536_1782543000_H30,759870,0.125,0.9906326410124437,0.29119380591962934,0.5196363326203228,0.5121919927387496,,
validation,775511,2026-06-26T23:55:00-07:00,775511_1782543300_H30,764283,0.125,0.9815818123803787,0.36787944117144233,0.10934606531366364,0.4968873635755821,,
validation,775511,2026-06-26T23:55:00-07:00,775511_1782543300_H30,764290,0.125,0.9815818123803787,0.3403019123393269,0.10934606531366364,0.4955283302373755,,
validation,775511,2026-06-26T23:55:00-07:00,775511_1782543300_H30,764297,0.2982237778832464,0.7509549997169538,0.21460395078470418,0.8114204212053345,0.5037450472153937,,
validation,775511,2026-06-26T23:55:00-07:00,775511_1782543300_H30,764311,0.875,0.7037201183559583,0.14630264057470097,0.7507909746857584,0.762380476323513,,
validation,775511,2026-06-26T23:55:00-07:00,775511_1782543300_H30,764322,0.125,0.3825381664849836,0.1289022003850519,0.805101890399017,0.2588991439278981,,
validation,775536,2026-06-26T23:55:00-07:00,775536_1782543300_H30,768701,0.125,0.9813120134979263,0.8229949661357914,0.12241792751956906,0.5196887683408747,,
validation,775536,2026-06-26T23:55:00-07:00,775536_1782543300_H30,774344,0.125,0.9359550310765591,0.7712518849544838,0.13672369828739697,0.49858249694002044,,
validation,775536,2026-06-26T23:55:00-07:00,775536_1782543300_H30,718405,0.125,0.935955509530808,0.6368006006002778,0.1367260673488649,0.4919569652043683,,
validation,775536,2026-06-26T23:55:00-07:00,775536_1782543300_H30,759858,0.125,0.935955509530808,0.4652130807137347,0.1367260673488649,0.4835010530968838,,
validation,775536,2026-06-26T23:55:00-07:00,775536_1782543300_H30,759870,0.125,0.9822264727400959,0.29119380591962934,0.14029684824414299,0.49453183136591367,,
validation,765501,2026-06-27T23:30:00-07:00,765501_1782628200_H30,773773,0.125,0.95891106235598,0.8922927198566069,0.600046284418831,0.5314576478081827,,
validation,765501,2026-06-27T23:30:00-07:00,765501_1782628200_H30,773784,0.125,0.7895983496113724,0.784128931913251,0.48363967741096425,0.45053668161859567,,
validation,765501,2026-06-27T23:30:00-07:00,765501_1782628200_H30,717951,0.125,0.95891106235598,0.7067502546636377,0.600046284418831,0.5223140295606834,,
validation,765501,2026-06-27T23:30:00-07:00,765501_1782628200_H30,776019,0.125,0.9627619849687168,0.6661976829962216,0.9642639088657396,0.5354956530619568,,
validation,765501,2026-06-27T23:30:00-07:00,765501_1782628200_H30,763616,0.7189131466540104,0.820502995815722,0.6357676720344021,0.675017068618792,0.7559365953359037,,
validation,765501,2026-06-27T23:35:00-07:00,765501_1782628500_H30,773773,0.125,0.9392901469353125,0.8922927198566069,0.28002675247161846,0.5112860580034934,,
validation,765501,2026-06-27T23:35:00-07:00,765501_1782628500_H30,773784,0.125,0.6291161959064097,0.784128931913251,0.3862373730438507,0.3793700117124013,,
validation,765501,2026-06-27T23:35:00-07:00,765501_1782628500_H30,717951,0.125,0.9392901469353125,0.7067502546636377,0.28002675247161846,0.5021424397559939,,
validation,765501,2026-06-27T23:35:00-07:00,765501_1782628500_H30,776019,0.125,0.9176247091348128,0.6661976829962216,0.23442154248042255,0.4893280506412748,,
validation,765501,2026-06-27T23:35:00-07:00,765501_1782628500_H30,763616,0.7189131466540104,0.76391287271672,0.6357676720344021,0.5618486479131398,0.7279069611437496,,
validation,765501,2026-06-27T23:40:00-07:00,765501_1782628800_H30,773773,0.125,0.9300990509671077,0.8922927198566069,0.23789659012532705,0.5058494402317946,,
validation,765501,2026-06-27T23:40:00-07:00,765501_1782628800_H30,773784,0.125,0.839380535710113,0.784128931913251,0.654718703185413,0.4778570687556087,,
validation,765501,2026-06-27T23:40:00-07:00,765501_1782628800_H30,717951,0.125,0.9300990509671077,0.7067502546636377,0.23789659012532705,0.4967058219842952,,
validation,765501,2026-06-27T23:40:00-07:00,765501_1782628800_H30,776019,0.125,0.9213210658595815,0.6661976829962216,0.2250646385961411,0.49053535291523925,,
validation,765501,2026-06-27T23:40:00-07:00,765501_1782628800_H30,763616,0.7189131466540104,0.8656586378563607,0.6357676720344021,0.41222396510396786,0.7651573300624247,,
validation,765501,2026-06-27T23:45:00-07:00,765501_1782629100_H30,773773,0.125,0.919425790556504,0.8922927198566069,0.21649691749880298,0.5005608095195779,,
validation,765501,2026-06-27T23:45:00-07:00,765501_1782629100_H30,773784,0.125,0.8680045471849238,0.784128931913251,0.5913915490746253,0.4875461751111774,,
validation,765501,2026-06-27T23:45:00-07:00,765501_1782629100_H30,717951,0.125,0.919425790556504,0.7067502546636377,0.21649691749880298,0.49141719127207856,,
validation,765501,2026-06-27T23:45:00-07:00,765501_1782629100_H30,776019,0.125,0.8956778147918588,0.6661976829962216,0.220216143823617,0.4795626335333729,,
validation,765501,2026-06-27T23:45:00-07:00,765501_1782629100_H30,763616,0.7189131466540104,0.9075606936673233,0.6357676720344021,0.5266360907695977,0.7870516474408309,,
validation,765501,2026-06-27T23:50:00-07:00,765501_1782629400_H30,773773,0.125,0.8963309700982555,0.8922927198566069,0.15734084449867658,0.48863881804775455,,
validation,765501,2026-06-27T23:50:00-07:00,765501_1782629400_H30,773784,0.125,0.770855108143057,0.784128931913251,0.33642740575254226,0.4371678712729688,,
validation,765501,2026-06-27T23:50:00-07:00,765501_1782629400_H30,717951,0.125,0.8963309700982555,0.7067502546636377,0.15734084449867658,0.4794951998002552,,
validation,765501,2026-06-27T23:50:00-07:00,765501_1782629400_H30,776019,0.125,0.8811471177670289,0.6661976829962216,0.17521717851383556,0.4717719898304023,,
validation,765501,2026-06-27T23:50:00-07:00,765501_1782629400_H30,763616,0.7189131466540104,0.7870885916894831,0.6357676720344021,0.13321475742763686,0.7217031793485248,,
validation,765501,2026-06-27T23:55:00-07:00,765501_1782629700_H30,773773,0.125,0.8638454550645678,0.8922927198566069,0.13922315395002946,0.4742924683554947,,
validation,765501,2026-06-27T23:55:00-07:00,765501_1782629700_H30,773784,0.125,0.8544530649297447,0.784128931913251,0.6060481119480146,0.482388545550257,,
validation,765501,2026-06-27T23:55:00-07:00,765501_1782629700_H30,717951,0.125,0.8638454550645678,0.7067502546636377,0.13922315395002946,0.46514885010799534,,
validation,765501,2026-06-27T23:55:00-07:00,765501_1782629700_H30,776019,0.125,0.8507881023047831,0.6661976829962216,0.15402079694969809,0.4582059826403331,,
validation,765501,2026-06-27T23:55:00-07:00,765501_1782629700_H30,763616,0.7189131466540104,0.887748554651347,0.6357676720344021,0.8464677130227692,0.7906204505492916,,
