split,target_station,timestamp,sample_id,candidate_station,method,predicted_loss_or_score,predicted_rank,raw_jev_score,raw_jev_confidence,deployable
validation,765501,2026-06-03T15:25:00-07:00,765501_1780525500_H30,773773,Nearest,1.0,1,,,True
validation,765501,2026-06-03T15:25:00-07:00,765501_1780525500_H30,773784,Nearest,2.0,2,,,True
validation,765501,2026-06-03T15:25:00-07:00,765501_1780525500_H30,717951,Nearest,3.0,3,,,True
validation,765501,2026-06-03T15:25:00-07:00,765501_1780525500_H30,776019,Nearest,4.0,4,,,True
validation,765501,2026-06-03T15:25:00-07:00,765501_1780525500_H30,763616,Nearest,5.0,5,,,True
validation,765501,2026-06-03T15:30:00-07:00,765501_1780525800_H30,773773,Nearest,1.0,1,,,True
validation,765501,2026-06-03T15:30:00-07:00,765501_1780525800_H30,773784,Nearest,2.0,2,,,True
validation,765501,2026-06-03T15:30:00-07:00,765501_1780525800_H30,717951,Nearest,3.0,3,,,True
validation,765501,2026-06-03T15:30:00-07:00,765501_1780525800_H30,776019,Nearest,4.0,4,,,True
validation,765501,2026-06-03T15:30:00-07:00,765501_1780525800_H30,763616,Nearest,5.0,5,,,True
validation,765501,2026-06-03T15:35:00-07:00,765501_1780526100_H30,773773,Nearest,1.0,1,,,True
validation,765501,2026-06-03T15:35:00-07:00,765501_1780526100_H30,773784,Nearest,2.0,2,,,True
validation,765501,2026-06-03T15:35:00-07:00,765501_1780526100_H30,717951,Nearest,3.0,3,,,True
validation,765501,2026-06-03T15:35:00-07:00,765501_1780526100_H30,776019,Nearest,4.0,4,,,True
validation,765501,2026-06-03T15:35:00-07:00,765501_1780526100_H30,763616,Nearest,5.0,5,,,True
validation,765501,2026-06-03T15:40:00-07:00,765501_1780526400_H30,773773,Nearest,1.0,1,,,True
validation,765501,2026-06-03T15:40:00-07:00,765501_1780526400_H30,773784,Nearest,2.0,2,,,True
validation,765501,2026-06-03T15:40:00-07:00,765501_1780526400_H30,717951,Nearest,3.0,3,,,True
validation,765501,2026-06-03T15:40:00-07:00,765501_1780526400_H30,776019,Nearest,4.0,4,,,True
validation,765501,2026-06-03T15:40:00-07:00,765501_1780526400_H30,763616,Nearest,5.0,5,,,True
validation,765501,2026-06-03T15:45:00-07:00,765501_1780526700_H30,773773,Nearest,1.0,1,,,True
validation,765501,2026-06-03T15:45:00-07:00,765501_1780526700_H30,773784,Nearest,2.0,2,,,True
validation,765501,2026-06-03T15:45:00-07:00,765501_1780526700_H30,717951,Nearest,3.0,3,,,True
validation,765501,2026-06-03T15:45:00-07:00,765501_1780526700_H30,776019,Nearest,4.0,4,,,True
validation,765501,2026-06-03T15:45:00-07:00,765501_1780526700_H30,763616,Nearest,5.0,5,,,True
validation,765501,2026-06-03T15:50:00-07:00,765501_1780527000_H30,773773,Nearest,1.0,1,,,True
validation,765501,2026-06-03T15:50:00-07:00,765501_1780527000_H30,773784,Nearest,2.0,2,,,True
validation,765501,2026-06-03T15:50:00-07:00,765501_1780527000_H30,717951,Nearest,3.0,3,,,True
validation,765501,2026-06-03T15:50:00-07:00,765501_1780527000_H30,776019,Nearest,4.0,4,,,True
validation,765501,2026-06-03T15:50:00-07:00,765501_1780527000_H30,763616,Nearest,5.0,5,,,True
validation,765501,2026-06-06T07:20:00-07:00,765501_1780755600_H30,773773,Nearest,1.0,1,,,True
validation,765501,2026-06-06T07:20:00-07:00,765501_1780755600_H30,773784,Nearest,2.0,2,,,True
validation,765501,2026-06-06T07:20:00-07:00,765501_1780755600_H30,717951,Nearest,3.0,3,,,True
validation,765501,2026-06-06T07:20:00-07:00,765501_1780755600_H30,776019,Nearest,4.0,4,,,True
validation,765501,2026-06-06T07:20:00-07:00,765501_1780755600_H30,763616,Nearest,5.0,5,,,True
validation,765501,2026-06-06T07:25:00-07:00,765501_1780755900_H30,773773,Nearest,1.0,1,,,True
validation,765501,2026-06-06T07:25:00-07:00,765501_1780755900_H30,773784,Nearest,2.0,2,,,True
validation,765501,2026-06-06T07:25:00-07:00,765501_1780755900_H30,717951,Nearest,3.0,3,,,True
validation,765501,2026-06-06T07:25:00-07:00,765501_1780755900_H30,776019,Nearest,4.0,4,,,True
validation,765501,2026-06-06T07:25:00-07:00,765501_1780755900_H30,763616,Nearest,5.0,5,,,True
validation,765501,2026-06-06T07:30:00-07:00,765501_1780756200_H30,773773,Nearest,1.0,1,,,True
validation,765501,2026-06-06T07:30:00-07:00,765501_1780756200_H30,773784,Nearest,2.0,2,,,True
validation,765501,2026-06-06T07:30:00-07:00,765501_1780756200_H30,717951,Nearest,3.0,3,,,True
validation,765501,2026-06-06T07:30:00-07:00,765501_1780756200_H30,776019,Nearest,4.0,4,,,True
validation,765501,2026-06-06T07:30:00-07:00,765501_1780756200_H30,763616,Nearest,5.0,5,,,True
validation,765501,2026-06-06T07:35:00-07:00,765501_1780756500_H30,773773,Nearest,1.0,1,,,True
validation,765501,2026-06-06T07:35:00-07:00,765501_1780756500_H30,773784,Nearest,2.0,2,,,True
validation,765501,2026-06-06T07:35:00-07:00,765501_1780756500_H30,717951,Nearest,3.0,3,,,True
validation,765501,2026-06-06T07:35:00-07:00,765501_1780756500_H30,776019,Nearest,4.0,4,,,True
validation,765501,2026-06-06T07:35:00-07:00,765501_1780756500_H30,763616,Nearest,5.0,5,,,True
validation,765501,2026-06-06T07:40:00-07:00,765501_1780756800_H30,773773,Nearest,1.0,1,,,True
validation,765501,2026-06-06T07:40:00-07:00,765501_1780756800_H30,773784,Nearest,2.0,2,,,True
validation,765501,2026-06-06T07:40:00-07:00,765501_1780756800_H30,717951,Nearest,3.0,3,,,True
validation,765501,2026-06-06T07:40:00-07:00,765501_1780756800_H30,776019,Nearest,4.0,4,,,True
validation,765501,2026-06-06T07:40:00-07:00,765501_1780756800_H30,763616,Nearest,5.0,5,,,True
validation,765501,2026-06-06T07:45:00-07:00,765501_1780757100_H30,773773,Nearest,1.0,1,,,True
validation,765501,2026-06-06T07:45:00-07:00,765501_1780757100_H30,773784,Nearest,2.0,2,,,True
validation,765501,2026-06-06T07:45:00-07:00,765501_1780757100_H30,717951,Nearest,3.0,3,,,True
validation,765501,2026-06-06T07:45:00-07:00,765501_1780757100_H30,776019,Nearest,4.0,4,,,True
validation,765501,2026-06-06T07:45:00-07:00,765501_1780757100_H30,763616,Nearest,5.0,5,,,True
validation,765501,2026-06-11T23:30:00-07:00,765501_1781245800_H30,773773,Nearest,1.0,1,,,True
validation,765501,2026-06-11T23:30:00-07:00,765501_1781245800_H30,773784,Nearest,2.0,2,,,True
validation,765501,2026-06-11T23:30:00-07:00,765501_1781245800_H30,717951,Nearest,3.0,3,,,True
validation,765501,2026-06-11T23:30:00-07:00,765501_1781245800_H30,776019,Nearest,4.0,4,,,True
validation,765501,2026-06-11T23:30:00-07:00,765501_1781245800_H30,763616,Nearest,5.0,5,,,True
validation,765501,2026-06-11T23:35:00-07:00,765501_1781246100_H30,773773,Nearest,1.0,1,,,True
validation,765501,2026-06-11T23:35:00-07:00,765501_1781246100_H30,773784,Nearest,2.0,2,,,True
validation,765501,2026-06-11T23:35:00-07:00,765501_1781246100_H30,717951,Nearest,3.0,3,,,True
validation,765501,2026-06-11T23:35:00-07:00,765501_1781246100_H30,776019,Nearest,4.0,4,,,True
validation,765501,2026-06-11T23:35:00-07:00,765501_1781246100_H30,763616,Nearest,5.0,5,,,True
validation,765501,2026-06-11T23:40:00-07:00,765501_1781246400_H30,773773,Nearest,1.0,1,,,True
validation,765501,2026-06-11T23:40:00-07:00,765501_1781246400_H30,773784,Nearest,2.0,2,,,True
validation,765501,2026-06-11T23:40:00-07:00,765501_1781246400_H30,717951,Nearest,3.0,3,,,True
validation,765501,2026-06-11T23:40:00-07:00,765501_1781246400_H30,776019,Nearest,4.0,4,,,True
validation,765501,2026-06-11T23:40:00-07:00,765501_1781246400_H30,763616,Nearest,5.0,5,,,True
validation,765501,2026-06-11T23:45:00-07:00,765501_1781246700_H30,773773,Nearest,1.0,1,,,True
validation,765501,2026-06-11T23:45:00-07:00,765501_1781246700_H30,773784,Nearest,2.0,2,,,True
validation,765501,2026-06-11T23:45:00-07:00,765501_1781246700_H30,717951,Nearest,3.0,3,,,True
validation,765501,2026-06-11T23:45:00-07:00,765501_1781246700_H30,776019,Nearest,4.0,4,,,True
validation,765501,2026-06-11T23:45:00-07:00,765501_1781246700_H30,763616,Nearest,5.0,5,,,True
validation,765501,2026-06-11T23:50:00-07:00,765501_1781247000_H30,773773,Nearest,1.0,1,,,True
validation,765501,2026-06-11T23:50:00-07:00,765501_1781247000_H30,773784,Nearest,2.0,2,,,True
validation,765501,2026-06-11T23:50:00-07:00,765501_1781247000_H30,717951,Nearest,3.0,3,,,True
validation,765501,2026-06-11T23:50:00-07:00,765501_1781247000_H30,776019,Nearest,4.0,4,,,True
validation,765501,2026-06-11T23:50:00-07:00,765501_1781247000_H30,763616,Nearest,5.0,5,,,True
validation,765501,2026-06-11T23:55:00-07:00,765501_1781247300_H30,773773,Nearest,1.0,1,,,True
validation,765501,2026-06-11T23:55:00-07:00,765501_1781247300_H30,773784,Nearest,2.0,2,,,True
validation,765501,2026-06-11T23:55:00-07:00,765501_1781247300_H30,717951,Nearest,3.0,3,,,True
validation,765501,2026-06-11T23:55:00-07:00,765501_1781247300_H30,776019,Nearest,4.0,4,,,True
validation,765501,2026-06-11T23:55:00-07:00,765501_1781247300_H30,763616,Nearest,5.0,5,,,True
validation,765501,2026-06-15T23:30:00-07:00,765501_1781591400_H30,773773,Nearest,1.0,1,,,True
validation,765501,2026-06-15T23:30:00-07:00,765501_1781591400_H30,773784,Nearest,2.0,2,,,True
validation,765501,2026-06-15T23:30:00-07:00,765501_1781591400_H30,717951,Nearest,3.0,3,,,True
validation,765501,2026-06-15T23:30:00-07:00,765501_1781591400_H30,776019,Nearest,4.0,4,,,True
validation,765501,2026-06-15T23:30:00-07:00,765501_1781591400_H30,763616,Nearest,5.0,5,,,True
validation,765501,2026-06-15T23:35:00-07:00,765501_1781591700_H30,773773,Nearest,1.0,1,,,True
validation,765501,2026-06-15T23:35:00-07:00,765501_1781591700_H30,773784,Nearest,2.0,2,,,True
validation,765501,2026-06-15T23:35:00-07:00,765501_1781591700_H30,717951,Nearest,3.0,3,,,True
validation,765501,2026-06-15T23:35:00-07:00,765501_1781591700_H30,776019,Nearest,4.0,4,,,True
validation,765501,2026-06-15T23:35:00-07:00,765501_1781591700_H30,763616,Nearest,5.0,5,,,True
validation,765501,2026-06-15T23:40:00-07:00,765501_1781592000_H30,773773,Nearest,1.0,1,,,True
validation,765501,2026-06-15T23:40:00-07:00,765501_1781592000_H30,773784,Nearest,2.0,2,,,True
validation,765501,2026-06-15T23:40:00-07:00,765501_1781592000_H30,717951,Nearest,3.0,3,,,True
validation,765501,2026-06-15T23:40:00-07:00,765501_1781592000_H30,776019,Nearest,4.0,4,,,True
validation,765501,2026-06-15T23:40:00-07:00,765501_1781592000_H30,763616,Nearest,5.0,5,,,True
validation,765501,2026-06-15T23:45:00-07:00,765501_1781592300_H30,773773,Nearest,1.0,1,,,True
validation,765501,2026-06-15T23:45:00-07:00,765501_1781592300_H30,773784,Nearest,2.0,2,,,True
validation,765501,2026-06-15T23:45:00-07:00,765501_1781592300_H30,717951,Nearest,3.0,3,,,True
validation,765501,2026-06-15T23:45:00-07:00,765501_1781592300_H30,776019,Nearest,4.0,4,,,True
validation,765501,2026-06-15T23:45:00-07:00,765501_1781592300_H30,763616,Nearest,5.0,5,,,True
validation,765501,2026-06-15T23:50:00-07:00,765501_1781592600_H30,773773,Nearest,1.0,1,,,True
validation,765501,2026-06-15T23:50:00-07:00,765501_1781592600_H30,773784,Nearest,2.0,2,,,True
validation,765501,2026-06-15T23:50:00-07:00,765501_1781592600_H30,717951,Nearest,3.0,3,,,True
validation,765501,2026-06-15T23:50:00-07:00,765501_1781592600_H30,776019,Nearest,4.0,4,,,True
validation,765501,2026-06-15T23:50:00-07:00,765501_1781592600_H30,763616,Nearest,5.0,5,,,True
validation,765501,2026-06-15T23:55:00-07:00,765501_1781592900_H30,773773,Nearest,1.0,1,,,True
validation,765501,2026-06-15T23:55:00-07:00,765501_1781592900_H30,773784,Nearest,2.0,2,,,True
validation,765501,2026-06-15T23:55:00-07:00,765501_1781592900_H30,717951,Nearest,3.0,3,,,True
validation,765501,2026-06-15T23:55:00-07:00,765501_1781592900_H30,776019,Nearest,4.0,4,,,True
validation,765501,2026-06-15T23:55:00-07:00,765501_1781592900_H30,763616,Nearest,5.0,5,,,True
validation,765501,2026-06-17T22:00:00-07:00,765501_1781758800_H30,773773,Nearest,1.0,1,,,True
validation,765501,2026-06-17T22:00:00-07:00,765501_1781758800_H30,773784,Nearest,2.0,2,,,True
validation,765501,2026-06-17T22:00:00-07:00,765501_1781758800_H30,717951,Nearest,3.0,3,,,True
validation,765501,2026-06-17T22:00:00-07:00,765501_1781758800_H30,776019,Nearest,4.0,4,,,True
validation,765501,2026-06-17T22:00:00-07:00,765501_1781758800_H30,763616,Nearest,5.0,5,,,True
validation,765501,2026-06-17T22:05:00-07:00,765501_1781759100_H30,773773,Nearest,1.0,1,,,True
validation,765501,2026-06-17T22:05:00-07:00,765501_1781759100_H30,773784,Nearest,2.0,2,,,True
validation,765501,2026-06-17T22:05:00-07:00,765501_1781759100_H30,717951,Nearest,3.0,3,,,True
validation,765501,2026-06-17T22:05:00-07:00,765501_1781759100_H30,776019,Nearest,4.0,4,,,True
validation,765501,2026-06-17T22:05:00-07:00,765501_1781759100_H30,763616,Nearest,5.0,5,,,True
validation,765501,2026-06-17T22:10:00-07:00,765501_1781759400_H30,773773,Nearest,1.0,1,,,True
validation,765501,2026-06-17T22:10:00-07:00,765501_1781759400_H30,773784,Nearest,2.0,2,,,True
validation,765501,2026-06-17T22:10:00-07:00,765501_1781759400_H30,717951,Nearest,3.0,3,,,True
validation,765501,2026-06-17T22:10:00-07:00,765501_1781759400_H30,776019,Nearest,4.0,4,,,True
validation,765501,2026-06-17T22:10:00-07:00,765501_1781759400_H30,763616,Nearest,5.0,5,,,True
validation,765501,2026-06-17T22:15:00-07:00,765501_1781759700_H30,773773,Nearest,1.0,1,,,True
validation,765501,2026-06-17T22:15:00-07:00,765501_1781759700_H30,773784,Nearest,2.0,2,,,True
validation,765501,2026-06-17T22:15:00-07:00,765501_1781759700_H30,717951,Nearest,3.0,3,,,True
validation,765501,2026-06-17T22:15:00-07:00,765501_1781759700_H30,776019,Nearest,4.0,4,,,True
validation,765501,2026-06-17T22:15:00-07:00,765501_1781759700_H30,763616,Nearest,5.0,5,,,True
validation,765501,2026-06-17T22:20:00-07:00,765501_1781760000_H30,773773,Nearest,1.0,1,,,True
validation,765501,2026-06-17T22:20:00-07:00,765501_1781760000_H30,773784,Nearest,2.0,2,,,True
validation,765501,2026-06-17T22:20:00-07:00,765501_1781760000_H30,717951,Nearest,3.0,3,,,True
validation,765501,2026-06-17T22:20:00-07:00,765501_1781760000_H30,776019,Nearest,4.0,4,,,True
validation,765501,2026-06-17T22:20:00-07:00,765501_1781760000_H30,763616,Nearest,5.0,5,,,True
validation,765501,2026-06-17T22:25:00-07:00,765501_1781760300_H30,773773,Nearest,1.0,1,,,True
validation,765501,2026-06-17T22:25:00-07:00,765501_1781760300_H30,773784,Nearest,2.0,2,,,True
validation,765501,2026-06-17T22:25:00-07:00,765501_1781760300_H30,717951,Nearest,3.0,3,,,True
validation,765501,2026-06-17T22:25:00-07:00,765501_1781760300_H30,776019,Nearest,4.0,4,,,True
validation,765501,2026-06-17T22:25:00-07:00,765501_1781760300_H30,763616,Nearest,5.0,5,,,True
validation,765501,2026-06-18T23:30:00-07:00,765501_1781850600_H30,773773,Nearest,1.0,1,,,True
validation,765501,2026-06-18T23:30:00-07:00,765501_1781850600_H30,773784,Nearest,2.0,2,,,True
validation,765501,2026-06-18T23:30:00-07:00,765501_1781850600_H30,717951,Nearest,3.0,3,,,True
validation,765501,2026-06-18T23:30:00-07:00,765501_1781850600_H30,776019,Nearest,4.0,4,,,True
validation,765501,2026-06-18T23:30:00-07:00,765501_1781850600_H30,763616,Nearest,5.0,5,,,True
validation,765501,2026-06-18T23:35:00-07:00,765501_1781850900_H30,773773,Nearest,1.0,1,,,True
validation,765501,2026-06-18T23:35:00-07:00,765501_1781850900_H30,773784,Nearest,2.0,2,,,True
validation,765501,2026-06-18T23:35:00-07:00,765501_1781850900_H30,717951,Nearest,3.0,3,,,True
validation,765501,2026-06-18T23:35:00-07:00,765501_1781850900_H30,776019,Nearest,4.0,4,,,True
validation,765501,2026-06-18T23:35:00-07:00,765501_1781850900_H30,763616,Nearest,5.0,5,,,True
validation,765501,2026-06-18T23:40:00-07:00,765501_1781851200_H30,773773,Nearest,1.0,1,,,True
validation,765501,2026-06-18T23:40:00-07:00,765501_1781851200_H30,773784,Nearest,2.0,2,,,True
validation,765501,2026-06-18T23:40:00-07:00,765501_1781851200_H30,717951,Nearest,3.0,3,,,True
validation,765501,2026-06-18T23:40:00-07:00,765501_1781851200_H30,776019,Nearest,4.0,4,,,True
validation,765501,2026-06-18T23:40:00-07:00,765501_1781851200_H30,763616,Nearest,5.0,5,,,True
validation,765501,2026-06-18T23:45:00-07:00,765501_1781851500_H30,773773,Nearest,1.0,1,,,True
validation,765501,2026-06-18T23:45:00-07:00,765501_1781851500_H30,773784,Nearest,2.0,2,,,True
validation,765501,2026-06-18T23:45:00-07:00,765501_1781851500_H30,717951,Nearest,3.0,3,,,True
validation,765501,2026-06-18T23:45:00-07:00,765501_1781851500_H30,776019,Nearest,4.0,4,,,True
validation,765501,2026-06-18T23:45:00-07:00,765501_1781851500_H30,763616,Nearest,5.0,5,,,True
validation,765501,2026-06-18T23:50:00-07:00,765501_1781851800_H30,773773,Nearest,1.0,1,,,True
validation,765501,2026-06-18T23:50:00-07:00,765501_1781851800_H30,773784,Nearest,2.0,2,,,True
validation,765501,2026-06-18T23:50:00-07:00,765501_1781851800_H30,717951,Nearest,3.0,3,,,True
validation,765501,2026-06-18T23:50:00-07:00,765501_1781851800_H30,776019,Nearest,4.0,4,,,True
validation,765501,2026-06-18T23:50:00-07:00,765501_1781851800_H30,763616,Nearest,5.0,5,,,True
validation,765501,2026-06-18T23:55:00-07:00,765501_1781852100_H30,773773,Nearest,1.0,1,,,True
validation,765501,2026-06-18T23:55:00-07:00,765501_1781852100_H30,773784,Nearest,2.0,2,,,True
validation,765501,2026-06-18T23:55:00-07:00,765501_1781852100_H30,717951,Nearest,3.0,3,,,True
validation,765501,2026-06-18T23:55:00-07:00,765501_1781852100_H30,776019,Nearest,4.0,4,,,True
validation,765501,2026-06-18T23:55:00-07:00,765501_1781852100_H30,763616,Nearest,5.0,5,,,True
validation,765501,2026-06-24T23:30:00-07:00,765501_1782369000_H30,773773,Nearest,1.0,1,,,True
validation,765501,2026-06-24T23:30:00-07:00,765501_1782369000_H30,773784,Nearest,2.0,2,,,True
validation,765501,2026-06-24T23:30:00-07:00,765501_1782369000_H30,717951,Nearest,3.0,3,,,True
validation,765501,2026-06-24T23:30:00-07:00,765501_1782369000_H30,776019,Nearest,4.0,4,,,True
validation,765501,2026-06-24T23:30:00-07:00,765501_1782369000_H30,763616,Nearest,5.0,5,,,True
validation,765501,2026-06-24T23:35:00-07:00,765501_1782369300_H30,773773,Nearest,1.0,1,,,True
validation,765501,2026-06-24T23:35:00-07:00,765501_1782369300_H30,773784,Nearest,2.0,2,,,True
validation,765501,2026-06-24T23:35:00-07:00,765501_1782369300_H30,717951,Nearest,3.0,3,,,True
validation,765501,2026-06-24T23:35:00-07:00,765501_1782369300_H30,776019,Nearest,4.0,4,,,True
validation,765501,2026-06-24T23:35:00-07:00,765501_1782369300_H30,763616,Nearest,5.0,5,,,True
validation,765501,2026-06-24T23:40:00-07:00,765501_1782369600_H30,773773,Nearest,1.0,1,,,True
validation,765501,2026-06-24T23:40:00-07:00,765501_1782369600_H30,773784,Nearest,2.0,2,,,True
validation,765501,2026-06-24T23:40:00-07:00,765501_1782369600_H30,717951,Nearest,3.0,3,,,True
validation,765501,2026-06-24T23:40:00-07:00,765501_1782369600_H30,776019,Nearest,4.0,4,,,True
validation,765501,2026-06-24T23:40:00-07:00,765501_1782369600_H30,763616,Nearest,5.0,5,,,True
validation,765501,2026-06-24T23:45:00-07:00,765501_1782369900_H30,773773,Nearest,1.0,1,,,True
validation,765501,2026-06-24T23:45:00-07:00,765501_1782369900_H30,773784,Nearest,2.0,2,,,True
validation,765501,2026-06-24T23:45:00-07:00,765501_1782369900_H30,717951,Nearest,3.0,3,,,True
validation,765501,2026-06-24T23:45:00-07:00,765501_1782369900_H30,776019,Nearest,4.0,4,,,True
validation,765501,2026-06-24T23:45:00-07:00,765501_1782369900_H30,763616,Nearest,5.0,5,,,True
validation,765501,2026-06-24T23:50:00-07:00,765501_1782370200_H30,773773,Nearest,1.0,1,,,True
validation,765501,2026-06-24T23:50:00-07:00,765501_1782370200_H30,773784,Nearest,2.0,2,,,True
validation,765501,2026-06-24T23:50:00-07:00,765501_1782370200_H30,717951,Nearest,3.0,3,,,True
validation,765501,2026-06-24T23:50:00-07:00,765501_1782370200_H30,776019,Nearest,4.0,4,,,True
validation,765501,2026-06-24T23:50:00-07:00,765501_1782370200_H30,763616,Nearest,5.0,5,,,True
validation,765501,2026-06-24T23:55:00-07:00,765501_1782370500_H30,773773,Nearest,1.0,1,,,True
validation,765501,2026-06-24T23:55:00-07:00,765501_1782370500_H30,773784,Nearest,2.0,2,,,True
validation,765501,2026-06-24T23:55:00-07:00,765501_1782370500_H30,717951,Nearest,3.0,3,,,True
validation,765501,2026-06-24T23:55:00-07:00,765501_1782370500_H30,776019,Nearest,4.0,4,,,True
validation,765501,2026-06-24T23:55:00-07:00,765501_1782370500_H30,763616,Nearest,5.0,5,,,True
validation,765501,2026-06-27T23:30:00-07:00,765501_1782628200_H30,773773,Nearest,1.0,1,,,True
validation,765501,2026-06-27T23:30:00-07:00,765501_1782628200_H30,773784,Nearest,2.0,2,,,True
validation,765501,2026-06-27T23:30:00-07:00,765501_1782628200_H30,717951,Nearest,3.0,3,,,True
validation,765501,2026-06-27T23:30:00-07:00,765501_1782628200_H30,776019,Nearest,4.0,4,,,True
validation,765501,2026-06-27T23:30:00-07:00,765501_1782628200_H30,763616,Nearest,5.0,5,,,True
validation,765501,2026-06-27T23:35:00-07:00,765501_1782628500_H30,773773,Nearest,1.0,1,,,True
validation,765501,2026-06-27T23:35:00-07:00,765501_1782628500_H30,773784,Nearest,2.0,2,,,True
validation,765501,2026-06-27T23:35:00-07:00,765501_1782628500_H30,717951,Nearest,3.0,3,,,True
validation,765501,2026-06-27T23:35:00-07:00,765501_1782628500_H30,776019,Nearest,4.0,4,,,True
validation,765501,2026-06-27T23:35:00-07:00,765501_1782628500_H30,763616,Nearest,5.0,5,,,True
validation,765501,2026-06-27T23:40:00-07:00,765501_1782628800_H30,773773,Nearest,1.0,1,,,True
validation,765501,2026-06-27T23:40:00-07:00,765501_1782628800_H30,773784,Nearest,2.0,2,,,True
validation,765501,2026-06-27T23:40:00-07:00,765501_1782628800_H30,717951,Nearest,3.0,3,,,True
validation,765501,2026-06-27T23:40:00-07:00,765501_1782628800_H30,776019,Nearest,4.0,4,,,True
validation,765501,2026-06-27T23:40:00-07:00,765501_1782628800_H30,763616,Nearest,5.0,5,,,True
validation,765501,2026-06-27T23:45:00-07:00,765501_1782629100_H30,773773,Nearest,1.0,1,,,True
validation,765501,2026-06-27T23:45:00-07:00,765501_1782629100_H30,773784,Nearest,2.0,2,,,True
validation,765501,2026-06-27T23:45:00-07:00,765501_1782629100_H30,717951,Nearest,3.0,3,,,True
validation,765501,2026-06-27T23:45:00-07:00,765501_1782629100_H30,776019,Nearest,4.0,4,,,True
validation,765501,2026-06-27T23:45:00-07:00,765501_1782629100_H30,763616,Nearest,5.0,5,,,True
validation,765501,2026-06-27T23:50:00-07:00,765501_1782629400_H30,773773,Nearest,1.0,1,,,True
validation,765501,2026-06-27T23:50:00-07:00,765501_1782629400_H30,773784,Nearest,2.0,2,,,True
validation,765501,2026-06-27T23:50:00-07:00,765501_1782629400_H30,717951,Nearest,3.0,3,,,True
validation,765501,2026-06-27T23:50:00-07:00,765501_1782629400_H30,776019,Nearest,4.0,4,,,True
validation,765501,2026-06-27T23:50:00-07:00,765501_1782629400_H30,763616,Nearest,5.0,5,,,True
validation,765501,2026-06-27T23:55:00-07:00,765501_1782629700_H30,773773,Nearest,1.0,1,,,True
validation,765501,2026-06-27T23:55:00-07:00,765501_1782629700_H30,773784,Nearest,2.0,2,,,True
validation,765501,2026-06-27T23:55:00-07:00,765501_1782629700_H30,717951,Nearest,3.0,3,,,True
validation,765501,2026-06-27T23:55:00-07:00,765501_1782629700_H30,776019,Nearest,4.0,4,,,True
validation,765501,2026-06-27T23:55:00-07:00,765501_1782629700_H30,763616,Nearest,5.0,5,,,True
validation,769895,2026-06-03T17:30:00-07:00,769895_1780533000_H30,770116,Nearest,1.0,1,,,True
validation,769895,2026-06-03T17:30:00-07:00,769895_1780533000_H30,769880,Nearest,2.0,2,,,True
validation,769895,2026-06-03T17:30:00-07:00,769895_1780533000_H30,769866,Nearest,3.0,3,,,True
validation,769895,2026-06-03T17:30:00-07:00,769895_1780533000_H30,769847,Nearest,4.0,4,,,True
validation,769895,2026-06-03T17:30:00-07:00,769895_1780533000_H30,770385,Nearest,5.0,5,,,True
validation,769895,2026-06-03T17:35:00-07:00,769895_1780533300_H30,770116,Nearest,1.0,1,,,True
validation,769895,2026-06-03T17:35:00-07:00,769895_1780533300_H30,769880,Nearest,2.0,2,,,True
validation,769895,2026-06-03T17:35:00-07:00,769895_1780533300_H30,769866,Nearest,3.0,3,,,True
validation,769895,2026-06-03T17:35:00-07:00,769895_1780533300_H30,769847,Nearest,4.0,4,,,True
validation,769895,2026-06-03T17:35:00-07:00,769895_1780533300_H30,770385,Nearest,5.0,5,,,True
validation,769895,2026-06-03T17:40:00-07:00,769895_1780533600_H30,770116,Nearest,1.0,1,,,True
validation,769895,2026-06-03T17:40:00-07:00,769895_1780533600_H30,769880,Nearest,2.0,2,,,True
validation,769895,2026-06-03T17:40:00-07:00,769895_1780533600_H30,769866,Nearest,3.0,3,,,True
validation,769895,2026-06-03T17:40:00-07:00,769895_1780533600_H30,769847,Nearest,4.0,4,,,True
validation,769895,2026-06-03T17:40:00-07:00,769895_1780533600_H30,770385,Nearest,5.0,5,,,True
validation,769895,2026-06-03T17:45:00-07:00,769895_1780533900_H30,770116,Nearest,1.0,1,,,True
validation,769895,2026-06-03T17:45:00-07:00,769895_1780533900_H30,769880,Nearest,2.0,2,,,True
validation,769895,2026-06-03T17:45:00-07:00,769895_1780533900_H30,769866,Nearest,3.0,3,,,True
validation,769895,2026-06-03T17:45:00-07:00,769895_1780533900_H30,769847,Nearest,4.0,4,,,True
validation,769895,2026-06-03T17:45:00-07:00,769895_1780533900_H30,770385,Nearest,5.0,5,,,True
validation,769895,2026-06-03T17:50:00-07:00,769895_1780534200_H30,770116,Nearest,1.0,1,,,True
validation,769895,2026-06-03T17:50:00-07:00,769895_1780534200_H30,769880,Nearest,2.0,2,,,True
validation,769895,2026-06-03T17:50:00-07:00,769895_1780534200_H30,769866,Nearest,3.0,3,,,True
validation,769895,2026-06-03T17:50:00-07:00,769895_1780534200_H30,769847,Nearest,4.0,4,,,True
validation,769895,2026-06-03T17:50:00-07:00,769895_1780534200_H30,770385,Nearest,5.0,5,,,True
validation,769895,2026-06-03T17:55:00-07:00,769895_1780534500_H30,770116,Nearest,1.0,1,,,True
validation,769895,2026-06-03T17:55:00-07:00,769895_1780534500_H30,769880,Nearest,2.0,2,,,True
validation,769895,2026-06-03T17:55:00-07:00,769895_1780534500_H30,769866,Nearest,3.0,3,,,True
validation,769895,2026-06-03T17:55:00-07:00,769895_1780534500_H30,769847,Nearest,4.0,4,,,True
validation,769895,2026-06-03T17:55:00-07:00,769895_1780534500_H30,770385,Nearest,5.0,5,,,True
validation,769895,2026-06-04T23:30:00-07:00,769895_1780641000_H30,770116,Nearest,1.0,1,,,True
validation,769895,2026-06-04T23:30:00-07:00,769895_1780641000_H30,769880,Nearest,2.0,2,,,True
validation,769895,2026-06-04T23:30:00-07:00,769895_1780641000_H30,769866,Nearest,3.0,3,,,True
validation,769895,2026-06-04T23:30:00-07:00,769895_1780641000_H30,769847,Nearest,4.0,4,,,True
validation,769895,2026-06-04T23:30:00-07:00,769895_1780641000_H30,770385,Nearest,5.0,5,,,True
validation,769895,2026-06-04T23:35:00-07:00,769895_1780641300_H30,770116,Nearest,1.0,1,,,True
validation,769895,2026-06-04T23:35:00-07:00,769895_1780641300_H30,769880,Nearest,2.0,2,,,True
validation,769895,2026-06-04T23:35:00-07:00,769895_1780641300_H30,769866,Nearest,3.0,3,,,True
validation,769895,2026-06-04T23:35:00-07:00,769895_1780641300_H30,769847,Nearest,4.0,4,,,True
validation,769895,2026-06-04T23:35:00-07:00,769895_1780641300_H30,770385,Nearest,5.0,5,,,True
validation,769895,2026-06-04T23:40:00-07:00,769895_1780641600_H30,770116,Nearest,1.0,1,,,True
validation,769895,2026-06-04T23:40:00-07:00,769895_1780641600_H30,769880,Nearest,2.0,2,,,True
validation,769895,2026-06-04T23:40:00-07:00,769895_1780641600_H30,769866,Nearest,3.0,3,,,True
validation,769895,2026-06-04T23:40:00-07:00,769895_1780641600_H30,769847,Nearest,4.0,4,,,True
validation,769895,2026-06-04T23:40:00-07:00,769895_1780641600_H30,770385,Nearest,5.0,5,,,True
validation,769895,2026-06-04T23:45:00-07:00,769895_1780641900_H30,770116,Nearest,1.0,1,,,True
validation,769895,2026-06-04T23:45:00-07:00,769895_1780641900_H30,769880,Nearest,2.0,2,,,True
validation,769895,2026-06-04T23:45:00-07:00,769895_1780641900_H30,769866,Nearest,3.0,3,,,True
validation,769895,2026-06-04T23:45:00-07:00,769895_1780641900_H30,769847,Nearest,4.0,4,,,True
validation,769895,2026-06-04T23:45:00-07:00,769895_1780641900_H30,770385,Nearest,5.0,5,,,True
validation,769895,2026-06-04T23:50:00-07:00,769895_1780642200_H30,770116,Nearest,1.0,1,,,True
validation,769895,2026-06-04T23:50:00-07:00,769895_1780642200_H30,769880,Nearest,2.0,2,,,True
validation,769895,2026-06-04T23:50:00-07:00,769895_1780642200_H30,769866,Nearest,3.0,3,,,True
validation,769895,2026-06-04T23:50:00-07:00,769895_1780642200_H30,769847,Nearest,4.0,4,,,True
validation,769895,2026-06-04T23:50:00-07:00,769895_1780642200_H30,770385,Nearest,5.0,5,,,True
validation,769895,2026-06-04T23:55:00-07:00,769895_1780642500_H30,770116,Nearest,1.0,1,,,True
validation,769895,2026-06-04T23:55:00-07:00,769895_1780642500_H30,769880,Nearest,2.0,2,,,True
validation,769895,2026-06-04T23:55:00-07:00,769895_1780642500_H30,769866,Nearest,3.0,3,,,True
validation,769895,2026-06-04T23:55:00-07:00,769895_1780642500_H30,769847,Nearest,4.0,4,,,True
validation,769895,2026-06-04T23:55:00-07:00,769895_1780642500_H30,770385,Nearest,5.0,5,,,True
validation,769895,2026-06-06T07:20:00-07:00,769895_1780755600_H30,770116,Nearest,1.0,1,,,True
validation,769895,2026-06-06T07:20:00-07:00,769895_1780755600_H30,769880,Nearest,2.0,2,,,True
validation,769895,2026-06-06T07:20:00-07:00,769895_1780755600_H30,769866,Nearest,3.0,3,,,True
validation,769895,2026-06-06T07:20:00-07:00,769895_1780755600_H30,769847,Nearest,4.0,4,,,True
validation,769895,2026-06-06T07:20:00-07:00,769895_1780755600_H30,770385,Nearest,5.0,5,,,True
validation,769895,2026-06-06T07:25:00-07:00,769895_1780755900_H30,770116,Nearest,1.0,1,,,True
validation,769895,2026-06-06T07:25:00-07:00,769895_1780755900_H30,769880,Nearest,2.0,2,,,True
validation,769895,2026-06-06T07:25:00-07:00,769895_1780755900_H30,769866,Nearest,3.0,3,,,True
validation,769895,2026-06-06T07:25:00-07:00,769895_1780755900_H30,769847,Nearest,4.0,4,,,True
validation,769895,2026-06-06T07:25:00-07:00,769895_1780755900_H30,770385,Nearest,5.0,5,,,True
validation,769895,2026-06-06T07:30:00-07:00,769895_1780756200_H30,770116,Nearest,1.0,1,,,True
validation,769895,2026-06-06T07:30:00-07:00,769895_1780756200_H30,769880,Nearest,2.0,2,,,True
validation,769895,2026-06-06T07:30:00-07:00,769895_1780756200_H30,769866,Nearest,3.0,3,,,True
validation,769895,2026-06-06T07:30:00-07:00,769895_1780756200_H30,769847,Nearest,4.0,4,,,True
validation,769895,2026-06-06T07:30:00-07:00,769895_1780756200_H30,770385,Nearest,5.0,5,,,True
validation,769895,2026-06-06T07:35:00-07:00,769895_1780756500_H30,770116,Nearest,1.0,1,,,True
validation,769895,2026-06-06T07:35:00-07:00,769895_1780756500_H30,769880,Nearest,2.0,2,,,True
validation,769895,2026-06-06T07:35:00-07:00,769895_1780756500_H30,769866,Nearest,3.0,3,,,True
validation,769895,2026-06-06T07:35:00-07:00,769895_1780756500_H30,769847,Nearest,4.0,4,,,True
validation,769895,2026-06-06T07:35:00-07:00,769895_1780756500_H30,770385,Nearest,5.0,5,,,True
validation,769895,2026-06-06T07:40:00-07:00,769895_1780756800_H30,770116,Nearest,1.0,1,,,True
validation,769895,2026-06-06T07:40:00-07:00,769895_1780756800_H30,769880,Nearest,2.0,2,,,True
validation,769895,2026-06-06T07:40:00-07:00,769895_1780756800_H30,769866,Nearest,3.0,3,,,True
validation,769895,2026-06-06T07:40:00-07:00,769895_1780756800_H30,769847,Nearest,4.0,4,,,True
validation,769895,2026-06-06T07:40:00-07:00,769895_1780756800_H30,770385,Nearest,5.0,5,,,True
validation,769895,2026-06-06T07:45:00-07:00,769895_1780757100_H30,770116,Nearest,1.0,1,,,True
validation,769895,2026-06-06T07:45:00-07:00,769895_1780757100_H30,769880,Nearest,2.0,2,,,True
validation,769895,2026-06-06T07:45:00-07:00,769895_1780757100_H30,769866,Nearest,3.0,3,,,True
validation,769895,2026-06-06T07:45:00-07:00,769895_1780757100_H30,769847,Nearest,4.0,4,,,True
validation,769895,2026-06-06T07:45:00-07:00,769895_1780757100_H30,770385,Nearest,5.0,5,,,True
validation,769895,2026-06-12T23:30:00-07:00,769895_1781332200_H30,770116,Nearest,1.0,1,,,True
validation,769895,2026-06-12T23:30:00-07:00,769895_1781332200_H30,769880,Nearest,2.0,2,,,True
validation,769895,2026-06-12T23:30:00-07:00,769895_1781332200_H30,769866,Nearest,3.0,3,,,True
validation,769895,2026-06-12T23:30:00-07:00,769895_1781332200_H30,769847,Nearest,4.0,4,,,True
validation,769895,2026-06-12T23:30:00-07:00,769895_1781332200_H30,770385,Nearest,5.0,5,,,True
validation,769895,2026-06-12T23:35:00-07:00,769895_1781332500_H30,770116,Nearest,1.0,1,,,True
validation,769895,2026-06-12T23:35:00-07:00,769895_1781332500_H30,769880,Nearest,2.0,2,,,True
validation,769895,2026-06-12T23:35:00-07:00,769895_1781332500_H30,769866,Nearest,3.0,3,,,True
validation,769895,2026-06-12T23:35:00-07:00,769895_1781332500_H30,769847,Nearest,4.0,4,,,True
validation,769895,2026-06-12T23:35:00-07:00,769895_1781332500_H30,770385,Nearest,5.0,5,,,True
validation,769895,2026-06-12T23:40:00-07:00,769895_1781332800_H30,770116,Nearest,1.0,1,,,True
validation,769895,2026-06-12T23:40:00-07:00,769895_1781332800_H30,769880,Nearest,2.0,2,,,True
validation,769895,2026-06-12T23:40:00-07:00,769895_1781332800_H30,769866,Nearest,3.0,3,,,True
validation,769895,2026-06-12T23:40:00-07:00,769895_1781332800_H30,769847,Nearest,4.0,4,,,True
validation,769895,2026-06-12T23:40:00-07:00,769895_1781332800_H30,770385,Nearest,5.0,5,,,True
validation,769895,2026-06-12T23:45:00-07:00,769895_1781333100_H30,770116,Nearest,1.0,1,,,True
validation,769895,2026-06-12T23:45:00-07:00,769895_1781333100_H30,769880,Nearest,2.0,2,,,True
validation,769895,2026-06-12T23:45:00-07:00,769895_1781333100_H30,769866,Nearest,3.0,3,,,True
validation,769895,2026-06-12T23:45:00-07:00,769895_1781333100_H30,769847,Nearest,4.0,4,,,True
validation,769895,2026-06-12T23:45:00-07:00,769895_1781333100_H30,770385,Nearest,5.0,5,,,True
validation,769895,2026-06-12T23:50:00-07:00,769895_1781333400_H30,770116,Nearest,1.0,1,,,True
validation,769895,2026-06-12T23:50:00-07:00,769895_1781333400_H30,769880,Nearest,2.0,2,,,True
validation,769895,2026-06-12T23:50:00-07:00,769895_1781333400_H30,769866,Nearest,3.0,3,,,True
validation,769895,2026-06-12T23:50:00-07:00,769895_1781333400_H30,769847,Nearest,4.0,4,,,True
validation,769895,2026-06-12T23:50:00-07:00,769895_1781333400_H30,770385,Nearest,5.0,5,,,True
validation,769895,2026-06-12T23:55:00-07:00,769895_1781333700_H30,770116,Nearest,1.0,1,,,True
validation,769895,2026-06-12T23:55:00-07:00,769895_1781333700_H30,769880,Nearest,2.0,2,,,True
validation,769895,2026-06-12T23:55:00-07:00,769895_1781333700_H30,769866,Nearest,3.0,3,,,True
validation,769895,2026-06-12T23:55:00-07:00,769895_1781333700_H30,769847,Nearest,4.0,4,,,True
validation,769895,2026-06-12T23:55:00-07:00,769895_1781333700_H30,770385,Nearest,5.0,5,,,True
validation,769895,2026-06-17T11:15:00-07:00,769895_1781720100_H30,770116,Nearest,1.0,1,,,True
validation,769895,2026-06-17T11:15:00-07:00,769895_1781720100_H30,769880,Nearest,2.0,2,,,True
validation,769895,2026-06-17T11:15:00-07:00,769895_1781720100_H30,769866,Nearest,3.0,3,,,True
validation,769895,2026-06-17T11:15:00-07:00,769895_1781720100_H30,769847,Nearest,4.0,4,,,True
validation,769895,2026-06-17T11:15:00-07:00,769895_1781720100_H30,770385,Nearest,5.0,5,,,True
validation,769965,2026-06-03T17:30:00-07:00,769965_1780533000_H30,770129,Nearest,1.0,1,,,True
validation,769965,2026-06-03T17:30:00-07:00,769965_1780533000_H30,769911,Nearest,2.0,2,,,True
validation,769965,2026-06-03T17:30:00-07:00,769965_1780533000_H30,770141,Nearest,3.0,3,,,True
validation,769965,2026-06-03T17:30:00-07:00,769965_1780533000_H30,769867,Nearest,4.0,4,,,True
validation,769965,2026-06-03T17:30:00-07:00,769965_1780533000_H30,769926,Nearest,5.0,5,,,True
validation,769965,2026-06-03T17:35:00-07:00,769965_1780533300_H30,770129,Nearest,1.0,1,,,True
validation,769965,2026-06-03T17:35:00-07:00,769965_1780533300_H30,769911,Nearest,2.0,2,,,True
validation,769965,2026-06-03T17:35:00-07:00,769965_1780533300_H30,770141,Nearest,3.0,3,,,True
validation,769965,2026-06-03T17:35:00-07:00,769965_1780533300_H30,769867,Nearest,4.0,4,,,True
validation,769965,2026-06-03T17:35:00-07:00,769965_1780533300_H30,769926,Nearest,5.0,5,,,True
validation,769965,2026-06-03T17:40:00-07:00,769965_1780533600_H30,770129,Nearest,1.0,1,,,True
validation,769965,2026-06-03T17:40:00-07:00,769965_1780533600_H30,769911,Nearest,2.0,2,,,True
validation,769965,2026-06-03T17:40:00-07:00,769965_1780533600_H30,770141,Nearest,3.0,3,,,True
validation,769965,2026-06-03T17:40:00-07:00,769965_1780533600_H30,769867,Nearest,4.0,4,,,True
validation,769965,2026-06-03T17:40:00-07:00,769965_1780533600_H30,769926,Nearest,5.0,5,,,True
validation,769965,2026-06-03T17:45:00-07:00,769965_1780533900_H30,770129,Nearest,1.0,1,,,True
validation,769965,2026-06-03T17:45:00-07:00,769965_1780533900_H30,769911,Nearest,2.0,2,,,True
validation,769965,2026-06-03T17:45:00-07:00,769965_1780533900_H30,770141,Nearest,3.0,3,,,True
validation,769965,2026-06-03T17:45:00-07:00,769965_1780533900_H30,769867,Nearest,4.0,4,,,True
validation,769965,2026-06-03T17:45:00-07:00,769965_1780533900_H30,769926,Nearest,5.0,5,,,True
validation,769965,2026-06-03T17:50:00-07:00,769965_1780534200_H30,770129,Nearest,1.0,1,,,True
validation,769965,2026-06-03T17:50:00-07:00,769965_1780534200_H30,769911,Nearest,2.0,2,,,True
validation,769965,2026-06-03T17:50:00-07:00,769965_1780534200_H30,770141,Nearest,3.0,3,,,True
validation,769965,2026-06-03T17:50:00-07:00,769965_1780534200_H30,769867,Nearest,4.0,4,,,True
validation,769965,2026-06-03T17:50:00-07:00,769965_1780534200_H30,769926,Nearest,5.0,5,,,True
validation,769965,2026-06-03T17:55:00-07:00,769965_1780534500_H30,770129,Nearest,1.0,1,,,True
validation,769965,2026-06-03T17:55:00-07:00,769965_1780534500_H30,769911,Nearest,2.0,2,,,True
validation,769965,2026-06-03T17:55:00-07:00,769965_1780534500_H30,770141,Nearest,3.0,3,,,True
validation,769965,2026-06-03T17:55:00-07:00,769965_1780534500_H30,769867,Nearest,4.0,4,,,True
validation,769965,2026-06-03T17:55:00-07:00,769965_1780534500_H30,769926,Nearest,5.0,5,,,True
validation,769965,2026-06-04T23:30:00-07:00,769965_1780641000_H30,770129,Nearest,1.0,1,,,True
validation,769965,2026-06-04T23:30:00-07:00,769965_1780641000_H30,769911,Nearest,2.0,2,,,True
validation,769965,2026-06-04T23:30:00-07:00,769965_1780641000_H30,770141,Nearest,3.0,3,,,True
validation,769965,2026-06-04T23:30:00-07:00,769965_1780641000_H30,769867,Nearest,4.0,4,,,True
validation,769965,2026-06-04T23:30:00-07:00,769965_1780641000_H30,769926,Nearest,5.0,5,,,True
validation,769965,2026-06-04T23:35:00-07:00,769965_1780641300_H30,770129,Nearest,1.0,1,,,True
validation,769965,2026-06-04T23:35:00-07:00,769965_1780641300_H30,769911,Nearest,2.0,2,,,True
validation,769965,2026-06-04T23:35:00-07:00,769965_1780641300_H30,770141,Nearest,3.0,3,,,True
validation,769965,2026-06-04T23:35:00-07:00,769965_1780641300_H30,769867,Nearest,4.0,4,,,True
validation,769965,2026-06-04T23:35:00-07:00,769965_1780641300_H30,769926,Nearest,5.0,5,,,True
validation,769965,2026-06-04T23:40:00-07:00,769965_1780641600_H30,770129,Nearest,1.0,1,,,True
validation,769965,2026-06-04T23:40:00-07:00,769965_1780641600_H30,769911,Nearest,2.0,2,,,True
validation,769965,2026-06-04T23:40:00-07:00,769965_1780641600_H30,770141,Nearest,3.0,3,,,True
validation,769965,2026-06-04T23:40:00-07:00,769965_1780641600_H30,769867,Nearest,4.0,4,,,True
validation,769965,2026-06-04T23:40:00-07:00,769965_1780641600_H30,769926,Nearest,5.0,5,,,True
validation,769965,2026-06-04T23:45:00-07:00,769965_1780641900_H30,770129,Nearest,1.0,1,,,True
validation,769965,2026-06-04T23:45:00-07:00,769965_1780641900_H30,769911,Nearest,2.0,2,,,True
validation,769965,2026-06-04T23:45:00-07:00,769965_1780641900_H30,770141,Nearest,3.0,3,,,True
validation,769965,2026-06-04T23:45:00-07:00,769965_1780641900_H30,769867,Nearest,4.0,4,,,True
validation,769965,2026-06-04T23:45:00-07:00,769965_1780641900_H30,769926,Nearest,5.0,5,,,True
validation,769965,2026-06-04T23:50:00-07:00,769965_1780642200_H30,770129,Nearest,1.0,1,,,True
validation,769965,2026-06-04T23:50:00-07:00,769965_1780642200_H30,769911,Nearest,2.0,2,,,True
validation,769965,2026-06-04T23:50:00-07:00,769965_1780642200_H30,770141,Nearest,3.0,3,,,True
validation,769965,2026-06-04T23:50:00-07:00,769965_1780642200_H30,769867,Nearest,4.0,4,,,True
validation,769965,2026-06-04T23:50:00-07:00,769965_1780642200_H30,769926,Nearest,5.0,5,,,True
validation,769965,2026-06-04T23:55:00-07:00,769965_1780642500_H30,770129,Nearest,1.0,1,,,True
validation,769965,2026-06-04T23:55:00-07:00,769965_1780642500_H30,769911,Nearest,2.0,2,,,True
validation,769965,2026-06-04T23:55:00-07:00,769965_1780642500_H30,770141,Nearest,3.0,3,,,True
validation,769965,2026-06-04T23:55:00-07:00,769965_1780642500_H30,769867,Nearest,4.0,4,,,True
validation,769965,2026-06-04T23:55:00-07:00,769965_1780642500_H30,769926,Nearest,5.0,5,,,True
validation,769965,2026-06-06T07:20:00-07:00,769965_1780755600_H30,770129,Nearest,1.0,1,,,True
validation,769965,2026-06-06T07:20:00-07:00,769965_1780755600_H30,769911,Nearest,2.0,2,,,True
validation,769965,2026-06-06T07:20:00-07:00,769965_1780755600_H30,770141,Nearest,3.0,3,,,True
validation,769965,2026-06-06T07:20:00-07:00,769965_1780755600_H30,769867,Nearest,4.0,4,,,True
validation,769965,2026-06-06T07:20:00-07:00,769965_1780755600_H30,769926,Nearest,5.0,5,,,True
validation,769965,2026-06-06T07:25:00-07:00,769965_1780755900_H30,770129,Nearest,1.0,1,,,True
validation,769965,2026-06-06T07:25:00-07:00,769965_1780755900_H30,769911,Nearest,2.0,2,,,True
validation,769965,2026-06-06T07:25:00-07:00,769965_1780755900_H30,770141,Nearest,3.0,3,,,True
validation,769965,2026-06-06T07:25:00-07:00,769965_1780755900_H30,769867,Nearest,4.0,4,,,True
validation,769965,2026-06-06T07:25:00-07:00,769965_1780755900_H30,769926,Nearest,5.0,5,,,True
validation,769965,2026-06-06T07:30:00-07:00,769965_1780756200_H30,770129,Nearest,1.0,1,,,True
validation,769965,2026-06-06T07:30:00-07:00,769965_1780756200_H30,769911,Nearest,2.0,2,,,True
validation,769965,2026-06-06T07:30:00-07:00,769965_1780756200_H30,770141,Nearest,3.0,3,,,True
validation,769965,2026-06-06T07:30:00-07:00,769965_1780756200_H30,769867,Nearest,4.0,4,,,True
validation,769965,2026-06-06T07:30:00-07:00,769965_1780756200_H30,769926,Nearest,5.0,5,,,True
validation,769965,2026-06-06T07:35:00-07:00,769965_1780756500_H30,770129,Nearest,1.0,1,,,True
validation,769965,2026-06-06T07:35:00-07:00,769965_1780756500_H30,769911,Nearest,2.0,2,,,True
validation,769965,2026-06-06T07:35:00-07:00,769965_1780756500_H30,770141,Nearest,3.0,3,,,True
validation,769965,2026-06-06T07:35:00-07:00,769965_1780756500_H30,769867,Nearest,4.0,4,,,True
validation,769965,2026-06-06T07:35:00-07:00,769965_1780756500_H30,769926,Nearest,5.0,5,,,True
validation,769965,2026-06-06T07:40:00-07:00,769965_1780756800_H30,770129,Nearest,1.0,1,,,True
validation,769965,2026-06-06T07:40:00-07:00,769965_1780756800_H30,769911,Nearest,2.0,2,,,True
validation,769965,2026-06-06T07:40:00-07:00,769965_1780756800_H30,770141,Nearest,3.0,3,,,True
validation,769965,2026-06-06T07:40:00-07:00,769965_1780756800_H30,769867,Nearest,4.0,4,,,True
validation,769965,2026-06-06T07:40:00-07:00,769965_1780756800_H30,769926,Nearest,5.0,5,,,True
validation,769965,2026-06-06T07:45:00-07:00,769965_1780757100_H30,770129,Nearest,1.0,1,,,True
validation,769965,2026-06-06T07:45:00-07:00,769965_1780757100_H30,769911,Nearest,2.0,2,,,True
validation,769965,2026-06-06T07:45:00-07:00,769965_1780757100_H30,770141,Nearest,3.0,3,,,True
validation,769965,2026-06-06T07:45:00-07:00,769965_1780757100_H30,769867,Nearest,4.0,4,,,True
validation,769965,2026-06-06T07:45:00-07:00,769965_1780757100_H30,769926,Nearest,5.0,5,,,True
validation,769965,2026-06-12T23:30:00-07:00,769965_1781332200_H30,770129,Nearest,1.0,1,,,True
validation,769965,2026-06-12T23:30:00-07:00,769965_1781332200_H30,769911,Nearest,2.0,2,,,True
validation,769965,2026-06-12T23:30:00-07:00,769965_1781332200_H30,770141,Nearest,3.0,3,,,True
validation,769965,2026-06-12T23:30:00-07:00,769965_1781332200_H30,769867,Nearest,4.0,4,,,True
validation,769965,2026-06-12T23:30:00-07:00,769965_1781332200_H30,769926,Nearest,5.0,5,,,True
validation,769965,2026-06-12T23:35:00-07:00,769965_1781332500_H30,770129,Nearest,1.0,1,,,True
validation,769965,2026-06-12T23:35:00-07:00,769965_1781332500_H30,769911,Nearest,2.0,2,,,True
validation,769965,2026-06-12T23:35:00-07:00,769965_1781332500_H30,770141,Nearest,3.0,3,,,True
validation,769965,2026-06-12T23:35:00-07:00,769965_1781332500_H30,769867,Nearest,4.0,4,,,True
validation,769965,2026-06-12T23:35:00-07:00,769965_1781332500_H30,769926,Nearest,5.0,5,,,True
validation,769965,2026-06-12T23:40:00-07:00,769965_1781332800_H30,770129,Nearest,1.0,1,,,True
validation,769965,2026-06-12T23:40:00-07:00,769965_1781332800_H30,769911,Nearest,2.0,2,,,True
validation,769965,2026-06-12T23:40:00-07:00,769965_1781332800_H30,770141,Nearest,3.0,3,,,True
validation,769965,2026-06-12T23:40:00-07:00,769965_1781332800_H30,769867,Nearest,4.0,4,,,True
validation,769965,2026-06-12T23:40:00-07:00,769965_1781332800_H30,769926,Nearest,5.0,5,,,True
validation,769965,2026-06-12T23:45:00-07:00,769965_1781333100_H30,770129,Nearest,1.0,1,,,True
validation,769965,2026-06-12T23:45:00-07:00,769965_1781333100_H30,769911,Nearest,2.0,2,,,True
validation,769965,2026-06-12T23:45:00-07:00,769965_1781333100_H30,770141,Nearest,3.0,3,,,True
validation,769965,2026-06-12T23:45:00-07:00,769965_1781333100_H30,769867,Nearest,4.0,4,,,True
validation,769965,2026-06-12T23:45:00-07:00,769965_1781333100_H30,769926,Nearest,5.0,5,,,True
validation,769965,2026-06-12T23:50:00-07:00,769965_1781333400_H30,770129,Nearest,1.0,1,,,True
validation,769965,2026-06-12T23:50:00-07:00,769965_1781333400_H30,769911,Nearest,2.0,2,,,True
validation,769965,2026-06-12T23:50:00-07:00,769965_1781333400_H30,770141,Nearest,3.0,3,,,True
validation,769965,2026-06-12T23:50:00-07:00,769965_1781333400_H30,769867,Nearest,4.0,4,,,True
validation,769965,2026-06-12T23:50:00-07:00,769965_1781333400_H30,769926,Nearest,5.0,5,,,True
validation,769965,2026-06-12T23:55:00-07:00,769965_1781333700_H30,770129,Nearest,1.0,1,,,True
validation,769965,2026-06-12T23:55:00-07:00,769965_1781333700_H30,769911,Nearest,2.0,2,,,True
validation,769965,2026-06-12T23:55:00-07:00,769965_1781333700_H30,770141,Nearest,3.0,3,,,True
validation,769965,2026-06-12T23:55:00-07:00,769965_1781333700_H30,769867,Nearest,4.0,4,,,True
validation,769965,2026-06-12T23:55:00-07:00,769965_1781333700_H30,769926,Nearest,5.0,5,,,True
validation,769965,2026-06-17T11:15:00-07:00,769965_1781720100_H30,770129,Nearest,1.0,1,,,True
validation,769965,2026-06-17T11:15:00-07:00,769965_1781720100_H30,769911,Nearest,2.0,2,,,True
validation,769965,2026-06-17T11:15:00-07:00,769965_1781720100_H30,770141,Nearest,3.0,3,,,True
validation,769965,2026-06-17T11:15:00-07:00,769965_1781720100_H30,769867,Nearest,4.0,4,,,True
validation,769965,2026-06-17T11:15:00-07:00,769965_1781720100_H30,769926,Nearest,5.0,5,,,True
validation,775511,2026-06-06T23:30:00-07:00,775511_1780813800_H30,764283,Nearest,1.0,1,,,True
validation,775511,2026-06-06T23:30:00-07:00,775511_1780813800_H30,764290,Nearest,2.0,2,,,True
validation,775511,2026-06-06T23:30:00-07:00,775511_1780813800_H30,764297,Nearest,3.0,3,,,True
validation,775511,2026-06-06T23:30:00-07:00,775511_1780813800_H30,764311,Nearest,4.0,4,,,True
validation,775511,2026-06-06T23:30:00-07:00,775511_1780813800_H30,764322,Nearest,5.0,5,,,True
validation,775511,2026-06-06T23:35:00-07:00,775511_1780814100_H30,764283,Nearest,1.0,1,,,True
validation,775511,2026-06-06T23:35:00-07:00,775511_1780814100_H30,764290,Nearest,2.0,2,,,True
validation,775511,2026-06-06T23:35:00-07:00,775511_1780814100_H30,764297,Nearest,3.0,3,,,True
validation,775511,2026-06-06T23:35:00-07:00,775511_1780814100_H30,764311,Nearest,4.0,4,,,True
validation,775511,2026-06-06T23:35:00-07:00,775511_1780814100_H30,764322,Nearest,5.0,5,,,True
validation,775511,2026-06-06T23:40:00-07:00,775511_1780814400_H30,764283,Nearest,1.0,1,,,True
validation,775511,2026-06-06T23:40:00-07:00,775511_1780814400_H30,764290,Nearest,2.0,2,,,True
validation,775511,2026-06-06T23:40:00-07:00,775511_1780814400_H30,764297,Nearest,3.0,3,,,True
validation,775511,2026-06-06T23:40:00-07:00,775511_1780814400_H30,764311,Nearest,4.0,4,,,True
validation,775511,2026-06-06T23:40:00-07:00,775511_1780814400_H30,764322,Nearest,5.0,5,,,True
validation,775511,2026-06-06T23:45:00-07:00,775511_1780814700_H30,764283,Nearest,1.0,1,,,True
validation,775511,2026-06-06T23:45:00-07:00,775511_1780814700_H30,764290,Nearest,2.0,2,,,True
validation,775511,2026-06-06T23:45:00-07:00,775511_1780814700_H30,764297,Nearest,3.0,3,,,True
validation,775511,2026-06-06T23:45:00-07:00,775511_1780814700_H30,764311,Nearest,4.0,4,,,True
validation,775511,2026-06-06T23:45:00-07:00,775511_1780814700_H30,764322,Nearest,5.0,5,,,True
validation,775511,2026-06-06T23:50:00-07:00,775511_1780815000_H30,764283,Nearest,1.0,1,,,True
validation,775511,2026-06-06T23:50:00-07:00,775511_1780815000_H30,764290,Nearest,2.0,2,,,True
validation,775511,2026-06-06T23:50:00-07:00,775511_1780815000_H30,764297,Nearest,3.0,3,,,True
validation,775511,2026-06-06T23:50:00-07:00,775511_1780815000_H30,764311,Nearest,4.0,4,,,True
validation,775511,2026-06-06T23:50:00-07:00,775511_1780815000_H30,764322,Nearest,5.0,5,,,True
validation,775511,2026-06-06T23:55:00-07:00,775511_1780815300_H30,764283,Nearest,1.0,1,,,True
validation,775511,2026-06-06T23:55:00-07:00,775511_1780815300_H30,764290,Nearest,2.0,2,,,True
validation,775511,2026-06-06T23:55:00-07:00,775511_1780815300_H30,764297,Nearest,3.0,3,,,True
validation,775511,2026-06-06T23:55:00-07:00,775511_1780815300_H30,764311,Nearest,4.0,4,,,True
validation,775511,2026-06-06T23:55:00-07:00,775511_1780815300_H30,764322,Nearest,5.0,5,,,True
validation,775511,2026-06-08T23:30:00-07:00,775511_1780986600_H30,764283,Nearest,1.0,1,,,True
validation,775511,2026-06-08T23:30:00-07:00,775511_1780986600_H30,764290,Nearest,2.0,2,,,True
validation,775511,2026-06-08T23:30:00-07:00,775511_1780986600_H30,764297,Nearest,3.0,3,,,True
validation,775511,2026-06-08T23:30:00-07:00,775511_1780986600_H30,764311,Nearest,4.0,4,,,True
validation,775511,2026-06-08T23:30:00-07:00,775511_1780986600_H30,764322,Nearest,5.0,5,,,True
validation,775511,2026-06-08T23:35:00-07:00,775511_1780986900_H30,764283,Nearest,1.0,1,,,True
validation,775511,2026-06-08T23:35:00-07:00,775511_1780986900_H30,764290,Nearest,2.0,2,,,True
validation,775511,2026-06-08T23:35:00-07:00,775511_1780986900_H30,764297,Nearest,3.0,3,,,True
validation,775511,2026-06-08T23:35:00-07:00,775511_1780986900_H30,764311,Nearest,4.0,4,,,True
validation,775511,2026-06-08T23:35:00-07:00,775511_1780986900_H30,764322,Nearest,5.0,5,,,True
validation,775511,2026-06-08T23:40:00-07:00,775511_1780987200_H30,764283,Nearest,1.0,1,,,True
validation,775511,2026-06-08T23:40:00-07:00,775511_1780987200_H30,764290,Nearest,2.0,2,,,True
validation,775511,2026-06-08T23:40:00-07:00,775511_1780987200_H30,764297,Nearest,3.0,3,,,True
validation,775511,2026-06-08T23:40:00-07:00,775511_1780987200_H30,764311,Nearest,4.0,4,,,True
validation,775511,2026-06-08T23:40:00-07:00,775511_1780987200_H30,764322,Nearest,5.0,5,,,True
validation,775511,2026-06-08T23:45:00-07:00,775511_1780987500_H30,764283,Nearest,1.0,1,,,True
validation,775511,2026-06-08T23:45:00-07:00,775511_1780987500_H30,764290,Nearest,2.0,2,,,True
validation,775511,2026-06-08T23:45:00-07:00,775511_1780987500_H30,764297,Nearest,3.0,3,,,True
validation,775511,2026-06-08T23:45:00-07:00,775511_1780987500_H30,764311,Nearest,4.0,4,,,True
validation,775511,2026-06-08T23:45:00-07:00,775511_1780987500_H30,764322,Nearest,5.0,5,,,True
validation,775511,2026-06-08T23:50:00-07:00,775511_1780987800_H30,764283,Nearest,1.0,1,,,True
validation,775511,2026-06-08T23:50:00-07:00,775511_1780987800_H30,764290,Nearest,2.0,2,,,True
validation,775511,2026-06-08T23:50:00-07:00,775511_1780987800_H30,764297,Nearest,3.0,3,,,True
validation,775511,2026-06-08T23:50:00-07:00,775511_1780987800_H30,764311,Nearest,4.0,4,,,True
validation,775511,2026-06-08T23:50:00-07:00,775511_1780987800_H30,764322,Nearest,5.0,5,,,True
validation,775511,2026-06-08T23:55:00-07:00,775511_1780988100_H30,764283,Nearest,1.0,1,,,True
validation,775511,2026-06-08T23:55:00-07:00,775511_1780988100_H30,764290,Nearest,2.0,2,,,True
validation,775511,2026-06-08T23:55:00-07:00,775511_1780988100_H30,764297,Nearest,3.0,3,,,True
validation,775511,2026-06-08T23:55:00-07:00,775511_1780988100_H30,764311,Nearest,4.0,4,,,True
validation,775511,2026-06-08T23:55:00-07:00,775511_1780988100_H30,764322,Nearest,5.0,5,,,True
validation,775511,2026-06-10T23:30:00-07:00,775511_1781159400_H30,764283,Nearest,1.0,1,,,True
validation,775511,2026-06-10T23:30:00-07:00,775511_1781159400_H30,764290,Nearest,2.0,2,,,True
validation,775511,2026-06-10T23:30:00-07:00,775511_1781159400_H30,764297,Nearest,3.0,3,,,True
validation,775511,2026-06-10T23:30:00-07:00,775511_1781159400_H30,764311,Nearest,4.0,4,,,True
validation,775511,2026-06-10T23:30:00-07:00,775511_1781159400_H30,764322,Nearest,5.0,5,,,True
validation,775511,2026-06-10T23:35:00-07:00,775511_1781159700_H30,764283,Nearest,1.0,1,,,True
validation,775511,2026-06-10T23:35:00-07:00,775511_1781159700_H30,764290,Nearest,2.0,2,,,True
validation,775511,2026-06-10T23:35:00-07:00,775511_1781159700_H30,764297,Nearest,3.0,3,,,True
validation,775511,2026-06-10T23:35:00-07:00,775511_1781159700_H30,764311,Nearest,4.0,4,,,True
validation,775511,2026-06-10T23:35:00-07:00,775511_1781159700_H30,764322,Nearest,5.0,5,,,True
validation,775511,2026-06-10T23:40:00-07:00,775511_1781160000_H30,764283,Nearest,1.0,1,,,True
validation,775511,2026-06-10T23:40:00-07:00,775511_1781160000_H30,764290,Nearest,2.0,2,,,True
validation,775511,2026-06-10T23:40:00-07:00,775511_1781160000_H30,764297,Nearest,3.0,3,,,True
validation,775511,2026-06-10T23:40:00-07:00,775511_1781160000_H30,764311,Nearest,4.0,4,,,True
validation,775511,2026-06-10T23:40:00-07:00,775511_1781160000_H30,764322,Nearest,5.0,5,,,True
validation,775511,2026-06-10T23:45:00-07:00,775511_1781160300_H30,764283,Nearest,1.0,1,,,True
validation,775511,2026-06-10T23:45:00-07:00,775511_1781160300_H30,764290,Nearest,2.0,2,,,True
validation,775511,2026-06-10T23:45:00-07:00,775511_1781160300_H30,764297,Nearest,3.0,3,,,True
validation,775511,2026-06-10T23:45:00-07:00,775511_1781160300_H30,764311,Nearest,4.0,4,,,True
validation,775511,2026-06-10T23:45:00-07:00,775511_1781160300_H30,764322,Nearest,5.0,5,,,True
validation,775511,2026-06-10T23:50:00-07:00,775511_1781160600_H30,764283,Nearest,1.0,1,,,True
validation,775511,2026-06-10T23:50:00-07:00,775511_1781160600_H30,764290,Nearest,2.0,2,,,True
validation,775511,2026-06-10T23:50:00-07:00,775511_1781160600_H30,764297,Nearest,3.0,3,,,True
validation,775511,2026-06-10T23:50:00-07:00,775511_1781160600_H30,764311,Nearest,4.0,4,,,True
validation,775511,2026-06-10T23:50:00-07:00,775511_1781160600_H30,764322,Nearest,5.0,5,,,True
validation,775511,2026-06-10T23:55:00-07:00,775511_1781160900_H30,764283,Nearest,1.0,1,,,True
validation,775511,2026-06-10T23:55:00-07:00,775511_1781160900_H30,764290,Nearest,2.0,2,,,True
validation,775511,2026-06-10T23:55:00-07:00,775511_1781160900_H30,764297,Nearest,3.0,3,,,True
validation,775511,2026-06-10T23:55:00-07:00,775511_1781160900_H30,764311,Nearest,4.0,4,,,True
validation,775511,2026-06-10T23:55:00-07:00,775511_1781160900_H30,764322,Nearest,5.0,5,,,True
validation,775511,2026-06-23T23:30:00-07:00,775511_1782282600_H30,764283,Nearest,1.0,1,,,True
validation,775511,2026-06-23T23:30:00-07:00,775511_1782282600_H30,764290,Nearest,2.0,2,,,True
validation,775511,2026-06-23T23:30:00-07:00,775511_1782282600_H30,764297,Nearest,3.0,3,,,True
validation,775511,2026-06-23T23:30:00-07:00,775511_1782282600_H30,764311,Nearest,4.0,4,,,True
validation,775511,2026-06-23T23:30:00-07:00,775511_1782282600_H30,764322,Nearest,5.0,5,,,True
validation,775511,2026-06-23T23:35:00-07:00,775511_1782282900_H30,764283,Nearest,1.0,1,,,True
validation,775511,2026-06-23T23:35:00-07:00,775511_1782282900_H30,764290,Nearest,2.0,2,,,True
validation,775511,2026-06-23T23:35:00-07:00,775511_1782282900_H30,764297,Nearest,3.0,3,,,True
validation,775511,2026-06-23T23:35:00-07:00,775511_1782282900_H30,764311,Nearest,4.0,4,,,True
validation,775511,2026-06-23T23:35:00-07:00,775511_1782282900_H30,764322,Nearest,5.0,5,,,True
validation,775511,2026-06-23T23:40:00-07:00,775511_1782283200_H30,764283,Nearest,1.0,1,,,True
validation,775511,2026-06-23T23:40:00-07:00,775511_1782283200_H30,764290,Nearest,2.0,2,,,True
validation,775511,2026-06-23T23:40:00-07:00,775511_1782283200_H30,764297,Nearest,3.0,3,,,True
validation,775511,2026-06-23T23:40:00-07:00,775511_1782283200_H30,764311,Nearest,4.0,4,,,True
validation,775511,2026-06-23T23:40:00-07:00,775511_1782283200_H30,764322,Nearest,5.0,5,,,True
validation,775511,2026-06-23T23:45:00-07:00,775511_1782283500_H30,764283,Nearest,1.0,1,,,True
validation,775511,2026-06-23T23:45:00-07:00,775511_1782283500_H30,764290,Nearest,2.0,2,,,True
validation,775511,2026-06-23T23:45:00-07:00,775511_1782283500_H30,764297,Nearest,3.0,3,,,True
validation,775511,2026-06-23T23:45:00-07:00,775511_1782283500_H30,764311,Nearest,4.0,4,,,True
validation,775511,2026-06-23T23:45:00-07:00,775511_1782283500_H30,764322,Nearest,5.0,5,,,True
validation,775511,2026-06-23T23:50:00-07:00,775511_1782283800_H30,764283,Nearest,1.0,1,,,True
validation,775511,2026-06-23T23:50:00-07:00,775511_1782283800_H30,764290,Nearest,2.0,2,,,True
validation,775511,2026-06-23T23:50:00-07:00,775511_1782283800_H30,764297,Nearest,3.0,3,,,True
validation,775511,2026-06-23T23:50:00-07:00,775511_1782283800_H30,764311,Nearest,4.0,4,,,True
validation,775511,2026-06-23T23:50:00-07:00,775511_1782283800_H30,764322,Nearest,5.0,5,,,True
validation,775511,2026-06-23T23:55:00-07:00,775511_1782284100_H30,764283,Nearest,1.0,1,,,True
validation,775511,2026-06-23T23:55:00-07:00,775511_1782284100_H30,764290,Nearest,2.0,2,,,True
validation,775511,2026-06-23T23:55:00-07:00,775511_1782284100_H30,764297,Nearest,3.0,3,,,True
validation,775511,2026-06-23T23:55:00-07:00,775511_1782284100_H30,764311,Nearest,4.0,4,,,True
validation,775511,2026-06-23T23:55:00-07:00,775511_1782284100_H30,764322,Nearest,5.0,5,,,True
validation,775511,2026-06-26T23:30:00-07:00,775511_1782541800_H30,764283,Nearest,1.0,1,,,True
validation,775511,2026-06-26T23:30:00-07:00,775511_1782541800_H30,764290,Nearest,2.0,2,,,True
validation,775511,2026-06-26T23:30:00-07:00,775511_1782541800_H30,764297,Nearest,3.0,3,,,True
validation,775511,2026-06-26T23:30:00-07:00,775511_1782541800_H30,764311,Nearest,4.0,4,,,True
validation,775511,2026-06-26T23:30:00-07:00,775511_1782541800_H30,764322,Nearest,5.0,5,,,True
validation,775511,2026-06-26T23:35:00-07:00,775511_1782542100_H30,764283,Nearest,1.0,1,,,True
validation,775511,2026-06-26T23:35:00-07:00,775511_1782542100_H30,764290,Nearest,2.0,2,,,True
validation,775511,2026-06-26T23:35:00-07:00,775511_1782542100_H30,764297,Nearest,3.0,3,,,True
validation,775511,2026-06-26T23:35:00-07:00,775511_1782542100_H30,764311,Nearest,4.0,4,,,True
validation,775511,2026-06-26T23:35:00-07:00,775511_1782542100_H30,764322,Nearest,5.0,5,,,True
validation,775511,2026-06-26T23:40:00-07:00,775511_1782542400_H30,764283,Nearest,1.0,1,,,True
validation,775511,2026-06-26T23:40:00-07:00,775511_1782542400_H30,764290,Nearest,2.0,2,,,True
validation,775511,2026-06-26T23:40:00-07:00,775511_1782542400_H30,764297,Nearest,3.0,3,,,True
validation,775511,2026-06-26T23:40:00-07:00,775511_1782542400_H30,764311,Nearest,4.0,4,,,True
validation,775511,2026-06-26T23:40:00-07:00,775511_1782542400_H30,764322,Nearest,5.0,5,,,True
validation,775511,2026-06-26T23:45:00-07:00,775511_1782542700_H30,764283,Nearest,1.0,1,,,True
validation,775511,2026-06-26T23:45:00-07:00,775511_1782542700_H30,764290,Nearest,2.0,2,,,True
validation,775511,2026-06-26T23:45:00-07:00,775511_1782542700_H30,764297,Nearest,3.0,3,,,True
validation,775511,2026-06-26T23:45:00-07:00,775511_1782542700_H30,764311,Nearest,4.0,4,,,True
validation,775511,2026-06-26T23:45:00-07:00,775511_1782542700_H30,764322,Nearest,5.0,5,,,True
validation,775511,2026-06-26T23:50:00-07:00,775511_1782543000_H30,764283,Nearest,1.0,1,,,True
validation,775511,2026-06-26T23:50:00-07:00,775511_1782543000_H30,764290,Nearest,2.0,2,,,True
validation,775511,2026-06-26T23:50:00-07:00,775511_1782543000_H30,764297,Nearest,3.0,3,,,True
validation,775511,2026-06-26T23:50:00-07:00,775511_1782543000_H30,764311,Nearest,4.0,4,,,True
validation,775511,2026-06-26T23:50:00-07:00,775511_1782543000_H30,764322,Nearest,5.0,5,,,True
validation,775511,2026-06-26T23:55:00-07:00,775511_1782543300_H30,764283,Nearest,1.0,1,,,True
validation,775511,2026-06-26T23:55:00-07:00,775511_1782543300_H30,764290,Nearest,2.0,2,,,True
validation,775511,2026-06-26T23:55:00-07:00,775511_1782543300_H30,764297,Nearest,3.0,3,,,True
validation,775511,2026-06-26T23:55:00-07:00,775511_1782543300_H30,764311,Nearest,4.0,4,,,True
validation,775511,2026-06-26T23:55:00-07:00,775511_1782543300_H30,764322,Nearest,5.0,5,,,True
validation,775536,2026-06-02T23:30:00-07:00,775536_1780468200_H30,768701,Nearest,1.0,1,,,True
validation,775536,2026-06-02T23:30:00-07:00,775536_1780468200_H30,774344,Nearest,2.0,2,,,True
validation,775536,2026-06-02T23:30:00-07:00,775536_1780468200_H30,718405,Nearest,3.0,3,,,True
validation,775536,2026-06-02T23:30:00-07:00,775536_1780468200_H30,759858,Nearest,4.0,4,,,True
validation,775536,2026-06-02T23:30:00-07:00,775536_1780468200_H30,759870,Nearest,5.0,5,,,True
validation,775536,2026-06-02T23:35:00-07:00,775536_1780468500_H30,768701,Nearest,1.0,1,,,True
validation,775536,2026-06-02T23:35:00-07:00,775536_1780468500_H30,774344,Nearest,2.0,2,,,True
validation,775536,2026-06-02T23:35:00-07:00,775536_1780468500_H30,718405,Nearest,3.0,3,,,True
validation,775536,2026-06-02T23:35:00-07:00,775536_1780468500_H30,759858,Nearest,4.0,4,,,True
validation,775536,2026-06-02T23:35:00-07:00,775536_1780468500_H30,759870,Nearest,5.0,5,,,True
validation,775536,2026-06-02T23:40:00-07:00,775536_1780468800_H30,768701,Nearest,1.0,1,,,True
validation,775536,2026-06-02T23:40:00-07:00,775536_1780468800_H30,774344,Nearest,2.0,2,,,True
validation,775536,2026-06-02T23:40:00-07:00,775536_1780468800_H30,718405,Nearest,3.0,3,,,True
validation,775536,2026-06-02T23:40:00-07:00,775536_1780468800_H30,759858,Nearest,4.0,4,,,True
validation,775536,2026-06-02T23:40:00-07:00,775536_1780468800_H30,759870,Nearest,5.0,5,,,True
validation,775536,2026-06-02T23:45:00-07:00,775536_1780469100_H30,768701,Nearest,1.0,1,,,True
validation,775536,2026-06-02T23:45:00-07:00,775536_1780469100_H30,774344,Nearest,2.0,2,,,True
validation,775536,2026-06-02T23:45:00-07:00,775536_1780469100_H30,718405,Nearest,3.0,3,,,True
validation,775536,2026-06-02T23:45:00-07:00,775536_1780469100_H30,759858,Nearest,4.0,4,,,True
validation,775536,2026-06-02T23:45:00-07:00,775536_1780469100_H30,759870,Nearest,5.0,5,,,True
validation,775536,2026-06-02T23:50:00-07:00,775536_1780469400_H30,768701,Nearest,1.0,1,,,True
validation,775536,2026-06-02T23:50:00-07:00,775536_1780469400_H30,774344,Nearest,2.0,2,,,True
validation,775536,2026-06-02T23:50:00-07:00,775536_1780469400_H30,718405,Nearest,3.0,3,,,True
validation,775536,2026-06-02T23:50:00-07:00,775536_1780469400_H30,759858,Nearest,4.0,4,,,True
validation,775536,2026-06-02T23:50:00-07:00,775536_1780469400_H30,759870,Nearest,5.0,5,,,True
validation,775536,2026-06-02T23:55:00-07:00,775536_1780469700_H30,768701,Nearest,1.0,1,,,True
validation,775536,2026-06-02T23:55:00-07:00,775536_1780469700_H30,774344,Nearest,2.0,2,,,True
validation,775536,2026-06-02T23:55:00-07:00,775536_1780469700_H30,718405,Nearest,3.0,3,,,True
validation,775536,2026-06-02T23:55:00-07:00,775536_1780469700_H30,759858,Nearest,4.0,4,,,True
validation,775536,2026-06-02T23:55:00-07:00,775536_1780469700_H30,759870,Nearest,5.0,5,,,True
validation,775536,2026-06-03T19:05:00-07:00,775536_1780538700_H30,768701,Nearest,1.0,1,,,True
validation,775536,2026-06-03T19:05:00-07:00,775536_1780538700_H30,774344,Nearest,2.0,2,,,True
validation,775536,2026-06-03T19:05:00-07:00,775536_1780538700_H30,718405,Nearest,3.0,3,,,True
validation,775536,2026-06-03T19:05:00-07:00,775536_1780538700_H30,759858,Nearest,4.0,4,,,True
validation,775536,2026-06-03T19:05:00-07:00,775536_1780538700_H30,759870,Nearest,5.0,5,,,True
validation,775536,2026-06-03T19:10:00-07:00,775536_1780539000_H30,768701,Nearest,1.0,1,,,True
validation,775536,2026-06-03T19:10:00-07:00,775536_1780539000_H30,774344,Nearest,2.0,2,,,True
validation,775536,2026-06-03T19:10:00-07:00,775536_1780539000_H30,718405,Nearest,3.0,3,,,True
validation,775536,2026-06-03T19:10:00-07:00,775536_1780539000_H30,759858,Nearest,4.0,4,,,True
validation,775536,2026-06-03T19:10:00-07:00,775536_1780539000_H30,759870,Nearest,5.0,5,,,True
validation,775536,2026-06-03T19:15:00-07:00,775536_1780539300_H30,768701,Nearest,1.0,1,,,True
validation,775536,2026-06-03T19:15:00-07:00,775536_1780539300_H30,774344,Nearest,2.0,2,,,True
validation,775536,2026-06-03T19:15:00-07:00,775536_1780539300_H30,718405,Nearest,3.0,3,,,True
validation,775536,2026-06-03T19:15:00-07:00,775536_1780539300_H30,759858,Nearest,4.0,4,,,True
validation,775536,2026-06-03T19:15:00-07:00,775536_1780539300_H30,759870,Nearest,5.0,5,,,True
validation,775536,2026-06-03T19:20:00-07:00,775536_1780539600_H30,768701,Nearest,1.0,1,,,True
validation,775536,2026-06-03T19:20:00-07:00,775536_1780539600_H30,774344,Nearest,2.0,2,,,True
validation,775536,2026-06-03T19:20:00-07:00,775536_1780539600_H30,718405,Nearest,3.0,3,,,True
validation,775536,2026-06-03T19:20:00-07:00,775536_1780539600_H30,759858,Nearest,4.0,4,,,True
validation,775536,2026-06-03T19:20:00-07:00,775536_1780539600_H30,759870,Nearest,5.0,5,,,True
validation,775536,2026-06-03T19:25:00-07:00,775536_1780539900_H30,768701,Nearest,1.0,1,,,True
validation,775536,2026-06-03T19:25:00-07:00,775536_1780539900_H30,774344,Nearest,2.0,2,,,True
validation,775536,2026-06-03T19:25:00-07:00,775536_1780539900_H30,718405,Nearest,3.0,3,,,True
validation,775536,2026-06-03T19:25:00-07:00,775536_1780539900_H30,759858,Nearest,4.0,4,,,True
validation,775536,2026-06-03T19:25:00-07:00,775536_1780539900_H30,759870,Nearest,5.0,5,,,True
validation,775536,2026-06-03T19:30:00-07:00,775536_1780540200_H30,768701,Nearest,1.0,1,,,True
validation,775536,2026-06-03T19:30:00-07:00,775536_1780540200_H30,774344,Nearest,2.0,2,,,True
validation,775536,2026-06-03T19:30:00-07:00,775536_1780540200_H30,718405,Nearest,3.0,3,,,True
validation,775536,2026-06-03T19:30:00-07:00,775536_1780540200_H30,759858,Nearest,4.0,4,,,True
validation,775536,2026-06-03T19:30:00-07:00,775536_1780540200_H30,759870,Nearest,5.0,5,,,True
validation,775536,2026-06-06T23:30:00-07:00,775536_1780813800_H30,768701,Nearest,1.0,1,,,True
validation,775536,2026-06-06T23:30:00-07:00,775536_1780813800_H30,774344,Nearest,2.0,2,,,True
validation,775536,2026-06-06T23:30:00-07:00,775536_1780813800_H30,718405,Nearest,3.0,3,,,True
validation,775536,2026-06-06T23:30:00-07:00,775536_1780813800_H30,759858,Nearest,4.0,4,,,True
validation,775536,2026-06-06T23:30:00-07:00,775536_1780813800_H30,759870,Nearest,5.0,5,,,True
validation,775536,2026-06-06T23:35:00-07:00,775536_1780814100_H30,768701,Nearest,1.0,1,,,True
validation,775536,2026-06-06T23:35:00-07:00,775536_1780814100_H30,774344,Nearest,2.0,2,,,True
validation,775536,2026-06-06T23:35:00-07:00,775536_1780814100_H30,718405,Nearest,3.0,3,,,True
validation,775536,2026-06-06T23:35:00-07:00,775536_1780814100_H30,759858,Nearest,4.0,4,,,True
validation,775536,2026-06-06T23:35:00-07:00,775536_1780814100_H30,759870,Nearest,5.0,5,,,True
validation,775536,2026-06-06T23:40:00-07:00,775536_1780814400_H30,768701,Nearest,1.0,1,,,True
validation,775536,2026-06-06T23:40:00-07:00,775536_1780814400_H30,774344,Nearest,2.0,2,,,True
validation,775536,2026-06-06T23:40:00-07:00,775536_1780814400_H30,718405,Nearest,3.0,3,,,True
validation,775536,2026-06-06T23:40:00-07:00,775536_1780814400_H30,759858,Nearest,4.0,4,,,True
validation,775536,2026-06-06T23:40:00-07:00,775536_1780814400_H30,759870,Nearest,5.0,5,,,True
validation,775536,2026-06-06T23:45:00-07:00,775536_1780814700_H30,768701,Nearest,1.0,1,,,True
validation,775536,2026-06-06T23:45:00-07:00,775536_1780814700_H30,774344,Nearest,2.0,2,,,True
validation,775536,2026-06-06T23:45:00-07:00,775536_1780814700_H30,718405,Nearest,3.0,3,,,True
validation,775536,2026-06-06T23:45:00-07:00,775536_1780814700_H30,759858,Nearest,4.0,4,,,True
validation,775536,2026-06-06T23:45:00-07:00,775536_1780814700_H30,759870,Nearest,5.0,5,,,True
validation,775536,2026-06-06T23:50:00-07:00,775536_1780815000_H30,768701,Nearest,1.0,1,,,True
validation,775536,2026-06-06T23:50:00-07:00,775536_1780815000_H30,774344,Nearest,2.0,2,,,True
validation,775536,2026-06-06T23:50:00-07:00,775536_1780815000_H30,718405,Nearest,3.0,3,,,True
validation,775536,2026-06-06T23:50:00-07:00,775536_1780815000_H30,759858,Nearest,4.0,4,,,True
validation,775536,2026-06-06T23:50:00-07:00,775536_1780815000_H30,759870,Nearest,5.0,5,,,True
validation,775536,2026-06-06T23:55:00-07:00,775536_1780815300_H30,768701,Nearest,1.0,1,,,True
validation,775536,2026-06-06T23:55:00-07:00,775536_1780815300_H30,774344,Nearest,2.0,2,,,True
validation,775536,2026-06-06T23:55:00-07:00,775536_1780815300_H30,718405,Nearest,3.0,3,,,True
validation,775536,2026-06-06T23:55:00-07:00,775536_1780815300_H30,759858,Nearest,4.0,4,,,True
validation,775536,2026-06-06T23:55:00-07:00,775536_1780815300_H30,759870,Nearest,5.0,5,,,True
validation,775536,2026-06-10T23:30:00-07:00,775536_1781159400_H30,768701,Nearest,1.0,1,,,True
validation,775536,2026-06-10T23:30:00-07:00,775536_1781159400_H30,774344,Nearest,2.0,2,,,True
validation,775536,2026-06-10T23:30:00-07:00,775536_1781159400_H30,718405,Nearest,3.0,3,,,True
validation,775536,2026-06-10T23:30:00-07:00,775536_1781159400_H30,759858,Nearest,4.0,4,,,True
validation,775536,2026-06-10T23:30:00-07:00,775536_1781159400_H30,759870,Nearest,5.0,5,,,True
validation,775536,2026-06-10T23:35:00-07:00,775536_1781159700_H30,768701,Nearest,1.0,1,,,True
validation,775536,2026-06-10T23:35:00-07:00,775536_1781159700_H30,774344,Nearest,2.0,2,,,True
validation,775536,2026-06-10T23:35:00-07:00,775536_1781159700_H30,718405,Nearest,3.0,3,,,True
validation,775536,2026-06-10T23:35:00-07:00,775536_1781159700_H30,759858,Nearest,4.0,4,,,True
validation,775536,2026-06-10T23:35:00-07:00,775536_1781159700_H30,759870,Nearest,5.0,5,,,True
validation,775536,2026-06-10T23:40:00-07:00,775536_1781160000_H30,768701,Nearest,1.0,1,,,True
validation,775536,2026-06-10T23:40:00-07:00,775536_1781160000_H30,774344,Nearest,2.0,2,,,True
validation,775536,2026-06-10T23:40:00-07:00,775536_1781160000_H30,718405,Nearest,3.0,3,,,True
validation,775536,2026-06-10T23:40:00-07:00,775536_1781160000_H30,759858,Nearest,4.0,4,,,True
validation,775536,2026-06-10T23:40:00-07:00,775536_1781160000_H30,759870,Nearest,5.0,5,,,True
validation,775536,2026-06-10T23:45:00-07:00,775536_1781160300_H30,768701,Nearest,1.0,1,,,True
validation,775536,2026-06-10T23:45:00-07:00,775536_1781160300_H30,774344,Nearest,2.0,2,,,True
validation,775536,2026-06-10T23:45:00-07:00,775536_1781160300_H30,718405,Nearest,3.0,3,,,True
validation,775536,2026-06-10T23:45:00-07:00,775536_1781160300_H30,759858,Nearest,4.0,4,,,True
validation,775536,2026-06-10T23:45:00-07:00,775536_1781160300_H30,759870,Nearest,5.0,5,,,True
validation,775536,2026-06-10T23:50:00-07:00,775536_1781160600_H30,768701,Nearest,1.0,1,,,True
validation,775536,2026-06-10T23:50:00-07:00,775536_1781160600_H30,774344,Nearest,2.0,2,,,True
validation,775536,2026-06-10T23:50:00-07:00,775536_1781160600_H30,718405,Nearest,3.0,3,,,True
validation,775536,2026-06-10T23:50:00-07:00,775536_1781160600_H30,759858,Nearest,4.0,4,,,True
validation,775536,2026-06-10T23:50:00-07:00,775536_1781160600_H30,759870,Nearest,5.0,5,,,True
validation,775536,2026-06-10T23:55:00-07:00,775536_1781160900_H30,768701,Nearest,1.0,1,,,True
validation,775536,2026-06-10T23:55:00-07:00,775536_1781160900_H30,774344,Nearest,2.0,2,,,True
validation,775536,2026-06-10T23:55:00-07:00,775536_1781160900_H30,718405,Nearest,3.0,3,,,True
validation,775536,2026-06-10T23:55:00-07:00,775536_1781160900_H30,759858,Nearest,4.0,4,,,True
validation,775536,2026-06-10T23:55:00-07:00,775536_1781160900_H30,759870,Nearest,5.0,5,,,True
validation,775536,2026-06-17T11:15:00-07:00,775536_1781720100_H30,768701,Nearest,1.0,1,,,True
validation,775536,2026-06-17T11:15:00-07:00,775536_1781720100_H30,774344,Nearest,2.0,2,,,True
validation,775536,2026-06-17T11:15:00-07:00,775536_1781720100_H30,718405,Nearest,3.0,3,,,True
validation,775536,2026-06-17T11:15:00-07:00,775536_1781720100_H30,759858,Nearest,4.0,4,,,True
validation,775536,2026-06-17T11:15:00-07:00,775536_1781720100_H30,759870,Nearest,5.0,5,,,True
validation,775536,2026-06-18T23:30:00-07:00,775536_1781850600_H30,768701,Nearest,1.0,1,,,True
validation,775536,2026-06-18T23:30:00-07:00,775536_1781850600_H30,774344,Nearest,2.0,2,,,True
validation,775536,2026-06-18T23:30:00-07:00,775536_1781850600_H30,718405,Nearest,3.0,3,,,True
validation,775536,2026-06-18T23:30:00-07:00,775536_1781850600_H30,759858,Nearest,4.0,4,,,True
validation,775536,2026-06-18T23:30:00-07:00,775536_1781850600_H30,759870,Nearest,5.0,5,,,True
validation,775536,2026-06-18T23:35:00-07:00,775536_1781850900_H30,768701,Nearest,1.0,1,,,True
validation,775536,2026-06-18T23:35:00-07:00,775536_1781850900_H30,774344,Nearest,2.0,2,,,True
validation,775536,2026-06-18T23:35:00-07:00,775536_1781850900_H30,718405,Nearest,3.0,3,,,True
validation,775536,2026-06-18T23:35:00-07:00,775536_1781850900_H30,759858,Nearest,4.0,4,,,True
validation,775536,2026-06-18T23:35:00-07:00,775536_1781850900_H30,759870,Nearest,5.0,5,,,True
validation,775536,2026-06-18T23:40:00-07:00,775536_1781851200_H30,768701,Nearest,1.0,1,,,True
validation,775536,2026-06-18T23:40:00-07:00,775536_1781851200_H30,774344,Nearest,2.0,2,,,True
validation,775536,2026-06-18T23:40:00-07:00,775536_1781851200_H30,718405,Nearest,3.0,3,,,True
validation,775536,2026-06-18T23:40:00-07:00,775536_1781851200_H30,759858,Nearest,4.0,4,,,True
validation,775536,2026-06-18T23:40:00-07:00,775536_1781851200_H30,759870,Nearest,5.0,5,,,True
validation,775536,2026-06-18T23:45:00-07:00,775536_1781851500_H30,768701,Nearest,1.0,1,,,True
validation,775536,2026-06-18T23:45:00-07:00,775536_1781851500_H30,774344,Nearest,2.0,2,,,True
validation,775536,2026-06-18T23:45:00-07:00,775536_1781851500_H30,718405,Nearest,3.0,3,,,True
validation,775536,2026-06-18T23:45:00-07:00,775536_1781851500_H30,759858,Nearest,4.0,4,,,True
validation,775536,2026-06-18T23:45:00-07:00,775536_1781851500_H30,759870,Nearest,5.0,5,,,True
validation,775536,2026-06-18T23:50:00-07:00,775536_1781851800_H30,768701,Nearest,1.0,1,,,True
validation,775536,2026-06-18T23:50:00-07:00,775536_1781851800_H30,774344,Nearest,2.0,2,,,True
validation,775536,2026-06-18T23:50:00-07:00,775536_1781851800_H30,718405,Nearest,3.0,3,,,True
validation,775536,2026-06-18T23:50:00-07:00,775536_1781851800_H30,759858,Nearest,4.0,4,,,True
validation,775536,2026-06-18T23:50:00-07:00,775536_1781851800_H30,759870,Nearest,5.0,5,,,True
validation,775536,2026-06-18T23:55:00-07:00,775536_1781852100_H30,768701,Nearest,1.0,1,,,True
validation,775536,2026-06-18T23:55:00-07:00,775536_1781852100_H30,774344,Nearest,2.0,2,,,True
validation,775536,2026-06-18T23:55:00-07:00,775536_1781852100_H30,718405,Nearest,3.0,3,,,True
validation,775536,2026-06-18T23:55:00-07:00,775536_1781852100_H30,759858,Nearest,4.0,4,,,True
validation,775536,2026-06-18T23:55:00-07:00,775536_1781852100_H30,759870,Nearest,5.0,5,,,True
validation,775536,2026-06-22T23:30:00-07:00,775536_1782196200_H30,768701,Nearest,1.0,1,,,True
validation,775536,2026-06-22T23:30:00-07:00,775536_1782196200_H30,774344,Nearest,2.0,2,,,True
validation,775536,2026-06-22T23:30:00-07:00,775536_1782196200_H30,718405,Nearest,3.0,3,,,True
validation,775536,2026-06-22T23:30:00-07:00,775536_1782196200_H30,759858,Nearest,4.0,4,,,True
validation,775536,2026-06-22T23:30:00-07:00,775536_1782196200_H30,759870,Nearest,5.0,5,,,True
validation,775536,2026-06-22T23:35:00-07:00,775536_1782196500_H30,768701,Nearest,1.0,1,,,True
validation,775536,2026-06-22T23:35:00-07:00,775536_1782196500_H30,774344,Nearest,2.0,2,,,True
validation,775536,2026-06-22T23:35:00-07:00,775536_1782196500_H30,718405,Nearest,3.0,3,,,True
validation,775536,2026-06-22T23:35:00-07:00,775536_1782196500_H30,759858,Nearest,4.0,4,,,True
validation,775536,2026-06-22T23:35:00-07:00,775536_1782196500_H30,759870,Nearest,5.0,5,,,True
validation,775536,2026-06-22T23:40:00-07:00,775536_1782196800_H30,768701,Nearest,1.0,1,,,True
validation,775536,2026-06-22T23:40:00-07:00,775536_1782196800_H30,774344,Nearest,2.0,2,,,True
validation,775536,2026-06-22T23:40:00-07:00,775536_1782196800_H30,718405,Nearest,3.0,3,,,True
validation,775536,2026-06-22T23:40:00-07:00,775536_1782196800_H30,759858,Nearest,4.0,4,,,True
validation,775536,2026-06-22T23:40:00-07:00,775536_1782196800_H30,759870,Nearest,5.0,5,,,True
validation,775536,2026-06-22T23:45:00-07:00,775536_1782197100_H30,768701,Nearest,1.0,1,,,True
validation,775536,2026-06-22T23:45:00-07:00,775536_1782197100_H30,774344,Nearest,2.0,2,,,True
validation,775536,2026-06-22T23:45:00-07:00,775536_1782197100_H30,718405,Nearest,3.0,3,,,True
validation,775536,2026-06-22T23:45:00-07:00,775536_1782197100_H30,759858,Nearest,4.0,4,,,True
validation,775536,2026-06-22T23:45:00-07:00,775536_1782197100_H30,759870,Nearest,5.0,5,,,True
validation,775536,2026-06-22T23:50:00-07:00,775536_1782197400_H30,768701,Nearest,1.0,1,,,True
validation,775536,2026-06-22T23:50:00-07:00,775536_1782197400_H30,774344,Nearest,2.0,2,,,True
validation,775536,2026-06-22T23:50:00-07:00,775536_1782197400_H30,718405,Nearest,3.0,3,,,True
validation,775536,2026-06-22T23:50:00-07:00,775536_1782197400_H30,759858,Nearest,4.0,4,,,True
validation,775536,2026-06-22T23:50:00-07:00,775536_1782197400_H30,759870,Nearest,5.0,5,,,True
validation,775536,2026-06-22T23:55:00-07:00,775536_1782197700_H30,768701,Nearest,1.0,1,,,True
validation,775536,2026-06-22T23:55:00-07:00,775536_1782197700_H30,774344,Nearest,2.0,2,,,True
validation,775536,2026-06-22T23:55:00-07:00,775536_1782197700_H30,718405,Nearest,3.0,3,,,True
validation,775536,2026-06-22T23:55:00-07:00,775536_1782197700_H30,759858,Nearest,4.0,4,,,True
validation,775536,2026-06-22T23:55:00-07:00,775536_1782197700_H30,759870,Nearest,5.0,5,,,True
validation,775536,2026-06-26T23:30:00-07:00,775536_1782541800_H30,768701,Nearest,1.0,1,,,True
validation,775536,2026-06-26T23:30:00-07:00,775536_1782541800_H30,774344,Nearest,2.0,2,,,True
validation,775536,2026-06-26T23:30:00-07:00,775536_1782541800_H30,718405,Nearest,3.0,3,,,True
validation,775536,2026-06-26T23:30:00-07:00,775536_1782541800_H30,759858,Nearest,4.0,4,,,True
validation,775536,2026-06-26T23:30:00-07:00,775536_1782541800_H30,759870,Nearest,5.0,5,,,True
validation,775536,2026-06-26T23:35:00-07:00,775536_1782542100_H30,768701,Nearest,1.0,1,,,True
validation,775536,2026-06-26T23:35:00-07:00,775536_1782542100_H30,774344,Nearest,2.0,2,,,True
validation,775536,2026-06-26T23:35:00-07:00,775536_1782542100_H30,718405,Nearest,3.0,3,,,True
validation,775536,2026-06-26T23:35:00-07:00,775536_1782542100_H30,759858,Nearest,4.0,4,,,True
validation,775536,2026-06-26T23:35:00-07:00,775536_1782542100_H30,759870,Nearest,5.0,5,,,True
validation,775536,2026-06-26T23:40:00-07:00,775536_1782542400_H30,768701,Nearest,1.0,1,,,True
validation,775536,2026-06-26T23:40:00-07:00,775536_1782542400_H30,774344,Nearest,2.0,2,,,True
validation,775536,2026-06-26T23:40:00-07:00,775536_1782542400_H30,718405,Nearest,3.0,3,,,True
validation,775536,2026-06-26T23:40:00-07:00,775536_1782542400_H30,759858,Nearest,4.0,4,,,True
validation,775536,2026-06-26T23:40:00-07:00,775536_1782542400_H30,759870,Nearest,5.0,5,,,True
validation,775536,2026-06-26T23:45:00-07:00,775536_1782542700_H30,768701,Nearest,1.0,1,,,True
validation,775536,2026-06-26T23:45:00-07:00,775536_1782542700_H30,774344,Nearest,2.0,2,,,True
validation,775536,2026-06-26T23:45:00-07:00,775536_1782542700_H30,718405,Nearest,3.0,3,,,True
validation,775536,2026-06-26T23:45:00-07:00,775536_1782542700_H30,759858,Nearest,4.0,4,,,True
validation,775536,2026-06-26T23:45:00-07:00,775536_1782542700_H30,759870,Nearest,5.0,5,,,True
validation,775536,2026-06-26T23:50:00-07:00,775536_1782543000_H30,768701,Nearest,1.0,1,,,True
validation,775536,2026-06-26T23:50:00-07:00,775536_1782543000_H30,774344,Nearest,2.0,2,,,True
validation,775536,2026-06-26T23:50:00-07:00,775536_1782543000_H30,718405,Nearest,3.0,3,,,True
validation,775536,2026-06-26T23:50:00-07:00,775536_1782543000_H30,759858,Nearest,4.0,4,,,True
validation,775536,2026-06-26T23:50:00-07:00,775536_1782543000_H30,759870,Nearest,5.0,5,,,True
validation,775536,2026-06-26T23:55:00-07:00,775536_1782543300_H30,768701,Nearest,1.0,1,,,True
validation,775536,2026-06-26T23:55:00-07:00,775536_1782543300_H30,774344,Nearest,2.0,2,,,True
validation,775536,2026-06-26T23:55:00-07:00,775536_1782543300_H30,718405,Nearest,3.0,3,,,True
validation,775536,2026-06-26T23:55:00-07:00,775536_1782543300_H30,759858,Nearest,4.0,4,,,True
validation,775536,2026-06-26T23:55:00-07:00,775536_1782543300_H30,759870,Nearest,5.0,5,,,True
validation,765501,2026-06-03T15:25:00-07:00,765501_1780525500_H30,773773,Historical Best,11.115965525309244,1,,,True
validation,765501,2026-06-03T15:25:00-07:00,765501_1780525500_H30,717951,Historical Best,11.115965525309244,2,,,True
validation,765501,2026-06-03T15:25:00-07:00,765501_1780525500_H30,776019,Historical Best,13.027956008911133,3,,,True
validation,765501,2026-06-03T15:25:00-07:00,765501_1780525500_H30,773784,Historical Best,13.426153818766275,4,,,True
validation,765501,2026-06-03T15:25:00-07:00,765501_1780525500_H30,763616,Historical Best,14.88143793741862,5,,,True
validation,765501,2026-06-03T15:30:00-07:00,765501_1780525800_H30,773773,Historical Best,11.115965525309244,1,,,True
validation,765501,2026-06-03T15:30:00-07:00,765501_1780525800_H30,717951,Historical Best,11.115965525309244,2,,,True
validation,765501,2026-06-03T15:30:00-07:00,765501_1780525800_H30,776019,Historical Best,13.027956008911133,3,,,True
validation,765501,2026-06-03T15:30:00-07:00,765501_1780525800_H30,773784,Historical Best,13.426153818766275,4,,,True
validation,765501,2026-06-03T15:30:00-07:00,765501_1780525800_H30,763616,Historical Best,14.88143793741862,5,,,True
validation,765501,2026-06-03T15:35:00-07:00,765501_1780526100_H30,773773,Historical Best,11.115965525309244,1,,,True
validation,765501,2026-06-03T15:35:00-07:00,765501_1780526100_H30,717951,Historical Best,11.115965525309244,2,,,True
validation,765501,2026-06-03T15:35:00-07:00,765501_1780526100_H30,776019,Historical Best,13.027956008911133,3,,,True
validation,765501,2026-06-03T15:35:00-07:00,765501_1780526100_H30,773784,Historical Best,13.426153818766275,4,,,True
validation,765501,2026-06-03T15:35:00-07:00,765501_1780526100_H30,763616,Historical Best,14.88143793741862,5,,,True
validation,765501,2026-06-03T15:40:00-07:00,765501_1780526400_H30,773773,Historical Best,11.115965525309244,1,,,True
validation,765501,2026-06-03T15:40:00-07:00,765501_1780526400_H30,717951,Historical Best,11.115965525309244,2,,,True
validation,765501,2026-06-03T15:40:00-07:00,765501_1780526400_H30,776019,Historical Best,13.027956008911133,3,,,True
validation,765501,2026-06-03T15:40:00-07:00,765501_1780526400_H30,773784,Historical Best,13.426153818766275,4,,,True
validation,765501,2026-06-03T15:40:00-07:00,765501_1780526400_H30,763616,Historical Best,14.88143793741862,5,,,True
validation,765501,2026-06-03T15:45:00-07:00,765501_1780526700_H30,773773,Historical Best,11.115965525309244,1,,,True
validation,765501,2026-06-03T15:45:00-07:00,765501_1780526700_H30,717951,Historical Best,11.115965525309244,2,,,True
validation,765501,2026-06-03T15:45:00-07:00,765501_1780526700_H30,776019,Historical Best,13.027956008911133,3,,,True
validation,765501,2026-06-03T15:45:00-07:00,765501_1780526700_H30,773784,Historical Best,13.426153818766275,4,,,True
validation,765501,2026-06-03T15:45:00-07:00,765501_1780526700_H30,763616,Historical Best,14.88143793741862,5,,,True
validation,765501,2026-06-03T15:50:00-07:00,765501_1780527000_H30,773773,Historical Best,11.115965525309244,1,,,True
validation,765501,2026-06-03T15:50:00-07:00,765501_1780527000_H30,717951,Historical Best,11.115965525309244,2,,,True
validation,765501,2026-06-03T15:50:00-07:00,765501_1780527000_H30,776019,Historical Best,13.027956008911133,3,,,True
validation,765501,2026-06-03T15:50:00-07:00,765501_1780527000_H30,773784,Historical Best,13.426153818766275,4,,,True
validation,765501,2026-06-03T15:50:00-07:00,765501_1780527000_H30,763616,Historical Best,14.88143793741862,5,,,True
validation,765501,2026-06-06T07:20:00-07:00,765501_1780755600_H30,773773,Historical Best,11.115965525309244,1,,,True
validation,765501,2026-06-06T07:20:00-07:00,765501_1780755600_H30,717951,Historical Best,11.115965525309244,2,,,True
validation,765501,2026-06-06T07:20:00-07:00,765501_1780755600_H30,776019,Historical Best,13.027956008911133,3,,,True
validation,765501,2026-06-06T07:20:00-07:00,765501_1780755600_H30,773784,Historical Best,13.426153818766275,4,,,True
validation,765501,2026-06-06T07:20:00-07:00,765501_1780755600_H30,763616,Historical Best,14.88143793741862,5,,,True
validation,765501,2026-06-06T07:25:00-07:00,765501_1780755900_H30,773773,Historical Best,11.115965525309244,1,,,True
validation,765501,2026-06-06T07:25:00-07:00,765501_1780755900_H30,717951,Historical Best,11.115965525309244,2,,,True
validation,765501,2026-06-06T07:25:00-07:00,765501_1780755900_H30,776019,Historical Best,13.027956008911133,3,,,True
validation,765501,2026-06-06T07:25:00-07:00,765501_1780755900_H30,773784,Historical Best,13.426153818766275,4,,,True
validation,765501,2026-06-06T07:25:00-07:00,765501_1780755900_H30,763616,Historical Best,14.88143793741862,5,,,True
validation,765501,2026-06-06T07:30:00-07:00,765501_1780756200_H30,773773,Historical Best,11.115965525309244,1,,,True
validation,765501,2026-06-06T07:30:00-07:00,765501_1780756200_H30,717951,Historical Best,11.115965525309244,2,,,True
validation,765501,2026-06-06T07:30:00-07:00,765501_1780756200_H30,776019,Historical Best,13.027956008911133,3,,,True
validation,765501,2026-06-06T07:30:00-07:00,765501_1780756200_H30,773784,Historical Best,13.426153818766275,4,,,True
validation,765501,2026-06-06T07:30:00-07:00,765501_1780756200_H30,763616,Historical Best,14.88143793741862,5,,,True
validation,765501,2026-06-06T07:35:00-07:00,765501_1780756500_H30,773773,Historical Best,11.115965525309244,1,,,True
validation,765501,2026-06-06T07:35:00-07:00,765501_1780756500_H30,717951,Historical Best,11.115965525309244,2,,,True
validation,765501,2026-06-06T07:35:00-07:00,765501_1780756500_H30,776019,Historical Best,13.027956008911133,3,,,True
validation,765501,2026-06-06T07:35:00-07:00,765501_1780756500_H30,773784,Historical Best,13.426153818766275,4,,,True
validation,765501,2026-06-06T07:35:00-07:00,765501_1780756500_H30,763616,Historical Best,14.88143793741862,5,,,True
validation,765501,2026-06-06T07:40:00-07:00,765501_1780756800_H30,773773,Historical Best,11.115965525309244,1,,,True
validation,765501,2026-06-06T07:40:00-07:00,765501_1780756800_H30,717951,Historical Best,11.115965525309244,2,,,True
validation,765501,2026-06-06T07:40:00-07:00,765501_1780756800_H30,776019,Historical Best,13.027956008911133,3,,,True
validation,765501,2026-06-06T07:40:00-07:00,765501_1780756800_H30,773784,Historical Best,13.426153818766275,4,,,True
validation,765501,2026-06-06T07:40:00-07:00,765501_1780756800_H30,763616,Historical Best,14.88143793741862,5,,,True
validation,765501,2026-06-06T07:45:00-07:00,765501_1780757100_H30,773773,Historical Best,11.115965525309244,1,,,True
validation,765501,2026-06-06T07:45:00-07:00,765501_1780757100_H30,717951,Historical Best,11.115965525309244,2,,,True
validation,765501,2026-06-06T07:45:00-07:00,765501_1780757100_H30,776019,Historical Best,13.027956008911133,3,,,True
validation,765501,2026-06-06T07:45:00-07:00,765501_1780757100_H30,773784,Historical Best,13.426153818766275,4,,,True
validation,765501,2026-06-06T07:45:00-07:00,765501_1780757100_H30,763616,Historical Best,14.88143793741862,5,,,True
validation,765501,2026-06-11T23:30:00-07:00,765501_1781245800_H30,773773,Historical Best,11.115965525309244,1,,,True
validation,765501,2026-06-11T23:30:00-07:00,765501_1781245800_H30,717951,Historical Best,11.115965525309244,2,,,True
validation,765501,2026-06-11T23:30:00-07:00,765501_1781245800_H30,776019,Historical Best,13.027956008911133,3,,,True
validation,765501,2026-06-11T23:30:00-07:00,765501_1781245800_H30,773784,Historical Best,13.426153818766275,4,,,True
validation,765501,2026-06-11T23:30:00-07:00,765501_1781245800_H30,763616,Historical Best,14.88143793741862,5,,,True
validation,765501,2026-06-11T23:35:00-07:00,765501_1781246100_H30,773773,Historical Best,11.115965525309244,1,,,True
validation,765501,2026-06-11T23:35:00-07:00,765501_1781246100_H30,717951,Historical Best,11.115965525309244,2,,,True
validation,765501,2026-06-11T23:35:00-07:00,765501_1781246100_H30,776019,Historical Best,13.027956008911133,3,,,True
validation,765501,2026-06-11T23:35:00-07:00,765501_1781246100_H30,773784,Historical Best,13.426153818766275,4,,,True
validation,765501,2026-06-11T23:35:00-07:00,765501_1781246100_H30,763616,Historical Best,14.88143793741862,5,,,True
validation,765501,2026-06-11T23:40:00-07:00,765501_1781246400_H30,773773,Historical Best,11.115965525309244,1,,,True
validation,765501,2026-06-11T23:40:00-07:00,765501_1781246400_H30,717951,Historical Best,11.115965525309244,2,,,True
validation,765501,2026-06-11T23:40:00-07:00,765501_1781246400_H30,776019,Historical Best,13.027956008911133,3,,,True
validation,765501,2026-06-11T23:40:00-07:00,765501_1781246400_H30,773784,Historical Best,13.426153818766275,4,,,True
validation,765501,2026-06-11T23:40:00-07:00,765501_1781246400_H30,763616,Historical Best,14.88143793741862,5,,,True
validation,765501,2026-06-11T23:45:00-07:00,765501_1781246700_H30,773773,Historical Best,11.115965525309244,1,,,True
validation,765501,2026-06-11T23:45:00-07:00,765501_1781246700_H30,717951,Historical Best,11.115965525309244,2,,,True
validation,765501,2026-06-11T23:45:00-07:00,765501_1781246700_H30,776019,Historical Best,13.027956008911133,3,,,True
validation,765501,2026-06-11T23:45:00-07:00,765501_1781246700_H30,773784,Historical Best,13.426153818766275,4,,,True
validation,765501,2026-06-11T23:45:00-07:00,765501_1781246700_H30,763616,Historical Best,14.88143793741862,5,,,True
validation,765501,2026-06-11T23:50:00-07:00,765501_1781247000_H30,773773,Historical Best,11.115965525309244,1,,,True
validation,765501,2026-06-11T23:50:00-07:00,765501_1781247000_H30,717951,Historical Best,11.115965525309244,2,,,True
validation,765501,2026-06-11T23:50:00-07:00,765501_1781247000_H30,776019,Historical Best,13.027956008911133,3,,,True
validation,765501,2026-06-11T23:50:00-07:00,765501_1781247000_H30,773784,Historical Best,13.426153818766275,4,,,True
validation,765501,2026-06-11T23:50:00-07:00,765501_1781247000_H30,763616,Historical Best,14.88143793741862,5,,,True
validation,765501,2026-06-11T23:55:00-07:00,765501_1781247300_H30,773773,Historical Best,11.115965525309244,1,,,True
validation,765501,2026-06-11T23:55:00-07:00,765501_1781247300_H30,717951,Historical Best,11.115965525309244,2,,,True
validation,765501,2026-06-11T23:55:00-07:00,765501_1781247300_H30,776019,Historical Best,13.027956008911133,3,,,True
validation,765501,2026-06-11T23:55:00-07:00,765501_1781247300_H30,773784,Historical Best,13.426153818766275,4,,,True
validation,765501,2026-06-11T23:55:00-07:00,765501_1781247300_H30,763616,Historical Best,14.88143793741862,5,,,True
validation,765501,2026-06-15T23:30:00-07:00,765501_1781591400_H30,773773,Historical Best,11.115965525309244,1,,,True
validation,765501,2026-06-15T23:30:00-07:00,765501_1781591400_H30,717951,Historical Best,11.115965525309244,2,,,True
validation,765501,2026-06-15T23:30:00-07:00,765501_1781591400_H30,776019,Historical Best,13.027956008911133,3,,,True
validation,765501,2026-06-15T23:30:00-07:00,765501_1781591400_H30,773784,Historical Best,13.426153818766275,4,,,True
validation,765501,2026-06-15T23:30:00-07:00,765501_1781591400_H30,763616,Historical Best,14.88143793741862,5,,,True
validation,765501,2026-06-15T23:35:00-07:00,765501_1781591700_H30,773773,Historical Best,11.115965525309244,1,,,True
validation,765501,2026-06-15T23:35:00-07:00,765501_1781591700_H30,717951,Historical Best,11.115965525309244,2,,,True
validation,765501,2026-06-15T23:35:00-07:00,765501_1781591700_H30,776019,Historical Best,13.027956008911133,3,,,True
validation,765501,2026-06-15T23:35:00-07:00,765501_1781591700_H30,773784,Historical Best,13.426153818766275,4,,,True
validation,765501,2026-06-15T23:35:00-07:00,765501_1781591700_H30,763616,Historical Best,14.88143793741862,5,,,True
validation,765501,2026-06-15T23:40:00-07:00,765501_1781592000_H30,773773,Historical Best,11.115965525309244,1,,,True
validation,765501,2026-06-15T23:40:00-07:00,765501_1781592000_H30,717951,Historical Best,11.115965525309244,2,,,True
validation,765501,2026-06-15T23:40:00-07:00,765501_1781592000_H30,776019,Historical Best,13.027956008911133,3,,,True
validation,765501,2026-06-15T23:40:00-07:00,765501_1781592000_H30,773784,Historical Best,13.426153818766275,4,,,True
validation,765501,2026-06-15T23:40:00-07:00,765501_1781592000_H30,763616,Historical Best,14.88143793741862,5,,,True
validation,765501,2026-06-15T23:45:00-07:00,765501_1781592300_H30,773773,Historical Best,11.115965525309244,1,,,True
validation,765501,2026-06-15T23:45:00-07:00,765501_1781592300_H30,717951,Historical Best,11.115965525309244,2,,,True
validation,765501,2026-06-15T23:45:00-07:00,765501_1781592300_H30,776019,Historical Best,13.027956008911133,3,,,True
validation,765501,2026-06-15T23:45:00-07:00,765501_1781592300_H30,773784,Historical Best,13.426153818766275,4,,,True
validation,765501,2026-06-15T23:45:00-07:00,765501_1781592300_H30,763616,Historical Best,14.88143793741862,5,,,True
validation,765501,2026-06-15T23:50:00-07:00,765501_1781592600_H30,773773,Historical Best,11.115965525309244,1,,,True
validation,765501,2026-06-15T23:50:00-07:00,765501_1781592600_H30,717951,Historical Best,11.115965525309244,2,,,True
validation,765501,2026-06-15T23:50:00-07:00,765501_1781592600_H30,776019,Historical Best,13.027956008911133,3,,,True
validation,765501,2026-06-15T23:50:00-07:00,765501_1781592600_H30,773784,Historical Best,13.426153818766275,4,,,True
validation,765501,2026-06-15T23:50:00-07:00,765501_1781592600_H30,763616,Historical Best,14.88143793741862,5,,,True
validation,765501,2026-06-15T23:55:00-07:00,765501_1781592900_H30,773773,Historical Best,11.115965525309244,1,,,True
validation,765501,2026-06-15T23:55:00-07:00,765501_1781592900_H30,717951,Historical Best,11.115965525309244,2,,,True
validation,765501,2026-06-15T23:55:00-07:00,765501_1781592900_H30,776019,Historical Best,13.027956008911133,3,,,True
validation,765501,2026-06-15T23:55:00-07:00,765501_1781592900_H30,773784,Historical Best,13.426153818766275,4,,,True
validation,765501,2026-06-15T23:55:00-07:00,765501_1781592900_H30,763616,Historical Best,14.88143793741862,5,,,True
validation,765501,2026-06-17T22:00:00-07:00,765501_1781758800_H30,773773,Historical Best,11.115965525309244,1,,,True
validation,765501,2026-06-17T22:00:00-07:00,765501_1781758800_H30,717951,Historical Best,11.115965525309244,2,,,True
validation,765501,2026-06-17T22:00:00-07:00,765501_1781758800_H30,776019,Historical Best,13.027956008911133,3,,,True
validation,765501,2026-06-17T22:00:00-07:00,765501_1781758800_H30,773784,Historical Best,13.426153818766275,4,,,True
validation,765501,2026-06-17T22:00:00-07:00,765501_1781758800_H30,763616,Historical Best,14.88143793741862,5,,,True
validation,765501,2026-06-17T22:05:00-07:00,765501_1781759100_H30,773773,Historical Best,11.115965525309244,1,,,True
validation,765501,2026-06-17T22:05:00-07:00,765501_1781759100_H30,717951,Historical Best,11.115965525309244,2,,,True
validation,765501,2026-06-17T22:05:00-07:00,765501_1781759100_H30,776019,Historical Best,13.027956008911133,3,,,True
validation,765501,2026-06-17T22:05:00-07:00,765501_1781759100_H30,773784,Historical Best,13.426153818766275,4,,,True
validation,765501,2026-06-17T22:05:00-07:00,765501_1781759100_H30,763616,Historical Best,14.88143793741862,5,,,True
validation,765501,2026-06-17T22:10:00-07:00,765501_1781759400_H30,773773,Historical Best,11.115965525309244,1,,,True
validation,765501,2026-06-17T22:10:00-07:00,765501_1781759400_H30,717951,Historical Best,11.115965525309244,2,,,True
validation,765501,2026-06-17T22:10:00-07:00,765501_1781759400_H30,776019,Historical Best,13.027956008911133,3,,,True
validation,765501,2026-06-17T22:10:00-07:00,765501_1781759400_H30,773784,Historical Best,13.426153818766275,4,,,True
validation,765501,2026-06-17T22:10:00-07:00,765501_1781759400_H30,763616,Historical Best,14.88143793741862,5,,,True
validation,765501,2026-06-17T22:15:00-07:00,765501_1781759700_H30,773773,Historical Best,11.115965525309244,1,,,True
validation,765501,2026-06-17T22:15:00-07:00,765501_1781759700_H30,717951,Historical Best,11.115965525309244,2,,,True
validation,765501,2026-06-17T22:15:00-07:00,765501_1781759700_H30,776019,Historical Best,13.027956008911133,3,,,True
validation,765501,2026-06-17T22:15:00-07:00,765501_1781759700_H30,773784,Historical Best,13.426153818766275,4,,,True
validation,765501,2026-06-17T22:15:00-07:00,765501_1781759700_H30,763616,Historical Best,14.88143793741862,5,,,True
validation,765501,2026-06-17T22:20:00-07:00,765501_1781760000_H30,773773,Historical Best,11.115965525309244,1,,,True
validation,765501,2026-06-17T22:20:00-07:00,765501_1781760000_H30,717951,Historical Best,11.115965525309244,2,,,True
validation,765501,2026-06-17T22:20:00-07:00,765501_1781760000_H30,776019,Historical Best,13.027956008911133,3,,,True
validation,765501,2026-06-17T22:20:00-07:00,765501_1781760000_H30,773784,Historical Best,13.426153818766275,4,,,True
validation,765501,2026-06-17T22:20:00-07:00,765501_1781760000_H30,763616,Historical Best,14.88143793741862,5,,,True
validation,765501,2026-06-17T22:25:00-07:00,765501_1781760300_H30,773773,Historical Best,11.115965525309244,1,,,True
validation,765501,2026-06-17T22:25:00-07:00,765501_1781760300_H30,717951,Historical Best,11.115965525309244,2,,,True
validation,765501,2026-06-17T22:25:00-07:00,765501_1781760300_H30,776019,Historical Best,13.027956008911133,3,,,True
validation,765501,2026-06-17T22:25:00-07:00,765501_1781760300_H30,773784,Historical Best,13.426153818766275,4,,,True
validation,765501,2026-06-17T22:25:00-07:00,765501_1781760300_H30,763616,Historical Best,14.88143793741862,5,,,True
validation,765501,2026-06-18T23:30:00-07:00,765501_1781850600_H30,773773,Historical Best,11.115965525309244,1,,,True
validation,765501,2026-06-18T23:30:00-07:00,765501_1781850600_H30,717951,Historical Best,11.115965525309244,2,,,True
validation,765501,2026-06-18T23:30:00-07:00,765501_1781850600_H30,776019,Historical Best,13.027956008911133,3,,,True
validation,765501,2026-06-18T23:30:00-07:00,765501_1781850600_H30,773784,Historical Best,13.426153818766275,4,,,True
validation,765501,2026-06-18T23:30:00-07:00,765501_1781850600_H30,763616,Historical Best,14.88143793741862,5,,,True
validation,765501,2026-06-18T23:35:00-07:00,765501_1781850900_H30,773773,Historical Best,11.115965525309244,1,,,True
validation,765501,2026-06-18T23:35:00-07:00,765501_1781850900_H30,717951,Historical Best,11.115965525309244,2,,,True
validation,765501,2026-06-18T23:35:00-07:00,765501_1781850900_H30,776019,Historical Best,13.027956008911133,3,,,True
validation,765501,2026-06-18T23:35:00-07:00,765501_1781850900_H30,773784,Historical Best,13.426153818766275,4,,,True
validation,765501,2026-06-18T23:35:00-07:00,765501_1781850900_H30,763616,Historical Best,14.88143793741862,5,,,True
validation,765501,2026-06-18T23:40:00-07:00,765501_1781851200_H30,773773,Historical Best,11.115965525309244,1,,,True
validation,765501,2026-06-18T23:40:00-07:00,765501_1781851200_H30,717951,Historical Best,11.115965525309244,2,,,True
validation,765501,2026-06-18T23:40:00-07:00,765501_1781851200_H30,776019,Historical Best,13.027956008911133,3,,,True
validation,765501,2026-06-18T23:40:00-07:00,765501_1781851200_H30,773784,Historical Best,13.426153818766275,4,,,True
validation,765501,2026-06-18T23:40:00-07:00,765501_1781851200_H30,763616,Historical Best,14.88143793741862,5,,,True
validation,765501,2026-06-18T23:45:00-07:00,765501_1781851500_H30,773773,Historical Best,11.115965525309244,1,,,True
validation,765501,2026-06-18T23:45:00-07:00,765501_1781851500_H30,717951,Historical Best,11.115965525309244,2,,,True
validation,765501,2026-06-18T23:45:00-07:00,765501_1781851500_H30,776019,Historical Best,13.027956008911133,3,,,True
validation,765501,2026-06-18T23:45:00-07:00,765501_1781851500_H30,773784,Historical Best,13.426153818766275,4,,,True
validation,765501,2026-06-18T23:45:00-07:00,765501_1781851500_H30,763616,Historical Best,14.88143793741862,5,,,True
validation,765501,2026-06-18T23:50:00-07:00,765501_1781851800_H30,773773,Historical Best,11.115965525309244,1,,,True
validation,765501,2026-06-18T23:50:00-07:00,765501_1781851800_H30,717951,Historical Best,11.115965525309244,2,,,True
validation,765501,2026-06-18T23:50:00-07:00,765501_1781851800_H30,776019,Historical Best,13.027956008911133,3,,,True
validation,765501,2026-06-18T23:50:00-07:00,765501_1781851800_H30,773784,Historical Best,13.426153818766275,4,,,True
validation,765501,2026-06-18T23:50:00-07:00,765501_1781851800_H30,763616,Historical Best,14.88143793741862,5,,,True
validation,765501,2026-06-18T23:55:00-07:00,765501_1781852100_H30,773773,Historical Best,11.115965525309244,1,,,True
validation,765501,2026-06-18T23:55:00-07:00,765501_1781852100_H30,717951,Historical Best,11.115965525309244,2,,,True
validation,765501,2026-06-18T23:55:00-07:00,765501_1781852100_H30,776019,Historical Best,13.027956008911133,3,,,True
validation,765501,2026-06-18T23:55:00-07:00,765501_1781852100_H30,773784,Historical Best,13.426153818766275,4,,,True
validation,765501,2026-06-18T23:55:00-07:00,765501_1781852100_H30,763616,Historical Best,14.88143793741862,5,,,True
validation,765501,2026-06-24T23:30:00-07:00,765501_1782369000_H30,773773,Historical Best,11.115965525309244,1,,,True
validation,765501,2026-06-24T23:30:00-07:00,765501_1782369000_H30,717951,Historical Best,11.115965525309244,2,,,True
validation,765501,2026-06-24T23:30:00-07:00,765501_1782369000_H30,776019,Historical Best,13.027956008911133,3,,,True
validation,765501,2026-06-24T23:30:00-07:00,765501_1782369000_H30,773784,Historical Best,13.426153818766275,4,,,True
validation,765501,2026-06-24T23:30:00-07:00,765501_1782369000_H30,763616,Historical Best,14.88143793741862,5,,,True
validation,765501,2026-06-24T23:35:00-07:00,765501_1782369300_H30,773773,Historical Best,11.115965525309244,1,,,True
validation,765501,2026-06-24T23:35:00-07:00,765501_1782369300_H30,717951,Historical Best,11.115965525309244,2,,,True
validation,765501,2026-06-24T23:35:00-07:00,765501_1782369300_H30,776019,Historical Best,13.027956008911133,3,,,True
validation,765501,2026-06-24T23:35:00-07:00,765501_1782369300_H30,773784,Historical Best,13.426153818766275,4,,,True
validation,765501,2026-06-24T23:35:00-07:00,765501_1782369300_H30,763616,Historical Best,14.88143793741862,5,,,True
validation,765501,2026-06-24T23:40:00-07:00,765501_1782369600_H30,773773,Historical Best,11.115965525309244,1,,,True
validation,765501,2026-06-24T23:40:00-07:00,765501_1782369600_H30,717951,Historical Best,11.115965525309244,2,,,True
validation,765501,2026-06-24T23:40:00-07:00,765501_1782369600_H30,776019,Historical Best,13.027956008911133,3,,,True
validation,765501,2026-06-24T23:40:00-07:00,765501_1782369600_H30,773784,Historical Best,13.426153818766275,4,,,True
validation,765501,2026-06-24T23:40:00-07:00,765501_1782369600_H30,763616,Historical Best,14.88143793741862,5,,,True
validation,765501,2026-06-24T23:45:00-07:00,765501_1782369900_H30,773773,Historical Best,11.115965525309244,1,,,True
validation,765501,2026-06-24T23:45:00-07:00,765501_1782369900_H30,717951,Historical Best,11.115965525309244,2,,,True
validation,765501,2026-06-24T23:45:00-07:00,765501_1782369900_H30,776019,Historical Best,13.027956008911133,3,,,True
validation,765501,2026-06-24T23:45:00-07:00,765501_1782369900_H30,773784,Historical Best,13.426153818766275,4,,,True
validation,765501,2026-06-24T23:45:00-07:00,765501_1782369900_H30,763616,Historical Best,14.88143793741862,5,,,True
validation,765501,2026-06-24T23:50:00-07:00,765501_1782370200_H30,773773,Historical Best,11.115965525309244,1,,,True
validation,765501,2026-06-24T23:50:00-07:00,765501_1782370200_H30,717951,Historical Best,11.115965525309244,2,,,True
validation,765501,2026-06-24T23:50:00-07:00,765501_1782370200_H30,776019,Historical Best,13.027956008911133,3,,,True
validation,765501,2026-06-24T23:50:00-07:00,765501_1782370200_H30,773784,Historical Best,13.426153818766275,4,,,True
validation,765501,2026-06-24T23:50:00-07:00,765501_1782370200_H30,763616,Historical Best,14.88143793741862,5,,,True
validation,765501,2026-06-24T23:55:00-07:00,765501_1782370500_H30,773773,Historical Best,11.115965525309244,1,,,True
validation,765501,2026-06-24T23:55:00-07:00,765501_1782370500_H30,717951,Historical Best,11.115965525309244,2,,,True
validation,765501,2026-06-24T23:55:00-07:00,765501_1782370500_H30,776019,Historical Best,13.027956008911133,3,,,True
validation,765501,2026-06-24T23:55:00-07:00,765501_1782370500_H30,773784,Historical Best,13.426153818766275,4,,,True
validation,765501,2026-06-24T23:55:00-07:00,765501_1782370500_H30,763616,Historical Best,14.88143793741862,5,,,True
validation,765501,2026-06-27T23:30:00-07:00,765501_1782628200_H30,773773,Historical Best,11.115965525309244,1,,,True
validation,765501,2026-06-27T23:30:00-07:00,765501_1782628200_H30,717951,Historical Best,11.115965525309244,2,,,True
validation,765501,2026-06-27T23:30:00-07:00,765501_1782628200_H30,776019,Historical Best,13.027956008911133,3,,,True
validation,765501,2026-06-27T23:30:00-07:00,765501_1782628200_H30,773784,Historical Best,13.426153818766275,4,,,True
validation,765501,2026-06-27T23:30:00-07:00,765501_1782628200_H30,763616,Historical Best,14.88143793741862,5,,,True
validation,765501,2026-06-27T23:35:00-07:00,765501_1782628500_H30,773773,Historical Best,11.115965525309244,1,,,True
validation,765501,2026-06-27T23:35:00-07:00,765501_1782628500_H30,717951,Historical Best,11.115965525309244,2,,,True
validation,765501,2026-06-27T23:35:00-07:00,765501_1782628500_H30,776019,Historical Best,13.027956008911133,3,,,True
validation,765501,2026-06-27T23:35:00-07:00,765501_1782628500_H30,773784,Historical Best,13.426153818766275,4,,,True
validation,765501,2026-06-27T23:35:00-07:00,765501_1782628500_H30,763616,Historical Best,14.88143793741862,5,,,True
validation,765501,2026-06-27T23:40:00-07:00,765501_1782628800_H30,773773,Historical Best,11.115965525309244,1,,,True
validation,765501,2026-06-27T23:40:00-07:00,765501_1782628800_H30,717951,Historical Best,11.115965525309244,2,,,True
validation,765501,2026-06-27T23:40:00-07:00,765501_1782628800_H30,776019,Historical Best,13.027956008911133,3,,,True
validation,765501,2026-06-27T23:40:00-07:00,765501_1782628800_H30,773784,Historical Best,13.426153818766275,4,,,True
validation,765501,2026-06-27T23:40:00-07:00,765501_1782628800_H30,763616,Historical Best,14.88143793741862,5,,,True
validation,765501,2026-06-27T23:45:00-07:00,765501_1782629100_H30,773773,Historical Best,11.115965525309244,1,,,True
validation,765501,2026-06-27T23:45:00-07:00,765501_1782629100_H30,717951,Historical Best,11.115965525309244,2,,,True
validation,765501,2026-06-27T23:45:00-07:00,765501_1782629100_H30,776019,Historical Best,13.027956008911133,3,,,True
validation,765501,2026-06-27T23:45:00-07:00,765501_1782629100_H30,773784,Historical Best,13.426153818766275,4,,,True
validation,765501,2026-06-27T23:45:00-07:00,765501_1782629100_H30,763616,Historical Best,14.88143793741862,5,,,True
validation,765501,2026-06-27T23:50:00-07:00,765501_1782629400_H30,773773,Historical Best,11.115965525309244,1,,,True
validation,765501,2026-06-27T23:50:00-07:00,765501_1782629400_H30,717951,Historical Best,11.115965525309244,2,,,True
validation,765501,2026-06-27T23:50:00-07:00,765501_1782629400_H30,776019,Historical Best,13.027956008911133,3,,,True
validation,765501,2026-06-27T23:50:00-07:00,765501_1782629400_H30,773784,Historical Best,13.426153818766275,4,,,True
validation,765501,2026-06-27T23:50:00-07:00,765501_1782629400_H30,763616,Historical Best,14.88143793741862,5,,,True
validation,765501,2026-06-27T23:55:00-07:00,765501_1782629700_H30,773773,Historical Best,11.115965525309244,1,,,True
validation,765501,2026-06-27T23:55:00-07:00,765501_1782629700_H30,717951,Historical Best,11.115965525309244,2,,,True
validation,765501,2026-06-27T23:55:00-07:00,765501_1782629700_H30,776019,Historical Best,13.027956008911133,3,,,True
validation,765501,2026-06-27T23:55:00-07:00,765501_1782629700_H30,773784,Historical Best,13.426153818766275,4,,,True
validation,765501,2026-06-27T23:55:00-07:00,765501_1782629700_H30,763616,Historical Best,14.88143793741862,5,,,True
validation,769895,2026-06-03T17:30:00-07:00,769895_1780533000_H30,769866,Historical Best,2.694333922188237,1,,,True
validation,769895,2026-06-03T17:30:00-07:00,769895_1780533000_H30,770385,Historical Best,3.895452319451098,2,,,True
validation,769895,2026-06-03T17:30:00-07:00,769895_1780533000_H30,769880,Historical Best,3.9455228841529704,3,,,True
validation,769895,2026-06-03T17:30:00-07:00,769895_1780533000_H30,769847,Historical Best,5.692049494329488,4,,,True
validation,769895,2026-06-03T17:30:00-07:00,769895_1780533000_H30,770116,Historical Best,5.8404448167333065,5,,,True
validation,769895,2026-06-03T17:35:00-07:00,769895_1780533300_H30,769866,Historical Best,2.694333922188237,1,,,True
validation,769895,2026-06-03T17:35:00-07:00,769895_1780533300_H30,770385,Historical Best,3.895452319451098,2,,,True
validation,769895,2026-06-03T17:35:00-07:00,769895_1780533300_H30,769880,Historical Best,3.9455228841529704,3,,,True
validation,769895,2026-06-03T17:35:00-07:00,769895_1780533300_H30,769847,Historical Best,5.692049494329488,4,,,True
validation,769895,2026-06-03T17:35:00-07:00,769895_1780533300_H30,770116,Historical Best,5.8404448167333065,5,,,True
validation,769895,2026-06-03T17:40:00-07:00,769895_1780533600_H30,769866,Historical Best,2.694333922188237,1,,,True
validation,769895,2026-06-03T17:40:00-07:00,769895_1780533600_H30,770385,Historical Best,3.895452319451098,2,,,True
validation,769895,2026-06-03T17:40:00-07:00,769895_1780533600_H30,769880,Historical Best,3.9455228841529704,3,,,True
validation,769895,2026-06-03T17:40:00-07:00,769895_1780533600_H30,769847,Historical Best,5.692049494329488,4,,,True
validation,769895,2026-06-03T17:40:00-07:00,769895_1780533600_H30,770116,Historical Best,5.8404448167333065,5,,,True
validation,769895,2026-06-03T17:45:00-07:00,769895_1780533900_H30,769866,Historical Best,2.694333922188237,1,,,True
validation,769895,2026-06-03T17:45:00-07:00,769895_1780533900_H30,770385,Historical Best,3.895452319451098,2,,,True
validation,769895,2026-06-03T17:45:00-07:00,769895_1780533900_H30,769880,Historical Best,3.9455228841529704,3,,,True
validation,769895,2026-06-03T17:45:00-07:00,769895_1780533900_H30,769847,Historical Best,5.692049494329488,4,,,True
validation,769895,2026-06-03T17:45:00-07:00,769895_1780533900_H30,770116,Historical Best,5.8404448167333065,5,,,True
validation,769895,2026-06-03T17:50:00-07:00,769895_1780534200_H30,769866,Historical Best,2.694333922188237,1,,,True
validation,769895,2026-06-03T17:50:00-07:00,769895_1780534200_H30,770385,Historical Best,3.895452319451098,2,,,True
validation,769895,2026-06-03T17:50:00-07:00,769895_1780534200_H30,769880,Historical Best,3.9455228841529704,3,,,True
validation,769895,2026-06-03T17:50:00-07:00,769895_1780534200_H30,769847,Historical Best,5.692049494329488,4,,,True
validation,769895,2026-06-03T17:50:00-07:00,769895_1780534200_H30,770116,Historical Best,5.8404448167333065,5,,,True
validation,769895,2026-06-03T17:55:00-07:00,769895_1780534500_H30,769866,Historical Best,2.694333922188237,1,,,True
validation,769895,2026-06-03T17:55:00-07:00,769895_1780534500_H30,770385,Historical Best,3.895452319451098,2,,,True
validation,769895,2026-06-03T17:55:00-07:00,769895_1780534500_H30,769880,Historical Best,3.9455228841529704,3,,,True
validation,769895,2026-06-03T17:55:00-07:00,769895_1780534500_H30,769847,Historical Best,5.692049494329488,4,,,True
validation,769895,2026-06-03T17:55:00-07:00,769895_1780534500_H30,770116,Historical Best,5.8404448167333065,5,,,True
validation,769895,2026-06-04T23:30:00-07:00,769895_1780641000_H30,769866,Historical Best,2.694333922188237,1,,,True
validation,769895,2026-06-04T23:30:00-07:00,769895_1780641000_H30,770385,Historical Best,3.895452319451098,2,,,True
validation,769895,2026-06-04T23:30:00-07:00,769895_1780641000_H30,769880,Historical Best,3.9455228841529704,3,,,True
validation,769895,2026-06-04T23:30:00-07:00,769895_1780641000_H30,769847,Historical Best,5.692049494329488,4,,,True
validation,769895,2026-06-04T23:30:00-07:00,769895_1780641000_H30,770116,Historical Best,5.8404448167333065,5,,,True
validation,769895,2026-06-04T23:35:00-07:00,769895_1780641300_H30,769866,Historical Best,2.694333922188237,1,,,True
validation,769895,2026-06-04T23:35:00-07:00,769895_1780641300_H30,770385,Historical Best,3.895452319451098,2,,,True
validation,769895,2026-06-04T23:35:00-07:00,769895_1780641300_H30,769880,Historical Best,3.9455228841529704,3,,,True
validation,769895,2026-06-04T23:35:00-07:00,769895_1780641300_H30,769847,Historical Best,5.692049494329488,4,,,True
validation,769895,2026-06-04T23:35:00-07:00,769895_1780641300_H30,770116,Historical Best,5.8404448167333065,5,,,True
validation,769895,2026-06-04T23:40:00-07:00,769895_1780641600_H30,769866,Historical Best,2.694333922188237,1,,,True
validation,769895,2026-06-04T23:40:00-07:00,769895_1780641600_H30,770385,Historical Best,3.895452319451098,2,,,True
validation,769895,2026-06-04T23:40:00-07:00,769895_1780641600_H30,769880,Historical Best,3.9455228841529704,3,,,True
validation,769895,2026-06-04T23:40:00-07:00,769895_1780641600_H30,769847,Historical Best,5.692049494329488,4,,,True
validation,769895,2026-06-04T23:40:00-07:00,769895_1780641600_H30,770116,Historical Best,5.8404448167333065,5,,,True
validation,769895,2026-06-04T23:45:00-07:00,769895_1780641900_H30,769866,Historical Best,2.694333922188237,1,,,True
validation,769895,2026-06-04T23:45:00-07:00,769895_1780641900_H30,770385,Historical Best,3.895452319451098,2,,,True
validation,769895,2026-06-04T23:45:00-07:00,769895_1780641900_H30,769880,Historical Best,3.9455228841529704,3,,,True
validation,769895,2026-06-04T23:45:00-07:00,769895_1780641900_H30,769847,Historical Best,5.692049494329488,4,,,True
validation,769895,2026-06-04T23:45:00-07:00,769895_1780641900_H30,770116,Historical Best,5.8404448167333065,5,,,True
validation,769895,2026-06-04T23:50:00-07:00,769895_1780642200_H30,769866,Historical Best,2.694333922188237,1,,,True
validation,769895,2026-06-04T23:50:00-07:00,769895_1780642200_H30,770385,Historical Best,3.895452319451098,2,,,True
validation,769895,2026-06-04T23:50:00-07:00,769895_1780642200_H30,769880,Historical Best,3.9455228841529704,3,,,True
validation,769895,2026-06-04T23:50:00-07:00,769895_1780642200_H30,769847,Historical Best,5.692049494329488,4,,,True
validation,769895,2026-06-04T23:50:00-07:00,769895_1780642200_H30,770116,Historical Best,5.8404448167333065,5,,,True
validation,769895,2026-06-04T23:55:00-07:00,769895_1780642500_H30,769866,Historical Best,2.694333922188237,1,,,True
validation,769895,2026-06-04T23:55:00-07:00,769895_1780642500_H30,770385,Historical Best,3.895452319451098,2,,,True
validation,769895,2026-06-04T23:55:00-07:00,769895_1780642500_H30,769880,Historical Best,3.9455228841529704,3,,,True
validation,769895,2026-06-04T23:55:00-07:00,769895_1780642500_H30,769847,Historical Best,5.692049494329488,4,,,True
validation,769895,2026-06-04T23:55:00-07:00,769895_1780642500_H30,770116,Historical Best,5.8404448167333065,5,,,True
validation,769895,2026-06-06T07:20:00-07:00,769895_1780755600_H30,769866,Historical Best,2.694333922188237,1,,,True
validation,769895,2026-06-06T07:20:00-07:00,769895_1780755600_H30,770385,Historical Best,3.895452319451098,2,,,True
validation,769895,2026-06-06T07:20:00-07:00,769895_1780755600_H30,769880,Historical Best,3.9455228841529704,3,,,True
validation,769895,2026-06-06T07:20:00-07:00,769895_1780755600_H30,769847,Historical Best,5.692049494329488,4,,,True
validation,769895,2026-06-06T07:20:00-07:00,769895_1780755600_H30,770116,Historical Best,5.8404448167333065,5,,,True
validation,769895,2026-06-06T07:25:00-07:00,769895_1780755900_H30,769866,Historical Best,2.694333922188237,1,,,True
validation,769895,2026-06-06T07:25:00-07:00,769895_1780755900_H30,770385,Historical Best,3.895452319451098,2,,,True
validation,769895,2026-06-06T07:25:00-07:00,769895_1780755900_H30,769880,Historical Best,3.9455228841529704,3,,,True
validation,769895,2026-06-06T07:25:00-07:00,769895_1780755900_H30,769847,Historical Best,5.692049494329488,4,,,True
validation,769895,2026-06-06T07:25:00-07:00,769895_1780755900_H30,770116,Historical Best,5.8404448167333065,5,,,True
validation,769895,2026-06-06T07:30:00-07:00,769895_1780756200_H30,769866,Historical Best,2.694333922188237,1,,,True
validation,769895,2026-06-06T07:30:00-07:00,769895_1780756200_H30,770385,Historical Best,3.895452319451098,2,,,True
validation,769895,2026-06-06T07:30:00-07:00,769895_1780756200_H30,769880,Historical Best,3.9455228841529704,3,,,True
validation,769895,2026-06-06T07:30:00-07:00,769895_1780756200_H30,769847,Historical Best,5.692049494329488,4,,,True
validation,769895,2026-06-06T07:30:00-07:00,769895_1780756200_H30,770116,Historical Best,5.8404448167333065,5,,,True
validation,769895,2026-06-06T07:35:00-07:00,769895_1780756500_H30,769866,Historical Best,2.694333922188237,1,,,True
validation,769895,2026-06-06T07:35:00-07:00,769895_1780756500_H30,770385,Historical Best,3.895452319451098,2,,,True
validation,769895,2026-06-06T07:35:00-07:00,769895_1780756500_H30,769880,Historical Best,3.9455228841529704,3,,,True
validation,769895,2026-06-06T07:35:00-07:00,769895_1780756500_H30,769847,Historical Best,5.692049494329488,4,,,True
validation,769895,2026-06-06T07:35:00-07:00,769895_1780756500_H30,770116,Historical Best,5.8404448167333065,5,,,True
validation,769895,2026-06-06T07:40:00-07:00,769895_1780756800_H30,769866,Historical Best,2.694333922188237,1,,,True
validation,769895,2026-06-06T07:40:00-07:00,769895_1780756800_H30,770385,Historical Best,3.895452319451098,2,,,True
validation,769895,2026-06-06T07:40:00-07:00,769895_1780756800_H30,769880,Historical Best,3.9455228841529704,3,,,True
validation,769895,2026-06-06T07:40:00-07:00,769895_1780756800_H30,769847,Historical Best,5.692049494329488,4,,,True
validation,769895,2026-06-06T07:40:00-07:00,769895_1780756800_H30,770116,Historical Best,5.8404448167333065,5,,,True
validation,769895,2026-06-06T07:45:00-07:00,769895_1780757100_H30,769866,Historical Best,2.694333922188237,1,,,True
validation,769895,2026-06-06T07:45:00-07:00,769895_1780757100_H30,770385,Historical Best,3.895452319451098,2,,,True
validation,769895,2026-06-06T07:45:00-07:00,769895_1780757100_H30,769880,Historical Best,3.9455228841529704,3,,,True
validation,769895,2026-06-06T07:45:00-07:00,769895_1780757100_H30,769847,Historical Best,5.692049494329488,4,,,True
validation,769895,2026-06-06T07:45:00-07:00,769895_1780757100_H30,770116,Historical Best,5.8404448167333065,5,,,True
validation,769895,2026-06-12T23:30:00-07:00,769895_1781332200_H30,769866,Historical Best,2.694333922188237,1,,,True
validation,769895,2026-06-12T23:30:00-07:00,769895_1781332200_H30,770385,Historical Best,3.895452319451098,2,,,True
validation,769895,2026-06-12T23:30:00-07:00,769895_1781332200_H30,769880,Historical Best,3.9455228841529704,3,,,True
validation,769895,2026-06-12T23:30:00-07:00,769895_1781332200_H30,769847,Historical Best,5.692049494329488,4,,,True
validation,769895,2026-06-12T23:30:00-07:00,769895_1781332200_H30,770116,Historical Best,5.8404448167333065,5,,,True
validation,769895,2026-06-12T23:35:00-07:00,769895_1781332500_H30,769866,Historical Best,2.694333922188237,1,,,True
validation,769895,2026-06-12T23:35:00-07:00,769895_1781332500_H30,770385,Historical Best,3.895452319451098,2,,,True
validation,769895,2026-06-12T23:35:00-07:00,769895_1781332500_H30,769880,Historical Best,3.9455228841529704,3,,,True
validation,769895,2026-06-12T23:35:00-07:00,769895_1781332500_H30,769847,Historical Best,5.692049494329488,4,,,True
validation,769895,2026-06-12T23:35:00-07:00,769895_1781332500_H30,770116,Historical Best,5.8404448167333065,5,,,True
validation,769895,2026-06-12T23:40:00-07:00,769895_1781332800_H30,769866,Historical Best,2.694333922188237,1,,,True
validation,769895,2026-06-12T23:40:00-07:00,769895_1781332800_H30,770385,Historical Best,3.895452319451098,2,,,True
validation,769895,2026-06-12T23:40:00-07:00,769895_1781332800_H30,769880,Historical Best,3.9455228841529704,3,,,True
validation,769895,2026-06-12T23:40:00-07:00,769895_1781332800_H30,769847,Historical Best,5.692049494329488,4,,,True
validation,769895,2026-06-12T23:40:00-07:00,769895_1781332800_H30,770116,Historical Best,5.8404448167333065,5,,,True
validation,769895,2026-06-12T23:45:00-07:00,769895_1781333100_H30,769866,Historical Best,2.694333922188237,1,,,True
validation,769895,2026-06-12T23:45:00-07:00,769895_1781333100_H30,770385,Historical Best,3.895452319451098,2,,,True
validation,769895,2026-06-12T23:45:00-07:00,769895_1781333100_H30,769880,Historical Best,3.9455228841529704,3,,,True
validation,769895,2026-06-12T23:45:00-07:00,769895_1781333100_H30,769847,Historical Best,5.692049494329488,4,,,True
validation,769895,2026-06-12T23:45:00-07:00,769895_1781333100_H30,770116,Historical Best,5.8404448167333065,5,,,True
validation,769895,2026-06-12T23:50:00-07:00,769895_1781333400_H30,769866,Historical Best,2.694333922188237,1,,,True
validation,769895,2026-06-12T23:50:00-07:00,769895_1781333400_H30,770385,Historical Best,3.895452319451098,2,,,True
validation,769895,2026-06-12T23:50:00-07:00,769895_1781333400_H30,769880,Historical Best,3.9455228841529704,3,,,True
validation,769895,2026-06-12T23:50:00-07:00,769895_1781333400_H30,769847,Historical Best,5.692049494329488,4,,,True
validation,769895,2026-06-12T23:50:00-07:00,769895_1781333400_H30,770116,Historical Best,5.8404448167333065,5,,,True
validation,769895,2026-06-12T23:55:00-07:00,769895_1781333700_H30,769866,Historical Best,2.694333922188237,1,,,True
validation,769895,2026-06-12T23:55:00-07:00,769895_1781333700_H30,770385,Historical Best,3.895452319451098,2,,,True
validation,769895,2026-06-12T23:55:00-07:00,769895_1781333700_H30,769880,Historical Best,3.9455228841529704,3,,,True
validation,769895,2026-06-12T23:55:00-07:00,769895_1781333700_H30,769847,Historical Best,5.692049494329488,4,,,True
validation,769895,2026-06-12T23:55:00-07:00,769895_1781333700_H30,770116,Historical Best,5.8404448167333065,5,,,True
validation,769895,2026-06-17T11:15:00-07:00,769895_1781720100_H30,769866,Historical Best,2.694333922188237,1,,,True
validation,769895,2026-06-17T11:15:00-07:00,769895_1781720100_H30,770385,Historical Best,3.895452319451098,2,,,True
validation,769895,2026-06-17T11:15:00-07:00,769895_1781720100_H30,769880,Historical Best,3.9455228841529704,3,,,True
validation,769895,2026-06-17T11:15:00-07:00,769895_1781720100_H30,769847,Historical Best,5.692049494329488,4,,,True
validation,769895,2026-06-17T11:15:00-07:00,769895_1781720100_H30,770116,Historical Best,5.8404448167333065,5,,,True
validation,769965,2026-06-03T17:30:00-07:00,769965_1780533000_H30,770141,Historical Best,2.2873358590262276,1,,,True
validation,769965,2026-06-03T17:30:00-07:00,769965_1780533000_H30,770129,Historical Best,2.321662357875279,2,,,True
validation,769965,2026-06-03T17:30:00-07:00,769965_1780533000_H30,769911,Historical Best,3.169237518310547,3,,,True
validation,769965,2026-06-03T17:30:00-07:00,769965_1780533000_H30,769867,Historical Best,3.2658491952078683,4,,,True
validation,769965,2026-06-03T17:30:00-07:00,769965_1780533000_H30,769926,Historical Best,4.202133287702288,5,,,True
validation,769965,2026-06-03T17:35:00-07:00,769965_1780533300_H30,770141,Historical Best,2.2873358590262276,1,,,True
validation,769965,2026-06-03T17:35:00-07:00,769965_1780533300_H30,770129,Historical Best,2.321662357875279,2,,,True
validation,769965,2026-06-03T17:35:00-07:00,769965_1780533300_H30,769911,Historical Best,3.169237518310547,3,,,True
validation,769965,2026-06-03T17:35:00-07:00,769965_1780533300_H30,769867,Historical Best,3.2658491952078683,4,,,True
validation,769965,2026-06-03T17:35:00-07:00,769965_1780533300_H30,769926,Historical Best,4.202133287702288,5,,,True
validation,769965,2026-06-03T17:40:00-07:00,769965_1780533600_H30,770141,Historical Best,2.2873358590262276,1,,,True
validation,769965,2026-06-03T17:40:00-07:00,769965_1780533600_H30,770129,Historical Best,2.321662357875279,2,,,True
validation,769965,2026-06-03T17:40:00-07:00,769965_1780533600_H30,769911,Historical Best,3.169237518310547,3,,,True
validation,769965,2026-06-03T17:40:00-07:00,769965_1780533600_H30,769867,Historical Best,3.2658491952078683,4,,,True
validation,769965,2026-06-03T17:40:00-07:00,769965_1780533600_H30,769926,Historical Best,4.202133287702288,5,,,True
validation,769965,2026-06-03T17:45:00-07:00,769965_1780533900_H30,770141,Historical Best,2.2873358590262276,1,,,True
validation,769965,2026-06-03T17:45:00-07:00,769965_1780533900_H30,770129,Historical Best,2.321662357875279,2,,,True
validation,769965,2026-06-03T17:45:00-07:00,769965_1780533900_H30,769911,Historical Best,3.169237518310547,3,,,True
validation,769965,2026-06-03T17:45:00-07:00,769965_1780533900_H30,769867,Historical Best,3.2658491952078683,4,,,True
validation,769965,2026-06-03T17:45:00-07:00,769965_1780533900_H30,769926,Historical Best,4.202133287702288,5,,,True
validation,769965,2026-06-03T17:50:00-07:00,769965_1780534200_H30,770141,Historical Best,2.2873358590262276,1,,,True
validation,769965,2026-06-03T17:50:00-07:00,769965_1780534200_H30,770129,Historical Best,2.321662357875279,2,,,True
validation,769965,2026-06-03T17:50:00-07:00,769965_1780534200_H30,769911,Historical Best,3.169237518310547,3,,,True
validation,769965,2026-06-03T17:50:00-07:00,769965_1780534200_H30,769867,Historical Best,3.2658491952078683,4,,,True
validation,769965,2026-06-03T17:50:00-07:00,769965_1780534200_H30,769926,Historical Best,4.202133287702288,5,,,True
validation,769965,2026-06-03T17:55:00-07:00,769965_1780534500_H30,770141,Historical Best,2.2873358590262276,1,,,True
validation,769965,2026-06-03T17:55:00-07:00,769965_1780534500_H30,770129,Historical Best,2.321662357875279,2,,,True
validation,769965,2026-06-03T17:55:00-07:00,769965_1780534500_H30,769911,Historical Best,3.169237518310547,3,,,True
validation,769965,2026-06-03T17:55:00-07:00,769965_1780534500_H30,769867,Historical Best,3.2658491952078683,4,,,True
validation,769965,2026-06-03T17:55:00-07:00,769965_1780534500_H30,769926,Historical Best,4.202133287702288,5,,,True
validation,769965,2026-06-04T23:30:00-07:00,769965_1780641000_H30,770141,Historical Best,2.2873358590262276,1,,,True
validation,769965,2026-06-04T23:30:00-07:00,769965_1780641000_H30,770129,Historical Best,2.321662357875279,2,,,True
validation,769965,2026-06-04T23:30:00-07:00,769965_1780641000_H30,769911,Historical Best,3.169237518310547,3,,,True
validation,769965,2026-06-04T23:30:00-07:00,769965_1780641000_H30,769867,Historical Best,3.2658491952078683,4,,,True
validation,769965,2026-06-04T23:30:00-07:00,769965_1780641000_H30,769926,Historical Best,4.202133287702288,5,,,True
validation,769965,2026-06-04T23:35:00-07:00,769965_1780641300_H30,770141,Historical Best,2.2873358590262276,1,,,True
validation,769965,2026-06-04T23:35:00-07:00,769965_1780641300_H30,770129,Historical Best,2.321662357875279,2,,,True
validation,769965,2026-06-04T23:35:00-07:00,769965_1780641300_H30,769911,Historical Best,3.169237518310547,3,,,True
validation,769965,2026-06-04T23:35:00-07:00,769965_1780641300_H30,769867,Historical Best,3.2658491952078683,4,,,True
validation,769965,2026-06-04T23:35:00-07:00,769965_1780641300_H30,769926,Historical Best,4.202133287702288,5,,,True
validation,769965,2026-06-04T23:40:00-07:00,769965_1780641600_H30,770141,Historical Best,2.2873358590262276,1,,,True
validation,769965,2026-06-04T23:40:00-07:00,769965_1780641600_H30,770129,Historical Best,2.321662357875279,2,,,True
validation,769965,2026-06-04T23:40:00-07:00,769965_1780641600_H30,769911,Historical Best,3.169237518310547,3,,,True
validation,769965,2026-06-04T23:40:00-07:00,769965_1780641600_H30,769867,Historical Best,3.2658491952078683,4,,,True
validation,769965,2026-06-04T23:40:00-07:00,769965_1780641600_H30,769926,Historical Best,4.202133287702288,5,,,True
validation,769965,2026-06-04T23:45:00-07:00,769965_1780641900_H30,770141,Historical Best,2.2873358590262276,1,,,True
validation,769965,2026-06-04T23:45:00-07:00,769965_1780641900_H30,770129,Historical Best,2.321662357875279,2,,,True
validation,769965,2026-06-04T23:45:00-07:00,769965_1780641900_H30,769911,Historical Best,3.169237518310547,3,,,True
validation,769965,2026-06-04T23:45:00-07:00,769965_1780641900_H30,769867,Historical Best,3.2658491952078683,4,,,True
validation,769965,2026-06-04T23:45:00-07:00,769965_1780641900_H30,769926,Historical Best,4.202133287702288,5,,,True
validation,769965,2026-06-04T23:50:00-07:00,769965_1780642200_H30,770141,Historical Best,2.2873358590262276,1,,,True
validation,769965,2026-06-04T23:50:00-07:00,769965_1780642200_H30,770129,Historical Best,2.321662357875279,2,,,True
validation,769965,2026-06-04T23:50:00-07:00,769965_1780642200_H30,769911,Historical Best,3.169237518310547,3,,,True
validation,769965,2026-06-04T23:50:00-07:00,769965_1780642200_H30,769867,Historical Best,3.2658491952078683,4,,,True
validation,769965,2026-06-04T23:50:00-07:00,769965_1780642200_H30,769926,Historical Best,4.202133287702288,5,,,True
validation,769965,2026-06-04T23:55:00-07:00,769965_1780642500_H30,770141,Historical Best,2.2873358590262276,1,,,True
validation,769965,2026-06-04T23:55:00-07:00,769965_1780642500_H30,770129,Historical Best,2.321662357875279,2,,,True
validation,769965,2026-06-04T23:55:00-07:00,769965_1780642500_H30,769911,Historical Best,3.169237518310547,3,,,True
validation,769965,2026-06-04T23:55:00-07:00,769965_1780642500_H30,769867,Historical Best,3.2658491952078683,4,,,True
validation,769965,2026-06-04T23:55:00-07:00,769965_1780642500_H30,769926,Historical Best,4.202133287702288,5,,,True
validation,769965,2026-06-06T07:20:00-07:00,769965_1780755600_H30,770141,Historical Best,2.2873358590262276,1,,,True
validation,769965,2026-06-06T07:20:00-07:00,769965_1780755600_H30,770129,Historical Best,2.321662357875279,2,,,True
validation,769965,2026-06-06T07:20:00-07:00,769965_1780755600_H30,769911,Historical Best,3.169237518310547,3,,,True
validation,769965,2026-06-06T07:20:00-07:00,769965_1780755600_H30,769867,Historical Best,3.2658491952078683,4,,,True
validation,769965,2026-06-06T07:20:00-07:00,769965_1780755600_H30,769926,Historical Best,4.202133287702288,5,,,True
validation,769965,2026-06-06T07:25:00-07:00,769965_1780755900_H30,770141,Historical Best,2.2873358590262276,1,,,True
validation,769965,2026-06-06T07:25:00-07:00,769965_1780755900_H30,770129,Historical Best,2.321662357875279,2,,,True
validation,769965,2026-06-06T07:25:00-07:00,769965_1780755900_H30,769911,Historical Best,3.169237518310547,3,,,True
validation,769965,2026-06-06T07:25:00-07:00,769965_1780755900_H30,769867,Historical Best,3.2658491952078683,4,,,True
validation,769965,2026-06-06T07:25:00-07:00,769965_1780755900_H30,769926,Historical Best,4.202133287702288,5,,,True
validation,769965,2026-06-06T07:30:00-07:00,769965_1780756200_H30,770141,Historical Best,2.2873358590262276,1,,,True
validation,769965,2026-06-06T07:30:00-07:00,769965_1780756200_H30,770129,Historical Best,2.321662357875279,2,,,True
validation,769965,2026-06-06T07:30:00-07:00,769965_1780756200_H30,769911,Historical Best,3.169237518310547,3,,,True
validation,769965,2026-06-06T07:30:00-07:00,769965_1780756200_H30,769867,Historical Best,3.2658491952078683,4,,,True
validation,769965,2026-06-06T07:30:00-07:00,769965_1780756200_H30,769926,Historical Best,4.202133287702288,5,,,True
validation,769965,2026-06-06T07:35:00-07:00,769965_1780756500_H30,770141,Historical Best,2.2873358590262276,1,,,True
validation,769965,2026-06-06T07:35:00-07:00,769965_1780756500_H30,770129,Historical Best,2.321662357875279,2,,,True
validation,769965,2026-06-06T07:35:00-07:00,769965_1780756500_H30,769911,Historical Best,3.169237518310547,3,,,True
validation,769965,2026-06-06T07:35:00-07:00,769965_1780756500_H30,769867,Historical Best,3.2658491952078683,4,,,True
validation,769965,2026-06-06T07:35:00-07:00,769965_1780756500_H30,769926,Historical Best,4.202133287702288,5,,,True
validation,769965,2026-06-06T07:40:00-07:00,769965_1780756800_H30,770141,Historical Best,2.2873358590262276,1,,,True
validation,769965,2026-06-06T07:40:00-07:00,769965_1780756800_H30,770129,Historical Best,2.321662357875279,2,,,True
validation,769965,2026-06-06T07:40:00-07:00,769965_1780756800_H30,769911,Historical Best,3.169237518310547,3,,,True
validation,769965,2026-06-06T07:40:00-07:00,769965_1780756800_H30,769867,Historical Best,3.2658491952078683,4,,,True
validation,769965,2026-06-06T07:40:00-07:00,769965_1780756800_H30,769926,Historical Best,4.202133287702288,5,,,True
validation,769965,2026-06-06T07:45:00-07:00,769965_1780757100_H30,770141,Historical Best,2.2873358590262276,1,,,True
validation,769965,2026-06-06T07:45:00-07:00,769965_1780757100_H30,770129,Historical Best,2.321662357875279,2,,,True
validation,769965,2026-06-06T07:45:00-07:00,769965_1780757100_H30,769911,Historical Best,3.169237518310547,3,,,True
validation,769965,2026-06-06T07:45:00-07:00,769965_1780757100_H30,769867,Historical Best,3.2658491952078683,4,,,True
validation,769965,2026-06-06T07:45:00-07:00,769965_1780757100_H30,769926,Historical Best,4.202133287702288,5,,,True
validation,769965,2026-06-12T23:30:00-07:00,769965_1781332200_H30,770141,Historical Best,2.2873358590262276,1,,,True
validation,769965,2026-06-12T23:30:00-07:00,769965_1781332200_H30,770129,Historical Best,2.321662357875279,2,,,True
validation,769965,2026-06-12T23:30:00-07:00,769965_1781332200_H30,769911,Historical Best,3.169237518310547,3,,,True
validation,769965,2026-06-12T23:30:00-07:00,769965_1781332200_H30,769867,Historical Best,3.2658491952078683,4,,,True
validation,769965,2026-06-12T23:30:00-07:00,769965_1781332200_H30,769926,Historical Best,4.202133287702288,5,,,True
validation,769965,2026-06-12T23:35:00-07:00,769965_1781332500_H30,770141,Historical Best,2.2873358590262276,1,,,True
validation,769965,2026-06-12T23:35:00-07:00,769965_1781332500_H30,770129,Historical Best,2.321662357875279,2,,,True
validation,769965,2026-06-12T23:35:00-07:00,769965_1781332500_H30,769911,Historical Best,3.169237518310547,3,,,True
validation,769965,2026-06-12T23:35:00-07:00,769965_1781332500_H30,769867,Historical Best,3.2658491952078683,4,,,True
validation,769965,2026-06-12T23:35:00-07:00,769965_1781332500_H30,769926,Historical Best,4.202133287702288,5,,,True
validation,769965,2026-06-12T23:40:00-07:00,769965_1781332800_H30,770141,Historical Best,2.2873358590262276,1,,,True
validation,769965,2026-06-12T23:40:00-07:00,769965_1781332800_H30,770129,Historical Best,2.321662357875279,2,,,True
validation,769965,2026-06-12T23:40:00-07:00,769965_1781332800_H30,769911,Historical Best,3.169237518310547,3,,,True
validation,769965,2026-06-12T23:40:00-07:00,769965_1781332800_H30,769867,Historical Best,3.2658491952078683,4,,,True
validation,769965,2026-06-12T23:40:00-07:00,769965_1781332800_H30,769926,Historical Best,4.202133287702288,5,,,True
validation,769965,2026-06-12T23:45:00-07:00,769965_1781333100_H30,770141,Historical Best,2.2873358590262276,1,,,True
validation,769965,2026-06-12T23:45:00-07:00,769965_1781333100_H30,770129,Historical Best,2.321662357875279,2,,,True
validation,769965,2026-06-12T23:45:00-07:00,769965_1781333100_H30,769911,Historical Best,3.169237518310547,3,,,True
validation,769965,2026-06-12T23:45:00-07:00,769965_1781333100_H30,769867,Historical Best,3.2658491952078683,4,,,True
validation,769965,2026-06-12T23:45:00-07:00,769965_1781333100_H30,769926,Historical Best,4.202133287702288,5,,,True
validation,769965,2026-06-12T23:50:00-07:00,769965_1781333400_H30,770141,Historical Best,2.2873358590262276,1,,,True
validation,769965,2026-06-12T23:50:00-07:00,769965_1781333400_H30,770129,Historical Best,2.321662357875279,2,,,True
validation,769965,2026-06-12T23:50:00-07:00,769965_1781333400_H30,769911,Historical Best,3.169237518310547,3,,,True
validation,769965,2026-06-12T23:50:00-07:00,769965_1781333400_H30,769867,Historical Best,3.2658491952078683,4,,,True
validation,769965,2026-06-12T23:50:00-07:00,769965_1781333400_H30,769926,Historical Best,4.202133287702288,5,,,True
validation,769965,2026-06-12T23:55:00-07:00,769965_1781333700_H30,770141,Historical Best,2.2873358590262276,1,,,True
validation,769965,2026-06-12T23:55:00-07:00,769965_1781333700_H30,770129,Historical Best,2.321662357875279,2,,,True
validation,769965,2026-06-12T23:55:00-07:00,769965_1781333700_H30,769911,Historical Best,3.169237518310547,3,,,True
validation,769965,2026-06-12T23:55:00-07:00,769965_1781333700_H30,769867,Historical Best,3.2658491952078683,4,,,True
validation,769965,2026-06-12T23:55:00-07:00,769965_1781333700_H30,769926,Historical Best,4.202133287702288,5,,,True
validation,769965,2026-06-17T11:15:00-07:00,769965_1781720100_H30,770141,Historical Best,2.2873358590262276,1,,,True
validation,769965,2026-06-17T11:15:00-07:00,769965_1781720100_H30,770129,Historical Best,2.321662357875279,2,,,True
validation,769965,2026-06-17T11:15:00-07:00,769965_1781720100_H30,769911,Historical Best,3.169237518310547,3,,,True
validation,769965,2026-06-17T11:15:00-07:00,769965_1781720100_H30,769867,Historical Best,3.2658491952078683,4,,,True
validation,769965,2026-06-17T11:15:00-07:00,769965_1781720100_H30,769926,Historical Best,4.202133287702288,5,,,True
validation,775511,2026-06-06T23:30:00-07:00,775511_1780813800_H30,764311,Historical Best,1.3345085702291348,1,,,True
validation,775511,2026-06-06T23:30:00-07:00,775511_1780813800_H30,764297,Historical Best,1.8377787520245807,2,,,True
validation,775511,2026-06-06T23:30:00-07:00,775511_1780813800_H30,764283,Historical Best,2.615117273098085,3,,,True
validation,775511,2026-06-06T23:30:00-07:00,775511_1780813800_H30,764322,Historical Best,2.687562877375905,4,,,True
validation,775511,2026-06-06T23:30:00-07:00,775511_1780813800_H30,764290,Historical Best,4.240126688887433,5,,,True
validation,775511,2026-06-06T23:35:00-07:00,775511_1780814100_H30,764311,Historical Best,1.3345085702291348,1,,,True
validation,775511,2026-06-06T23:35:00-07:00,775511_1780814100_H30,764297,Historical Best,1.8377787520245807,2,,,True
validation,775511,2026-06-06T23:35:00-07:00,775511_1780814100_H30,764283,Historical Best,2.615117273098085,3,,,True
validation,775511,2026-06-06T23:35:00-07:00,775511_1780814100_H30,764322,Historical Best,2.687562877375905,4,,,True
validation,775511,2026-06-06T23:35:00-07:00,775511_1780814100_H30,764290,Historical Best,4.240126688887433,5,,,True
validation,775511,2026-06-06T23:40:00-07:00,775511_1780814400_H30,764311,Historical Best,1.3345085702291348,1,,,True
validation,775511,2026-06-06T23:40:00-07:00,775511_1780814400_H30,764297,Historical Best,1.8377787520245807,2,,,True
validation,775511,2026-06-06T23:40:00-07:00,775511_1780814400_H30,764283,Historical Best,2.615117273098085,3,,,True
validation,775511,2026-06-06T23:40:00-07:00,775511_1780814400_H30,764322,Historical Best,2.687562877375905,4,,,True
validation,775511,2026-06-06T23:40:00-07:00,775511_1780814400_H30,764290,Historical Best,4.240126688887433,5,,,True
validation,775511,2026-06-06T23:45:00-07:00,775511_1780814700_H30,764311,Historical Best,1.3345085702291348,1,,,True
validation,775511,2026-06-06T23:45:00-07:00,775511_1780814700_H30,764297,Historical Best,1.8377787520245807,2,,,True
validation,775511,2026-06-06T23:45:00-07:00,775511_1780814700_H30,764283,Historical Best,2.615117273098085,3,,,True
validation,775511,2026-06-06T23:45:00-07:00,775511_1780814700_H30,764322,Historical Best,2.687562877375905,4,,,True
validation,775511,2026-06-06T23:45:00-07:00,775511_1780814700_H30,764290,Historical Best,4.240126688887433,5,,,True
validation,775511,2026-06-06T23:50:00-07:00,775511_1780815000_H30,764311,Historical Best,1.3345085702291348,1,,,True
validation,775511,2026-06-06T23:50:00-07:00,775511_1780815000_H30,764297,Historical Best,1.8377787520245807,2,,,True
validation,775511,2026-06-06T23:50:00-07:00,775511_1780815000_H30,764283,Historical Best,2.615117273098085,3,,,True
validation,775511,2026-06-06T23:50:00-07:00,775511_1780815000_H30,764322,Historical Best,2.687562877375905,4,,,True
validation,775511,2026-06-06T23:50:00-07:00,775511_1780815000_H30,764290,Historical Best,4.240126688887433,5,,,True
validation,775511,2026-06-06T23:55:00-07:00,775511_1780815300_H30,764311,Historical Best,1.3345085702291348,1,,,True
validation,775511,2026-06-06T23:55:00-07:00,775511_1780815300_H30,764297,Historical Best,1.8377787520245807,2,,,True
validation,775511,2026-06-06T23:55:00-07:00,775511_1780815300_H30,764283,Historical Best,2.615117273098085,3,,,True
validation,775511,2026-06-06T23:55:00-07:00,775511_1780815300_H30,764322,Historical Best,2.687562877375905,4,,,True
validation,775511,2026-06-06T23:55:00-07:00,775511_1780815300_H30,764290,Historical Best,4.240126688887433,5,,,True
validation,775511,2026-06-08T23:30:00-07:00,775511_1780986600_H30,764311,Historical Best,1.3345085702291348,1,,,True
validation,775511,2026-06-08T23:30:00-07:00,775511_1780986600_H30,764297,Historical Best,1.8377787520245807,2,,,True
validation,775511,2026-06-08T23:30:00-07:00,775511_1780986600_H30,764283,Historical Best,2.615117273098085,3,,,True
validation,775511,2026-06-08T23:30:00-07:00,775511_1780986600_H30,764322,Historical Best,2.687562877375905,4,,,True
validation,775511,2026-06-08T23:30:00-07:00,775511_1780986600_H30,764290,Historical Best,4.240126688887433,5,,,True
validation,775511,2026-06-08T23:35:00-07:00,775511_1780986900_H30,764311,Historical Best,1.3345085702291348,1,,,True
validation,775511,2026-06-08T23:35:00-07:00,775511_1780986900_H30,764297,Historical Best,1.8377787520245807,2,,,True
validation,775511,2026-06-08T23:35:00-07:00,775511_1780986900_H30,764283,Historical Best,2.615117273098085,3,,,True
validation,775511,2026-06-08T23:35:00-07:00,775511_1780986900_H30,764322,Historical Best,2.687562877375905,4,,,True
validation,775511,2026-06-08T23:35:00-07:00,775511_1780986900_H30,764290,Historical Best,4.240126688887433,5,,,True
validation,775511,2026-06-08T23:40:00-07:00,775511_1780987200_H30,764311,Historical Best,1.3345085702291348,1,,,True
validation,775511,2026-06-08T23:40:00-07:00,775511_1780987200_H30,764297,Historical Best,1.8377787520245807,2,,,True
validation,775511,2026-06-08T23:40:00-07:00,775511_1780987200_H30,764283,Historical Best,2.615117273098085,3,,,True
validation,775511,2026-06-08T23:40:00-07:00,775511_1780987200_H30,764322,Historical Best,2.687562877375905,4,,,True
validation,775511,2026-06-08T23:40:00-07:00,775511_1780987200_H30,764290,Historical Best,4.240126688887433,5,,,True
validation,775511,2026-06-08T23:45:00-07:00,775511_1780987500_H30,764311,Historical Best,1.3345085702291348,1,,,True
validation,775511,2026-06-08T23:45:00-07:00,775511_1780987500_H30,764297,Historical Best,1.8377787520245807,2,,,True
validation,775511,2026-06-08T23:45:00-07:00,775511_1780987500_H30,764283,Historical Best,2.615117273098085,3,,,True
validation,775511,2026-06-08T23:45:00-07:00,775511_1780987500_H30,764322,Historical Best,2.687562877375905,4,,,True
validation,775511,2026-06-08T23:45:00-07:00,775511_1780987500_H30,764290,Historical Best,4.240126688887433,5,,,True
validation,775511,2026-06-08T23:50:00-07:00,775511_1780987800_H30,764311,Historical Best,1.3345085702291348,1,,,True
validation,775511,2026-06-08T23:50:00-07:00,775511_1780987800_H30,764297,Historical Best,1.8377787520245807,2,,,True
validation,775511,2026-06-08T23:50:00-07:00,775511_1780987800_H30,764283,Historical Best,2.615117273098085,3,,,True
validation,775511,2026-06-08T23:50:00-07:00,775511_1780987800_H30,764322,Historical Best,2.687562877375905,4,,,True
validation,775511,2026-06-08T23:50:00-07:00,775511_1780987800_H30,764290,Historical Best,4.240126688887433,5,,,True
validation,775511,2026-06-08T23:55:00-07:00,775511_1780988100_H30,764311,Historical Best,1.3345085702291348,1,,,True
validation,775511,2026-06-08T23:55:00-07:00,775511_1780988100_H30,764297,Historical Best,1.8377787520245807,2,,,True
validation,775511,2026-06-08T23:55:00-07:00,775511_1780988100_H30,764283,Historical Best,2.615117273098085,3,,,True
validation,775511,2026-06-08T23:55:00-07:00,775511_1780988100_H30,764322,Historical Best,2.687562877375905,4,,,True
validation,775511,2026-06-08T23:55:00-07:00,775511_1780988100_H30,764290,Historical Best,4.240126688887433,5,,,True
validation,775511,2026-06-10T23:30:00-07:00,775511_1781159400_H30,764311,Historical Best,1.3345085702291348,1,,,True
validation,775511,2026-06-10T23:30:00-07:00,775511_1781159400_H30,764297,Historical Best,1.8377787520245807,2,,,True
validation,775511,2026-06-10T23:30:00-07:00,775511_1781159400_H30,764283,Historical Best,2.615117273098085,3,,,True
validation,775511,2026-06-10T23:30:00-07:00,775511_1781159400_H30,764322,Historical Best,2.687562877375905,4,,,True
validation,775511,2026-06-10T23:30:00-07:00,775511_1781159400_H30,764290,Historical Best,4.240126688887433,5,,,True
validation,775511,2026-06-10T23:35:00-07:00,775511_1781159700_H30,764311,Historical Best,1.3345085702291348,1,,,True
validation,775511,2026-06-10T23:35:00-07:00,775511_1781159700_H30,764297,Historical Best,1.8377787520245807,2,,,True
validation,775511,2026-06-10T23:35:00-07:00,775511_1781159700_H30,764283,Historical Best,2.615117273098085,3,,,True
validation,775511,2026-06-10T23:35:00-07:00,775511_1781159700_H30,764322,Historical Best,2.687562877375905,4,,,True
validation,775511,2026-06-10T23:35:00-07:00,775511_1781159700_H30,764290,Historical Best,4.240126688887433,5,,,True
validation,775511,2026-06-10T23:40:00-07:00,775511_1781160000_H30,764311,Historical Best,1.3345085702291348,1,,,True
validation,775511,2026-06-10T23:40:00-07:00,775511_1781160000_H30,764297,Historical Best,1.8377787520245807,2,,,True
validation,775511,2026-06-10T23:40:00-07:00,775511_1781160000_H30,764283,Historical Best,2.615117273098085,3,,,True
validation,775511,2026-06-10T23:40:00-07:00,775511_1781160000_H30,764322,Historical Best,2.687562877375905,4,,,True
validation,775511,2026-06-10T23:40:00-07:00,775511_1781160000_H30,764290,Historical Best,4.240126688887433,5,,,True
validation,775511,2026-06-10T23:45:00-07:00,775511_1781160300_H30,764311,Historical Best,1.3345085702291348,1,,,True
validation,775511,2026-06-10T23:45:00-07:00,775511_1781160300_H30,764297,Historical Best,1.8377787520245807,2,,,True
validation,775511,2026-06-10T23:45:00-07:00,775511_1781160300_H30,764283,Historical Best,2.615117273098085,3,,,True
validation,775511,2026-06-10T23:45:00-07:00,775511_1781160300_H30,764322,Historical Best,2.687562877375905,4,,,True
validation,775511,2026-06-10T23:45:00-07:00,775511_1781160300_H30,764290,Historical Best,4.240126688887433,5,,,True
validation,775511,2026-06-10T23:50:00-07:00,775511_1781160600_H30,764311,Historical Best,1.3345085702291348,1,,,True
validation,775511,2026-06-10T23:50:00-07:00,775511_1781160600_H30,764297,Historical Best,1.8377787520245807,2,,,True
validation,775511,2026-06-10T23:50:00-07:00,775511_1781160600_H30,764283,Historical Best,2.615117273098085,3,,,True
validation,775511,2026-06-10T23:50:00-07:00,775511_1781160600_H30,764322,Historical Best,2.687562877375905,4,,,True
validation,775511,2026-06-10T23:50:00-07:00,775511_1781160600_H30,764290,Historical Best,4.240126688887433,5,,,True
validation,775511,2026-06-10T23:55:00-07:00,775511_1781160900_H30,764311,Historical Best,1.3345085702291348,1,,,True
validation,775511,2026-06-10T23:55:00-07:00,775511_1781160900_H30,764297,Historical Best,1.8377787520245807,2,,,True
validation,775511,2026-06-10T23:55:00-07:00,775511_1781160900_H30,764283,Historical Best,2.615117273098085,3,,,True
validation,775511,2026-06-10T23:55:00-07:00,775511_1781160900_H30,764322,Historical Best,2.687562877375905,4,,,True
validation,775511,2026-06-10T23:55:00-07:00,775511_1781160900_H30,764290,Historical Best,4.240126688887433,5,,,True
validation,775511,2026-06-23T23:30:00-07:00,775511_1782282600_H30,764311,Historical Best,1.3345085702291348,1,,,True
validation,775511,2026-06-23T23:30:00-07:00,775511_1782282600_H30,764297,Historical Best,1.8377787520245807,2,,,True
validation,775511,2026-06-23T23:30:00-07:00,775511_1782282600_H30,764283,Historical Best,2.615117273098085,3,,,True
validation,775511,2026-06-23T23:30:00-07:00,775511_1782282600_H30,764322,Historical Best,2.687562877375905,4,,,True
validation,775511,2026-06-23T23:30:00-07:00,775511_1782282600_H30,764290,Historical Best,4.240126688887433,5,,,True
validation,775511,2026-06-23T23:35:00-07:00,775511_1782282900_H30,764311,Historical Best,1.3345085702291348,1,,,True
validation,775511,2026-06-23T23:35:00-07:00,775511_1782282900_H30,764297,Historical Best,1.8377787520245807,2,,,True
validation,775511,2026-06-23T23:35:00-07:00,775511_1782282900_H30,764283,Historical Best,2.615117273098085,3,,,True
validation,775511,2026-06-23T23:35:00-07:00,775511_1782282900_H30,764322,Historical Best,2.687562877375905,4,,,True
validation,775511,2026-06-23T23:35:00-07:00,775511_1782282900_H30,764290,Historical Best,4.240126688887433,5,,,True
validation,775511,2026-06-23T23:40:00-07:00,775511_1782283200_H30,764311,Historical Best,1.3345085702291348,1,,,True
validation,775511,2026-06-23T23:40:00-07:00,775511_1782283200_H30,764297,Historical Best,1.8377787520245807,2,,,True
validation,775511,2026-06-23T23:40:00-07:00,775511_1782283200_H30,764283,Historical Best,2.615117273098085,3,,,True
validation,775511,2026-06-23T23:40:00-07:00,775511_1782283200_H30,764322,Historical Best,2.687562877375905,4,,,True
validation,775511,2026-06-23T23:40:00-07:00,775511_1782283200_H30,764290,Historical Best,4.240126688887433,5,,,True
validation,775511,2026-06-23T23:45:00-07:00,775511_1782283500_H30,764311,Historical Best,1.3345085702291348,1,,,True
validation,775511,2026-06-23T23:45:00-07:00,775511_1782283500_H30,764297,Historical Best,1.8377787520245807,2,,,True
validation,775511,2026-06-23T23:45:00-07:00,775511_1782283500_H30,764283,Historical Best,2.615117273098085,3,,,True
validation,775511,2026-06-23T23:45:00-07:00,775511_1782283500_H30,764322,Historical Best,2.687562877375905,4,,,True
validation,775511,2026-06-23T23:45:00-07:00,775511_1782283500_H30,764290,Historical Best,4.240126688887433,5,,,True
validation,775511,2026-06-23T23:50:00-07:00,775511_1782283800_H30,764311,Historical Best,1.3345085702291348,1,,,True
validation,775511,2026-06-23T23:50:00-07:00,775511_1782283800_H30,764297,Historical Best,1.8377787520245807,2,,,True
validation,775511,2026-06-23T23:50:00-07:00,775511_1782283800_H30,764283,Historical Best,2.615117273098085,3,,,True
validation,775511,2026-06-23T23:50:00-07:00,775511_1782283800_H30,764322,Historical Best,2.687562877375905,4,,,True
validation,775511,2026-06-23T23:50:00-07:00,775511_1782283800_H30,764290,Historical Best,4.240126688887433,5,,,True
validation,775511,2026-06-23T23:55:00-07:00,775511_1782284100_H30,764311,Historical Best,1.3345085702291348,1,,,True
validation,775511,2026-06-23T23:55:00-07:00,775511_1782284100_H30,764297,Historical Best,1.8377787520245807,2,,,True
validation,775511,2026-06-23T23:55:00-07:00,775511_1782284100_H30,764283,Historical Best,2.615117273098085,3,,,True
validation,775511,2026-06-23T23:55:00-07:00,775511_1782284100_H30,764322,Historical Best,2.687562877375905,4,,,True
validation,775511,2026-06-23T23:55:00-07:00,775511_1782284100_H30,764290,Historical Best,4.240126688887433,5,,,True
validation,775511,2026-06-26T23:30:00-07:00,775511_1782541800_H30,764311,Historical Best,1.3345085702291348,1,,,True
validation,775511,2026-06-26T23:30:00-07:00,775511_1782541800_H30,764297,Historical Best,1.8377787520245807,2,,,True
validation,775511,2026-06-26T23:30:00-07:00,775511_1782541800_H30,764283,Historical Best,2.615117273098085,3,,,True
validation,775511,2026-06-26T23:30:00-07:00,775511_1782541800_H30,764322,Historical Best,2.687562877375905,4,,,True
validation,775511,2026-06-26T23:30:00-07:00,775511_1782541800_H30,764290,Historical Best,4.240126688887433,5,,,True
validation,775511,2026-06-26T23:35:00-07:00,775511_1782542100_H30,764311,Historical Best,1.3345085702291348,1,,,True
validation,775511,2026-06-26T23:35:00-07:00,775511_1782542100_H30,764297,Historical Best,1.8377787520245807,2,,,True
validation,775511,2026-06-26T23:35:00-07:00,775511_1782542100_H30,764283,Historical Best,2.615117273098085,3,,,True
validation,775511,2026-06-26T23:35:00-07:00,775511_1782542100_H30,764322,Historical Best,2.687562877375905,4,,,True
validation,775511,2026-06-26T23:35:00-07:00,775511_1782542100_H30,764290,Historical Best,4.240126688887433,5,,,True
validation,775511,2026-06-26T23:40:00-07:00,775511_1782542400_H30,764311,Historical Best,1.3345085702291348,1,,,True
validation,775511,2026-06-26T23:40:00-07:00,775511_1782542400_H30,764297,Historical Best,1.8377787520245807,2,,,True
validation,775511,2026-06-26T23:40:00-07:00,775511_1782542400_H30,764283,Historical Best,2.615117273098085,3,,,True
validation,775511,2026-06-26T23:40:00-07:00,775511_1782542400_H30,764322,Historical Best,2.687562877375905,4,,,True
validation,775511,2026-06-26T23:40:00-07:00,775511_1782542400_H30,764290,Historical Best,4.240126688887433,5,,,True
validation,775511,2026-06-26T23:45:00-07:00,775511_1782542700_H30,764311,Historical Best,1.3345085702291348,1,,,True
validation,775511,2026-06-26T23:45:00-07:00,775511_1782542700_H30,764297,Historical Best,1.8377787520245807,2,,,True
validation,775511,2026-06-26T23:45:00-07:00,775511_1782542700_H30,764283,Historical Best,2.615117273098085,3,,,True
validation,775511,2026-06-26T23:45:00-07:00,775511_1782542700_H30,764322,Historical Best,2.687562877375905,4,,,True
validation,775511,2026-06-26T23:45:00-07:00,775511_1782542700_H30,764290,Historical Best,4.240126688887433,5,,,True
validation,775511,2026-06-26T23:50:00-07:00,775511_1782543000_H30,764311,Historical Best,1.3345085702291348,1,,,True
validation,775511,2026-06-26T23:50:00-07:00,775511_1782543000_H30,764297,Historical Best,1.8377787520245807,2,,,True
validation,775511,2026-06-26T23:50:00-07:00,775511_1782543000_H30,764283,Historical Best,2.615117273098085,3,,,True
validation,775511,2026-06-26T23:50:00-07:00,775511_1782543000_H30,764322,Historical Best,2.687562877375905,4,,,True
validation,775511,2026-06-26T23:50:00-07:00,775511_1782543000_H30,764290,Historical Best,4.240126688887433,5,,,True
validation,775511,2026-06-26T23:55:00-07:00,775511_1782543300_H30,764311,Historical Best,1.3345085702291348,1,,,True
validation,775511,2026-06-26T23:55:00-07:00,775511_1782543300_H30,764297,Historical Best,1.8377787520245807,2,,,True
validation,775511,2026-06-26T23:55:00-07:00,775511_1782543300_H30,764283,Historical Best,2.615117273098085,3,,,True
validation,775511,2026-06-26T23:55:00-07:00,775511_1782543300_H30,764322,Historical Best,2.687562877375905,4,,,True
validation,775511,2026-06-26T23:55:00-07:00,775511_1782543300_H30,764290,Historical Best,4.240126688887433,5,,,True
validation,775536,2026-06-02T23:30:00-07:00,775536_1780468200_H30,718405,Historical Best,6.789510505786841,1,,,True
validation,775536,2026-06-02T23:30:00-07:00,775536_1780468200_H30,759858,Historical Best,6.789510505786841,2,,,True
validation,775536,2026-06-02T23:30:00-07:00,775536_1780468200_H30,774344,Historical Best,7.091904294663581,3,,,True
validation,775536,2026-06-02T23:30:00-07:00,775536_1780468200_H30,768701,Historical Best,7.382999503094217,4,,,True
validation,775536,2026-06-02T23:30:00-07:00,775536_1780468200_H30,759870,Historical Best,7.465998304062995,5,,,True
validation,775536,2026-06-02T23:35:00-07:00,775536_1780468500_H30,718405,Historical Best,6.789510505786841,1,,,True
validation,775536,2026-06-02T23:35:00-07:00,775536_1780468500_H30,759858,Historical Best,6.789510505786841,2,,,True
validation,775536,2026-06-02T23:35:00-07:00,775536_1780468500_H30,774344,Historical Best,7.091904294663581,3,,,True
validation,775536,2026-06-02T23:35:00-07:00,775536_1780468500_H30,768701,Historical Best,7.382999503094217,4,,,True
validation,775536,2026-06-02T23:35:00-07:00,775536_1780468500_H30,759870,Historical Best,7.465998304062995,5,,,True
validation,775536,2026-06-02T23:40:00-07:00,775536_1780468800_H30,718405,Historical Best,6.789510505786841,1,,,True
validation,775536,2026-06-02T23:40:00-07:00,775536_1780468800_H30,759858,Historical Best,6.789510505786841,2,,,True
validation,775536,2026-06-02T23:40:00-07:00,775536_1780468800_H30,774344,Historical Best,7.091904294663581,3,,,True
validation,775536,2026-06-02T23:40:00-07:00,775536_1780468800_H30,768701,Historical Best,7.382999503094217,4,,,True
validation,775536,2026-06-02T23:40:00-07:00,775536_1780468800_H30,759870,Historical Best,7.465998304062995,5,,,True
validation,775536,2026-06-02T23:45:00-07:00,775536_1780469100_H30,718405,Historical Best,6.789510505786841,1,,,True
validation,775536,2026-06-02T23:45:00-07:00,775536_1780469100_H30,759858,Historical Best,6.789510505786841,2,,,True
validation,775536,2026-06-02T23:45:00-07:00,775536_1780469100_H30,774344,Historical Best,7.091904294663581,3,,,True
validation,775536,2026-06-02T23:45:00-07:00,775536_1780469100_H30,768701,Historical Best,7.382999503094217,4,,,True
validation,775536,2026-06-02T23:45:00-07:00,775536_1780469100_H30,759870,Historical Best,7.465998304062995,5,,,True
validation,775536,2026-06-02T23:50:00-07:00,775536_1780469400_H30,718405,Historical Best,6.789510505786841,1,,,True
validation,775536,2026-06-02T23:50:00-07:00,775536_1780469400_H30,759858,Historical Best,6.789510505786841,2,,,True
validation,775536,2026-06-02T23:50:00-07:00,775536_1780469400_H30,774344,Historical Best,7.091904294663581,3,,,True
validation,775536,2026-06-02T23:50:00-07:00,775536_1780469400_H30,768701,Historical Best,7.382999503094217,4,,,True
validation,775536,2026-06-02T23:50:00-07:00,775536_1780469400_H30,759870,Historical Best,7.465998304062995,5,,,True
validation,775536,2026-06-02T23:55:00-07:00,775536_1780469700_H30,718405,Historical Best,6.789510505786841,1,,,True
validation,775536,2026-06-02T23:55:00-07:00,775536_1780469700_H30,759858,Historical Best,6.789510505786841,2,,,True
validation,775536,2026-06-02T23:55:00-07:00,775536_1780469700_H30,774344,Historical Best,7.091904294663581,3,,,True
validation,775536,2026-06-02T23:55:00-07:00,775536_1780469700_H30,768701,Historical Best,7.382999503094217,4,,,True
validation,775536,2026-06-02T23:55:00-07:00,775536_1780469700_H30,759870,Historical Best,7.465998304062995,5,,,True
validation,775536,2026-06-03T19:05:00-07:00,775536_1780538700_H30,718405,Historical Best,6.789510505786841,1,,,True
validation,775536,2026-06-03T19:05:00-07:00,775536_1780538700_H30,759858,Historical Best,6.789510505786841,2,,,True
validation,775536,2026-06-03T19:05:00-07:00,775536_1780538700_H30,774344,Historical Best,7.091904294663581,3,,,True
validation,775536,2026-06-03T19:05:00-07:00,775536_1780538700_H30,768701,Historical Best,7.382999503094217,4,,,True
validation,775536,2026-06-03T19:05:00-07:00,775536_1780538700_H30,759870,Historical Best,7.465998304062995,5,,,True
validation,775536,2026-06-03T19:10:00-07:00,775536_1780539000_H30,718405,Historical Best,6.789510505786841,1,,,True
validation,775536,2026-06-03T19:10:00-07:00,775536_1780539000_H30,759858,Historical Best,6.789510505786841,2,,,True
validation,775536,2026-06-03T19:10:00-07:00,775536_1780539000_H30,774344,Historical Best,7.091904294663581,3,,,True
validation,775536,2026-06-03T19:10:00-07:00,775536_1780539000_H30,768701,Historical Best,7.382999503094217,4,,,True
validation,775536,2026-06-03T19:10:00-07:00,775536_1780539000_H30,759870,Historical Best,7.465998304062995,5,,,True
validation,775536,2026-06-03T19:15:00-07:00,775536_1780539300_H30,718405,Historical Best,6.789510505786841,1,,,True
validation,775536,2026-06-03T19:15:00-07:00,775536_1780539300_H30,759858,Historical Best,6.789510505786841,2,,,True
validation,775536,2026-06-03T19:15:00-07:00,775536_1780539300_H30,774344,Historical Best,7.091904294663581,3,,,True
validation,775536,2026-06-03T19:15:00-07:00,775536_1780539300_H30,768701,Historical Best,7.382999503094217,4,,,True
validation,775536,2026-06-03T19:15:00-07:00,775536_1780539300_H30,759870,Historical Best,7.465998304062995,5,,,True
validation,775536,2026-06-03T19:20:00-07:00,775536_1780539600_H30,718405,Historical Best,6.789510505786841,1,,,True
validation,775536,2026-06-03T19:20:00-07:00,775536_1780539600_H30,759858,Historical Best,6.789510505786841,2,,,True
validation,775536,2026-06-03T19:20:00-07:00,775536_1780539600_H30,774344,Historical Best,7.091904294663581,3,,,True
validation,775536,2026-06-03T19:20:00-07:00,775536_1780539600_H30,768701,Historical Best,7.382999503094217,4,,,True
validation,775536,2026-06-03T19:20:00-07:00,775536_1780539600_H30,759870,Historical Best,7.465998304062995,5,,,True
validation,775536,2026-06-03T19:25:00-07:00,775536_1780539900_H30,718405,Historical Best,6.789510505786841,1,,,True
validation,775536,2026-06-03T19:25:00-07:00,775536_1780539900_H30,759858,Historical Best,6.789510505786841,2,,,True
validation,775536,2026-06-03T19:25:00-07:00,775536_1780539900_H30,774344,Historical Best,7.091904294663581,3,,,True
validation,775536,2026-06-03T19:25:00-07:00,775536_1780539900_H30,768701,Historical Best,7.382999503094217,4,,,True
validation,775536,2026-06-03T19:25:00-07:00,775536_1780539900_H30,759870,Historical Best,7.465998304062995,5,,,True
validation,775536,2026-06-03T19:30:00-07:00,775536_1780540200_H30,718405,Historical Best,6.789510505786841,1,,,True
validation,775536,2026-06-03T19:30:00-07:00,775536_1780540200_H30,759858,Historical Best,6.789510505786841,2,,,True
validation,775536,2026-06-03T19:30:00-07:00,775536_1780540200_H30,774344,Historical Best,7.091904294663581,3,,,True
validation,775536,2026-06-03T19:30:00-07:00,775536_1780540200_H30,768701,Historical Best,7.382999503094217,4,,,True
validation,775536,2026-06-03T19:30:00-07:00,775536_1780540200_H30,759870,Historical Best,7.465998304062995,5,,,True
validation,775536,2026-06-06T23:30:00-07:00,775536_1780813800_H30,718405,Historical Best,6.789510505786841,1,,,True
validation,775536,2026-06-06T23:30:00-07:00,775536_1780813800_H30,759858,Historical Best,6.789510505786841,2,,,True
validation,775536,2026-06-06T23:30:00-07:00,775536_1780813800_H30,774344,Historical Best,7.091904294663581,3,,,True
validation,775536,2026-06-06T23:30:00-07:00,775536_1780813800_H30,768701,Historical Best,7.382999503094217,4,,,True
validation,775536,2026-06-06T23:30:00-07:00,775536_1780813800_H30,759870,Historical Best,7.465998304062995,5,,,True
validation,775536,2026-06-06T23:35:00-07:00,775536_1780814100_H30,718405,Historical Best,6.789510505786841,1,,,True
validation,775536,2026-06-06T23:35:00-07:00,775536_1780814100_H30,759858,Historical Best,6.789510505786841,2,,,True
validation,775536,2026-06-06T23:35:00-07:00,775536_1780814100_H30,774344,Historical Best,7.091904294663581,3,,,True
validation,775536,2026-06-06T23:35:00-07:00,775536_1780814100_H30,768701,Historical Best,7.382999503094217,4,,,True
validation,775536,2026-06-06T23:35:00-07:00,775536_1780814100_H30,759870,Historical Best,7.465998304062995,5,,,True
validation,775536,2026-06-06T23:40:00-07:00,775536_1780814400_H30,718405,Historical Best,6.789510505786841,1,,,True
validation,775536,2026-06-06T23:40:00-07:00,775536_1780814400_H30,759858,Historical Best,6.789510505786841,2,,,True
validation,775536,2026-06-06T23:40:00-07:00,775536_1780814400_H30,774344,Historical Best,7.091904294663581,3,,,True
validation,775536,2026-06-06T23:40:00-07:00,775536_1780814400_H30,768701,Historical Best,7.382999503094217,4,,,True
validation,775536,2026-06-06T23:40:00-07:00,775536_1780814400_H30,759870,Historical Best,7.465998304062995,5,,,True
validation,775536,2026-06-06T23:45:00-07:00,775536_1780814700_H30,718405,Historical Best,6.789510505786841,1,,,True
validation,775536,2026-06-06T23:45:00-07:00,775536_1780814700_H30,759858,Historical Best,6.789510505786841,2,,,True
validation,775536,2026-06-06T23:45:00-07:00,775536_1780814700_H30,774344,Historical Best,7.091904294663581,3,,,True
validation,775536,2026-06-06T23:45:00-07:00,775536_1780814700_H30,768701,Historical Best,7.382999503094217,4,,,True
validation,775536,2026-06-06T23:45:00-07:00,775536_1780814700_H30,759870,Historical Best,7.465998304062995,5,,,True
validation,775536,2026-06-06T23:50:00-07:00,775536_1780815000_H30,718405,Historical Best,6.789510505786841,1,,,True
validation,775536,2026-06-06T23:50:00-07:00,775536_1780815000_H30,759858,Historical Best,6.789510505786841,2,,,True
validation,775536,2026-06-06T23:50:00-07:00,775536_1780815000_H30,774344,Historical Best,7.091904294663581,3,,,True
validation,775536,2026-06-06T23:50:00-07:00,775536_1780815000_H30,768701,Historical Best,7.382999503094217,4,,,True
validation,775536,2026-06-06T23:50:00-07:00,775536_1780815000_H30,759870,Historical Best,7.465998304062995,5,,,True
validation,775536,2026-06-06T23:55:00-07:00,775536_1780815300_H30,718405,Historical Best,6.789510505786841,1,,,True
validation,775536,2026-06-06T23:55:00-07:00,775536_1780815300_H30,759858,Historical Best,6.789510505786841,2,,,True
validation,775536,2026-06-06T23:55:00-07:00,775536_1780815300_H30,774344,Historical Best,7.091904294663581,3,,,True
validation,775536,2026-06-06T23:55:00-07:00,775536_1780815300_H30,768701,Historical Best,7.382999503094217,4,,,True
validation,775536,2026-06-06T23:55:00-07:00,775536_1780815300_H30,759870,Historical Best,7.465998304062995,5,,,True
validation,775536,2026-06-10T23:30:00-07:00,775536_1781159400_H30,718405,Historical Best,6.789510505786841,1,,,True
validation,775536,2026-06-10T23:30:00-07:00,775536_1781159400_H30,759858,Historical Best,6.789510505786841,2,,,True
validation,775536,2026-06-10T23:30:00-07:00,775536_1781159400_H30,774344,Historical Best,7.091904294663581,3,,,True
validation,775536,2026-06-10T23:30:00-07:00,775536_1781159400_H30,768701,Historical Best,7.382999503094217,4,,,True
validation,775536,2026-06-10T23:30:00-07:00,775536_1781159400_H30,759870,Historical Best,7.465998304062995,5,,,True
validation,775536,2026-06-10T23:35:00-07:00,775536_1781159700_H30,718405,Historical Best,6.789510505786841,1,,,True
validation,775536,2026-06-10T23:35:00-07:00,775536_1781159700_H30,759858,Historical Best,6.789510505786841,2,,,True
validation,775536,2026-06-10T23:35:00-07:00,775536_1781159700_H30,774344,Historical Best,7.091904294663581,3,,,True
validation,775536,2026-06-10T23:35:00-07:00,775536_1781159700_H30,768701,Historical Best,7.382999503094217,4,,,True
validation,775536,2026-06-10T23:35:00-07:00,775536_1781159700_H30,759870,Historical Best,7.465998304062995,5,,,True
validation,775536,2026-06-10T23:40:00-07:00,775536_1781160000_H30,718405,Historical Best,6.789510505786841,1,,,True
validation,775536,2026-06-10T23:40:00-07:00,775536_1781160000_H30,759858,Historical Best,6.789510505786841,2,,,True
validation,775536,2026-06-10T23:40:00-07:00,775536_1781160000_H30,774344,Historical Best,7.091904294663581,3,,,True
validation,775536,2026-06-10T23:40:00-07:00,775536_1781160000_H30,768701,Historical Best,7.382999503094217,4,,,True
validation,775536,2026-06-10T23:40:00-07:00,775536_1781160000_H30,759870,Historical Best,7.465998304062995,5,,,True
validation,775536,2026-06-10T23:45:00-07:00,775536_1781160300_H30,718405,Historical Best,6.789510505786841,1,,,True
validation,775536,2026-06-10T23:45:00-07:00,775536_1781160300_H30,759858,Historical Best,6.789510505786841,2,,,True
validation,775536,2026-06-10T23:45:00-07:00,775536_1781160300_H30,774344,Historical Best,7.091904294663581,3,,,True
validation,775536,2026-06-10T23:45:00-07:00,775536_1781160300_H30,768701,Historical Best,7.382999503094217,4,,,True
validation,775536,2026-06-10T23:45:00-07:00,775536_1781160300_H30,759870,Historical Best,7.465998304062995,5,,,True
validation,775536,2026-06-10T23:50:00-07:00,775536_1781160600_H30,718405,Historical Best,6.789510505786841,1,,,True
validation,775536,2026-06-10T23:50:00-07:00,775536_1781160600_H30,759858,Historical Best,6.789510505786841,2,,,True
validation,775536,2026-06-10T23:50:00-07:00,775536_1781160600_H30,774344,Historical Best,7.091904294663581,3,,,True
validation,775536,2026-06-10T23:50:00-07:00,775536_1781160600_H30,768701,Historical Best,7.382999503094217,4,,,True
validation,775536,2026-06-10T23:50:00-07:00,775536_1781160600_H30,759870,Historical Best,7.465998304062995,5,,,True
validation,775536,2026-06-10T23:55:00-07:00,775536_1781160900_H30,718405,Historical Best,6.789510505786841,1,,,True
validation,775536,2026-06-10T23:55:00-07:00,775536_1781160900_H30,759858,Historical Best,6.789510505786841,2,,,True
validation,775536,2026-06-10T23:55:00-07:00,775536_1781160900_H30,774344,Historical Best,7.091904294663581,3,,,True
validation,775536,2026-06-10T23:55:00-07:00,775536_1781160900_H30,768701,Historical Best,7.382999503094217,4,,,True
validation,775536,2026-06-10T23:55:00-07:00,775536_1781160900_H30,759870,Historical Best,7.465998304062995,5,,,True
validation,775536,2026-06-17T11:15:00-07:00,775536_1781720100_H30,718405,Historical Best,6.789510505786841,1,,,True
validation,775536,2026-06-17T11:15:00-07:00,775536_1781720100_H30,759858,Historical Best,6.789510505786841,2,,,True
validation,775536,2026-06-17T11:15:00-07:00,775536_1781720100_H30,774344,Historical Best,7.091904294663581,3,,,True
validation,775536,2026-06-17T11:15:00-07:00,775536_1781720100_H30,768701,Historical Best,7.382999503094217,4,,,True
validation,775536,2026-06-17T11:15:00-07:00,775536_1781720100_H30,759870,Historical Best,7.465998304062995,5,,,True
validation,775536,2026-06-18T23:30:00-07:00,775536_1781850600_H30,718405,Historical Best,6.789510505786841,1,,,True
validation,775536,2026-06-18T23:30:00-07:00,775536_1781850600_H30,759858,Historical Best,6.789510505786841,2,,,True
validation,775536,2026-06-18T23:30:00-07:00,775536_1781850600_H30,774344,Historical Best,7.091904294663581,3,,,True
validation,775536,2026-06-18T23:30:00-07:00,775536_1781850600_H30,768701,Historical Best,7.382999503094217,4,,,True
validation,775536,2026-06-18T23:30:00-07:00,775536_1781850600_H30,759870,Historical Best,7.465998304062995,5,,,True
validation,775536,2026-06-18T23:35:00-07:00,775536_1781850900_H30,718405,Historical Best,6.789510505786841,1,,,True
validation,775536,2026-06-18T23:35:00-07:00,775536_1781850900_H30,759858,Historical Best,6.789510505786841,2,,,True
validation,775536,2026-06-18T23:35:00-07:00,775536_1781850900_H30,774344,Historical Best,7.091904294663581,3,,,True
validation,775536,2026-06-18T23:35:00-07:00,775536_1781850900_H30,768701,Historical Best,7.382999503094217,4,,,True
validation,775536,2026-06-18T23:35:00-07:00,775536_1781850900_H30,759870,Historical Best,7.465998304062995,5,,,True
validation,775536,2026-06-18T23:40:00-07:00,775536_1781851200_H30,718405,Historical Best,6.789510505786841,1,,,True
validation,775536,2026-06-18T23:40:00-07:00,775536_1781851200_H30,759858,Historical Best,6.789510505786841,2,,,True
validation,775536,2026-06-18T23:40:00-07:00,775536_1781851200_H30,774344,Historical Best,7.091904294663581,3,,,True
validation,775536,2026-06-18T23:40:00-07:00,775536_1781851200_H30,768701,Historical Best,7.382999503094217,4,,,True
validation,775536,2026-06-18T23:40:00-07:00,775536_1781851200_H30,759870,Historical Best,7.465998304062995,5,,,True
validation,775536,2026-06-18T23:45:00-07:00,775536_1781851500_H30,718405,Historical Best,6.789510505786841,1,,,True
validation,775536,2026-06-18T23:45:00-07:00,775536_1781851500_H30,759858,Historical Best,6.789510505786841,2,,,True
validation,775536,2026-06-18T23:45:00-07:00,775536_1781851500_H30,774344,Historical Best,7.091904294663581,3,,,True
validation,775536,2026-06-18T23:45:00-07:00,775536_1781851500_H30,768701,Historical Best,7.382999503094217,4,,,True
validation,775536,2026-06-18T23:45:00-07:00,775536_1781851500_H30,759870,Historical Best,7.465998304062995,5,,,True
validation,775536,2026-06-18T23:50:00-07:00,775536_1781851800_H30,718405,Historical Best,6.789510505786841,1,,,True
validation,775536,2026-06-18T23:50:00-07:00,775536_1781851800_H30,759858,Historical Best,6.789510505786841,2,,,True
validation,775536,2026-06-18T23:50:00-07:00,775536_1781851800_H30,774344,Historical Best,7.091904294663581,3,,,True
validation,775536,2026-06-18T23:50:00-07:00,775536_1781851800_H30,768701,Historical Best,7.382999503094217,4,,,True
validation,775536,2026-06-18T23:50:00-07:00,775536_1781851800_H30,759870,Historical Best,7.465998304062995,5,,,True
validation,775536,2026-06-18T23:55:00-07:00,775536_1781852100_H30,718405,Historical Best,6.789510505786841,1,,,True
validation,775536,2026-06-18T23:55:00-07:00,775536_1781852100_H30,759858,Historical Best,6.789510505786841,2,,,True
validation,775536,2026-06-18T23:55:00-07:00,775536_1781852100_H30,774344,Historical Best,7.091904294663581,3,,,True
validation,775536,2026-06-18T23:55:00-07:00,775536_1781852100_H30,768701,Historical Best,7.382999503094217,4,,,True
validation,775536,2026-06-18T23:55:00-07:00,775536_1781852100_H30,759870,Historical Best,7.465998304062995,5,,,True
validation,775536,2026-06-22T23:30:00-07:00,775536_1782196200_H30,718405,Historical Best,6.789510505786841,1,,,True
validation,775536,2026-06-22T23:30:00-07:00,775536_1782196200_H30,759858,Historical Best,6.789510505786841,2,,,True
validation,775536,2026-06-22T23:30:00-07:00,775536_1782196200_H30,774344,Historical Best,7.091904294663581,3,,,True
validation,775536,2026-06-22T23:30:00-07:00,775536_1782196200_H30,768701,Historical Best,7.382999503094217,4,,,True
validation,775536,2026-06-22T23:30:00-07:00,775536_1782196200_H30,759870,Historical Best,7.465998304062995,5,,,True
validation,775536,2026-06-22T23:35:00-07:00,775536_1782196500_H30,718405,Historical Best,6.789510505786841,1,,,True
validation,775536,2026-06-22T23:35:00-07:00,775536_1782196500_H30,759858,Historical Best,6.789510505786841,2,,,True
validation,775536,2026-06-22T23:35:00-07:00,775536_1782196500_H30,774344,Historical Best,7.091904294663581,3,,,True
validation,775536,2026-06-22T23:35:00-07:00,775536_1782196500_H30,768701,Historical Best,7.382999503094217,4,,,True
validation,775536,2026-06-22T23:35:00-07:00,775536_1782196500_H30,759870,Historical Best,7.465998304062995,5,,,True
validation,775536,2026-06-22T23:40:00-07:00,775536_1782196800_H30,718405,Historical Best,6.789510505786841,1,,,True
validation,775536,2026-06-22T23:40:00-07:00,775536_1782196800_H30,759858,Historical Best,6.789510505786841,2,,,True
validation,775536,2026-06-22T23:40:00-07:00,775536_1782196800_H30,774344,Historical Best,7.091904294663581,3,,,True
validation,775536,2026-06-22T23:40:00-07:00,775536_1782196800_H30,768701,Historical Best,7.382999503094217,4,,,True
validation,775536,2026-06-22T23:40:00-07:00,775536_1782196800_H30,759870,Historical Best,7.465998304062995,5,,,True
validation,775536,2026-06-22T23:45:00-07:00,775536_1782197100_H30,718405,Historical Best,6.789510505786841,1,,,True
validation,775536,2026-06-22T23:45:00-07:00,775536_1782197100_H30,759858,Historical Best,6.789510505786841,2,,,True
validation,775536,2026-06-22T23:45:00-07:00,775536_1782197100_H30,774344,Historical Best,7.091904294663581,3,,,True
validation,775536,2026-06-22T23:45:00-07:00,775536_1782197100_H30,768701,Historical Best,7.382999503094217,4,,,True
validation,775536,2026-06-22T23:45:00-07:00,775536_1782197100_H30,759870,Historical Best,7.465998304062995,5,,,True
validation,775536,2026-06-22T23:50:00-07:00,775536_1782197400_H30,718405,Historical Best,6.789510505786841,1,,,True
validation,775536,2026-06-22T23:50:00-07:00,775536_1782197400_H30,759858,Historical Best,6.789510505786841,2,,,True
validation,775536,2026-06-22T23:50:00-07:00,775536_1782197400_H30,774344,Historical Best,7.091904294663581,3,,,True
validation,775536,2026-06-22T23:50:00-07:00,775536_1782197400_H30,768701,Historical Best,7.382999503094217,4,,,True
validation,775536,2026-06-22T23:50:00-07:00,775536_1782197400_H30,759870,Historical Best,7.465998304062995,5,,,True
validation,775536,2026-06-22T23:55:00-07:00,775536_1782197700_H30,718405,Historical Best,6.789510505786841,1,,,True
validation,775536,2026-06-22T23:55:00-07:00,775536_1782197700_H30,759858,Historical Best,6.789510505786841,2,,,True
validation,775536,2026-06-22T23:55:00-07:00,775536_1782197700_H30,774344,Historical Best,7.091904294663581,3,,,True
validation,775536,2026-06-22T23:55:00-07:00,775536_1782197700_H30,768701,Historical Best,7.382999503094217,4,,,True
validation,775536,2026-06-22T23:55:00-07:00,775536_1782197700_H30,759870,Historical Best,7.465998304062995,5,,,True
validation,775536,2026-06-26T23:30:00-07:00,775536_1782541800_H30,718405,Historical Best,6.789510505786841,1,,,True
validation,775536,2026-06-26T23:30:00-07:00,775536_1782541800_H30,759858,Historical Best,6.789510505786841,2,,,True
validation,775536,2026-06-26T23:30:00-07:00,775536_1782541800_H30,774344,Historical Best,7.091904294663581,3,,,True
validation,775536,2026-06-26T23:30:00-07:00,775536_1782541800_H30,768701,Historical Best,7.382999503094217,4,,,True
validation,775536,2026-06-26T23:30:00-07:00,775536_1782541800_H30,759870,Historical Best,7.465998304062995,5,,,True
validation,775536,2026-06-26T23:35:00-07:00,775536_1782542100_H30,718405,Historical Best,6.789510505786841,1,,,True
validation,775536,2026-06-26T23:35:00-07:00,775536_1782542100_H30,759858,Historical Best,6.789510505786841,2,,,True
validation,775536,2026-06-26T23:35:00-07:00,775536_1782542100_H30,774344,Historical Best,7.091904294663581,3,,,True
validation,775536,2026-06-26T23:35:00-07:00,775536_1782542100_H30,768701,Historical Best,7.382999503094217,4,,,True
validation,775536,2026-06-26T23:35:00-07:00,775536_1782542100_H30,759870,Historical Best,7.465998304062995,5,,,True
validation,775536,2026-06-26T23:40:00-07:00,775536_1782542400_H30,718405,Historical Best,6.789510505786841,1,,,True
validation,775536,2026-06-26T23:40:00-07:00,775536_1782542400_H30,759858,Historical Best,6.789510505786841,2,,,True
validation,775536,2026-06-26T23:40:00-07:00,775536_1782542400_H30,774344,Historical Best,7.091904294663581,3,,,True
validation,775536,2026-06-26T23:40:00-07:00,775536_1782542400_H30,768701,Historical Best,7.382999503094217,4,,,True
validation,775536,2026-06-26T23:40:00-07:00,775536_1782542400_H30,759870,Historical Best,7.465998304062995,5,,,True
validation,775536,2026-06-26T23:45:00-07:00,775536_1782542700_H30,718405,Historical Best,6.789510505786841,1,,,True
validation,775536,2026-06-26T23:45:00-07:00,775536_1782542700_H30,759858,Historical Best,6.789510505786841,2,,,True
validation,775536,2026-06-26T23:45:00-07:00,775536_1782542700_H30,774344,Historical Best,7.091904294663581,3,,,True
validation,775536,2026-06-26T23:45:00-07:00,775536_1782542700_H30,768701,Historical Best,7.382999503094217,4,,,True
validation,775536,2026-06-26T23:45:00-07:00,775536_1782542700_H30,759870,Historical Best,7.465998304062995,5,,,True
validation,775536,2026-06-26T23:50:00-07:00,775536_1782543000_H30,718405,Historical Best,6.789510505786841,1,,,True
validation,775536,2026-06-26T23:50:00-07:00,775536_1782543000_H30,759858,Historical Best,6.789510505786841,2,,,True
validation,775536,2026-06-26T23:50:00-07:00,775536_1782543000_H30,774344,Historical Best,7.091904294663581,3,,,True
validation,775536,2026-06-26T23:50:00-07:00,775536_1782543000_H30,768701,Historical Best,7.382999503094217,4,,,True
validation,775536,2026-06-26T23:50:00-07:00,775536_1782543000_H30,759870,Historical Best,7.465998304062995,5,,,True
validation,775536,2026-06-26T23:55:00-07:00,775536_1782543300_H30,718405,Historical Best,6.789510505786841,1,,,True
validation,775536,2026-06-26T23:55:00-07:00,775536_1782543300_H30,759858,Historical Best,6.789510505786841,2,,,True
validation,775536,2026-06-26T23:55:00-07:00,775536_1782543300_H30,774344,Historical Best,7.091904294663581,3,,,True
validation,775536,2026-06-26T23:55:00-07:00,775536_1782543300_H30,768701,Historical Best,7.382999503094217,4,,,True
validation,775536,2026-06-26T23:55:00-07:00,775536_1782543300_H30,759870,Historical Best,7.465998304062995,5,,,True
validation,765501,2026-06-03T15:25:00-07:00,765501_1780525500_H30,763616,Quality Rule,-75.0,1,,,True
validation,765501,2026-06-03T15:25:00-07:00,765501_1780525500_H30,773773,Quality Rule,-0.0,2,,,True
validation,765501,2026-06-03T15:25:00-07:00,765501_1780525500_H30,773784,Quality Rule,-0.0,3,,,True
validation,765501,2026-06-03T15:25:00-07:00,765501_1780525500_H30,717951,Quality Rule,-0.0,4,,,True
validation,765501,2026-06-03T15:25:00-07:00,765501_1780525500_H30,776019,Quality Rule,-0.0,5,,,True
validation,765501,2026-06-03T15:30:00-07:00,765501_1780525800_H30,763616,Quality Rule,-75.0,1,,,True
validation,765501,2026-06-03T15:30:00-07:00,765501_1780525800_H30,773773,Quality Rule,-0.0,2,,,True
validation,765501,2026-06-03T15:30:00-07:00,765501_1780525800_H30,773784,Quality Rule,-0.0,3,,,True
validation,765501,2026-06-03T15:30:00-07:00,765501_1780525800_H30,717951,Quality Rule,-0.0,4,,,True
validation,765501,2026-06-03T15:30:00-07:00,765501_1780525800_H30,776019,Quality Rule,-0.0,5,,,True
validation,765501,2026-06-03T15:35:00-07:00,765501_1780526100_H30,763616,Quality Rule,-75.0,1,,,True
validation,765501,2026-06-03T15:35:00-07:00,765501_1780526100_H30,773773,Quality Rule,-0.0,2,,,True
validation,765501,2026-06-03T15:35:00-07:00,765501_1780526100_H30,773784,Quality Rule,-0.0,3,,,True
validation,765501,2026-06-03T15:35:00-07:00,765501_1780526100_H30,717951,Quality Rule,-0.0,4,,,True
validation,765501,2026-06-03T15:35:00-07:00,765501_1780526100_H30,776019,Quality Rule,-0.0,5,,,True
validation,765501,2026-06-03T15:40:00-07:00,765501_1780526400_H30,763616,Quality Rule,-75.0,1,,,True
validation,765501,2026-06-03T15:40:00-07:00,765501_1780526400_H30,773773,Quality Rule,-0.0,2,,,True
validation,765501,2026-06-03T15:40:00-07:00,765501_1780526400_H30,773784,Quality Rule,-0.0,3,,,True
validation,765501,2026-06-03T15:40:00-07:00,765501_1780526400_H30,717951,Quality Rule,-0.0,4,,,True
validation,765501,2026-06-03T15:40:00-07:00,765501_1780526400_H30,776019,Quality Rule,-0.0,5,,,True
validation,765501,2026-06-03T15:45:00-07:00,765501_1780526700_H30,763616,Quality Rule,-75.0,1,,,True
validation,765501,2026-06-03T15:45:00-07:00,765501_1780526700_H30,773773,Quality Rule,-0.0,2,,,True
validation,765501,2026-06-03T15:45:00-07:00,765501_1780526700_H30,773784,Quality Rule,-0.0,3,,,True
validation,765501,2026-06-03T15:45:00-07:00,765501_1780526700_H30,717951,Quality Rule,-0.0,4,,,True
validation,765501,2026-06-03T15:45:00-07:00,765501_1780526700_H30,776019,Quality Rule,-0.0,5,,,True
validation,765501,2026-06-03T15:50:00-07:00,765501_1780527000_H30,763616,Quality Rule,-75.0,1,,,True
validation,765501,2026-06-03T15:50:00-07:00,765501_1780527000_H30,773773,Quality Rule,-0.0,2,,,True
validation,765501,2026-06-03T15:50:00-07:00,765501_1780527000_H30,773784,Quality Rule,-0.0,3,,,True
validation,765501,2026-06-03T15:50:00-07:00,765501_1780527000_H30,717951,Quality Rule,-0.0,4,,,True
validation,765501,2026-06-03T15:50:00-07:00,765501_1780527000_H30,776019,Quality Rule,-0.0,5,,,True
validation,765501,2026-06-06T07:20:00-07:00,765501_1780755600_H30,763616,Quality Rule,-50.0,1,,,True
validation,765501,2026-06-06T07:20:00-07:00,765501_1780755600_H30,773773,Quality Rule,-0.0,2,,,True
validation,765501,2026-06-06T07:20:00-07:00,765501_1780755600_H30,773784,Quality Rule,-0.0,3,,,True
validation,765501,2026-06-06T07:20:00-07:00,765501_1780755600_H30,717951,Quality Rule,-0.0,4,,,True
validation,765501,2026-06-06T07:20:00-07:00,765501_1780755600_H30,776019,Quality Rule,-0.0,5,,,True
validation,765501,2026-06-06T07:25:00-07:00,765501_1780755900_H30,763616,Quality Rule,-43.75,1,,,True
validation,765501,2026-06-06T07:25:00-07:00,765501_1780755900_H30,773773,Quality Rule,-0.0,2,,,True
validation,765501,2026-06-06T07:25:00-07:00,765501_1780755900_H30,773784,Quality Rule,-0.0,3,,,True
validation,765501,2026-06-06T07:25:00-07:00,765501_1780755900_H30,717951,Quality Rule,-0.0,4,,,True
validation,765501,2026-06-06T07:25:00-07:00,765501_1780755900_H30,776019,Quality Rule,-0.0,5,,,True
validation,765501,2026-06-06T07:30:00-07:00,765501_1780756200_H30,763616,Quality Rule,-37.5,1,,,True
validation,765501,2026-06-06T07:30:00-07:00,765501_1780756200_H30,773773,Quality Rule,-0.0,2,,,True
validation,765501,2026-06-06T07:30:00-07:00,765501_1780756200_H30,773784,Quality Rule,-0.0,3,,,True
validation,765501,2026-06-06T07:30:00-07:00,765501_1780756200_H30,717951,Quality Rule,-0.0,4,,,True
validation,765501,2026-06-06T07:30:00-07:00,765501_1780756200_H30,776019,Quality Rule,-0.0,5,,,True
validation,765501,2026-06-06T07:35:00-07:00,765501_1780756500_H30,763616,Quality Rule,-31.25,1,,,True
validation,765501,2026-06-06T07:35:00-07:00,765501_1780756500_H30,773773,Quality Rule,-0.0,2,,,True
validation,765501,2026-06-06T07:35:00-07:00,765501_1780756500_H30,773784,Quality Rule,-0.0,3,,,True
validation,765501,2026-06-06T07:35:00-07:00,765501_1780756500_H30,717951,Quality Rule,-0.0,4,,,True
validation,765501,2026-06-06T07:35:00-07:00,765501_1780756500_H30,776019,Quality Rule,-0.0,5,,,True
validation,765501,2026-06-06T07:40:00-07:00,765501_1780756800_H30,763616,Quality Rule,-25.0,1,,,True
validation,765501,2026-06-06T07:40:00-07:00,765501_1780756800_H30,773773,Quality Rule,-0.0,2,,,True
validation,765501,2026-06-06T07:40:00-07:00,765501_1780756800_H30,773784,Quality Rule,-0.0,3,,,True
validation,765501,2026-06-06T07:40:00-07:00,765501_1780756800_H30,717951,Quality Rule,-0.0,4,,,True
validation,765501,2026-06-06T07:40:00-07:00,765501_1780756800_H30,776019,Quality Rule,-0.0,5,,,True
validation,765501,2026-06-06T07:45:00-07:00,765501_1780757100_H30,763616,Quality Rule,-18.75,1,,,True
validation,765501,2026-06-06T07:45:00-07:00,765501_1780757100_H30,773773,Quality Rule,-0.0,2,,,True
validation,765501,2026-06-06T07:45:00-07:00,765501_1780757100_H30,773784,Quality Rule,-0.0,3,,,True
validation,765501,2026-06-06T07:45:00-07:00,765501_1780757100_H30,717951,Quality Rule,-0.0,4,,,True
validation,765501,2026-06-06T07:45:00-07:00,765501_1780757100_H30,776019,Quality Rule,-0.0,5,,,True
validation,765501,2026-06-11T23:30:00-07:00,765501_1781245800_H30,763616,Quality Rule,-75.0,1,,,True
validation,765501,2026-06-11T23:30:00-07:00,765501_1781245800_H30,773773,Quality Rule,-0.0,2,,,True
validation,765501,2026-06-11T23:30:00-07:00,765501_1781245800_H30,773784,Quality Rule,-0.0,3,,,True
validation,765501,2026-06-11T23:30:00-07:00,765501_1781245800_H30,717951,Quality Rule,-0.0,4,,,True
validation,765501,2026-06-11T23:30:00-07:00,765501_1781245800_H30,776019,Quality Rule,-0.0,5,,,True
validation,765501,2026-06-11T23:35:00-07:00,765501_1781246100_H30,763616,Quality Rule,-75.0,1,,,True
validation,765501,2026-06-11T23:35:00-07:00,765501_1781246100_H30,773773,Quality Rule,-0.0,2,,,True
validation,765501,2026-06-11T23:35:00-07:00,765501_1781246100_H30,773784,Quality Rule,-0.0,3,,,True
validation,765501,2026-06-11T23:35:00-07:00,765501_1781246100_H30,717951,Quality Rule,-0.0,4,,,True
validation,765501,2026-06-11T23:35:00-07:00,765501_1781246100_H30,776019,Quality Rule,-0.0,5,,,True
validation,765501,2026-06-11T23:40:00-07:00,765501_1781246400_H30,763616,Quality Rule,-75.0,1,,,True
validation,765501,2026-06-11T23:40:00-07:00,765501_1781246400_H30,773773,Quality Rule,-0.0,2,,,True
validation,765501,2026-06-11T23:40:00-07:00,765501_1781246400_H30,773784,Quality Rule,-0.0,3,,,True
validation,765501,2026-06-11T23:40:00-07:00,765501_1781246400_H30,717951,Quality Rule,-0.0,4,,,True
validation,765501,2026-06-11T23:40:00-07:00,765501_1781246400_H30,776019,Quality Rule,-0.0,5,,,True
validation,765501,2026-06-11T23:45:00-07:00,765501_1781246700_H30,763616,Quality Rule,-75.0,1,,,True
validation,765501,2026-06-11T23:45:00-07:00,765501_1781246700_H30,773773,Quality Rule,-0.0,2,,,True
validation,765501,2026-06-11T23:45:00-07:00,765501_1781246700_H30,773784,Quality Rule,-0.0,3,,,True
validation,765501,2026-06-11T23:45:00-07:00,765501_1781246700_H30,717951,Quality Rule,-0.0,4,,,True
validation,765501,2026-06-11T23:45:00-07:00,765501_1781246700_H30,776019,Quality Rule,-0.0,5,,,True
validation,765501,2026-06-11T23:50:00-07:00,765501_1781247000_H30,763616,Quality Rule,-75.0,1,,,True
validation,765501,2026-06-11T23:50:00-07:00,765501_1781247000_H30,773773,Quality Rule,-0.0,2,,,True
validation,765501,2026-06-11T23:50:00-07:00,765501_1781247000_H30,773784,Quality Rule,-0.0,3,,,True
validation,765501,2026-06-11T23:50:00-07:00,765501_1781247000_H30,717951,Quality Rule,-0.0,4,,,True
validation,765501,2026-06-11T23:50:00-07:00,765501_1781247000_H30,776019,Quality Rule,-0.0,5,,,True
validation,765501,2026-06-11T23:55:00-07:00,765501_1781247300_H30,763616,Quality Rule,-75.0,1,,,True
validation,765501,2026-06-11T23:55:00-07:00,765501_1781247300_H30,773773,Quality Rule,-0.0,2,,,True
validation,765501,2026-06-11T23:55:00-07:00,765501_1781247300_H30,773784,Quality Rule,-0.0,3,,,True
validation,765501,2026-06-11T23:55:00-07:00,765501_1781247300_H30,717951,Quality Rule,-0.0,4,,,True
validation,765501,2026-06-11T23:55:00-07:00,765501_1781247300_H30,776019,Quality Rule,-0.0,5,,,True
validation,765501,2026-06-15T23:30:00-07:00,765501_1781591400_H30,763616,Quality Rule,-75.0,1,,,True
validation,765501,2026-06-15T23:30:00-07:00,765501_1781591400_H30,773773,Quality Rule,-0.0,2,,,True
validation,765501,2026-06-15T23:30:00-07:00,765501_1781591400_H30,773784,Quality Rule,-0.0,3,,,True
validation,765501,2026-06-15T23:30:00-07:00,765501_1781591400_H30,717951,Quality Rule,-0.0,4,,,True
validation,765501,2026-06-15T23:30:00-07:00,765501_1781591400_H30,776019,Quality Rule,-0.0,5,,,True
validation,765501,2026-06-15T23:35:00-07:00,765501_1781591700_H30,763616,Quality Rule,-75.0,1,,,True
validation,765501,2026-06-15T23:35:00-07:00,765501_1781591700_H30,773773,Quality Rule,-0.0,2,,,True
validation,765501,2026-06-15T23:35:00-07:00,765501_1781591700_H30,773784,Quality Rule,-0.0,3,,,True
validation,765501,2026-06-15T23:35:00-07:00,765501_1781591700_H30,717951,Quality Rule,-0.0,4,,,True
validation,765501,2026-06-15T23:35:00-07:00,765501_1781591700_H30,776019,Quality Rule,-0.0,5,,,True
validation,765501,2026-06-15T23:40:00-07:00,765501_1781592000_H30,763616,Quality Rule,-75.0,1,,,True
validation,765501,2026-06-15T23:40:00-07:00,765501_1781592000_H30,773773,Quality Rule,-0.0,2,,,True
validation,765501,2026-06-15T23:40:00-07:00,765501_1781592000_H30,773784,Quality Rule,-0.0,3,,,True
validation,765501,2026-06-15T23:40:00-07:00,765501_1781592000_H30,717951,Quality Rule,-0.0,4,,,True
validation,765501,2026-06-15T23:40:00-07:00,765501_1781592000_H30,776019,Quality Rule,-0.0,5,,,True
validation,765501,2026-06-15T23:45:00-07:00,765501_1781592300_H30,763616,Quality Rule,-75.0,1,,,True
validation,765501,2026-06-15T23:45:00-07:00,765501_1781592300_H30,773773,Quality Rule,-0.0,2,,,True
validation,765501,2026-06-15T23:45:00-07:00,765501_1781592300_H30,773784,Quality Rule,-0.0,3,,,True
validation,765501,2026-06-15T23:45:00-07:00,765501_1781592300_H30,717951,Quality Rule,-0.0,4,,,True
validation,765501,2026-06-15T23:45:00-07:00,765501_1781592300_H30,776019,Quality Rule,-0.0,5,,,True
validation,765501,2026-06-15T23:50:00-07:00,765501_1781592600_H30,763616,Quality Rule,-75.0,1,,,True
validation,765501,2026-06-15T23:50:00-07:00,765501_1781592600_H30,773773,Quality Rule,-0.0,2,,,True
validation,765501,2026-06-15T23:50:00-07:00,765501_1781592600_H30,773784,Quality Rule,-0.0,3,,,True
validation,765501,2026-06-15T23:50:00-07:00,765501_1781592600_H30,717951,Quality Rule,-0.0,4,,,True
validation,765501,2026-06-15T23:50:00-07:00,765501_1781592600_H30,776019,Quality Rule,-0.0,5,,,True
validation,765501,2026-06-15T23:55:00-07:00,765501_1781592900_H30,763616,Quality Rule,-75.0,1,,,True
validation,765501,2026-06-15T23:55:00-07:00,765501_1781592900_H30,773773,Quality Rule,-0.0,2,,,True
validation,765501,2026-06-15T23:55:00-07:00,765501_1781592900_H30,773784,Quality Rule,-0.0,3,,,True
validation,765501,2026-06-15T23:55:00-07:00,765501_1781592900_H30,717951,Quality Rule,-0.0,4,,,True
validation,765501,2026-06-15T23:55:00-07:00,765501_1781592900_H30,776019,Quality Rule,-0.0,5,,,True
validation,765501,2026-06-17T22:00:00-07:00,765501_1781758800_H30,763616,Quality Rule,-75.0,1,,,True
validation,765501,2026-06-17T22:00:00-07:00,765501_1781758800_H30,773773,Quality Rule,-0.0,2,,,True
validation,765501,2026-06-17T22:00:00-07:00,765501_1781758800_H30,773784,Quality Rule,-0.0,3,,,True
validation,765501,2026-06-17T22:00:00-07:00,765501_1781758800_H30,717951,Quality Rule,-0.0,4,,,True
validation,765501,2026-06-17T22:00:00-07:00,765501_1781758800_H30,776019,Quality Rule,-0.0,5,,,True
validation,765501,2026-06-17T22:05:00-07:00,765501_1781759100_H30,763616,Quality Rule,-75.0,1,,,True
validation,765501,2026-06-17T22:05:00-07:00,765501_1781759100_H30,773773,Quality Rule,-0.0,2,,,True
validation,765501,2026-06-17T22:05:00-07:00,765501_1781759100_H30,773784,Quality Rule,-0.0,3,,,True
validation,765501,2026-06-17T22:05:00-07:00,765501_1781759100_H30,717951,Quality Rule,-0.0,4,,,True
validation,765501,2026-06-17T22:05:00-07:00,765501_1781759100_H30,776019,Quality Rule,-0.0,5,,,True
validation,765501,2026-06-17T22:10:00-07:00,765501_1781759400_H30,763616,Quality Rule,-75.0,1,,,True
validation,765501,2026-06-17T22:10:00-07:00,765501_1781759400_H30,773773,Quality Rule,-0.0,2,,,True
validation,765501,2026-06-17T22:10:00-07:00,765501_1781759400_H30,773784,Quality Rule,-0.0,3,,,True
validation,765501,2026-06-17T22:10:00-07:00,765501_1781759400_H30,717951,Quality Rule,-0.0,4,,,True
validation,765501,2026-06-17T22:10:00-07:00,765501_1781759400_H30,776019,Quality Rule,-0.0,5,,,True
validation,765501,2026-06-17T22:15:00-07:00,765501_1781759700_H30,763616,Quality Rule,-75.0,1,,,True
validation,765501,2026-06-17T22:15:00-07:00,765501_1781759700_H30,773773,Quality Rule,-0.0,2,,,True
validation,765501,2026-06-17T22:15:00-07:00,765501_1781759700_H30,773784,Quality Rule,-0.0,3,,,True
validation,765501,2026-06-17T22:15:00-07:00,765501_1781759700_H30,717951,Quality Rule,-0.0,4,,,True
validation,765501,2026-06-17T22:15:00-07:00,765501_1781759700_H30,776019,Quality Rule,-0.0,5,,,True
validation,765501,2026-06-17T22:20:00-07:00,765501_1781760000_H30,763616,Quality Rule,-75.0,1,,,True
validation,765501,2026-06-17T22:20:00-07:00,765501_1781760000_H30,773773,Quality Rule,-0.0,2,,,True
validation,765501,2026-06-17T22:20:00-07:00,765501_1781760000_H30,773784,Quality Rule,-0.0,3,,,True
validation,765501,2026-06-17T22:20:00-07:00,765501_1781760000_H30,717951,Quality Rule,-0.0,4,,,True
validation,765501,2026-06-17T22:20:00-07:00,765501_1781760000_H30,776019,Quality Rule,-0.0,5,,,True
validation,765501,2026-06-17T22:25:00-07:00,765501_1781760300_H30,763616,Quality Rule,-75.0,1,,,True
validation,765501,2026-06-17T22:25:00-07:00,765501_1781760300_H30,773773,Quality Rule,-0.0,2,,,True
validation,765501,2026-06-17T22:25:00-07:00,765501_1781760300_H30,773784,Quality Rule,-0.0,3,,,True
validation,765501,2026-06-17T22:25:00-07:00,765501_1781760300_H30,717951,Quality Rule,-0.0,4,,,True
validation,765501,2026-06-17T22:25:00-07:00,765501_1781760300_H30,776019,Quality Rule,-0.0,5,,,True
validation,765501,2026-06-18T23:30:00-07:00,765501_1781850600_H30,763616,Quality Rule,-75.0,1,,,True
validation,765501,2026-06-18T23:30:00-07:00,765501_1781850600_H30,773773,Quality Rule,-0.0,2,,,True
validation,765501,2026-06-18T23:30:00-07:00,765501_1781850600_H30,773784,Quality Rule,-0.0,3,,,True
validation,765501,2026-06-18T23:30:00-07:00,765501_1781850600_H30,717951,Quality Rule,-0.0,4,,,True
validation,765501,2026-06-18T23:30:00-07:00,765501_1781850600_H30,776019,Quality Rule,-0.0,5,,,True
validation,765501,2026-06-18T23:35:00-07:00,765501_1781850900_H30,763616,Quality Rule,-75.0,1,,,True
validation,765501,2026-06-18T23:35:00-07:00,765501_1781850900_H30,773773,Quality Rule,-0.0,2,,,True
validation,765501,2026-06-18T23:35:00-07:00,765501_1781850900_H30,773784,Quality Rule,-0.0,3,,,True
validation,765501,2026-06-18T23:35:00-07:00,765501_1781850900_H30,717951,Quality Rule,-0.0,4,,,True
validation,765501,2026-06-18T23:35:00-07:00,765501_1781850900_H30,776019,Quality Rule,-0.0,5,,,True
validation,765501,2026-06-18T23:40:00-07:00,765501_1781851200_H30,763616,Quality Rule,-75.0,1,,,True
validation,765501,2026-06-18T23:40:00-07:00,765501_1781851200_H30,773773,Quality Rule,-0.0,2,,,True
validation,765501,2026-06-18T23:40:00-07:00,765501_1781851200_H30,773784,Quality Rule,-0.0,3,,,True
validation,765501,2026-06-18T23:40:00-07:00,765501_1781851200_H30,717951,Quality Rule,-0.0,4,,,True
validation,765501,2026-06-18T23:40:00-07:00,765501_1781851200_H30,776019,Quality Rule,-0.0,5,,,True
validation,765501,2026-06-18T23:45:00-07:00,765501_1781851500_H30,763616,Quality Rule,-75.0,1,,,True
validation,765501,2026-06-18T23:45:00-07:00,765501_1781851500_H30,773773,Quality Rule,-0.0,2,,,True
validation,765501,2026-06-18T23:45:00-07:00,765501_1781851500_H30,773784,Quality Rule,-0.0,3,,,True
validation,765501,2026-06-18T23:45:00-07:00,765501_1781851500_H30,717951,Quality Rule,-0.0,4,,,True
validation,765501,2026-06-18T23:45:00-07:00,765501_1781851500_H30,776019,Quality Rule,-0.0,5,,,True
validation,765501,2026-06-18T23:50:00-07:00,765501_1781851800_H30,763616,Quality Rule,-75.0,1,,,True
validation,765501,2026-06-18T23:50:00-07:00,765501_1781851800_H30,773773,Quality Rule,-0.0,2,,,True
validation,765501,2026-06-18T23:50:00-07:00,765501_1781851800_H30,773784,Quality Rule,-0.0,3,,,True
validation,765501,2026-06-18T23:50:00-07:00,765501_1781851800_H30,717951,Quality Rule,-0.0,4,,,True
validation,765501,2026-06-18T23:50:00-07:00,765501_1781851800_H30,776019,Quality Rule,-0.0,5,,,True
validation,765501,2026-06-18T23:55:00-07:00,765501_1781852100_H30,763616,Quality Rule,-75.0,1,,,True
validation,765501,2026-06-18T23:55:00-07:00,765501_1781852100_H30,773773,Quality Rule,-0.0,2,,,True
validation,765501,2026-06-18T23:55:00-07:00,765501_1781852100_H30,773784,Quality Rule,-0.0,3,,,True
validation,765501,2026-06-18T23:55:00-07:00,765501_1781852100_H30,717951,Quality Rule,-0.0,4,,,True
validation,765501,2026-06-18T23:55:00-07:00,765501_1781852100_H30,776019,Quality Rule,-0.0,5,,,True
validation,765501,2026-06-24T23:30:00-07:00,765501_1782369000_H30,763616,Quality Rule,-75.0,1,,,True
validation,765501,2026-06-24T23:30:00-07:00,765501_1782369000_H30,773773,Quality Rule,-0.0,2,,,True
validation,765501,2026-06-24T23:30:00-07:00,765501_1782369000_H30,773784,Quality Rule,-0.0,3,,,True
validation,765501,2026-06-24T23:30:00-07:00,765501_1782369000_H30,717951,Quality Rule,-0.0,4,,,True
validation,765501,2026-06-24T23:30:00-07:00,765501_1782369000_H30,776019,Quality Rule,-0.0,5,,,True
validation,765501,2026-06-24T23:35:00-07:00,765501_1782369300_H30,763616,Quality Rule,-75.0,1,,,True
validation,765501,2026-06-24T23:35:00-07:00,765501_1782369300_H30,773773,Quality Rule,-0.0,2,,,True
validation,765501,2026-06-24T23:35:00-07:00,765501_1782369300_H30,773784,Quality Rule,-0.0,3,,,True
validation,765501,2026-06-24T23:35:00-07:00,765501_1782369300_H30,717951,Quality Rule,-0.0,4,,,True
validation,765501,2026-06-24T23:35:00-07:00,765501_1782369300_H30,776019,Quality Rule,-0.0,5,,,True
validation,765501,2026-06-24T23:40:00-07:00,765501_1782369600_H30,763616,Quality Rule,-75.0,1,,,True
validation,765501,2026-06-24T23:40:00-07:00,765501_1782369600_H30,773773,Quality Rule,-0.0,2,,,True
validation,765501,2026-06-24T23:40:00-07:00,765501_1782369600_H30,773784,Quality Rule,-0.0,3,,,True
validation,765501,2026-06-24T23:40:00-07:00,765501_1782369600_H30,717951,Quality Rule,-0.0,4,,,True
validation,765501,2026-06-24T23:40:00-07:00,765501_1782369600_H30,776019,Quality Rule,-0.0,5,,,True
validation,765501,2026-06-24T23:45:00-07:00,765501_1782369900_H30,763616,Quality Rule,-75.0,1,,,True
validation,765501,2026-06-24T23:45:00-07:00,765501_1782369900_H30,773773,Quality Rule,-0.0,2,,,True
validation,765501,2026-06-24T23:45:00-07:00,765501_1782369900_H30,773784,Quality Rule,-0.0,3,,,True
validation,765501,2026-06-24T23:45:00-07:00,765501_1782369900_H30,717951,Quality Rule,-0.0,4,,,True
validation,765501,2026-06-24T23:45:00-07:00,765501_1782369900_H30,776019,Quality Rule,-0.0,5,,,True
validation,765501,2026-06-24T23:50:00-07:00,765501_1782370200_H30,763616,Quality Rule,-75.0,1,,,True
validation,765501,2026-06-24T23:50:00-07:00,765501_1782370200_H30,773773,Quality Rule,-0.0,2,,,True
validation,765501,2026-06-24T23:50:00-07:00,765501_1782370200_H30,773784,Quality Rule,-0.0,3,,,True
validation,765501,2026-06-24T23:50:00-07:00,765501_1782370200_H30,717951,Quality Rule,-0.0,4,,,True
validation,765501,2026-06-24T23:50:00-07:00,765501_1782370200_H30,776019,Quality Rule,-0.0,5,,,True
validation,765501,2026-06-24T23:55:00-07:00,765501_1782370500_H30,763616,Quality Rule,-75.0,1,,,True
validation,765501,2026-06-24T23:55:00-07:00,765501_1782370500_H30,773773,Quality Rule,-0.0,2,,,True
validation,765501,2026-06-24T23:55:00-07:00,765501_1782370500_H30,773784,Quality Rule,-0.0,3,,,True
validation,765501,2026-06-24T23:55:00-07:00,765501_1782370500_H30,717951,Quality Rule,-0.0,4,,,True
validation,765501,2026-06-24T23:55:00-07:00,765501_1782370500_H30,776019,Quality Rule,-0.0,5,,,True
validation,765501,2026-06-27T23:30:00-07:00,765501_1782628200_H30,763616,Quality Rule,-75.0,1,,,True
validation,765501,2026-06-27T23:30:00-07:00,765501_1782628200_H30,773773,Quality Rule,-0.0,2,,,True
validation,765501,2026-06-27T23:30:00-07:00,765501_1782628200_H30,773784,Quality Rule,-0.0,3,,,True
validation,765501,2026-06-27T23:30:00-07:00,765501_1782628200_H30,717951,Quality Rule,-0.0,4,,,True
validation,765501,2026-06-27T23:30:00-07:00,765501_1782628200_H30,776019,Quality Rule,-0.0,5,,,True
validation,765501,2026-06-27T23:35:00-07:00,765501_1782628500_H30,763616,Quality Rule,-75.0,1,,,True
validation,765501,2026-06-27T23:35:00-07:00,765501_1782628500_H30,773773,Quality Rule,-0.0,2,,,True
validation,765501,2026-06-27T23:35:00-07:00,765501_1782628500_H30,773784,Quality Rule,-0.0,3,,,True
validation,765501,2026-06-27T23:35:00-07:00,765501_1782628500_H30,717951,Quality Rule,-0.0,4,,,True
validation,765501,2026-06-27T23:35:00-07:00,765501_1782628500_H30,776019,Quality Rule,-0.0,5,,,True
validation,765501,2026-06-27T23:40:00-07:00,765501_1782628800_H30,763616,Quality Rule,-75.0,1,,,True
validation,765501,2026-06-27T23:40:00-07:00,765501_1782628800_H30,773773,Quality Rule,-0.0,2,,,True
validation,765501,2026-06-27T23:40:00-07:00,765501_1782628800_H30,773784,Quality Rule,-0.0,3,,,True
validation,765501,2026-06-27T23:40:00-07:00,765501_1782628800_H30,717951,Quality Rule,-0.0,4,,,True
validation,765501,2026-06-27T23:40:00-07:00,765501_1782628800_H30,776019,Quality Rule,-0.0,5,,,True
validation,765501,2026-06-27T23:45:00-07:00,765501_1782629100_H30,763616,Quality Rule,-75.0,1,,,True
validation,765501,2026-06-27T23:45:00-07:00,765501_1782629100_H30,773773,Quality Rule,-0.0,2,,,True
validation,765501,2026-06-27T23:45:00-07:00,765501_1782629100_H30,773784,Quality Rule,-0.0,3,,,True
validation,765501,2026-06-27T23:45:00-07:00,765501_1782629100_H30,717951,Quality Rule,-0.0,4,,,True
validation,765501,2026-06-27T23:45:00-07:00,765501_1782629100_H30,776019,Quality Rule,-0.0,5,,,True
validation,765501,2026-06-27T23:50:00-07:00,765501_1782629400_H30,763616,Quality Rule,-75.0,1,,,True
validation,765501,2026-06-27T23:50:00-07:00,765501_1782629400_H30,773773,Quality Rule,-0.0,2,,,True
validation,765501,2026-06-27T23:50:00-07:00,765501_1782629400_H30,773784,Quality Rule,-0.0,3,,,True
validation,765501,2026-06-27T23:50:00-07:00,765501_1782629400_H30,717951,Quality Rule,-0.0,4,,,True
validation,765501,2026-06-27T23:50:00-07:00,765501_1782629400_H30,776019,Quality Rule,-0.0,5,,,True
validation,765501,2026-06-27T23:55:00-07:00,765501_1782629700_H30,763616,Quality Rule,-75.0,1,,,True
validation,765501,2026-06-27T23:55:00-07:00,765501_1782629700_H30,773773,Quality Rule,-0.0,2,,,True
validation,765501,2026-06-27T23:55:00-07:00,765501_1782629700_H30,773784,Quality Rule,-0.0,3,,,True
validation,765501,2026-06-27T23:55:00-07:00,765501_1782629700_H30,717951,Quality Rule,-0.0,4,,,True
validation,765501,2026-06-27T23:55:00-07:00,765501_1782629700_H30,776019,Quality Rule,-0.0,5,,,True
validation,769895,2026-06-03T17:30:00-07:00,769895_1780533000_H30,769880,Quality Rule,-100.0,1,,,True
validation,769895,2026-06-03T17:30:00-07:00,769895_1780533000_H30,769866,Quality Rule,-100.0,2,,,True
validation,769895,2026-06-03T17:30:00-07:00,769895_1780533000_H30,769847,Quality Rule,-100.0,3,,,True
validation,769895,2026-06-03T17:30:00-07:00,769895_1780533000_H30,770116,Quality Rule,-0.0,4,,,True
validation,769895,2026-06-03T17:30:00-07:00,769895_1780533000_H30,770385,Quality Rule,-0.0,5,,,True
validation,769895,2026-06-03T17:35:00-07:00,769895_1780533300_H30,769880,Quality Rule,-100.0,1,,,True
validation,769895,2026-06-03T17:35:00-07:00,769895_1780533300_H30,769866,Quality Rule,-100.0,2,,,True
validation,769895,2026-06-03T17:35:00-07:00,769895_1780533300_H30,769847,Quality Rule,-100.0,3,,,True
validation,769895,2026-06-03T17:35:00-07:00,769895_1780533300_H30,770116,Quality Rule,-0.0,4,,,True
validation,769895,2026-06-03T17:35:00-07:00,769895_1780533300_H30,770385,Quality Rule,-0.0,5,,,True
validation,769895,2026-06-03T17:40:00-07:00,769895_1780533600_H30,769880,Quality Rule,-100.0,1,,,True
validation,769895,2026-06-03T17:40:00-07:00,769895_1780533600_H30,769866,Quality Rule,-100.0,2,,,True
validation,769895,2026-06-03T17:40:00-07:00,769895_1780533600_H30,769847,Quality Rule,-100.0,3,,,True
validation,769895,2026-06-03T17:40:00-07:00,769895_1780533600_H30,770116,Quality Rule,-0.0,4,,,True
validation,769895,2026-06-03T17:40:00-07:00,769895_1780533600_H30,770385,Quality Rule,-0.0,5,,,True
validation,769895,2026-06-03T17:45:00-07:00,769895_1780533900_H30,769880,Quality Rule,-100.0,1,,,True
validation,769895,2026-06-03T17:45:00-07:00,769895_1780533900_H30,769866,Quality Rule,-100.0,2,,,True
validation,769895,2026-06-03T17:45:00-07:00,769895_1780533900_H30,769847,Quality Rule,-100.0,3,,,True
validation,769895,2026-06-03T17:45:00-07:00,769895_1780533900_H30,770116,Quality Rule,-0.0,4,,,True
validation,769895,2026-06-03T17:45:00-07:00,769895_1780533900_H30,770385,Quality Rule,-0.0,5,,,True
validation,769895,2026-06-03T17:50:00-07:00,769895_1780534200_H30,769880,Quality Rule,-100.0,1,,,True
validation,769895,2026-06-03T17:50:00-07:00,769895_1780534200_H30,769866,Quality Rule,-100.0,2,,,True
validation,769895,2026-06-03T17:50:00-07:00,769895_1780534200_H30,769847,Quality Rule,-100.0,3,,,True
validation,769895,2026-06-03T17:50:00-07:00,769895_1780534200_H30,770116,Quality Rule,-0.0,4,,,True
validation,769895,2026-06-03T17:50:00-07:00,769895_1780534200_H30,770385,Quality Rule,-0.0,5,,,True
validation,769895,2026-06-03T17:55:00-07:00,769895_1780534500_H30,769880,Quality Rule,-100.0,1,,,True
validation,769895,2026-06-03T17:55:00-07:00,769895_1780534500_H30,769866,Quality Rule,-100.0,2,,,True
validation,769895,2026-06-03T17:55:00-07:00,769895_1780534500_H30,769847,Quality Rule,-100.0,3,,,True
validation,769895,2026-06-03T17:55:00-07:00,769895_1780534500_H30,770116,Quality Rule,-0.0,4,,,True
validation,769895,2026-06-03T17:55:00-07:00,769895_1780534500_H30,770385,Quality Rule,-0.0,5,,,True
validation,769895,2026-06-04T23:30:00-07:00,769895_1780641000_H30,769880,Quality Rule,-100.0,1,,,True
validation,769895,2026-06-04T23:30:00-07:00,769895_1780641000_H30,769866,Quality Rule,-100.0,2,,,True
validation,769895,2026-06-04T23:30:00-07:00,769895_1780641000_H30,769847,Quality Rule,-100.0,3,,,True
validation,769895,2026-06-04T23:30:00-07:00,769895_1780641000_H30,770116,Quality Rule,-0.0,4,,,True
validation,769895,2026-06-04T23:30:00-07:00,769895_1780641000_H30,770385,Quality Rule,-0.0,5,,,True
validation,769895,2026-06-04T23:35:00-07:00,769895_1780641300_H30,769880,Quality Rule,-100.0,1,,,True
validation,769895,2026-06-04T23:35:00-07:00,769895_1780641300_H30,769866,Quality Rule,-100.0,2,,,True
validation,769895,2026-06-04T23:35:00-07:00,769895_1780641300_H30,769847,Quality Rule,-100.0,3,,,True
validation,769895,2026-06-04T23:35:00-07:00,769895_1780641300_H30,770116,Quality Rule,-0.0,4,,,True
validation,769895,2026-06-04T23:35:00-07:00,769895_1780641300_H30,770385,Quality Rule,-0.0,5,,,True
validation,769895,2026-06-04T23:40:00-07:00,769895_1780641600_H30,769880,Quality Rule,-100.0,1,,,True
validation,769895,2026-06-04T23:40:00-07:00,769895_1780641600_H30,769866,Quality Rule,-100.0,2,,,True
validation,769895,2026-06-04T23:40:00-07:00,769895_1780641600_H30,769847,Quality Rule,-100.0,3,,,True
validation,769895,2026-06-04T23:40:00-07:00,769895_1780641600_H30,770116,Quality Rule,-0.0,4,,,True
validation,769895,2026-06-04T23:40:00-07:00,769895_1780641600_H30,770385,Quality Rule,-0.0,5,,,True
validation,769895,2026-06-04T23:45:00-07:00,769895_1780641900_H30,769880,Quality Rule,-100.0,1,,,True
validation,769895,2026-06-04T23:45:00-07:00,769895_1780641900_H30,769866,Quality Rule,-100.0,2,,,True
validation,769895,2026-06-04T23:45:00-07:00,769895_1780641900_H30,769847,Quality Rule,-100.0,3,,,True
validation,769895,2026-06-04T23:45:00-07:00,769895_1780641900_H30,770116,Quality Rule,-0.0,4,,,True
validation,769895,2026-06-04T23:45:00-07:00,769895_1780641900_H30,770385,Quality Rule,-0.0,5,,,True
validation,769895,2026-06-04T23:50:00-07:00,769895_1780642200_H30,769880,Quality Rule,-100.0,1,,,True
validation,769895,2026-06-04T23:50:00-07:00,769895_1780642200_H30,769866,Quality Rule,-100.0,2,,,True
validation,769895,2026-06-04T23:50:00-07:00,769895_1780642200_H30,769847,Quality Rule,-100.0,3,,,True
validation,769895,2026-06-04T23:50:00-07:00,769895_1780642200_H30,770116,Quality Rule,-0.0,4,,,True
validation,769895,2026-06-04T23:50:00-07:00,769895_1780642200_H30,770385,Quality Rule,-0.0,5,,,True
validation,769895,2026-06-04T23:55:00-07:00,769895_1780642500_H30,769880,Quality Rule,-100.0,1,,,True
validation,769895,2026-06-04T23:55:00-07:00,769895_1780642500_H30,769866,Quality Rule,-100.0,2,,,True
validation,769895,2026-06-04T23:55:00-07:00,769895_1780642500_H30,769847,Quality Rule,-100.0,3,,,True
validation,769895,2026-06-04T23:55:00-07:00,769895_1780642500_H30,770116,Quality Rule,-0.0,4,,,True
validation,769895,2026-06-04T23:55:00-07:00,769895_1780642500_H30,770385,Quality Rule,-0.0,5,,,True
validation,769895,2026-06-06T07:20:00-07:00,769895_1780755600_H30,769880,Quality Rule,-66.66666666666667,1,,,True
validation,769895,2026-06-06T07:20:00-07:00,769895_1780755600_H30,769847,Quality Rule,-66.66666666666667,2,,,True
validation,769895,2026-06-06T07:20:00-07:00,769895_1780755600_H30,770116,Quality Rule,-0.0,3,,,True
validation,769895,2026-06-06T07:20:00-07:00,769895_1780755600_H30,769866,Quality Rule,-0.0,4,,,True
validation,769895,2026-06-06T07:20:00-07:00,769895_1780755600_H30,770385,Quality Rule,-0.0,5,,,True
validation,769895,2026-06-06T07:25:00-07:00,769895_1780755900_H30,769880,Quality Rule,-58.333333333333336,1,,,True
validation,769895,2026-06-06T07:25:00-07:00,769895_1780755900_H30,769847,Quality Rule,-58.333333333333336,2,,,True
validation,769895,2026-06-06T07:25:00-07:00,769895_1780755900_H30,770116,Quality Rule,-0.0,3,,,True
validation,769895,2026-06-06T07:25:00-07:00,769895_1780755900_H30,769866,Quality Rule,-0.0,4,,,True
validation,769895,2026-06-06T07:25:00-07:00,769895_1780755900_H30,770385,Quality Rule,-0.0,5,,,True
validation,769895,2026-06-06T07:30:00-07:00,769895_1780756200_H30,769880,Quality Rule,-50.0,1,,,True
validation,769895,2026-06-06T07:30:00-07:00,769895_1780756200_H30,769847,Quality Rule,-50.0,2,,,True
validation,769895,2026-06-06T07:30:00-07:00,769895_1780756200_H30,770116,Quality Rule,-0.0,3,,,True
validation,769895,2026-06-06T07:30:00-07:00,769895_1780756200_H30,769866,Quality Rule,-0.0,4,,,True
validation,769895,2026-06-06T07:30:00-07:00,769895_1780756200_H30,770385,Quality Rule,-0.0,5,,,True
validation,769895,2026-06-06T07:35:00-07:00,769895_1780756500_H30,769880,Quality Rule,-41.666666666666664,1,,,True
validation,769895,2026-06-06T07:35:00-07:00,769895_1780756500_H30,769847,Quality Rule,-41.666666666666664,2,,,True
validation,769895,2026-06-06T07:35:00-07:00,769895_1780756500_H30,770116,Quality Rule,-0.0,3,,,True
validation,769895,2026-06-06T07:35:00-07:00,769895_1780756500_H30,769866,Quality Rule,-0.0,4,,,True
validation,769895,2026-06-06T07:35:00-07:00,769895_1780756500_H30,770385,Quality Rule,-0.0,5,,,True
validation,769895,2026-06-06T07:40:00-07:00,769895_1780756800_H30,769880,Quality Rule,-33.333333333333336,1,,,True
validation,769895,2026-06-06T07:40:00-07:00,769895_1780756800_H30,769847,Quality Rule,-33.333333333333336,2,,,True
validation,769895,2026-06-06T07:40:00-07:00,769895_1780756800_H30,770116,Quality Rule,-0.0,3,,,True
validation,769895,2026-06-06T07:40:00-07:00,769895_1780756800_H30,769866,Quality Rule,-0.0,4,,,True
validation,769895,2026-06-06T07:40:00-07:00,769895_1780756800_H30,770385,Quality Rule,-0.0,5,,,True
validation,769895,2026-06-06T07:45:00-07:00,769895_1780757100_H30,769880,Quality Rule,-25.0,1,,,True
validation,769895,2026-06-06T07:45:00-07:00,769895_1780757100_H30,769847,Quality Rule,-25.0,2,,,True
validation,769895,2026-06-06T07:45:00-07:00,769895_1780757100_H30,770116,Quality Rule,-0.0,3,,,True
validation,769895,2026-06-06T07:45:00-07:00,769895_1780757100_H30,769866,Quality Rule,-0.0,4,,,True
validation,769895,2026-06-06T07:45:00-07:00,769895_1780757100_H30,770385,Quality Rule,-0.0,5,,,True
validation,769895,2026-06-12T23:30:00-07:00,769895_1781332200_H30,769880,Quality Rule,-100.0,1,,,True
validation,769895,2026-06-12T23:30:00-07:00,769895_1781332200_H30,769866,Quality Rule,-100.0,2,,,True
validation,769895,2026-06-12T23:30:00-07:00,769895_1781332200_H30,769847,Quality Rule,-100.0,3,,,True
validation,769895,2026-06-12T23:30:00-07:00,769895_1781332200_H30,770116,Quality Rule,-0.0,4,,,True
validation,769895,2026-06-12T23:30:00-07:00,769895_1781332200_H30,770385,Quality Rule,-0.0,5,,,True
validation,769895,2026-06-12T23:35:00-07:00,769895_1781332500_H30,769880,Quality Rule,-100.0,1,,,True
validation,769895,2026-06-12T23:35:00-07:00,769895_1781332500_H30,769866,Quality Rule,-100.0,2,,,True
validation,769895,2026-06-12T23:35:00-07:00,769895_1781332500_H30,769847,Quality Rule,-100.0,3,,,True
validation,769895,2026-06-12T23:35:00-07:00,769895_1781332500_H30,770116,Quality Rule,-0.0,4,,,True
validation,769895,2026-06-12T23:35:00-07:00,769895_1781332500_H30,770385,Quality Rule,-0.0,5,,,True
validation,769895,2026-06-12T23:40:00-07:00,769895_1781332800_H30,769880,Quality Rule,-100.0,1,,,True
validation,769895,2026-06-12T23:40:00-07:00,769895_1781332800_H30,769866,Quality Rule,-100.0,2,,,True
validation,769895,2026-06-12T23:40:00-07:00,769895_1781332800_H30,769847,Quality Rule,-100.0,3,,,True
validation,769895,2026-06-12T23:40:00-07:00,769895_1781332800_H30,770116,Quality Rule,-0.0,4,,,True
validation,769895,2026-06-12T23:40:00-07:00,769895_1781332800_H30,770385,Quality Rule,-0.0,5,,,True
validation,769895,2026-06-12T23:45:00-07:00,769895_1781333100_H30,769880,Quality Rule,-100.0,1,,,True
validation,769895,2026-06-12T23:45:00-07:00,769895_1781333100_H30,769866,Quality Rule,-100.0,2,,,True
validation,769895,2026-06-12T23:45:00-07:00,769895_1781333100_H30,769847,Quality Rule,-100.0,3,,,True
validation,769895,2026-06-12T23:45:00-07:00,769895_1781333100_H30,770116,Quality Rule,-0.0,4,,,True
validation,769895,2026-06-12T23:45:00-07:00,769895_1781333100_H30,770385,Quality Rule,-0.0,5,,,True
validation,769895,2026-06-12T23:50:00-07:00,769895_1781333400_H30,769880,Quality Rule,-100.0,1,,,True
validation,769895,2026-06-12T23:50:00-07:00,769895_1781333400_H30,769866,Quality Rule,-100.0,2,,,True
validation,769895,2026-06-12T23:50:00-07:00,769895_1781333400_H30,769847,Quality Rule,-100.0,3,,,True
validation,769895,2026-06-12T23:50:00-07:00,769895_1781333400_H30,770116,Quality Rule,-0.0,4,,,True
validation,769895,2026-06-12T23:50:00-07:00,769895_1781333400_H30,770385,Quality Rule,-0.0,5,,,True
validation,769895,2026-06-12T23:55:00-07:00,769895_1781333700_H30,769880,Quality Rule,-100.0,1,,,True
validation,769895,2026-06-12T23:55:00-07:00,769895_1781333700_H30,769866,Quality Rule,-100.0,2,,,True
validation,769895,2026-06-12T23:55:00-07:00,769895_1781333700_H30,769847,Quality Rule,-100.0,3,,,True
validation,769895,2026-06-12T23:55:00-07:00,769895_1781333700_H30,770116,Quality Rule,-0.0,4,,,True
validation,769895,2026-06-12T23:55:00-07:00,769895_1781333700_H30,770385,Quality Rule,-0.0,5,,,True
validation,769895,2026-06-17T11:15:00-07:00,769895_1781720100_H30,769880,Quality Rule,-91.66666666666667,1,,,True
validation,769895,2026-06-17T11:15:00-07:00,769895_1781720100_H30,769847,Quality Rule,-91.66666666666667,2,,,True
validation,769895,2026-06-17T11:15:00-07:00,769895_1781720100_H30,770116,Quality Rule,-0.0,3,,,True
validation,769895,2026-06-17T11:15:00-07:00,769895_1781720100_H30,769866,Quality Rule,-0.0,4,,,True
validation,769895,2026-06-17T11:15:00-07:00,769895_1781720100_H30,770385,Quality Rule,-0.0,5,,,True
validation,769965,2026-06-03T17:30:00-07:00,769965_1780533000_H30,770129,Quality Rule,-100.0,1,,,True
validation,769965,2026-06-03T17:30:00-07:00,769965_1780533000_H30,770141,Quality Rule,-100.0,2,,,True
validation,769965,2026-06-03T17:30:00-07:00,769965_1780533000_H30,769867,Quality Rule,-100.0,3,,,True
validation,769965,2026-06-03T17:30:00-07:00,769965_1780533000_H30,769926,Quality Rule,-100.0,4,,,True
validation,769965,2026-06-03T17:30:00-07:00,769965_1780533000_H30,769911,Quality Rule,-80.0,5,,,True
validation,769965,2026-06-03T17:35:00-07:00,769965_1780533300_H30,770129,Quality Rule,-100.0,1,,,True
validation,769965,2026-06-03T17:35:00-07:00,769965_1780533300_H30,770141,Quality Rule,-100.0,2,,,True
validation,769965,2026-06-03T17:35:00-07:00,769965_1780533300_H30,769867,Quality Rule,-100.0,3,,,True
validation,769965,2026-06-03T17:35:00-07:00,769965_1780533300_H30,769926,Quality Rule,-100.0,4,,,True
validation,769965,2026-06-03T17:35:00-07:00,769965_1780533300_H30,769911,Quality Rule,-80.0,5,,,True
validation,769965,2026-06-03T17:40:00-07:00,769965_1780533600_H30,770129,Quality Rule,-100.0,1,,,True
validation,769965,2026-06-03T17:40:00-07:00,769965_1780533600_H30,770141,Quality Rule,-100.0,2,,,True
validation,769965,2026-06-03T17:40:00-07:00,769965_1780533600_H30,769867,Quality Rule,-100.0,3,,,True
validation,769965,2026-06-03T17:40:00-07:00,769965_1780533600_H30,769926,Quality Rule,-100.0,4,,,True
validation,769965,2026-06-03T17:40:00-07:00,769965_1780533600_H30,769911,Quality Rule,-80.0,5,,,True
validation,769965,2026-06-03T17:45:00-07:00,769965_1780533900_H30,770129,Quality Rule,-100.0,1,,,True
validation,769965,2026-06-03T17:45:00-07:00,769965_1780533900_H30,770141,Quality Rule,-100.0,2,,,True
validation,769965,2026-06-03T17:45:00-07:00,769965_1780533900_H30,769867,Quality Rule,-100.0,3,,,True
validation,769965,2026-06-03T17:45:00-07:00,769965_1780533900_H30,769926,Quality Rule,-100.0,4,,,True
validation,769965,2026-06-03T17:45:00-07:00,769965_1780533900_H30,769911,Quality Rule,-80.0,5,,,True
validation,769965,2026-06-03T17:50:00-07:00,769965_1780534200_H30,770129,Quality Rule,-100.0,1,,,True
validation,769965,2026-06-03T17:50:00-07:00,769965_1780534200_H30,770141,Quality Rule,-100.0,2,,,True
validation,769965,2026-06-03T17:50:00-07:00,769965_1780534200_H30,769867,Quality Rule,-100.0,3,,,True
validation,769965,2026-06-03T17:50:00-07:00,769965_1780534200_H30,769926,Quality Rule,-100.0,4,,,True
validation,769965,2026-06-03T17:50:00-07:00,769965_1780534200_H30,769911,Quality Rule,-80.0,5,,,True
validation,769965,2026-06-03T17:55:00-07:00,769965_1780534500_H30,770129,Quality Rule,-100.0,1,,,True
validation,769965,2026-06-03T17:55:00-07:00,769965_1780534500_H30,770141,Quality Rule,-100.0,2,,,True
validation,769965,2026-06-03T17:55:00-07:00,769965_1780534500_H30,769867,Quality Rule,-100.0,3,,,True
validation,769965,2026-06-03T17:55:00-07:00,769965_1780534500_H30,769926,Quality Rule,-100.0,4,,,True
validation,769965,2026-06-03T17:55:00-07:00,769965_1780534500_H30,769911,Quality Rule,-80.0,5,,,True
validation,769965,2026-06-04T23:30:00-07:00,769965_1780641000_H30,770129,Quality Rule,-100.0,1,,,True
validation,769965,2026-06-04T23:30:00-07:00,769965_1780641000_H30,769867,Quality Rule,-100.0,2,,,True
validation,769965,2026-06-04T23:30:00-07:00,769965_1780641000_H30,769926,Quality Rule,-100.0,3,,,True
validation,769965,2026-06-04T23:30:00-07:00,769965_1780641000_H30,769911,Quality Rule,-71.66666666666667,4,,,True
validation,769965,2026-06-04T23:30:00-07:00,769965_1780641000_H30,770141,Quality Rule,-0.0,5,,,True
validation,769965,2026-06-04T23:35:00-07:00,769965_1780641300_H30,770129,Quality Rule,-100.0,1,,,True
validation,769965,2026-06-04T23:35:00-07:00,769965_1780641300_H30,769867,Quality Rule,-100.0,2,,,True
validation,769965,2026-06-04T23:35:00-07:00,769965_1780641300_H30,769926,Quality Rule,-100.0,3,,,True
validation,769965,2026-06-04T23:35:00-07:00,769965_1780641300_H30,769911,Quality Rule,-70.0,4,,,True
validation,769965,2026-06-04T23:35:00-07:00,769965_1780641300_H30,770141,Quality Rule,-0.0,5,,,True
validation,769965,2026-06-04T23:40:00-07:00,769965_1780641600_H30,770129,Quality Rule,-100.0,1,,,True
validation,769965,2026-06-04T23:40:00-07:00,769965_1780641600_H30,769867,Quality Rule,-100.0,2,,,True
validation,769965,2026-06-04T23:40:00-07:00,769965_1780641600_H30,769926,Quality Rule,-100.0,3,,,True
validation,769965,2026-06-04T23:40:00-07:00,769965_1780641600_H30,769911,Quality Rule,-68.33333333333333,4,,,True
validation,769965,2026-06-04T23:40:00-07:00,769965_1780641600_H30,770141,Quality Rule,-0.0,5,,,True
validation,769965,2026-06-04T23:45:00-07:00,769965_1780641900_H30,770129,Quality Rule,-100.0,1,,,True
validation,769965,2026-06-04T23:45:00-07:00,769965_1780641900_H30,769867,Quality Rule,-100.0,2,,,True
validation,769965,2026-06-04T23:45:00-07:00,769965_1780641900_H30,769926,Quality Rule,-100.0,3,,,True
validation,769965,2026-06-04T23:45:00-07:00,769965_1780641900_H30,769911,Quality Rule,-66.66666666666667,4,,,True
validation,769965,2026-06-04T23:45:00-07:00,769965_1780641900_H30,770141,Quality Rule,-0.0,5,,,True
validation,769965,2026-06-04T23:50:00-07:00,769965_1780642200_H30,770129,Quality Rule,-100.0,1,,,True
validation,769965,2026-06-04T23:50:00-07:00,769965_1780642200_H30,769867,Quality Rule,-100.0,2,,,True
validation,769965,2026-06-04T23:50:00-07:00,769965_1780642200_H30,769926,Quality Rule,-100.0,3,,,True
validation,769965,2026-06-04T23:50:00-07:00,769965_1780642200_H30,769911,Quality Rule,-68.33333333333333,4,,,True
validation,769965,2026-06-04T23:50:00-07:00,769965_1780642200_H30,770141,Quality Rule,-0.0,5,,,True
validation,769965,2026-06-04T23:55:00-07:00,769965_1780642500_H30,770129,Quality Rule,-100.0,1,,,True
validation,769965,2026-06-04T23:55:00-07:00,769965_1780642500_H30,769867,Quality Rule,-100.0,2,,,True
validation,769965,2026-06-04T23:55:00-07:00,769965_1780642500_H30,769926,Quality Rule,-100.0,3,,,True
validation,769965,2026-06-04T23:55:00-07:00,769965_1780642500_H30,769911,Quality Rule,-66.66666666666667,4,,,True
validation,769965,2026-06-04T23:55:00-07:00,769965_1780642500_H30,770141,Quality Rule,-0.0,5,,,True
validation,769965,2026-06-06T07:20:00-07:00,769965_1780755600_H30,770129,Quality Rule,-66.66666666666667,1,,,True
validation,769965,2026-06-06T07:20:00-07:00,769965_1780755600_H30,769926,Quality Rule,-66.66666666666667,2,,,True
validation,769965,2026-06-06T07:20:00-07:00,769965_1780755600_H30,769911,Quality Rule,-40.0,3,,,True
validation,769965,2026-06-06T07:20:00-07:00,769965_1780755600_H30,770141,Quality Rule,-0.0,4,,,True
validation,769965,2026-06-06T07:20:00-07:00,769965_1780755600_H30,769867,Quality Rule,-0.0,5,,,True
validation,769965,2026-06-06T07:25:00-07:00,769965_1780755900_H30,770129,Quality Rule,-58.333333333333336,1,,,True
validation,769965,2026-06-06T07:25:00-07:00,769965_1780755900_H30,769926,Quality Rule,-58.333333333333336,2,,,True
validation,769965,2026-06-06T07:25:00-07:00,769965_1780755900_H30,769911,Quality Rule,-35.0,3,,,True
validation,769965,2026-06-06T07:25:00-07:00,769965_1780755900_H30,770141,Quality Rule,-0.0,4,,,True
validation,769965,2026-06-06T07:25:00-07:00,769965_1780755900_H30,769867,Quality Rule,-0.0,5,,,True
validation,769965,2026-06-06T07:30:00-07:00,769965_1780756200_H30,770129,Quality Rule,-50.0,1,,,True
validation,769965,2026-06-06T07:30:00-07:00,769965_1780756200_H30,769926,Quality Rule,-50.0,2,,,True
validation,769965,2026-06-06T07:30:00-07:00,769965_1780756200_H30,769911,Quality Rule,-30.0,3,,,True
validation,769965,2026-06-06T07:30:00-07:00,769965_1780756200_H30,770141,Quality Rule,-0.0,4,,,True
validation,769965,2026-06-06T07:30:00-07:00,769965_1780756200_H30,769867,Quality Rule,-0.0,5,,,True
validation,769965,2026-06-06T07:35:00-07:00,769965_1780756500_H30,770129,Quality Rule,-41.666666666666664,1,,,True
validation,769965,2026-06-06T07:35:00-07:00,769965_1780756500_H30,769926,Quality Rule,-41.666666666666664,2,,,True
validation,769965,2026-06-06T07:35:00-07:00,769965_1780756500_H30,769911,Quality Rule,-25.0,3,,,True
validation,769965,2026-06-06T07:35:00-07:00,769965_1780756500_H30,770141,Quality Rule,-0.0,4,,,True
validation,769965,2026-06-06T07:35:00-07:00,769965_1780756500_H30,769867,Quality Rule,-0.0,5,,,True
validation,769965,2026-06-06T07:40:00-07:00,769965_1780756800_H30,770129,Quality Rule,-33.333333333333336,1,,,True
validation,769965,2026-06-06T07:40:00-07:00,769965_1780756800_H30,769926,Quality Rule,-33.333333333333336,2,,,True
validation,769965,2026-06-06T07:40:00-07:00,769965_1780756800_H30,769911,Quality Rule,-20.0,3,,,True
validation,769965,2026-06-06T07:40:00-07:00,769965_1780756800_H30,770141,Quality Rule,-0.0,4,,,True
validation,769965,2026-06-06T07:40:00-07:00,769965_1780756800_H30,769867,Quality Rule,-0.0,5,,,True
validation,769965,2026-06-06T07:45:00-07:00,769965_1780757100_H30,770129,Quality Rule,-25.0,1,,,True
validation,769965,2026-06-06T07:45:00-07:00,769965_1780757100_H30,769926,Quality Rule,-25.0,2,,,True
validation,769965,2026-06-06T07:45:00-07:00,769965_1780757100_H30,769911,Quality Rule,-15.0,3,,,True
validation,769965,2026-06-06T07:45:00-07:00,769965_1780757100_H30,770141,Quality Rule,-0.0,4,,,True
validation,769965,2026-06-06T07:45:00-07:00,769965_1780757100_H30,769867,Quality Rule,-0.0,5,,,True
validation,769965,2026-06-12T23:30:00-07:00,769965_1781332200_H30,770129,Quality Rule,-100.0,1,,,True
validation,769965,2026-06-12T23:30:00-07:00,769965_1781332200_H30,769867,Quality Rule,-100.0,2,,,True
validation,769965,2026-06-12T23:30:00-07:00,769965_1781332200_H30,769926,Quality Rule,-100.0,3,,,True
validation,769965,2026-06-12T23:30:00-07:00,769965_1781332200_H30,769911,Quality Rule,-60.0,4,,,True
validation,769965,2026-06-12T23:30:00-07:00,769965_1781332200_H30,770141,Quality Rule,-0.0,5,,,True
validation,769965,2026-06-12T23:35:00-07:00,769965_1781332500_H30,770129,Quality Rule,-100.0,1,,,True
validation,769965,2026-06-12T23:35:00-07:00,769965_1781332500_H30,769867,Quality Rule,-100.0,2,,,True
validation,769965,2026-06-12T23:35:00-07:00,769965_1781332500_H30,769926,Quality Rule,-100.0,3,,,True
validation,769965,2026-06-12T23:35:00-07:00,769965_1781332500_H30,769911,Quality Rule,-60.0,4,,,True
validation,769965,2026-06-12T23:35:00-07:00,769965_1781332500_H30,770141,Quality Rule,-0.0,5,,,True
validation,769965,2026-06-12T23:40:00-07:00,769965_1781332800_H30,770129,Quality Rule,-100.0,1,,,True
validation,769965,2026-06-12T23:40:00-07:00,769965_1781332800_H30,769867,Quality Rule,-100.0,2,,,True
validation,769965,2026-06-12T23:40:00-07:00,769965_1781332800_H30,769926,Quality Rule,-100.0,3,,,True
validation,769965,2026-06-12T23:40:00-07:00,769965_1781332800_H30,769911,Quality Rule,-60.0,4,,,True
validation,769965,2026-06-12T23:40:00-07:00,769965_1781332800_H30,770141,Quality Rule,-0.0,5,,,True
validation,769965,2026-06-12T23:45:00-07:00,769965_1781333100_H30,770129,Quality Rule,-100.0,1,,,True
validation,769965,2026-06-12T23:45:00-07:00,769965_1781333100_H30,769867,Quality Rule,-100.0,2,,,True
validation,769965,2026-06-12T23:45:00-07:00,769965_1781333100_H30,769926,Quality Rule,-100.0,3,,,True
validation,769965,2026-06-12T23:45:00-07:00,769965_1781333100_H30,769911,Quality Rule,-60.0,4,,,True
validation,769965,2026-06-12T23:45:00-07:00,769965_1781333100_H30,770141,Quality Rule,-0.0,5,,,True
validation,769965,2026-06-12T23:50:00-07:00,769965_1781333400_H30,770129,Quality Rule,-100.0,1,,,True
validation,769965,2026-06-12T23:50:00-07:00,769965_1781333400_H30,769867,Quality Rule,-100.0,2,,,True
validation,769965,2026-06-12T23:50:00-07:00,769965_1781333400_H30,769926,Quality Rule,-100.0,3,,,True
validation,769965,2026-06-12T23:50:00-07:00,769965_1781333400_H30,769911,Quality Rule,-60.0,4,,,True
validation,769965,2026-06-12T23:50:00-07:00,769965_1781333400_H30,770141,Quality Rule,-0.0,5,,,True
validation,769965,2026-06-12T23:55:00-07:00,769965_1781333700_H30,770129,Quality Rule,-100.0,1,,,True
validation,769965,2026-06-12T23:55:00-07:00,769965_1781333700_H30,769867,Quality Rule,-100.0,2,,,True
validation,769965,2026-06-12T23:55:00-07:00,769965_1781333700_H30,769926,Quality Rule,-100.0,3,,,True
validation,769965,2026-06-12T23:55:00-07:00,769965_1781333700_H30,769911,Quality Rule,-60.0,4,,,True
validation,769965,2026-06-12T23:55:00-07:00,769965_1781333700_H30,770141,Quality Rule,-0.0,5,,,True
validation,769965,2026-06-17T11:15:00-07:00,769965_1781720100_H30,770129,Quality Rule,-91.66666666666667,1,,,True
validation,769965,2026-06-17T11:15:00-07:00,769965_1781720100_H30,769926,Quality Rule,-91.66666666666667,2,,,True
validation,769965,2026-06-17T11:15:00-07:00,769965_1781720100_H30,769911,Quality Rule,-55.0,3,,,True
validation,769965,2026-06-17T11:15:00-07:00,769965_1781720100_H30,770141,Quality Rule,-0.0,4,,,True
validation,769965,2026-06-17T11:15:00-07:00,769965_1781720100_H30,769867,Quality Rule,-0.0,5,,,True
validation,775511,2026-06-06T23:30:00-07:00,775511_1780813800_H30,764283,Quality Rule,-0.0,1,,,True
validation,775511,2026-06-06T23:30:00-07:00,775511_1780813800_H30,764290,Quality Rule,-0.0,2,,,True
validation,775511,2026-06-06T23:30:00-07:00,775511_1780813800_H30,764297,Quality Rule,-0.0,3,,,True
validation,775511,2026-06-06T23:30:00-07:00,775511_1780813800_H30,764311,Quality Rule,-0.0,4,,,True
validation,775511,2026-06-06T23:30:00-07:00,775511_1780813800_H30,764322,Quality Rule,-0.0,5,,,True
validation,775511,2026-06-06T23:35:00-07:00,775511_1780814100_H30,764283,Quality Rule,-0.0,1,,,True
validation,775511,2026-06-06T23:35:00-07:00,775511_1780814100_H30,764290,Quality Rule,-0.0,2,,,True
validation,775511,2026-06-06T23:35:00-07:00,775511_1780814100_H30,764297,Quality Rule,-0.0,3,,,True
validation,775511,2026-06-06T23:35:00-07:00,775511_1780814100_H30,764311,Quality Rule,-0.0,4,,,True
validation,775511,2026-06-06T23:35:00-07:00,775511_1780814100_H30,764322,Quality Rule,-0.0,5,,,True
validation,775511,2026-06-06T23:40:00-07:00,775511_1780814400_H30,764283,Quality Rule,-0.0,1,,,True
validation,775511,2026-06-06T23:40:00-07:00,775511_1780814400_H30,764290,Quality Rule,-0.0,2,,,True
validation,775511,2026-06-06T23:40:00-07:00,775511_1780814400_H30,764297,Quality Rule,-0.0,3,,,True
validation,775511,2026-06-06T23:40:00-07:00,775511_1780814400_H30,764311,Quality Rule,-0.0,4,,,True
validation,775511,2026-06-06T23:40:00-07:00,775511_1780814400_H30,764322,Quality Rule,-0.0,5,,,True
validation,775511,2026-06-06T23:45:00-07:00,775511_1780814700_H30,764283,Quality Rule,-0.0,1,,,True
validation,775511,2026-06-06T23:45:00-07:00,775511_1780814700_H30,764290,Quality Rule,-0.0,2,,,True
validation,775511,2026-06-06T23:45:00-07:00,775511_1780814700_H30,764297,Quality Rule,-0.0,3,,,True
validation,775511,2026-06-06T23:45:00-07:00,775511_1780814700_H30,764311,Quality Rule,-0.0,4,,,True
validation,775511,2026-06-06T23:45:00-07:00,775511_1780814700_H30,764322,Quality Rule,-0.0,5,,,True
validation,775511,2026-06-06T23:50:00-07:00,775511_1780815000_H30,764283,Quality Rule,-0.0,1,,,True
validation,775511,2026-06-06T23:50:00-07:00,775511_1780815000_H30,764290,Quality Rule,-0.0,2,,,True
validation,775511,2026-06-06T23:50:00-07:00,775511_1780815000_H30,764297,Quality Rule,-0.0,3,,,True
validation,775511,2026-06-06T23:50:00-07:00,775511_1780815000_H30,764311,Quality Rule,-0.0,4,,,True
validation,775511,2026-06-06T23:50:00-07:00,775511_1780815000_H30,764322,Quality Rule,-0.0,5,,,True
validation,775511,2026-06-06T23:55:00-07:00,775511_1780815300_H30,764283,Quality Rule,-0.0,1,,,True
validation,775511,2026-06-06T23:55:00-07:00,775511_1780815300_H30,764290,Quality Rule,-0.0,2,,,True
validation,775511,2026-06-06T23:55:00-07:00,775511_1780815300_H30,764297,Quality Rule,-0.0,3,,,True
validation,775511,2026-06-06T23:55:00-07:00,775511_1780815300_H30,764311,Quality Rule,-0.0,4,,,True
validation,775511,2026-06-06T23:55:00-07:00,775511_1780815300_H30,764322,Quality Rule,-0.0,5,,,True
validation,775511,2026-06-08T23:30:00-07:00,775511_1780986600_H30,764283,Quality Rule,-0.0,1,,,True
validation,775511,2026-06-08T23:30:00-07:00,775511_1780986600_H30,764290,Quality Rule,-0.0,2,,,True
validation,775511,2026-06-08T23:30:00-07:00,775511_1780986600_H30,764297,Quality Rule,-0.0,3,,,True
validation,775511,2026-06-08T23:30:00-07:00,775511_1780986600_H30,764311,Quality Rule,-0.0,4,,,True
validation,775511,2026-06-08T23:30:00-07:00,775511_1780986600_H30,764322,Quality Rule,-0.0,5,,,True
validation,775511,2026-06-08T23:35:00-07:00,775511_1780986900_H30,764283,Quality Rule,-0.0,1,,,True
validation,775511,2026-06-08T23:35:00-07:00,775511_1780986900_H30,764290,Quality Rule,-0.0,2,,,True
validation,775511,2026-06-08T23:35:00-07:00,775511_1780986900_H30,764297,Quality Rule,-0.0,3,,,True
validation,775511,2026-06-08T23:35:00-07:00,775511_1780986900_H30,764311,Quality Rule,-0.0,4,,,True
validation,775511,2026-06-08T23:35:00-07:00,775511_1780986900_H30,764322,Quality Rule,-0.0,5,,,True
validation,775511,2026-06-08T23:40:00-07:00,775511_1780987200_H30,764283,Quality Rule,-0.0,1,,,True
validation,775511,2026-06-08T23:40:00-07:00,775511_1780987200_H30,764290,Quality Rule,-0.0,2,,,True
validation,775511,2026-06-08T23:40:00-07:00,775511_1780987200_H30,764297,Quality Rule,-0.0,3,,,True
validation,775511,2026-06-08T23:40:00-07:00,775511_1780987200_H30,764311,Quality Rule,-0.0,4,,,True
validation,775511,2026-06-08T23:40:00-07:00,775511_1780987200_H30,764322,Quality Rule,-0.0,5,,,True
validation,775511,2026-06-08T23:45:00-07:00,775511_1780987500_H30,764283,Quality Rule,-0.0,1,,,True
validation,775511,2026-06-08T23:45:00-07:00,775511_1780987500_H30,764290,Quality Rule,-0.0,2,,,True
validation,775511,2026-06-08T23:45:00-07:00,775511_1780987500_H30,764297,Quality Rule,-0.0,3,,,True
validation,775511,2026-06-08T23:45:00-07:00,775511_1780987500_H30,764311,Quality Rule,-0.0,4,,,True
validation,775511,2026-06-08T23:45:00-07:00,775511_1780987500_H30,764322,Quality Rule,-0.0,5,,,True
validation,775511,2026-06-08T23:50:00-07:00,775511_1780987800_H30,764283,Quality Rule,-0.0,1,,,True
validation,775511,2026-06-08T23:50:00-07:00,775511_1780987800_H30,764290,Quality Rule,-0.0,2,,,True
validation,775511,2026-06-08T23:50:00-07:00,775511_1780987800_H30,764297,Quality Rule,-0.0,3,,,True
validation,775511,2026-06-08T23:50:00-07:00,775511_1780987800_H30,764311,Quality Rule,-0.0,4,,,True
validation,775511,2026-06-08T23:50:00-07:00,775511_1780987800_H30,764322,Quality Rule,-0.0,5,,,True
validation,775511,2026-06-08T23:55:00-07:00,775511_1780988100_H30,764283,Quality Rule,-0.0,1,,,True
validation,775511,2026-06-08T23:55:00-07:00,775511_1780988100_H30,764290,Quality Rule,-0.0,2,,,True
validation,775511,2026-06-08T23:55:00-07:00,775511_1780988100_H30,764297,Quality Rule,-0.0,3,,,True
validation,775511,2026-06-08T23:55:00-07:00,775511_1780988100_H30,764311,Quality Rule,-0.0,4,,,True
validation,775511,2026-06-08T23:55:00-07:00,775511_1780988100_H30,764322,Quality Rule,-0.0,5,,,True
validation,775511,2026-06-10T23:30:00-07:00,775511_1781159400_H30,764283,Quality Rule,-0.0,1,,,True
validation,775511,2026-06-10T23:30:00-07:00,775511_1781159400_H30,764290,Quality Rule,-0.0,2,,,True
validation,775511,2026-06-10T23:30:00-07:00,775511_1781159400_H30,764297,Quality Rule,-0.0,3,,,True
validation,775511,2026-06-10T23:30:00-07:00,775511_1781159400_H30,764311,Quality Rule,-0.0,4,,,True
validation,775511,2026-06-10T23:30:00-07:00,775511_1781159400_H30,764322,Quality Rule,-0.0,5,,,True
validation,775511,2026-06-10T23:35:00-07:00,775511_1781159700_H30,764283,Quality Rule,-0.0,1,,,True
validation,775511,2026-06-10T23:35:00-07:00,775511_1781159700_H30,764290,Quality Rule,-0.0,2,,,True
validation,775511,2026-06-10T23:35:00-07:00,775511_1781159700_H30,764297,Quality Rule,-0.0,3,,,True
validation,775511,2026-06-10T23:35:00-07:00,775511_1781159700_H30,764311,Quality Rule,-0.0,4,,,True
validation,775511,2026-06-10T23:35:00-07:00,775511_1781159700_H30,764322,Quality Rule,-0.0,5,,,True
validation,775511,2026-06-10T23:40:00-07:00,775511_1781160000_H30,764283,Quality Rule,-0.0,1,,,True
validation,775511,2026-06-10T23:40:00-07:00,775511_1781160000_H30,764290,Quality Rule,-0.0,2,,,True
validation,775511,2026-06-10T23:40:00-07:00,775511_1781160000_H30,764297,Quality Rule,-0.0,3,,,True
validation,775511,2026-06-10T23:40:00-07:00,775511_1781160000_H30,764311,Quality Rule,-0.0,4,,,True
validation,775511,2026-06-10T23:40:00-07:00,775511_1781160000_H30,764322,Quality Rule,-0.0,5,,,True
validation,775511,2026-06-10T23:45:00-07:00,775511_1781160300_H30,764283,Quality Rule,-0.0,1,,,True
validation,775511,2026-06-10T23:45:00-07:00,775511_1781160300_H30,764290,Quality Rule,-0.0,2,,,True
validation,775511,2026-06-10T23:45:00-07:00,775511_1781160300_H30,764297,Quality Rule,-0.0,3,,,True
validation,775511,2026-06-10T23:45:00-07:00,775511_1781160300_H30,764311,Quality Rule,-0.0,4,,,True
validation,775511,2026-06-10T23:45:00-07:00,775511_1781160300_H30,764322,Quality Rule,-0.0,5,,,True
validation,775511,2026-06-10T23:50:00-07:00,775511_1781160600_H30,764283,Quality Rule,-0.0,1,,,True
validation,775511,2026-06-10T23:50:00-07:00,775511_1781160600_H30,764290,Quality Rule,-0.0,2,,,True
validation,775511,2026-06-10T23:50:00-07:00,775511_1781160600_H30,764297,Quality Rule,-0.0,3,,,True
validation,775511,2026-06-10T23:50:00-07:00,775511_1781160600_H30,764311,Quality Rule,-0.0,4,,,True
validation,775511,2026-06-10T23:50:00-07:00,775511_1781160600_H30,764322,Quality Rule,-0.0,5,,,True
validation,775511,2026-06-10T23:55:00-07:00,775511_1781160900_H30,764283,Quality Rule,-0.0,1,,,True
validation,775511,2026-06-10T23:55:00-07:00,775511_1781160900_H30,764290,Quality Rule,-0.0,2,,,True
validation,775511,2026-06-10T23:55:00-07:00,775511_1781160900_H30,764297,Quality Rule,-0.0,3,,,True
validation,775511,2026-06-10T23:55:00-07:00,775511_1781160900_H30,764311,Quality Rule,-0.0,4,,,True
validation,775511,2026-06-10T23:55:00-07:00,775511_1781160900_H30,764322,Quality Rule,-0.0,5,,,True
validation,775511,2026-06-23T23:30:00-07:00,775511_1782282600_H30,764311,Quality Rule,-100.0,1,,,True
validation,775511,2026-06-23T23:30:00-07:00,775511_1782282600_H30,764283,Quality Rule,-0.0,2,,,True
validation,775511,2026-06-23T23:30:00-07:00,775511_1782282600_H30,764290,Quality Rule,-0.0,3,,,True
validation,775511,2026-06-23T23:30:00-07:00,775511_1782282600_H30,764297,Quality Rule,-0.0,4,,,True
validation,775511,2026-06-23T23:30:00-07:00,775511_1782282600_H30,764322,Quality Rule,-0.0,5,,,True
validation,775511,2026-06-23T23:35:00-07:00,775511_1782282900_H30,764311,Quality Rule,-100.0,1,,,True
validation,775511,2026-06-23T23:35:00-07:00,775511_1782282900_H30,764283,Quality Rule,-0.0,2,,,True
validation,775511,2026-06-23T23:35:00-07:00,775511_1782282900_H30,764290,Quality Rule,-0.0,3,,,True
validation,775511,2026-06-23T23:35:00-07:00,775511_1782282900_H30,764297,Quality Rule,-0.0,4,,,True
validation,775511,2026-06-23T23:35:00-07:00,775511_1782282900_H30,764322,Quality Rule,-0.0,5,,,True
validation,775511,2026-06-23T23:40:00-07:00,775511_1782283200_H30,764311,Quality Rule,-100.0,1,,,True
validation,775511,2026-06-23T23:40:00-07:00,775511_1782283200_H30,764283,Quality Rule,-0.0,2,,,True
validation,775511,2026-06-23T23:40:00-07:00,775511_1782283200_H30,764290,Quality Rule,-0.0,3,,,True
validation,775511,2026-06-23T23:40:00-07:00,775511_1782283200_H30,764297,Quality Rule,-0.0,4,,,True
validation,775511,2026-06-23T23:40:00-07:00,775511_1782283200_H30,764322,Quality Rule,-0.0,5,,,True
validation,775511,2026-06-23T23:45:00-07:00,775511_1782283500_H30,764311,Quality Rule,-100.0,1,,,True
validation,775511,2026-06-23T23:45:00-07:00,775511_1782283500_H30,764283,Quality Rule,-0.0,2,,,True
validation,775511,2026-06-23T23:45:00-07:00,775511_1782283500_H30,764290,Quality Rule,-0.0,3,,,True
validation,775511,2026-06-23T23:45:00-07:00,775511_1782283500_H30,764297,Quality Rule,-0.0,4,,,True
validation,775511,2026-06-23T23:45:00-07:00,775511_1782283500_H30,764322,Quality Rule,-0.0,5,,,True
validation,775511,2026-06-23T23:50:00-07:00,775511_1782283800_H30,764311,Quality Rule,-100.0,1,,,True
validation,775511,2026-06-23T23:50:00-07:00,775511_1782283800_H30,764283,Quality Rule,-0.0,2,,,True
validation,775511,2026-06-23T23:50:00-07:00,775511_1782283800_H30,764290,Quality Rule,-0.0,3,,,True
validation,775511,2026-06-23T23:50:00-07:00,775511_1782283800_H30,764297,Quality Rule,-0.0,4,,,True
validation,775511,2026-06-23T23:50:00-07:00,775511_1782283800_H30,764322,Quality Rule,-0.0,5,,,True
validation,775511,2026-06-23T23:55:00-07:00,775511_1782284100_H30,764311,Quality Rule,-100.0,1,,,True
validation,775511,2026-06-23T23:55:00-07:00,775511_1782284100_H30,764283,Quality Rule,-0.0,2,,,True
validation,775511,2026-06-23T23:55:00-07:00,775511_1782284100_H30,764290,Quality Rule,-0.0,3,,,True
validation,775511,2026-06-23T23:55:00-07:00,775511_1782284100_H30,764297,Quality Rule,-0.0,4,,,True
validation,775511,2026-06-23T23:55:00-07:00,775511_1782284100_H30,764322,Quality Rule,-0.0,5,,,True
validation,775511,2026-06-26T23:30:00-07:00,775511_1782541800_H30,764311,Quality Rule,-100.0,1,,,True
validation,775511,2026-06-26T23:30:00-07:00,775511_1782541800_H30,764283,Quality Rule,-0.0,2,,,True
validation,775511,2026-06-26T23:30:00-07:00,775511_1782541800_H30,764290,Quality Rule,-0.0,3,,,True
validation,775511,2026-06-26T23:30:00-07:00,775511_1782541800_H30,764297,Quality Rule,-0.0,4,,,True
validation,775511,2026-06-26T23:30:00-07:00,775511_1782541800_H30,764322,Quality Rule,-0.0,5,,,True
validation,775511,2026-06-26T23:35:00-07:00,775511_1782542100_H30,764311,Quality Rule,-100.0,1,,,True
validation,775511,2026-06-26T23:35:00-07:00,775511_1782542100_H30,764283,Quality Rule,-0.0,2,,,True
validation,775511,2026-06-26T23:35:00-07:00,775511_1782542100_H30,764290,Quality Rule,-0.0,3,,,True
validation,775511,2026-06-26T23:35:00-07:00,775511_1782542100_H30,764297,Quality Rule,-0.0,4,,,True
validation,775511,2026-06-26T23:35:00-07:00,775511_1782542100_H30,764322,Quality Rule,-0.0,5,,,True
validation,775511,2026-06-26T23:40:00-07:00,775511_1782542400_H30,764311,Quality Rule,-100.0,1,,,True
validation,775511,2026-06-26T23:40:00-07:00,775511_1782542400_H30,764283,Quality Rule,-0.0,2,,,True
validation,775511,2026-06-26T23:40:00-07:00,775511_1782542400_H30,764290,Quality Rule,-0.0,3,,,True
validation,775511,2026-06-26T23:40:00-07:00,775511_1782542400_H30,764297,Quality Rule,-0.0,4,,,True
validation,775511,2026-06-26T23:40:00-07:00,775511_1782542400_H30,764322,Quality Rule,-0.0,5,,,True
validation,775511,2026-06-26T23:45:00-07:00,775511_1782542700_H30,764311,Quality Rule,-100.0,1,,,True
validation,775511,2026-06-26T23:45:00-07:00,775511_1782542700_H30,764283,Quality Rule,-0.0,2,,,True
validation,775511,2026-06-26T23:45:00-07:00,775511_1782542700_H30,764290,Quality Rule,-0.0,3,,,True
validation,775511,2026-06-26T23:45:00-07:00,775511_1782542700_H30,764297,Quality Rule,-0.0,4,,,True
validation,775511,2026-06-26T23:45:00-07:00,775511_1782542700_H30,764322,Quality Rule,-0.0,5,,,True
validation,775511,2026-06-26T23:50:00-07:00,775511_1782543000_H30,764311,Quality Rule,-100.0,1,,,True
validation,775511,2026-06-26T23:50:00-07:00,775511_1782543000_H30,764283,Quality Rule,-0.0,2,,,True
validation,775511,2026-06-26T23:50:00-07:00,775511_1782543000_H30,764290,Quality Rule,-0.0,3,,,True
validation,775511,2026-06-26T23:50:00-07:00,775511_1782543000_H30,764297,Quality Rule,-0.0,4,,,True
validation,775511,2026-06-26T23:50:00-07:00,775511_1782543000_H30,764322,Quality Rule,-0.0,5,,,True
validation,775511,2026-06-26T23:55:00-07:00,775511_1782543300_H30,764311,Quality Rule,-100.0,1,,,True
validation,775511,2026-06-26T23:55:00-07:00,775511_1782543300_H30,764283,Quality Rule,-0.0,2,,,True
validation,775511,2026-06-26T23:55:00-07:00,775511_1782543300_H30,764290,Quality Rule,-0.0,3,,,True
validation,775511,2026-06-26T23:55:00-07:00,775511_1782543300_H30,764297,Quality Rule,-0.0,4,,,True
validation,775511,2026-06-26T23:55:00-07:00,775511_1782543300_H30,764322,Quality Rule,-0.0,5,,,True
validation,775536,2026-06-02T23:30:00-07:00,775536_1780468200_H30,768701,Quality Rule,-0.0,1,,,True
validation,775536,2026-06-02T23:30:00-07:00,775536_1780468200_H30,774344,Quality Rule,-0.0,2,,,True
validation,775536,2026-06-02T23:30:00-07:00,775536_1780468200_H30,718405,Quality Rule,-0.0,3,,,True
validation,775536,2026-06-02T23:30:00-07:00,775536_1780468200_H30,759858,Quality Rule,-0.0,4,,,True
validation,775536,2026-06-02T23:30:00-07:00,775536_1780468200_H30,759870,Quality Rule,-0.0,5,,,True
validation,775536,2026-06-02T23:35:00-07:00,775536_1780468500_H30,768701,Quality Rule,-0.0,1,,,True
validation,775536,2026-06-02T23:35:00-07:00,775536_1780468500_H30,774344,Quality Rule,-0.0,2,,,True
validation,775536,2026-06-02T23:35:00-07:00,775536_1780468500_H30,718405,Quality Rule,-0.0,3,,,True
validation,775536,2026-06-02T23:35:00-07:00,775536_1780468500_H30,759858,Quality Rule,-0.0,4,,,True
validation,775536,2026-06-02T23:35:00-07:00,775536_1780468500_H30,759870,Quality Rule,-0.0,5,,,True
validation,775536,2026-06-02T23:40:00-07:00,775536_1780468800_H30,768701,Quality Rule,-0.0,1,,,True
validation,775536,2026-06-02T23:40:00-07:00,775536_1780468800_H30,774344,Quality Rule,-0.0,2,,,True
validation,775536,2026-06-02T23:40:00-07:00,775536_1780468800_H30,718405,Quality Rule,-0.0,3,,,True
validation,775536,2026-06-02T23:40:00-07:00,775536_1780468800_H30,759858,Quality Rule,-0.0,4,,,True
validation,775536,2026-06-02T23:40:00-07:00,775536_1780468800_H30,759870,Quality Rule,-0.0,5,,,True
validation,775536,2026-06-02T23:45:00-07:00,775536_1780469100_H30,768701,Quality Rule,-0.0,1,,,True
validation,775536,2026-06-02T23:45:00-07:00,775536_1780469100_H30,774344,Quality Rule,-0.0,2,,,True
validation,775536,2026-06-02T23:45:00-07:00,775536_1780469100_H30,718405,Quality Rule,-0.0,3,,,True
validation,775536,2026-06-02T23:45:00-07:00,775536_1780469100_H30,759858,Quality Rule,-0.0,4,,,True
validation,775536,2026-06-02T23:45:00-07:00,775536_1780469100_H30,759870,Quality Rule,-0.0,5,,,True
validation,775536,2026-06-02T23:50:00-07:00,775536_1780469400_H30,768701,Quality Rule,-0.0,1,,,True
validation,775536,2026-06-02T23:50:00-07:00,775536_1780469400_H30,774344,Quality Rule,-0.0,2,,,True
validation,775536,2026-06-02T23:50:00-07:00,775536_1780469400_H30,718405,Quality Rule,-0.0,3,,,True
validation,775536,2026-06-02T23:50:00-07:00,775536_1780469400_H30,759858,Quality Rule,-0.0,4,,,True
validation,775536,2026-06-02T23:50:00-07:00,775536_1780469400_H30,759870,Quality Rule,-0.0,5,,,True
validation,775536,2026-06-02T23:55:00-07:00,775536_1780469700_H30,768701,Quality Rule,-0.0,1,,,True
validation,775536,2026-06-02T23:55:00-07:00,775536_1780469700_H30,774344,Quality Rule,-0.0,2,,,True
validation,775536,2026-06-02T23:55:00-07:00,775536_1780469700_H30,718405,Quality Rule,-0.0,3,,,True
validation,775536,2026-06-02T23:55:00-07:00,775536_1780469700_H30,759858,Quality Rule,-0.0,4,,,True
validation,775536,2026-06-02T23:55:00-07:00,775536_1780469700_H30,759870,Quality Rule,-0.0,5,,,True
validation,775536,2026-06-03T19:05:00-07:00,775536_1780538700_H30,768701,Quality Rule,-0.0,1,,,True
validation,775536,2026-06-03T19:05:00-07:00,775536_1780538700_H30,774344,Quality Rule,-0.0,2,,,True
validation,775536,2026-06-03T19:05:00-07:00,775536_1780538700_H30,718405,Quality Rule,-0.0,3,,,True
validation,775536,2026-06-03T19:05:00-07:00,775536_1780538700_H30,759858,Quality Rule,-0.0,4,,,True
validation,775536,2026-06-03T19:05:00-07:00,775536_1780538700_H30,759870,Quality Rule,-0.0,5,,,True
validation,775536,2026-06-03T19:10:00-07:00,775536_1780539000_H30,768701,Quality Rule,-0.0,1,,,True
validation,775536,2026-06-03T19:10:00-07:00,775536_1780539000_H30,774344,Quality Rule,-0.0,2,,,True
validation,775536,2026-06-03T19:10:00-07:00,775536_1780539000_H30,718405,Quality Rule,-0.0,3,,,True
validation,775536,2026-06-03T19:10:00-07:00,775536_1780539000_H30,759858,Quality Rule,-0.0,4,,,True
validation,775536,2026-06-03T19:10:00-07:00,775536_1780539000_H30,759870,Quality Rule,-0.0,5,,,True
validation,775536,2026-06-03T19:15:00-07:00,775536_1780539300_H30,768701,Quality Rule,-0.0,1,,,True
validation,775536,2026-06-03T19:15:00-07:00,775536_1780539300_H30,774344,Quality Rule,-0.0,2,,,True
validation,775536,2026-06-03T19:15:00-07:00,775536_1780539300_H30,718405,Quality Rule,-0.0,3,,,True
validation,775536,2026-06-03T19:15:00-07:00,775536_1780539300_H30,759858,Quality Rule,-0.0,4,,,True
validation,775536,2026-06-03T19:15:00-07:00,775536_1780539300_H30,759870,Quality Rule,-0.0,5,,,True
validation,775536,2026-06-03T19:20:00-07:00,775536_1780539600_H30,768701,Quality Rule,-0.0,1,,,True
validation,775536,2026-06-03T19:20:00-07:00,775536_1780539600_H30,774344,Quality Rule,-0.0,2,,,True
validation,775536,2026-06-03T19:20:00-07:00,775536_1780539600_H30,718405,Quality Rule,-0.0,3,,,True
validation,775536,2026-06-03T19:20:00-07:00,775536_1780539600_H30,759858,Quality Rule,-0.0,4,,,True
validation,775536,2026-06-03T19:20:00-07:00,775536_1780539600_H30,759870,Quality Rule,-0.0,5,,,True
validation,775536,2026-06-03T19:25:00-07:00,775536_1780539900_H30,768701,Quality Rule,-0.0,1,,,True
validation,775536,2026-06-03T19:25:00-07:00,775536_1780539900_H30,774344,Quality Rule,-0.0,2,,,True
validation,775536,2026-06-03T19:25:00-07:00,775536_1780539900_H30,718405,Quality Rule,-0.0,3,,,True
validation,775536,2026-06-03T19:25:00-07:00,775536_1780539900_H30,759858,Quality Rule,-0.0,4,,,True
validation,775536,2026-06-03T19:25:00-07:00,775536_1780539900_H30,759870,Quality Rule,-0.0,5,,,True
validation,775536,2026-06-03T19:30:00-07:00,775536_1780540200_H30,768701,Quality Rule,-0.0,1,,,True
validation,775536,2026-06-03T19:30:00-07:00,775536_1780540200_H30,774344,Quality Rule,-0.0,2,,,True
validation,775536,2026-06-03T19:30:00-07:00,775536_1780540200_H30,718405,Quality Rule,-0.0,3,,,True
validation,775536,2026-06-03T19:30:00-07:00,775536_1780540200_H30,759858,Quality Rule,-0.0,4,,,True
validation,775536,2026-06-03T19:30:00-07:00,775536_1780540200_H30,759870,Quality Rule,-0.0,5,,,True
validation,775536,2026-06-06T23:30:00-07:00,775536_1780813800_H30,768701,Quality Rule,-0.0,1,,,True
validation,775536,2026-06-06T23:30:00-07:00,775536_1780813800_H30,774344,Quality Rule,-0.0,2,,,True
validation,775536,2026-06-06T23:30:00-07:00,775536_1780813800_H30,718405,Quality Rule,-0.0,3,,,True
validation,775536,2026-06-06T23:30:00-07:00,775536_1780813800_H30,759858,Quality Rule,-0.0,4,,,True
validation,775536,2026-06-06T23:30:00-07:00,775536_1780813800_H30,759870,Quality Rule,-0.0,5,,,True
validation,775536,2026-06-06T23:35:00-07:00,775536_1780814100_H30,768701,Quality Rule,-0.0,1,,,True
validation,775536,2026-06-06T23:35:00-07:00,775536_1780814100_H30,774344,Quality Rule,-0.0,2,,,True
validation,775536,2026-06-06T23:35:00-07:00,775536_1780814100_H30,718405,Quality Rule,-0.0,3,,,True
validation,775536,2026-06-06T23:35:00-07:00,775536_1780814100_H30,759858,Quality Rule,-0.0,4,,,True
validation,775536,2026-06-06T23:35:00-07:00,775536_1780814100_H30,759870,Quality Rule,-0.0,5,,,True
validation,775536,2026-06-06T23:40:00-07:00,775536_1780814400_H30,768701,Quality Rule,-0.0,1,,,True
validation,775536,2026-06-06T23:40:00-07:00,775536_1780814400_H30,774344,Quality Rule,-0.0,2,,,True
validation,775536,2026-06-06T23:40:00-07:00,775536_1780814400_H30,718405,Quality Rule,-0.0,3,,,True
validation,775536,2026-06-06T23:40:00-07:00,775536_1780814400_H30,759858,Quality Rule,-0.0,4,,,True
validation,775536,2026-06-06T23:40:00-07:00,775536_1780814400_H30,759870,Quality Rule,-0.0,5,,,True
validation,775536,2026-06-06T23:45:00-07:00,775536_1780814700_H30,768701,Quality Rule,-0.0,1,,,True
validation,775536,2026-06-06T23:45:00-07:00,775536_1780814700_H30,774344,Quality Rule,-0.0,2,,,True
validation,775536,2026-06-06T23:45:00-07:00,775536_1780814700_H30,718405,Quality Rule,-0.0,3,,,True
validation,775536,2026-06-06T23:45:00-07:00,775536_1780814700_H30,759858,Quality Rule,-0.0,4,,,True
validation,775536,2026-06-06T23:45:00-07:00,775536_1780814700_H30,759870,Quality Rule,-0.0,5,,,True
validation,775536,2026-06-06T23:50:00-07:00,775536_1780815000_H30,768701,Quality Rule,-0.0,1,,,True
validation,775536,2026-06-06T23:50:00-07:00,775536_1780815000_H30,774344,Quality Rule,-0.0,2,,,True
validation,775536,2026-06-06T23:50:00-07:00,775536_1780815000_H30,718405,Quality Rule,-0.0,3,,,True
validation,775536,2026-06-06T23:50:00-07:00,775536_1780815000_H30,759858,Quality Rule,-0.0,4,,,True
validation,775536,2026-06-06T23:50:00-07:00,775536_1780815000_H30,759870,Quality Rule,-0.0,5,,,True
validation,775536,2026-06-06T23:55:00-07:00,775536_1780815300_H30,768701,Quality Rule,-0.0,1,,,True
validation,775536,2026-06-06T23:55:00-07:00,775536_1780815300_H30,774344,Quality Rule,-0.0,2,,,True
validation,775536,2026-06-06T23:55:00-07:00,775536_1780815300_H30,718405,Quality Rule,-0.0,3,,,True
validation,775536,2026-06-06T23:55:00-07:00,775536_1780815300_H30,759858,Quality Rule,-0.0,4,,,True
validation,775536,2026-06-06T23:55:00-07:00,775536_1780815300_H30,759870,Quality Rule,-0.0,5,,,True
validation,775536,2026-06-10T23:30:00-07:00,775536_1781159400_H30,768701,Quality Rule,-0.0,1,,,True
validation,775536,2026-06-10T23:30:00-07:00,775536_1781159400_H30,774344,Quality Rule,-0.0,2,,,True
validation,775536,2026-06-10T23:30:00-07:00,775536_1781159400_H30,718405,Quality Rule,-0.0,3,,,True
validation,775536,2026-06-10T23:30:00-07:00,775536_1781159400_H30,759858,Quality Rule,-0.0,4,,,True
validation,775536,2026-06-10T23:30:00-07:00,775536_1781159400_H30,759870,Quality Rule,-0.0,5,,,True
validation,775536,2026-06-10T23:35:00-07:00,775536_1781159700_H30,768701,Quality Rule,-0.0,1,,,True
validation,775536,2026-06-10T23:35:00-07:00,775536_1781159700_H30,774344,Quality Rule,-0.0,2,,,True
validation,775536,2026-06-10T23:35:00-07:00,775536_1781159700_H30,718405,Quality Rule,-0.0,3,,,True
validation,775536,2026-06-10T23:35:00-07:00,775536_1781159700_H30,759858,Quality Rule,-0.0,4,,,True
validation,775536,2026-06-10T23:35:00-07:00,775536_1781159700_H30,759870,Quality Rule,-0.0,5,,,True
validation,775536,2026-06-10T23:40:00-07:00,775536_1781160000_H30,768701,Quality Rule,-0.0,1,,,True
validation,775536,2026-06-10T23:40:00-07:00,775536_1781160000_H30,774344,Quality Rule,-0.0,2,,,True
validation,775536,2026-06-10T23:40:00-07:00,775536_1781160000_H30,718405,Quality Rule,-0.0,3,,,True
validation,775536,2026-06-10T23:40:00-07:00,775536_1781160000_H30,759858,Quality Rule,-0.0,4,,,True
validation,775536,2026-06-10T23:40:00-07:00,775536_1781160000_H30,759870,Quality Rule,-0.0,5,,,True
validation,775536,2026-06-10T23:45:00-07:00,775536_1781160300_H30,768701,Quality Rule,-0.0,1,,,True
validation,775536,2026-06-10T23:45:00-07:00,775536_1781160300_H30,774344,Quality Rule,-0.0,2,,,True
validation,775536,2026-06-10T23:45:00-07:00,775536_1781160300_H30,718405,Quality Rule,-0.0,3,,,True
validation,775536,2026-06-10T23:45:00-07:00,775536_1781160300_H30,759858,Quality Rule,-0.0,4,,,True
validation,775536,2026-06-10T23:45:00-07:00,775536_1781160300_H30,759870,Quality Rule,-0.0,5,,,True
validation,775536,2026-06-10T23:50:00-07:00,775536_1781160600_H30,768701,Quality Rule,-0.0,1,,,True
validation,775536,2026-06-10T23:50:00-07:00,775536_1781160600_H30,774344,Quality Rule,-0.0,2,,,True
validation,775536,2026-06-10T23:50:00-07:00,775536_1781160600_H30,718405,Quality Rule,-0.0,3,,,True
validation,775536,2026-06-10T23:50:00-07:00,775536_1781160600_H30,759858,Quality Rule,-0.0,4,,,True
validation,775536,2026-06-10T23:50:00-07:00,775536_1781160600_H30,759870,Quality Rule,-0.0,5,,,True
validation,775536,2026-06-10T23:55:00-07:00,775536_1781160900_H30,768701,Quality Rule,-0.0,1,,,True
validation,775536,2026-06-10T23:55:00-07:00,775536_1781160900_H30,774344,Quality Rule,-0.0,2,,,True
validation,775536,2026-06-10T23:55:00-07:00,775536_1781160900_H30,718405,Quality Rule,-0.0,3,,,True
validation,775536,2026-06-10T23:55:00-07:00,775536_1781160900_H30,759858,Quality Rule,-0.0,4,,,True
validation,775536,2026-06-10T23:55:00-07:00,775536_1781160900_H30,759870,Quality Rule,-0.0,5,,,True
validation,775536,2026-06-17T11:15:00-07:00,775536_1781720100_H30,768701,Quality Rule,-0.0,1,,,True
validation,775536,2026-06-17T11:15:00-07:00,775536_1781720100_H30,774344,Quality Rule,-0.0,2,,,True
validation,775536,2026-06-17T11:15:00-07:00,775536_1781720100_H30,718405,Quality Rule,-0.0,3,,,True
validation,775536,2026-06-17T11:15:00-07:00,775536_1781720100_H30,759858,Quality Rule,-0.0,4,,,True
validation,775536,2026-06-17T11:15:00-07:00,775536_1781720100_H30,759870,Quality Rule,-0.0,5,,,True
validation,775536,2026-06-18T23:30:00-07:00,775536_1781850600_H30,768701,Quality Rule,-0.0,1,,,True
validation,775536,2026-06-18T23:30:00-07:00,775536_1781850600_H30,774344,Quality Rule,-0.0,2,,,True
validation,775536,2026-06-18T23:30:00-07:00,775536_1781850600_H30,718405,Quality Rule,-0.0,3,,,True
validation,775536,2026-06-18T23:30:00-07:00,775536_1781850600_H30,759858,Quality Rule,-0.0,4,,,True
validation,775536,2026-06-18T23:30:00-07:00,775536_1781850600_H30,759870,Quality Rule,-0.0,5,,,True
validation,775536,2026-06-18T23:35:00-07:00,775536_1781850900_H30,768701,Quality Rule,-0.0,1,,,True
validation,775536,2026-06-18T23:35:00-07:00,775536_1781850900_H30,774344,Quality Rule,-0.0,2,,,True
validation,775536,2026-06-18T23:35:00-07:00,775536_1781850900_H30,718405,Quality Rule,-0.0,3,,,True
validation,775536,2026-06-18T23:35:00-07:00,775536_1781850900_H30,759858,Quality Rule,-0.0,4,,,True
validation,775536,2026-06-18T23:35:00-07:00,775536_1781850900_H30,759870,Quality Rule,-0.0,5,,,True
validation,775536,2026-06-18T23:40:00-07:00,775536_1781851200_H30,768701,Quality Rule,-0.0,1,,,True
validation,775536,2026-06-18T23:40:00-07:00,775536_1781851200_H30,774344,Quality Rule,-0.0,2,,,True
validation,775536,2026-06-18T23:40:00-07:00,775536_1781851200_H30,718405,Quality Rule,-0.0,3,,,True
validation,775536,2026-06-18T23:40:00-07:00,775536_1781851200_H30,759858,Quality Rule,-0.0,4,,,True
validation,775536,2026-06-18T23:40:00-07:00,775536_1781851200_H30,759870,Quality Rule,-0.0,5,,,True
validation,775536,2026-06-18T23:45:00-07:00,775536_1781851500_H30,768701,Quality Rule,-0.0,1,,,True
validation,775536,2026-06-18T23:45:00-07:00,775536_1781851500_H30,774344,Quality Rule,-0.0,2,,,True
validation,775536,2026-06-18T23:45:00-07:00,775536_1781851500_H30,718405,Quality Rule,-0.0,3,,,True
validation,775536,2026-06-18T23:45:00-07:00,775536_1781851500_H30,759858,Quality Rule,-0.0,4,,,True
validation,775536,2026-06-18T23:45:00-07:00,775536_1781851500_H30,759870,Quality Rule,-0.0,5,,,True
validation,775536,2026-06-18T23:50:00-07:00,775536_1781851800_H30,768701,Quality Rule,-0.0,1,,,True
validation,775536,2026-06-18T23:50:00-07:00,775536_1781851800_H30,774344,Quality Rule,-0.0,2,,,True
validation,775536,2026-06-18T23:50:00-07:00,775536_1781851800_H30,718405,Quality Rule,-0.0,3,,,True
validation,775536,2026-06-18T23:50:00-07:00,775536_1781851800_H30,759858,Quality Rule,-0.0,4,,,True
validation,775536,2026-06-18T23:50:00-07:00,775536_1781851800_H30,759870,Quality Rule,-0.0,5,,,True
validation,775536,2026-06-18T23:55:00-07:00,775536_1781852100_H30,768701,Quality Rule,-0.0,1,,,True
validation,775536,2026-06-18T23:55:00-07:00,775536_1781852100_H30,774344,Quality Rule,-0.0,2,,,True
validation,775536,2026-06-18T23:55:00-07:00,775536_1781852100_H30,718405,Quality Rule,-0.0,3,,,True
validation,775536,2026-06-18T23:55:00-07:00,775536_1781852100_H30,759858,Quality Rule,-0.0,4,,,True
validation,775536,2026-06-18T23:55:00-07:00,775536_1781852100_H30,759870,Quality Rule,-0.0,5,,,True
validation,775536,2026-06-22T23:30:00-07:00,775536_1782196200_H30,768701,Quality Rule,-0.0,1,,,True
validation,775536,2026-06-22T23:30:00-07:00,775536_1782196200_H30,774344,Quality Rule,-0.0,2,,,True
validation,775536,2026-06-22T23:30:00-07:00,775536_1782196200_H30,718405,Quality Rule,-0.0,3,,,True
validation,775536,2026-06-22T23:30:00-07:00,775536_1782196200_H30,759858,Quality Rule,-0.0,4,,,True
validation,775536,2026-06-22T23:30:00-07:00,775536_1782196200_H30,759870,Quality Rule,-0.0,5,,,True
validation,775536,2026-06-22T23:35:00-07:00,775536_1782196500_H30,768701,Quality Rule,-0.0,1,,,True
validation,775536,2026-06-22T23:35:00-07:00,775536_1782196500_H30,774344,Quality Rule,-0.0,2,,,True
validation,775536,2026-06-22T23:35:00-07:00,775536_1782196500_H30,718405,Quality Rule,-0.0,3,,,True
validation,775536,2026-06-22T23:35:00-07:00,775536_1782196500_H30,759858,Quality Rule,-0.0,4,,,True
validation,775536,2026-06-22T23:35:00-07:00,775536_1782196500_H30,759870,Quality Rule,-0.0,5,,,True
validation,775536,2026-06-22T23:40:00-07:00,775536_1782196800_H30,768701,Quality Rule,-0.0,1,,,True
validation,775536,2026-06-22T23:40:00-07:00,775536_1782196800_H30,774344,Quality Rule,-0.0,2,,,True
validation,775536,2026-06-22T23:40:00-07:00,775536_1782196800_H30,718405,Quality Rule,-0.0,3,,,True
validation,775536,2026-06-22T23:40:00-07:00,775536_1782196800_H30,759858,Quality Rule,-0.0,4,,,True
validation,775536,2026-06-22T23:40:00-07:00,775536_1782196800_H30,759870,Quality Rule,-0.0,5,,,True
validation,775536,2026-06-22T23:45:00-07:00,775536_1782197100_H30,768701,Quality Rule,-0.0,1,,,True
validation,775536,2026-06-22T23:45:00-07:00,775536_1782197100_H30,774344,Quality Rule,-0.0,2,,,True
validation,775536,2026-06-22T23:45:00-07:00,775536_1782197100_H30,718405,Quality Rule,-0.0,3,,,True
validation,775536,2026-06-22T23:45:00-07:00,775536_1782197100_H30,759858,Quality Rule,-0.0,4,,,True
validation,775536,2026-06-22T23:45:00-07:00,775536_1782197100_H30,759870,Quality Rule,-0.0,5,,,True
validation,775536,2026-06-22T23:50:00-07:00,775536_1782197400_H30,768701,Quality Rule,-0.0,1,,,True
validation,775536,2026-06-22T23:50:00-07:00,775536_1782197400_H30,774344,Quality Rule,-0.0,2,,,True
validation,775536,2026-06-22T23:50:00-07:00,775536_1782197400_H30,718405,Quality Rule,-0.0,3,,,True
validation,775536,2026-06-22T23:50:00-07:00,775536_1782197400_H30,759858,Quality Rule,-0.0,4,,,True
validation,775536,2026-06-22T23:50:00-07:00,775536_1782197400_H30,759870,Quality Rule,-0.0,5,,,True
validation,775536,2026-06-22T23:55:00-07:00,775536_1782197700_H30,768701,Quality Rule,-0.0,1,,,True
validation,775536,2026-06-22T23:55:00-07:00,775536_1782197700_H30,774344,Quality Rule,-0.0,2,,,True
validation,775536,2026-06-22T23:55:00-07:00,775536_1782197700_H30,718405,Quality Rule,-0.0,3,,,True
validation,775536,2026-06-22T23:55:00-07:00,775536_1782197700_H30,759858,Quality Rule,-0.0,4,,,True
validation,775536,2026-06-22T23:55:00-07:00,775536_1782197700_H30,759870,Quality Rule,-0.0,5,,,True
validation,775536,2026-06-26T23:30:00-07:00,775536_1782541800_H30,768701,Quality Rule,-0.0,1,,,True
validation,775536,2026-06-26T23:30:00-07:00,775536_1782541800_H30,774344,Quality Rule,-0.0,2,,,True
validation,775536,2026-06-26T23:30:00-07:00,775536_1782541800_H30,718405,Quality Rule,-0.0,3,,,True
validation,775536,2026-06-26T23:30:00-07:00,775536_1782541800_H30,759858,Quality Rule,-0.0,4,,,True
validation,775536,2026-06-26T23:30:00-07:00,775536_1782541800_H30,759870,Quality Rule,-0.0,5,,,True
validation,775536,2026-06-26T23:35:00-07:00,775536_1782542100_H30,768701,Quality Rule,-0.0,1,,,True
validation,775536,2026-06-26T23:35:00-07:00,775536_1782542100_H30,774344,Quality Rule,-0.0,2,,,True
validation,775536,2026-06-26T23:35:00-07:00,775536_1782542100_H30,718405,Quality Rule,-0.0,3,,,True
validation,775536,2026-06-26T23:35:00-07:00,775536_1782542100_H30,759858,Quality Rule,-0.0,4,,,True
validation,775536,2026-06-26T23:35:00-07:00,775536_1782542100_H30,759870,Quality Rule,-0.0,5,,,True
validation,775536,2026-06-26T23:40:00-07:00,775536_1782542400_H30,768701,Quality Rule,-0.0,1,,,True
validation,775536,2026-06-26T23:40:00-07:00,775536_1782542400_H30,774344,Quality Rule,-0.0,2,,,True
validation,775536,2026-06-26T23:40:00-07:00,775536_1782542400_H30,718405,Quality Rule,-0.0,3,,,True
validation,775536,2026-06-26T23:40:00-07:00,775536_1782542400_H30,759858,Quality Rule,-0.0,4,,,True
validation,775536,2026-06-26T23:40:00-07:00,775536_1782542400_H30,759870,Quality Rule,-0.0,5,,,True
validation,775536,2026-06-26T23:45:00-07:00,775536_1782542700_H30,768701,Quality Rule,-0.0,1,,,True
validation,775536,2026-06-26T23:45:00-07:00,775536_1782542700_H30,774344,Quality Rule,-0.0,2,,,True
validation,775536,2026-06-26T23:45:00-07:00,775536_1782542700_H30,718405,Quality Rule,-0.0,3,,,True
validation,775536,2026-06-26T23:45:00-07:00,775536_1782542700_H30,759858,Quality Rule,-0.0,4,,,True
validation,775536,2026-06-26T23:45:00-07:00,775536_1782542700_H30,759870,Quality Rule,-0.0,5,,,True
validation,775536,2026-06-26T23:50:00-07:00,775536_1782543000_H30,768701,Quality Rule,-0.0,1,,,True
validation,775536,2026-06-26T23:50:00-07:00,775536_1782543000_H30,774344,Quality Rule,-0.0,2,,,True
validation,775536,2026-06-26T23:50:00-07:00,775536_1782543000_H30,718405,Quality Rule,-0.0,3,,,True
validation,775536,2026-06-26T23:50:00-07:00,775536_1782543000_H30,759858,Quality Rule,-0.0,4,,,True
validation,775536,2026-06-26T23:50:00-07:00,775536_1782543000_H30,759870,Quality Rule,-0.0,5,,,True
validation,775536,2026-06-26T23:55:00-07:00,775536_1782543300_H30,768701,Quality Rule,-0.0,1,,,True
validation,775536,2026-06-26T23:55:00-07:00,775536_1782543300_H30,774344,Quality Rule,-0.0,2,,,True
validation,775536,2026-06-26T23:55:00-07:00,775536_1782543300_H30,718405,Quality Rule,-0.0,3,,,True
validation,775536,2026-06-26T23:55:00-07:00,775536_1782543300_H30,759858,Quality Rule,-0.0,4,,,True
validation,775536,2026-06-26T23:55:00-07:00,775536_1782543300_H30,759870,Quality Rule,-0.0,5,,,True
validation,765501,2026-06-03T15:25:00-07:00,765501_1780525500_H30,773773,Ridge,8.5225916509382,1,,,True
validation,765501,2026-06-03T15:25:00-07:00,765501_1780525500_H30,717951,Ridge,9.76895139422001,2,,,True
validation,765501,2026-06-03T15:25:00-07:00,765501_1780525500_H30,763616,Ridge,10.179173289682122,3,,,True
validation,765501,2026-06-03T15:25:00-07:00,765501_1780525500_H30,773784,Ridge,10.381172469479512,4,,,True
validation,765501,2026-06-03T15:25:00-07:00,765501_1780525500_H30,776019,Ridge,12.233464815468384,5,,,True
validation,765501,2026-06-03T15:30:00-07:00,765501_1780525800_H30,773773,Ridge,8.592560256174899,1,,,True
validation,765501,2026-06-03T15:30:00-07:00,765501_1780525800_H30,717951,Ridge,9.83891999945671,2,,,True
validation,765501,2026-06-03T15:30:00-07:00,765501_1780525800_H30,763616,Ridge,12.29968060851711,3,,,True
validation,765501,2026-06-03T15:30:00-07:00,765501_1780525800_H30,776019,Ridge,12.537282062673032,4,,,True
validation,765501,2026-06-03T15:30:00-07:00,765501_1780525800_H30,773784,Ridge,13.169123432725076,5,,,True
validation,765501,2026-06-03T15:35:00-07:00,765501_1780526100_H30,773773,Ridge,8.689932675219183,1,,,True
validation,765501,2026-06-03T15:35:00-07:00,765501_1780526100_H30,717951,Ridge,9.936292418500996,2,,,True
validation,765501,2026-06-03T15:35:00-07:00,765501_1780526100_H30,763616,Ridge,12.034103210479866,3,,,True
validation,765501,2026-06-03T15:35:00-07:00,765501_1780526100_H30,776019,Ridge,12.49797299221079,4,,,True
validation,765501,2026-06-03T15:35:00-07:00,765501_1780526100_H30,773784,Ridge,12.975352808142475,5,,,True
validation,765501,2026-06-03T15:40:00-07:00,765501_1780526400_H30,773773,Ridge,8.714980232681505,1,,,True
validation,765501,2026-06-03T15:40:00-07:00,765501_1780526400_H30,717951,Ridge,9.961339975963316,2,,,True
validation,765501,2026-06-03T15:40:00-07:00,765501_1780526400_H30,763616,Ridge,11.695267415011411,3,,,True
validation,765501,2026-06-03T15:40:00-07:00,765501_1780526400_H30,773784,Ridge,12.281447447521451,4,,,True
validation,765501,2026-06-03T15:40:00-07:00,765501_1780526400_H30,776019,Ridge,12.544671318833327,5,,,True
validation,765501,2026-06-03T15:45:00-07:00,765501_1780526700_H30,773773,Ridge,8.73372344002593,1,,,True
validation,765501,2026-06-03T15:45:00-07:00,765501_1780526700_H30,717951,Ridge,9.980083183307741,2,,,True
validation,765501,2026-06-03T15:45:00-07:00,765501_1780526700_H30,763616,Ridge,11.00478001073532,3,,,True
validation,765501,2026-06-03T15:45:00-07:00,765501_1780526700_H30,773784,Ridge,11.861201934042773,4,,,True
validation,765501,2026-06-03T15:45:00-07:00,765501_1780526700_H30,776019,Ridge,12.67626691444869,5,,,True
validation,765501,2026-06-03T15:50:00-07:00,765501_1780527000_H30,773773,Ridge,8.687655341999546,1,,,True
validation,765501,2026-06-03T15:50:00-07:00,765501_1780527000_H30,717951,Ridge,9.93401508528136,2,,,True
validation,765501,2026-06-03T15:50:00-07:00,765501_1780527000_H30,763616,Ridge,10.87463684143518,3,,,True
validation,765501,2026-06-03T15:50:00-07:00,765501_1780527000_H30,773784,Ridge,11.28362649000987,4,,,True
validation,765501,2026-06-03T15:50:00-07:00,765501_1780527000_H30,776019,Ridge,12.63988511102444,5,,,True
validation,765501,2026-06-06T07:20:00-07:00,765501_1780755600_H30,773773,Ridge,2.627433017744343,1,,,True
validation,765501,2026-06-06T07:20:00-07:00,765501_1780755600_H30,773784,Ridge,3.0535328755450104,2,,,True
validation,765501,2026-06-06T07:20:00-07:00,765501_1780755600_H30,763616,Ridge,3.147128828101131,3,,,True
validation,765501,2026-06-06T07:20:00-07:00,765501_1780755600_H30,717951,Ridge,3.167893124122794,4,,,True
validation,765501,2026-06-06T07:20:00-07:00,765501_1780755600_H30,776019,Ridge,3.776906068121535,5,,,True
validation,765501,2026-06-06T07:25:00-07:00,765501_1780755900_H30,773773,Ridge,2.0155955807907198,1,,,True
validation,765501,2026-06-06T07:25:00-07:00,765501_1780755900_H30,773784,Ridge,2.3138936055764496,2,,,True
validation,765501,2026-06-06T07:25:00-07:00,765501_1780755900_H30,763616,Ridge,2.678863865549861,3,,,True
validation,765501,2026-06-06T07:25:00-07:00,765501_1780755900_H30,717951,Ridge,3.1559921101643775,4,,,True
validation,765501,2026-06-06T07:25:00-07:00,765501_1780755900_H30,776019,Ridge,3.721314315056917,5,,,True
validation,765501,2026-06-06T07:30:00-07:00,765501_1780756200_H30,773773,Ridge,2.0988840098369903,1,,,True
validation,765501,2026-06-06T07:30:00-07:00,765501_1780756200_H30,763616,Ridge,2.4417186479408075,2,,,True
validation,765501,2026-06-06T07:30:00-07:00,765501_1780756200_H30,773784,Ridge,2.575103674258247,3,,,True
validation,765501,2026-06-06T07:30:00-07:00,765501_1780756200_H30,717951,Ridge,3.156137346209742,4,,,True
validation,765501,2026-06-06T07:30:00-07:00,765501_1780756200_H30,776019,Ridge,3.893709926368283,5,,,True
validation,765501,2026-06-06T07:35:00-07:00,765501_1780756500_H30,763616,Ridge,1.9992817349375502,1,,,True
validation,765501,2026-06-06T07:35:00-07:00,765501_1780756500_H30,773784,Ridge,2.059531822630201,2,,,True
validation,765501,2026-06-06T07:35:00-07:00,765501_1780756500_H30,773773,Ridge,2.2423688122400094,3,,,True
validation,765501,2026-06-06T07:35:00-07:00,765501_1780756500_H30,717951,Ridge,3.143468034660147,4,,,True
validation,765501,2026-06-06T07:35:00-07:00,765501_1780756500_H30,776019,Ridge,3.773038118938541,5,,,True
validation,765501,2026-06-06T07:40:00-07:00,765501_1780756800_H30,763616,Ridge,1.7251742521603695,1,,,True
validation,765501,2026-06-06T07:40:00-07:00,765501_1780756800_H30,773784,Ridge,2.075250977937496,2,,,True
validation,765501,2026-06-06T07:40:00-07:00,765501_1780756800_H30,773773,Ridge,2.104279266873988,3,,,True
validation,765501,2026-06-06T07:40:00-07:00,765501_1780756800_H30,717951,Ridge,3.0969807955492232,4,,,True
validation,765501,2026-06-06T07:40:00-07:00,765501_1780756800_H30,776019,Ridge,3.819869136634103,5,,,True
validation,765501,2026-06-06T07:45:00-07:00,765501_1780757100_H30,763616,Ridge,2.2024887193939793,1,,,True
validation,765501,2026-06-06T07:45:00-07:00,765501_1780757100_H30,773784,Ridge,2.7702613296404097,2,,,True
validation,765501,2026-06-06T07:45:00-07:00,765501_1780757100_H30,773773,Ridge,2.804577574956453,3,,,True
validation,765501,2026-06-06T07:45:00-07:00,765501_1780757100_H30,717951,Ridge,3.110688950041828,4,,,True
validation,765501,2026-06-06T07:45:00-07:00,765501_1780757100_H30,776019,Ridge,3.7821623138187084,5,,,True
validation,765501,2026-06-11T23:30:00-07:00,765501_1781245800_H30,773773,Ridge,6.3457974043883985,1,,,True
validation,765501,2026-06-11T23:30:00-07:00,765501_1781245800_H30,773784,Ridge,7.539386584714562,2,,,True
validation,765501,2026-06-11T23:30:00-07:00,765501_1781245800_H30,717951,Ridge,7.59215714767021,3,,,True
validation,765501,2026-06-11T23:30:00-07:00,765501_1781245800_H30,763616,Ridge,7.83225135767381,4,,,True
validation,765501,2026-06-11T23:30:00-07:00,765501_1781245800_H30,776019,Ridge,8.270725000447602,5,,,True
validation,765501,2026-06-11T23:35:00-07:00,765501_1781246100_H30,773773,Ridge,6.297180851085236,1,,,True
validation,765501,2026-06-11T23:35:00-07:00,765501_1781246100_H30,717951,Ridge,7.543540594367047,2,,,True
validation,765501,2026-06-11T23:35:00-07:00,765501_1781246100_H30,773784,Ridge,7.662620491450328,3,,,True
validation,765501,2026-06-11T23:35:00-07:00,765501_1781246100_H30,763616,Ridge,7.9412597320097165,4,,,True
validation,765501,2026-06-11T23:35:00-07:00,765501_1781246100_H30,776019,Ridge,8.18004345819973,5,,,True
validation,765501,2026-06-11T23:40:00-07:00,765501_1781246400_H30,773773,Ridge,6.229120545855695,1,,,True
validation,765501,2026-06-11T23:40:00-07:00,765501_1781246400_H30,717951,Ridge,7.475480289137506,2,,,True
validation,765501,2026-06-11T23:40:00-07:00,765501_1781246400_H30,773784,Ridge,7.5539764721498415,3,,,True
validation,765501,2026-06-11T23:40:00-07:00,765501_1781246400_H30,763616,Ridge,7.856098534599848,4,,,True
validation,765501,2026-06-11T23:40:00-07:00,765501_1781246400_H30,776019,Ridge,8.132478146166672,5,,,True
validation,765501,2026-06-11T23:45:00-07:00,765501_1781246700_H30,773773,Ridge,6.191582091852698,1,,,True
validation,765501,2026-06-11T23:45:00-07:00,765501_1781246700_H30,773784,Ridge,7.062887319325906,2,,,True
validation,765501,2026-06-11T23:45:00-07:00,765501_1781246700_H30,763616,Ridge,7.360257746541356,3,,,True
validation,765501,2026-06-11T23:45:00-07:00,765501_1781246700_H30,717951,Ridge,7.4379418351345095,4,,,True
validation,765501,2026-06-11T23:45:00-07:00,765501_1781246700_H30,776019,Ridge,8.136057643051089,5,,,True
validation,765501,2026-06-11T23:50:00-07:00,765501_1781247000_H30,773773,Ridge,6.152468608417388,1,,,True
validation,765501,2026-06-11T23:50:00-07:00,765501_1781247000_H30,773784,Ridge,7.213659616962077,2,,,True
validation,765501,2026-06-11T23:50:00-07:00,765501_1781247000_H30,717951,Ridge,7.3988283516991995,3,,,True
validation,765501,2026-06-11T23:50:00-07:00,765501_1781247000_H30,763616,Ridge,7.52008152620722,4,,,True
validation,765501,2026-06-11T23:50:00-07:00,765501_1781247000_H30,776019,Ridge,8.108725729360884,5,,,True
validation,765501,2026-06-11T23:55:00-07:00,765501_1781247300_H30,773773,Ridge,6.155990024152951,1,,,True
validation,765501,2026-06-11T23:55:00-07:00,765501_1781247300_H30,773784,Ridge,6.829940978824387,2,,,True
validation,765501,2026-06-11T23:55:00-07:00,765501_1781247300_H30,763616,Ridge,7.2951094674554735,3,,,True
validation,765501,2026-06-11T23:55:00-07:00,765501_1781247300_H30,717951,Ridge,7.402349767434762,4,,,True
validation,765501,2026-06-11T23:55:00-07:00,765501_1781247300_H30,776019,Ridge,8.03420085444495,5,,,True
validation,765501,2026-06-15T23:30:00-07:00,765501_1781591400_H30,773773,Ridge,6.282016069166264,1,,,True
validation,765501,2026-06-15T23:30:00-07:00,765501_1781591400_H30,717951,Ridge,7.5283758124480755,2,,,True
validation,765501,2026-06-15T23:30:00-07:00,765501_1781591400_H30,773784,Ridge,7.9479862705904285,3,,,True
validation,765501,2026-06-15T23:30:00-07:00,765501_1781591400_H30,776019,Ridge,8.078848536726001,4,,,True
validation,765501,2026-06-15T23:30:00-07:00,765501_1781591400_H30,763616,Ridge,8.23921279773164,5,,,True
validation,765501,2026-06-15T23:35:00-07:00,765501_1781591700_H30,773773,Ridge,6.251420385796332,1,,,True
validation,765501,2026-06-15T23:35:00-07:00,765501_1781591700_H30,717951,Ridge,7.497780129078144,2,,,True
validation,765501,2026-06-15T23:35:00-07:00,765501_1781591700_H30,776019,Ridge,8.040021736042588,3,,,True
validation,765501,2026-06-15T23:35:00-07:00,765501_1781591700_H30,773784,Ridge,8.111057222422032,4,,,True
validation,765501,2026-06-15T23:35:00-07:00,765501_1781591700_H30,763616,Ridge,8.146647871253558,5,,,True
validation,765501,2026-06-15T23:40:00-07:00,765501_1781592000_H30,773773,Ridge,6.209056693092375,1,,,True
validation,765501,2026-06-15T23:40:00-07:00,765501_1781592000_H30,717951,Ridge,7.455416436374186,2,,,True
validation,765501,2026-06-15T23:40:00-07:00,765501_1781592000_H30,773784,Ridge,7.489223145592655,3,,,True
validation,765501,2026-06-15T23:40:00-07:00,765501_1781592000_H30,763616,Ridge,7.820169401137374,4,,,True
validation,765501,2026-06-15T23:40:00-07:00,765501_1781592000_H30,776019,Ridge,7.980474467872739,5,,,True
validation,765501,2026-06-15T23:45:00-07:00,765501_1781592300_H30,773773,Ridge,6.171612023264813,1,,,True
validation,765501,2026-06-15T23:45:00-07:00,765501_1781592300_H30,773784,Ridge,7.393231391274628,2,,,True
validation,765501,2026-06-15T23:45:00-07:00,765501_1781592300_H30,717951,Ridge,7.417971766546625,3,,,True
validation,765501,2026-06-15T23:45:00-07:00,765501_1781592300_H30,763616,Ridge,7.734038794712131,4,,,True
validation,765501,2026-06-15T23:45:00-07:00,765501_1781592300_H30,776019,Ridge,7.927828590104174,5,,,True
validation,765501,2026-06-15T23:50:00-07:00,765501_1781592600_H30,773773,Ridge,6.128410424557331,1,,,True
validation,765501,2026-06-15T23:50:00-07:00,765501_1781592600_H30,717951,Ridge,7.374770167839143,2,,,True
validation,765501,2026-06-15T23:50:00-07:00,765501_1781592600_H30,773784,Ridge,7.673639593699423,3,,,True
validation,765501,2026-06-15T23:50:00-07:00,765501_1781592600_H30,776019,Ridge,7.891462980860791,4,,,True
validation,765501,2026-06-15T23:50:00-07:00,765501_1781592600_H30,763616,Ridge,8.15120458375635,5,,,True
validation,765501,2026-06-15T23:55:00-07:00,765501_1781592900_H30,773773,Ridge,6.094355702904771,1,,,True
validation,765501,2026-06-15T23:55:00-07:00,765501_1781592900_H30,717951,Ridge,7.340715446186583,2,,,True
validation,765501,2026-06-15T23:55:00-07:00,765501_1781592900_H30,773784,Ridge,7.709556081534936,3,,,True
validation,765501,2026-06-15T23:55:00-07:00,765501_1781592900_H30,776019,Ridge,7.894608107888884,4,,,True
validation,765501,2026-06-15T23:55:00-07:00,765501_1781592900_H30,763616,Ridge,7.92918617413447,5,,,True
validation,765501,2026-06-17T22:00:00-07:00,765501_1781758800_H30,773773,Ridge,7.619920717478249,1,,,True
validation,765501,2026-06-17T22:00:00-07:00,765501_1781758800_H30,773784,Ridge,8.456123538730196,2,,,True
validation,765501,2026-06-17T22:00:00-07:00,765501_1781758800_H30,763616,Ridge,8.841303752602208,3,,,True
validation,765501,2026-06-17T22:00:00-07:00,765501_1781758800_H30,717951,Ridge,8.86628046076006,4,,,True
validation,765501,2026-06-17T22:00:00-07:00,765501_1781758800_H30,776019,Ridge,9.519870014202858,5,,,True
validation,765501,2026-06-17T22:05:00-07:00,765501_1781759100_H30,773773,Ridge,7.560392887599283,1,,,True
validation,765501,2026-06-17T22:05:00-07:00,765501_1781759100_H30,773784,Ridge,8.314501487704145,2,,,True
validation,765501,2026-06-17T22:05:00-07:00,765501_1781759100_H30,763616,Ridge,8.708746422999393,3,,,True
validation,765501,2026-06-17T22:05:00-07:00,765501_1781759100_H30,717951,Ridge,8.806752630881096,4,,,True
validation,765501,2026-06-17T22:05:00-07:00,765501_1781759100_H30,776019,Ridge,9.467180870537302,5,,,True
validation,765501,2026-06-17T22:10:00-07:00,765501_1781759400_H30,773773,Ridge,7.568341173838293,1,,,True
validation,765501,2026-06-17T22:10:00-07:00,765501_1781759400_H30,773784,Ridge,8.277269542827156,2,,,True
validation,765501,2026-06-17T22:10:00-07:00,765501_1781759400_H30,763616,Ridge,8.678638133862709,3,,,True
validation,765501,2026-06-17T22:10:00-07:00,765501_1781759400_H30,717951,Ridge,8.814700917120106,4,,,True
validation,765501,2026-06-17T22:10:00-07:00,765501_1781759400_H30,776019,Ridge,9.460165451711202,5,,,True
validation,765501,2026-06-17T22:15:00-07:00,765501_1781759700_H30,773773,Ridge,7.544560867651532,1,,,True
validation,765501,2026-06-17T22:15:00-07:00,765501_1781759700_H30,773784,Ridge,7.979842447439647,2,,,True
validation,765501,2026-06-17T22:15:00-07:00,765501_1781759700_H30,763616,Ridge,8.358504161643932,3,,,True
validation,765501,2026-06-17T22:15:00-07:00,765501_1781759700_H30,717951,Ridge,8.790920610933345,4,,,True
validation,765501,2026-06-17T22:15:00-07:00,765501_1781759700_H30,776019,Ridge,9.450012078781235,5,,,True
validation,765501,2026-06-17T22:20:00-07:00,765501_1781760000_H30,773773,Ridge,7.511493111582379,1,,,True
validation,765501,2026-06-17T22:20:00-07:00,765501_1781760000_H30,773784,Ridge,7.925381660808655,2,,,True
validation,765501,2026-06-17T22:20:00-07:00,765501_1781760000_H30,763616,Ridge,8.399592222539152,3,,,True
validation,765501,2026-06-17T22:20:00-07:00,765501_1781760000_H30,717951,Ridge,8.75785285486419,4,,,True
validation,765501,2026-06-17T22:20:00-07:00,765501_1781760000_H30,776019,Ridge,9.466079079823828,5,,,True
validation,765501,2026-06-17T22:25:00-07:00,765501_1781760300_H30,773773,Ridge,7.476221105883276,1,,,True
validation,765501,2026-06-17T22:25:00-07:00,765501_1781760300_H30,773784,Ridge,8.235945472347357,2,,,True
validation,765501,2026-06-17T22:25:00-07:00,765501_1781760300_H30,763616,Ridge,8.495887457459474,3,,,True
validation,765501,2026-06-17T22:25:00-07:00,765501_1781760300_H30,717951,Ridge,8.722580849165087,4,,,True
validation,765501,2026-06-17T22:25:00-07:00,765501_1781760300_H30,776019,Ridge,9.42048117561907,5,,,True
validation,765501,2026-06-18T23:30:00-07:00,765501_1781850600_H30,773773,Ridge,6.3457974043883985,1,,,True
validation,765501,2026-06-18T23:30:00-07:00,765501_1781850600_H30,773784,Ridge,6.841435220607261,2,,,True
validation,765501,2026-06-18T23:30:00-07:00,765501_1781850600_H30,763616,Ridge,7.150004794902188,3,,,True
validation,765501,2026-06-18T23:30:00-07:00,765501_1781850600_H30,717951,Ridge,7.59215714767021,4,,,True
validation,765501,2026-06-18T23:30:00-07:00,765501_1781850600_H30,776019,Ridge,8.270725000447602,5,,,True
validation,765501,2026-06-18T23:35:00-07:00,765501_1781850900_H30,773773,Ridge,6.297180851085236,1,,,True
validation,765501,2026-06-18T23:35:00-07:00,765501_1781850900_H30,773784,Ridge,7.226219156111668,2,,,True
validation,765501,2026-06-18T23:35:00-07:00,765501_1781850900_H30,717951,Ridge,7.543540594367047,3,,,True
validation,765501,2026-06-18T23:35:00-07:00,765501_1781850900_H30,763616,Ridge,7.679001760103491,4,,,True
validation,765501,2026-06-18T23:35:00-07:00,765501_1781850900_H30,776019,Ridge,8.18004345819973,5,,,True
validation,765501,2026-06-18T23:40:00-07:00,765501_1781851200_H30,773773,Ridge,6.229120545855695,1,,,True
validation,765501,2026-06-18T23:40:00-07:00,765501_1781851200_H30,717951,Ridge,7.475480289137506,2,,,True
validation,765501,2026-06-18T23:40:00-07:00,765501_1781851200_H30,773784,Ridge,8.00242799847786,3,,,True
validation,765501,2026-06-18T23:40:00-07:00,765501_1781851200_H30,776019,Ridge,8.132478146166672,4,,,True
validation,765501,2026-06-18T23:40:00-07:00,765501_1781851200_H30,763616,Ridge,8.262435010276318,5,,,True
validation,765501,2026-06-18T23:45:00-07:00,765501_1781851500_H30,773773,Ridge,6.191582091852698,1,,,True
validation,765501,2026-06-18T23:45:00-07:00,765501_1781851500_H30,717951,Ridge,7.4379418351345095,2,,,True
validation,765501,2026-06-18T23:45:00-07:00,765501_1781851500_H30,773784,Ridge,7.5450069904380435,3,,,True
validation,765501,2026-06-18T23:45:00-07:00,765501_1781851500_H30,763616,Ridge,7.74236275089525,4,,,True
validation,765501,2026-06-18T23:45:00-07:00,765501_1781851500_H30,776019,Ridge,8.136057643051089,5,,,True
validation,765501,2026-06-18T23:50:00-07:00,765501_1781851800_H30,773773,Ridge,6.152468608417388,1,,,True
validation,765501,2026-06-18T23:50:00-07:00,765501_1781851800_H30,773784,Ridge,7.137174540581553,2,,,True
validation,765501,2026-06-18T23:50:00-07:00,765501_1781851800_H30,717951,Ridge,7.3988283516991995,3,,,True
validation,765501,2026-06-18T23:50:00-07:00,765501_1781851800_H30,763616,Ridge,7.55259778885569,4,,,True
validation,765501,2026-06-18T23:50:00-07:00,765501_1781851800_H30,776019,Ridge,8.108725729360884,5,,,True
validation,765501,2026-06-18T23:55:00-07:00,765501_1781852100_H30,773773,Ridge,6.155990024152951,1,,,True
validation,765501,2026-06-18T23:55:00-07:00,765501_1781852100_H30,773784,Ridge,6.723117647382589,2,,,True
validation,765501,2026-06-18T23:55:00-07:00,765501_1781852100_H30,763616,Ridge,6.9744728502873095,3,,,True
validation,765501,2026-06-18T23:55:00-07:00,765501_1781852100_H30,717951,Ridge,7.402349767434762,4,,,True
validation,765501,2026-06-18T23:55:00-07:00,765501_1781852100_H30,776019,Ridge,8.03420085444495,5,,,True
validation,765501,2026-06-24T23:30:00-07:00,765501_1782369000_H30,773773,Ridge,6.975399995017078,1,,,True
validation,765501,2026-06-24T23:30:00-07:00,765501_1782369000_H30,773784,Ridge,7.000633084788238,2,,,True
validation,765501,2026-06-24T23:30:00-07:00,765501_1782369000_H30,763616,Ridge,7.500985473770131,3,,,True
validation,765501,2026-06-24T23:30:00-07:00,765501_1782369000_H30,717951,Ridge,8.22175973829889,4,,,True
validation,765501,2026-06-24T23:30:00-07:00,765501_1782369000_H30,776019,Ridge,8.844158197331147,5,,,True
validation,765501,2026-06-24T23:35:00-07:00,765501_1782369300_H30,773784,Ridge,6.5977477187928315,1,,,True
validation,765501,2026-06-24T23:35:00-07:00,765501_1782369300_H30,773773,Ridge,6.9299933366508855,2,,,True
validation,765501,2026-06-24T23:35:00-07:00,765501_1782369300_H30,763616,Ridge,7.316206435029578,3,,,True
validation,765501,2026-06-24T23:35:00-07:00,765501_1782369300_H30,717951,Ridge,8.176353079932696,4,,,True
validation,765501,2026-06-24T23:35:00-07:00,765501_1782369300_H30,776019,Ridge,8.803009884516129,5,,,True
validation,765501,2026-06-24T23:40:00-07:00,765501_1782369600_H30,773773,Ridge,6.870498767119444,1,,,True
validation,765501,2026-06-24T23:40:00-07:00,765501_1782369600_H30,773784,Ridge,7.350098587774539,2,,,True
validation,765501,2026-06-24T23:40:00-07:00,765501_1782369600_H30,763616,Ridge,7.668496626744697,3,,,True
validation,765501,2026-06-24T23:40:00-07:00,765501_1782369600_H30,717951,Ridge,8.116858510401256,4,,,True
validation,765501,2026-06-24T23:40:00-07:00,765501_1782369600_H30,776019,Ridge,8.716831258275146,5,,,True
validation,765501,2026-06-24T23:45:00-07:00,765501_1782369900_H30,773773,Ridge,6.85238657710267,1,,,True
validation,765501,2026-06-24T23:45:00-07:00,765501_1782369900_H30,773784,Ridge,7.344600766292219,2,,,True
validation,765501,2026-06-24T23:45:00-07:00,765501_1782369900_H30,763616,Ridge,8.018051163218983,3,,,True
validation,765501,2026-06-24T23:45:00-07:00,765501_1782369900_H30,717951,Ridge,8.098746320384482,4,,,True
validation,765501,2026-06-24T23:45:00-07:00,765501_1782369900_H30,776019,Ridge,8.697497987776405,5,,,True
validation,765501,2026-06-24T23:50:00-07:00,765501_1782370200_H30,773773,Ridge,6.810790839712736,1,,,True
validation,765501,2026-06-24T23:50:00-07:00,765501_1782370200_H30,773784,Ridge,7.875965032411814,2,,,True
validation,765501,2026-06-24T23:50:00-07:00,765501_1782370200_H30,717951,Ridge,8.057150582994547,3,,,True
validation,765501,2026-06-24T23:50:00-07:00,765501_1782370200_H30,763616,Ridge,8.094015913729258,4,,,True
validation,765501,2026-06-24T23:50:00-07:00,765501_1782370200_H30,776019,Ridge,8.652615040346541,5,,,True
validation,765501,2026-06-24T23:55:00-07:00,765501_1782370500_H30,773773,Ridge,6.784751798525528,1,,,True
validation,765501,2026-06-24T23:55:00-07:00,765501_1782370500_H30,773784,Ridge,7.753016415486803,2,,,True
validation,765501,2026-06-24T23:55:00-07:00,765501_1782370500_H30,717951,Ridge,8.03111154180734,3,,,True
validation,765501,2026-06-24T23:55:00-07:00,765501_1782370500_H30,763616,Ridge,8.066358234566703,4,,,True
validation,765501,2026-06-24T23:55:00-07:00,765501_1782370500_H30,776019,Ridge,8.599209864286067,5,,,True
validation,765501,2026-06-27T23:30:00-07:00,765501_1782628200_H30,773773,Ridge,5.186568952421791,1,,,True
validation,765501,2026-06-27T23:30:00-07:00,765501_1782628200_H30,773784,Ridge,6.43064699897486,2,,,True
validation,765501,2026-06-27T23:30:00-07:00,765501_1782628200_H30,717951,Ridge,6.432928695703602,3,,,True
validation,765501,2026-06-27T23:30:00-07:00,765501_1782628200_H30,763616,Ridge,6.672568129485517,4,,,True
validation,765501,2026-06-27T23:30:00-07:00,765501_1782628200_H30,776019,Ridge,7.083294790987427,5,,,True
validation,765501,2026-06-27T23:35:00-07:00,765501_1782628500_H30,773773,Ridge,5.119310510511719,1,,,True
validation,765501,2026-06-27T23:35:00-07:00,765501_1782628500_H30,773784,Ridge,6.279240504420766,2,,,True
validation,765501,2026-06-27T23:35:00-07:00,765501_1782628500_H30,717951,Ridge,6.365670253793531,3,,,True
validation,765501,2026-06-27T23:35:00-07:00,765501_1782628500_H30,763616,Ridge,6.541117545686282,4,,,True
validation,765501,2026-06-27T23:35:00-07:00,765501_1782628500_H30,776019,Ridge,7.036346478097608,5,,,True
validation,765501,2026-06-27T23:40:00-07:00,765501_1782628800_H30,773773,Ridge,5.030428035421524,1,,,True
validation,765501,2026-06-27T23:40:00-07:00,765501_1782628800_H30,773784,Ridge,6.187810229324418,2,,,True
validation,765501,2026-06-27T23:40:00-07:00,765501_1782628800_H30,717951,Ridge,6.276787778703336,3,,,True
validation,765501,2026-06-27T23:40:00-07:00,765501_1782628800_H30,763616,Ridge,6.630438682880818,4,,,True
validation,765501,2026-06-27T23:40:00-07:00,765501_1782628800_H30,776019,Ridge,6.935164873204203,5,,,True
validation,765501,2026-06-27T23:45:00-07:00,765501_1782629100_H30,773773,Ridge,4.961249945562996,1,,,True
validation,765501,2026-06-27T23:45:00-07:00,765501_1782629100_H30,773784,Ridge,5.75025711915493,2,,,True
validation,765501,2026-06-27T23:45:00-07:00,765501_1782629100_H30,717951,Ridge,6.2076096888448085,3,,,True
validation,765501,2026-06-27T23:45:00-07:00,765501_1782629100_H30,763616,Ridge,6.250779681088512,4,,,True
validation,765501,2026-06-27T23:45:00-07:00,765501_1782629100_H30,776019,Ridge,6.8398659460566975,5,,,True
validation,765501,2026-06-27T23:50:00-07:00,765501_1782629400_H30,773773,Ridge,4.9103773257188585,1,,,True
validation,765501,2026-06-27T23:50:00-07:00,765501_1782629400_H30,717951,Ridge,6.156737069000671,2,,,True
validation,765501,2026-06-27T23:50:00-07:00,765501_1782629400_H30,773784,Ridge,6.209070646411447,3,,,True
validation,765501,2026-06-27T23:50:00-07:00,765501_1782629400_H30,763616,Ridge,6.446521104210217,4,,,True
validation,765501,2026-06-27T23:50:00-07:00,765501_1782629400_H30,776019,Ridge,6.833377530276422,5,,,True
validation,765501,2026-06-27T23:55:00-07:00,765501_1782629700_H30,773773,Ridge,4.886076947638138,1,,,True
validation,765501,2026-06-27T23:55:00-07:00,765501_1782629700_H30,773784,Ridge,5.804075232936537,2,,,True
validation,765501,2026-06-27T23:55:00-07:00,765501_1782629700_H30,717951,Ridge,6.132436690919949,3,,,True
validation,765501,2026-06-27T23:55:00-07:00,765501_1782629700_H30,763616,Ridge,6.317377252595313,4,,,True
validation,765501,2026-06-27T23:55:00-07:00,765501_1782629700_H30,776019,Ridge,6.778001629678632,5,,,True
validation,769895,2026-06-03T17:30:00-07:00,769895_1780533000_H30,769880,Ridge,6.419877914824156,1,,,True
validation,769895,2026-06-03T17:30:00-07:00,769895_1780533000_H30,769847,Ridge,6.466989433214295,2,,,True
validation,769895,2026-06-03T17:30:00-07:00,769895_1780533000_H30,769866,Ridge,6.6046690425412065,3,,,True
validation,769895,2026-06-03T17:30:00-07:00,769895_1780533000_H30,770385,Ridge,7.716777813654057,4,,,True
validation,769895,2026-06-03T17:30:00-07:00,769895_1780533000_H30,770116,Ridge,8.190890371065805,5,,,True
validation,769895,2026-06-03T17:35:00-07:00,769895_1780533300_H30,769847,Ridge,6.309352426429977,1,,,True
validation,769895,2026-06-03T17:35:00-07:00,769895_1780533300_H30,769880,Ridge,6.627340906730012,2,,,True
validation,769895,2026-06-03T17:35:00-07:00,769895_1780533300_H30,769866,Ridge,7.070704834610578,3,,,True
validation,769895,2026-06-03T17:35:00-07:00,769895_1780533300_H30,770385,Ridge,7.720934750391169,4,,,True
validation,769895,2026-06-03T17:35:00-07:00,769895_1780533300_H30,770116,Ridge,8.26744596039886,5,,,True
validation,769895,2026-06-03T17:40:00-07:00,769895_1780533600_H30,769880,Ridge,6.523484955423186,1,,,True
validation,769895,2026-06-03T17:40:00-07:00,769895_1780533600_H30,769847,Ridge,6.655275164364226,2,,,True
validation,769895,2026-06-03T17:40:00-07:00,769895_1780533600_H30,769866,Ridge,6.876935557029964,3,,,True
validation,769895,2026-06-03T17:40:00-07:00,769895_1780533600_H30,770385,Ridge,8.256994638819343,4,,,True
validation,769895,2026-06-03T17:40:00-07:00,769895_1780533600_H30,770116,Ridge,8.323194983125429,5,,,True
validation,769895,2026-06-03T17:45:00-07:00,769895_1780533900_H30,769880,Ridge,6.7939296691630835,1,,,True
validation,769895,2026-06-03T17:45:00-07:00,769895_1780533900_H30,769847,Ridge,6.904871468714486,2,,,True
validation,769895,2026-06-03T17:45:00-07:00,769895_1780533900_H30,769866,Ridge,7.573244093519703,3,,,True
validation,769895,2026-06-03T17:45:00-07:00,769895_1780533900_H30,770385,Ridge,8.214958250489701,4,,,True
validation,769895,2026-06-03T17:45:00-07:00,769895_1780533900_H30,770116,Ridge,8.350472267996468,5,,,True
validation,769895,2026-06-03T17:50:00-07:00,769895_1780534200_H30,769880,Ridge,6.397877106259747,1,,,True
validation,769895,2026-06-03T17:50:00-07:00,769895_1780534200_H30,769847,Ridge,6.784517614639087,2,,,True
validation,769895,2026-06-03T17:50:00-07:00,769895_1780534200_H30,769866,Ridge,7.265401735488915,3,,,True
validation,769895,2026-06-03T17:50:00-07:00,769895_1780534200_H30,770385,Ridge,8.206594884091858,4,,,True
validation,769895,2026-06-03T17:50:00-07:00,769895_1780534200_H30,770116,Ridge,8.354514334873063,5,,,True
validation,769895,2026-06-03T17:55:00-07:00,769895_1780534500_H30,769880,Ridge,6.881542593186408,1,,,True
validation,769895,2026-06-03T17:55:00-07:00,769895_1780534500_H30,769847,Ridge,7.0218866482782705,2,,,True
validation,769895,2026-06-03T17:55:00-07:00,769895_1780534500_H30,769866,Ridge,7.520249457903168,3,,,True
validation,769895,2026-06-03T17:55:00-07:00,769895_1780534500_H30,770116,Ridge,8.366800150137568,4,,,True
validation,769895,2026-06-03T17:55:00-07:00,769895_1780534500_H30,770385,Ridge,8.422024075479472,5,,,True
validation,769895,2026-06-04T23:30:00-07:00,769895_1780641000_H30,769880,Ridge,2.941613971798972,1,,,True
validation,769895,2026-06-04T23:30:00-07:00,769895_1780641000_H30,769866,Ridge,3.7394775504317534,2,,,True
validation,769895,2026-06-04T23:30:00-07:00,769895_1780641000_H30,769847,Ridge,4.298830829739618,3,,,True
validation,769895,2026-06-04T23:30:00-07:00,769895_1780641000_H30,770385,Ridge,5.766464987074806,4,,,True
validation,769895,2026-06-04T23:30:00-07:00,769895_1780641000_H30,770116,Ridge,6.150293193205568,5,,,True
validation,769895,2026-06-04T23:35:00-07:00,769895_1780641300_H30,769880,Ridge,4.1544860417609195,1,,,True
validation,769895,2026-06-04T23:35:00-07:00,769895_1780641300_H30,769847,Ridge,4.674871477105855,2,,,True
validation,769895,2026-06-04T23:35:00-07:00,769895_1780641300_H30,769866,Ridge,5.552579401225219,3,,,True
validation,769895,2026-06-04T23:35:00-07:00,769895_1780641300_H30,770385,Ridge,5.70693963754131,4,,,True
validation,769895,2026-06-04T23:35:00-07:00,769895_1780641300_H30,770116,Ridge,6.08739858973912,5,,,True
validation,769895,2026-06-04T23:40:00-07:00,769895_1780641600_H30,769880,Ridge,4.459286388757447,1,,,True
validation,769895,2026-06-04T23:40:00-07:00,769895_1780641600_H30,769866,Ridge,5.494724381576805,2,,,True
validation,769895,2026-06-04T23:40:00-07:00,769895_1780641600_H30,769847,Ridge,5.62990971985224,3,,,True
validation,769895,2026-06-04T23:40:00-07:00,769895_1780641600_H30,770116,Ridge,6.084708014775437,4,,,True
validation,769895,2026-06-04T23:40:00-07:00,769895_1780641600_H30,770385,Ridge,6.497057861694845,5,,,True
validation,769895,2026-06-04T23:45:00-07:00,769895_1780641900_H30,769880,Ridge,4.3601649153015485,1,,,True
validation,769895,2026-06-04T23:45:00-07:00,769895_1780641900_H30,769847,Ridge,5.604437526386431,2,,,True
validation,769895,2026-06-04T23:45:00-07:00,769895_1780641900_H30,769866,Ridge,5.796249186186887,3,,,True
validation,769895,2026-06-04T23:45:00-07:00,769895_1780641900_H30,770116,Ridge,5.994284590513156,4,,,True
validation,769895,2026-06-04T23:45:00-07:00,769895_1780641900_H30,770385,Ridge,6.286179991499588,5,,,True
validation,769895,2026-06-04T23:50:00-07:00,769895_1780642200_H30,769880,Ridge,4.96646328230411,1,,,True
validation,769895,2026-06-04T23:50:00-07:00,769895_1780642200_H30,769847,Ridge,5.528287891994691,2,,,True
validation,769895,2026-06-04T23:50:00-07:00,769895_1780642200_H30,770116,Ridge,6.017451299227937,3,,,True
validation,769895,2026-06-04T23:50:00-07:00,769895_1780642200_H30,769866,Ridge,6.137149732828737,4,,,True
validation,769895,2026-06-04T23:50:00-07:00,769895_1780642200_H30,770385,Ridge,6.5494269056373735,5,,,True
validation,769895,2026-06-04T23:55:00-07:00,769895_1780642500_H30,769880,Ridge,4.403121290117349,1,,,True
validation,769895,2026-06-04T23:55:00-07:00,769895_1780642500_H30,769847,Ridge,5.560374554936871,2,,,True
validation,769895,2026-06-04T23:55:00-07:00,769895_1780642500_H30,769866,Ridge,5.898961839452095,3,,,True
validation,769895,2026-06-04T23:55:00-07:00,769895_1780642500_H30,770116,Ridge,5.954191086330384,4,,,True
validation,769895,2026-06-04T23:55:00-07:00,769895_1780642500_H30,770385,Ridge,6.452049027682156,5,,,True
validation,769895,2026-06-06T07:20:00-07:00,769895_1780755600_H30,769847,Ridge,0.8485283442292237,1,,,True
validation,769895,2026-06-06T07:20:00-07:00,769895_1780755600_H30,770116,Ridge,0.9577757354912864,2,,,True
validation,769895,2026-06-06T07:20:00-07:00,769895_1780755600_H30,769880,Ridge,1.261069504833189,3,,,True
validation,769895,2026-06-06T07:20:00-07:00,769895_1780755600_H30,770385,Ridge,2.00684433780152,4,,,True
validation,769895,2026-06-06T07:20:00-07:00,769895_1780755600_H30,769866,Ridge,2.1731027730604766,5,,,True
validation,769895,2026-06-06T07:25:00-07:00,769895_1780755900_H30,769847,Ridge,0.42739100636798266,1,,,True
validation,769895,2026-06-06T07:25:00-07:00,769895_1780755900_H30,769880,Ridge,0.7174409519308296,2,,,True
validation,769895,2026-06-06T07:25:00-07:00,769895_1780755900_H30,770116,Ridge,0.9443132338911258,3,,,True
validation,769895,2026-06-06T07:25:00-07:00,769895_1780755900_H30,770385,Ridge,1.747485456967238,4,,,True
validation,769895,2026-06-06T07:25:00-07:00,769895_1780755900_H30,769866,Ridge,2.1443624634832426,5,,,True
validation,769895,2026-06-06T07:30:00-07:00,769895_1780756200_H30,769847,Ridge,-0.07281132278390778,1,,,True
validation,769895,2026-06-06T07:30:00-07:00,769895_1780756200_H30,769880,Ridge,0.03132620754371196,2,,,True
validation,769895,2026-06-06T07:30:00-07:00,769895_1780756200_H30,770116,Ridge,1.0067251041299694,3,,,True
validation,769895,2026-06-06T07:30:00-07:00,769895_1780756200_H30,770385,Ridge,1.698545039124879,4,,,True
validation,769895,2026-06-06T07:30:00-07:00,769895_1780756200_H30,769866,Ridge,1.8645664195991851,5,,,True
validation,769895,2026-06-06T07:35:00-07:00,769895_1780756500_H30,769847,Ridge,-0.2604164807117906,1,,,True
validation,769895,2026-06-06T07:35:00-07:00,769895_1780756500_H30,769880,Ridge,-0.02804512049917829,2,,,True
validation,769895,2026-06-06T07:35:00-07:00,769895_1780756500_H30,770116,Ridge,0.9718776244345793,3,,,True
validation,769895,2026-06-06T07:35:00-07:00,769895_1780756500_H30,770385,Ridge,1.698441791437629,4,,,True
validation,769895,2026-06-06T07:35:00-07:00,769895_1780756500_H30,769866,Ridge,2.106132016240267,5,,,True
validation,769895,2026-06-06T07:40:00-07:00,769895_1780756800_H30,769847,Ridge,-0.6433576887334134,1,,,True
validation,769895,2026-06-06T07:40:00-07:00,769895_1780756800_H30,769880,Ridge,-0.1495515194628121,2,,,True
validation,769895,2026-06-06T07:40:00-07:00,769895_1780756800_H30,770116,Ridge,0.9880897986924282,3,,,True
validation,769895,2026-06-06T07:40:00-07:00,769895_1780756800_H30,770385,Ridge,1.4059183760142235,4,,,True
validation,769895,2026-06-06T07:40:00-07:00,769895_1780756800_H30,769866,Ridge,2.0061592458194983,5,,,True
validation,769895,2026-06-06T07:45:00-07:00,769895_1780757100_H30,769847,Ridge,-0.5618841985418355,1,,,True
validation,769895,2026-06-06T07:45:00-07:00,769895_1780757100_H30,769880,Ridge,-0.39422196608047866,2,,,True
validation,769895,2026-06-06T07:45:00-07:00,769895_1780757100_H30,770116,Ridge,0.907919897090911,3,,,True
validation,769895,2026-06-06T07:45:00-07:00,769895_1780757100_H30,770385,Ridge,1.954461115981152,4,,,True
validation,769895,2026-06-06T07:45:00-07:00,769895_1780757100_H30,769866,Ridge,2.0717879992867356,5,,,True
validation,769895,2026-06-12T23:30:00-07:00,769895_1781332200_H30,769880,Ridge,4.259769263615298,1,,,True
validation,769895,2026-06-12T23:30:00-07:00,769895_1781332200_H30,769847,Ridge,4.399001625861186,2,,,True
validation,769895,2026-06-12T23:30:00-07:00,769895_1781332200_H30,769866,Ridge,4.736582104950866,3,,,True
validation,769895,2026-06-12T23:30:00-07:00,769895_1781332200_H30,770116,Ridge,5.323388980615947,4,,,True
validation,769895,2026-06-12T23:30:00-07:00,769895_1781332200_H30,770385,Ridge,5.682041040437405,5,,,True
validation,769895,2026-06-12T23:35:00-07:00,769895_1781332500_H30,769880,Ridge,3.792325308405485,1,,,True
validation,769895,2026-06-12T23:35:00-07:00,769895_1781332500_H30,769847,Ridge,4.324462936847382,2,,,True
validation,769895,2026-06-12T23:35:00-07:00,769895_1781332500_H30,769866,Ridge,4.473312364595233,3,,,True
validation,769895,2026-06-12T23:35:00-07:00,769895_1781332500_H30,770116,Ridge,5.258088886734234,4,,,True
validation,769895,2026-06-12T23:35:00-07:00,769895_1781332500_H30,770385,Ridge,5.977262419769978,5,,,True
validation,769895,2026-06-12T23:40:00-07:00,769895_1781332800_H30,769880,Ridge,4.284867704395301,1,,,True
validation,769895,2026-06-12T23:40:00-07:00,769895_1781332800_H30,769847,Ridge,4.79787145035123,2,,,True
validation,769895,2026-06-12T23:40:00-07:00,769895_1781332800_H30,769866,Ridge,5.088857791995309,3,,,True
validation,769895,2026-06-12T23:40:00-07:00,769895_1781332800_H30,770116,Ridge,5.220977194784723,4,,,True
validation,769895,2026-06-12T23:40:00-07:00,769895_1781332800_H30,770385,Ridge,6.179508160035225,5,,,True
validation,769895,2026-06-12T23:45:00-07:00,769895_1781333100_H30,769880,Ridge,4.3950168479870975,1,,,True
validation,769895,2026-06-12T23:45:00-07:00,769895_1781333100_H30,769847,Ridge,4.603223098795906,2,,,True
validation,769895,2026-06-12T23:45:00-07:00,769895_1781333100_H30,769866,Ridge,4.984478883520348,3,,,True
validation,769895,2026-06-12T23:45:00-07:00,769895_1781333100_H30,770116,Ridge,5.147987432358391,4,,,True
validation,769895,2026-06-12T23:45:00-07:00,769895_1781333100_H30,770385,Ridge,6.100290886457167,5,,,True
validation,769895,2026-06-12T23:50:00-07:00,769895_1781333400_H30,769880,Ridge,3.9018490359733535,1,,,True
validation,769895,2026-06-12T23:50:00-07:00,769895_1781333400_H30,769847,Ridge,4.658698001751115,2,,,True
validation,769895,2026-06-12T23:50:00-07:00,769895_1781333400_H30,769866,Ridge,4.8607091003509595,3,,,True
validation,769895,2026-06-12T23:50:00-07:00,769895_1781333400_H30,770116,Ridge,5.144992941849496,4,,,True
validation,769895,2026-06-12T23:50:00-07:00,769895_1781333400_H30,770385,Ridge,6.090588362130173,5,,,True
validation,769895,2026-06-12T23:55:00-07:00,769895_1781333700_H30,769880,Ridge,3.576752155344459,1,,,True
validation,769895,2026-06-12T23:55:00-07:00,769895_1781333700_H30,769866,Ridge,4.277892561865809,2,,,True
validation,769895,2026-06-12T23:55:00-07:00,769895_1781333700_H30,769847,Ridge,4.293513247789177,3,,,True
validation,769895,2026-06-12T23:55:00-07:00,769895_1781333700_H30,770116,Ridge,5.13086206247711,4,,,True
validation,769895,2026-06-12T23:55:00-07:00,769895_1781333700_H30,770385,Ridge,5.521425334769073,5,,,True
validation,769895,2026-06-17T11:15:00-07:00,769895_1781720100_H30,770116,Ridge,4.735407940165067,1,,,True
validation,769895,2026-06-17T11:15:00-07:00,769895_1781720100_H30,770385,Ridge,5.560853967911503,2,,,True
validation,769895,2026-06-17T11:15:00-07:00,769895_1781720100_H30,769866,Ridge,5.770652840467711,3,,,True
validation,769895,2026-06-17T11:15:00-07:00,769895_1781720100_H30,769847,Ridge,6.525728557341478,4,,,True
validation,769895,2026-06-17T11:15:00-07:00,769895_1781720100_H30,769880,Ridge,6.76151685113731,5,,,True
validation,769965,2026-06-03T17:30:00-07:00,769965_1780533000_H30,770129,Ridge,7.9852219638096456,1,,,True
validation,769965,2026-06-03T17:30:00-07:00,769965_1780533000_H30,770141,Ridge,9.366550740557539,2,,,True
validation,769965,2026-06-03T17:30:00-07:00,769965_1780533000_H30,769911,Ridge,12.353577602996523,3,,,True
validation,769965,2026-06-03T17:30:00-07:00,769965_1780533000_H30,769867,Ridge,15.260418346288581,4,,,True
validation,769965,2026-06-03T17:30:00-07:00,769965_1780533000_H30,769926,Ridge,17.39567612556538,5,,,True
validation,769965,2026-06-03T17:35:00-07:00,769965_1780533300_H30,770129,Ridge,7.941909437560584,1,,,True
validation,769965,2026-06-03T17:35:00-07:00,769965_1780533300_H30,770141,Ridge,9.156921645486051,2,,,True
validation,769965,2026-06-03T17:35:00-07:00,769965_1780533300_H30,769911,Ridge,13.457484220915216,3,,,True
validation,769965,2026-06-03T17:35:00-07:00,769965_1780533300_H30,769867,Ridge,15.673337182872825,4,,,True
validation,769965,2026-06-03T17:35:00-07:00,769965_1780533300_H30,769926,Ridge,17.527729719403332,5,,,True
validation,769965,2026-06-03T17:40:00-07:00,769965_1780533600_H30,770129,Ridge,7.8538070741899775,1,,,True
validation,769965,2026-06-03T17:40:00-07:00,769965_1780533600_H30,770141,Ridge,8.861516132713216,2,,,True
validation,769965,2026-06-03T17:40:00-07:00,769965_1780533600_H30,769911,Ridge,13.761314148788305,3,,,True
validation,769965,2026-06-03T17:40:00-07:00,769965_1780533600_H30,769867,Ridge,15.704161994919147,4,,,True
validation,769965,2026-06-03T17:40:00-07:00,769965_1780533600_H30,769926,Ridge,17.660974861151278,5,,,True
validation,769965,2026-06-03T17:45:00-07:00,769965_1780533900_H30,770129,Ridge,7.935761666597131,1,,,True
validation,769965,2026-06-03T17:45:00-07:00,769965_1780533900_H30,770141,Ridge,8.934656866496328,2,,,True
validation,769965,2026-06-03T17:45:00-07:00,769965_1780533900_H30,769911,Ridge,14.02178727058567,3,,,True
validation,769965,2026-06-03T17:45:00-07:00,769965_1780533900_H30,769867,Ridge,15.69241946296557,4,,,True
validation,769965,2026-06-03T17:45:00-07:00,769965_1780533900_H30,769926,Ridge,17.400050815563127,5,,,True
validation,769965,2026-06-03T17:50:00-07:00,769965_1780534200_H30,770129,Ridge,7.754063671173274,1,,,True
validation,769965,2026-06-03T17:50:00-07:00,769965_1780534200_H30,770141,Ridge,9.04611246911642,2,,,True
validation,769965,2026-06-03T17:50:00-07:00,769965_1780534200_H30,769911,Ridge,14.082806947052763,3,,,True
validation,769965,2026-06-03T17:50:00-07:00,769965_1780534200_H30,769867,Ridge,15.853357727240631,4,,,True
validation,769965,2026-06-03T17:50:00-07:00,769965_1780534200_H30,769926,Ridge,17.45160147578619,5,,,True
validation,769965,2026-06-03T17:55:00-07:00,769965_1780534500_H30,770129,Ridge,7.803554159755263,1,,,True
validation,769965,2026-06-03T17:55:00-07:00,769965_1780534500_H30,770141,Ridge,9.317130779057415,2,,,True
validation,769965,2026-06-03T17:55:00-07:00,769965_1780534500_H30,769911,Ridge,13.40080860494242,3,,,True
validation,769965,2026-06-03T17:55:00-07:00,769965_1780534500_H30,769867,Ridge,15.614553374894982,4,,,True
validation,769965,2026-06-03T17:55:00-07:00,769965_1780534500_H30,769926,Ridge,17.519762212222815,5,,,True
validation,769965,2026-06-04T23:30:00-07:00,769965_1780641000_H30,770129,Ridge,4.7442617555680435,1,,,True
validation,769965,2026-06-04T23:30:00-07:00,769965_1780641000_H30,769926,Ridge,6.264734598750569,2,,,True
validation,769965,2026-06-04T23:30:00-07:00,769965_1780641000_H30,769911,Ridge,6.3178967844742795,3,,,True
validation,769965,2026-06-04T23:30:00-07:00,769965_1780641000_H30,769867,Ridge,6.613497234462056,4,,,True
validation,769965,2026-06-04T23:30:00-07:00,769965_1780641000_H30,770141,Ridge,8.017578041647123,5,,,True
validation,769965,2026-06-04T23:35:00-07:00,769965_1780641300_H30,770129,Ridge,4.951718288304563,1,,,True
validation,769965,2026-06-04T23:35:00-07:00,769965_1780641300_H30,769911,Ridge,5.239424354708461,2,,,True
validation,769965,2026-06-04T23:35:00-07:00,769965_1780641300_H30,769926,Ridge,5.888268249666769,3,,,True
validation,769965,2026-06-04T23:35:00-07:00,769965_1780641300_H30,769867,Ridge,6.353691154083324,4,,,True
validation,769965,2026-06-04T23:35:00-07:00,769965_1780641300_H30,770141,Ridge,8.020737360860766,5,,,True
validation,769965,2026-06-04T23:40:00-07:00,769965_1780641600_H30,770129,Ridge,4.959960736327037,1,,,True
validation,769965,2026-06-04T23:40:00-07:00,769965_1780641600_H30,769911,Ridge,5.532731229401007,2,,,True
validation,769965,2026-06-04T23:40:00-07:00,769965_1780641600_H30,769926,Ridge,6.546839134142501,3,,,True
validation,769965,2026-06-04T23:40:00-07:00,769965_1780641600_H30,769867,Ridge,6.717857214978232,4,,,True
validation,769965,2026-06-04T23:40:00-07:00,769965_1780641600_H30,770141,Ridge,7.841257096449327,5,,,True
validation,769965,2026-06-04T23:45:00-07:00,769965_1780641900_H30,770129,Ridge,4.836967298435181,1,,,True
validation,769965,2026-06-04T23:45:00-07:00,769965_1780641900_H30,769911,Ridge,5.659552796876508,2,,,True
validation,769965,2026-06-04T23:45:00-07:00,769965_1780641900_H30,769926,Ridge,6.471697850951985,3,,,True
validation,769965,2026-06-04T23:45:00-07:00,769965_1780641900_H30,769867,Ridge,6.771095807408507,4,,,True
validation,769965,2026-06-04T23:45:00-07:00,769965_1780641900_H30,770141,Ridge,7.947600435535403,5,,,True
validation,769965,2026-06-04T23:50:00-07:00,769965_1780642200_H30,770129,Ridge,5.273738257224686,1,,,True
validation,769965,2026-06-04T23:50:00-07:00,769965_1780642200_H30,769911,Ridge,5.485157858671227,2,,,True
validation,769965,2026-06-04T23:50:00-07:00,769965_1780642200_H30,769926,Ridge,6.122067575273435,3,,,True
validation,769965,2026-06-04T23:50:00-07:00,769965_1780642200_H30,769867,Ridge,6.451348584030994,4,,,True
validation,769965,2026-06-04T23:50:00-07:00,769965_1780642200_H30,770141,Ridge,7.891055366468061,5,,,True
validation,769965,2026-06-04T23:55:00-07:00,769965_1780642500_H30,770129,Ridge,4.607547377240514,1,,,True
validation,769965,2026-06-04T23:55:00-07:00,769965_1780642500_H30,769911,Ridge,4.948207123770054,2,,,True
validation,769965,2026-06-04T23:55:00-07:00,769965_1780642500_H30,769926,Ridge,5.722344633764893,3,,,True
validation,769965,2026-06-04T23:55:00-07:00,769965_1780642500_H30,769867,Ridge,5.858263295462227,4,,,True
validation,769965,2026-06-04T23:55:00-07:00,769965_1780642500_H30,770141,Ridge,7.8841593552088245,5,,,True
validation,769965,2026-06-06T07:20:00-07:00,769965_1780755600_H30,770129,Ridge,0.3609492718544569,1,,,True
validation,769965,2026-06-06T07:20:00-07:00,769965_1780755600_H30,769911,Ridge,0.7776784706581434,2,,,True
validation,769965,2026-06-06T07:20:00-07:00,769965_1780755600_H30,769926,Ridge,1.782681358614934,3,,,True
validation,769965,2026-06-06T07:20:00-07:00,769965_1780755600_H30,769867,Ridge,2.4058455529453147,4,,,True
validation,769965,2026-06-06T07:20:00-07:00,769965_1780755600_H30,770141,Ridge,2.8128701161497416,5,,,True
validation,769965,2026-06-06T07:25:00-07:00,769965_1780755900_H30,769911,Ridge,-0.432687854087475,1,,,True
validation,769965,2026-06-06T07:25:00-07:00,769965_1780755900_H30,770129,Ridge,-0.13518848612988155,2,,,True
validation,769965,2026-06-06T07:25:00-07:00,769965_1780755900_H30,769926,Ridge,0.8346170031265747,3,,,True
validation,769965,2026-06-06T07:25:00-07:00,769965_1780755900_H30,769867,Ridge,2.0765753933680764,4,,,True
validation,769965,2026-06-06T07:25:00-07:00,769965_1780755900_H30,770141,Ridge,2.5631250408341666,5,,,True
validation,769965,2026-06-06T07:30:00-07:00,769965_1780756200_H30,770129,Ridge,-0.5602573833149123,1,,,True
validation,769965,2026-06-06T07:30:00-07:00,769965_1780756200_H30,769911,Ridge,-0.14080880255476025,2,,,True
validation,769965,2026-06-06T07:30:00-07:00,769965_1780756200_H30,769926,Ridge,0.7437129299745404,3,,,True
validation,769965,2026-06-06T07:30:00-07:00,769965_1780756200_H30,769867,Ridge,2.1640911987000147,4,,,True
validation,769965,2026-06-06T07:30:00-07:00,769965_1780756200_H30,770141,Ridge,2.6212160294145805,5,,,True
validation,769965,2026-06-06T07:35:00-07:00,769965_1780756500_H30,770129,Ridge,-1.0518560537297246,1,,,True
validation,769965,2026-06-06T07:35:00-07:00,769965_1780756500_H30,769911,Ridge,-0.7766329668789176,2,,,True
validation,769965,2026-06-06T07:35:00-07:00,769965_1780756500_H30,769926,Ridge,0.30774846060961547,3,,,True
validation,769965,2026-06-06T07:35:00-07:00,769965_1780756500_H30,769867,Ridge,2.0440433719463473,4,,,True
validation,769965,2026-06-06T07:35:00-07:00,769965_1780756500_H30,770141,Ridge,2.360953523433132,5,,,True
validation,769965,2026-06-06T07:40:00-07:00,769965_1780756800_H30,770129,Ridge,-1.2144839191267414,1,,,True
validation,769965,2026-06-06T07:40:00-07:00,769965_1780756800_H30,769911,Ridge,-0.7817350719117533,2,,,True
validation,769965,2026-06-06T07:40:00-07:00,769965_1780756800_H30,769926,Ridge,-0.09959904314245271,3,,,True
validation,769965,2026-06-06T07:40:00-07:00,769965_1780756800_H30,769867,Ridge,1.9466378499465877,4,,,True
validation,769965,2026-06-06T07:40:00-07:00,769965_1780756800_H30,770141,Ridge,2.355958761585674,5,,,True
validation,769965,2026-06-06T07:45:00-07:00,769965_1780757100_H30,770129,Ridge,-1.5617235566529928,1,,,True
validation,769965,2026-06-06T07:45:00-07:00,769965_1780757100_H30,769911,Ridge,-1.1888474457156537,2,,,True
validation,769965,2026-06-06T07:45:00-07:00,769965_1780757100_H30,769926,Ridge,0.47626003183532095,3,,,True
validation,769965,2026-06-06T07:45:00-07:00,769965_1780757100_H30,769867,Ridge,2.17174409744071,4,,,True
validation,769965,2026-06-06T07:45:00-07:00,769965_1780757100_H30,770141,Ridge,2.273298708282927,5,,,True
validation,769965,2026-06-12T23:30:00-07:00,769965_1781332200_H30,770129,Ridge,3.8449445642643707,1,,,True
validation,769965,2026-06-12T23:30:00-07:00,769965_1781332200_H30,769911,Ridge,4.50211444310972,2,,,True
validation,769965,2026-06-12T23:30:00-07:00,769965_1781332200_H30,769867,Ridge,5.31070722127657,3,,,True
validation,769965,2026-06-12T23:30:00-07:00,769965_1781332200_H30,769926,Ridge,6.091728264079178,4,,,True
validation,769965,2026-06-12T23:30:00-07:00,769965_1781332200_H30,770141,Ridge,7.4231536218695515,5,,,True
validation,769965,2026-06-12T23:35:00-07:00,769965_1781332500_H30,770129,Ridge,3.773026013898785,1,,,True
validation,769965,2026-06-12T23:35:00-07:00,769965_1781332500_H30,769911,Ridge,4.440514669073484,2,,,True
validation,769965,2026-06-12T23:35:00-07:00,769965_1781332500_H30,769867,Ridge,5.26668272622937,3,,,True
validation,769965,2026-06-12T23:35:00-07:00,769965_1781332500_H30,769926,Ridge,5.633234760876981,4,,,True
validation,769965,2026-06-12T23:35:00-07:00,769965_1781332500_H30,770141,Ridge,7.196453963980078,5,,,True
validation,769965,2026-06-12T23:40:00-07:00,769965_1781332800_H30,770129,Ridge,4.039835927602507,1,,,True
validation,769965,2026-06-12T23:40:00-07:00,769965_1781332800_H30,769911,Ridge,5.023518551592106,2,,,True
validation,769965,2026-06-12T23:40:00-07:00,769965_1781332800_H30,769867,Ridge,5.934057555866971,3,,,True
validation,769965,2026-06-12T23:40:00-07:00,769965_1781332800_H30,769926,Ridge,6.113671862341983,4,,,True
validation,769965,2026-06-12T23:40:00-07:00,769965_1781332800_H30,770141,Ridge,7.315500793938719,5,,,True
validation,769965,2026-06-12T23:45:00-07:00,769965_1781333100_H30,770129,Ridge,4.112252396839026,1,,,True
validation,769965,2026-06-12T23:45:00-07:00,769965_1781333100_H30,769911,Ridge,4.678275282043436,2,,,True
validation,769965,2026-06-12T23:45:00-07:00,769965_1781333100_H30,769867,Ridge,5.558007575070822,3,,,True
validation,769965,2026-06-12T23:45:00-07:00,769965_1781333100_H30,769926,Ridge,6.106777400234723,4,,,True
validation,769965,2026-06-12T23:45:00-07:00,769965_1781333100_H30,770141,Ridge,7.356349429207913,5,,,True
validation,769965,2026-06-12T23:50:00-07:00,769965_1781333400_H30,770129,Ridge,4.1120892347953735,1,,,True
validation,769965,2026-06-12T23:50:00-07:00,769965_1781333400_H30,769911,Ridge,4.56691264805855,2,,,True
validation,769965,2026-06-12T23:50:00-07:00,769965_1781333400_H30,769867,Ridge,5.467515107976631,3,,,True
validation,769965,2026-06-12T23:50:00-07:00,769965_1781333400_H30,769926,Ridge,5.730180519728977,4,,,True
validation,769965,2026-06-12T23:50:00-07:00,769965_1781333400_H30,770141,Ridge,7.29144700434369,5,,,True
validation,769965,2026-06-12T23:55:00-07:00,769965_1781333700_H30,770129,Ridge,3.95237440718105,1,,,True
validation,769965,2026-06-12T23:55:00-07:00,769965_1781333700_H30,769911,Ridge,4.684862941287127,2,,,True
validation,769965,2026-06-12T23:55:00-07:00,769965_1781333700_H30,769867,Ridge,5.521369062381537,3,,,True
validation,769965,2026-06-12T23:55:00-07:00,769965_1781333700_H30,769926,Ridge,6.208534963716604,4,,,True
validation,769965,2026-06-12T23:55:00-07:00,769965_1781333700_H30,770141,Ridge,7.194391048743081,5,,,True
validation,769965,2026-06-17T11:15:00-07:00,769965_1781720100_H30,769867,Ridge,5.101553349027084,1,,,True
validation,769965,2026-06-17T11:15:00-07:00,769965_1781720100_H30,769911,Ridge,5.767536774662435,2,,,True
validation,769965,2026-06-17T11:15:00-07:00,769965_1781720100_H30,770129,Ridge,6.308957262888349,3,,,True
validation,769965,2026-06-17T11:15:00-07:00,769965_1781720100_H30,770141,Ridge,6.526962140941175,4,,,True
validation,769965,2026-06-17T11:15:00-07:00,769965_1781720100_H30,769926,Ridge,6.938722205694647,5,,,True
validation,775511,2026-06-06T23:30:00-07:00,775511_1780813800_H30,764311,Ridge,0.20751143954782503,1,,,True
validation,775511,2026-06-06T23:30:00-07:00,775511_1780813800_H30,764297,Ridge,1.2789427683732857,2,,,True
validation,775511,2026-06-06T23:30:00-07:00,775511_1780813800_H30,764322,Ridge,1.9300524513671329,3,,,True
validation,775511,2026-06-06T23:30:00-07:00,775511_1780813800_H30,764283,Ridge,2.3019031222599446,4,,,True
validation,775511,2026-06-06T23:30:00-07:00,775511_1780813800_H30,764290,Ridge,2.977134098761084,5,,,True
validation,775511,2026-06-06T23:35:00-07:00,775511_1780814100_H30,764311,Ridge,0.2783202860615006,1,,,True
validation,775511,2026-06-06T23:35:00-07:00,775511_1780814100_H30,764297,Ridge,1.2775200568572291,2,,,True
validation,775511,2026-06-06T23:35:00-07:00,775511_1780814100_H30,764322,Ridge,1.7920793073993195,3,,,True
validation,775511,2026-06-06T23:35:00-07:00,775511_1780814100_H30,764283,Ridge,2.238561494801469,4,,,True
validation,775511,2026-06-06T23:35:00-07:00,775511_1780814100_H30,764290,Ridge,2.9137924713026075,5,,,True
validation,775511,2026-06-06T23:40:00-07:00,775511_1780814400_H30,764311,Ridge,0.19747551656979567,1,,,True
validation,775511,2026-06-06T23:40:00-07:00,775511_1780814400_H30,764297,Ridge,1.1921350852804204,2,,,True
validation,775511,2026-06-06T23:40:00-07:00,775511_1780814400_H30,764283,Ridge,2.1964452335573554,3,,,True
validation,775511,2026-06-06T23:40:00-07:00,775511_1780814400_H30,764322,Ridge,2.211305503865334,4,,,True
validation,775511,2026-06-06T23:40:00-07:00,775511_1780814400_H30,764290,Ridge,2.871676210058495,5,,,True
validation,775511,2026-06-06T23:45:00-07:00,775511_1780814700_H30,764311,Ridge,0.14639400404159453,1,,,True
validation,775511,2026-06-06T23:45:00-07:00,775511_1780814700_H30,764297,Ridge,1.1754062632596112,2,,,True
validation,775511,2026-06-06T23:45:00-07:00,775511_1780814700_H30,764283,Ridge,2.152258395650108,3,,,True
validation,775511,2026-06-06T23:45:00-07:00,775511_1780814700_H30,764322,Ridge,2.4388237867006852,4,,,True
validation,775511,2026-06-06T23:45:00-07:00,775511_1780814700_H30,764290,Ridge,2.8274893721512475,5,,,True
validation,775511,2026-06-06T23:50:00-07:00,775511_1780815000_H30,764311,Ridge,0.0770738455814417,1,,,True
validation,775511,2026-06-06T23:50:00-07:00,775511_1780815000_H30,764297,Ridge,1.1087529573758261,2,,,True
validation,775511,2026-06-06T23:50:00-07:00,775511_1780815000_H30,764322,Ridge,2.0901673613092977,3,,,True
validation,775511,2026-06-06T23:50:00-07:00,775511_1780815000_H30,764283,Ridge,2.14786932635045,4,,,True
validation,775511,2026-06-06T23:50:00-07:00,775511_1780815000_H30,764290,Ridge,2.8231003028515893,5,,,True
validation,775511,2026-06-06T23:55:00-07:00,775511_1780815300_H30,764311,Ridge,-0.07916091384385737,1,,,True
validation,775511,2026-06-06T23:55:00-07:00,775511_1780815300_H30,764297,Ridge,1.000497383505171,2,,,True
validation,775511,2026-06-06T23:55:00-07:00,775511_1780815300_H30,764322,Ridge,2.038900636981197,3,,,True
validation,775511,2026-06-06T23:55:00-07:00,775511_1780815300_H30,764283,Ridge,2.1025662301957673,4,,,True
validation,775511,2026-06-06T23:55:00-07:00,775511_1780815300_H30,764290,Ridge,2.7777972066969063,5,,,True
validation,775511,2026-06-08T23:30:00-07:00,775511_1780986600_H30,764311,Ridge,1.310220300904033,1,,,True
validation,775511,2026-06-08T23:30:00-07:00,775511_1780986600_H30,764297,Ridge,3.0202822951853565,2,,,True
validation,775511,2026-06-08T23:30:00-07:00,775511_1780986600_H30,764283,Ridge,3.432380032242721,3,,,True
validation,775511,2026-06-08T23:30:00-07:00,775511_1780986600_H30,764290,Ridge,4.10761100874386,4,,,True
validation,775511,2026-06-08T23:30:00-07:00,775511_1780986600_H30,764322,Ridge,5.197724472654343,5,,,True
validation,775511,2026-06-08T23:35:00-07:00,775511_1780986900_H30,764311,Ridge,0.9792302649408247,1,,,True
validation,775511,2026-06-08T23:35:00-07:00,775511_1780986900_H30,764297,Ridge,2.7719466631813234,2,,,True
validation,775511,2026-06-08T23:35:00-07:00,775511_1780986900_H30,764283,Ridge,3.4087280085078606,3,,,True
validation,775511,2026-06-08T23:35:00-07:00,775511_1780986900_H30,764290,Ridge,4.083958985009,4,,,True
validation,775511,2026-06-08T23:35:00-07:00,775511_1780986900_H30,764322,Ridge,5.94133797803355,5,,,True
validation,775511,2026-06-08T23:40:00-07:00,775511_1780987200_H30,764311,Ridge,1.2655399485445744,1,,,True
validation,775511,2026-06-08T23:40:00-07:00,775511_1780987200_H30,764297,Ridge,2.7647415507874475,2,,,True
validation,775511,2026-06-08T23:40:00-07:00,775511_1780987200_H30,764283,Ridge,3.365707576502574,3,,,True
validation,775511,2026-06-08T23:40:00-07:00,775511_1780987200_H30,764290,Ridge,4.040938553003713,4,,,True
validation,775511,2026-06-08T23:40:00-07:00,775511_1780987200_H30,764322,Ridge,5.094487330841539,5,,,True
validation,775511,2026-06-08T23:45:00-07:00,775511_1780987500_H30,764311,Ridge,0.9879685255800306,1,,,True
validation,775511,2026-06-08T23:45:00-07:00,775511_1780987500_H30,764297,Ridge,2.7960095525401973,2,,,True
validation,775511,2026-06-08T23:45:00-07:00,775511_1780987500_H30,764283,Ridge,3.3163027914899486,3,,,True
validation,775511,2026-06-08T23:45:00-07:00,775511_1780987500_H30,764290,Ridge,3.9915337679910876,4,,,True
validation,775511,2026-06-08T23:45:00-07:00,775511_1780987500_H30,764322,Ridge,5.338339089589757,5,,,True
validation,775511,2026-06-08T23:50:00-07:00,775511_1780987800_H30,764311,Ridge,1.2415176791847435,1,,,True
validation,775511,2026-06-08T23:50:00-07:00,775511_1780987800_H30,764297,Ridge,2.5564960860691084,2,,,True
validation,775511,2026-06-08T23:50:00-07:00,775511_1780987800_H30,764283,Ridge,3.260166516144446,3,,,True
validation,775511,2026-06-08T23:50:00-07:00,775511_1780987800_H30,764290,Ridge,3.9353974926455857,4,,,True
validation,775511,2026-06-08T23:50:00-07:00,775511_1780987800_H30,764322,Ridge,4.54297690098509,5,,,True
validation,775511,2026-06-08T23:55:00-07:00,775511_1780988100_H30,764311,Ridge,1.112902453202559,1,,,True
validation,775511,2026-06-08T23:55:00-07:00,775511_1780988100_H30,764297,Ridge,2.4745772560717834,2,,,True
validation,775511,2026-06-08T23:55:00-07:00,775511_1780988100_H30,764283,Ridge,3.228065623373932,3,,,True
validation,775511,2026-06-08T23:55:00-07:00,775511_1780988100_H30,764290,Ridge,3.9032965998750706,4,,,True
validation,775511,2026-06-08T23:55:00-07:00,775511_1780988100_H30,764322,Ridge,4.983364944820103,5,,,True
validation,775511,2026-06-10T23:30:00-07:00,775511_1781159400_H30,764311,Ridge,1.9525284037005717,1,,,True
validation,775511,2026-06-10T23:30:00-07:00,775511_1781159400_H30,764322,Ridge,3.4895117548905645,2,,,True
validation,775511,2026-06-10T23:30:00-07:00,775511_1781159400_H30,764297,Ridge,3.5730178446787386,3,,,True
validation,775511,2026-06-10T23:30:00-07:00,775511_1781159400_H30,764283,Ridge,4.187287608946326,4,,,True
validation,775511,2026-06-10T23:30:00-07:00,775511_1781159400_H30,764290,Ridge,4.862518585447465,5,,,True
validation,775511,2026-06-10T23:35:00-07:00,775511_1781159700_H30,764311,Ridge,1.9820410573905223,1,,,True
validation,775511,2026-06-10T23:35:00-07:00,775511_1781159700_H30,764322,Ridge,3.2434397119214435,2,,,True
validation,775511,2026-06-10T23:35:00-07:00,775511_1781159700_H30,764297,Ridge,3.3968886520270303,3,,,True
validation,775511,2026-06-10T23:35:00-07:00,775511_1781159700_H30,764283,Ridge,4.152442111644095,4,,,True
validation,775511,2026-06-10T23:35:00-07:00,775511_1781159700_H30,764290,Ridge,4.827673088145233,5,,,True
validation,775511,2026-06-10T23:40:00-07:00,775511_1781160000_H30,764311,Ridge,1.801216789471288,1,,,True
validation,775511,2026-06-10T23:40:00-07:00,775511_1781160000_H30,764297,Ridge,3.2251692715059592,2,,,True
validation,775511,2026-06-10T23:40:00-07:00,775511_1781160000_H30,764283,Ridge,4.108228003024343,3,,,True
validation,775511,2026-06-10T23:40:00-07:00,775511_1781160000_H30,764322,Ridge,4.240982931216713,4,,,True
validation,775511,2026-06-10T23:40:00-07:00,775511_1781160000_H30,764290,Ridge,4.7834589795254825,5,,,True
validation,775511,2026-06-10T23:45:00-07:00,775511_1781160300_H30,764311,Ridge,1.9264796831488225,1,,,True
validation,775511,2026-06-10T23:45:00-07:00,775511_1781160300_H30,764297,Ridge,3.334028255789928,2,,,True
validation,775511,2026-06-10T23:45:00-07:00,775511_1781160300_H30,764283,Ridge,4.076849314561362,3,,,True
validation,775511,2026-06-10T23:45:00-07:00,775511_1781160300_H30,764322,Ridge,4.7371082928003645,4,,,True
validation,775511,2026-06-10T23:45:00-07:00,775511_1781160300_H30,764290,Ridge,4.7520802910625015,5,,,True
validation,775511,2026-06-10T23:50:00-07:00,775511_1781160600_H30,764311,Ridge,2.069234627779788,1,,,True
validation,775511,2026-06-10T23:50:00-07:00,775511_1781160600_H30,764297,Ridge,3.4637703808233407,2,,,True
validation,775511,2026-06-10T23:50:00-07:00,775511_1781160600_H30,764283,Ridge,4.018044702446297,3,,,True
validation,775511,2026-06-10T23:50:00-07:00,775511_1781160600_H30,764322,Ridge,4.6060413880230815,4,,,True
validation,775511,2026-06-10T23:50:00-07:00,775511_1781160600_H30,764290,Ridge,4.693275678947436,5,,,True
validation,775511,2026-06-10T23:55:00-07:00,775511_1781160900_H30,764311,Ridge,2.023734017347525,1,,,True
validation,775511,2026-06-10T23:55:00-07:00,775511_1781160900_H30,764297,Ridge,3.4291639953083974,2,,,True
validation,775511,2026-06-10T23:55:00-07:00,775511_1781160900_H30,764283,Ridge,3.9864914501168545,3,,,True
validation,775511,2026-06-10T23:55:00-07:00,775511_1781160900_H30,764290,Ridge,4.6617224266179935,4,,,True
validation,775511,2026-06-10T23:55:00-07:00,775511_1781160900_H30,764322,Ridge,4.801864227619022,5,,,True
validation,775511,2026-06-23T23:30:00-07:00,775511_1782282600_H30,764311,Ridge,0.6453889227808127,1,,,True
validation,775511,2026-06-23T23:30:00-07:00,775511_1782282600_H30,764297,Ridge,3.5903432730125555,2,,,True
validation,775511,2026-06-23T23:30:00-07:00,775511_1782282600_H30,764322,Ridge,4.084030373567658,3,,,True
validation,775511,2026-06-23T23:30:00-07:00,775511_1782282600_H30,764283,Ridge,4.123612778336777,4,,,True
validation,775511,2026-06-23T23:30:00-07:00,775511_1782282600_H30,764290,Ridge,4.7988437548379155,5,,,True
validation,775511,2026-06-23T23:35:00-07:00,775511_1782282900_H30,764311,Ridge,1.5220098380684646,1,,,True
validation,775511,2026-06-23T23:35:00-07:00,775511_1782282900_H30,764297,Ridge,4.064462945288517,2,,,True
validation,775511,2026-06-23T23:35:00-07:00,775511_1782282900_H30,764283,Ridge,4.076516399561073,3,,,True
validation,775511,2026-06-23T23:35:00-07:00,775511_1782282900_H30,764290,Ridge,4.751747376062212,4,,,True
validation,775511,2026-06-23T23:35:00-07:00,775511_1782282900_H30,764322,Ridge,4.813711788553185,5,,,True
validation,775511,2026-06-23T23:40:00-07:00,775511_1782283200_H30,764311,Ridge,1.3864477191828475,1,,,True
validation,775511,2026-06-23T23:40:00-07:00,775511_1782283200_H30,764297,Ridge,4.034070527430395,2,,,True
validation,775511,2026-06-23T23:40:00-07:00,775511_1782283200_H30,764283,Ridge,4.054176030076507,3,,,True
validation,775511,2026-06-23T23:40:00-07:00,775511_1782283200_H30,764322,Ridge,4.605635976879134,4,,,True
validation,775511,2026-06-23T23:40:00-07:00,775511_1782283200_H30,764290,Ridge,4.729407006577646,5,,,True
validation,775511,2026-06-23T23:45:00-07:00,775511_1782283500_H30,764311,Ridge,1.4214550224640572,1,,,True
validation,775511,2026-06-23T23:45:00-07:00,775511_1782283500_H30,764283,Ridge,3.991656581506289,2,,,True
validation,775511,2026-06-23T23:45:00-07:00,775511_1782283500_H30,764297,Ridge,4.028966785460433,3,,,True
validation,775511,2026-06-23T23:45:00-07:00,775511_1782283500_H30,764322,Ridge,4.573890881988972,4,,,True
validation,775511,2026-06-23T23:45:00-07:00,775511_1782283500_H30,764290,Ridge,4.666887558007429,5,,,True
validation,775511,2026-06-23T23:50:00-07:00,775511_1782283800_H30,764311,Ridge,1.2629663743867479,1,,,True
validation,775511,2026-06-23T23:50:00-07:00,775511_1782283800_H30,764297,Ridge,3.8460082335282335,2,,,True
validation,775511,2026-06-23T23:50:00-07:00,775511_1782283800_H30,764283,Ridge,3.963203835079299,3,,,True
validation,775511,2026-06-23T23:50:00-07:00,775511_1782283800_H30,764322,Ridge,4.005255984028125,4,,,True
validation,775511,2026-06-23T23:50:00-07:00,775511_1782283800_H30,764290,Ridge,4.638434811580439,5,,,True
validation,775511,2026-06-23T23:55:00-07:00,775511_1782284100_H30,764311,Ridge,0.9347017240294435,1,,,True
validation,775511,2026-06-23T23:55:00-07:00,775511_1782284100_H30,764322,Ridge,3.4920558652035893,2,,,True
validation,775511,2026-06-23T23:55:00-07:00,775511_1782284100_H30,764297,Ridge,3.5363652492215647,3,,,True
validation,775511,2026-06-23T23:55:00-07:00,775511_1782284100_H30,764283,Ridge,3.908473244456554,4,,,True
validation,775511,2026-06-23T23:55:00-07:00,775511_1782284100_H30,764290,Ridge,4.583704220957693,5,,,True
validation,775511,2026-06-26T23:30:00-07:00,775511_1782541800_H30,764311,Ridge,-0.07561076960139435,1,,,True
validation,775511,2026-06-26T23:30:00-07:00,775511_1782541800_H30,764322,Ridge,2.082751261458515,2,,,True
validation,775511,2026-06-26T23:30:00-07:00,775511_1782541800_H30,764297,Ridge,2.2229835052969205,3,,,True
validation,775511,2026-06-26T23:30:00-07:00,775511_1782541800_H30,764283,Ridge,2.7179884072714544,4,,,True
validation,775511,2026-06-26T23:30:00-07:00,775511_1782541800_H30,764290,Ridge,3.3932193837725935,5,,,True
validation,775511,2026-06-26T23:35:00-07:00,775511_1782542100_H30,764311,Ridge,-0.2651451921582657,1,,,True
validation,775511,2026-06-26T23:35:00-07:00,775511_1782542100_H30,764322,Ridge,1.733522214869343,2,,,True
validation,775511,2026-06-26T23:35:00-07:00,775511_1782542100_H30,764297,Ridge,2.0807532279527647,3,,,True
validation,775511,2026-06-26T23:35:00-07:00,775511_1782542100_H30,764283,Ridge,2.6643019162737076,4,,,True
validation,775511,2026-06-26T23:35:00-07:00,775511_1782542100_H30,764290,Ridge,3.339532892774846,5,,,True
validation,775511,2026-06-26T23:40:00-07:00,775511_1782542400_H30,764311,Ridge,-0.14377409933890295,1,,,True
validation,775511,2026-06-26T23:40:00-07:00,775511_1782542400_H30,764322,Ridge,1.7702372110309983,2,,,True
validation,775511,2026-06-26T23:40:00-07:00,775511_1782542400_H30,764297,Ridge,2.0698081462017095,3,,,True
validation,775511,2026-06-26T23:40:00-07:00,775511_1782542400_H30,764283,Ridge,2.6205326296722147,4,,,True
validation,775511,2026-06-26T23:40:00-07:00,775511_1782542400_H30,764290,Ridge,3.2957636061733533,5,,,True
validation,775511,2026-06-26T23:45:00-07:00,775511_1782542700_H30,764311,Ridge,-0.5323935721829907,1,,,True
validation,775511,2026-06-26T23:45:00-07:00,775511_1782542700_H30,764322,Ridge,2.09078706069714,2,,,True
validation,775511,2026-06-26T23:45:00-07:00,775511_1782542700_H30,764297,Ridge,2.1364613494035134,3,,,True
validation,775511,2026-06-26T23:45:00-07:00,775511_1782542700_H30,764283,Ridge,2.582737363723826,4,,,True
validation,775511,2026-06-26T23:45:00-07:00,775511_1782542700_H30,764290,Ridge,3.2579683402249646,5,,,True
validation,775511,2026-06-26T23:50:00-07:00,775511_1782543000_H30,764311,Ridge,-0.29759481444529357,1,,,True
validation,775511,2026-06-26T23:50:00-07:00,775511_1782543000_H30,764297,Ridge,2.091139068018829,2,,,True
validation,775511,2026-06-26T23:50:00-07:00,775511_1782543000_H30,764322,Ridge,2.1125807930855536,3,,,True
validation,775511,2026-06-26T23:50:00-07:00,775511_1782543000_H30,764283,Ridge,2.5617326945363126,4,,,True
validation,775511,2026-06-26T23:50:00-07:00,775511_1782543000_H30,764290,Ridge,3.2369636710374516,5,,,True
validation,775511,2026-06-26T23:55:00-07:00,775511_1782543300_H30,764311,Ridge,-0.42303318251679745,1,,,True
validation,775511,2026-06-26T23:55:00-07:00,775511_1782543300_H30,764297,Ridge,1.9743705333789627,2,,,True
validation,775511,2026-06-26T23:55:00-07:00,775511_1782543300_H30,764322,Ridge,2.246045646772377,3,,,True
validation,775511,2026-06-26T23:55:00-07:00,775511_1782543300_H30,764283,Ridge,2.5210810988789056,4,,,True
validation,775511,2026-06-26T23:55:00-07:00,775511_1782543300_H30,764290,Ridge,3.1963120753800442,5,,,True
validation,775536,2026-06-02T23:30:00-07:00,775536_1780468200_H30,759870,Ridge,7.147293589758524,1,,,True
validation,775536,2026-06-02T23:30:00-07:00,775536_1780468200_H30,768701,Ridge,7.2404768938056545,2,,,True
validation,775536,2026-06-02T23:30:00-07:00,775536_1780468200_H30,774344,Ridge,7.511475229456304,3,,,True
validation,775536,2026-06-02T23:30:00-07:00,775536_1780468200_H30,718405,Ridge,7.7690259577411,4,,,True
validation,775536,2026-06-02T23:30:00-07:00,775536_1780468200_H30,759858,Ridge,7.793826456480826,5,,,True
validation,775536,2026-06-02T23:35:00-07:00,775536_1780468500_H30,759870,Ridge,7.085963752135984,1,,,True
validation,775536,2026-06-02T23:35:00-07:00,775536_1780468500_H30,768701,Ridge,7.184545264105926,2,,,True
validation,775536,2026-06-02T23:35:00-07:00,775536_1780468500_H30,774344,Ridge,7.465885026504408,3,,,True
validation,775536,2026-06-02T23:35:00-07:00,775536_1780468500_H30,718405,Ridge,7.723435100957685,4,,,True
validation,775536,2026-06-02T23:35:00-07:00,775536_1780468500_H30,759858,Ridge,7.748235599697413,5,,,True
validation,775536,2026-06-02T23:40:00-07:00,775536_1780468800_H30,759870,Ridge,7.053655823796211,1,,,True
validation,775536,2026-06-02T23:40:00-07:00,775536_1780468800_H30,768701,Ridge,7.1355755865243005,2,,,True
validation,775536,2026-06-02T23:40:00-07:00,775536_1780468800_H30,774344,Ridge,7.423762477822679,3,,,True
validation,775536,2026-06-02T23:40:00-07:00,775536_1780468800_H30,718405,Ridge,7.681312089613661,4,,,True
validation,775536,2026-06-02T23:40:00-07:00,775536_1780468800_H30,759858,Ridge,7.706112588353388,5,,,True
validation,775536,2026-06-02T23:45:00-07:00,775536_1780469100_H30,759870,Ridge,6.9734822913900185,1,,,True
validation,775536,2026-06-02T23:45:00-07:00,775536_1780469100_H30,768701,Ridge,7.101974267188472,2,,,True
validation,775536,2026-06-02T23:45:00-07:00,775536_1780469100_H30,774344,Ridge,7.387246173804646,3,,,True
validation,775536,2026-06-02T23:45:00-07:00,775536_1780469100_H30,718405,Ridge,7.642101907202223,4,,,True
validation,775536,2026-06-02T23:45:00-07:00,775536_1780469100_H30,759858,Ridge,7.666902405941949,5,,,True
validation,775536,2026-06-02T23:50:00-07:00,775536_1780469400_H30,759870,Ridge,6.9575839490378195,1,,,True
validation,775536,2026-06-02T23:50:00-07:00,775536_1780469400_H30,768701,Ridge,7.046950469125891,2,,,True
validation,775536,2026-06-02T23:50:00-07:00,775536_1780469400_H30,774344,Ridge,7.344596765607342,3,,,True
validation,775536,2026-06-02T23:50:00-07:00,775536_1780469400_H30,718405,Ridge,7.601335646878027,4,,,True
validation,775536,2026-06-02T23:50:00-07:00,775536_1780469400_H30,759858,Ridge,7.626136145617754,5,,,True
validation,775536,2026-06-02T23:55:00-07:00,775536_1780469700_H30,759870,Ridge,6.8976223047305165,1,,,True
validation,775536,2026-06-02T23:55:00-07:00,775536_1780469700_H30,768701,Ridge,7.0270310530819255,2,,,True
validation,775536,2026-06-02T23:55:00-07:00,775536_1780469700_H30,774344,Ridge,7.296588714578959,3,,,True
validation,775536,2026-06-02T23:55:00-07:00,775536_1780469700_H30,718405,Ridge,7.561572936610927,4,,,True
validation,775536,2026-06-02T23:55:00-07:00,775536_1780469700_H30,759858,Ridge,7.586373435350655,5,,,True
validation,775536,2026-06-03T19:05:00-07:00,775536_1780538700_H30,759870,Ridge,8.464820572998656,1,,,True
validation,775536,2026-06-03T19:05:00-07:00,775536_1780538700_H30,768701,Ridge,8.545394463291098,2,,,True
validation,775536,2026-06-03T19:05:00-07:00,775536_1780538700_H30,774344,Ridge,9.7147003329763,3,,,True
validation,775536,2026-06-03T19:05:00-07:00,775536_1780538700_H30,718405,Ridge,9.976879164627189,4,,,True
validation,775536,2026-06-03T19:05:00-07:00,775536_1780538700_H30,759858,Ridge,10.001679663366916,5,,,True
validation,775536,2026-06-03T19:10:00-07:00,775536_1780539000_H30,759870,Ridge,8.416917393103793,1,,,True
validation,775536,2026-06-03T19:10:00-07:00,775536_1780539000_H30,768701,Ridge,8.505013111544734,2,,,True
validation,775536,2026-06-03T19:10:00-07:00,775536_1780539000_H30,774344,Ridge,9.614215723389197,3,,,True
validation,775536,2026-06-03T19:10:00-07:00,775536_1780539000_H30,718405,Ridge,9.879594998718026,4,,,True
validation,775536,2026-06-03T19:10:00-07:00,775536_1780539000_H30,759858,Ridge,9.904395497457752,5,,,True
validation,775536,2026-06-03T19:15:00-07:00,775536_1780539300_H30,759870,Ridge,8.404211429124594,1,,,True
validation,775536,2026-06-03T19:15:00-07:00,775536_1780539300_H30,768701,Ridge,8.484921451810187,2,,,True
validation,775536,2026-06-03T19:15:00-07:00,775536_1780539300_H30,774344,Ridge,9.545915761907649,3,,,True
validation,775536,2026-06-03T19:15:00-07:00,775536_1780539300_H30,718405,Ridge,9.806317480547737,4,,,True
validation,775536,2026-06-03T19:15:00-07:00,775536_1780539300_H30,759858,Ridge,9.831117979287463,5,,,True
validation,775536,2026-06-03T19:20:00-07:00,775536_1780539600_H30,759870,Ridge,8.386560044172388,1,,,True
validation,775536,2026-06-03T19:20:00-07:00,775536_1780539600_H30,768701,Ridge,8.457168646807453,2,,,True
validation,775536,2026-06-03T19:20:00-07:00,775536_1780539600_H30,774344,Ridge,9.461592062518086,3,,,True
validation,775536,2026-06-03T19:20:00-07:00,775536_1780539600_H30,718405,Ridge,9.723857408722058,4,,,True
validation,775536,2026-06-03T19:20:00-07:00,775536_1780539600_H30,759858,Ridge,9.748657907461784,5,,,True
validation,775536,2026-06-03T19:25:00-07:00,775536_1780539900_H30,759870,Ridge,8.35249059637636,1,,,True
validation,775536,2026-06-03T19:25:00-07:00,775536_1780539900_H30,768701,Ridge,8.429723039676734,2,,,True
validation,775536,2026-06-03T19:25:00-07:00,775536_1780539900_H30,774344,Ridge,9.361716894294329,3,,,True
validation,775536,2026-06-03T19:25:00-07:00,775536_1780539900_H30,718405,Ridge,9.621579343931618,4,,,True
validation,775536,2026-06-03T19:25:00-07:00,775536_1780539900_H30,759858,Ridge,9.646379842671344,5,,,True
validation,775536,2026-06-03T19:30:00-07:00,775536_1780540200_H30,759870,Ridge,8.332733636252904,1,,,True
validation,775536,2026-06-03T19:30:00-07:00,775536_1780540200_H30,768701,Ridge,8.403962631050154,2,,,True
validation,775536,2026-06-03T19:30:00-07:00,775536_1780540200_H30,774344,Ridge,9.309228667824012,3,,,True
validation,775536,2026-06-03T19:30:00-07:00,775536_1780540200_H30,718405,Ridge,9.570549307879837,4,,,True
validation,775536,2026-06-03T19:30:00-07:00,775536_1780540200_H30,759858,Ridge,9.595349806619563,5,,,True
validation,775536,2026-06-06T23:30:00-07:00,775536_1780813800_H30,759870,Ridge,5.3197139783573455,1,,,True
validation,775536,2026-06-06T23:30:00-07:00,775536_1780813800_H30,768701,Ridge,5.400666650756822,2,,,True
validation,775536,2026-06-06T23:30:00-07:00,775536_1780813800_H30,774344,Ridge,5.721172930047705,3,,,True
validation,775536,2026-06-06T23:30:00-07:00,775536_1780813800_H30,718405,Ridge,5.9787258087293615,4,,,True
validation,775536,2026-06-06T23:30:00-07:00,775536_1780813800_H30,759858,Ridge,6.003526307469088,5,,,True
validation,775536,2026-06-06T23:35:00-07:00,775536_1780814100_H30,759870,Ridge,5.277440572702977,1,,,True
validation,775536,2026-06-06T23:35:00-07:00,775536_1780814100_H30,768701,Ridge,5.345617597479494,2,,,True
validation,775536,2026-06-06T23:35:00-07:00,775536_1780814100_H30,774344,Ridge,5.653914488137634,3,,,True
validation,775536,2026-06-06T23:35:00-07:00,775536_1780814100_H30,718405,Ridge,5.911466224715032,4,,,True
validation,775536,2026-06-06T23:35:00-07:00,775536_1780814100_H30,759858,Ridge,5.936266723454759,5,,,True
validation,775536,2026-06-06T23:40:00-07:00,775536_1780814400_H30,759870,Ridge,5.222518277090134,1,,,True
validation,775536,2026-06-06T23:40:00-07:00,775536_1780814400_H30,768701,Ridge,5.288649017662777,2,,,True
validation,775536,2026-06-06T23:40:00-07:00,775536_1780814400_H30,774344,Ridge,5.565032013047439,3,,,True
validation,775536,2026-06-06T23:40:00-07:00,775536_1780814400_H30,718405,Ridge,5.822584402853053,4,,,True
validation,775536,2026-06-06T23:40:00-07:00,775536_1780814400_H30,759858,Ridge,5.84738490159278,5,,,True
validation,775536,2026-06-06T23:45:00-07:00,775536_1780814700_H30,759870,Ridge,5.1792840592137255,1,,,True
validation,775536,2026-06-06T23:45:00-07:00,775536_1780814700_H30,768701,Ridge,5.252622369022044,2,,,True
validation,775536,2026-06-06T23:45:00-07:00,775536_1780814700_H30,774344,Ridge,5.4958539231889105,3,,,True
validation,775536,2026-06-06T23:45:00-07:00,775536_1780814700_H30,718405,Ridge,5.7534056387580845,4,,,True
validation,775536,2026-06-06T23:45:00-07:00,775536_1780814700_H30,759858,Ridge,5.778206137497811,5,,,True
validation,775536,2026-06-06T23:50:00-07:00,775536_1780815000_H30,759870,Ridge,5.161352025242073,1,,,True
validation,775536,2026-06-06T23:50:00-07:00,775536_1780815000_H30,768701,Ridge,5.227767988307912,2,,,True
validation,775536,2026-06-06T23:50:00-07:00,775536_1780815000_H30,774344,Ridge,5.444981303344774,3,,,True
validation,775536,2026-06-06T23:50:00-07:00,775536_1780815000_H30,718405,Ridge,5.7025332624854155,4,,,True
validation,775536,2026-06-06T23:50:00-07:00,775536_1780815000_H30,759858,Ridge,5.727333761225142,5,,,True
validation,775536,2026-06-06T23:55:00-07:00,775536_1780815300_H30,759870,Ridge,5.089132964726306,1,,,True
validation,775536,2026-06-06T23:55:00-07:00,775536_1780815300_H30,768701,Ridge,5.188474419228967,2,,,True
validation,775536,2026-06-06T23:55:00-07:00,775536_1780815300_H30,774344,Ridge,5.420680925264052,3,,,True
validation,775536,2026-06-06T23:55:00-07:00,775536_1780815300_H30,718405,Ridge,5.678232725309799,4,,,True
validation,775536,2026-06-06T23:55:00-07:00,775536_1780815300_H30,759858,Ridge,5.703033224049526,5,,,True
validation,775536,2026-06-10T23:30:00-07:00,775536_1781159400_H30,759870,Ridge,7.186231940519077,1,,,True
validation,775536,2026-06-10T23:30:00-07:00,775536_1781159400_H30,768701,Ridge,7.283697364214076,2,,,True
validation,775536,2026-06-10T23:30:00-07:00,775536_1781159400_H30,774344,Ridge,7.510003972642992,3,,,True
validation,775536,2026-06-10T23:30:00-07:00,775536_1781159400_H30,718405,Ridge,7.767553899048881,4,,,True
validation,775536,2026-06-10T23:30:00-07:00,775536_1781159400_H30,759858,Ridge,7.792354397788609,5,,,True
validation,775536,2026-06-10T23:35:00-07:00,775536_1781159700_H30,759870,Ridge,7.14929704357088,1,,,True
validation,775536,2026-06-10T23:35:00-07:00,775536_1781159700_H30,768701,Ridge,7.240424149576545,2,,,True
validation,775536,2026-06-10T23:35:00-07:00,775536_1781159700_H30,774344,Ridge,7.4645973142768,3,,,True
validation,775536,2026-06-10T23:35:00-07:00,775536_1781159700_H30,718405,Ridge,7.722147702347016,4,,,True
validation,775536,2026-06-10T23:35:00-07:00,775536_1781159700_H30,759858,Ridge,7.746948201086742,5,,,True
validation,775536,2026-06-10T23:40:00-07:00,775536_1781160000_H30,759870,Ridge,7.11100836317777,1,,,True
validation,775536,2026-06-10T23:40:00-07:00,775536_1781160000_H30,768701,Ridge,7.191312483967535,2,,,True
validation,775536,2026-06-10T23:40:00-07:00,775536_1781160000_H30,774344,Ridge,7.405102744745358,3,,,True
validation,775536,2026-06-10T23:40:00-07:00,775536_1781160000_H30,718405,Ridge,7.6626547842928145,4,,,True
validation,775536,2026-06-10T23:40:00-07:00,775536_1781160000_H30,759858,Ridge,7.687455283032541,5,,,True
validation,775536,2026-06-10T23:45:00-07:00,775536_1781160300_H30,759870,Ridge,7.06601477724487,1,,,True
validation,775536,2026-06-10T23:45:00-07:00,775536_1781160300_H30,768701,Ridge,7.155336164922588,2,,,True
validation,775536,2026-06-10T23:45:00-07:00,775536_1781160300_H30,774344,Ridge,7.386990554728584,3,,,True
validation,775536,2026-06-10T23:45:00-07:00,775536_1781160300_H30,718405,Ridge,7.644541904464851,4,,,True
validation,775536,2026-06-10T23:45:00-07:00,775536_1781160300_H30,759858,Ridge,7.669342403204578,5,,,True
validation,775536,2026-06-10T23:50:00-07:00,775536_1781160600_H30,759870,Ridge,7.00674939946193,1,,,True
validation,775536,2026-06-10T23:50:00-07:00,775536_1781160600_H30,768701,Ridge,7.122956489062455,2,,,True
validation,775536,2026-06-10T23:50:00-07:00,775536_1781160600_H30,774344,Ridge,7.345394817338649,3,,,True
validation,775536,2026-06-10T23:50:00-07:00,775536_1781160600_H30,718405,Ridge,7.588881877546767,4,,,True
validation,775536,2026-06-10T23:50:00-07:00,775536_1781160600_H30,759858,Ridge,7.613682376286493,5,,,True
validation,775536,2026-06-10T23:55:00-07:00,775536_1781160900_H30,759870,Ridge,6.94824721641697,1,,,True
validation,775536,2026-06-10T23:55:00-07:00,775536_1781160900_H30,768701,Ridge,7.0595648528455355,2,,,True
validation,775536,2026-06-10T23:55:00-07:00,775536_1781160900_H30,774344,Ridge,7.319355776151442,3,,,True
validation,775536,2026-06-10T23:55:00-07:00,775536_1781160900_H30,718405,Ridge,7.577437044164366,4,,,True
validation,775536,2026-06-10T23:55:00-07:00,775536_1781160900_H30,759858,Ridge,7.602237542904092,5,,,True
validation,775536,2026-06-17T11:15:00-07:00,775536_1781720100_H30,768701,Ridge,3.920213032910258,1,,,True
validation,775536,2026-06-17T11:15:00-07:00,775536_1781720100_H30,759870,Ridge,4.975095482486123,2,,,True
validation,775536,2026-06-17T11:15:00-07:00,775536_1781720100_H30,774344,Ridge,5.4829728354096385,3,,,True
validation,775536,2026-06-17T11:15:00-07:00,775536_1781720100_H30,718405,Ridge,6.976266774847729,4,,,True
validation,775536,2026-06-17T11:15:00-07:00,775536_1781720100_H30,759858,Ridge,7.001067273587456,5,,,True
validation,775536,2026-06-18T23:30:00-07:00,775536_1781850600_H30,759870,Ridge,6.555796760663883,1,,,True
validation,775536,2026-06-18T23:30:00-07:00,775536_1781850600_H30,768701,Ridge,6.667990591412828,2,,,True
validation,775536,2026-06-18T23:30:00-07:00,775536_1781850600_H30,774344,Ridge,6.880401382014313,3,,,True
validation,775536,2026-06-18T23:30:00-07:00,775536_1781850600_H30,718405,Ridge,7.1379508759205255,4,,,True
validation,775536,2026-06-18T23:30:00-07:00,775536_1781850600_H30,759858,Ridge,7.162751374660251,5,,,True
validation,775536,2026-06-18T23:35:00-07:00,775536_1781850900_H30,759870,Ridge,6.492902157197436,1,,,True
validation,775536,2026-06-18T23:35:00-07:00,775536_1781850900_H30,768701,Ridge,6.629858102851147,2,,,True
validation,775536,2026-06-18T23:35:00-07:00,775536_1781850900_H30,774344,Ridge,6.83178482871115,3,,,True
validation,775536,2026-06-18T23:35:00-07:00,775536_1781850900_H30,718405,Ridge,7.089335018111043,4,,,True
validation,775536,2026-06-18T23:35:00-07:00,775536_1781850900_H30,759858,Ridge,7.114135516850769,5,,,True
validation,775536,2026-06-18T23:40:00-07:00,775536_1781851200_H30,759870,Ridge,6.490211582233752,1,,,True
validation,775536,2026-06-18T23:40:00-07:00,775536_1781851200_H30,768701,Ridge,6.5830431946809025,2,,,True
validation,775536,2026-06-18T23:40:00-07:00,775536_1781851200_H30,774344,Ridge,6.763724523481608,3,,,True
validation,775536,2026-06-18T23:40:00-07:00,775536_1781851200_H30,718405,Ridge,7.021274644891109,4,,,True
validation,775536,2026-06-18T23:40:00-07:00,775536_1781851200_H30,759858,Ridge,7.046075143630835,5,,,True
validation,775536,2026-06-18T23:45:00-07:00,775536_1781851500_H30,759870,Ridge,6.3997881579714715,1,,,True
validation,775536,2026-06-18T23:45:00-07:00,775536_1781851500_H30,768701,Ridge,6.539626444820806,2,,,True
validation,775536,2026-06-18T23:45:00-07:00,775536_1781851500_H30,774344,Ridge,6.726186069478613,3,,,True
validation,775536,2026-06-18T23:45:00-07:00,775536_1781851500_H30,718405,Ridge,6.983736662622951,4,,,True
validation,775536,2026-06-18T23:45:00-07:00,775536_1781851500_H30,759858,Ridge,7.008537161362678,5,,,True
validation,775536,2026-06-18T23:50:00-07:00,775536_1781851800_H30,759870,Ridge,6.422954866686252,1,,,True
validation,775536,2026-06-18T23:50:00-07:00,775536_1781851800_H30,768701,Ridge,6.508535816071609,2,,,True
validation,775536,2026-06-18T23:50:00-07:00,775536_1781851800_H30,774344,Ridge,6.687072586043302,3,,,True
validation,775536,2026-06-18T23:50:00-07:00,775536_1781851800_H30,718405,Ridge,6.944622192453387,4,,,True
validation,775536,2026-06-18T23:50:00-07:00,775536_1781851800_H30,759858,Ridge,6.969422691193113,5,,,True
validation,775536,2026-06-18T23:55:00-07:00,775536_1781852100_H30,759870,Ridge,6.359694653788701,1,,,True
validation,775536,2026-06-18T23:55:00-07:00,775536_1781852100_H30,768701,Ridge,6.455351493199499,2,,,True
validation,775536,2026-06-18T23:55:00-07:00,775536_1781852100_H30,774344,Ridge,6.690594001778866,3,,,True
validation,775536,2026-06-18T23:55:00-07:00,775536_1781852100_H30,718405,Ridge,6.948145631573678,4,,,True
validation,775536,2026-06-18T23:55:00-07:00,775536_1781852100_H30,759858,Ridge,6.972946130313405,5,,,True
validation,775536,2026-06-22T23:30:00-07:00,775536_1782196200_H30,759870,Ridge,6.448102525083957,1,,,True
validation,775536,2026-06-22T23:30:00-07:00,775536_1782196200_H30,768701,Ridge,6.533039712291396,2,,,True
validation,775536,2026-06-22T23:30:00-07:00,775536_1782196200_H30,774344,Ridge,6.8166200467921785,3,,,True
validation,775536,2026-06-22T23:30:00-07:00,775536_1782196200_H30,718405,Ridge,7.0741727186629175,4,,,True
validation,775536,2026-06-22T23:30:00-07:00,775536_1782196200_H30,759858,Ridge,7.098973217402644,5,,,True
validation,775536,2026-06-22T23:35:00-07:00,775536_1782196500_H30,759870,Ridge,6.399254767265349,1,,,True
validation,775536,2026-06-22T23:35:00-07:00,775536_1782196500_H30,768701,Ridge,6.495725686523303,2,,,True
validation,775536,2026-06-22T23:35:00-07:00,775536_1782196500_H30,774344,Ridge,6.786024363422246,3,,,True
validation,775536,2026-06-22T23:35:00-07:00,775536_1782196500_H30,718405,Ridge,7.043576355983067,4,,,True
validation,775536,2026-06-22T23:35:00-07:00,775536_1782196500_H30,759858,Ridge,7.068376854722793,5,,,True
validation,775536,2026-06-22T23:40:00-07:00,775536_1782196800_H30,759870,Ridge,6.320288267040235,1,,,True
validation,775536,2026-06-22T23:40:00-07:00,775536_1782196800_H30,768701,Ridge,6.458538609267961,2,,,True
validation,775536,2026-06-22T23:40:00-07:00,775536_1782196800_H30,774344,Ridge,6.74366067071829,3,,,True
validation,775536,2026-06-22T23:40:00-07:00,775536_1782196800_H30,718405,Ridge,7.001212826264721,4,,,True
validation,775536,2026-06-22T23:40:00-07:00,775536_1782196800_H30,759858,Ridge,7.026013325004447,5,,,True
validation,775536,2026-06-22T23:45:00-07:00,775536_1782197100_H30,759870,Ridge,6.290679209962495,1,,,True
validation,775536,2026-06-22T23:45:00-07:00,775536_1782197100_H30,768701,Ridge,6.407182649218581,2,,,True
validation,775536,2026-06-22T23:45:00-07:00,775536_1782197100_H30,774344,Ridge,6.706216000890727,3,,,True
validation,775536,2026-06-22T23:45:00-07:00,775536_1782197100_H30,718405,Ridge,6.963767722976549,4,,,True
validation,775536,2026-06-22T23:45:00-07:00,775536_1782197100_H30,759858,Ridge,6.988568221716275,5,,,True
validation,775536,2026-06-22T23:50:00-07:00,775536_1782197400_H30,759870,Ridge,6.296211344162671,1,,,True
validation,775536,2026-06-22T23:50:00-07:00,775536_1782197400_H30,768701,Ridge,6.379143822874997,2,,,True
validation,775536,2026-06-22T23:50:00-07:00,775536_1782197400_H30,774344,Ridge,6.663014402183245,3,,,True
validation,775536,2026-06-22T23:50:00-07:00,775536_1782197400_H30,718405,Ridge,6.920565176199801,4,,,True
validation,775536,2026-06-22T23:50:00-07:00,775536_1782197400_H30,759858,Ridge,6.945365674939527,5,,,True
validation,775536,2026-06-22T23:55:00-07:00,775536_1782197700_H30,759870,Ridge,6.223845296089679,1,,,True
validation,775536,2026-06-22T23:55:00-07:00,775536_1782197700_H30,768701,Ridge,6.317145971984403,2,,,True
validation,775536,2026-06-22T23:55:00-07:00,775536_1782197700_H30,774344,Ridge,6.628959680530686,3,,,True
validation,775536,2026-06-22T23:55:00-07:00,775536_1782197700_H30,718405,Ridge,6.886510354382726,4,,,True
validation,775536,2026-06-22T23:55:00-07:00,775536_1782197700_H30,759858,Ridge,6.911310853122453,5,,,True
validation,775536,2026-06-26T23:30:00-07:00,775536_1782541800_H30,759870,Ridge,5.728892548074263,1,,,True
validation,775536,2026-06-26T23:30:00-07:00,775536_1782541800_H30,768701,Ridge,5.806700912830725,2,,,True
validation,775536,2026-06-26T23:30:00-07:00,775536_1782541800_H30,774344,Ridge,6.069112153836598,3,,,True
validation,775536,2026-06-26T23:30:00-07:00,775536_1782541800_H30,718405,Ridge,6.3266631508577,4,,,True
validation,775536,2026-06-26T23:30:00-07:00,775536_1782541800_H30,759858,Ridge,6.3514636495974255,5,,,True
validation,775536,2026-06-26T23:35:00-07:00,775536_1782542100_H30,759870,Ridge,5.66359245419255,1,,,True
validation,775536,2026-06-26T23:35:00-07:00,775536_1782542100_H30,768701,Ridge,5.769234691626929,2,,,True
validation,775536,2026-06-26T23:35:00-07:00,775536_1782542100_H30,774344,Ridge,5.996079662689107,3,,,True
validation,775536,2026-06-26T23:35:00-07:00,775536_1782542100_H30,718405,Ridge,6.253630539359471,4,,,True
validation,775536,2026-06-26T23:35:00-07:00,775536_1782542100_H30,759858,Ridge,6.278431038099197,5,,,True
validation,775536,2026-06-26T23:40:00-07:00,775536_1782542400_H30,759870,Ridge,5.626480762243039,1,,,True
validation,775536,2026-06-26T23:40:00-07:00,775536_1782542400_H30,768701,Ridge,5.685990872453446,2,,,True
validation,775536,2026-06-26T23:40:00-07:00,775536_1782542400_H30,774344,Ridge,5.898009031135719,3,,,True
validation,775536,2026-06-26T23:40:00-07:00,775536_1782542400_H30,718405,Ridge,6.1555592478901735,4,,,True
validation,775536,2026-06-26T23:40:00-07:00,775536_1782542400_H30,759858,Ridge,6.1803597466299,5,,,True
validation,775536,2026-06-26T23:45:00-07:00,775536_1782542700_H30,759870,Ridge,5.553490999816707,1,,,True
validation,775536,2026-06-26T23:45:00-07:00,775536_1782542700_H30,768701,Ridge,5.6619364031030965,2,,,True
validation,775536,2026-06-26T23:45:00-07:00,775536_1782542700_H30,774344,Ridge,5.87393389280591,3,,,True
validation,775536,2026-06-26T23:45:00-07:00,775536_1782542700_H30,718405,Ridge,6.131483472717228,4,,,True
validation,775536,2026-06-26T23:45:00-07:00,775536_1782542700_H30,759858,Ridge,6.156283971456955,5,,,True
validation,775536,2026-06-26T23:50:00-07:00,775536_1782543000_H30,759870,Ridge,5.550496509307813,1,,,True
validation,775536,2026-06-26T23:50:00-07:00,775536_1782543000_H30,768701,Ridge,5.640826207397283,2,,,True
validation,775536,2026-06-26T23:50:00-07:00,775536_1782543000_H30,774344,Ridge,5.821343171319326,3,,,True
validation,775536,2026-06-26T23:50:00-07:00,775536_1782543000_H30,718405,Ridge,6.078891808127838,4,,,True
validation,775536,2026-06-26T23:50:00-07:00,775536_1782543000_H30,759858,Ridge,6.103692306867565,5,,,True
validation,775536,2026-06-26T23:55:00-07:00,775536_1782543300_H30,759870,Ridge,5.536365629935426,1,,,True
validation,775536,2026-06-26T23:55:00-07:00,775536_1782543300_H30,768701,Ridge,5.623572036226507,2,,,True
validation,775536,2026-06-26T23:55:00-07:00,775536_1782543300_H30,774344,Ridge,5.855491345610904,3,,,True
validation,775536,2026-06-26T23:55:00-07:00,775536_1782543300_H30,718405,Ridge,6.113042162895704,4,,,True
validation,775536,2026-06-26T23:55:00-07:00,775536_1782543300_H30,759858,Ridge,6.137842661635431,5,,,True
validation,765501,2026-06-03T15:25:00-07:00,765501_1780525500_H30,763616,XGBoost,8.451507568359375,1,,,True
validation,765501,2026-06-03T15:25:00-07:00,765501_1780525500_H30,776019,XGBoost,9.19005298614502,2,,,True
validation,765501,2026-06-03T15:25:00-07:00,765501_1780525500_H30,773773,XGBoost,9.270425796508789,3,,,True
validation,765501,2026-06-03T15:25:00-07:00,765501_1780525500_H30,717951,XGBoost,9.28033447265625,4,,,True
validation,765501,2026-06-03T15:25:00-07:00,765501_1780525500_H30,773784,XGBoost,9.923141479492188,5,,,True
validation,765501,2026-06-03T15:30:00-07:00,765501_1780525800_H30,776019,XGBoost,9.19005298614502,1,,,True
validation,765501,2026-06-03T15:30:00-07:00,765501_1780525800_H30,773773,XGBoost,9.4647216796875,2,,,True
validation,765501,2026-06-03T15:30:00-07:00,765501_1780525800_H30,717951,XGBoost,9.474630355834961,3,,,True
validation,765501,2026-06-03T15:30:00-07:00,765501_1780525800_H30,763616,XGBoost,10.675211906433105,4,,,True
validation,765501,2026-06-03T15:30:00-07:00,765501_1780525800_H30,773784,XGBoost,11.695660591125488,5,,,True
validation,765501,2026-06-03T15:35:00-07:00,765501_1780526100_H30,776019,XGBoost,9.19005298614502,1,,,True
validation,765501,2026-06-03T15:35:00-07:00,765501_1780526100_H30,773773,XGBoost,9.270425796508789,2,,,True
validation,765501,2026-06-03T15:35:00-07:00,765501_1780526100_H30,717951,XGBoost,9.28033447265625,3,,,True
validation,765501,2026-06-03T15:35:00-07:00,765501_1780526100_H30,763616,XGBoost,10.347466468811035,4,,,True
validation,765501,2026-06-03T15:35:00-07:00,765501_1780526100_H30,773784,XGBoost,11.695660591125488,5,,,True
validation,765501,2026-06-03T15:40:00-07:00,765501_1780526400_H30,773773,XGBoost,9.270425796508789,1,,,True
validation,765501,2026-06-03T15:40:00-07:00,765501_1780526400_H30,717951,XGBoost,9.28033447265625,2,,,True
validation,765501,2026-06-03T15:40:00-07:00,765501_1780526400_H30,776019,XGBoost,9.645237922668457,3,,,True
validation,765501,2026-06-03T15:40:00-07:00,765501_1780526400_H30,763616,XGBoost,9.892281532287598,4,,,True
validation,765501,2026-06-03T15:40:00-07:00,765501_1780526400_H30,773784,XGBoost,11.24047565460205,5,,,True
validation,765501,2026-06-03T15:45:00-07:00,765501_1780526700_H30,763616,XGBoost,7.5201239585876465,1,,,True
validation,765501,2026-06-03T15:45:00-07:00,765501_1780526700_H30,773773,XGBoost,9.132641792297363,2,,,True
validation,765501,2026-06-03T15:45:00-07:00,765501_1780526700_H30,717951,XGBoost,9.142550468444824,3,,,True
validation,765501,2026-06-03T15:45:00-07:00,765501_1780526700_H30,776019,XGBoost,9.645237922668457,4,,,True
validation,765501,2026-06-03T15:45:00-07:00,765501_1780526700_H30,773784,XGBoost,11.127755165100098,5,,,True
validation,765501,2026-06-03T15:50:00-07:00,765501_1780527000_H30,763616,XGBoost,7.726438999176025,1,,,True
validation,765501,2026-06-03T15:50:00-07:00,765501_1780527000_H30,773773,XGBoost,9.132641792297363,2,,,True
validation,765501,2026-06-03T15:50:00-07:00,765501_1780527000_H30,717951,XGBoost,9.142550468444824,3,,,True
validation,765501,2026-06-03T15:50:00-07:00,765501_1780527000_H30,776019,XGBoost,9.645237922668457,4,,,True
validation,765501,2026-06-03T15:50:00-07:00,765501_1780527000_H30,773784,XGBoost,11.03136157989502,5,,,True
validation,765501,2026-06-06T07:20:00-07:00,765501_1780755600_H30,717951,XGBoost,6.357065677642822,1,,,True
validation,765501,2026-06-06T07:20:00-07:00,765501_1780755600_H30,773784,XGBoost,6.882528781890869,2,,,True
validation,765501,2026-06-06T07:20:00-07:00,765501_1780755600_H30,776019,XGBoost,6.969386100769043,3,,,True
validation,765501,2026-06-06T07:20:00-07:00,765501_1780755600_H30,773773,XGBoost,7.759128093719482,4,,,True
validation,765501,2026-06-06T07:20:00-07:00,765501_1780755600_H30,763616,XGBoost,8.618481636047363,5,,,True
validation,765501,2026-06-06T07:25:00-07:00,765501_1780755900_H30,773784,XGBoost,5.71537446975708,1,,,True
validation,765501,2026-06-06T07:25:00-07:00,765501_1780755900_H30,776019,XGBoost,5.8151774406433105,2,,,True
validation,765501,2026-06-06T07:25:00-07:00,765501_1780755900_H30,717951,XGBoost,6.357065677642822,3,,,True
validation,765501,2026-06-06T07:25:00-07:00,765501_1780755900_H30,773773,XGBoost,6.591973781585693,4,,,True
validation,765501,2026-06-06T07:25:00-07:00,765501_1780755900_H30,763616,XGBoost,8.650923728942871,5,,,True
validation,765501,2026-06-06T07:30:00-07:00,765501_1780756200_H30,776019,XGBoost,5.8151774406433105,1,,,True
validation,765501,2026-06-06T07:30:00-07:00,765501_1780756200_H30,773784,XGBoost,6.230399131774902,2,,,True
validation,765501,2026-06-06T07:30:00-07:00,765501_1780756200_H30,717951,XGBoost,6.357065677642822,3,,,True
validation,765501,2026-06-06T07:30:00-07:00,765501_1780756200_H30,773773,XGBoost,6.384398460388184,4,,,True
validation,765501,2026-06-06T07:30:00-07:00,765501_1780756200_H30,763616,XGBoost,8.940637588500977,5,,,True
validation,765501,2026-06-06T07:35:00-07:00,765501_1780756500_H30,776019,XGBoost,5.535801410675049,1,,,True
validation,765501,2026-06-06T07:35:00-07:00,765501_1780756500_H30,773784,XGBoost,5.6829328536987305,2,,,True
validation,765501,2026-06-06T07:35:00-07:00,765501_1780756500_H30,773773,XGBoost,5.836932182312012,3,,,True
validation,765501,2026-06-06T07:35:00-07:00,765501_1780756500_H30,717951,XGBoost,6.357065677642822,4,,,True
validation,765501,2026-06-06T07:35:00-07:00,765501_1780756500_H30,763616,XGBoost,7.808001518249512,5,,,True
validation,765501,2026-06-06T07:40:00-07:00,765501_1780756800_H30,776019,XGBoost,5.535801410675049,1,,,True
validation,765501,2026-06-06T07:40:00-07:00,765501_1780756800_H30,773784,XGBoost,5.6829328536987305,2,,,True
validation,765501,2026-06-06T07:40:00-07:00,765501_1780756800_H30,773773,XGBoost,5.836932182312012,3,,,True
validation,765501,2026-06-06T07:40:00-07:00,765501_1780756800_H30,717951,XGBoost,6.357065677642822,4,,,True
validation,765501,2026-06-06T07:40:00-07:00,765501_1780756800_H30,763616,XGBoost,8.164944648742676,5,,,True
validation,765501,2026-06-06T07:45:00-07:00,765501_1780757100_H30,776019,XGBoost,5.535801410675049,1,,,True
validation,765501,2026-06-06T07:45:00-07:00,765501_1780757100_H30,773784,XGBoost,5.6829328536987305,2,,,True
validation,765501,2026-06-06T07:45:00-07:00,765501_1780757100_H30,773773,XGBoost,5.836932182312012,3,,,True
validation,765501,2026-06-06T07:45:00-07:00,765501_1780757100_H30,717951,XGBoost,6.357065677642822,4,,,True
validation,765501,2026-06-06T07:45:00-07:00,765501_1780757100_H30,763616,XGBoost,7.91554069519043,5,,,True
validation,765501,2026-06-11T23:30:00-07:00,765501_1781245800_H30,773773,XGBoost,5.113778591156006,1,,,True
validation,765501,2026-06-11T23:30:00-07:00,765501_1781245800_H30,717951,XGBoost,5.123686790466309,2,,,True
validation,765501,2026-06-11T23:30:00-07:00,765501_1781245800_H30,776019,XGBoost,5.476687908172607,3,,,True
validation,765501,2026-06-11T23:30:00-07:00,765501_1781245800_H30,773784,XGBoost,7.205265522003174,4,,,True
validation,765501,2026-06-11T23:30:00-07:00,765501_1781245800_H30,763616,XGBoost,7.9019293785095215,5,,,True
validation,765501,2026-06-11T23:35:00-07:00,765501_1781246100_H30,773773,XGBoost,5.443772792816162,1,,,True
validation,765501,2026-06-11T23:35:00-07:00,765501_1781246100_H30,717951,XGBoost,5.453680992126465,2,,,True
validation,765501,2026-06-11T23:35:00-07:00,765501_1781246100_H30,776019,XGBoost,5.790231704711914,3,,,True
validation,765501,2026-06-11T23:35:00-07:00,765501_1781246100_H30,773784,XGBoost,7.73136568069458,4,,,True
validation,765501,2026-06-11T23:35:00-07:00,765501_1781246100_H30,763616,XGBoost,8.390049934387207,5,,,True
validation,765501,2026-06-11T23:40:00-07:00,765501_1781246400_H30,763616,XGBoost,7.239043235778809,1,,,True
validation,765501,2026-06-11T23:40:00-07:00,765501_1781246400_H30,773773,XGBoost,7.590926170349121,2,,,True
validation,765501,2026-06-11T23:40:00-07:00,765501_1781246400_H30,717951,XGBoost,7.600834369659424,3,,,True
validation,765501,2026-06-11T23:40:00-07:00,765501_1781246400_H30,776019,XGBoost,7.910647869110107,4,,,True
validation,765501,2026-06-11T23:40:00-07:00,765501_1781246400_H30,773784,XGBoost,8.41643238067627,5,,,True
validation,765501,2026-06-11T23:45:00-07:00,765501_1781246700_H30,763616,XGBoost,7.571925163269043,1,,,True
validation,765501,2026-06-11T23:45:00-07:00,765501_1781246700_H30,773773,XGBoost,8.034452438354492,2,,,True
validation,765501,2026-06-11T23:45:00-07:00,765501_1781246700_H30,717951,XGBoost,8.044361114501953,3,,,True
validation,765501,2026-06-11T23:45:00-07:00,765501_1781246700_H30,776019,XGBoost,9.223970413208008,4,,,True
validation,765501,2026-06-11T23:45:00-07:00,765501_1781246700_H30,773784,XGBoost,9.348278045654297,5,,,True
validation,765501,2026-06-11T23:50:00-07:00,765501_1781247000_H30,763616,XGBoost,7.606894016265869,1,,,True
validation,765501,2026-06-11T23:50:00-07:00,765501_1781247000_H30,773784,XGBoost,7.995498180389404,2,,,True
validation,765501,2026-06-11T23:50:00-07:00,765501_1781247000_H30,773773,XGBoost,8.087207794189453,3,,,True
validation,765501,2026-06-11T23:50:00-07:00,765501_1781247000_H30,717951,XGBoost,8.097116470336914,4,,,True
validation,765501,2026-06-11T23:50:00-07:00,765501_1781247000_H30,776019,XGBoost,9.276726722717285,5,,,True
validation,765501,2026-06-11T23:55:00-07:00,765501_1781247300_H30,763616,XGBoost,5.927766799926758,1,,,True
validation,765501,2026-06-11T23:55:00-07:00,765501_1781247300_H30,773784,XGBoost,7.995498180389404,2,,,True
validation,765501,2026-06-11T23:55:00-07:00,765501_1781247300_H30,773773,XGBoost,8.092193603515625,3,,,True
validation,765501,2026-06-11T23:55:00-07:00,765501_1781247300_H30,717951,XGBoost,8.102102279663086,4,,,True
validation,765501,2026-06-11T23:55:00-07:00,765501_1781247300_H30,776019,XGBoost,8.374488830566406,5,,,True
validation,765501,2026-06-15T23:30:00-07:00,765501_1781591400_H30,773773,XGBoost,5.499269485473633,1,,,True
validation,765501,2026-06-15T23:30:00-07:00,765501_1781591400_H30,717951,XGBoost,5.5091776847839355,2,,,True
validation,765501,2026-06-15T23:30:00-07:00,765501_1781591400_H30,776019,XGBoost,5.547690391540527,3,,,True
validation,765501,2026-06-15T23:30:00-07:00,765501_1781591400_H30,773784,XGBoost,5.926390647888184,4,,,True
validation,765501,2026-06-15T23:30:00-07:00,765501_1781591400_H30,763616,XGBoost,6.917846202850342,5,,,True
validation,765501,2026-06-15T23:35:00-07:00,765501_1781591700_H30,773773,XGBoost,5.592715263366699,1,,,True
validation,765501,2026-06-15T23:35:00-07:00,765501_1781591700_H30,776019,XGBoost,5.599774360656738,2,,,True
validation,765501,2026-06-15T23:35:00-07:00,765501_1781591700_H30,717951,XGBoost,5.602623462677002,3,,,True
validation,765501,2026-06-15T23:35:00-07:00,765501_1781591700_H30,773784,XGBoost,6.335253715515137,4,,,True
validation,765501,2026-06-15T23:35:00-07:00,765501_1781591700_H30,763616,XGBoost,7.043734073638916,5,,,True
validation,765501,2026-06-15T23:40:00-07:00,765501_1781592000_H30,763616,XGBoost,5.530310153961182,1,,,True
validation,765501,2026-06-15T23:40:00-07:00,765501_1781592000_H30,773784,XGBoost,7.5433669090271,2,,,True
validation,765501,2026-06-15T23:40:00-07:00,765501_1781592000_H30,773773,XGBoost,7.585413455963135,3,,,True
validation,765501,2026-06-15T23:40:00-07:00,765501_1781592000_H30,717951,XGBoost,7.5953216552734375,4,,,True
validation,765501,2026-06-15T23:40:00-07:00,765501_1781592000_H30,776019,XGBoost,8.044587135314941,5,,,True
validation,765501,2026-06-15T23:45:00-07:00,765501_1781592300_H30,763616,XGBoost,6.020141124725342,1,,,True
validation,765501,2026-06-15T23:45:00-07:00,765501_1781592300_H30,773784,XGBoost,8.02242660522461,2,,,True
validation,765501,2026-06-15T23:45:00-07:00,765501_1781592300_H30,773773,XGBoost,8.028939247131348,3,,,True
validation,765501,2026-06-15T23:45:00-07:00,765501_1781592300_H30,717951,XGBoost,8.038847923278809,4,,,True
validation,765501,2026-06-15T23:45:00-07:00,765501_1781592300_H30,776019,XGBoost,8.70718765258789,5,,,True
validation,765501,2026-06-15T23:50:00-07:00,765501_1781592600_H30,763616,XGBoost,7.592448711395264,1,,,True
validation,765501,2026-06-15T23:50:00-07:00,765501_1781592600_H30,773773,XGBoost,8.081695556640625,2,,,True
validation,765501,2026-06-15T23:50:00-07:00,765501_1781592600_H30,717951,XGBoost,8.091604232788086,3,,,True
validation,765501,2026-06-15T23:50:00-07:00,765501_1781592600_H30,776019,XGBoost,8.40141773223877,4,,,True
validation,765501,2026-06-15T23:50:00-07:00,765501_1781592600_H30,773784,XGBoost,9.53642463684082,5,,,True
validation,765501,2026-06-15T23:55:00-07:00,765501_1781592900_H30,773773,XGBoost,8.081695556640625,1,,,True
validation,765501,2026-06-15T23:55:00-07:00,765501_1781592900_H30,717951,XGBoost,8.091604232788086,2,,,True
validation,765501,2026-06-15T23:55:00-07:00,765501_1781592900_H30,776019,XGBoost,8.181319236755371,3,,,True
validation,765501,2026-06-15T23:55:00-07:00,765501_1781592900_H30,773784,XGBoost,9.169221878051758,4,,,True
validation,765501,2026-06-15T23:55:00-07:00,765501_1781592900_H30,763616,XGBoost,9.379011154174805,5,,,True
validation,765501,2026-06-17T22:00:00-07:00,765501_1781758800_H30,773773,XGBoost,5.311984539031982,1,,,True
validation,765501,2026-06-17T22:00:00-07:00,765501_1781758800_H30,717951,XGBoost,5.321892738342285,2,,,True
validation,765501,2026-06-17T22:00:00-07:00,765501_1781758800_H30,776019,XGBoost,5.598944187164307,3,,,True
validation,765501,2026-06-17T22:00:00-07:00,765501_1781758800_H30,763616,XGBoost,6.3741774559021,4,,,True
validation,765501,2026-06-17T22:00:00-07:00,765501_1781758800_H30,773784,XGBoost,6.418149948120117,5,,,True
validation,765501,2026-06-17T22:05:00-07:00,765501_1781759100_H30,773773,XGBoost,6.019309043884277,1,,,True
validation,765501,2026-06-17T22:05:00-07:00,765501_1781759100_H30,717951,XGBoost,6.02921724319458,2,,,True
validation,765501,2026-06-17T22:05:00-07:00,765501_1781759100_H30,773784,XGBoost,6.364552021026611,3,,,True
validation,765501,2026-06-17T22:05:00-07:00,765501_1781759100_H30,776019,XGBoost,6.5243706703186035,4,,,True
validation,765501,2026-06-17T22:05:00-07:00,765501_1781759100_H30,763616,XGBoost,7.8694024085998535,5,,,True
validation,765501,2026-06-17T22:10:00-07:00,765501_1781759400_H30,773773,XGBoost,6.019309043884277,1,,,True
validation,765501,2026-06-17T22:10:00-07:00,765501_1781759400_H30,717951,XGBoost,6.02921724319458,2,,,True
validation,765501,2026-06-17T22:10:00-07:00,765501_1781759400_H30,776019,XGBoost,6.5243706703186035,3,,,True
validation,765501,2026-06-17T22:10:00-07:00,765501_1781759400_H30,773784,XGBoost,7.09605598449707,4,,,True
validation,765501,2026-06-17T22:10:00-07:00,765501_1781759400_H30,763616,XGBoost,8.597391128540039,5,,,True
validation,765501,2026-06-17T22:15:00-07:00,765501_1781759700_H30,773773,XGBoost,6.019309043884277,1,,,True
validation,765501,2026-06-17T22:15:00-07:00,765501_1781759700_H30,717951,XGBoost,6.02921724319458,2,,,True
validation,765501,2026-06-17T22:15:00-07:00,765501_1781759700_H30,776019,XGBoost,6.5243706703186035,3,,,True
validation,765501,2026-06-17T22:15:00-07:00,765501_1781759700_H30,773784,XGBoost,7.060544013977051,4,,,True
validation,765501,2026-06-17T22:15:00-07:00,765501_1781759700_H30,763616,XGBoost,8.483792304992676,5,,,True
validation,765501,2026-06-17T22:20:00-07:00,765501_1781760000_H30,773784,XGBoost,6.364552021026611,1,,,True
validation,765501,2026-06-17T22:20:00-07:00,765501_1781760000_H30,773773,XGBoost,6.639361381530762,2,,,True
validation,765501,2026-06-17T22:20:00-07:00,765501_1781760000_H30,717951,XGBoost,6.649269104003906,3,,,True
validation,765501,2026-06-17T22:20:00-07:00,765501_1781760000_H30,776019,XGBoost,7.127972602844238,4,,,True
validation,765501,2026-06-17T22:20:00-07:00,765501_1781760000_H30,763616,XGBoost,7.153419017791748,5,,,True
validation,765501,2026-06-17T22:25:00-07:00,765501_1781760300_H30,773784,XGBoost,5.426034450531006,1,,,True
validation,765501,2026-06-17T22:25:00-07:00,765501_1781760300_H30,773773,XGBoost,5.852593421936035,2,,,True
validation,765501,2026-06-17T22:25:00-07:00,765501_1781760300_H30,717951,XGBoost,5.862501621246338,3,,,True
validation,765501,2026-06-17T22:25:00-07:00,765501_1781760300_H30,763616,XGBoost,6.158990383148193,4,,,True
validation,765501,2026-06-17T22:25:00-07:00,765501_1781760300_H30,776019,XGBoost,6.358555793762207,5,,,True
validation,765501,2026-06-18T23:30:00-07:00,765501_1781850600_H30,773773,XGBoost,5.113778591156006,1,,,True
validation,765501,2026-06-18T23:30:00-07:00,765501_1781850600_H30,717951,XGBoost,5.123686790466309,2,,,True
validation,765501,2026-06-18T23:30:00-07:00,765501_1781850600_H30,773784,XGBoost,5.243170261383057,3,,,True
validation,765501,2026-06-18T23:30:00-07:00,765501_1781850600_H30,776019,XGBoost,5.476687908172607,4,,,True
validation,765501,2026-06-18T23:30:00-07:00,765501_1781850600_H30,763616,XGBoost,6.0792436599731445,5,,,True
validation,765501,2026-06-18T23:35:00-07:00,765501_1781850900_H30,773773,XGBoost,5.443772792816162,1,,,True
validation,765501,2026-06-18T23:35:00-07:00,765501_1781850900_H30,717951,XGBoost,5.453680992126465,2,,,True
validation,765501,2026-06-18T23:35:00-07:00,765501_1781850900_H30,776019,XGBoost,5.790231704711914,3,,,True
validation,765501,2026-06-18T23:35:00-07:00,765501_1781850900_H30,773784,XGBoost,6.93103551864624,4,,,True
validation,765501,2026-06-18T23:35:00-07:00,765501_1781850900_H30,763616,XGBoost,7.8521294593811035,5,,,True
validation,765501,2026-06-18T23:40:00-07:00,765501_1781851200_H30,773773,XGBoost,7.590926170349121,1,,,True
validation,765501,2026-06-18T23:40:00-07:00,765501_1781851200_H30,717951,XGBoost,7.600834369659424,2,,,True
validation,765501,2026-06-18T23:40:00-07:00,765501_1781851200_H30,776019,XGBoost,7.910647869110107,3,,,True
validation,765501,2026-06-18T23:40:00-07:00,765501_1781851200_H30,763616,XGBoost,8.915458679199219,4,,,True
validation,765501,2026-06-18T23:40:00-07:00,765501_1781851200_H30,773784,XGBoost,9.30228328704834,5,,,True
validation,765501,2026-06-18T23:45:00-07:00,765501_1781851500_H30,773773,XGBoost,8.034452438354492,1,,,True
validation,765501,2026-06-18T23:45:00-07:00,765501_1781851500_H30,717951,XGBoost,8.044361114501953,2,,,True
validation,765501,2026-06-18T23:45:00-07:00,765501_1781851500_H30,776019,XGBoost,9.223970413208008,3,,,True
validation,765501,2026-06-18T23:45:00-07:00,765501_1781851500_H30,763616,XGBoost,9.926097869873047,4,,,True
validation,765501,2026-06-18T23:45:00-07:00,765501_1781851500_H30,773784,XGBoost,9.95775318145752,5,,,True
validation,765501,2026-06-18T23:50:00-07:00,765501_1781851800_H30,773784,XGBoost,7.968188285827637,1,,,True
validation,765501,2026-06-18T23:50:00-07:00,765501_1781851800_H30,773773,XGBoost,8.087207794189453,2,,,True
validation,765501,2026-06-18T23:50:00-07:00,765501_1781851800_H30,717951,XGBoost,8.097116470336914,3,,,True
validation,765501,2026-06-18T23:50:00-07:00,765501_1781851800_H30,763616,XGBoost,8.185931205749512,4,,,True
validation,765501,2026-06-18T23:50:00-07:00,765501_1781851800_H30,776019,XGBoost,9.276726722717285,5,,,True
validation,765501,2026-06-18T23:55:00-07:00,765501_1781852100_H30,773784,XGBoost,7.405645370483398,1,,,True
validation,765501,2026-06-18T23:55:00-07:00,765501_1781852100_H30,763616,XGBoost,7.8063130378723145,2,,,True
validation,765501,2026-06-18T23:55:00-07:00,765501_1781852100_H30,773773,XGBoost,8.092193603515625,3,,,True
validation,765501,2026-06-18T23:55:00-07:00,765501_1781852100_H30,717951,XGBoost,8.102102279663086,4,,,True
validation,765501,2026-06-18T23:55:00-07:00,765501_1781852100_H30,776019,XGBoost,8.374488830566406,5,,,True
validation,765501,2026-06-24T23:30:00-07:00,765501_1782369000_H30,773773,XGBoost,5.41748046875,1,,,True
validation,765501,2026-06-24T23:30:00-07:00,765501_1782369000_H30,717951,XGBoost,5.427388668060303,2,,,True
validation,765501,2026-06-24T23:30:00-07:00,765501_1782369000_H30,776019,XGBoost,5.73444128036499,3,,,True
validation,765501,2026-06-24T23:30:00-07:00,765501_1782369000_H30,773784,XGBoost,7.369705677032471,4,,,True
validation,765501,2026-06-24T23:30:00-07:00,765501_1782369000_H30,763616,XGBoost,7.549502849578857,5,,,True
validation,765501,2026-06-24T23:35:00-07:00,765501_1782369300_H30,773773,XGBoost,5.473499298095703,1,,,True
validation,765501,2026-06-24T23:35:00-07:00,765501_1782369300_H30,717951,XGBoost,5.483407497406006,2,,,True
validation,765501,2026-06-24T23:35:00-07:00,765501_1782369300_H30,776019,XGBoost,5.873053073883057,3,,,True
validation,765501,2026-06-24T23:35:00-07:00,765501_1782369300_H30,763616,XGBoost,7.6448893547058105,4,,,True
validation,765501,2026-06-24T23:35:00-07:00,765501_1782369300_H30,773784,XGBoost,7.645015239715576,5,,,True
validation,765501,2026-06-24T23:40:00-07:00,765501_1782369600_H30,773773,XGBoost,7.600540637969971,1,,,True
validation,765501,2026-06-24T23:40:00-07:00,765501_1782369600_H30,717951,XGBoost,7.610448837280273,2,,,True
validation,765501,2026-06-24T23:40:00-07:00,765501_1782369600_H30,776019,XGBoost,7.94830322265625,3,,,True
validation,765501,2026-06-24T23:40:00-07:00,765501_1782369600_H30,763616,XGBoost,8.21444320678711,4,,,True
validation,765501,2026-06-24T23:40:00-07:00,765501_1782369600_H30,773784,XGBoost,9.004372596740723,5,,,True
validation,765501,2026-06-24T23:45:00-07:00,765501_1782369900_H30,773773,XGBoost,8.42160415649414,1,,,True
validation,765501,2026-06-24T23:45:00-07:00,765501_1782369900_H30,717951,XGBoost,8.431512832641602,2,,,True
validation,765501,2026-06-24T23:45:00-07:00,765501_1782369900_H30,776019,XGBoost,8.985898971557617,3,,,True
validation,765501,2026-06-24T23:45:00-07:00,765501_1782369900_H30,763616,XGBoost,9.007277488708496,4,,,True
validation,765501,2026-06-24T23:45:00-07:00,765501_1782369900_H30,773784,XGBoost,9.723970413208008,5,,,True
validation,765501,2026-06-24T23:50:00-07:00,765501_1782370200_H30,773773,XGBoost,8.5160551071167,1,,,True
validation,765501,2026-06-24T23:50:00-07:00,765501_1782370200_H30,717951,XGBoost,8.52596378326416,2,,,True
validation,765501,2026-06-24T23:50:00-07:00,765501_1782370200_H30,763616,XGBoost,9.007277488708496,3,,,True
validation,765501,2026-06-24T23:50:00-07:00,765501_1782370200_H30,776019,XGBoost,9.038655281066895,4,,,True
validation,765501,2026-06-24T23:50:00-07:00,765501_1782370200_H30,773784,XGBoost,9.447596549987793,5,,,True
validation,765501,2026-06-24T23:55:00-07:00,765501_1782370500_H30,763616,XGBoost,7.933125972747803,1,,,True
validation,765501,2026-06-24T23:55:00-07:00,765501_1782370500_H30,773773,XGBoost,8.5160551071167,2,,,True
validation,765501,2026-06-24T23:55:00-07:00,765501_1782370500_H30,717951,XGBoost,8.52596378326416,3,,,True
validation,765501,2026-06-24T23:55:00-07:00,765501_1782370500_H30,776019,XGBoost,8.746639251708984,4,,,True
validation,765501,2026-06-24T23:55:00-07:00,765501_1782370500_H30,773784,XGBoost,9.020195007324219,5,,,True
validation,765501,2026-06-27T23:30:00-07:00,765501_1782628200_H30,773784,XGBoost,3.2374563217163086,1,,,True
validation,765501,2026-06-27T23:30:00-07:00,765501_1782628200_H30,717951,XGBoost,4.748757362365723,2,,,True
validation,765501,2026-06-27T23:30:00-07:00,765501_1782628200_H30,776019,XGBoost,5.0433669090271,3,,,True
validation,765501,2026-06-27T23:30:00-07:00,765501_1782628200_H30,773773,XGBoost,5.136786460876465,4,,,True
validation,765501,2026-06-27T23:30:00-07:00,765501_1782628200_H30,763616,XGBoost,5.2622480392456055,5,,,True
validation,765501,2026-06-27T23:35:00-07:00,765501_1782628500_H30,773784,XGBoost,4.035253047943115,1,,,True
validation,765501,2026-06-27T23:35:00-07:00,765501_1782628500_H30,717951,XGBoost,4.842203140258789,2,,,True
validation,765501,2026-06-27T23:35:00-07:00,765501_1782628500_H30,776019,XGBoost,5.095118522644043,3,,,True
validation,765501,2026-06-27T23:35:00-07:00,765501_1782628500_H30,773773,XGBoost,5.230232238769531,4,,,True
validation,765501,2026-06-27T23:35:00-07:00,765501_1782628500_H30,763616,XGBoost,5.871851921081543,5,,,True
validation,765501,2026-06-27T23:40:00-07:00,765501_1782628800_H30,773784,XGBoost,4.5460205078125,1,,,True
validation,765501,2026-06-27T23:40:00-07:00,765501_1782628800_H30,717951,XGBoost,6.535932540893555,2,,,True
validation,765501,2026-06-27T23:40:00-07:00,765501_1782628800_H30,776019,XGBoost,6.836246490478516,3,,,True
validation,765501,2026-06-27T23:40:00-07:00,765501_1782628800_H30,763616,XGBoost,6.904825210571289,4,,,True
validation,765501,2026-06-27T23:40:00-07:00,765501_1782628800_H30,773773,XGBoost,6.923961639404297,5,,,True
validation,765501,2026-06-27T23:45:00-07:00,765501_1782629100_H30,773784,XGBoost,4.846860885620117,1,,,True
validation,765501,2026-06-27T23:45:00-07:00,765501_1782629100_H30,763616,XGBoost,6.338620185852051,2,,,True
validation,765501,2026-06-27T23:45:00-07:00,765501_1782629100_H30,717951,XGBoost,6.513901710510254,3,,,True
validation,765501,2026-06-27T23:45:00-07:00,765501_1782629100_H30,776019,XGBoost,6.814215660095215,4,,,True
validation,765501,2026-06-27T23:45:00-07:00,765501_1782629100_H30,773773,XGBoost,6.901930809020996,5,,,True
validation,765501,2026-06-27T23:50:00-07:00,765501_1782629400_H30,773784,XGBoost,4.922438144683838,1,,,True
validation,765501,2026-06-27T23:50:00-07:00,765501_1782629400_H30,776019,XGBoost,5.666141510009766,2,,,True
validation,765501,2026-06-27T23:50:00-07:00,765501_1782629400_H30,717951,XGBoost,6.714481353759766,3,,,True
validation,765501,2026-06-27T23:50:00-07:00,765501_1782629400_H30,763616,XGBoost,6.8543701171875,4,,,True
validation,765501,2026-06-27T23:50:00-07:00,765501_1782629400_H30,773773,XGBoost,7.102510452270508,5,,,True
validation,765501,2026-06-27T23:55:00-07:00,765501_1782629700_H30,773784,XGBoost,4.707347393035889,1,,,True
validation,765501,2026-06-27T23:55:00-07:00,765501_1782629700_H30,717951,XGBoost,5.129279136657715,2,,,True
validation,765501,2026-06-27T23:55:00-07:00,765501_1782629700_H30,773773,XGBoost,5.517308235168457,3,,,True
validation,765501,2026-06-27T23:55:00-07:00,765501_1782629700_H30,776019,XGBoost,5.527554035186768,4,,,True
validation,765501,2026-06-27T23:55:00-07:00,765501_1782629700_H30,763616,XGBoost,6.265409469604492,5,,,True
validation,769895,2026-06-03T17:30:00-07:00,769895_1780533000_H30,769847,XGBoost,8.021206855773926,1,,,True
validation,769895,2026-06-03T17:30:00-07:00,769895_1780533000_H30,769866,XGBoost,8.353643417358398,2,,,True
validation,769895,2026-06-03T17:30:00-07:00,769895_1780533000_H30,769880,XGBoost,8.556450843811035,3,,,True
validation,769895,2026-06-03T17:30:00-07:00,769895_1780533000_H30,770385,XGBoost,10.260271072387695,4,,,True
validation,769895,2026-06-03T17:30:00-07:00,769895_1780533000_H30,770116,XGBoost,16.783235549926758,5,,,True
validation,769895,2026-06-03T17:35:00-07:00,769895_1780533300_H30,769847,XGBoost,7.470625400543213,1,,,True
validation,769895,2026-06-03T17:35:00-07:00,769895_1780533300_H30,769866,XGBoost,8.020258903503418,2,,,True
validation,769895,2026-06-03T17:35:00-07:00,769895_1780533300_H30,769880,XGBoost,8.230219841003418,3,,,True
validation,769895,2026-06-03T17:35:00-07:00,769895_1780533300_H30,770385,XGBoost,8.792089462280273,4,,,True
validation,769895,2026-06-03T17:35:00-07:00,769895_1780533300_H30,770116,XGBoost,14.542136192321777,5,,,True
validation,769895,2026-06-03T17:40:00-07:00,769895_1780533600_H30,769847,XGBoost,7.237743854522705,1,,,True
validation,769895,2026-06-03T17:40:00-07:00,769895_1780533600_H30,769866,XGBoost,7.452005386352539,2,,,True
validation,769895,2026-06-03T17:40:00-07:00,769895_1780533600_H30,769880,XGBoost,7.765565395355225,3,,,True
validation,769895,2026-06-03T17:40:00-07:00,769895_1780533600_H30,770385,XGBoost,8.337627410888672,4,,,True
validation,769895,2026-06-03T17:40:00-07:00,769895_1780533600_H30,770116,XGBoost,14.237768173217773,5,,,True
validation,769895,2026-06-03T17:45:00-07:00,769895_1780533900_H30,769847,XGBoost,7.324750900268555,1,,,True
validation,769895,2026-06-03T17:45:00-07:00,769895_1780533900_H30,769866,XGBoost,7.956587791442871,2,,,True
validation,769895,2026-06-03T17:45:00-07:00,769895_1780533900_H30,769880,XGBoost,8.229652404785156,3,,,True
validation,769895,2026-06-03T17:45:00-07:00,769895_1780533900_H30,770385,XGBoost,8.337627410888672,4,,,True
validation,769895,2026-06-03T17:45:00-07:00,769895_1780533900_H30,770116,XGBoost,14.559404373168945,5,,,True
validation,769895,2026-06-03T17:50:00-07:00,769895_1780534200_H30,769847,XGBoost,7.27303409576416,1,,,True
validation,769895,2026-06-03T17:50:00-07:00,769895_1780534200_H30,769866,XGBoost,7.682604789733887,2,,,True
validation,769895,2026-06-03T17:50:00-07:00,769895_1780534200_H30,769880,XGBoost,8.199994087219238,3,,,True
validation,769895,2026-06-03T17:50:00-07:00,769895_1780534200_H30,770385,XGBoost,8.337627410888672,4,,,True
validation,769895,2026-06-03T17:50:00-07:00,769895_1780534200_H30,770116,XGBoost,14.559404373168945,5,,,True
validation,769895,2026-06-03T17:55:00-07:00,769895_1780534500_H30,769866,XGBoost,7.467532157897949,1,,,True
validation,769895,2026-06-03T17:55:00-07:00,769895_1780534500_H30,769847,XGBoost,7.670813083648682,2,,,True
validation,769895,2026-06-03T17:55:00-07:00,769895_1780534500_H30,769880,XGBoost,8.717069625854492,3,,,True
validation,769895,2026-06-03T17:55:00-07:00,769895_1780534500_H30,770385,XGBoost,8.873869895935059,4,,,True
validation,769895,2026-06-03T17:55:00-07:00,769895_1780534500_H30,770116,XGBoost,14.559404373168945,5,,,True
validation,769895,2026-06-04T23:30:00-07:00,769895_1780641000_H30,769866,XGBoost,2.404339551925659,1,,,True
validation,769895,2026-06-04T23:30:00-07:00,769895_1780641000_H30,769847,XGBoost,2.5906479358673096,2,,,True
validation,769895,2026-06-04T23:30:00-07:00,769895_1780641000_H30,769880,XGBoost,2.6931796073913574,3,,,True
validation,769895,2026-06-04T23:30:00-07:00,769895_1780641000_H30,770385,XGBoost,2.9598991870880127,4,,,True
validation,769895,2026-06-04T23:30:00-07:00,769895_1780641000_H30,770116,XGBoost,4.224411964416504,5,,,True
validation,769895,2026-06-04T23:35:00-07:00,769895_1780641300_H30,769866,XGBoost,2.6010735034942627,1,,,True
validation,769895,2026-06-04T23:35:00-07:00,769895_1780641300_H30,769847,XGBoost,2.689026355743408,2,,,True
validation,769895,2026-06-04T23:35:00-07:00,769895_1780641300_H30,769880,XGBoost,2.8914122581481934,3,,,True
validation,769895,2026-06-04T23:35:00-07:00,769895_1780641300_H30,770385,XGBoost,2.9598259925842285,4,,,True
validation,769895,2026-06-04T23:35:00-07:00,769895_1780641300_H30,770116,XGBoost,4.803478240966797,5,,,True
validation,769895,2026-06-04T23:40:00-07:00,769895_1780641600_H30,769866,XGBoost,3.5322303771972656,1,,,True
validation,769895,2026-06-04T23:40:00-07:00,769895_1780641600_H30,769847,XGBoost,3.6481094360351562,2,,,True
validation,769895,2026-06-04T23:40:00-07:00,769895_1780641600_H30,770385,XGBoost,3.9281599521636963,3,,,True
validation,769895,2026-06-04T23:40:00-07:00,769895_1780641600_H30,769880,XGBoost,4.27120304107666,4,,,True
validation,769895,2026-06-04T23:40:00-07:00,769895_1780641600_H30,770116,XGBoost,6.646858215332031,5,,,True
validation,769895,2026-06-04T23:45:00-07:00,769895_1780641900_H30,770385,XGBoost,3.902527332305908,1,,,True
validation,769895,2026-06-04T23:45:00-07:00,769895_1780641900_H30,769866,XGBoost,4.041068077087402,2,,,True
validation,769895,2026-06-04T23:45:00-07:00,769895_1780641900_H30,769847,XGBoost,4.198641777038574,3,,,True
validation,769895,2026-06-04T23:45:00-07:00,769895_1780641900_H30,769880,XGBoost,5.223783493041992,4,,,True
validation,769895,2026-06-04T23:45:00-07:00,769895_1780641900_H30,770116,XGBoost,7.663496971130371,5,,,True
validation,769895,2026-06-04T23:50:00-07:00,769895_1780642200_H30,769847,XGBoost,3.853764533996582,1,,,True
validation,769895,2026-06-04T23:50:00-07:00,769895_1780642200_H30,769866,XGBoost,3.9253954887390137,2,,,True
validation,769895,2026-06-04T23:50:00-07:00,769895_1780642200_H30,770385,XGBoost,3.9288766384124756,3,,,True
validation,769895,2026-06-04T23:50:00-07:00,769895_1780642200_H30,769880,XGBoost,4.992448806762695,4,,,True
validation,769895,2026-06-04T23:50:00-07:00,769895_1780642200_H30,770116,XGBoost,6.984434127807617,5,,,True
validation,769895,2026-06-04T23:55:00-07:00,769895_1780642500_H30,769866,XGBoost,3.9570505619049072,1,,,True
validation,769895,2026-06-04T23:55:00-07:00,769895_1780642500_H30,769847,XGBoost,4.032294750213623,2,,,True
validation,769895,2026-06-04T23:55:00-07:00,769895_1780642500_H30,770385,XGBoost,4.089239597320557,3,,,True
validation,769895,2026-06-04T23:55:00-07:00,769895_1780642500_H30,769880,XGBoost,4.492958068847656,4,,,True
validation,769895,2026-06-04T23:55:00-07:00,769895_1780642500_H30,770116,XGBoost,7.1431403160095215,5,,,True
validation,769895,2026-06-06T07:20:00-07:00,769895_1780755600_H30,769880,XGBoost,4.933434009552002,1,,,True
validation,769895,2026-06-06T07:20:00-07:00,769895_1780755600_H30,770116,XGBoost,5.0881428718566895,2,,,True
validation,769895,2026-06-06T07:20:00-07:00,769895_1780755600_H30,769847,XGBoost,6.557969093322754,3,,,True
validation,769895,2026-06-06T07:20:00-07:00,769895_1780755600_H30,769866,XGBoost,6.804129600524902,4,,,True
validation,769895,2026-06-06T07:20:00-07:00,769895_1780755600_H30,770385,XGBoost,8.858409881591797,5,,,True
validation,769895,2026-06-06T07:25:00-07:00,769895_1780755900_H30,770116,XGBoost,5.270692825317383,1,,,True
validation,769895,2026-06-06T07:25:00-07:00,769895_1780755900_H30,769880,XGBoost,6.003820419311523,2,,,True
validation,769895,2026-06-06T07:25:00-07:00,769895_1780755900_H30,769866,XGBoost,6.370469093322754,3,,,True
validation,769895,2026-06-06T07:25:00-07:00,769895_1780755900_H30,769847,XGBoost,6.651309490203857,4,,,True
validation,769895,2026-06-06T07:25:00-07:00,769895_1780755900_H30,770385,XGBoost,7.860928535461426,5,,,True
validation,769895,2026-06-06T07:30:00-07:00,769895_1780756200_H30,770116,XGBoost,5.015797138214111,1,,,True
validation,769895,2026-06-06T07:30:00-07:00,769895_1780756200_H30,769880,XGBoost,5.9207048416137695,2,,,True
validation,769895,2026-06-06T07:30:00-07:00,769895_1780756200_H30,769866,XGBoost,6.082437992095947,3,,,True
validation,769895,2026-06-06T07:30:00-07:00,769895_1780756200_H30,769847,XGBoost,6.85929536819458,4,,,True
validation,769895,2026-06-06T07:30:00-07:00,769895_1780756200_H30,770385,XGBoost,7.691255569458008,5,,,True
validation,769895,2026-06-06T07:35:00-07:00,769895_1780756500_H30,770116,XGBoost,5.0881428718566895,1,,,True
validation,769895,2026-06-06T07:35:00-07:00,769895_1780756500_H30,769880,XGBoost,5.963916301727295,2,,,True
validation,769895,2026-06-06T07:35:00-07:00,769895_1780756500_H30,769866,XGBoost,6.267171382904053,3,,,True
validation,769895,2026-06-06T07:35:00-07:00,769895_1780756500_H30,769847,XGBoost,6.777796268463135,4,,,True
validation,769895,2026-06-06T07:35:00-07:00,769895_1780756500_H30,770385,XGBoost,7.701562404632568,5,,,True
validation,769895,2026-06-06T07:40:00-07:00,769895_1780756800_H30,770116,XGBoost,5.048238754272461,1,,,True
validation,769895,2026-06-06T07:40:00-07:00,769895_1780756800_H30,769880,XGBoost,5.980738162994385,2,,,True
validation,769895,2026-06-06T07:40:00-07:00,769895_1780756800_H30,769847,XGBoost,6.767844200134277,3,,,True
validation,769895,2026-06-06T07:40:00-07:00,769895_1780756800_H30,769866,XGBoost,6.836571216583252,4,,,True
validation,769895,2026-06-06T07:40:00-07:00,769895_1780756800_H30,770385,XGBoost,7.677131652832031,5,,,True
validation,769895,2026-06-06T07:45:00-07:00,769895_1780757100_H30,770116,XGBoost,5.048238754272461,1,,,True
validation,769895,2026-06-06T07:45:00-07:00,769895_1780757100_H30,769880,XGBoost,6.133029937744141,2,,,True
validation,769895,2026-06-06T07:45:00-07:00,769895_1780757100_H30,769847,XGBoost,7.227159023284912,3,,,True
validation,769895,2026-06-06T07:45:00-07:00,769895_1780757100_H30,770385,XGBoost,7.677131652832031,4,,,True
validation,769895,2026-06-06T07:45:00-07:00,769895_1780757100_H30,769866,XGBoost,8.136627197265625,5,,,True
validation,769895,2026-06-12T23:30:00-07:00,769895_1781332200_H30,769847,XGBoost,2.0630874633789062,1,,,True
validation,769895,2026-06-12T23:30:00-07:00,769895_1781332200_H30,769866,XGBoost,2.354572057723999,2,,,True
validation,769895,2026-06-12T23:30:00-07:00,769895_1781332200_H30,769880,XGBoost,2.793605327606201,3,,,True
validation,769895,2026-06-12T23:30:00-07:00,769895_1781332200_H30,770385,XGBoost,2.868910551071167,4,,,True
validation,769895,2026-06-12T23:30:00-07:00,769895_1781332200_H30,770116,XGBoost,4.396299839019775,5,,,True
validation,769895,2026-06-12T23:35:00-07:00,769895_1781332500_H30,769847,XGBoost,2.1982738971710205,1,,,True
validation,769895,2026-06-12T23:35:00-07:00,769895_1781332500_H30,769866,XGBoost,2.4066414833068848,2,,,True
validation,769895,2026-06-12T23:35:00-07:00,769895_1781332500_H30,770385,XGBoost,2.8314144611358643,3,,,True
validation,769895,2026-06-12T23:35:00-07:00,769895_1781332500_H30,769880,XGBoost,2.9529924392700195,4,,,True
validation,769895,2026-06-12T23:35:00-07:00,769895_1781332500_H30,770116,XGBoost,4.894175052642822,5,,,True
validation,769895,2026-06-12T23:40:00-07:00,769895_1781332800_H30,769847,XGBoost,3.2001850605010986,1,,,True
validation,769895,2026-06-12T23:40:00-07:00,769895_1781332800_H30,769866,XGBoost,3.3633158206939697,2,,,True
validation,769895,2026-06-12T23:40:00-07:00,769895_1781332800_H30,770385,XGBoost,3.7619709968566895,3,,,True
validation,769895,2026-06-12T23:40:00-07:00,769895_1781332800_H30,769880,XGBoost,4.907713890075684,4,,,True
validation,769895,2026-06-12T23:40:00-07:00,769895_1781332800_H30,770116,XGBoost,7.091592311859131,5,,,True
validation,769895,2026-06-12T23:45:00-07:00,769895_1781333100_H30,769847,XGBoost,3.35337495803833,1,,,True
validation,769895,2026-06-12T23:45:00-07:00,769895_1781333100_H30,769866,XGBoost,3.934732675552368,2,,,True
validation,769895,2026-06-12T23:45:00-07:00,769895_1781333100_H30,770385,XGBoost,4.089239597320557,3,,,True
validation,769895,2026-06-12T23:45:00-07:00,769895_1781333100_H30,769880,XGBoost,5.419215202331543,4,,,True
validation,769895,2026-06-12T23:45:00-07:00,769895_1781333100_H30,770116,XGBoost,6.976080417633057,5,,,True
validation,769895,2026-06-12T23:50:00-07:00,769895_1781333400_H30,769847,XGBoost,3.639244794845581,1,,,True
validation,769895,2026-06-12T23:50:00-07:00,769895_1781333400_H30,769866,XGBoost,3.964449644088745,2,,,True
validation,769895,2026-06-12T23:50:00-07:00,769895_1781333400_H30,770385,XGBoost,4.089239597320557,3,,,True
validation,769895,2026-06-12T23:50:00-07:00,769895_1781333400_H30,769880,XGBoost,5.934239387512207,4,,,True
validation,769895,2026-06-12T23:50:00-07:00,769895_1781333400_H30,770116,XGBoost,7.1431403160095215,5,,,True
validation,769895,2026-06-12T23:55:00-07:00,769895_1781333700_H30,769847,XGBoost,3.607316732406616,1,,,True
validation,769895,2026-06-12T23:55:00-07:00,769895_1781333700_H30,770385,XGBoost,4.121681213378906,2,,,True
validation,769895,2026-06-12T23:55:00-07:00,769895_1781333700_H30,769866,XGBoost,4.479473114013672,3,,,True
validation,769895,2026-06-12T23:55:00-07:00,769895_1781333700_H30,769880,XGBoost,5.737216949462891,4,,,True
validation,769895,2026-06-12T23:55:00-07:00,769895_1781333700_H30,770116,XGBoost,7.716253280639648,5,,,True
validation,769895,2026-06-17T11:15:00-07:00,769895_1781720100_H30,769866,XGBoost,4.261295318603516,1,,,True
validation,769895,2026-06-17T11:15:00-07:00,769895_1781720100_H30,769847,XGBoost,4.44639253616333,2,,,True
validation,769895,2026-06-17T11:15:00-07:00,769895_1781720100_H30,769880,XGBoost,4.639246463775635,3,,,True
validation,769895,2026-06-17T11:15:00-07:00,769895_1781720100_H30,770385,XGBoost,5.7724738121032715,4,,,True
validation,769895,2026-06-17T11:15:00-07:00,769895_1781720100_H30,770116,XGBoost,6.215267658233643,5,,,True
validation,769965,2026-06-03T17:30:00-07:00,769965_1780533000_H30,769911,XGBoost,11.566131591796875,1,,,True
validation,769965,2026-06-03T17:30:00-07:00,769965_1780533000_H30,769926,XGBoost,11.759051322937012,2,,,True
validation,769965,2026-06-03T17:30:00-07:00,769965_1780533000_H30,769867,XGBoost,12.48635196685791,3,,,True
validation,769965,2026-06-03T17:30:00-07:00,769965_1780533000_H30,770141,XGBoost,12.63280200958252,4,,,True
validation,769965,2026-06-03T17:30:00-07:00,769965_1780533000_H30,770129,XGBoost,13.4379243850708,5,,,True
validation,769965,2026-06-03T17:35:00-07:00,769965_1780533300_H30,769911,XGBoost,10.316964149475098,1,,,True
validation,769965,2026-06-03T17:35:00-07:00,769965_1780533300_H30,769926,XGBoost,11.066279411315918,2,,,True
validation,769965,2026-06-03T17:35:00-07:00,769965_1780533300_H30,769867,XGBoost,11.262993812561035,3,,,True
validation,769965,2026-06-03T17:35:00-07:00,769965_1780533300_H30,770141,XGBoost,11.2964448928833,4,,,True
validation,769965,2026-06-03T17:35:00-07:00,769965_1780533300_H30,770129,XGBoost,12.095280647277832,5,,,True
validation,769965,2026-06-03T17:40:00-07:00,769965_1780533600_H30,770141,XGBoost,11.374250411987305,1,,,True
validation,769965,2026-06-03T17:40:00-07:00,769965_1780533600_H30,770129,XGBoost,11.661011695861816,2,,,True
validation,769965,2026-06-03T17:40:00-07:00,769965_1780533600_H30,769867,XGBoost,11.84603500366211,3,,,True
validation,769965,2026-06-03T17:40:00-07:00,769965_1780533600_H30,769911,XGBoost,11.970945358276367,4,,,True
validation,769965,2026-06-03T17:40:00-07:00,769965_1780533600_H30,769926,XGBoost,12.384560585021973,5,,,True
validation,769965,2026-06-03T17:45:00-07:00,769965_1780533900_H30,770141,XGBoost,11.572263717651367,1,,,True
validation,769965,2026-06-03T17:45:00-07:00,769965_1780533900_H30,769911,XGBoost,11.635245323181152,2,,,True
validation,769965,2026-06-03T17:45:00-07:00,769965_1780533900_H30,770129,XGBoost,12.244489669799805,3,,,True
validation,769965,2026-06-03T17:45:00-07:00,769965_1780533900_H30,769867,XGBoost,12.58127498626709,4,,,True
validation,769965,2026-06-03T17:45:00-07:00,769965_1780533900_H30,769926,XGBoost,12.663232803344727,5,,,True
validation,769965,2026-06-03T17:50:00-07:00,769965_1780534200_H30,769911,XGBoost,11.185355186462402,1,,,True
validation,769965,2026-06-03T17:50:00-07:00,769965_1780534200_H30,770141,XGBoost,11.189594268798828,2,,,True
validation,769965,2026-06-03T17:50:00-07:00,769965_1780534200_H30,770129,XGBoost,12.244489669799805,3,,,True
validation,769965,2026-06-03T17:50:00-07:00,769965_1780534200_H30,769867,XGBoost,12.3787260055542,4,,,True
validation,769965,2026-06-03T17:50:00-07:00,769965_1780534200_H30,769926,XGBoost,12.384560585021973,5,,,True
validation,769965,2026-06-03T17:55:00-07:00,769965_1780534500_H30,769911,XGBoost,10.316964149475098,1,,,True
validation,769965,2026-06-03T17:55:00-07:00,769965_1780534500_H30,770141,XGBoost,11.942757606506348,2,,,True
validation,769965,2026-06-03T17:55:00-07:00,769965_1780534500_H30,769867,XGBoost,12.3787260055542,3,,,True
validation,769965,2026-06-03T17:55:00-07:00,769965_1780534500_H30,769926,XGBoost,12.967601776123047,4,,,True
validation,769965,2026-06-03T17:55:00-07:00,769965_1780534500_H30,770129,XGBoost,13.154891014099121,5,,,True
validation,769965,2026-06-04T23:30:00-07:00,769965_1780641000_H30,769867,XGBoost,2.4134204387664795,1,,,True
validation,769965,2026-06-04T23:30:00-07:00,769965_1780641000_H30,769926,XGBoost,2.4251766204833984,2,,,True
validation,769965,2026-06-04T23:30:00-07:00,769965_1780641000_H30,770129,XGBoost,2.6475751399993896,3,,,True
validation,769965,2026-06-04T23:30:00-07:00,769965_1780641000_H30,770141,XGBoost,2.942206621170044,4,,,True
validation,769965,2026-06-04T23:30:00-07:00,769965_1780641000_H30,769911,XGBoost,2.975104808807373,5,,,True
validation,769965,2026-06-04T23:35:00-07:00,769965_1780641300_H30,769867,XGBoost,2.5486068725585938,1,,,True
validation,769965,2026-06-04T23:35:00-07:00,769965_1780641300_H30,769926,XGBoost,2.5559964179992676,2,,,True
validation,769965,2026-06-04T23:35:00-07:00,769965_1780641300_H30,770129,XGBoost,2.6921029090881348,3,,,True
validation,769965,2026-06-04T23:35:00-07:00,769965_1780641300_H30,769911,XGBoost,2.9593966007232666,4,,,True
validation,769965,2026-06-04T23:35:00-07:00,769965_1780641300_H30,770141,XGBoost,3.0356521606445312,5,,,True
validation,769965,2026-06-04T23:40:00-07:00,769965_1780641600_H30,769926,XGBoost,3.277634382247925,1,,,True
validation,769965,2026-06-04T23:40:00-07:00,769965_1780641600_H30,769867,XGBoost,3.425706624984741,2,,,True
validation,769965,2026-06-04T23:40:00-07:00,769965_1780641600_H30,769911,XGBoost,4.544938564300537,3,,,True
validation,769965,2026-06-04T23:40:00-07:00,769965_1780641600_H30,770129,XGBoost,4.896590232849121,4,,,True
validation,769965,2026-06-04T23:40:00-07:00,769965_1780641600_H30,770141,XGBoost,5.170677661895752,5,,,True
validation,769965,2026-06-04T23:45:00-07:00,769965_1780641900_H30,769926,XGBoost,3.828167200088501,1,,,True
validation,769965,2026-06-04T23:45:00-07:00,769965_1780641900_H30,769867,XGBoost,3.957134962081909,2,,,True
validation,769965,2026-06-04T23:45:00-07:00,769965_1780641900_H30,769911,XGBoost,5.542236328125,3,,,True
validation,769965,2026-06-04T23:45:00-07:00,769965_1780641900_H30,770141,XGBoost,5.64973783493042,4,,,True
validation,769965,2026-06-04T23:45:00-07:00,769965_1780641900_H30,770129,XGBoost,5.948763370513916,5,,,True
validation,769965,2026-06-04T23:50:00-07:00,769965_1780642200_H30,769926,XGBoost,3.904879570007324,1,,,True
validation,769965,2026-06-04T23:50:00-07:00,769965_1780642200_H30,769867,XGBoost,3.906461000442505,2,,,True
validation,769965,2026-06-04T23:50:00-07:00,769965_1780642200_H30,769911,XGBoost,6.006585121154785,3,,,True
validation,769965,2026-06-04T23:50:00-07:00,769965_1780642200_H30,770141,XGBoost,6.255291938781738,4,,,True
validation,769965,2026-06-04T23:50:00-07:00,769965_1780642200_H30,770129,XGBoost,6.2849812507629395,5,,,True
validation,769965,2026-06-04T23:55:00-07:00,769965_1780642500_H30,769867,XGBoost,3.4758999347686768,1,,,True
validation,769965,2026-06-04T23:55:00-07:00,769965_1780642500_H30,769926,XGBoost,3.9465739727020264,2,,,True
validation,769965,2026-06-04T23:55:00-07:00,769965_1780642500_H30,769911,XGBoost,4.813661098480225,3,,,True
validation,769965,2026-06-04T23:55:00-07:00,769965_1780642500_H30,770141,XGBoost,6.255291938781738,4,,,True
validation,769965,2026-06-04T23:55:00-07:00,769965_1780642500_H30,770129,XGBoost,6.270010471343994,5,,,True
validation,769965,2026-06-06T07:20:00-07:00,769965_1780755600_H30,770129,XGBoost,4.150696754455566,1,,,True
validation,769965,2026-06-06T07:20:00-07:00,769965_1780755600_H30,769911,XGBoost,4.744227886199951,2,,,True
validation,769965,2026-06-06T07:20:00-07:00,769965_1780755600_H30,770141,XGBoost,4.757898807525635,3,,,True
validation,769965,2026-06-06T07:20:00-07:00,769965_1780755600_H30,769926,XGBoost,4.997693061828613,4,,,True
validation,769965,2026-06-06T07:20:00-07:00,769965_1780755600_H30,769867,XGBoost,6.601656913757324,5,,,True
validation,769965,2026-06-06T07:25:00-07:00,769965_1780755900_H30,770129,XGBoost,4.7868452072143555,1,,,True
validation,769965,2026-06-06T07:25:00-07:00,769965_1780755900_H30,770141,XGBoost,4.973513126373291,2,,,True
validation,769965,2026-06-06T07:25:00-07:00,769965_1780755900_H30,769926,XGBoost,5.226772785186768,3,,,True
validation,769965,2026-06-06T07:25:00-07:00,769965_1780755900_H30,769911,XGBoost,5.920400619506836,4,,,True
validation,769965,2026-06-06T07:25:00-07:00,769965_1780755900_H30,769867,XGBoost,6.779090404510498,5,,,True
validation,769965,2026-06-06T07:30:00-07:00,769965_1780756200_H30,770129,XGBoost,4.8285393714904785,1,,,True
validation,769965,2026-06-06T07:30:00-07:00,769965_1780756200_H30,770141,XGBoost,4.924595832824707,2,,,True
validation,769965,2026-06-06T07:30:00-07:00,769965_1780756200_H30,769911,XGBoost,5.737751483917236,3,,,True
validation,769965,2026-06-06T07:30:00-07:00,769965_1780756200_H30,769926,XGBoost,6.166205406188965,4,,,True
validation,769965,2026-06-06T07:30:00-07:00,769965_1780756200_H30,769867,XGBoost,7.098129749298096,5,,,True
validation,769965,2026-06-06T07:35:00-07:00,769965_1780756500_H30,770129,XGBoost,5.1676249504089355,1,,,True
validation,769965,2026-06-06T07:35:00-07:00,769965_1780756500_H30,770141,XGBoost,5.188324451446533,2,,,True
validation,769965,2026-06-06T07:35:00-07:00,769965_1780756500_H30,769911,XGBoost,5.50523042678833,3,,,True
validation,769965,2026-06-06T07:35:00-07:00,769965_1780756500_H30,769926,XGBoost,5.692875385284424,4,,,True
validation,769965,2026-06-06T07:35:00-07:00,769965_1780756500_H30,769867,XGBoost,7.139823913574219,5,,,True
validation,769965,2026-06-06T07:40:00-07:00,769965_1780756800_H30,770129,XGBoost,4.301545143127441,1,,,True
validation,769965,2026-06-06T07:40:00-07:00,769965_1780756800_H30,770141,XGBoost,4.3321967124938965,2,,,True
validation,769965,2026-06-06T07:40:00-07:00,769965_1780756800_H30,769926,XGBoost,5.59953498840332,3,,,True
validation,769965,2026-06-06T07:40:00-07:00,769965_1780756800_H30,769911,XGBoost,5.876587867736816,4,,,True
validation,769965,2026-06-06T07:40:00-07:00,769965_1780756800_H30,769867,XGBoost,7.671385288238525,5,,,True
validation,769965,2026-06-06T07:45:00-07:00,769965_1780757100_H30,770129,XGBoost,4.000489711761475,1,,,True
validation,769965,2026-06-06T07:45:00-07:00,769965_1780757100_H30,770141,XGBoost,4.183138370513916,2,,,True
validation,769965,2026-06-06T07:45:00-07:00,769965_1780757100_H30,769926,XGBoost,5.54691219329834,3,,,True
validation,769965,2026-06-06T07:45:00-07:00,769965_1780757100_H30,769911,XGBoost,6.085169792175293,4,,,True
validation,769965,2026-06-06T07:45:00-07:00,769965_1780757100_H30,769867,XGBoost,7.546515941619873,5,,,True
validation,769965,2026-06-12T23:30:00-07:00,769965_1781332200_H30,769867,XGBoost,2.4750895500183105,1,,,True
validation,769965,2026-06-12T23:30:00-07:00,769965_1781332200_H30,770129,XGBoost,2.746577262878418,2,,,True
validation,769965,2026-06-12T23:30:00-07:00,769965_1781332200_H30,769926,XGBoost,2.7728867530822754,3,,,True
validation,769965,2026-06-12T23:30:00-07:00,769965_1781332200_H30,769911,XGBoost,2.8288955688476562,4,,,True
validation,769965,2026-06-12T23:30:00-07:00,769965_1781332200_H30,770141,XGBoost,2.8934576511383057,5,,,True
validation,769965,2026-06-12T23:35:00-07:00,769965_1781332500_H30,769867,XGBoost,2.5335636138916016,1,,,True
validation,769965,2026-06-12T23:35:00-07:00,769965_1781332500_H30,769926,XGBoost,2.8313608169555664,2,,,True
validation,769965,2026-06-12T23:35:00-07:00,769965_1781332500_H30,770129,XGBoost,2.8472461700439453,3,,,True
validation,769965,2026-06-12T23:35:00-07:00,769965_1781332500_H30,770141,XGBoost,3.0032107830047607,4,,,True
validation,769965,2026-06-12T23:35:00-07:00,769965_1781332500_H30,769911,XGBoost,3.005457639694214,5,,,True
validation,769965,2026-06-12T23:40:00-07:00,769965_1781332800_H30,769926,XGBoost,3.7355690002441406,1,,,True
validation,769965,2026-06-12T23:40:00-07:00,769965_1781332800_H30,769867,XGBoost,3.846662998199463,2,,,True
validation,769965,2026-06-12T23:40:00-07:00,769965_1781332800_H30,769911,XGBoost,4.490063190460205,3,,,True
validation,769965,2026-06-12T23:40:00-07:00,769965_1781332800_H30,770129,XGBoost,5.056407451629639,4,,,True
validation,769965,2026-06-12T23:40:00-07:00,769965_1781332800_H30,770141,XGBoost,5.170677661895752,5,,,True
validation,769965,2026-06-12T23:45:00-07:00,769965_1781333100_H30,769926,XGBoost,3.8995299339294434,1,,,True
validation,769965,2026-06-12T23:45:00-07:00,769965_1781333100_H30,769867,XGBoost,3.9998528957366943,2,,,True
validation,769965,2026-06-12T23:45:00-07:00,769965_1781333100_H30,769911,XGBoost,4.886006832122803,3,,,True
validation,769965,2026-06-12T23:45:00-07:00,769965_1781333100_H30,770141,XGBoost,6.222850799560547,4,,,True
validation,769965,2026-06-12T23:45:00-07:00,769965_1781333100_H30,770129,XGBoost,6.407989978790283,5,,,True
validation,769965,2026-06-12T23:50:00-07:00,769965_1781333400_H30,769867,XGBoost,3.927507162094116,1,,,True
validation,769965,2026-06-12T23:50:00-07:00,769965_1781333400_H30,769926,XGBoost,4.142186164855957,2,,,True
validation,769965,2026-06-12T23:50:00-07:00,769965_1781333400_H30,769911,XGBoost,5.386774063110352,3,,,True
validation,769965,2026-06-12T23:50:00-07:00,769965_1781333400_H30,770129,XGBoost,6.440432071685791,4,,,True
validation,769965,2026-06-12T23:50:00-07:00,769965_1781333400_H30,770141,XGBoost,6.522260665893555,5,,,True
validation,769965,2026-06-12T23:55:00-07:00,769965_1781333700_H30,769867,XGBoost,3.6977035999298096,1,,,True
validation,769965,2026-06-12T23:55:00-07:00,769965_1781333700_H30,769926,XGBoost,3.92315411567688,2,,,True
validation,769965,2026-06-12T23:55:00-07:00,769965_1781333700_H30,769911,XGBoost,5.386774063110352,3,,,True
validation,769965,2026-06-12T23:55:00-07:00,769965_1781333700_H30,770129,XGBoost,6.141022205352783,4,,,True
validation,769965,2026-06-12T23:55:00-07:00,769965_1781333700_H30,770141,XGBoost,6.554701805114746,5,,,True
validation,769965,2026-06-17T11:15:00-07:00,769965_1781720100_H30,769926,XGBoost,4.231804370880127,1,,,True
validation,769965,2026-06-17T11:15:00-07:00,769965_1781720100_H30,769867,XGBoost,4.507190704345703,2,,,True
validation,769965,2026-06-17T11:15:00-07:00,769965_1781720100_H30,770129,XGBoost,4.986867427825928,3,,,True
validation,769965,2026-06-17T11:15:00-07:00,769965_1781720100_H30,770141,XGBoost,5.369734764099121,4,,,True
validation,769965,2026-06-17T11:15:00-07:00,769965_1781720100_H30,769911,XGBoost,5.741595268249512,5,,,True
validation,775511,2026-06-06T23:30:00-07:00,775511_1780813800_H30,764311,XGBoost,0.9020666480064392,1,,,True
validation,775511,2026-06-06T23:30:00-07:00,775511_1780813800_H30,764297,XGBoost,0.9844035506248474,2,,,True
validation,775511,2026-06-06T23:30:00-07:00,775511_1780813800_H30,764322,XGBoost,2.891516923904419,3,,,True
validation,775511,2026-06-06T23:30:00-07:00,775511_1780813800_H30,764283,XGBoost,3.075657606124878,4,,,True
validation,775511,2026-06-06T23:30:00-07:00,775511_1780813800_H30,764290,XGBoost,3.354372501373291,5,,,True
validation,775511,2026-06-06T23:35:00-07:00,775511_1780814100_H30,764311,XGBoost,0.9605408906936646,1,,,True
validation,775511,2026-06-06T23:35:00-07:00,775511_1780814100_H30,764297,XGBoost,2.0942482948303223,2,,,True
validation,775511,2026-06-06T23:35:00-07:00,775511_1780814100_H30,764322,XGBoost,2.5464227199554443,3,,,True
validation,775511,2026-06-06T23:35:00-07:00,775511_1780814100_H30,764283,XGBoost,3.126046895980835,4,,,True
validation,775511,2026-06-06T23:35:00-07:00,775511_1780814100_H30,764290,XGBoost,3.404761791229248,5,,,True
validation,775511,2026-06-06T23:40:00-07:00,775511_1780814400_H30,764311,XGBoost,1.418448567390442,1,,,True
validation,775511,2026-06-06T23:40:00-07:00,775511_1780814400_H30,764297,XGBoost,2.3802928924560547,2,,,True
validation,775511,2026-06-06T23:40:00-07:00,775511_1780814400_H30,764322,XGBoost,3.460686445236206,3,,,True
validation,775511,2026-06-06T23:40:00-07:00,775511_1780814400_H30,764283,XGBoost,3.8741705417633057,4,,,True
validation,775511,2026-06-06T23:40:00-07:00,775511_1780814400_H30,764290,XGBoost,4.1528849601745605,5,,,True
validation,775511,2026-06-06T23:45:00-07:00,775511_1780814700_H30,764311,XGBoost,1.3902573585510254,1,,,True
validation,775511,2026-06-06T23:45:00-07:00,775511_1780814700_H30,764297,XGBoost,1.4577128887176514,2,,,True
validation,775511,2026-06-06T23:45:00-07:00,775511_1780814700_H30,764322,XGBoost,3.1310622692108154,3,,,True
validation,775511,2026-06-06T23:45:00-07:00,775511_1780814700_H30,764283,XGBoost,3.8837945461273193,4,,,True
validation,775511,2026-06-06T23:45:00-07:00,775511_1780814700_H30,764290,XGBoost,4.162508964538574,5,,,True
validation,775511,2026-06-06T23:50:00-07:00,775511_1780815000_H30,764311,XGBoost,1.3448326587677002,1,,,True
validation,775511,2026-06-06T23:50:00-07:00,775511_1780815000_H30,764297,XGBoost,1.4577128887176514,2,,,True
validation,775511,2026-06-06T23:50:00-07:00,775511_1780815000_H30,764322,XGBoost,2.813042163848877,3,,,True
validation,775511,2026-06-06T23:50:00-07:00,775511_1780815000_H30,764283,XGBoost,3.874727725982666,4,,,True
validation,775511,2026-06-06T23:50:00-07:00,775511_1780815000_H30,764290,XGBoost,4.1534423828125,5,,,True
validation,775511,2026-06-06T23:55:00-07:00,775511_1780815300_H30,764311,XGBoost,1.2710000276565552,1,,,True
validation,775511,2026-06-06T23:55:00-07:00,775511_1780815300_H30,764297,XGBoost,1.4577128887176514,2,,,True
validation,775511,2026-06-06T23:55:00-07:00,775511_1780815300_H30,764322,XGBoost,2.526308298110962,3,,,True
validation,775511,2026-06-06T23:55:00-07:00,775511_1780815300_H30,764283,XGBoost,3.8051066398620605,4,,,True
validation,775511,2026-06-06T23:55:00-07:00,775511_1780815300_H30,764290,XGBoost,4.0838212966918945,5,,,True
validation,775511,2026-06-08T23:30:00-07:00,775511_1780986600_H30,764311,XGBoost,1.3964940309524536,1,,,True
validation,775511,2026-06-08T23:30:00-07:00,775511_1780986600_H30,764297,XGBoost,1.9789505004882812,2,,,True
validation,775511,2026-06-08T23:30:00-07:00,775511_1780986600_H30,764283,XGBoost,2.6026906967163086,3,,,True
validation,775511,2026-06-08T23:30:00-07:00,775511_1780986600_H30,764290,XGBoost,2.9781768321990967,4,,,True
validation,775511,2026-06-08T23:30:00-07:00,775511_1780986600_H30,764322,XGBoost,7.933077812194824,5,,,True
validation,775511,2026-06-08T23:35:00-07:00,775511_1780986900_H30,764311,XGBoost,1.4257738590240479,1,,,True
validation,775511,2026-06-08T23:35:00-07:00,775511_1780986900_H30,764297,XGBoost,2.1496706008911133,2,,,True
validation,775511,2026-06-08T23:35:00-07:00,775511_1780986900_H30,764283,XGBoost,2.8119757175445557,3,,,True
validation,775511,2026-06-08T23:35:00-07:00,775511_1780986900_H30,764290,XGBoost,3.1874618530273438,4,,,True
validation,775511,2026-06-08T23:35:00-07:00,775511_1780986900_H30,764322,XGBoost,7.870632171630859,5,,,True
validation,775511,2026-06-08T23:40:00-07:00,775511_1780987200_H30,764311,XGBoost,2.191399335861206,1,,,True
validation,775511,2026-06-08T23:40:00-07:00,775511_1780987200_H30,764297,XGBoost,2.519202709197998,2,,,True
validation,775511,2026-06-08T23:40:00-07:00,775511_1780987200_H30,764283,XGBoost,4.027706146240234,3,,,True
validation,775511,2026-06-08T23:40:00-07:00,775511_1780987200_H30,764290,XGBoost,4.403192520141602,4,,,True
validation,775511,2026-06-08T23:40:00-07:00,775511_1780987200_H30,764322,XGBoost,8.25164794921875,5,,,True
validation,775511,2026-06-08T23:45:00-07:00,775511_1780987500_H30,764311,XGBoost,2.0613880157470703,1,,,True
validation,775511,2026-06-08T23:45:00-07:00,775511_1780987500_H30,764297,XGBoost,3.185882568359375,2,,,True
validation,775511,2026-06-08T23:45:00-07:00,775511_1780987500_H30,764283,XGBoost,3.729567527770996,3,,,True
validation,775511,2026-06-08T23:45:00-07:00,775511_1780987500_H30,764290,XGBoost,4.105053424835205,4,,,True
validation,775511,2026-06-08T23:45:00-07:00,775511_1780987500_H30,764322,XGBoost,8.382783889770508,5,,,True
validation,775511,2026-06-08T23:50:00-07:00,775511_1780987800_H30,764311,XGBoost,1.9983264207839966,1,,,True
validation,775511,2026-06-08T23:50:00-07:00,775511_1780987800_H30,764297,XGBoost,3.185882568359375,2,,,True
validation,775511,2026-06-08T23:50:00-07:00,775511_1780987800_H30,764283,XGBoost,3.782323122024536,3,,,True
validation,775511,2026-06-08T23:50:00-07:00,775511_1780987800_H30,764290,XGBoost,4.157809257507324,4,,,True
validation,775511,2026-06-08T23:50:00-07:00,775511_1780987800_H30,764322,XGBoost,7.169417381286621,5,,,True
validation,775511,2026-06-08T23:55:00-07:00,775511_1780988100_H30,764311,XGBoost,1.8176981210708618,1,,,True
validation,775511,2026-06-08T23:55:00-07:00,775511_1780988100_H30,764297,XGBoost,2.6089463233947754,2,,,True
validation,775511,2026-06-08T23:55:00-07:00,775511_1780988100_H30,764283,XGBoost,4.205962181091309,3,,,True
validation,775511,2026-06-08T23:55:00-07:00,775511_1780988100_H30,764290,XGBoost,4.5141921043396,4,,,True
validation,775511,2026-06-08T23:55:00-07:00,775511_1780988100_H30,764322,XGBoost,6.696890354156494,5,,,True
validation,775511,2026-06-10T23:30:00-07:00,775511_1781159400_H30,764311,XGBoost,1.3337191343307495,1,,,True
validation,775511,2026-06-10T23:30:00-07:00,775511_1781159400_H30,764297,XGBoost,1.8919427394866943,2,,,True
validation,775511,2026-06-10T23:30:00-07:00,775511_1781159400_H30,764283,XGBoost,2.6605992317199707,3,,,True
validation,775511,2026-06-10T23:30:00-07:00,775511_1781159400_H30,764290,XGBoost,3.036085367202759,4,,,True
validation,775511,2026-06-10T23:30:00-07:00,775511_1781159400_H30,764322,XGBoost,3.2124249935150146,5,,,True
validation,775511,2026-06-10T23:35:00-07:00,775511_1781159700_H30,764311,XGBoost,1.4236857891082764,1,,,True
validation,775511,2026-06-10T23:35:00-07:00,775511_1781159700_H30,764297,XGBoost,1.8908036947250366,2,,,True
validation,775511,2026-06-10T23:35:00-07:00,775511_1781159700_H30,764283,XGBoost,2.729856014251709,3,,,True
validation,775511,2026-06-10T23:35:00-07:00,775511_1781159700_H30,764290,XGBoost,3.105342149734497,4,,,True
validation,775511,2026-06-10T23:35:00-07:00,775511_1781159700_H30,764322,XGBoost,3.7755343914031982,5,,,True
validation,775511,2026-06-10T23:40:00-07:00,775511_1781160000_H30,764311,XGBoost,1.9248199462890625,1,,,True
validation,775511,2026-06-10T23:40:00-07:00,775511_1781160000_H30,764297,XGBoost,2.3012635707855225,2,,,True
validation,775511,2026-06-10T23:40:00-07:00,775511_1781160000_H30,764283,XGBoost,3.579813003540039,3,,,True
validation,775511,2026-06-10T23:40:00-07:00,775511_1781160000_H30,764290,XGBoost,3.9552979469299316,4,,,True
validation,775511,2026-06-10T23:40:00-07:00,775511_1781160000_H30,764322,XGBoost,4.281148433685303,5,,,True
validation,775511,2026-06-10T23:45:00-07:00,775511_1781160300_H30,764311,XGBoost,2.1735873222351074,1,,,True
validation,775511,2026-06-10T23:45:00-07:00,775511_1781160300_H30,764297,XGBoost,2.5388641357421875,2,,,True
validation,775511,2026-06-10T23:45:00-07:00,775511_1781160300_H30,764283,XGBoost,3.682002067565918,3,,,True
validation,775511,2026-06-10T23:45:00-07:00,775511_1781160300_H30,764290,XGBoost,4.057486534118652,4,,,True
validation,775511,2026-06-10T23:45:00-07:00,775511_1781160300_H30,764322,XGBoost,4.30782413482666,5,,,True
validation,775511,2026-06-10T23:50:00-07:00,775511_1781160600_H30,764311,XGBoost,2.3841967582702637,1,,,True
validation,775511,2026-06-10T23:50:00-07:00,775511_1781160600_H30,764297,XGBoost,2.5891120433807373,2,,,True
validation,775511,2026-06-10T23:50:00-07:00,775511_1781160600_H30,764283,XGBoost,4.088076114654541,3,,,True
validation,775511,2026-06-10T23:50:00-07:00,775511_1781160600_H30,764290,XGBoost,4.463562488555908,4,,,True
validation,775511,2026-06-10T23:50:00-07:00,775511_1781160600_H30,764322,XGBoost,5.003516674041748,5,,,True
validation,775511,2026-06-10T23:55:00-07:00,775511_1781160900_H30,764311,XGBoost,2.18121075630188,1,,,True
validation,775511,2026-06-10T23:55:00-07:00,775511_1781160900_H30,764297,XGBoost,2.5891120433807373,2,,,True
validation,775511,2026-06-10T23:55:00-07:00,775511_1781160900_H30,764322,XGBoost,3.928401231765747,3,,,True
validation,775511,2026-06-10T23:55:00-07:00,775511_1781160900_H30,764283,XGBoost,3.9459004402160645,4,,,True
validation,775511,2026-06-10T23:55:00-07:00,775511_1781160900_H30,764290,XGBoost,4.321386337280273,5,,,True
validation,775511,2026-06-23T23:30:00-07:00,775511_1782282600_H30,764311,XGBoost,1.5156185626983643,1,,,True
validation,775511,2026-06-23T23:30:00-07:00,775511_1782282600_H30,764297,XGBoost,2.0134289264678955,2,,,True
validation,775511,2026-06-23T23:30:00-07:00,775511_1782282600_H30,764283,XGBoost,2.741473913192749,3,,,True
validation,775511,2026-06-23T23:30:00-07:00,775511_1782282600_H30,764322,XGBoost,3.093738079071045,4,,,True
validation,775511,2026-06-23T23:30:00-07:00,775511_1782282600_H30,764290,XGBoost,3.116960048675537,5,,,True
validation,775511,2026-06-23T23:35:00-07:00,775511_1782282900_H30,764311,XGBoost,1.6327825784683228,1,,,True
validation,775511,2026-06-23T23:35:00-07:00,775511_1782282900_H30,764297,XGBoost,2.200347423553467,2,,,True
validation,775511,2026-06-23T23:35:00-07:00,775511_1782282900_H30,764283,XGBoost,2.936321496963501,3,,,True
validation,775511,2026-06-23T23:35:00-07:00,775511_1782282900_H30,764322,XGBoost,3.2587804794311523,4,,,True
validation,775511,2026-06-23T23:35:00-07:00,775511_1782282900_H30,764290,XGBoost,3.311807632446289,5,,,True
validation,775511,2026-06-23T23:40:00-07:00,775511_1782283200_H30,764311,XGBoost,2.2755773067474365,1,,,True
validation,775511,2026-06-23T23:40:00-07:00,775511_1782283200_H30,764297,XGBoost,2.8049817085266113,2,,,True
validation,775511,2026-06-23T23:40:00-07:00,775511_1782283200_H30,764322,XGBoost,3.489689826965332,3,,,True
validation,775511,2026-06-23T23:40:00-07:00,775511_1782283200_H30,764283,XGBoost,3.71315860748291,4,,,True
validation,775511,2026-06-23T23:40:00-07:00,775511_1782283200_H30,764290,XGBoost,4.088644027709961,5,,,True
validation,775511,2026-06-23T23:45:00-07:00,775511_1782283500_H30,764311,XGBoost,2.3928260803222656,1,,,True
validation,775511,2026-06-23T23:45:00-07:00,775511_1782283500_H30,764297,XGBoost,3.001102924346924,2,,,True
validation,775511,2026-06-23T23:45:00-07:00,775511_1782283500_H30,764322,XGBoost,3.574104070663452,3,,,True
validation,775511,2026-06-23T23:45:00-07:00,775511_1782283500_H30,764283,XGBoost,3.8849685192108154,4,,,True
validation,775511,2026-06-23T23:45:00-07:00,775511_1782283500_H30,764290,XGBoost,4.260454177856445,5,,,True
validation,775511,2026-06-23T23:50:00-07:00,775511_1782283800_H30,764311,XGBoost,2.3232054710388184,1,,,True
validation,775511,2026-06-23T23:50:00-07:00,775511_1782283800_H30,764297,XGBoost,2.9081625938415527,2,,,True
validation,775511,2026-06-23T23:50:00-07:00,775511_1782283800_H30,764322,XGBoost,3.2483510971069336,3,,,True
validation,775511,2026-06-23T23:50:00-07:00,775511_1782283800_H30,764283,XGBoost,3.853313684463501,4,,,True
validation,775511,2026-06-23T23:50:00-07:00,775511_1782283800_H30,764290,XGBoost,4.228799343109131,5,,,True
validation,775511,2026-06-23T23:55:00-07:00,775511_1782284100_H30,764311,XGBoost,2.386951446533203,1,,,True
validation,775511,2026-06-23T23:55:00-07:00,775511_1782284100_H30,764297,XGBoost,2.9081625938415527,2,,,True
validation,775511,2026-06-23T23:55:00-07:00,775511_1782284100_H30,764322,XGBoost,3.627776861190796,3,,,True
validation,775511,2026-06-23T23:55:00-07:00,775511_1782284100_H30,764283,XGBoost,3.815347909927368,4,,,True
validation,775511,2026-06-23T23:55:00-07:00,775511_1782284100_H30,764290,XGBoost,4.19083309173584,5,,,True
validation,775511,2026-06-26T23:30:00-07:00,775511_1782541800_H30,764311,XGBoost,1.0820226669311523,1,,,True
validation,775511,2026-06-26T23:30:00-07:00,775511_1782541800_H30,764297,XGBoost,1.7704005241394043,2,,,True
validation,775511,2026-06-26T23:30:00-07:00,775511_1782541800_H30,764322,XGBoost,2.0755624771118164,3,,,True
validation,775511,2026-06-26T23:30:00-07:00,775511_1782541800_H30,764283,XGBoost,2.6213319301605225,4,,,True
validation,775511,2026-06-26T23:30:00-07:00,775511_1782541800_H30,764290,XGBoost,2.9968180656433105,5,,,True
validation,775511,2026-06-26T23:35:00-07:00,775511_1782542100_H30,764311,XGBoost,1.0063347816467285,1,,,True
validation,775511,2026-06-26T23:35:00-07:00,775511_1782542100_H30,764297,XGBoost,1.8776237964630127,2,,,True
validation,775511,2026-06-26T23:35:00-07:00,775511_1782542100_H30,764322,XGBoost,2.0616908073425293,3,,,True
validation,775511,2026-06-26T23:35:00-07:00,775511_1782542100_H30,764283,XGBoost,2.770502805709839,4,,,True
validation,775511,2026-06-26T23:35:00-07:00,775511_1782542100_H30,764290,XGBoost,3.145988941192627,5,,,True
validation,775511,2026-06-26T23:40:00-07:00,775511_1782542400_H30,764311,XGBoost,1.389685869216919,1,,,True
validation,775511,2026-06-26T23:40:00-07:00,775511_1782542400_H30,764297,XGBoost,2.1491177082061768,2,,,True
validation,775511,2026-06-26T23:40:00-07:00,775511_1782542400_H30,764322,XGBoost,2.5444962978363037,3,,,True
validation,775511,2026-06-26T23:40:00-07:00,775511_1782542400_H30,764283,XGBoost,3.582494020462036,4,,,True
validation,775511,2026-06-26T23:40:00-07:00,775511_1782542400_H30,764290,XGBoost,3.957979917526245,5,,,True
validation,775511,2026-06-26T23:45:00-07:00,775511_1782542700_H30,764311,XGBoost,1.4600226879119873,1,,,True
validation,775511,2026-06-26T23:45:00-07:00,775511_1782542700_H30,764297,XGBoost,2.439207077026367,2,,,True
validation,775511,2026-06-26T23:45:00-07:00,775511_1782542700_H30,764322,XGBoost,2.6483585834503174,3,,,True
validation,775511,2026-06-26T23:45:00-07:00,775511_1782542700_H30,764283,XGBoost,3.8994791507720947,4,,,True
validation,775511,2026-06-26T23:45:00-07:00,775511_1782542700_H30,764290,XGBoost,4.274965286254883,5,,,True
validation,775511,2026-06-26T23:50:00-07:00,775511_1782543000_H30,764311,XGBoost,1.4507993459701538,1,,,True
validation,775511,2026-06-26T23:50:00-07:00,775511_1782543000_H30,764297,XGBoost,2.54573130607605,2,,,True
validation,775511,2026-06-26T23:50:00-07:00,775511_1782543000_H30,764322,XGBoost,2.896468162536621,3,,,True
validation,775511,2026-06-26T23:50:00-07:00,775511_1782543000_H30,764283,XGBoost,3.521925687789917,4,,,True
validation,775511,2026-06-26T23:50:00-07:00,775511_1782543000_H30,764290,XGBoost,3.897411584854126,5,,,True
validation,775511,2026-06-26T23:55:00-07:00,775511_1782543300_H30,764311,XGBoost,1.6473339796066284,1,,,True
validation,775511,2026-06-26T23:55:00-07:00,775511_1782543300_H30,764297,XGBoost,2.54573130607605,2,,,True
validation,775511,2026-06-26T23:55:00-07:00,775511_1782543300_H30,764322,XGBoost,2.9829602241516113,3,,,True
validation,775511,2026-06-26T23:55:00-07:00,775511_1782543300_H30,764283,XGBoost,3.979567050933838,4,,,True
validation,775511,2026-06-26T23:55:00-07:00,775511_1782543300_H30,764290,XGBoost,4.355053424835205,5,,,True
validation,775536,2026-06-02T23:30:00-07:00,775536_1780468200_H30,718405,XGBoost,5.2261247634887695,1,,,True
validation,775536,2026-06-02T23:30:00-07:00,775536_1780468200_H30,759870,XGBoost,5.323678493499756,2,,,True
validation,775536,2026-06-02T23:30:00-07:00,775536_1780468200_H30,759858,XGBoost,5.346908092498779,3,,,True
validation,775536,2026-06-02T23:30:00-07:00,775536_1780468200_H30,768701,XGBoost,5.636738300323486,4,,,True
validation,775536,2026-06-02T23:30:00-07:00,775536_1780468200_H30,774344,XGBoost,5.76771354675293,5,,,True
validation,775536,2026-06-02T23:35:00-07:00,775536_1780468500_H30,718405,XGBoost,5.319570541381836,1,,,True
validation,775536,2026-06-02T23:35:00-07:00,775536_1780468500_H30,768701,XGBoost,5.422358989715576,2,,,True
validation,775536,2026-06-02T23:35:00-07:00,775536_1780468500_H30,759858,XGBoost,5.440353870391846,3,,,True
validation,775536,2026-06-02T23:35:00-07:00,775536_1780468500_H30,759870,XGBoost,5.643857002258301,4,,,True
validation,775536,2026-06-02T23:35:00-07:00,775536_1780468500_H30,774344,XGBoost,5.861159324645996,5,,,True
validation,775536,2026-06-02T23:40:00-07:00,775536_1780468800_H30,759870,XGBoost,6.554082870483398,1,,,True
validation,775536,2026-06-02T23:40:00-07:00,775536_1780468800_H30,768701,XGBoost,7.415057182312012,2,,,True
validation,775536,2026-06-02T23:40:00-07:00,775536_1780468800_H30,718405,XGBoost,7.649202823638916,3,,,True
validation,775536,2026-06-02T23:40:00-07:00,775536_1780468800_H30,759858,XGBoost,7.769986152648926,4,,,True
validation,775536,2026-06-02T23:40:00-07:00,775536_1780468800_H30,774344,XGBoost,8.143393516540527,5,,,True
validation,775536,2026-06-02T23:45:00-07:00,775536_1780469100_H30,759870,XGBoost,6.714670658111572,1,,,True
validation,775536,2026-06-02T23:45:00-07:00,775536_1780469100_H30,768701,XGBoost,8.098760604858398,2,,,True
validation,775536,2026-06-02T23:45:00-07:00,775536_1780469100_H30,718405,XGBoost,8.332906723022461,3,,,True
validation,775536,2026-06-02T23:45:00-07:00,775536_1780469100_H30,759858,XGBoost,8.453690528869629,4,,,True
validation,775536,2026-06-02T23:45:00-07:00,775536_1780469100_H30,774344,XGBoost,9.016304016113281,5,,,True
validation,775536,2026-06-02T23:50:00-07:00,775536_1780469400_H30,759870,XGBoost,6.674485206604004,1,,,True
validation,775536,2026-06-02T23:50:00-07:00,775536_1780469400_H30,718405,XGBoost,8.0961275100708,2,,,True
validation,775536,2026-06-02T23:50:00-07:00,775536_1780469400_H30,759858,XGBoost,8.216911315917969,3,,,True
validation,775536,2026-06-02T23:50:00-07:00,775536_1780469400_H30,774344,XGBoost,8.590319633483887,4,,,True
validation,775536,2026-06-02T23:50:00-07:00,775536_1780469400_H30,768701,XGBoost,9.083927154541016,5,,,True
validation,775536,2026-06-02T23:55:00-07:00,775536_1780469700_H30,759870,XGBoost,6.674485206604004,1,,,True
validation,775536,2026-06-02T23:55:00-07:00,775536_1780469700_H30,718405,XGBoost,7.9527411460876465,2,,,True
validation,775536,2026-06-02T23:55:00-07:00,775536_1780469700_H30,759858,XGBoost,8.073525428771973,3,,,True
validation,775536,2026-06-02T23:55:00-07:00,775536_1780469700_H30,774344,XGBoost,8.590319633483887,4,,,True
validation,775536,2026-06-02T23:55:00-07:00,775536_1780469700_H30,768701,XGBoost,8.722580909729004,5,,,True
validation,775536,2026-06-03T19:05:00-07:00,775536_1780538700_H30,759870,XGBoost,11.076519012451172,1,,,True
validation,775536,2026-06-03T19:05:00-07:00,775536_1780538700_H30,718405,XGBoost,14.335103988647461,2,,,True
validation,775536,2026-06-03T19:05:00-07:00,775536_1780538700_H30,759858,XGBoost,14.455887794494629,3,,,True
validation,775536,2026-06-03T19:05:00-07:00,775536_1780538700_H30,768701,XGBoost,14.75197696685791,4,,,True
validation,775536,2026-06-03T19:05:00-07:00,775536_1780538700_H30,774344,XGBoost,16.274564743041992,5,,,True
validation,775536,2026-06-03T19:10:00-07:00,775536_1780539000_H30,759870,XGBoost,11.18329906463623,1,,,True
validation,775536,2026-06-03T19:10:00-07:00,775536_1780539000_H30,718405,XGBoost,13.998225212097168,2,,,True
validation,775536,2026-06-03T19:10:00-07:00,775536_1780539000_H30,759858,XGBoost,14.119009017944336,3,,,True
validation,775536,2026-06-03T19:10:00-07:00,775536_1780539000_H30,768701,XGBoost,14.858757019042969,4,,,True
validation,775536,2026-06-03T19:10:00-07:00,775536_1780539000_H30,774344,XGBoost,16.10539436340332,5,,,True
validation,775536,2026-06-03T19:15:00-07:00,775536_1780539300_H30,759870,XGBoost,11.18329906463623,1,,,True
validation,775536,2026-06-03T19:15:00-07:00,775536_1780539300_H30,718405,XGBoost,13.029596328735352,2,,,True
validation,775536,2026-06-03T19:15:00-07:00,775536_1780539300_H30,759858,XGBoost,13.15038013458252,3,,,True
validation,775536,2026-06-03T19:15:00-07:00,775536_1780539300_H30,768701,XGBoost,14.858757019042969,4,,,True
validation,775536,2026-06-03T19:15:00-07:00,775536_1780539300_H30,774344,XGBoost,15.33348274230957,5,,,True
validation,775536,2026-06-03T19:20:00-07:00,775536_1780539600_H30,759870,XGBoost,11.18329906463623,1,,,True
validation,775536,2026-06-03T19:20:00-07:00,775536_1780539600_H30,718405,XGBoost,13.289137840270996,2,,,True
validation,775536,2026-06-03T19:20:00-07:00,775536_1780539600_H30,759858,XGBoost,13.409921646118164,3,,,True
validation,775536,2026-06-03T19:20:00-07:00,775536_1780539600_H30,768701,XGBoost,14.858757019042969,4,,,True
validation,775536,2026-06-03T19:20:00-07:00,775536_1780539600_H30,774344,XGBoost,15.452710151672363,5,,,True
validation,775536,2026-06-03T19:25:00-07:00,775536_1780539900_H30,759870,XGBoost,11.18329906463623,1,,,True
validation,775536,2026-06-03T19:25:00-07:00,775536_1780539900_H30,718405,XGBoost,13.289137840270996,2,,,True
validation,775536,2026-06-03T19:25:00-07:00,775536_1780539900_H30,759858,XGBoost,13.409921646118164,3,,,True
validation,775536,2026-06-03T19:25:00-07:00,775536_1780539900_H30,768701,XGBoost,14.858757019042969,4,,,True
validation,775536,2026-06-03T19:25:00-07:00,775536_1780539900_H30,774344,XGBoost,15.02102279663086,5,,,True
validation,775536,2026-06-03T19:30:00-07:00,775536_1780540200_H30,759870,XGBoost,7.271773338317871,1,,,True
validation,775536,2026-06-03T19:30:00-07:00,775536_1780540200_H30,718405,XGBoost,7.457797050476074,2,,,True
validation,775536,2026-06-03T19:30:00-07:00,775536_1780540200_H30,759858,XGBoost,7.578579902648926,3,,,True
validation,775536,2026-06-03T19:30:00-07:00,775536_1780540200_H30,768701,XGBoost,8.958866119384766,4,,,True
validation,775536,2026-06-03T19:30:00-07:00,775536_1780540200_H30,774344,XGBoost,9.121132850646973,5,,,True
validation,775536,2026-06-06T23:30:00-07:00,775536_1780813800_H30,718405,XGBoost,4.029747009277344,1,,,True
validation,775536,2026-06-06T23:30:00-07:00,775536_1780813800_H30,759858,XGBoost,4.187320232391357,2,,,True
validation,775536,2026-06-06T23:30:00-07:00,775536_1780813800_H30,774344,XGBoost,4.748757362365723,3,,,True
validation,775536,2026-06-06T23:30:00-07:00,775536_1780813800_H30,768701,XGBoost,4.895603656768799,4,,,True
validation,775536,2026-06-06T23:30:00-07:00,775536_1780813800_H30,759870,XGBoost,5.087271690368652,5,,,True
validation,775536,2026-06-06T23:35:00-07:00,775536_1780814100_H30,718405,XGBoost,4.12319278717041,1,,,True
validation,775536,2026-06-06T23:35:00-07:00,775536_1780814100_H30,759858,XGBoost,4.280766010284424,2,,,True
validation,775536,2026-06-06T23:35:00-07:00,775536_1780814100_H30,774344,XGBoost,4.842203140258789,3,,,True
validation,775536,2026-06-06T23:35:00-07:00,775536_1780814100_H30,768701,XGBoost,5.180395126342773,4,,,True
validation,775536,2026-06-06T23:35:00-07:00,775536_1780814100_H30,759870,XGBoost,5.321971416473389,5,,,True
validation,775536,2026-06-06T23:40:00-07:00,775536_1780814400_H30,718405,XGBoost,5.864320755004883,1,,,True
validation,775536,2026-06-06T23:40:00-07:00,775536_1780814400_H30,759858,XGBoost,6.0218939781188965,2,,,True
validation,775536,2026-06-06T23:40:00-07:00,775536_1780814400_H30,759870,XGBoost,6.210994243621826,3,,,True
validation,775536,2026-06-06T23:40:00-07:00,775536_1780814400_H30,774344,XGBoost,6.535932540893555,4,,,True
validation,775536,2026-06-06T23:40:00-07:00,775536_1780814400_H30,768701,XGBoost,6.756711959838867,5,,,True
validation,775536,2026-06-06T23:45:00-07:00,775536_1780814700_H30,718405,XGBoost,5.842289924621582,1,,,True
validation,775536,2026-06-06T23:45:00-07:00,775536_1780814700_H30,759858,XGBoost,5.999863147735596,2,,,True
validation,775536,2026-06-06T23:45:00-07:00,775536_1780814700_H30,759870,XGBoost,6.213654518127441,3,,,True
validation,775536,2026-06-06T23:45:00-07:00,775536_1780814700_H30,774344,XGBoost,6.513901710510254,4,,,True
validation,775536,2026-06-06T23:45:00-07:00,775536_1780814700_H30,768701,XGBoost,6.897624492645264,5,,,True
validation,775536,2026-06-06T23:50:00-07:00,775536_1780815000_H30,718405,XGBoost,5.895045757293701,1,,,True
validation,775536,2026-06-06T23:50:00-07:00,775536_1780815000_H30,759858,XGBoost,6.052618980407715,2,,,True
validation,775536,2026-06-06T23:50:00-07:00,775536_1780815000_H30,759870,XGBoost,6.179290771484375,3,,,True
validation,775536,2026-06-06T23:50:00-07:00,775536_1780815000_H30,774344,XGBoost,6.714481353759766,4,,,True
validation,775536,2026-06-06T23:50:00-07:00,775536_1780815000_H30,768701,XGBoost,6.950380325317383,5,,,True
validation,775536,2026-06-06T23:55:00-07:00,775536_1780815300_H30,718405,XGBoost,4.820836544036865,1,,,True
validation,775536,2026-06-06T23:55:00-07:00,775536_1780815300_H30,759858,XGBoost,4.978409767150879,2,,,True
validation,775536,2026-06-06T23:55:00-07:00,775536_1780815300_H30,774344,XGBoost,5.129279136657715,3,,,True
validation,775536,2026-06-06T23:55:00-07:00,775536_1780815300_H30,759870,XGBoost,6.188382625579834,4,,,True
validation,775536,2026-06-06T23:55:00-07:00,775536_1780815300_H30,768701,XGBoost,6.542123794555664,5,,,True
validation,775536,2026-06-10T23:30:00-07:00,775536_1781159400_H30,718405,XGBoost,4.943944454193115,1,,,True
validation,775536,2026-06-10T23:30:00-07:00,775536_1781159400_H30,759858,XGBoost,5.064727783203125,2,,,True
validation,775536,2026-06-10T23:30:00-07:00,775536_1781159400_H30,759870,XGBoost,5.094284534454346,3,,,True
validation,775536,2026-06-10T23:30:00-07:00,775536_1781159400_H30,768701,XGBoost,5.218081474304199,4,,,True
validation,775536,2026-06-10T23:30:00-07:00,775536_1781159400_H30,774344,XGBoost,5.427388668060303,5,,,True
validation,775536,2026-06-10T23:35:00-07:00,775536_1781159700_H30,718405,XGBoost,4.999963283538818,1,,,True
validation,775536,2026-06-10T23:35:00-07:00,775536_1781159700_H30,759858,XGBoost,5.120746612548828,2,,,True
validation,775536,2026-06-10T23:35:00-07:00,775536_1781159700_H30,759870,XGBoost,5.1542487144470215,3,,,True
validation,775536,2026-06-10T23:35:00-07:00,775536_1781159700_H30,768701,XGBoost,5.360276699066162,4,,,True
validation,775536,2026-06-10T23:35:00-07:00,775536_1781159700_H30,774344,XGBoost,5.483407497406006,5,,,True
validation,775536,2026-06-10T23:40:00-07:00,775536_1781160000_H30,759870,XGBoost,6.053282737731934,1,,,True
validation,775536,2026-06-10T23:40:00-07:00,775536_1781160000_H30,718405,XGBoost,7.075213432312012,2,,,True
validation,775536,2026-06-10T23:40:00-07:00,775536_1781160000_H30,759858,XGBoost,7.1959967613220215,3,,,True
validation,775536,2026-06-10T23:40:00-07:00,775536_1781160000_H30,768701,XGBoost,7.388128280639648,4,,,True
validation,775536,2026-06-10T23:40:00-07:00,775536_1781160000_H30,774344,XGBoost,7.610448837280273,5,,,True
validation,775536,2026-06-10T23:45:00-07:00,775536_1781160300_H30,759870,XGBoost,6.512354850769043,1,,,True
validation,775536,2026-06-10T23:45:00-07:00,775536_1781160300_H30,718405,XGBoost,7.979014873504639,2,,,True
validation,775536,2026-06-10T23:45:00-07:00,775536_1781160300_H30,759858,XGBoost,8.099799156188965,3,,,True
validation,775536,2026-06-10T23:45:00-07:00,775536_1781160300_H30,774344,XGBoost,8.431512832641602,4,,,True
validation,775536,2026-06-10T23:45:00-07:00,775536_1781160300_H30,768701,XGBoost,8.501943588256836,5,,,True
validation,775536,2026-06-10T23:50:00-07:00,775536_1781160600_H30,759870,XGBoost,6.379027366638184,1,,,True
validation,775536,2026-06-10T23:50:00-07:00,775536_1781160600_H30,718405,XGBoost,8.031771659851074,2,,,True
validation,775536,2026-06-10T23:50:00-07:00,775536_1781160600_H30,759858,XGBoost,8.152555465698242,3,,,True
validation,775536,2026-06-10T23:50:00-07:00,775536_1781160600_H30,768701,XGBoost,8.304078102111816,4,,,True
validation,775536,2026-06-10T23:50:00-07:00,775536_1781160600_H30,774344,XGBoost,8.52596378326416,5,,,True
validation,775536,2026-06-10T23:55:00-07:00,775536_1781160900_H30,759870,XGBoost,6.577935218811035,1,,,True
validation,775536,2026-06-10T23:55:00-07:00,775536_1781160900_H30,718405,XGBoost,8.031771659851074,2,,,True
validation,775536,2026-06-10T23:55:00-07:00,775536_1781160900_H30,759858,XGBoost,8.152555465698242,3,,,True
validation,775536,2026-06-10T23:55:00-07:00,775536_1781160900_H30,774344,XGBoost,8.52596378326416,4,,,True
validation,775536,2026-06-10T23:55:00-07:00,775536_1781160900_H30,768701,XGBoost,8.691149711608887,5,,,True
validation,775536,2026-06-17T11:15:00-07:00,775536_1781720100_H30,768701,XGBoost,5.835829734802246,1,,,True
validation,775536,2026-06-17T11:15:00-07:00,775536_1781720100_H30,759870,XGBoost,5.873208045959473,2,,,True
validation,775536,2026-06-17T11:15:00-07:00,775536_1781720100_H30,774344,XGBoost,6.716785430908203,3,,,True
validation,775536,2026-06-17T11:15:00-07:00,775536_1781720100_H30,718405,XGBoost,7.638712406158447,4,,,True
validation,775536,2026-06-17T11:15:00-07:00,775536_1781720100_H30,759858,XGBoost,7.759495735168457,5,,,True
validation,775536,2026-06-18T23:30:00-07:00,775536_1781850600_H30,718405,XGBoost,4.472320556640625,1,,,True
validation,775536,2026-06-18T23:30:00-07:00,775536_1781850600_H30,759858,XGBoost,4.629893779754639,2,,,True
validation,775536,2026-06-18T23:30:00-07:00,775536_1781850600_H30,759870,XGBoost,4.882038593292236,3,,,True
validation,775536,2026-06-18T23:30:00-07:00,775536_1781850600_H30,774344,XGBoost,5.123686790466309,4,,,True
validation,775536,2026-06-18T23:30:00-07:00,775536_1781850600_H30,768701,XGBoost,5.261659145355225,5,,,True
validation,775536,2026-06-18T23:35:00-07:00,775536_1781850900_H30,718405,XGBoost,4.785864353179932,1,,,True
validation,775536,2026-06-18T23:35:00-07:00,775536_1781850900_H30,759858,XGBoost,4.943437576293945,2,,,True
validation,775536,2026-06-18T23:35:00-07:00,775536_1781850900_H30,759870,XGBoost,5.310382843017578,3,,,True
validation,775536,2026-06-18T23:35:00-07:00,775536_1781850900_H30,768701,XGBoost,5.4038543701171875,4,,,True
validation,775536,2026-06-18T23:35:00-07:00,775536_1781850900_H30,774344,XGBoost,5.453680992126465,5,,,True
validation,775536,2026-06-18T23:40:00-07:00,775536_1781851200_H30,759870,XGBoost,5.979904651641846,1,,,True
validation,775536,2026-06-18T23:40:00-07:00,775536_1781851200_H30,718405,XGBoost,6.938722133636475,2,,,True
validation,775536,2026-06-18T23:40:00-07:00,775536_1781851200_H30,759858,XGBoost,7.096295356750488,3,,,True
validation,775536,2026-06-18T23:40:00-07:00,775536_1781851200_H30,768701,XGBoost,7.431705951690674,4,,,True
validation,775536,2026-06-18T23:40:00-07:00,775536_1781851200_H30,774344,XGBoost,7.600834369659424,5,,,True
validation,775536,2026-06-18T23:45:00-07:00,775536_1781851500_H30,759870,XGBoost,6.228368759155273,1,,,True
validation,775536,2026-06-18T23:45:00-07:00,775536_1781851500_H30,718405,XGBoost,7.382248401641846,2,,,True
validation,775536,2026-06-18T23:45:00-07:00,775536_1781851500_H30,759858,XGBoost,7.539821624755859,3,,,True
validation,775536,2026-06-18T23:45:00-07:00,775536_1781851500_H30,768701,XGBoost,7.875232219696045,4,,,True
validation,775536,2026-06-18T23:45:00-07:00,775536_1781851500_H30,774344,XGBoost,8.044361114501953,5,,,True
validation,775536,2026-06-18T23:50:00-07:00,775536_1781851800_H30,759870,XGBoost,5.855584621429443,1,,,True
validation,775536,2026-06-18T23:50:00-07:00,775536_1781851800_H30,718405,XGBoost,7.435004234313965,2,,,True
validation,775536,2026-06-18T23:50:00-07:00,775536_1781851800_H30,759858,XGBoost,7.5925774574279785,3,,,True
validation,775536,2026-06-18T23:50:00-07:00,775536_1781851800_H30,768701,XGBoost,7.875232219696045,4,,,True
validation,775536,2026-06-18T23:50:00-07:00,775536_1781851800_H30,774344,XGBoost,8.097116470336914,5,,,True
validation,775536,2026-06-18T23:55:00-07:00,775536_1781852100_H30,759870,XGBoost,6.093812465667725,1,,,True
validation,775536,2026-06-18T23:55:00-07:00,775536_1781852100_H30,718405,XGBoost,7.4399895668029785,2,,,True
validation,775536,2026-06-18T23:55:00-07:00,775536_1781852100_H30,759858,XGBoost,7.597562789916992,3,,,True
validation,775536,2026-06-18T23:55:00-07:00,775536_1781852100_H30,768701,XGBoost,7.9634270668029785,4,,,True
validation,775536,2026-06-18T23:55:00-07:00,775536_1781852100_H30,774344,XGBoost,8.102102279663086,5,,,True
validation,775536,2026-06-22T23:30:00-07:00,775536_1782196200_H30,718405,XGBoost,4.656281471252441,1,,,True
validation,775536,2026-06-22T23:30:00-07:00,775536_1782196200_H30,759858,XGBoost,4.813854694366455,2,,,True
validation,775536,2026-06-22T23:30:00-07:00,775536_1782196200_H30,759870,XGBoost,5.093069553375244,3,,,True
validation,775536,2026-06-22T23:30:00-07:00,775536_1782196200_H30,768701,XGBoost,5.151182174682617,4,,,True
validation,775536,2026-06-22T23:30:00-07:00,775536_1782196200_H30,774344,XGBoost,5.5091776847839355,5,,,True
validation,775536,2026-06-22T23:35:00-07:00,775536_1782196500_H30,718405,XGBoost,4.749727249145508,1,,,True
validation,775536,2026-06-22T23:35:00-07:00,775536_1782196500_H30,759858,XGBoost,4.9073004722595215,2,,,True
validation,775536,2026-06-22T23:35:00-07:00,775536_1782196500_H30,759870,XGBoost,5.218940258026123,3,,,True
validation,775536,2026-06-22T23:35:00-07:00,775536_1782196500_H30,774344,XGBoost,5.602623462677002,4,,,True
validation,775536,2026-06-22T23:35:00-07:00,775536_1782196500_H30,768701,XGBoost,5.889953136444092,5,,,True
validation,775536,2026-06-22T23:40:00-07:00,775536_1782196800_H30,759870,XGBoost,5.925118923187256,1,,,True
validation,775536,2026-06-22T23:40:00-07:00,775536_1782196800_H30,718405,XGBoost,6.78982400894165,2,,,True
validation,775536,2026-06-22T23:40:00-07:00,775536_1782196800_H30,759858,XGBoost,6.947397232055664,3,,,True
validation,775536,2026-06-22T23:40:00-07:00,775536_1782196800_H30,768701,XGBoost,7.286075592041016,4,,,True
validation,775536,2026-06-22T23:40:00-07:00,775536_1782196800_H30,774344,XGBoost,7.5953216552734375,5,,,True
validation,775536,2026-06-22T23:45:00-07:00,775536_1782197100_H30,759870,XGBoost,5.992363929748535,1,,,True
validation,775536,2026-06-22T23:45:00-07:00,775536_1782197100_H30,718405,XGBoost,7.2333502769470215,2,,,True
validation,775536,2026-06-22T23:45:00-07:00,775536_1782197100_H30,759858,XGBoost,7.390923500061035,3,,,True
validation,775536,2026-06-22T23:45:00-07:00,775536_1782197100_H30,774344,XGBoost,8.038847923278809,4,,,True
validation,775536,2026-06-22T23:45:00-07:00,775536_1782197100_H30,768701,XGBoost,8.448344230651855,5,,,True
validation,775536,2026-06-22T23:50:00-07:00,775536_1782197400_H30,759870,XGBoost,6.045119762420654,1,,,True
validation,775536,2026-06-22T23:50:00-07:00,775536_1782197400_H30,718405,XGBoost,7.286106109619141,2,,,True
validation,775536,2026-06-22T23:50:00-07:00,775536_1782197400_H30,759858,XGBoost,7.443679332733154,3,,,True
validation,775536,2026-06-22T23:50:00-07:00,775536_1782197400_H30,768701,XGBoost,7.902161121368408,4,,,True
validation,775536,2026-06-22T23:50:00-07:00,775536_1782197400_H30,774344,XGBoost,8.091604232788086,5,,,True
validation,775536,2026-06-22T23:55:00-07:00,775536_1782197700_H30,759870,XGBoost,6.205502986907959,1,,,True
validation,775536,2026-06-22T23:55:00-07:00,775536_1782197700_H30,718405,XGBoost,7.286106109619141,2,,,True
validation,775536,2026-06-22T23:55:00-07:00,775536_1782197700_H30,759858,XGBoost,7.443679332733154,3,,,True
validation,775536,2026-06-22T23:55:00-07:00,775536_1782197700_H30,768701,XGBoost,7.729601860046387,4,,,True
validation,775536,2026-06-22T23:55:00-07:00,775536_1782197700_H30,774344,XGBoost,8.091604232788086,5,,,True
validation,775536,2026-06-26T23:30:00-07:00,775536_1782541800_H30,759870,XGBoost,5.0226664543151855,1,,,True
validation,775536,2026-06-26T23:30:00-07:00,775536_1782541800_H30,718405,XGBoost,5.175805568695068,2,,,True
validation,775536,2026-06-26T23:30:00-07:00,775536_1782541800_H30,759858,XGBoost,5.33337926864624,3,,,True
validation,775536,2026-06-26T23:30:00-07:00,775536_1782541800_H30,768701,XGBoost,5.507055759429932,4,,,True
validation,775536,2026-06-26T23:30:00-07:00,775536_1782541800_H30,774344,XGBoost,5.885316848754883,5,,,True
validation,775536,2026-06-26T23:35:00-07:00,775536_1782542100_H30,718405,XGBoost,5.269251346588135,1,,,True
validation,775536,2026-06-26T23:35:00-07:00,775536_1782542100_H30,759870,XGBoost,5.369819641113281,2,,,True
validation,775536,2026-06-26T23:35:00-07:00,775536_1782542100_H30,759858,XGBoost,5.426825046539307,3,,,True
validation,775536,2026-06-26T23:35:00-07:00,775536_1782542100_H30,768701,XGBoost,5.600501537322998,4,,,True
validation,775536,2026-06-26T23:35:00-07:00,775536_1782542100_H30,774344,XGBoost,5.7596869468688965,5,,,True
validation,775536,2026-06-26T23:40:00-07:00,775536_1782542400_H30,759870,XGBoost,6.208006858825684,1,,,True
validation,775536,2026-06-26T23:40:00-07:00,775536_1782542400_H30,768701,XGBoost,7.628353118896484,2,,,True
validation,775536,2026-06-26T23:40:00-07:00,775536_1782542400_H30,718405,XGBoost,7.808518886566162,3,,,True
validation,775536,2026-06-26T23:40:00-07:00,775536_1782542400_H30,759858,XGBoost,7.966092586517334,4,,,True
validation,775536,2026-06-26T23:40:00-07:00,775536_1782542400_H30,774344,XGBoost,8.350354194641113,5,,,True
validation,775536,2026-06-26T23:45:00-07:00,775536_1782542700_H30,759870,XGBoost,5.863372325897217,1,,,True
validation,775536,2026-06-26T23:45:00-07:00,775536_1782542700_H30,768701,XGBoost,8.071879386901855,2,,,True
validation,775536,2026-06-26T23:45:00-07:00,775536_1782542700_H30,718405,XGBoost,8.252044677734375,3,,,True
validation,775536,2026-06-26T23:45:00-07:00,775536_1782542700_H30,759858,XGBoost,8.409619331359863,4,,,True
validation,775536,2026-06-26T23:45:00-07:00,775536_1782542700_H30,774344,XGBoost,8.7938814163208,5,,,True
validation,775536,2026-06-26T23:50:00-07:00,775536_1782543000_H30,759870,XGBoost,6.16343355178833,1,,,True
validation,775536,2026-06-26T23:50:00-07:00,775536_1782543000_H30,768701,XGBoost,8.033937454223633,2,,,True
validation,775536,2026-06-26T23:50:00-07:00,775536_1782543000_H30,718405,XGBoost,8.304800033569336,3,,,True
validation,775536,2026-06-26T23:50:00-07:00,775536_1782543000_H30,759858,XGBoost,8.46237564086914,4,,,True
validation,775536,2026-06-26T23:50:00-07:00,775536_1782543000_H30,774344,XGBoost,8.846637725830078,5,,,True
validation,775536,2026-06-26T23:55:00-07:00,775536_1782543300_H30,759870,XGBoost,6.350745677947998,1,,,True
validation,775536,2026-06-26T23:55:00-07:00,775536_1782543300_H30,718405,XGBoost,8.304800033569336,2,,,True
validation,775536,2026-06-26T23:55:00-07:00,775536_1782543300_H30,759858,XGBoost,8.46237564086914,3,,,True
validation,775536,2026-06-26T23:55:00-07:00,775536_1782543300_H30,768701,XGBoost,8.72252368927002,4,,,True
validation,775536,2026-06-26T23:55:00-07:00,775536_1782543300_H30,774344,XGBoost,8.994461059570312,5,,,True
validation,765501,2026-06-03T15:25:00-07:00,765501_1780525500_H30,763616,GRU,1.3115593194961548,1,,,True
validation,765501,2026-06-03T15:25:00-07:00,765501_1780525500_H30,717951,GRU,1.4266842603683472,2,,,True
validation,765501,2026-06-03T15:25:00-07:00,765501_1780525500_H30,773773,GRU,1.436355710029602,3,,,True
validation,765501,2026-06-03T15:25:00-07:00,765501_1780525500_H30,773784,GRU,1.4723645448684692,4,,,True
validation,765501,2026-06-03T15:25:00-07:00,765501_1780525500_H30,776019,GRU,1.6124330759048462,5,,,True
validation,765501,2026-06-03T15:30:00-07:00,765501_1780525800_H30,717951,GRU,1.4292975664138794,1,,,True
validation,765501,2026-06-03T15:30:00-07:00,765501_1780525800_H30,773773,GRU,1.4388376474380493,2,,,True
validation,765501,2026-06-03T15:30:00-07:00,765501_1780525800_H30,763616,GRU,1.4743109941482544,3,,,True
validation,765501,2026-06-03T15:30:00-07:00,765501_1780525800_H30,776019,GRU,1.632156252861023,4,,,True
validation,765501,2026-06-03T15:30:00-07:00,765501_1780525800_H30,773784,GRU,1.6657840013504028,5,,,True
validation,765501,2026-06-03T15:35:00-07:00,765501_1780526100_H30,717951,GRU,1.4436562061309814,1,,,True
validation,765501,2026-06-03T15:35:00-07:00,765501_1780526100_H30,773773,GRU,1.4535619020462036,2,,,True
validation,765501,2026-06-03T15:35:00-07:00,765501_1780526100_H30,776019,GRU,1.655744194984436,3,,,True
validation,765501,2026-06-03T15:35:00-07:00,765501_1780526100_H30,763616,GRU,1.950812578201294,4,,,True
validation,765501,2026-06-03T15:35:00-07:00,765501_1780526100_H30,773784,GRU,2.2076973915100098,5,,,True
validation,765501,2026-06-03T15:40:00-07:00,765501_1780526400_H30,717951,GRU,1.450461745262146,1,,,True
validation,765501,2026-06-03T15:40:00-07:00,765501_1780526400_H30,773773,GRU,1.4605497121810913,2,,,True
validation,765501,2026-06-03T15:40:00-07:00,765501_1780526400_H30,776019,GRU,1.6439259052276611,3,,,True
validation,765501,2026-06-03T15:40:00-07:00,765501_1780526400_H30,763616,GRU,2.0793204307556152,4,,,True
validation,765501,2026-06-03T15:40:00-07:00,765501_1780526400_H30,773784,GRU,2.4414103031158447,5,,,True
validation,765501,2026-06-03T15:45:00-07:00,765501_1780526700_H30,717951,GRU,1.4617211818695068,1,,,True
validation,765501,2026-06-03T15:45:00-07:00,765501_1780526700_H30,773773,GRU,1.4718090295791626,2,,,True
validation,765501,2026-06-03T15:45:00-07:00,765501_1780526700_H30,776019,GRU,1.665462851524353,3,,,True
validation,765501,2026-06-03T15:45:00-07:00,765501_1780526700_H30,763616,GRU,2.0618507862091064,4,,,True
validation,765501,2026-06-03T15:45:00-07:00,765501_1780526700_H30,773784,GRU,2.3813424110412598,5,,,True
validation,765501,2026-06-03T15:50:00-07:00,765501_1780527000_H30,717951,GRU,1.4788693189620972,1,,,True
validation,765501,2026-06-03T15:50:00-07:00,765501_1780527000_H30,773773,GRU,1.4889572858810425,2,,,True
validation,765501,2026-06-03T15:50:00-07:00,765501_1780527000_H30,776019,GRU,1.6610468626022339,3,,,True
validation,765501,2026-06-03T15:50:00-07:00,765501_1780527000_H30,763616,GRU,2.0182294845581055,4,,,True
validation,765501,2026-06-03T15:50:00-07:00,765501_1780527000_H30,773784,GRU,2.383767604827881,5,,,True
validation,765501,2026-06-06T07:20:00-07:00,765501_1780755600_H30,763616,GRU,0.6833821535110474,1,,,True
validation,765501,2026-06-06T07:20:00-07:00,765501_1780755600_H30,776019,GRU,0.7724208235740662,2,,,True
validation,765501,2026-06-06T07:20:00-07:00,765501_1780755600_H30,717951,GRU,0.8077356815338135,3,,,True
validation,765501,2026-06-06T07:20:00-07:00,765501_1780755600_H30,773784,GRU,0.9304611682891846,4,,,True
validation,765501,2026-06-06T07:20:00-07:00,765501_1780755600_H30,773773,GRU,1.1503511667251587,5,,,True
validation,765501,2026-06-06T07:25:00-07:00,765501_1780755900_H30,763616,GRU,0.6969603896141052,1,,,True
validation,765501,2026-06-06T07:25:00-07:00,765501_1780755900_H30,776019,GRU,0.7817376852035522,2,,,True
validation,765501,2026-06-06T07:25:00-07:00,765501_1780755900_H30,717951,GRU,0.8112687468528748,3,,,True
validation,765501,2026-06-06T07:25:00-07:00,765501_1780755900_H30,773784,GRU,0.9479568004608154,4,,,True
validation,765501,2026-06-06T07:25:00-07:00,765501_1780755900_H30,773773,GRU,1.1163034439086914,5,,,True
validation,765501,2026-06-06T07:30:00-07:00,765501_1780756200_H30,763616,GRU,0.7419478893280029,1,,,True
validation,765501,2026-06-06T07:30:00-07:00,765501_1780756200_H30,776019,GRU,0.7783409357070923,2,,,True
validation,765501,2026-06-06T07:30:00-07:00,765501_1780756200_H30,717951,GRU,0.8192388415336609,3,,,True
validation,765501,2026-06-06T07:30:00-07:00,765501_1780756200_H30,773784,GRU,0.9724658727645874,4,,,True
validation,765501,2026-06-06T07:30:00-07:00,765501_1780756200_H30,773773,GRU,1.1595200300216675,5,,,True
validation,765501,2026-06-06T07:35:00-07:00,765501_1780756500_H30,763616,GRU,0.619163453578949,1,,,True
validation,765501,2026-06-06T07:35:00-07:00,765501_1780756500_H30,776019,GRU,0.7702670097351074,2,,,True
validation,765501,2026-06-06T07:35:00-07:00,765501_1780756500_H30,717951,GRU,0.827065110206604,3,,,True
validation,765501,2026-06-06T07:35:00-07:00,765501_1780756500_H30,773784,GRU,0.8389657735824585,4,,,True
validation,765501,2026-06-06T07:35:00-07:00,765501_1780756500_H30,773773,GRU,1.0787967443466187,5,,,True
validation,765501,2026-06-06T07:40:00-07:00,765501_1780756800_H30,763616,GRU,0.6413906216621399,1,,,True
validation,765501,2026-06-06T07:40:00-07:00,765501_1780756800_H30,776019,GRU,0.7801681756973267,2,,,True
validation,765501,2026-06-06T07:40:00-07:00,765501_1780756800_H30,717951,GRU,0.8291919231414795,3,,,True
validation,765501,2026-06-06T07:40:00-07:00,765501_1780756800_H30,773784,GRU,0.838401198387146,4,,,True
validation,765501,2026-06-06T07:40:00-07:00,765501_1780756800_H30,773773,GRU,1.0580410957336426,5,,,True
validation,765501,2026-06-06T07:45:00-07:00,765501_1780757100_H30,763616,GRU,0.5892422795295715,1,,,True
validation,765501,2026-06-06T07:45:00-07:00,765501_1780757100_H30,776019,GRU,0.7730939388275146,2,,,True
validation,765501,2026-06-06T07:45:00-07:00,765501_1780757100_H30,773784,GRU,0.8283136487007141,3,,,True
validation,765501,2026-06-06T07:45:00-07:00,765501_1780757100_H30,717951,GRU,0.8340154886245728,4,,,True
validation,765501,2026-06-06T07:45:00-07:00,765501_1780757100_H30,773773,GRU,1.040575385093689,5,,,True
validation,765501,2026-06-11T23:30:00-07:00,765501_1781245800_H30,763616,GRU,0.7460284233093262,1,,,True
validation,765501,2026-06-11T23:30:00-07:00,765501_1781245800_H30,776019,GRU,0.9852832555770874,2,,,True
validation,765501,2026-06-11T23:30:00-07:00,765501_1781245800_H30,717951,GRU,0.9912039041519165,3,,,True
validation,765501,2026-06-11T23:30:00-07:00,765501_1781245800_H30,773773,GRU,1.0468257665634155,4,,,True
validation,765501,2026-06-11T23:30:00-07:00,765501_1781245800_H30,773784,GRU,1.0760306119918823,5,,,True
validation,765501,2026-06-11T23:35:00-07:00,765501_1781246100_H30,763616,GRU,0.814444899559021,1,,,True
validation,765501,2026-06-11T23:35:00-07:00,765501_1781246100_H30,776019,GRU,0.9793283939361572,2,,,True
validation,765501,2026-06-11T23:35:00-07:00,765501_1781246100_H30,717951,GRU,0.9864388704299927,3,,,True
validation,765501,2026-06-11T23:35:00-07:00,765501_1781246100_H30,773773,GRU,1.0428093671798706,4,,,True
validation,765501,2026-06-11T23:35:00-07:00,765501_1781246100_H30,773784,GRU,1.1000175476074219,5,,,True
validation,765501,2026-06-11T23:40:00-07:00,765501_1781246400_H30,763616,GRU,0.7071372866630554,1,,,True
validation,765501,2026-06-11T23:40:00-07:00,765501_1781246400_H30,773784,GRU,0.9330745935440063,2,,,True
validation,765501,2026-06-11T23:40:00-07:00,765501_1781246400_H30,776019,GRU,0.9753724336624146,3,,,True
validation,765501,2026-06-11T23:40:00-07:00,765501_1781246400_H30,717951,GRU,0.9868470430374146,4,,,True
validation,765501,2026-06-11T23:40:00-07:00,765501_1781246400_H30,773773,GRU,1.0439409017562866,5,,,True
validation,765501,2026-06-11T23:45:00-07:00,765501_1781246700_H30,763616,GRU,0.7003185749053955,1,,,True
validation,765501,2026-06-11T23:45:00-07:00,765501_1781246700_H30,717951,GRU,0.9823800325393677,2,,,True
validation,765501,2026-06-11T23:45:00-07:00,765501_1781246700_H30,773784,GRU,0.9878215789794922,3,,,True
validation,765501,2026-06-11T23:45:00-07:00,765501_1781246700_H30,776019,GRU,0.9928206205368042,4,,,True
validation,765501,2026-06-11T23:45:00-07:00,765501_1781246700_H30,773773,GRU,1.0403095483779907,5,,,True
validation,765501,2026-06-11T23:50:00-07:00,765501_1781247000_H30,763616,GRU,0.7139005661010742,1,,,True
validation,765501,2026-06-11T23:50:00-07:00,765501_1781247000_H30,773784,GRU,0.9034188985824585,2,,,True
validation,765501,2026-06-11T23:50:00-07:00,765501_1781247000_H30,717951,GRU,0.9787739515304565,3,,,True
validation,765501,2026-06-11T23:50:00-07:00,765501_1781247000_H30,776019,GRU,0.9944504499435425,4,,,True
validation,765501,2026-06-11T23:50:00-07:00,765501_1781247000_H30,773773,GRU,1.0380300283432007,5,,,True
validation,765501,2026-06-11T23:55:00-07:00,765501_1781247300_H30,763616,GRU,0.6531982421875,1,,,True
validation,765501,2026-06-11T23:55:00-07:00,765501_1781247300_H30,773784,GRU,0.9379140138626099,2,,,True
validation,765501,2026-06-11T23:55:00-07:00,765501_1781247300_H30,776019,GRU,0.9605741500854492,3,,,True
validation,765501,2026-06-11T23:55:00-07:00,765501_1781247300_H30,717951,GRU,0.9686194658279419,4,,,True
validation,765501,2026-06-11T23:55:00-07:00,765501_1781247300_H30,773773,GRU,1.0279169082641602,5,,,True
validation,765501,2026-06-15T23:30:00-07:00,765501_1781591400_H30,763616,GRU,0.7028520703315735,1,,,True
validation,765501,2026-06-15T23:30:00-07:00,765501_1781591400_H30,773784,GRU,1.02472722530365,2,,,True
validation,765501,2026-06-15T23:30:00-07:00,765501_1781591400_H30,776019,GRU,1.0329605340957642,3,,,True
validation,765501,2026-06-15T23:30:00-07:00,765501_1781591400_H30,717951,GRU,1.0510293245315552,4,,,True
validation,765501,2026-06-15T23:30:00-07:00,765501_1781591400_H30,773773,GRU,1.1119881868362427,5,,,True
validation,765501,2026-06-15T23:35:00-07:00,765501_1781591700_H30,763616,GRU,0.7059334516525269,1,,,True
validation,765501,2026-06-15T23:35:00-07:00,765501_1781591700_H30,773784,GRU,1.0094610452651978,2,,,True
validation,765501,2026-06-15T23:35:00-07:00,765501_1781591700_H30,776019,GRU,1.041020393371582,3,,,True
validation,765501,2026-06-15T23:35:00-07:00,765501_1781591700_H30,717951,GRU,1.0482851266860962,4,,,True
validation,765501,2026-06-15T23:35:00-07:00,765501_1781591700_H30,773773,GRU,1.1090213060379028,5,,,True
validation,765501,2026-06-15T23:40:00-07:00,765501_1781592000_H30,763616,GRU,0.6554216146469116,1,,,True
validation,765501,2026-06-15T23:40:00-07:00,765501_1781592000_H30,773784,GRU,0.9098355174064636,2,,,True
validation,765501,2026-06-15T23:40:00-07:00,765501_1781592000_H30,776019,GRU,1.0416295528411865,3,,,True
validation,765501,2026-06-15T23:40:00-07:00,765501_1781592000_H30,717951,GRU,1.0478837490081787,4,,,True
validation,765501,2026-06-15T23:40:00-07:00,765501_1781592000_H30,773773,GRU,1.1081048250198364,5,,,True
validation,765501,2026-06-15T23:45:00-07:00,765501_1781592300_H30,763616,GRU,0.6801389455795288,1,,,True
validation,765501,2026-06-15T23:45:00-07:00,765501_1781592300_H30,773784,GRU,0.933253824710846,2,,,True
validation,765501,2026-06-15T23:45:00-07:00,765501_1781592300_H30,776019,GRU,1.040848731994629,3,,,True
validation,765501,2026-06-15T23:45:00-07:00,765501_1781592300_H30,717951,GRU,1.0479423999786377,4,,,True
validation,765501,2026-06-15T23:45:00-07:00,765501_1781592300_H30,773773,GRU,1.1079649925231934,5,,,True
validation,765501,2026-06-15T23:50:00-07:00,765501_1781592600_H30,763616,GRU,0.7852703332901001,1,,,True
validation,765501,2026-06-15T23:50:00-07:00,765501_1781592600_H30,776019,GRU,1.022446870803833,2,,,True
validation,765501,2026-06-15T23:50:00-07:00,765501_1781592600_H30,717951,GRU,1.0383169651031494,3,,,True
validation,765501,2026-06-15T23:50:00-07:00,765501_1781592600_H30,773784,GRU,1.07876718044281,4,,,True
validation,765501,2026-06-15T23:50:00-07:00,765501_1781592600_H30,773773,GRU,1.0985467433929443,5,,,True
validation,765501,2026-06-15T23:55:00-07:00,765501_1781592900_H30,763616,GRU,0.8030396699905396,1,,,True
validation,765501,2026-06-15T23:55:00-07:00,765501_1781592900_H30,776019,GRU,1.0177454948425293,2,,,True
validation,765501,2026-06-15T23:55:00-07:00,765501_1781592900_H30,717951,GRU,1.0302677154541016,3,,,True
validation,765501,2026-06-15T23:55:00-07:00,765501_1781592900_H30,773773,GRU,1.0906492471694946,4,,,True
validation,765501,2026-06-15T23:55:00-07:00,765501_1781592900_H30,773784,GRU,1.1835161447525024,5,,,True
validation,765501,2026-06-17T22:00:00-07:00,765501_1781758800_H30,763616,GRU,0.7833859920501709,1,,,True
validation,765501,2026-06-17T22:00:00-07:00,765501_1781758800_H30,773784,GRU,1.077447772026062,2,,,True
validation,765501,2026-06-17T22:00:00-07:00,765501_1781758800_H30,776019,GRU,1.1178032159805298,3,,,True
validation,765501,2026-06-17T22:00:00-07:00,765501_1781758800_H30,717951,GRU,1.1425185203552246,4,,,True
validation,765501,2026-06-17T22:00:00-07:00,765501_1781758800_H30,773773,GRU,1.2046051025390625,5,,,True
validation,765501,2026-06-17T22:05:00-07:00,765501_1781759100_H30,763616,GRU,0.7375668287277222,1,,,True
validation,765501,2026-06-17T22:05:00-07:00,765501_1781759100_H30,776019,GRU,1.1034468412399292,2,,,True
validation,765501,2026-06-17T22:05:00-07:00,765501_1781759100_H30,773784,GRU,1.1246625185012817,3,,,True
validation,765501,2026-06-17T22:05:00-07:00,765501_1781759100_H30,717951,GRU,1.1307538747787476,4,,,True
validation,765501,2026-06-17T22:05:00-07:00,765501_1781759100_H30,773773,GRU,1.191712737083435,5,,,True
validation,765501,2026-06-17T22:10:00-07:00,765501_1781759400_H30,763616,GRU,0.7871852517127991,1,,,True
validation,765501,2026-06-17T22:10:00-07:00,765501_1781759400_H30,776019,GRU,1.087509036064148,2,,,True
validation,765501,2026-06-17T22:10:00-07:00,765501_1781759400_H30,717951,GRU,1.1256182193756104,3,,,True
validation,765501,2026-06-17T22:10:00-07:00,765501_1781759400_H30,773773,GRU,1.185357928276062,4,,,True
validation,765501,2026-06-17T22:10:00-07:00,765501_1781759400_H30,773784,GRU,1.2534624338150024,5,,,True
validation,765501,2026-06-17T22:15:00-07:00,765501_1781759700_H30,763616,GRU,0.7515192031860352,1,,,True
validation,765501,2026-06-17T22:15:00-07:00,765501_1781759700_H30,776019,GRU,1.091178059577942,2,,,True
validation,765501,2026-06-17T22:15:00-07:00,765501_1781759700_H30,717951,GRU,1.1273032426834106,3,,,True
validation,765501,2026-06-17T22:15:00-07:00,765501_1781759700_H30,773784,GRU,1.1649059057235718,4,,,True
validation,765501,2026-06-17T22:15:00-07:00,765501_1781759700_H30,773773,GRU,1.1865485906600952,5,,,True
validation,765501,2026-06-17T22:20:00-07:00,765501_1781760000_H30,763616,GRU,0.7207781672477722,1,,,True
validation,765501,2026-06-17T22:20:00-07:00,765501_1781760000_H30,773784,GRU,1.1045347452163696,2,,,True
validation,765501,2026-06-17T22:20:00-07:00,765501_1781760000_H30,776019,GRU,1.110867977142334,3,,,True
validation,765501,2026-06-17T22:20:00-07:00,765501_1781760000_H30,717951,GRU,1.127397060394287,4,,,True
validation,765501,2026-06-17T22:20:00-07:00,765501_1781760000_H30,773773,GRU,1.1860123872756958,5,,,True
validation,765501,2026-06-17T22:25:00-07:00,765501_1781760300_H30,763616,GRU,0.7469605207443237,1,,,True
validation,765501,2026-06-17T22:25:00-07:00,765501_1781760300_H30,773784,GRU,1.0584970712661743,2,,,True
validation,765501,2026-06-17T22:25:00-07:00,765501_1781760300_H30,776019,GRU,1.1065856218338013,3,,,True
validation,765501,2026-06-17T22:25:00-07:00,765501_1781760300_H30,717951,GRU,1.117788553237915,4,,,True
validation,765501,2026-06-17T22:25:00-07:00,765501_1781760300_H30,773773,GRU,1.1758372783660889,5,,,True
validation,765501,2026-06-18T23:30:00-07:00,765501_1781850600_H30,763616,GRU,0.6732953190803528,1,,,True
validation,765501,2026-06-18T23:30:00-07:00,765501_1781850600_H30,773784,GRU,0.9248072504997253,2,,,True
validation,765501,2026-06-18T23:30:00-07:00,765501_1781850600_H30,776019,GRU,0.9852832555770874,3,,,True
validation,765501,2026-06-18T23:30:00-07:00,765501_1781850600_H30,717951,GRU,0.9912039041519165,4,,,True
validation,765501,2026-06-18T23:30:00-07:00,765501_1781850600_H30,773773,GRU,1.0468257665634155,5,,,True
validation,765501,2026-06-18T23:35:00-07:00,765501_1781850900_H30,763616,GRU,0.7105085849761963,1,,,True
validation,765501,2026-06-18T23:35:00-07:00,765501_1781850900_H30,776019,GRU,0.9793283939361572,2,,,True
validation,765501,2026-06-18T23:35:00-07:00,765501_1781850900_H30,717951,GRU,0.9864388704299927,3,,,True
validation,765501,2026-06-18T23:35:00-07:00,765501_1781850900_H30,773784,GRU,1.008201241493225,4,,,True
validation,765501,2026-06-18T23:35:00-07:00,765501_1781850900_H30,773773,GRU,1.0428093671798706,5,,,True
validation,765501,2026-06-18T23:40:00-07:00,765501_1781851200_H30,763616,GRU,0.7523543834686279,1,,,True
validation,765501,2026-06-18T23:40:00-07:00,765501_1781851200_H30,776019,GRU,0.9753724336624146,2,,,True
validation,765501,2026-06-18T23:40:00-07:00,765501_1781851200_H30,717951,GRU,0.9868470430374146,3,,,True
validation,765501,2026-06-18T23:40:00-07:00,765501_1781851200_H30,773773,GRU,1.0439409017562866,4,,,True
validation,765501,2026-06-18T23:40:00-07:00,765501_1781851200_H30,773784,GRU,1.1146115064620972,5,,,True
validation,765501,2026-06-18T23:45:00-07:00,765501_1781851500_H30,763616,GRU,0.7681439518928528,1,,,True
validation,765501,2026-06-18T23:45:00-07:00,765501_1781851500_H30,717951,GRU,0.9823800325393677,2,,,True
validation,765501,2026-06-18T23:45:00-07:00,765501_1781851500_H30,776019,GRU,0.9928206205368042,3,,,True
validation,765501,2026-06-18T23:45:00-07:00,765501_1781851500_H30,773773,GRU,1.0403095483779907,4,,,True
validation,765501,2026-06-18T23:45:00-07:00,765501_1781851500_H30,773784,GRU,1.1472827196121216,5,,,True
validation,765501,2026-06-18T23:50:00-07:00,765501_1781851800_H30,763616,GRU,0.6830006837844849,1,,,True
validation,765501,2026-06-18T23:50:00-07:00,765501_1781851800_H30,773784,GRU,0.9616953134536743,2,,,True
validation,765501,2026-06-18T23:50:00-07:00,765501_1781851800_H30,717951,GRU,0.9787739515304565,3,,,True
validation,765501,2026-06-18T23:50:00-07:00,765501_1781851800_H30,776019,GRU,0.9944504499435425,4,,,True
validation,765501,2026-06-18T23:50:00-07:00,765501_1781851800_H30,773773,GRU,1.0380300283432007,5,,,True
validation,765501,2026-06-18T23:55:00-07:00,765501_1781852100_H30,763616,GRU,0.6351942420005798,1,,,True
validation,765501,2026-06-18T23:55:00-07:00,765501_1781852100_H30,773784,GRU,0.9327820539474487,2,,,True
validation,765501,2026-06-18T23:55:00-07:00,765501_1781852100_H30,776019,GRU,0.9605741500854492,3,,,True
validation,765501,2026-06-18T23:55:00-07:00,765501_1781852100_H30,717951,GRU,0.9686194658279419,4,,,True
validation,765501,2026-06-18T23:55:00-07:00,765501_1781852100_H30,773773,GRU,1.0279169082641602,5,,,True
validation,765501,2026-06-24T23:30:00-07:00,765501_1782369000_H30,763616,GRU,0.835219144821167,1,,,True
validation,765501,2026-06-24T23:30:00-07:00,765501_1782369000_H30,776019,GRU,1.013189435005188,2,,,True
validation,765501,2026-06-24T23:30:00-07:00,765501_1782369000_H30,717951,GRU,1.0235625505447388,3,,,True
validation,765501,2026-06-24T23:30:00-07:00,765501_1782369000_H30,773773,GRU,1.08287513256073,4,,,True
validation,765501,2026-06-24T23:30:00-07:00,765501_1782369000_H30,773784,GRU,1.1080459356307983,5,,,True
validation,765501,2026-06-24T23:35:00-07:00,765501_1782369300_H30,763616,GRU,0.8100780248641968,1,,,True
validation,765501,2026-06-24T23:35:00-07:00,765501_1782369300_H30,776019,GRU,0.9997497797012329,2,,,True
validation,765501,2026-06-24T23:35:00-07:00,765501_1782369300_H30,717951,GRU,1.0111232995986938,3,,,True
validation,765501,2026-06-24T23:35:00-07:00,765501_1782369300_H30,773773,GRU,1.070818543434143,4,,,True
validation,765501,2026-06-24T23:35:00-07:00,765501_1782369300_H30,773784,GRU,1.1399215459823608,5,,,True
validation,765501,2026-06-24T23:40:00-07:00,765501_1782369600_H30,763616,GRU,0.7947325110435486,1,,,True
validation,765501,2026-06-24T23:40:00-07:00,765501_1782369600_H30,776019,GRU,0.9977277517318726,2,,,True
validation,765501,2026-06-24T23:40:00-07:00,765501_1782369600_H30,717951,GRU,1.006730556488037,3,,,True
validation,765501,2026-06-24T23:40:00-07:00,765501_1782369600_H30,773784,GRU,1.059173583984375,4,,,True
validation,765501,2026-06-24T23:40:00-07:00,765501_1782369600_H30,773773,GRU,1.0664011240005493,5,,,True
validation,765501,2026-06-24T23:45:00-07:00,765501_1782369900_H30,763616,GRU,0.7690730690956116,1,,,True
validation,765501,2026-06-24T23:45:00-07:00,765501_1782369900_H30,776019,GRU,1.0020471811294556,2,,,True
validation,765501,2026-06-24T23:45:00-07:00,765501_1782369900_H30,717951,GRU,1.0032153129577637,3,,,True
validation,765501,2026-06-24T23:45:00-07:00,765501_1782369900_H30,773784,GRU,1.0293892621994019,4,,,True
validation,765501,2026-06-24T23:45:00-07:00,765501_1782369900_H30,773773,GRU,1.062855839729309,5,,,True
validation,765501,2026-06-24T23:50:00-07:00,765501_1782370200_H30,763616,GRU,0.7345824241638184,1,,,True
validation,765501,2026-06-24T23:50:00-07:00,765501_1782370200_H30,773784,GRU,0.9564152956008911,2,,,True
validation,765501,2026-06-24T23:50:00-07:00,765501_1782370200_H30,776019,GRU,0.9968229532241821,3,,,True
validation,765501,2026-06-24T23:50:00-07:00,765501_1782370200_H30,717951,GRU,1.0000056028366089,4,,,True
validation,765501,2026-06-24T23:50:00-07:00,765501_1782370200_H30,773773,GRU,1.0596388578414917,5,,,True
validation,765501,2026-06-24T23:55:00-07:00,765501_1782370500_H30,763616,GRU,0.6903472542762756,1,,,True
validation,765501,2026-06-24T23:55:00-07:00,765501_1782370500_H30,773784,GRU,0.9298995137214661,2,,,True
validation,765501,2026-06-24T23:55:00-07:00,765501_1782370500_H30,776019,GRU,0.9645422697067261,3,,,True
validation,765501,2026-06-24T23:55:00-07:00,765501_1782370500_H30,717951,GRU,0.9858232736587524,4,,,True
validation,765501,2026-06-24T23:55:00-07:00,765501_1782370500_H30,773773,GRU,1.0449601411819458,5,,,True
validation,765501,2026-06-27T23:30:00-07:00,765501_1782628200_H30,763616,GRU,0.600669264793396,1,,,True
validation,765501,2026-06-27T23:30:00-07:00,765501_1782628200_H30,773784,GRU,0.9856560230255127,2,,,True
validation,765501,2026-06-27T23:30:00-07:00,765501_1782628200_H30,776019,GRU,1.02350914478302,3,,,True
validation,765501,2026-06-27T23:30:00-07:00,765501_1782628200_H30,717951,GRU,1.0412852764129639,4,,,True
validation,765501,2026-06-27T23:30:00-07:00,765501_1782628200_H30,773773,GRU,1.0937949419021606,5,,,True
validation,765501,2026-06-27T23:35:00-07:00,765501_1782628500_H30,763616,GRU,0.6485498547554016,1,,,True
validation,765501,2026-06-27T23:35:00-07:00,765501_1782628500_H30,776019,GRU,1.0441319942474365,2,,,True
validation,765501,2026-06-27T23:35:00-07:00,765501_1782628500_H30,717951,GRU,1.0487171411514282,3,,,True
validation,765501,2026-06-27T23:35:00-07:00,765501_1782628500_H30,773784,GRU,1.0632870197296143,4,,,True
validation,765501,2026-06-27T23:35:00-07:00,765501_1782628500_H30,773773,GRU,1.1016267538070679,5,,,True
validation,765501,2026-06-27T23:40:00-07:00,765501_1782628800_H30,763616,GRU,0.6338204145431519,1,,,True
validation,765501,2026-06-27T23:40:00-07:00,765501_1782628800_H30,773784,GRU,0.9326633214950562,2,,,True
validation,765501,2026-06-27T23:40:00-07:00,765501_1782628800_H30,776019,GRU,1.037775993347168,3,,,True
validation,765501,2026-06-27T23:40:00-07:00,765501_1782628800_H30,717951,GRU,1.0499862432479858,4,,,True
validation,765501,2026-06-27T23:40:00-07:00,765501_1782628800_H30,773773,GRU,1.1041390895843506,5,,,True
validation,765501,2026-06-27T23:45:00-07:00,765501_1782629100_H30,763616,GRU,0.608216404914856,1,,,True
validation,765501,2026-06-27T23:45:00-07:00,765501_1782629100_H30,773784,GRU,0.9612724781036377,2,,,True
validation,765501,2026-06-27T23:45:00-07:00,765501_1782629100_H30,776019,GRU,1.042910099029541,3,,,True
validation,765501,2026-06-27T23:45:00-07:00,765501_1782629100_H30,717951,GRU,1.047234058380127,4,,,True
validation,765501,2026-06-27T23:45:00-07:00,765501_1782629100_H30,773773,GRU,1.1043158769607544,5,,,True
validation,765501,2026-06-27T23:50:00-07:00,765501_1782629400_H30,763616,GRU,0.6611822843551636,1,,,True
validation,765501,2026-06-27T23:50:00-07:00,765501_1782629400_H30,773784,GRU,0.9959201812744141,2,,,True
validation,765501,2026-06-27T23:50:00-07:00,765501_1782629400_H30,776019,GRU,1.0376367568969727,3,,,True
validation,765501,2026-06-27T23:50:00-07:00,765501_1782629400_H30,717951,GRU,1.0487231016159058,4,,,True
validation,765501,2026-06-27T23:50:00-07:00,765501_1782629400_H30,773773,GRU,1.108608365058899,5,,,True
validation,765501,2026-06-27T23:55:00-07:00,765501_1782629700_H30,763616,GRU,0.6134105920791626,1,,,True
validation,765501,2026-06-27T23:55:00-07:00,765501_1782629700_H30,773784,GRU,0.9322885274887085,2,,,True
validation,765501,2026-06-27T23:55:00-07:00,765501_1782629700_H30,776019,GRU,1.0420422554016113,3,,,True
validation,765501,2026-06-27T23:55:00-07:00,765501_1782629700_H30,717951,GRU,1.057846188545227,4,,,True
validation,765501,2026-06-27T23:55:00-07:00,765501_1782629700_H30,773773,GRU,1.1177409887313843,5,,,True
validation,769895,2026-06-03T17:30:00-07:00,769895_1780533000_H30,769847,GRU,0.8833006024360657,1,,,True
validation,769895,2026-06-03T17:30:00-07:00,769895_1780533000_H30,769866,GRU,0.9447396993637085,2,,,True
validation,769895,2026-06-03T17:30:00-07:00,769895_1780533000_H30,769880,GRU,0.9743244647979736,3,,,True
validation,769895,2026-06-03T17:30:00-07:00,769895_1780533000_H30,770385,GRU,1.1528228521347046,4,,,True
validation,769895,2026-06-03T17:30:00-07:00,769895_1780533000_H30,770116,GRU,1.4516154527664185,5,,,True
validation,769895,2026-06-03T17:35:00-07:00,769895_1780533300_H30,769847,GRU,0.8863742351531982,1,,,True
validation,769895,2026-06-03T17:35:00-07:00,769895_1780533300_H30,769866,GRU,0.9924075603485107,2,,,True
validation,769895,2026-06-03T17:35:00-07:00,769895_1780533300_H30,769880,GRU,1.0091642141342163,3,,,True
validation,769895,2026-06-03T17:35:00-07:00,769895_1780533300_H30,770385,GRU,1.1642478704452515,4,,,True
validation,769895,2026-06-03T17:35:00-07:00,769895_1780533300_H30,770116,GRU,1.4556478261947632,5,,,True
validation,769895,2026-06-03T17:40:00-07:00,769895_1780533600_H30,769847,GRU,0.8493887186050415,1,,,True
validation,769895,2026-06-03T17:40:00-07:00,769895_1780533600_H30,769866,GRU,0.9335895776748657,2,,,True
validation,769895,2026-06-03T17:40:00-07:00,769895_1780533600_H30,769880,GRU,0.9834200143814087,3,,,True
validation,769895,2026-06-03T17:40:00-07:00,769895_1780533600_H30,770385,GRU,1.131076455116272,4,,,True
validation,769895,2026-06-03T17:40:00-07:00,769895_1780533600_H30,770116,GRU,1.4543880224227905,5,,,True
validation,769895,2026-06-03T17:45:00-07:00,769895_1780533900_H30,769847,GRU,0.8506575226783752,1,,,True
validation,769895,2026-06-03T17:45:00-07:00,769895_1780533900_H30,769866,GRU,0.9843010902404785,2,,,True
validation,769895,2026-06-03T17:45:00-07:00,769895_1780533900_H30,769880,GRU,1.0563483238220215,3,,,True
validation,769895,2026-06-03T17:45:00-07:00,769895_1780533900_H30,770385,GRU,1.1296931505203247,4,,,True
validation,769895,2026-06-03T17:45:00-07:00,769895_1780533900_H30,770116,GRU,1.447995662689209,5,,,True
validation,769895,2026-06-03T17:50:00-07:00,769895_1780534200_H30,769847,GRU,0.8200792074203491,1,,,True
validation,769895,2026-06-03T17:50:00-07:00,769895_1780534200_H30,769866,GRU,0.9498170018196106,2,,,True
validation,769895,2026-06-03T17:50:00-07:00,769895_1780534200_H30,769880,GRU,1.0635970830917358,3,,,True
validation,769895,2026-06-03T17:50:00-07:00,769895_1780534200_H30,770385,GRU,1.1428461074829102,4,,,True
validation,769895,2026-06-03T17:50:00-07:00,769895_1780534200_H30,770116,GRU,1.43916916847229,5,,,True
validation,769895,2026-06-03T17:55:00-07:00,769895_1780534500_H30,769847,GRU,0.8547495603561401,1,,,True
validation,769895,2026-06-03T17:55:00-07:00,769895_1780534500_H30,769866,GRU,0.983075737953186,2,,,True
validation,769895,2026-06-03T17:55:00-07:00,769895_1780534500_H30,769880,GRU,1.0540974140167236,3,,,True
validation,769895,2026-06-03T17:55:00-07:00,769895_1780534500_H30,770385,GRU,1.1563843488693237,4,,,True
validation,769895,2026-06-03T17:55:00-07:00,769895_1780534500_H30,770116,GRU,1.4243801832199097,5,,,True
validation,769895,2026-06-04T23:30:00-07:00,769895_1780641000_H30,769847,GRU,0.7672485709190369,1,,,True
validation,769895,2026-06-04T23:30:00-07:00,769895_1780641000_H30,769880,GRU,0.7695578336715698,2,,,True
validation,769895,2026-06-04T23:30:00-07:00,769895_1780641000_H30,769866,GRU,0.7814767360687256,3,,,True
validation,769895,2026-06-04T23:30:00-07:00,769895_1780641000_H30,770385,GRU,0.8130004405975342,4,,,True
validation,769895,2026-06-04T23:30:00-07:00,769895_1780641000_H30,770116,GRU,1.0142446756362915,5,,,True
validation,769895,2026-06-04T23:35:00-07:00,769895_1780641300_H30,769847,GRU,0.7777212858200073,1,,,True
validation,769895,2026-06-04T23:35:00-07:00,769895_1780641300_H30,770385,GRU,0.7821706533432007,2,,,True
validation,769895,2026-06-04T23:35:00-07:00,769895_1780641300_H30,769880,GRU,0.8074074387550354,3,,,True
validation,769895,2026-06-04T23:35:00-07:00,769895_1780641300_H30,769866,GRU,0.8385642766952515,4,,,True
validation,769895,2026-06-04T23:35:00-07:00,769895_1780641300_H30,770116,GRU,1.015647530555725,5,,,True
validation,769895,2026-06-04T23:40:00-07:00,769895_1780641600_H30,770385,GRU,0.781230092048645,1,,,True
validation,769895,2026-06-04T23:40:00-07:00,769895_1780641600_H30,769847,GRU,0.7907891273498535,2,,,True
validation,769895,2026-06-04T23:40:00-07:00,769895_1780641600_H30,769880,GRU,0.8050849437713623,3,,,True
validation,769895,2026-06-04T23:40:00-07:00,769895_1780641600_H30,769866,GRU,0.8363053798675537,4,,,True
validation,769895,2026-06-04T23:40:00-07:00,769895_1780641600_H30,770116,GRU,1.008860468864441,5,,,True
validation,769895,2026-06-04T23:45:00-07:00,769895_1780641900_H30,770385,GRU,0.7804462909698486,1,,,True
validation,769895,2026-06-04T23:45:00-07:00,769895_1780641900_H30,769880,GRU,0.8504878282546997,2,,,True
validation,769895,2026-06-04T23:45:00-07:00,769895_1780641900_H30,769866,GRU,0.8521431684494019,3,,,True
validation,769895,2026-06-04T23:45:00-07:00,769895_1780641900_H30,769847,GRU,0.8527846932411194,4,,,True
validation,769895,2026-06-04T23:45:00-07:00,769895_1780641900_H30,770116,GRU,1.0078295469284058,5,,,True
validation,769895,2026-06-04T23:50:00-07:00,769895_1780642200_H30,769880,GRU,0.6984748840332031,1,,,True
validation,769895,2026-06-04T23:50:00-07:00,769895_1780642200_H30,770385,GRU,0.7422531843185425,2,,,True
validation,769895,2026-06-04T23:50:00-07:00,769895_1780642200_H30,769866,GRU,0.7429877519607544,3,,,True
validation,769895,2026-06-04T23:50:00-07:00,769895_1780642200_H30,769847,GRU,0.7829683423042297,4,,,True
validation,769895,2026-06-04T23:50:00-07:00,769895_1780642200_H30,770116,GRU,0.9995230436325073,5,,,True
validation,769895,2026-06-04T23:55:00-07:00,769895_1780642500_H30,769880,GRU,0.6866581439971924,1,,,True
validation,769895,2026-06-04T23:55:00-07:00,769895_1780642500_H30,769847,GRU,0.7079784870147705,2,,,True
validation,769895,2026-06-04T23:55:00-07:00,769895_1780642500_H30,769866,GRU,0.74266117811203,3,,,True
validation,769895,2026-06-04T23:55:00-07:00,769895_1780642500_H30,770385,GRU,0.800368070602417,4,,,True
validation,769895,2026-06-04T23:55:00-07:00,769895_1780642500_H30,770116,GRU,0.9943684339523315,5,,,True
validation,769895,2026-06-06T07:20:00-07:00,769895_1780755600_H30,769847,GRU,0.6556881070137024,1,,,True
validation,769895,2026-06-06T07:20:00-07:00,769895_1780755600_H30,770385,GRU,0.7066061496734619,2,,,True
validation,769895,2026-06-06T07:20:00-07:00,769895_1780755600_H30,769880,GRU,0.8292880654335022,3,,,True
validation,769895,2026-06-06T07:20:00-07:00,769895_1780755600_H30,769866,GRU,0.8395757079124451,4,,,True
validation,769895,2026-06-06T07:20:00-07:00,769895_1780755600_H30,770116,GRU,0.8403922319412231,5,,,True
validation,769895,2026-06-06T07:25:00-07:00,769895_1780755900_H30,769847,GRU,0.6429128646850586,1,,,True
validation,769895,2026-06-06T07:25:00-07:00,769895_1780755900_H30,770385,GRU,0.7134753465652466,2,,,True
validation,769895,2026-06-06T07:25:00-07:00,769895_1780755900_H30,769866,GRU,0.7863336205482483,3,,,True
validation,769895,2026-06-06T07:25:00-07:00,769895_1780755900_H30,769880,GRU,0.8405178785324097,4,,,True
validation,769895,2026-06-06T07:25:00-07:00,769895_1780755900_H30,770116,GRU,0.84874027967453,5,,,True
validation,769895,2026-06-06T07:30:00-07:00,769895_1780756200_H30,769847,GRU,0.6544244289398193,1,,,True
validation,769895,2026-06-06T07:30:00-07:00,769895_1780756200_H30,770385,GRU,0.7197258472442627,2,,,True
validation,769895,2026-06-06T07:30:00-07:00,769895_1780756200_H30,769866,GRU,0.7702217102050781,3,,,True
validation,769895,2026-06-06T07:30:00-07:00,769895_1780756200_H30,770116,GRU,0.8504163026809692,4,,,True
validation,769895,2026-06-06T07:30:00-07:00,769895_1780756200_H30,769880,GRU,0.8533375263214111,5,,,True
validation,769895,2026-06-06T07:35:00-07:00,769895_1780756500_H30,769847,GRU,0.668012261390686,1,,,True
validation,769895,2026-06-06T07:35:00-07:00,769895_1780756500_H30,770385,GRU,0.7070366740226746,2,,,True
validation,769895,2026-06-06T07:35:00-07:00,769895_1780756500_H30,769866,GRU,0.77788245677948,3,,,True
validation,769895,2026-06-06T07:35:00-07:00,769895_1780756500_H30,769880,GRU,0.8381242752075195,4,,,True
validation,769895,2026-06-06T07:35:00-07:00,769895_1780756500_H30,770116,GRU,0.8576177358627319,5,,,True
validation,769895,2026-06-06T07:40:00-07:00,769895_1780756800_H30,769847,GRU,0.6492255926132202,1,,,True
validation,769895,2026-06-06T07:40:00-07:00,769895_1780756800_H30,770385,GRU,0.7075822353363037,2,,,True
validation,769895,2026-06-06T07:40:00-07:00,769895_1780756800_H30,769866,GRU,0.8279827833175659,3,,,True
validation,769895,2026-06-06T07:40:00-07:00,769895_1780756800_H30,769880,GRU,0.8315641283988953,4,,,True
validation,769895,2026-06-06T07:40:00-07:00,769895_1780756800_H30,770116,GRU,0.8608652353286743,5,,,True
validation,769895,2026-06-06T07:45:00-07:00,769895_1780757100_H30,770385,GRU,0.7179663181304932,1,,,True
validation,769895,2026-06-06T07:45:00-07:00,769895_1780757100_H30,769847,GRU,0.7414667010307312,2,,,True
validation,769895,2026-06-06T07:45:00-07:00,769895_1780757100_H30,769880,GRU,0.8332222700119019,3,,,True
validation,769895,2026-06-06T07:45:00-07:00,769895_1780757100_H30,770116,GRU,0.8625722527503967,4,,,True
validation,769895,2026-06-06T07:45:00-07:00,769895_1780757100_H30,769866,GRU,0.8644824028015137,5,,,True
validation,769895,2026-06-12T23:30:00-07:00,769895_1781332200_H30,769847,GRU,0.5767266750335693,1,,,True
validation,769895,2026-06-12T23:30:00-07:00,769895_1781332200_H30,769866,GRU,0.6631101369857788,2,,,True
validation,769895,2026-06-12T23:30:00-07:00,769895_1781332200_H30,769880,GRU,0.6810950040817261,3,,,True
validation,769895,2026-06-12T23:30:00-07:00,769895_1781332200_H30,770385,GRU,0.6957045793533325,4,,,True
validation,769895,2026-06-12T23:30:00-07:00,769895_1781332200_H30,770116,GRU,0.9855314493179321,5,,,True
validation,769895,2026-06-12T23:35:00-07:00,769895_1781332500_H30,769847,GRU,0.5649948120117188,1,,,True
validation,769895,2026-06-12T23:35:00-07:00,769895_1781332500_H30,769866,GRU,0.6817110180854797,2,,,True
validation,769895,2026-06-12T23:35:00-07:00,769895_1781332500_H30,770385,GRU,0.6898311376571655,3,,,True
validation,769895,2026-06-12T23:35:00-07:00,769895_1781332500_H30,769880,GRU,0.7235329151153564,4,,,True
validation,769895,2026-06-12T23:35:00-07:00,769895_1781332500_H30,770116,GRU,0.9915561676025391,5,,,True
validation,769895,2026-06-12T23:40:00-07:00,769895_1781332800_H30,769847,GRU,0.5682079792022705,1,,,True
validation,769895,2026-06-12T23:40:00-07:00,769895_1781332800_H30,769866,GRU,0.6641276478767395,2,,,True
validation,769895,2026-06-12T23:40:00-07:00,769895_1781332800_H30,769880,GRU,0.6796215772628784,3,,,True
validation,769895,2026-06-12T23:40:00-07:00,769895_1781332800_H30,770385,GRU,0.6928195953369141,4,,,True
validation,769895,2026-06-12T23:40:00-07:00,769895_1781332800_H30,770116,GRU,0.9890917539596558,5,,,True
validation,769895,2026-06-12T23:45:00-07:00,769895_1781333100_H30,769847,GRU,0.5484185218811035,1,,,True
validation,769895,2026-06-12T23:45:00-07:00,769895_1781333100_H30,769866,GRU,0.6800824403762817,2,,,True
validation,769895,2026-06-12T23:45:00-07:00,769895_1781333100_H30,769880,GRU,0.7730346322059631,3,,,True
validation,769895,2026-06-12T23:45:00-07:00,769895_1781333100_H30,770385,GRU,0.7993820309638977,4,,,True
validation,769895,2026-06-12T23:45:00-07:00,769895_1781333100_H30,770116,GRU,0.9727702140808105,5,,,True
validation,769895,2026-06-12T23:50:00-07:00,769895_1781333400_H30,769847,GRU,0.587002694606781,1,,,True
validation,769895,2026-06-12T23:50:00-07:00,769895_1781333400_H30,769866,GRU,0.7473528981208801,2,,,True
validation,769895,2026-06-12T23:50:00-07:00,769895_1781333400_H30,770385,GRU,0.8065776228904724,3,,,True
validation,769895,2026-06-12T23:50:00-07:00,769895_1781333400_H30,769880,GRU,0.8810136914253235,4,,,True
validation,769895,2026-06-12T23:50:00-07:00,769895_1781333400_H30,770116,GRU,0.9795373678207397,5,,,True
validation,769895,2026-06-12T23:55:00-07:00,769895_1781333700_H30,769847,GRU,0.5840400457382202,1,,,True
validation,769895,2026-06-12T23:55:00-07:00,769895_1781333700_H30,769866,GRU,0.738183856010437,2,,,True
validation,769895,2026-06-12T23:55:00-07:00,769895_1781333700_H30,769880,GRU,0.8127222061157227,3,,,True
validation,769895,2026-06-12T23:55:00-07:00,769895_1781333700_H30,770385,GRU,0.8409111499786377,4,,,True
validation,769895,2026-06-12T23:55:00-07:00,769895_1781333700_H30,770116,GRU,0.9834772348403931,5,,,True
validation,769895,2026-06-17T11:15:00-07:00,769895_1781720100_H30,769847,GRU,1.1158912181854248,1,,,True
validation,769895,2026-06-17T11:15:00-07:00,769895_1781720100_H30,770116,GRU,1.130021333694458,2,,,True
validation,769895,2026-06-17T11:15:00-07:00,769895_1781720100_H30,769866,GRU,1.1530815362930298,3,,,True
validation,769895,2026-06-17T11:15:00-07:00,769895_1781720100_H30,770385,GRU,1.1698553562164307,4,,,True
validation,769895,2026-06-17T11:15:00-07:00,769895_1781720100_H30,769880,GRU,1.1995114088058472,5,,,True
validation,769965,2026-06-03T17:30:00-07:00,769965_1780533000_H30,770141,GRU,1.224962830543518,1,,,True
validation,769965,2026-06-03T17:30:00-07:00,769965_1780533000_H30,770129,GRU,1.3040860891342163,2,,,True
validation,769965,2026-06-03T17:30:00-07:00,769965_1780533000_H30,769911,GRU,1.7106965780258179,3,,,True
validation,769965,2026-06-03T17:30:00-07:00,769965_1780533000_H30,769867,GRU,1.8739067316055298,4,,,True
validation,769965,2026-06-03T17:30:00-07:00,769965_1780533000_H30,769926,GRU,2.0240492820739746,5,,,True
validation,769965,2026-06-03T17:35:00-07:00,769965_1780533300_H30,770141,GRU,1.2538315057754517,1,,,True
validation,769965,2026-06-03T17:35:00-07:00,769965_1780533300_H30,770129,GRU,1.3237558603286743,2,,,True
validation,769965,2026-06-03T17:35:00-07:00,769965_1780533300_H30,769911,GRU,1.71060049533844,3,,,True
validation,769965,2026-06-03T17:35:00-07:00,769965_1780533300_H30,769867,GRU,1.8393030166625977,4,,,True
validation,769965,2026-06-03T17:35:00-07:00,769965_1780533300_H30,769926,GRU,1.9955722093582153,5,,,True
validation,769965,2026-06-03T17:40:00-07:00,769965_1780533600_H30,770141,GRU,1.259280800819397,1,,,True
validation,769965,2026-06-03T17:40:00-07:00,769965_1780533600_H30,770129,GRU,1.310846209526062,2,,,True
validation,769965,2026-06-03T17:40:00-07:00,769965_1780533600_H30,769911,GRU,1.7201985120773315,3,,,True
validation,769965,2026-06-03T17:40:00-07:00,769965_1780533600_H30,769867,GRU,1.8390765190124512,4,,,True
validation,769965,2026-06-03T17:40:00-07:00,769965_1780533600_H30,769926,GRU,1.97711980342865,5,,,True
validation,769965,2026-06-03T17:45:00-07:00,769965_1780533900_H30,770141,GRU,1.242126703262329,1,,,True
validation,769965,2026-06-03T17:45:00-07:00,769965_1780533900_H30,770129,GRU,1.3120207786560059,2,,,True
validation,769965,2026-06-03T17:45:00-07:00,769965_1780533900_H30,769911,GRU,1.660420298576355,3,,,True
validation,769965,2026-06-03T17:45:00-07:00,769965_1780533900_H30,769867,GRU,1.815012812614441,4,,,True
validation,769965,2026-06-03T17:45:00-07:00,769965_1780533900_H30,769926,GRU,1.9771744012832642,5,,,True
validation,769965,2026-06-03T17:50:00-07:00,769965_1780534200_H30,770141,GRU,1.2326551675796509,1,,,True
validation,769965,2026-06-03T17:50:00-07:00,769965_1780534200_H30,770129,GRU,1.3038371801376343,2,,,True
validation,769965,2026-06-03T17:50:00-07:00,769965_1780534200_H30,769911,GRU,1.7154382467269897,3,,,True
validation,769965,2026-06-03T17:50:00-07:00,769965_1780534200_H30,769867,GRU,1.8546863794326782,4,,,True
validation,769965,2026-06-03T17:50:00-07:00,769965_1780534200_H30,769926,GRU,1.8972212076187134,5,,,True
validation,769965,2026-06-03T17:55:00-07:00,769965_1780534500_H30,770141,GRU,1.2680145502090454,1,,,True
validation,769965,2026-06-03T17:55:00-07:00,769965_1780534500_H30,770129,GRU,1.326383352279663,2,,,True
validation,769965,2026-06-03T17:55:00-07:00,769965_1780534500_H30,769911,GRU,1.6674129962921143,3,,,True
validation,769965,2026-06-03T17:55:00-07:00,769965_1780534500_H30,769867,GRU,1.8465582132339478,4,,,True
validation,769965,2026-06-03T17:55:00-07:00,769965_1780534500_H30,769926,GRU,1.9302048683166504,5,,,True
validation,769965,2026-06-04T23:30:00-07:00,769965_1780641000_H30,769926,GRU,0.6641647219657898,1,,,True
validation,769965,2026-06-04T23:30:00-07:00,769965_1780641000_H30,769867,GRU,0.7402477860450745,2,,,True
validation,769965,2026-06-04T23:30:00-07:00,769965_1780641000_H30,770129,GRU,0.8645663857460022,3,,,True
validation,769965,2026-06-04T23:30:00-07:00,769965_1780641000_H30,769911,GRU,0.8868756890296936,4,,,True
validation,769965,2026-06-04T23:30:00-07:00,769965_1780641000_H30,770141,GRU,0.9903315305709839,5,,,True
validation,769965,2026-06-04T23:35:00-07:00,769965_1780641300_H30,769867,GRU,0.7005293369293213,1,,,True
validation,769965,2026-06-04T23:35:00-07:00,769965_1780641300_H30,769926,GRU,0.7426655888557434,2,,,True
validation,769965,2026-06-04T23:35:00-07:00,769965_1780641300_H30,769911,GRU,0.7851407527923584,3,,,True
validation,769965,2026-06-04T23:35:00-07:00,769965_1780641300_H30,770129,GRU,0.8775984048843384,4,,,True
validation,769965,2026-06-04T23:35:00-07:00,769965_1780641300_H30,770141,GRU,0.9645451307296753,5,,,True
validation,769965,2026-06-04T23:40:00-07:00,769965_1780641600_H30,769926,GRU,0.6777957081794739,1,,,True
validation,769965,2026-06-04T23:40:00-07:00,769965_1780641600_H30,769867,GRU,0.6796296238899231,2,,,True
validation,769965,2026-06-04T23:40:00-07:00,769965_1780641600_H30,770129,GRU,0.7600047588348389,3,,,True
validation,769965,2026-06-04T23:40:00-07:00,769965_1780641600_H30,769911,GRU,0.7727721929550171,4,,,True
validation,769965,2026-06-04T23:40:00-07:00,769965_1780641600_H30,770141,GRU,0.9591618776321411,5,,,True
validation,769965,2026-06-04T23:45:00-07:00,769965_1780641900_H30,769926,GRU,0.6426180601119995,1,,,True
validation,769965,2026-06-04T23:45:00-07:00,769965_1780641900_H30,769867,GRU,0.7148150205612183,2,,,True
validation,769965,2026-06-04T23:45:00-07:00,769965_1780641900_H30,769911,GRU,0.7400507926940918,3,,,True
validation,769965,2026-06-04T23:45:00-07:00,769965_1780641900_H30,770129,GRU,0.784314751625061,4,,,True
validation,769965,2026-06-04T23:45:00-07:00,769965_1780641900_H30,770141,GRU,0.9388077259063721,5,,,True
validation,769965,2026-06-04T23:50:00-07:00,769965_1780642200_H30,769926,GRU,0.7151569128036499,1,,,True
validation,769965,2026-06-04T23:50:00-07:00,769965_1780642200_H30,769867,GRU,0.7255953550338745,2,,,True
validation,769965,2026-06-04T23:50:00-07:00,769965_1780642200_H30,770129,GRU,0.8221055269241333,3,,,True
validation,769965,2026-06-04T23:50:00-07:00,769965_1780642200_H30,769911,GRU,0.8860090970993042,4,,,True
validation,769965,2026-06-04T23:50:00-07:00,769965_1780642200_H30,770141,GRU,0.9699609279632568,5,,,True
validation,769965,2026-06-04T23:55:00-07:00,769965_1780642500_H30,769926,GRU,0.5884239673614502,1,,,True
validation,769965,2026-06-04T23:55:00-07:00,769965_1780642500_H30,769867,GRU,0.6899241209030151,2,,,True
validation,769965,2026-06-04T23:55:00-07:00,769965_1780642500_H30,769911,GRU,0.7213351130485535,3,,,True
validation,769965,2026-06-04T23:55:00-07:00,769965_1780642500_H30,770129,GRU,0.7738727331161499,4,,,True
validation,769965,2026-06-04T23:55:00-07:00,769965_1780642500_H30,770141,GRU,0.961951732635498,5,,,True
validation,769965,2026-06-06T07:20:00-07:00,769965_1780755600_H30,769926,GRU,0.6708605289459229,1,,,True
validation,769965,2026-06-06T07:20:00-07:00,769965_1780755600_H30,769867,GRU,0.6760140657424927,2,,,True
validation,769965,2026-06-06T07:20:00-07:00,769965_1780755600_H30,770129,GRU,0.7937135696411133,3,,,True
validation,769965,2026-06-06T07:20:00-07:00,769965_1780755600_H30,769911,GRU,0.8374441862106323,4,,,True
validation,769965,2026-06-06T07:20:00-07:00,769965_1780755600_H30,770141,GRU,0.966795802116394,5,,,True
validation,769965,2026-06-06T07:25:00-07:00,769965_1780755900_H30,769926,GRU,0.6591000556945801,1,,,True
validation,769965,2026-06-06T07:25:00-07:00,769965_1780755900_H30,769867,GRU,0.7320159673690796,2,,,True
validation,769965,2026-06-06T07:25:00-07:00,769965_1780755900_H30,770129,GRU,0.8495200872421265,3,,,True
validation,769965,2026-06-06T07:25:00-07:00,769965_1780755900_H30,769911,GRU,0.8817161917686462,4,,,True
validation,769965,2026-06-06T07:25:00-07:00,769965_1780755900_H30,770141,GRU,0.972287654876709,5,,,True
validation,769965,2026-06-06T07:30:00-07:00,769965_1780756200_H30,769926,GRU,0.8027706146240234,1,,,True
validation,769965,2026-06-06T07:30:00-07:00,769965_1780756200_H30,769867,GRU,0.8040592074394226,2,,,True
validation,769965,2026-06-06T07:30:00-07:00,769965_1780756200_H30,770129,GRU,0.8469016551971436,3,,,True
validation,769965,2026-06-06T07:30:00-07:00,769965_1780756200_H30,769911,GRU,0.9263418912887573,4,,,True
validation,769965,2026-06-06T07:30:00-07:00,769965_1780756200_H30,770141,GRU,0.9446887969970703,5,,,True
validation,769965,2026-06-06T07:35:00-07:00,769965_1780756500_H30,769926,GRU,0.6843159198760986,1,,,True
validation,769965,2026-06-06T07:35:00-07:00,769965_1780756500_H30,769867,GRU,0.7952620387077332,2,,,True
validation,769965,2026-06-06T07:35:00-07:00,769965_1780756500_H30,769911,GRU,0.8714098930358887,3,,,True
validation,769965,2026-06-06T07:35:00-07:00,769965_1780756500_H30,770129,GRU,0.9529151916503906,4,,,True
validation,769965,2026-06-06T07:35:00-07:00,769965_1780756500_H30,770141,GRU,1.00719153881073,5,,,True
validation,769965,2026-06-06T07:40:00-07:00,769965_1780756800_H30,769926,GRU,0.7198012471199036,1,,,True
validation,769965,2026-06-06T07:40:00-07:00,769965_1780756800_H30,769867,GRU,0.7520383596420288,2,,,True
validation,769965,2026-06-06T07:40:00-07:00,769965_1780756800_H30,769911,GRU,0.8376730680465698,3,,,True
validation,769965,2026-06-06T07:40:00-07:00,769965_1780756800_H30,770129,GRU,0.865095853805542,4,,,True
validation,769965,2026-06-06T07:40:00-07:00,769965_1780756800_H30,770141,GRU,0.9323564767837524,5,,,True
validation,769965,2026-06-06T07:45:00-07:00,769965_1780757100_H30,769926,GRU,0.7048125267028809,1,,,True
validation,769965,2026-06-06T07:45:00-07:00,769965_1780757100_H30,769867,GRU,0.7444456815719604,2,,,True
validation,769965,2026-06-06T07:45:00-07:00,769965_1780757100_H30,770129,GRU,0.7959193587303162,3,,,True
validation,769965,2026-06-06T07:45:00-07:00,769965_1780757100_H30,769911,GRU,0.8700777888298035,4,,,True
validation,769965,2026-06-06T07:45:00-07:00,769965_1780757100_H30,770141,GRU,0.9233274459838867,5,,,True
validation,769965,2026-06-12T23:30:00-07:00,769965_1781332200_H30,769926,GRU,0.6436428427696228,1,,,True
validation,769965,2026-06-12T23:30:00-07:00,769965_1781332200_H30,769867,GRU,0.6671507954597473,2,,,True
validation,769965,2026-06-12T23:30:00-07:00,769965_1781332200_H30,770129,GRU,0.7103077173233032,3,,,True
validation,769965,2026-06-12T23:30:00-07:00,769965_1781332200_H30,769911,GRU,0.7104591131210327,4,,,True
validation,769965,2026-06-12T23:30:00-07:00,769965_1781332200_H30,770141,GRU,0.930736243724823,5,,,True
validation,769965,2026-06-12T23:35:00-07:00,769965_1781332500_H30,769867,GRU,0.6635436415672302,1,,,True
validation,769965,2026-06-12T23:35:00-07:00,769965_1781332500_H30,770129,GRU,0.6901311874389648,2,,,True
validation,769965,2026-06-12T23:35:00-07:00,769965_1781332500_H30,769926,GRU,0.7248779535293579,3,,,True
validation,769965,2026-06-12T23:35:00-07:00,769965_1781332500_H30,769911,GRU,0.7389568090438843,4,,,True
validation,769965,2026-06-12T23:35:00-07:00,769965_1781332500_H30,770141,GRU,0.9032121300697327,5,,,True
validation,769965,2026-06-12T23:40:00-07:00,769965_1781332800_H30,769926,GRU,0.6424564123153687,1,,,True
validation,769965,2026-06-12T23:40:00-07:00,769965_1781332800_H30,769867,GRU,0.6487613916397095,2,,,True
validation,769965,2026-06-12T23:40:00-07:00,769965_1781332800_H30,770129,GRU,0.7001463174819946,3,,,True
validation,769965,2026-06-12T23:40:00-07:00,769965_1781332800_H30,769911,GRU,0.7185596227645874,4,,,True
validation,769965,2026-06-12T23:40:00-07:00,769965_1781332800_H30,770141,GRU,0.9051746726036072,5,,,True
validation,769965,2026-06-12T23:45:00-07:00,769965_1781333100_H30,769867,GRU,0.6256473064422607,1,,,True
validation,769965,2026-06-12T23:45:00-07:00,769965_1781333100_H30,769926,GRU,0.6547072529792786,2,,,True
validation,769965,2026-06-12T23:45:00-07:00,769965_1781333100_H30,769911,GRU,0.7104424238204956,3,,,True
validation,769965,2026-06-12T23:45:00-07:00,769965_1781333100_H30,770129,GRU,0.7596097588539124,4,,,True
validation,769965,2026-06-12T23:45:00-07:00,769965_1781333100_H30,770141,GRU,0.9386065006256104,5,,,True
validation,769965,2026-06-12T23:50:00-07:00,769965_1781333400_H30,769926,GRU,0.6412224769592285,1,,,True
validation,769965,2026-06-12T23:50:00-07:00,769965_1781333400_H30,769867,GRU,0.6621729135513306,2,,,True
validation,769965,2026-06-12T23:50:00-07:00,769965_1781333400_H30,769911,GRU,0.7553915977478027,3,,,True
validation,769965,2026-06-12T23:50:00-07:00,769965_1781333400_H30,770129,GRU,0.7855710983276367,4,,,True
validation,769965,2026-06-12T23:50:00-07:00,769965_1781333400_H30,770141,GRU,0.9496577978134155,5,,,True
validation,769965,2026-06-12T23:55:00-07:00,769965_1781333700_H30,769867,GRU,0.6260601282119751,1,,,True
validation,769965,2026-06-12T23:55:00-07:00,769965_1781333700_H30,769926,GRU,0.7057623863220215,2,,,True
validation,769965,2026-06-12T23:55:00-07:00,769965_1781333700_H30,769911,GRU,0.7460060715675354,3,,,True
validation,769965,2026-06-12T23:55:00-07:00,769965_1781333700_H30,770129,GRU,0.8004732131958008,4,,,True
validation,769965,2026-06-12T23:55:00-07:00,769965_1781333700_H30,770141,GRU,0.9681110382080078,5,,,True
validation,769965,2026-06-17T11:15:00-07:00,769965_1781720100_H30,769926,GRU,1.0357928276062012,1,,,True
validation,769965,2026-06-17T11:15:00-07:00,769965_1781720100_H30,770141,GRU,1.1525903940200806,2,,,True
validation,769965,2026-06-17T11:15:00-07:00,769965_1781720100_H30,769867,GRU,1.1848143339157104,3,,,True
validation,769965,2026-06-17T11:15:00-07:00,769965_1781720100_H30,770129,GRU,1.2134820222854614,4,,,True
validation,769965,2026-06-17T11:15:00-07:00,769965_1781720100_H30,769911,GRU,1.2578827142715454,5,,,True
validation,775511,2026-06-06T23:30:00-07:00,775511_1780813800_H30,764311,GRU,0.6342366933822632,1,,,True
validation,775511,2026-06-06T23:30:00-07:00,775511_1780813800_H30,764297,GRU,0.6713096499443054,2,,,True
validation,775511,2026-06-06T23:30:00-07:00,775511_1780813800_H30,764322,GRU,0.6993979215621948,3,,,True
validation,775511,2026-06-06T23:30:00-07:00,775511_1780813800_H30,764290,GRU,0.8394217491149902,4,,,True
validation,775511,2026-06-06T23:30:00-07:00,775511_1780813800_H30,764283,GRU,0.8596382141113281,5,,,True
validation,775511,2026-06-06T23:35:00-07:00,775511_1780814100_H30,764322,GRU,0.6369184851646423,1,,,True
validation,775511,2026-06-06T23:35:00-07:00,775511_1780814100_H30,764311,GRU,0.6458522081375122,2,,,True
validation,775511,2026-06-06T23:35:00-07:00,775511_1780814100_H30,764297,GRU,0.683218240737915,3,,,True
validation,775511,2026-06-06T23:35:00-07:00,775511_1780814100_H30,764290,GRU,0.8395016193389893,4,,,True
validation,775511,2026-06-06T23:35:00-07:00,775511_1780814100_H30,764283,GRU,0.8597180247306824,5,,,True
validation,775511,2026-06-06T23:40:00-07:00,775511_1780814400_H30,764311,GRU,0.6521349549293518,1,,,True
validation,775511,2026-06-06T23:40:00-07:00,775511_1780814400_H30,764297,GRU,0.6793698072433472,2,,,True
validation,775511,2026-06-06T23:40:00-07:00,775511_1780814400_H30,764322,GRU,0.6820622682571411,3,,,True
validation,775511,2026-06-06T23:40:00-07:00,775511_1780814400_H30,764290,GRU,0.8292785882949829,4,,,True
validation,775511,2026-06-06T23:40:00-07:00,775511_1780814400_H30,764283,GRU,0.8494951128959656,5,,,True
validation,775511,2026-06-06T23:45:00-07:00,775511_1780814700_H30,764311,GRU,0.6482140421867371,1,,,True
validation,775511,2026-06-06T23:45:00-07:00,775511_1780814700_H30,764297,GRU,0.6970058679580688,2,,,True
validation,775511,2026-06-06T23:45:00-07:00,775511_1780814700_H30,764322,GRU,0.7284622192382812,3,,,True
validation,775511,2026-06-06T23:45:00-07:00,775511_1780814700_H30,764290,GRU,0.8226031064987183,4,,,True
validation,775511,2026-06-06T23:45:00-07:00,775511_1780814700_H30,764283,GRU,0.8428196310997009,5,,,True
validation,775511,2026-06-06T23:50:00-07:00,775511_1780815000_H30,764311,GRU,0.6125465035438538,1,,,True
validation,775511,2026-06-06T23:50:00-07:00,775511_1780815000_H30,764322,GRU,0.6725096702575684,2,,,True
validation,775511,2026-06-06T23:50:00-07:00,775511_1780815000_H30,764297,GRU,0.6816175580024719,3,,,True
validation,775511,2026-06-06T23:50:00-07:00,775511_1780815000_H30,764290,GRU,0.8149208426475525,4,,,True
validation,775511,2026-06-06T23:50:00-07:00,775511_1780815000_H30,764283,GRU,0.8351373076438904,5,,,True
validation,775511,2026-06-06T23:55:00-07:00,775511_1780815300_H30,764322,GRU,0.5695926547050476,1,,,True
validation,775511,2026-06-06T23:55:00-07:00,775511_1780815300_H30,764311,GRU,0.6041421890258789,2,,,True
validation,775511,2026-06-06T23:55:00-07:00,775511_1780815300_H30,764297,GRU,0.6793825626373291,3,,,True
validation,775511,2026-06-06T23:55:00-07:00,775511_1780815300_H30,764290,GRU,0.8074564933776855,4,,,True
validation,775511,2026-06-06T23:55:00-07:00,775511_1780815300_H30,764283,GRU,0.8276730179786682,5,,,True
validation,775511,2026-06-08T23:30:00-07:00,775511_1780986600_H30,764311,GRU,0.6945765018463135,1,,,True
validation,775511,2026-06-08T23:30:00-07:00,775511_1780986600_H30,764297,GRU,0.82353675365448,2,,,True
validation,775511,2026-06-08T23:30:00-07:00,775511_1780986600_H30,764322,GRU,0.8561517596244812,3,,,True
validation,775511,2026-06-08T23:30:00-07:00,775511_1780986600_H30,764290,GRU,0.8914964199066162,4,,,True
validation,775511,2026-06-08T23:30:00-07:00,775511_1780986600_H30,764283,GRU,0.9099928140640259,5,,,True
validation,775511,2026-06-08T23:35:00-07:00,775511_1780986900_H30,764311,GRU,0.713472306728363,1,,,True
validation,775511,2026-06-08T23:35:00-07:00,775511_1780986900_H30,764297,GRU,0.7502120733261108,2,,,True
validation,775511,2026-06-08T23:35:00-07:00,775511_1780986900_H30,764322,GRU,0.8634154796600342,3,,,True
validation,775511,2026-06-08T23:35:00-07:00,775511_1780986900_H30,764290,GRU,0.8882935047149658,4,,,True
validation,775511,2026-06-08T23:35:00-07:00,775511_1780986900_H30,764283,GRU,0.9067767262458801,5,,,True
validation,775511,2026-06-08T23:40:00-07:00,775511_1780987200_H30,764311,GRU,0.6518592834472656,1,,,True
validation,775511,2026-06-08T23:40:00-07:00,775511_1780987200_H30,764297,GRU,0.7147144079208374,2,,,True
validation,775511,2026-06-08T23:40:00-07:00,775511_1780987200_H30,764290,GRU,0.889664351940155,3,,,True
validation,775511,2026-06-08T23:40:00-07:00,775511_1780987200_H30,764283,GRU,0.9086414575576782,4,,,True
validation,775511,2026-06-08T23:40:00-07:00,775511_1780987200_H30,764322,GRU,1.0127708911895752,5,,,True
validation,775511,2026-06-08T23:45:00-07:00,775511_1780987500_H30,764311,GRU,0.6200647950172424,1,,,True
validation,775511,2026-06-08T23:45:00-07:00,775511_1780987500_H30,764297,GRU,0.7889633774757385,2,,,True
validation,775511,2026-06-08T23:45:00-07:00,775511_1780987500_H30,764290,GRU,0.8745401501655579,3,,,True
validation,775511,2026-06-08T23:45:00-07:00,775511_1780987500_H30,764283,GRU,0.8948603868484497,4,,,True
validation,775511,2026-06-08T23:45:00-07:00,775511_1780987500_H30,764322,GRU,0.8980627655982971,5,,,True
validation,775511,2026-06-08T23:50:00-07:00,775511_1780987800_H30,764311,GRU,0.6064780354499817,1,,,True
validation,775511,2026-06-08T23:50:00-07:00,775511_1780987800_H30,764297,GRU,0.8444411754608154,2,,,True
validation,775511,2026-06-08T23:50:00-07:00,775511_1780987800_H30,764322,GRU,0.865123987197876,3,,,True
validation,775511,2026-06-08T23:50:00-07:00,775511_1780987800_H30,764290,GRU,0.8681742548942566,4,,,True
validation,775511,2026-06-08T23:50:00-07:00,775511_1780987800_H30,764283,GRU,0.8889071941375732,5,,,True
validation,775511,2026-06-08T23:55:00-07:00,775511_1780988100_H30,764311,GRU,0.6118860244750977,1,,,True
validation,775511,2026-06-08T23:55:00-07:00,775511_1780988100_H30,764297,GRU,0.8157703876495361,2,,,True
validation,775511,2026-06-08T23:55:00-07:00,775511_1780988100_H30,764322,GRU,0.8682306408882141,3,,,True
validation,775511,2026-06-08T23:55:00-07:00,775511_1780988100_H30,764290,GRU,0.8712259531021118,4,,,True
validation,775511,2026-06-08T23:55:00-07:00,775511_1780988100_H30,764283,GRU,0.894485354423523,5,,,True
validation,775511,2026-06-10T23:30:00-07:00,775511_1781159400_H30,764311,GRU,0.6675606369972229,1,,,True
validation,775511,2026-06-10T23:30:00-07:00,775511_1781159400_H30,764297,GRU,0.7908374071121216,2,,,True
validation,775511,2026-06-10T23:30:00-07:00,775511_1781159400_H30,764290,GRU,0.9138638973236084,3,,,True
validation,775511,2026-06-10T23:30:00-07:00,775511_1781159400_H30,764322,GRU,0.9205657243728638,4,,,True
validation,775511,2026-06-10T23:30:00-07:00,775511_1781159400_H30,764283,GRU,0.9276165962219238,5,,,True
validation,775511,2026-06-10T23:35:00-07:00,775511_1781159700_H30,764311,GRU,0.6429130434989929,1,,,True
validation,775511,2026-06-10T23:35:00-07:00,775511_1781159700_H30,764297,GRU,0.7506821751594543,2,,,True
validation,775511,2026-06-10T23:35:00-07:00,775511_1781159700_H30,764322,GRU,0.9048322439193726,3,,,True
validation,775511,2026-06-10T23:35:00-07:00,775511_1781159700_H30,764290,GRU,0.9072607159614563,4,,,True
validation,775511,2026-06-10T23:35:00-07:00,775511_1781159700_H30,764283,GRU,0.9210134148597717,5,,,True
validation,775511,2026-06-10T23:40:00-07:00,775511_1781160000_H30,764311,GRU,0.6316870450973511,1,,,True
validation,775511,2026-06-10T23:40:00-07:00,775511_1781160000_H30,764297,GRU,0.7198917865753174,2,,,True
validation,775511,2026-06-10T23:40:00-07:00,775511_1781160000_H30,764322,GRU,0.8593793511390686,3,,,True
validation,775511,2026-06-10T23:40:00-07:00,775511_1781160000_H30,764290,GRU,0.9017271995544434,4,,,True
validation,775511,2026-06-10T23:40:00-07:00,775511_1781160000_H30,764283,GRU,0.9154798984527588,5,,,True
validation,775511,2026-06-10T23:45:00-07:00,775511_1781160300_H30,764311,GRU,0.6242522597312927,1,,,True
validation,775511,2026-06-10T23:45:00-07:00,775511_1781160300_H30,764297,GRU,0.745740532875061,2,,,True
validation,775511,2026-06-10T23:45:00-07:00,775511_1781160300_H30,764322,GRU,0.8086691498756409,3,,,True
validation,775511,2026-06-10T23:45:00-07:00,775511_1781160300_H30,764290,GRU,0.8969813585281372,4,,,True
validation,775511,2026-06-10T23:45:00-07:00,775511_1781160300_H30,764283,GRU,0.9107341170310974,5,,,True
validation,775511,2026-06-10T23:50:00-07:00,775511_1781160600_H30,764311,GRU,0.61006760597229,1,,,True
validation,775511,2026-06-10T23:50:00-07:00,775511_1781160600_H30,764297,GRU,0.7619056105613708,2,,,True
validation,775511,2026-06-10T23:50:00-07:00,775511_1781160600_H30,764322,GRU,0.8140736818313599,3,,,True
validation,775511,2026-06-10T23:50:00-07:00,775511_1781160600_H30,764290,GRU,0.8946150541305542,4,,,True
validation,775511,2026-06-10T23:50:00-07:00,775511_1781160600_H30,764283,GRU,0.9083677530288696,5,,,True
validation,775511,2026-06-10T23:55:00-07:00,775511_1781160900_H30,764311,GRU,0.6033856868743896,1,,,True
validation,775511,2026-06-10T23:55:00-07:00,775511_1781160900_H30,764297,GRU,0.7760002613067627,2,,,True
validation,775511,2026-06-10T23:55:00-07:00,775511_1781160900_H30,764322,GRU,0.8369743824005127,3,,,True
validation,775511,2026-06-10T23:55:00-07:00,775511_1781160900_H30,764290,GRU,0.8836638927459717,4,,,True
validation,775511,2026-06-10T23:55:00-07:00,775511_1781160900_H30,764283,GRU,0.8974165916442871,5,,,True
validation,775511,2026-06-23T23:30:00-07:00,775511_1782282600_H30,764311,GRU,0.6076051592826843,1,,,True
validation,775511,2026-06-23T23:30:00-07:00,775511_1782282600_H30,764322,GRU,0.803828775882721,2,,,True
validation,775511,2026-06-23T23:30:00-07:00,775511_1782282600_H30,764297,GRU,0.8252673745155334,3,,,True
validation,775511,2026-06-23T23:30:00-07:00,775511_1782282600_H30,764290,GRU,0.9102907180786133,4,,,True
validation,775511,2026-06-23T23:30:00-07:00,775511_1782282600_H30,764283,GRU,0.9293135404586792,5,,,True
validation,775511,2026-06-23T23:35:00-07:00,775511_1782282900_H30,764311,GRU,0.6294862627983093,1,,,True
validation,775511,2026-06-23T23:35:00-07:00,775511_1782282900_H30,764322,GRU,0.7633346319198608,2,,,True
validation,775511,2026-06-23T23:35:00-07:00,775511_1782282900_H30,764297,GRU,0.8222729563713074,3,,,True
validation,775511,2026-06-23T23:35:00-07:00,775511_1782282900_H30,764290,GRU,0.9012783765792847,4,,,True
validation,775511,2026-06-23T23:35:00-07:00,775511_1782282900_H30,764283,GRU,0.9208250641822815,5,,,True
validation,775511,2026-06-23T23:40:00-07:00,775511_1782283200_H30,764311,GRU,0.6440152525901794,1,,,True
validation,775511,2026-06-23T23:40:00-07:00,775511_1782283200_H30,764322,GRU,0.7615628838539124,2,,,True
validation,775511,2026-06-23T23:40:00-07:00,775511_1782283200_H30,764297,GRU,0.7967449426651001,3,,,True
validation,775511,2026-06-23T23:40:00-07:00,775511_1782283200_H30,764290,GRU,0.8914597034454346,4,,,True
validation,775511,2026-06-23T23:40:00-07:00,775511_1782283200_H30,764283,GRU,0.9119279980659485,5,,,True
validation,775511,2026-06-23T23:45:00-07:00,775511_1782283500_H30,764311,GRU,0.6406168937683105,1,,,True
validation,775511,2026-06-23T23:45:00-07:00,775511_1782283500_H30,764322,GRU,0.7830860614776611,2,,,True
validation,775511,2026-06-23T23:45:00-07:00,775511_1782283500_H30,764297,GRU,0.8069813251495361,3,,,True
validation,775511,2026-06-23T23:45:00-07:00,775511_1782283500_H30,764290,GRU,0.8880529999732971,4,,,True
validation,775511,2026-06-23T23:45:00-07:00,775511_1782283500_H30,764283,GRU,0.9092746376991272,5,,,True
validation,775511,2026-06-23T23:50:00-07:00,775511_1782283800_H30,764311,GRU,0.6677635908126831,1,,,True
validation,775511,2026-06-23T23:50:00-07:00,775511_1782283800_H30,764297,GRU,0.7587598562240601,2,,,True
validation,775511,2026-06-23T23:50:00-07:00,775511_1782283800_H30,764322,GRU,0.7960676550865173,3,,,True
validation,775511,2026-06-23T23:50:00-07:00,775511_1782283800_H30,764290,GRU,0.8802307844161987,4,,,True
validation,775511,2026-06-23T23:50:00-07:00,775511_1782283800_H30,764283,GRU,0.9030023813247681,5,,,True
validation,775511,2026-06-23T23:55:00-07:00,775511_1782284100_H30,764311,GRU,0.6269007325172424,1,,,True
validation,775511,2026-06-23T23:55:00-07:00,775511_1782284100_H30,764297,GRU,0.7957272529602051,2,,,True
validation,775511,2026-06-23T23:55:00-07:00,775511_1782284100_H30,764322,GRU,0.8073318600654602,3,,,True
validation,775511,2026-06-23T23:55:00-07:00,775511_1782284100_H30,764290,GRU,0.8722960352897644,4,,,True
validation,775511,2026-06-23T23:55:00-07:00,775511_1782284100_H30,764283,GRU,0.896295964717865,5,,,True
validation,775511,2026-06-26T23:30:00-07:00,775511_1782541800_H30,764311,GRU,0.5578917264938354,1,,,True
validation,775511,2026-06-26T23:30:00-07:00,775511_1782541800_H30,764297,GRU,0.7138929963111877,2,,,True
validation,775511,2026-06-26T23:30:00-07:00,775511_1782541800_H30,764322,GRU,0.7593501806259155,3,,,True
validation,775511,2026-06-26T23:30:00-07:00,775511_1782541800_H30,764290,GRU,0.8477093577384949,4,,,True
validation,775511,2026-06-26T23:30:00-07:00,775511_1782541800_H30,764283,GRU,0.8635141849517822,5,,,True
validation,775511,2026-06-26T23:35:00-07:00,775511_1782542100_H30,764311,GRU,0.5452535152435303,1,,,True
validation,775511,2026-06-26T23:35:00-07:00,775511_1782542100_H30,764297,GRU,0.69058758020401,2,,,True
validation,775511,2026-06-26T23:35:00-07:00,775511_1782542100_H30,764322,GRU,0.813666582107544,3,,,True
validation,775511,2026-06-26T23:35:00-07:00,775511_1782542100_H30,764290,GRU,0.8435447216033936,4,,,True
validation,775511,2026-06-26T23:35:00-07:00,775511_1782542100_H30,764283,GRU,0.8593494892120361,5,,,True
validation,775511,2026-06-26T23:40:00-07:00,775511_1782542400_H30,764311,GRU,0.5696617364883423,1,,,True
validation,775511,2026-06-26T23:40:00-07:00,775511_1782542400_H30,764297,GRU,0.6628865003585815,2,,,True
validation,775511,2026-06-26T23:40:00-07:00,775511_1782542400_H30,764290,GRU,0.8376883268356323,3,,,True
validation,775511,2026-06-26T23:40:00-07:00,775511_1782542400_H30,764322,GRU,0.8447514772415161,4,,,True
validation,775511,2026-06-26T23:40:00-07:00,775511_1782542400_H30,764283,GRU,0.8534930348396301,5,,,True
validation,775511,2026-06-26T23:45:00-07:00,775511_1782542700_H30,764311,GRU,0.5495498180389404,1,,,True
validation,775511,2026-06-26T23:45:00-07:00,775511_1782542700_H30,764297,GRU,0.7041536569595337,2,,,True
validation,775511,2026-06-26T23:45:00-07:00,775511_1782542700_H30,764322,GRU,0.7893283367156982,3,,,True
validation,775511,2026-06-26T23:45:00-07:00,775511_1782542700_H30,764290,GRU,0.8338674306869507,4,,,True
validation,775511,2026-06-26T23:45:00-07:00,775511_1782542700_H30,764283,GRU,0.8496721982955933,5,,,True
validation,775511,2026-06-26T23:50:00-07:00,775511_1782543000_H30,764311,GRU,0.5709129571914673,1,,,True
validation,775511,2026-06-26T23:50:00-07:00,775511_1782543000_H30,764297,GRU,0.7016839385032654,2,,,True
validation,775511,2026-06-26T23:50:00-07:00,775511_1782543000_H30,764322,GRU,0.7681313157081604,3,,,True
validation,775511,2026-06-26T23:50:00-07:00,775511_1782543000_H30,764290,GRU,0.8267694711685181,4,,,True
validation,775511,2026-06-26T23:50:00-07:00,775511_1782543000_H30,764283,GRU,0.8425742387771606,5,,,True
validation,775511,2026-06-26T23:55:00-07:00,775511_1782543300_H30,764311,GRU,0.5496704578399658,1,,,True
validation,775511,2026-06-26T23:55:00-07:00,775511_1782543300_H30,764297,GRU,0.7210227251052856,2,,,True
validation,775511,2026-06-26T23:55:00-07:00,775511_1782543300_H30,764322,GRU,0.7854600548744202,3,,,True
validation,775511,2026-06-26T23:55:00-07:00,775511_1782543300_H30,764290,GRU,0.8249123096466064,4,,,True
validation,775511,2026-06-26T23:55:00-07:00,775511_1782543300_H30,764283,GRU,0.8407169580459595,5,,,True
validation,775536,2026-06-02T23:30:00-07:00,775536_1780468200_H30,759870,GRU,0.871735692024231,1,,,True
validation,775536,2026-06-02T23:30:00-07:00,775536_1780468200_H30,759858,GRU,0.9950283765792847,2,,,True
validation,775536,2026-06-02T23:30:00-07:00,775536_1780468200_H30,718405,GRU,1.0452470779418945,3,,,True
validation,775536,2026-06-02T23:30:00-07:00,775536_1780468200_H30,774344,GRU,1.075890302658081,4,,,True
validation,775536,2026-06-02T23:30:00-07:00,775536_1780468200_H30,768701,GRU,1.0864356756210327,5,,,True
validation,775536,2026-06-02T23:35:00-07:00,775536_1780468500_H30,759870,GRU,0.8744245767593384,1,,,True
validation,775536,2026-06-02T23:35:00-07:00,775536_1780468500_H30,759858,GRU,0.9948056936264038,2,,,True
validation,775536,2026-06-02T23:35:00-07:00,775536_1780468500_H30,718405,GRU,1.0450245141983032,3,,,True
validation,775536,2026-06-02T23:35:00-07:00,775536_1780468500_H30,774344,GRU,1.073957920074463,4,,,True
validation,775536,2026-06-02T23:35:00-07:00,775536_1780468500_H30,768701,GRU,1.0759702920913696,5,,,True
validation,775536,2026-06-02T23:40:00-07:00,775536_1780468800_H30,759870,GRU,0.8646332025527954,1,,,True
validation,775536,2026-06-02T23:40:00-07:00,775536_1780468800_H30,759858,GRU,0.9996258020401001,2,,,True
validation,775536,2026-06-02T23:40:00-07:00,775536_1780468800_H30,718405,GRU,1.04984450340271,3,,,True
validation,775536,2026-06-02T23:40:00-07:00,775536_1780468800_H30,768701,GRU,1.0706543922424316,4,,,True
validation,775536,2026-06-02T23:40:00-07:00,775536_1780468800_H30,774344,GRU,1.0787514448165894,5,,,True
validation,775536,2026-06-02T23:45:00-07:00,775536_1780469100_H30,759870,GRU,0.8598971962928772,1,,,True
validation,775536,2026-06-02T23:45:00-07:00,775536_1780469100_H30,759858,GRU,0.9953774213790894,2,,,True
validation,775536,2026-06-02T23:45:00-07:00,775536_1780469100_H30,718405,GRU,1.0455961227416992,3,,,True
validation,775536,2026-06-02T23:45:00-07:00,775536_1780469100_H30,768701,GRU,1.0607022047042847,4,,,True
validation,775536,2026-06-02T23:45:00-07:00,775536_1780469100_H30,774344,GRU,1.0801464319229126,5,,,True
validation,775536,2026-06-02T23:50:00-07:00,775536_1780469400_H30,759870,GRU,0.8506442308425903,1,,,True
validation,775536,2026-06-02T23:50:00-07:00,775536_1780469400_H30,759858,GRU,0.9885519742965698,2,,,True
validation,775536,2026-06-02T23:50:00-07:00,775536_1780469400_H30,718405,GRU,1.0387707948684692,3,,,True
validation,775536,2026-06-02T23:50:00-07:00,775536_1780469400_H30,768701,GRU,1.0664031505584717,4,,,True
validation,775536,2026-06-02T23:50:00-07:00,775536_1780469400_H30,774344,GRU,1.0685787200927734,5,,,True
validation,775536,2026-06-02T23:55:00-07:00,775536_1780469700_H30,759870,GRU,0.8432122468948364,1,,,True
validation,775536,2026-06-02T23:55:00-07:00,775536_1780469700_H30,759858,GRU,0.9701998233795166,2,,,True
validation,775536,2026-06-02T23:55:00-07:00,775536_1780469700_H30,718405,GRU,1.0204185247421265,3,,,True
validation,775536,2026-06-02T23:55:00-07:00,775536_1780469700_H30,774344,GRU,1.0499855279922485,4,,,True
validation,775536,2026-06-02T23:55:00-07:00,775536_1780469700_H30,768701,GRU,1.057754397392273,5,,,True
validation,775536,2026-06-03T19:05:00-07:00,775536_1780538700_H30,759870,GRU,1.1805133819580078,1,,,True
validation,775536,2026-06-03T19:05:00-07:00,775536_1780538700_H30,768701,GRU,1.3767868280410767,2,,,True
validation,775536,2026-06-03T19:05:00-07:00,775536_1780538700_H30,759858,GRU,1.3795170783996582,3,,,True
validation,775536,2026-06-03T19:05:00-07:00,775536_1780538700_H30,718405,GRU,1.4197717905044556,4,,,True
validation,775536,2026-06-03T19:05:00-07:00,775536_1780538700_H30,774344,GRU,1.4500784873962402,5,,,True
validation,775536,2026-06-03T19:10:00-07:00,775536_1780539000_H30,759870,GRU,1.1755293607711792,1,,,True
validation,775536,2026-06-03T19:10:00-07:00,775536_1780539000_H30,759858,GRU,1.3540598154067993,2,,,True
validation,775536,2026-06-03T19:10:00-07:00,775536_1780539000_H30,768701,GRU,1.372793436050415,3,,,True
validation,775536,2026-06-03T19:10:00-07:00,775536_1780539000_H30,718405,GRU,1.3979651927947998,4,,,True
validation,775536,2026-06-03T19:10:00-07:00,775536_1780539000_H30,774344,GRU,1.4302021265029907,5,,,True
validation,775536,2026-06-03T19:15:00-07:00,775536_1780539300_H30,759870,GRU,1.1671173572540283,1,,,True
validation,775536,2026-06-03T19:15:00-07:00,775536_1780539300_H30,759858,GRU,1.3302887678146362,2,,,True
validation,775536,2026-06-03T19:15:00-07:00,775536_1780539300_H30,768701,GRU,1.3648581504821777,3,,,True
validation,775536,2026-06-03T19:15:00-07:00,775536_1780539300_H30,718405,GRU,1.3747812509536743,4,,,True
validation,775536,2026-06-03T19:15:00-07:00,775536_1780539300_H30,774344,GRU,1.4076505899429321,5,,,True
validation,775536,2026-06-03T19:20:00-07:00,775536_1780539600_H30,759870,GRU,1.159385085105896,1,,,True
validation,775536,2026-06-03T19:20:00-07:00,775536_1780539600_H30,759858,GRU,1.3076627254486084,2,,,True
validation,775536,2026-06-03T19:20:00-07:00,775536_1780539600_H30,718405,GRU,1.3534382581710815,3,,,True
validation,775536,2026-06-03T19:20:00-07:00,775536_1780539600_H30,768701,GRU,1.3580873012542725,4,,,True
validation,775536,2026-06-03T19:20:00-07:00,775536_1780539600_H30,774344,GRU,1.3869301080703735,5,,,True
validation,775536,2026-06-03T19:25:00-07:00,775536_1780539900_H30,759870,GRU,1.1580554246902466,1,,,True
validation,775536,2026-06-03T19:25:00-07:00,775536_1780539900_H30,759858,GRU,1.2862473726272583,2,,,True
validation,775536,2026-06-03T19:25:00-07:00,775536_1780539900_H30,718405,GRU,1.3325623273849487,3,,,True
validation,775536,2026-06-03T19:25:00-07:00,775536_1780539900_H30,768701,GRU,1.3537362813949585,4,,,True
validation,775536,2026-06-03T19:25:00-07:00,775536_1780539900_H30,774344,GRU,1.368227481842041,5,,,True
validation,775536,2026-06-03T19:30:00-07:00,775536_1780540200_H30,759870,GRU,1.151337742805481,1,,,True
validation,775536,2026-06-03T19:30:00-07:00,775536_1780540200_H30,759858,GRU,1.2674516439437866,2,,,True
validation,775536,2026-06-03T19:30:00-07:00,775536_1780540200_H30,718405,GRU,1.3142603635787964,3,,,True
validation,775536,2026-06-03T19:30:00-07:00,775536_1780540200_H30,768701,GRU,1.3489574193954468,4,,,True
validation,775536,2026-06-03T19:30:00-07:00,775536_1780540200_H30,774344,GRU,1.3509660959243774,5,,,True
validation,775536,2026-06-06T23:30:00-07:00,775536_1780813800_H30,759870,GRU,0.7982436418533325,1,,,True
validation,775536,2026-06-06T23:30:00-07:00,775536_1780813800_H30,759858,GRU,0.991534948348999,2,,,True
validation,775536,2026-06-06T23:30:00-07:00,775536_1780813800_H30,768701,GRU,1.016116738319397,3,,,True
validation,775536,2026-06-06T23:30:00-07:00,775536_1780813800_H30,718405,GRU,1.036974549293518,4,,,True
validation,775536,2026-06-06T23:30:00-07:00,775536_1780813800_H30,774344,GRU,1.0616930723190308,5,,,True
validation,775536,2026-06-06T23:35:00-07:00,775536_1780814100_H30,759870,GRU,0.7994678020477295,1,,,True
validation,775536,2026-06-06T23:35:00-07:00,775536_1780814100_H30,759858,GRU,0.9986456632614136,2,,,True
validation,775536,2026-06-06T23:35:00-07:00,775536_1780814100_H30,768701,GRU,1.0171793699264526,3,,,True
validation,775536,2026-06-06T23:35:00-07:00,775536_1780814100_H30,718405,GRU,1.0443713665008545,4,,,True
validation,775536,2026-06-06T23:35:00-07:00,775536_1780814100_H30,774344,GRU,1.0695247650146484,5,,,True
validation,775536,2026-06-06T23:40:00-07:00,775536_1780814400_H30,759870,GRU,0.7876861095428467,1,,,True
validation,775536,2026-06-06T23:40:00-07:00,775536_1780814400_H30,759858,GRU,1.0010124444961548,2,,,True
validation,775536,2026-06-06T23:40:00-07:00,775536_1780814400_H30,768701,GRU,1.0145987272262573,3,,,True
validation,775536,2026-06-06T23:40:00-07:00,775536_1780814400_H30,718405,GRU,1.0457547903060913,4,,,True
validation,775536,2026-06-06T23:40:00-07:00,775536_1780814400_H30,774344,GRU,1.0720371007919312,5,,,True
validation,775536,2026-06-06T23:45:00-07:00,775536_1780814700_H30,759870,GRU,0.7856837511062622,1,,,True
validation,775536,2026-06-06T23:45:00-07:00,775536_1780814700_H30,759858,GRU,1.0013842582702637,2,,,True
validation,775536,2026-06-06T23:45:00-07:00,775536_1780814700_H30,768701,GRU,1.0077292919158936,3,,,True
validation,775536,2026-06-06T23:45:00-07:00,775536_1780814700_H30,718405,GRU,1.0459140539169312,4,,,True
validation,775536,2026-06-06T23:45:00-07:00,775536_1780814700_H30,774344,GRU,1.072213888168335,5,,,True
validation,775536,2026-06-06T23:50:00-07:00,775536_1780815000_H30,759870,GRU,0.7733712196350098,1,,,True
validation,775536,2026-06-06T23:50:00-07:00,775536_1780815000_H30,759858,GRU,1.005650281906128,2,,,True
validation,775536,2026-06-06T23:50:00-07:00,775536_1780815000_H30,768701,GRU,1.0070565938949585,3,,,True
validation,775536,2026-06-06T23:50:00-07:00,775536_1780815000_H30,718405,GRU,1.0501800775527954,4,,,True
validation,775536,2026-06-06T23:50:00-07:00,775536_1780815000_H30,774344,GRU,1.0765063762664795,5,,,True
validation,775536,2026-06-06T23:55:00-07:00,775536_1780815300_H30,759870,GRU,0.7730820178985596,1,,,True
validation,775536,2026-06-06T23:55:00-07:00,775536_1780815300_H30,768701,GRU,1.0002201795578003,2,,,True
validation,775536,2026-06-06T23:55:00-07:00,775536_1780815300_H30,759858,GRU,1.0147446393966675,3,,,True
validation,775536,2026-06-06T23:55:00-07:00,775536_1780815300_H30,718405,GRU,1.0592745542526245,4,,,True
validation,775536,2026-06-06T23:55:00-07:00,775536_1780815300_H30,774344,GRU,1.0856293439865112,5,,,True
validation,775536,2026-06-10T23:30:00-07:00,775536_1781159400_H30,759870,GRU,0.8815205097198486,1,,,True
validation,775536,2026-06-10T23:30:00-07:00,775536_1781159400_H30,759858,GRU,0.9670637845993042,2,,,True
validation,775536,2026-06-10T23:30:00-07:00,775536_1781159400_H30,718405,GRU,1.016842007637024,3,,,True
validation,775536,2026-06-10T23:30:00-07:00,775536_1781159400_H30,774344,GRU,1.0512861013412476,4,,,True
validation,775536,2026-06-10T23:30:00-07:00,775536_1781159400_H30,768701,GRU,1.0603915452957153,5,,,True
validation,775536,2026-06-10T23:35:00-07:00,775536_1781159700_H30,759870,GRU,0.8793216347694397,1,,,True
validation,775536,2026-06-10T23:35:00-07:00,775536_1781159700_H30,759858,GRU,0.9546413421630859,2,,,True
validation,775536,2026-06-10T23:35:00-07:00,775536_1781159700_H30,718405,GRU,1.0044194459915161,3,,,True
validation,775536,2026-06-10T23:35:00-07:00,775536_1781159700_H30,774344,GRU,1.0388507843017578,4,,,True
validation,775536,2026-06-10T23:35:00-07:00,775536_1781159700_H30,768701,GRU,1.0551199913024902,5,,,True
validation,775536,2026-06-10T23:40:00-07:00,775536_1781160000_H30,759870,GRU,0.872209906578064,1,,,True
validation,775536,2026-06-10T23:40:00-07:00,775536_1781160000_H30,759858,GRU,0.9502285718917847,2,,,True
validation,775536,2026-06-10T23:40:00-07:00,775536_1781160000_H30,718405,GRU,1.0000066757202148,3,,,True
validation,775536,2026-06-10T23:40:00-07:00,775536_1781160000_H30,774344,GRU,1.0344358682632446,4,,,True
validation,775536,2026-06-10T23:40:00-07:00,775536_1781160000_H30,768701,GRU,1.049561858177185,5,,,True
validation,775536,2026-06-10T23:45:00-07:00,775536_1781160300_H30,759870,GRU,0.871545672416687,1,,,True
validation,775536,2026-06-10T23:45:00-07:00,775536_1781160300_H30,759858,GRU,0.9480679035186768,2,,,True
validation,775536,2026-06-10T23:45:00-07:00,775536_1781160300_H30,718405,GRU,0.9974290132522583,3,,,True
validation,775536,2026-06-10T23:45:00-07:00,775536_1781160300_H30,774344,GRU,1.0310144424438477,4,,,True
validation,775536,2026-06-10T23:45:00-07:00,775536_1781160300_H30,768701,GRU,1.0468316078186035,5,,,True
validation,775536,2026-06-10T23:50:00-07:00,775536_1781160600_H30,759870,GRU,0.8550267815589905,1,,,True
validation,775536,2026-06-10T23:50:00-07:00,775536_1781160600_H30,759858,GRU,0.9408348202705383,2,,,True
validation,775536,2026-06-10T23:50:00-07:00,775536_1781160600_H30,718405,GRU,0.9897910356521606,3,,,True
validation,775536,2026-06-10T23:50:00-07:00,775536_1781160600_H30,774344,GRU,1.0279549360275269,4,,,True
validation,775536,2026-06-10T23:50:00-07:00,775536_1781160600_H30,768701,GRU,1.036980152130127,5,,,True
validation,775536,2026-06-10T23:55:00-07:00,775536_1781160900_H30,759870,GRU,0.8552742004394531,1,,,True
validation,775536,2026-06-10T23:55:00-07:00,775536_1781160900_H30,759858,GRU,0.9331408739089966,2,,,True
validation,775536,2026-06-10T23:55:00-07:00,775536_1781160900_H30,718405,GRU,0.9815342426300049,3,,,True
validation,775536,2026-06-10T23:55:00-07:00,775536_1781160900_H30,774344,GRU,1.013226866722107,4,,,True
validation,775536,2026-06-10T23:55:00-07:00,775536_1781160900_H30,768701,GRU,1.036136507987976,5,,,True
validation,775536,2026-06-17T11:15:00-07:00,775536_1781720100_H30,759870,GRU,1.0274161100387573,1,,,True
validation,775536,2026-06-17T11:15:00-07:00,775536_1781720100_H30,768701,GRU,1.0915498733520508,2,,,True
validation,775536,2026-06-17T11:15:00-07:00,775536_1781720100_H30,759858,GRU,1.0940086841583252,3,,,True
validation,775536,2026-06-17T11:15:00-07:00,775536_1781720100_H30,718405,GRU,1.1395198106765747,4,,,True
validation,775536,2026-06-17T11:15:00-07:00,775536_1781720100_H30,774344,GRU,1.1487435102462769,5,,,True
validation,775536,2026-06-18T23:30:00-07:00,775536_1781850600_H30,759870,GRU,0.8565640449523926,1,,,True
validation,775536,2026-06-18T23:30:00-07:00,775536_1781850600_H30,759858,GRU,0.9398754239082336,2,,,True
validation,775536,2026-06-18T23:30:00-07:00,775536_1781850600_H30,718405,GRU,0.9871424436569214,3,,,True
validation,775536,2026-06-18T23:30:00-07:00,775536_1781850600_H30,774344,GRU,1.0147238969802856,4,,,True
validation,775536,2026-06-18T23:30:00-07:00,775536_1781850600_H30,768701,GRU,1.0346019268035889,5,,,True
validation,775536,2026-06-18T23:35:00-07:00,775536_1781850900_H30,759870,GRU,0.8588892817497253,1,,,True
validation,775536,2026-06-18T23:35:00-07:00,775536_1781850900_H30,759858,GRU,0.9355258345603943,2,,,True
validation,775536,2026-06-18T23:35:00-07:00,775536_1781850900_H30,718405,GRU,0.982792854309082,3,,,True
validation,775536,2026-06-18T23:35:00-07:00,775536_1781850900_H30,774344,GRU,1.0107074975967407,4,,,True
validation,775536,2026-06-18T23:35:00-07:00,775536_1781850900_H30,768701,GRU,1.0290433168411255,5,,,True
validation,775536,2026-06-18T23:40:00-07:00,775536_1781851200_H30,759870,GRU,0.8503437042236328,1,,,True
validation,775536,2026-06-18T23:40:00-07:00,775536_1781851200_H30,759858,GRU,0.9366366267204285,2,,,True
validation,775536,2026-06-18T23:40:00-07:00,775536_1781851200_H30,718405,GRU,0.9839037656784058,3,,,True
validation,775536,2026-06-18T23:40:00-07:00,775536_1781851200_H30,774344,GRU,1.0118389129638672,4,,,True
validation,775536,2026-06-18T23:40:00-07:00,775536_1781851200_H30,768701,GRU,1.0227025747299194,5,,,True
validation,775536,2026-06-18T23:45:00-07:00,775536_1781851500_H30,759870,GRU,0.8468874096870422,1,,,True
validation,775536,2026-06-18T23:45:00-07:00,775536_1781851500_H30,759858,GRU,0.933098554611206,2,,,True
validation,775536,2026-06-18T23:45:00-07:00,775536_1781851500_H30,718405,GRU,0.9803656339645386,3,,,True
validation,775536,2026-06-18T23:45:00-07:00,775536_1781851500_H30,774344,GRU,1.0082076787948608,4,,,True
validation,775536,2026-06-18T23:45:00-07:00,775536_1781851500_H30,768701,GRU,1.0170536041259766,5,,,True
validation,775536,2026-06-18T23:50:00-07:00,775536_1781851800_H30,759870,GRU,0.8382025957107544,1,,,True
validation,775536,2026-06-18T23:50:00-07:00,775536_1781851800_H30,759858,GRU,0.931015133857727,2,,,True
validation,775536,2026-06-18T23:50:00-07:00,775536_1781851800_H30,718405,GRU,0.97828209400177,3,,,True
validation,775536,2026-06-18T23:50:00-07:00,775536_1781851800_H30,774344,GRU,1.0059280395507812,4,,,True
validation,775536,2026-06-18T23:50:00-07:00,775536_1781851800_H30,768701,GRU,1.0110459327697754,5,,,True
validation,775536,2026-06-18T23:55:00-07:00,775536_1781852100_H30,759870,GRU,0.8314363956451416,1,,,True
validation,775536,2026-06-18T23:55:00-07:00,775536_1781852100_H30,759858,GRU,0.9212449193000793,2,,,True
validation,775536,2026-06-18T23:55:00-07:00,775536_1781852100_H30,718405,GRU,0.9685119390487671,3,,,True
validation,775536,2026-06-18T23:55:00-07:00,775536_1781852100_H30,774344,GRU,0.9958150386810303,4,,,True
validation,775536,2026-06-18T23:55:00-07:00,775536_1781852100_H30,768701,GRU,1.005029559135437,5,,,True
validation,775536,2026-06-22T23:30:00-07:00,775536_1782196200_H30,759870,GRU,0.8626826405525208,1,,,True
validation,775536,2026-06-22T23:30:00-07:00,775536_1782196200_H30,759858,GRU,1.0027750730514526,2,,,True
validation,775536,2026-06-22T23:30:00-07:00,775536_1782196200_H30,718405,GRU,1.0511122941970825,3,,,True
validation,775536,2026-06-22T23:30:00-07:00,775536_1782196200_H30,768701,GRU,1.0640909671783447,4,,,True
validation,775536,2026-06-22T23:30:00-07:00,775536_1782196200_H30,774344,GRU,1.0800769329071045,5,,,True
validation,775536,2026-06-22T23:35:00-07:00,775536_1782196500_H30,759870,GRU,0.8582178354263306,1,,,True
validation,775536,2026-06-22T23:35:00-07:00,775536_1782196500_H30,759858,GRU,1.0000346899032593,2,,,True
validation,775536,2026-06-22T23:35:00-07:00,775536_1782196500_H30,718405,GRU,1.0480034351348877,3,,,True
validation,775536,2026-06-22T23:35:00-07:00,775536_1782196500_H30,768701,GRU,1.0665141344070435,4,,,True
validation,775536,2026-06-22T23:35:00-07:00,775536_1782196500_H30,774344,GRU,1.0774484872817993,5,,,True
validation,775536,2026-06-22T23:40:00-07:00,775536_1782196800_H30,759870,GRU,0.8287325501441956,1,,,True
validation,775536,2026-06-22T23:40:00-07:00,775536_1782196800_H30,759858,GRU,0.999632716178894,2,,,True
validation,775536,2026-06-22T23:40:00-07:00,775536_1782196800_H30,718405,GRU,1.0476014614105225,3,,,True
validation,775536,2026-06-22T23:40:00-07:00,775536_1782196800_H30,768701,GRU,1.0565041303634644,4,,,True
validation,775536,2026-06-22T23:40:00-07:00,775536_1782196800_H30,774344,GRU,1.0768325328826904,5,,,True
validation,775536,2026-06-22T23:45:00-07:00,775536_1782197100_H30,759870,GRU,0.8345761895179749,1,,,True
validation,775536,2026-06-22T23:45:00-07:00,775536_1782197100_H30,759858,GRU,0.9996894598007202,2,,,True
validation,775536,2026-06-22T23:45:00-07:00,775536_1782197100_H30,718405,GRU,1.047658085823059,3,,,True
validation,775536,2026-06-22T23:45:00-07:00,775536_1782197100_H30,768701,GRU,1.058305025100708,4,,,True
validation,775536,2026-06-22T23:45:00-07:00,775536_1782197100_H30,774344,GRU,1.076645851135254,5,,,True
validation,775536,2026-06-22T23:50:00-07:00,775536_1782197400_H30,759870,GRU,0.8288286924362183,1,,,True
validation,775536,2026-06-22T23:50:00-07:00,775536_1782197400_H30,759858,GRU,0.990073561668396,2,,,True
validation,775536,2026-06-22T23:50:00-07:00,775536_1782197400_H30,718405,GRU,1.0380433797836304,3,,,True
validation,775536,2026-06-22T23:50:00-07:00,775536_1782197400_H30,768701,GRU,1.0424302816390991,4,,,True
validation,775536,2026-06-22T23:50:00-07:00,775536_1782197400_H30,774344,GRU,1.0670233964920044,5,,,True
validation,775536,2026-06-22T23:55:00-07:00,775536_1782197700_H30,759870,GRU,0.8296571969985962,1,,,True
validation,775536,2026-06-22T23:55:00-07:00,775536_1782197700_H30,759858,GRU,0.982039213180542,2,,,True
validation,775536,2026-06-22T23:55:00-07:00,775536_1782197700_H30,718405,GRU,1.0300354957580566,3,,,True
validation,775536,2026-06-22T23:55:00-07:00,775536_1782197700_H30,768701,GRU,1.038748860359192,4,,,True
validation,775536,2026-06-22T23:55:00-07:00,775536_1782197700_H30,774344,GRU,1.059011459350586,5,,,True
validation,775536,2026-06-26T23:30:00-07:00,775536_1782541800_H30,759870,GRU,0.8173956871032715,1,,,True
validation,775536,2026-06-26T23:30:00-07:00,775536_1782541800_H30,759858,GRU,0.9598296880722046,2,,,True
validation,775536,2026-06-26T23:30:00-07:00,775536_1782541800_H30,768701,GRU,1.0037617683410645,3,,,True
validation,775536,2026-06-26T23:30:00-07:00,775536_1782541800_H30,718405,GRU,1.0066531896591187,4,,,True
validation,775536,2026-06-26T23:30:00-07:00,775536_1782541800_H30,774344,GRU,1.0311838388442993,5,,,True
validation,775536,2026-06-26T23:35:00-07:00,775536_1782542100_H30,759870,GRU,0.8157409429550171,1,,,True
validation,775536,2026-06-26T23:35:00-07:00,775536_1782542100_H30,759858,GRU,0.9536138772964478,2,,,True
validation,775536,2026-06-26T23:35:00-07:00,775536_1782542100_H30,768701,GRU,0.9975219964981079,3,,,True
validation,775536,2026-06-26T23:35:00-07:00,775536_1782542100_H30,718405,GRU,1.0008330345153809,4,,,True
validation,775536,2026-06-26T23:35:00-07:00,775536_1782542100_H30,774344,GRU,1.0253742933273315,5,,,True
validation,775536,2026-06-26T23:40:00-07:00,775536_1782542400_H30,759870,GRU,0.8093869090080261,1,,,True
validation,775536,2026-06-26T23:40:00-07:00,775536_1782542400_H30,759858,GRU,0.9582067728042603,2,,,True
validation,775536,2026-06-26T23:40:00-07:00,775536_1782542400_H30,768701,GRU,0.9882053136825562,3,,,True
validation,775536,2026-06-26T23:40:00-07:00,775536_1782542400_H30,718405,GRU,1.0056432485580444,4,,,True
validation,775536,2026-06-26T23:40:00-07:00,775536_1782542400_H30,774344,GRU,1.0302025079727173,5,,,True
validation,775536,2026-06-26T23:45:00-07:00,775536_1782542700_H30,759870,GRU,0.7975509166717529,1,,,True
validation,775536,2026-06-26T23:45:00-07:00,775536_1782542700_H30,759858,GRU,0.9577457904815674,2,,,True
validation,775536,2026-06-26T23:45:00-07:00,775536_1782542700_H30,768701,GRU,0.9785748720169067,3,,,True
validation,775536,2026-06-26T23:45:00-07:00,775536_1782542700_H30,718405,GRU,1.004951000213623,4,,,True
validation,775536,2026-06-26T23:45:00-07:00,775536_1782542700_H30,774344,GRU,1.0295311212539673,5,,,True
validation,775536,2026-06-26T23:50:00-07:00,775536_1782543000_H30,759870,GRU,0.798297643661499,1,,,True
validation,775536,2026-06-26T23:50:00-07:00,775536_1782543000_H30,759858,GRU,0.9613070487976074,2,,,True
validation,775536,2026-06-26T23:50:00-07:00,775536_1782543000_H30,768701,GRU,0.9760178327560425,3,,,True
validation,775536,2026-06-26T23:50:00-07:00,775536_1782543000_H30,718405,GRU,1.0068905353546143,4,,,True
validation,775536,2026-06-26T23:50:00-07:00,775536_1782543000_H30,774344,GRU,1.0331765413284302,5,,,True
validation,775536,2026-06-26T23:55:00-07:00,775536_1782543300_H30,759870,GRU,0.7955256104469299,1,,,True
validation,775536,2026-06-26T23:55:00-07:00,775536_1782543300_H30,759858,GRU,0.9677343368530273,2,,,True
validation,775536,2026-06-26T23:55:00-07:00,775536_1782543300_H30,768701,GRU,0.9811348915100098,3,,,True
validation,775536,2026-06-26T23:55:00-07:00,775536_1782543300_H30,718405,GRU,1.0122922658920288,4,,,True
validation,775536,2026-06-26T23:55:00-07:00,775536_1782543300_H30,774344,GRU,1.0385956764221191,5,,,True
validation,765501,2026-06-03T15:25:00-07:00,765501_1780525500_H30,773773,JEV v1.0,-0.5300063967174329,1,0.5300063967174329,0.0011429522809374149,True
validation,765501,2026-06-03T15:25:00-07:00,765501_1780525500_H30,717951,JEV v1.0,-0.5208627784699336,2,0.5208627784699336,0.0011429522809374149,True
validation,765501,2026-06-03T15:25:00-07:00,765501_1780525500_H30,763616,JEV v1.0,-0.40895629028359354,3,0.40895629028359354,0.0011429522809374149,True
validation,765501,2026-06-03T15:25:00-07:00,765501_1780525500_H30,776019,JEV v1.0,-0.24588550449713878,4,0.24588550449713878,0.0011429522809374149,True
validation,765501,2026-06-03T15:25:00-07:00,765501_1780525500_H30,773784,JEV v1.0,-0.13043946534254902,5,0.13043946534254902,0.0011429522809374149,True
validation,765501,2026-06-03T15:30:00-07:00,765501_1780525800_H30,773773,JEV v1.0,-0.5495121795425977,1,0.5495121795425977,0.0011429522809374149,True
validation,765501,2026-06-03T15:30:00-07:00,765501_1780525800_H30,717951,JEV v1.0,-0.5403685612950984,2,0.5403685612950984,0.0011429522809374149,True
validation,765501,2026-06-03T15:30:00-07:00,765501_1780525800_H30,763616,JEV v1.0,-0.40317418382569487,3,0.40317418382569487,0.0011429522809374149,True
validation,765501,2026-06-03T15:30:00-07:00,765501_1780525800_H30,776019,JEV v1.0,-0.22635458289737917,4,0.22635458289737917,0.0011429522809374149,True
validation,765501,2026-06-03T15:30:00-07:00,765501_1780525800_H30,773784,JEV v1.0,-0.13631275999610232,5,0.13631275999610232,0.0011429522809374149,True
validation,765501,2026-06-03T15:35:00-07:00,765501_1780526100_H30,773773,JEV v1.0,-0.508469368400364,1,0.508469368400364,0.0011429522809374218,True
validation,765501,2026-06-03T15:35:00-07:00,765501_1780526100_H30,717951,JEV v1.0,-0.4993257501528647,2,0.4993257501528647,0.0011429522809374218,True
validation,765501,2026-06-03T15:35:00-07:00,765501_1780526100_H30,763616,JEV v1.0,-0.3882273545787517,3,0.3882273545787517,0.0011429522809374218,True
validation,765501,2026-06-03T15:35:00-07:00,765501_1780526100_H30,776019,JEV v1.0,-0.21630312238055655,4,0.21630312238055655,0.0011429522809374218,True
validation,765501,2026-06-03T15:35:00-07:00,765501_1780526100_H30,773784,JEV v1.0,-0.1028698841608134,5,0.1028698841608134,0.0011429522809374218,True
validation,765501,2026-06-03T15:40:00-07:00,765501_1780526400_H30,773773,JEV v1.0,-0.49024524029542155,1,0.49024524029542155,0.0011429522809374218,True
validation,765501,2026-06-03T15:40:00-07:00,765501_1780526400_H30,717951,JEV v1.0,-0.4811016220479222,2,0.4811016220479222,0.0011429522809374218,True
validation,765501,2026-06-03T15:40:00-07:00,765501_1780526400_H30,763616,JEV v1.0,-0.390548221993072,3,0.390548221993072,0.0011429522809374218,True
validation,765501,2026-06-03T15:40:00-07:00,765501_1780526400_H30,776019,JEV v1.0,-0.19477594660644554,4,0.19477594660644554,0.0011429522809374218,True
validation,765501,2026-06-03T15:40:00-07:00,765501_1780526400_H30,773784,JEV v1.0,-0.10472187165199724,5,0.10472187165199724,0.0011429522809374218,True
validation,765501,2026-06-03T15:45:00-07:00,765501_1780526700_H30,773773,JEV v1.0,-0.45781476635625346,1,0.45781476635625346,0.0011429522809374218,True
validation,765501,2026-06-03T15:45:00-07:00,765501_1780526700_H30,717951,JEV v1.0,-0.4486711481087541,2,0.4486711481087541,0.0011429522809374218,True
validation,765501,2026-06-03T15:45:00-07:00,765501_1780526700_H30,763616,JEV v1.0,-0.3925235478361918,3,0.3925235478361918,0.0011429522809374218,True
validation,765501,2026-06-03T15:45:00-07:00,765501_1780526700_H30,776019,JEV v1.0,-0.1785096397757714,4,0.1785096397757714,0.0011429522809374218,True
validation,765501,2026-06-03T15:45:00-07:00,765501_1780526700_H30,773784,JEV v1.0,-0.10680697034967984,5,0.10680697034967984,0.0011429522809374218,True
validation,765501,2026-06-03T15:50:00-07:00,765501_1780527000_H30,773773,JEV v1.0,-0.4292809626392391,1,0.4292809626392391,0.0011429522809374218,True
validation,765501,2026-06-03T15:50:00-07:00,765501_1780527000_H30,717951,JEV v1.0,-0.4201373443917397,2,0.4201373443917397,0.0011429522809374218,True
validation,765501,2026-06-03T15:50:00-07:00,765501_1780527000_H30,763616,JEV v1.0,-0.4064079520025742,3,0.4064079520025742,0.0011429522809374218,True
validation,765501,2026-06-03T15:50:00-07:00,765501_1780527000_H30,776019,JEV v1.0,-0.18339214413722987,4,0.18339214413722987,0.0011429522809374218,True
validation,765501,2026-06-03T15:50:00-07:00,765501_1780527000_H30,773784,JEV v1.0,-0.1084179129952236,5,0.1084179129952236,0.0011429522809374218,True
validation,765501,2026-06-06T07:20:00-07:00,765501_1780755600_H30,763616,JEV v1.0,-0.5899213206985198,1,0.5899213206985198,0.06475275424929398,True
validation,765501,2026-06-06T07:20:00-07:00,765501_1780755600_H30,717951,JEV v1.0,-0.45183017373165496,2,0.45183017373165496,0.06475275424929398,True
validation,765501,2026-06-06T07:20:00-07:00,765501_1780755600_H30,776019,JEV v1.0,-0.4202843932593295,3,0.4202843932593295,0.06475275424929398,True
validation,765501,2026-06-06T07:20:00-07:00,765501_1780755600_H30,773784,JEV v1.0,-0.3099638637460016,4,0.3099638637460016,0.06475275424929398,True
validation,765501,2026-06-06T07:20:00-07:00,765501_1780755600_H30,773773,JEV v1.0,-0.22117118709240824,5,0.22117118709240824,0.06475275424929398,True
validation,765501,2026-06-06T07:25:00-07:00,765501_1780755900_H30,763616,JEV v1.0,-0.5884990963569058,1,0.5884990963569058,0.0631697670153749,True
validation,765501,2026-06-06T07:25:00-07:00,765501_1780755900_H30,717951,JEV v1.0,-0.44914013124460683,2,0.44914013124460683,0.0631697670153749,True
validation,765501,2026-06-06T07:25:00-07:00,765501_1780755900_H30,776019,JEV v1.0,-0.43018145006302827,3,0.43018145006302827,0.0631697670153749,True
validation,765501,2026-06-06T07:25:00-07:00,765501_1780755900_H30,773784,JEV v1.0,-0.325584487273637,4,0.325584487273637,0.0631697670153749,True
validation,765501,2026-06-06T07:25:00-07:00,765501_1780755900_H30,773773,JEV v1.0,-0.22628190072520174,5,0.22628190072520174,0.0631697670153749,True
validation,765501,2026-06-06T07:30:00-07:00,765501_1780756200_H30,763616,JEV v1.0,-0.5625489730670978,1,0.5625489730670978,0.047062049960747,True
validation,765501,2026-06-06T07:30:00-07:00,765501_1780756200_H30,717951,JEV v1.0,-0.4550186719198748,2,0.4550186719198748,0.047062049960747,True
validation,765501,2026-06-06T07:30:00-07:00,765501_1780756200_H30,776019,JEV v1.0,-0.42228045203854636,3,0.42228045203854636,0.047062049960747,True
validation,765501,2026-06-06T07:30:00-07:00,765501_1780756200_H30,773784,JEV v1.0,-0.28037575065403975,4,0.28037575065403975,0.047062049960747,True
validation,765501,2026-06-06T07:30:00-07:00,765501_1780756200_H30,773773,JEV v1.0,-0.2264045768322761,5,0.2264045768322761,0.047062049960747,True
validation,765501,2026-06-06T07:35:00-07:00,765501_1780756500_H30,763616,JEV v1.0,-0.5935780704904233,1,0.5935780704904233,0.05492254140421066,True
validation,765501,2026-06-06T07:35:00-07:00,765501_1780756500_H30,717951,JEV v1.0,-0.4634416317830557,2,0.4634416317830557,0.05492254140421066,True
validation,765501,2026-06-06T07:35:00-07:00,765501_1780756500_H30,776019,JEV v1.0,-0.40413597100583243,3,0.40413597100583243,0.05492254140421066,True
validation,765501,2026-06-06T07:35:00-07:00,765501_1780756500_H30,773784,JEV v1.0,-0.37052275030355164,4,0.37052275030355164,0.05492254140421066,True
validation,765501,2026-06-06T07:35:00-07:00,765501_1780756500_H30,773773,JEV v1.0,-0.30238219022191903,5,0.30238219022191903,0.05492254140421066,True
validation,765501,2026-06-06T07:40:00-07:00,765501_1780756800_H30,763616,JEV v1.0,-0.5942228577342725,1,0.5942228577342725,0.052045601067184984,True
validation,765501,2026-06-06T07:40:00-07:00,765501_1780756800_H30,717951,JEV v1.0,-0.4661620371243214,2,0.4661620371243214,0.052045601067184984,True
validation,765501,2026-06-06T07:40:00-07:00,765501_1780756800_H30,776019,JEV v1.0,-0.40991327192406574,3,0.40991327192406574,0.052045601067184984,True
validation,765501,2026-06-06T07:40:00-07:00,765501_1780756800_H30,773784,JEV v1.0,-0.3856711642215214,4,0.3856711642215214,0.052045601067184984,True
validation,765501,2026-06-06T07:40:00-07:00,765501_1780756800_H30,773773,JEV v1.0,-0.3100888098186656,5,0.3100888098186656,0.052045601067184984,True
validation,765501,2026-06-06T07:45:00-07:00,765501_1780757100_H30,763616,JEV v1.0,-0.5609201132165152,1,0.5609201132165152,0.03319642445795612,True
validation,765501,2026-06-06T07:45:00-07:00,765501_1780757100_H30,717951,JEV v1.0,-0.4759727453339704,2,0.4759727453339704,0.03319642445795612,True
validation,765501,2026-06-06T07:45:00-07:00,765501_1780757100_H30,776019,JEV v1.0,-0.3948835816738033,3,0.3948835816738033,0.03319642445795612,True
validation,765501,2026-06-06T07:45:00-07:00,765501_1780757100_H30,773784,JEV v1.0,-0.38381296853888996,4,0.38381296853888996,0.03319642445795612,True
validation,765501,2026-06-06T07:45:00-07:00,765501_1780757100_H30,773773,JEV v1.0,-0.31923335889762816,5,0.31923335889762816,0.03319642445795612,True
validation,765501,2026-06-11T23:30:00-07:00,765501_1781245800_H30,763616,JEV v1.0,-0.6648911436964843,1,0.6648911436964843,0.10662642618993369,True
validation,765501,2026-06-11T23:30:00-07:00,765501_1781245800_H30,773773,JEV v1.0,-0.5165749991299285,2,0.5165749991299285,0.10662642618993369,True
validation,765501,2026-06-11T23:30:00-07:00,765501_1781245800_H30,776019,JEV v1.0,-0.5155918006516449,3,0.5155918006516449,0.10662642618993369,True
validation,765501,2026-06-11T23:30:00-07:00,765501_1781245800_H30,717951,JEV v1.0,-0.5074313808824292,4,0.5074313808824292,0.10662642618993369,True
validation,765501,2026-06-11T23:30:00-07:00,765501_1781245800_H30,773784,JEV v1.0,-0.3708024177857421,5,0.3708024177857421,0.10662642618993369,True
validation,765501,2026-06-11T23:35:00-07:00,765501_1781246100_H30,763616,JEV v1.0,-0.5542815434299261,1,0.5542815434299261,0.020997573085550433,True
validation,765501,2026-06-11T23:35:00-07:00,765501_1781246100_H30,776019,JEV v1.0,-0.525074158388662,2,0.525074158388662,0.020997573085550433,True
validation,765501,2026-06-11T23:35:00-07:00,765501_1781246100_H30,773773,JEV v1.0,-0.5179343291706519,3,0.5179343291706519,0.020997573085550433,True
validation,765501,2026-06-11T23:35:00-07:00,765501_1781246100_H30,717951,JEV v1.0,-0.5087907109231524,4,0.5087907109231524,0.020997573085550433,True
validation,765501,2026-06-11T23:35:00-07:00,765501_1781246100_H30,773784,JEV v1.0,-0.28965916941616776,5,0.28965916941616776,0.020997573085550433,True
validation,765501,2026-06-11T23:40:00-07:00,765501_1781246400_H30,763616,JEV v1.0,-0.6524466644428053,1,0.6524466644428053,0.08750721743119758,True
validation,765501,2026-06-11T23:40:00-07:00,765501_1781246400_H30,773773,JEV v1.0,-0.5307251215297614,2,0.5307251215297614,0.08750721743119758,True
validation,765501,2026-06-11T23:40:00-07:00,765501_1781246400_H30,776019,JEV v1.0,-0.5277256452081018,3,0.5277256452081018,0.08750721743119758,True
validation,765501,2026-06-11T23:40:00-07:00,765501_1781246400_H30,717951,JEV v1.0,-0.521581503282262,4,0.521581503282262,0.08750721743119758,True
validation,765501,2026-06-11T23:40:00-07:00,765501_1781246400_H30,773784,JEV v1.0,-0.3690880891289627,5,0.3690880891289627,0.08750721743119758,True
validation,765501,2026-06-11T23:45:00-07:00,765501_1781246700_H30,763616,JEV v1.0,-0.6927576288107714,1,0.6927576288107714,0.12079119394036149,True
validation,765501,2026-06-11T23:45:00-07:00,765501_1781246700_H30,773773,JEV v1.0,-0.5247384536119982,2,0.5247384536119982,0.12079119394036149,True
validation,765501,2026-06-11T23:45:00-07:00,765501_1781246700_H30,717951,JEV v1.0,-0.5155948353644989,3,0.5155948353644989,0.12079119394036149,True
validation,765501,2026-06-11T23:45:00-07:00,765501_1781246700_H30,776019,JEV v1.0,-0.5034867050482806,4,0.5034867050482806,0.12079119394036149,True
validation,765501,2026-06-11T23:45:00-07:00,765501_1781246700_H30,773784,JEV v1.0,-0.40292148813574696,5,0.40292148813574696,0.12079119394036149,True
validation,765501,2026-06-11T23:50:00-07:00,765501_1781247000_H30,763616,JEV v1.0,-0.5957702956837542,1,0.5957702956837542,0.048457943828913955,True
validation,765501,2026-06-11T23:50:00-07:00,765501_1781247000_H30,773773,JEV v1.0,-0.5283658476576629,2,0.5283658476576629,0.048457943828913955,True
validation,765501,2026-06-11T23:50:00-07:00,765501_1781247000_H30,717951,JEV v1.0,-0.5192222294101635,3,0.5192222294101635,0.048457943828913955,True
validation,765501,2026-06-11T23:50:00-07:00,765501_1781247000_H30,776019,JEV v1.0,-0.4963391624798426,4,0.4963391624798426,0.048457943828913955,True
validation,765501,2026-06-11T23:50:00-07:00,765501_1781247000_H30,773784,JEV v1.0,-0.2561294000081824,5,0.2561294000081824,0.048457943828913955,True
validation,765501,2026-06-11T23:55:00-07:00,765501_1781247300_H30,763616,JEV v1.0,-0.6154342036382628,1,0.6154342036382628,0.06975445128220642,True
validation,765501,2026-06-11T23:55:00-07:00,765501_1781247300_H30,773773,JEV v1.0,-0.5184065562696483,2,0.5184065562696483,0.06975445128220642,True
validation,765501,2026-06-11T23:55:00-07:00,765501_1781247300_H30,717951,JEV v1.0,-0.5092629380221488,3,0.5092629380221488,0.06975445128220642,True
validation,765501,2026-06-11T23:55:00-07:00,765501_1781247300_H30,776019,JEV v1.0,-0.5091013031786525,4,0.5091013031786525,0.06975445128220642,True
validation,765501,2026-06-11T23:55:00-07:00,765501_1781247300_H30,773784,JEV v1.0,-0.30263573136743444,5,0.30263573136743444,0.06975445128220642,True
validation,765501,2026-06-15T23:30:00-07:00,765501_1781591400_H30,763616,JEV v1.0,-0.735299613647143,1,0.735299613647143,0.15983375392295562,True
validation,765501,2026-06-15T23:30:00-07:00,765501_1781591400_H30,773773,JEV v1.0,-0.5129726821299504,2,0.5129726821299504,0.15983375392295562,True
validation,765501,2026-06-15T23:30:00-07:00,765501_1781591400_H30,717951,JEV v1.0,-0.5038290638824511,3,0.5038290638824511,0.15983375392295562,True
validation,765501,2026-06-15T23:30:00-07:00,765501_1781591400_H30,776019,JEV v1.0,-0.4946365151037241,4,0.4946365151037241,0.15983375392295562,True
validation,765501,2026-06-15T23:30:00-07:00,765501_1781591400_H30,773784,JEV v1.0,-0.39282083078830143,5,0.39282083078830143,0.15983375392295562,True
validation,765501,2026-06-15T23:35:00-07:00,765501_1781591700_H30,763616,JEV v1.0,-0.7168963982570599,1,0.7168963982570599,0.14429991916986296,True
validation,765501,2026-06-15T23:35:00-07:00,765501_1781591700_H30,773773,JEV v1.0,-0.5161768539818321,2,0.5161768539818321,0.14429991916986296,True
validation,765501,2026-06-15T23:35:00-07:00,765501_1781591700_H30,776019,JEV v1.0,-0.5149484992256925,3,0.5149484992256925,0.14429991916986296,True
validation,765501,2026-06-15T23:35:00-07:00,765501_1781591700_H30,717951,JEV v1.0,-0.5070332357343327,4,0.5070332357343327,0.14429991916986296,True
validation,765501,2026-06-15T23:35:00-07:00,765501_1781591700_H30,773784,JEV v1.0,-0.41587552606223904,5,0.41587552606223904,0.14429991916986296,True
validation,765501,2026-06-15T23:40:00-07:00,765501_1781592000_H30,763616,JEV v1.0,-0.5401009025582139,1,0.5401009025582139,0.010215210297145996,True
validation,765501,2026-06-15T23:40:00-07:00,765501_1781592000_H30,776019,JEV v1.0,-0.5258916613658807,2,0.5258916613658807,0.010215210297145996,True
validation,765501,2026-06-15T23:40:00-07:00,765501_1781592000_H30,773773,JEV v1.0,-0.5201113424858086,3,0.5201113424858086,0.010215210297145996,True
validation,765501,2026-06-15T23:40:00-07:00,765501_1781592000_H30,717951,JEV v1.0,-0.5109677242383092,4,0.5109677242383092,0.010215210297145996,True
validation,765501,2026-06-15T23:40:00-07:00,765501_1781592000_H30,773784,JEV v1.0,-0.27109124660549944,5,0.27109124660549944,0.010215210297145996,True
validation,765501,2026-06-15T23:45:00-07:00,765501_1781592300_H30,763616,JEV v1.0,-0.7063110255741869,1,0.7063110255741869,0.13069610011691782,True
validation,765501,2026-06-15T23:45:00-07:00,765501_1781592300_H30,773773,JEV v1.0,-0.5245142386810719,2,0.5245142386810719,0.13069610011691782,True
validation,765501,2026-06-15T23:45:00-07:00,765501_1781592300_H30,717951,JEV v1.0,-0.5153706204335725,3,0.5153706204335725,0.13069610011691782,True
validation,765501,2026-06-15T23:45:00-07:00,765501_1781592300_H30,776019,JEV v1.0,-0.5145089236223788,4,0.5145089236223788,0.13069610011691782,True
validation,765501,2026-06-15T23:45:00-07:00,765501_1781592300_H30,773784,JEV v1.0,-0.3482257973695468,5,0.3482257973695468,0.13069610011691782,True
validation,765501,2026-06-15T23:50:00-07:00,765501_1781592600_H30,763616,JEV v1.0,-0.5883390688073808,1,0.5883390688073808,0.05197088697920756,True
validation,765501,2026-06-15T23:50:00-07:00,765501_1781592600_H30,773773,JEV v1.0,-0.5160481568646904,2,0.5160481568646904,0.05197088697920756,True
validation,765501,2026-06-15T23:50:00-07:00,765501_1781592600_H30,717951,JEV v1.0,-0.5069045386171911,3,0.5069045386171911,0.05197088697920756,True
validation,765501,2026-06-15T23:50:00-07:00,765501_1781592600_H30,776019,JEV v1.0,-0.5022284249120627,4,0.5022284249120627,0.05197088697920756,True
validation,765501,2026-06-15T23:50:00-07:00,765501_1781592600_H30,773784,JEV v1.0,-0.2764954651263437,5,0.2764954651263437,0.05197088697920756,True
validation,765501,2026-06-15T23:55:00-07:00,765501_1781592900_H30,763616,JEV v1.0,-0.6473964758424805,1,0.6473964758424805,0.09749883098690498,True
validation,765501,2026-06-15T23:55:00-07:00,765501_1781592900_H30,773773,JEV v1.0,-0.5117767122581208,2,0.5117767122581208,0.09749883098690498,True
validation,765501,2026-06-15T23:55:00-07:00,765501_1781592900_H30,776019,JEV v1.0,-0.5051306289037593,3,0.5051306289037593,0.09749883098690498,True
validation,765501,2026-06-15T23:55:00-07:00,765501_1781592900_H30,717951,JEV v1.0,-0.5026330940106214,4,0.5026330940106214,0.09749883098690498,True
validation,765501,2026-06-15T23:55:00-07:00,765501_1781592900_H30,773784,JEV v1.0,-0.3077546441243706,5,0.3077546441243706,0.09749883098690498,True
validation,765501,2026-06-17T22:00:00-07:00,765501_1781758800_H30,763616,JEV v1.0,-0.5345745806529882,1,0.5345745806529882,0.018520483964096505,True
validation,765501,2026-06-17T22:00:00-07:00,765501_1781758800_H30,773773,JEV v1.0,-0.5088127983705315,2,0.5088127983705315,0.018520483964096505,True
validation,765501,2026-06-17T22:00:00-07:00,765501_1781758800_H30,717951,JEV v1.0,-0.49966918012303213,3,0.49966918012303213,0.018520483964096505,True
validation,765501,2026-06-17T22:00:00-07:00,765501_1781758800_H30,776019,JEV v1.0,-0.49948131191840583,4,0.49948131191840583,0.018520483964096505,True
validation,765501,2026-06-17T22:00:00-07:00,765501_1781758800_H30,773784,JEV v1.0,-0.24269813320608807,5,0.24269813320608807,0.018520483964096505,True
validation,765501,2026-06-17T22:05:00-07:00,765501_1781759100_H30,763616,JEV v1.0,-0.697595966840735,1,0.697595966840735,0.11909281141529993,True
validation,765501,2026-06-17T22:05:00-07:00,765501_1781759100_H30,773773,JEV v1.0,-0.531939222393112,2,0.531939222393112,0.11909281141529993,True
validation,765501,2026-06-17T22:05:00-07:00,765501_1781759100_H30,717951,JEV v1.0,-0.5227956041456125,3,0.5227956041456125,0.11909281141529993,True
validation,765501,2026-06-17T22:05:00-07:00,765501_1781759100_H30,776019,JEV v1.0,-0.5061035069991326,4,0.5061035069991326,0.11909281141529993,True
validation,765501,2026-06-17T22:05:00-07:00,765501_1781759100_H30,773784,JEV v1.0,-0.3859154744148496,5,0.3859154744148496,0.11909281141529993,True
validation,765501,2026-06-17T22:10:00-07:00,765501_1781759400_H30,763616,JEV v1.0,-0.6128195829451141,1,0.6128195829451141,0.05772782578026275,True
validation,765501,2026-06-17T22:10:00-07:00,765501_1781759400_H30,773773,JEV v1.0,-0.5325208346902776,2,0.5325208346902776,0.05772782578026275,True
validation,765501,2026-06-17T22:10:00-07:00,765501_1781759400_H30,717951,JEV v1.0,-0.5233772164427781,3,0.5233772164427781,0.05772782578026275,True
validation,765501,2026-06-17T22:10:00-07:00,765501_1781759400_H30,776019,JEV v1.0,-0.4924813808434112,4,0.4924813808434112,0.05772782578026275,True
validation,765501,2026-06-17T22:10:00-07:00,765501_1781759400_H30,773784,JEV v1.0,-0.27625200470084543,5,0.27625200470084543,0.05772782578026275,True
validation,765501,2026-06-17T22:15:00-07:00,765501_1781759700_H30,763616,JEV v1.0,-0.6373878123026891,1,0.6373878123026891,0.06414968869176212,True
validation,765501,2026-06-17T22:15:00-07:00,765501_1781759700_H30,773773,JEV v1.0,-0.5481563258702463,2,0.5481563258702463,0.06414968869176212,True
validation,765501,2026-06-17T22:15:00-07:00,765501_1781759700_H30,717951,JEV v1.0,-0.5390127076227469,3,0.5390127076227469,0.06414968869176212,True
validation,765501,2026-06-17T22:15:00-07:00,765501_1781759700_H30,776019,JEV v1.0,-0.5026819956371141,4,0.5026819956371141,0.06414968869176212,True
validation,765501,2026-06-17T22:15:00-07:00,765501_1781759700_H30,773784,JEV v1.0,-0.34299547386551377,5,0.34299547386551377,0.06414968869176212,True
validation,765501,2026-06-17T22:20:00-07:00,765501_1781760000_H30,763616,JEV v1.0,-0.7288499136504999,1,0.7288499136504999,0.13872351636059246,True
validation,765501,2026-06-17T22:20:00-07:00,765501_1781760000_H30,773773,JEV v1.0,-0.5358870821787928,2,0.5358870821787928,0.13872351636059246,True
validation,765501,2026-06-17T22:20:00-07:00,765501_1781760000_H30,717951,JEV v1.0,-0.5267434639312933,3,0.5267434639312933,0.13872351636059246,True
validation,765501,2026-06-17T22:20:00-07:00,765501_1781760000_H30,776019,JEV v1.0,-0.5134539852754392,4,0.5134539852754392,0.13872351636059246,True
validation,765501,2026-06-17T22:20:00-07:00,765501_1781760000_H30,773784,JEV v1.0,-0.4153903077982783,5,0.4153903077982783,0.13872351636059246,True
validation,765501,2026-06-17T22:25:00-07:00,765501_1781760300_H30,763616,JEV v1.0,-0.66652087881764,1,0.66652087881764,0.08861536618561508,True
validation,765501,2026-06-17T22:25:00-07:00,765501_1781760300_H30,773773,JEV v1.0,-0.5432579136068191,2,0.5432579136068191,0.08861536618561508,True
validation,765501,2026-06-17T22:25:00-07:00,765501_1781760300_H30,717951,JEV v1.0,-0.5341142953593196,3,0.5341142953593196,0.08861536618561508,True
validation,765501,2026-06-17T22:25:00-07:00,765501_1781760300_H30,776019,JEV v1.0,-0.5120082468914676,4,0.5120082468914676,0.08861536618561508,True
validation,765501,2026-06-17T22:25:00-07:00,765501_1781760300_H30,773784,JEV v1.0,-0.3500057641710514,5,0.3500057641710514,0.08861536618561508,True
validation,765501,2026-06-18T23:30:00-07:00,765501_1781850600_H30,763616,JEV v1.0,-0.6127774679955871,1,0.6127774679955871,0.06916121960809504,True
validation,765501,2026-06-18T23:30:00-07:00,765501_1781850600_H30,773773,JEV v1.0,-0.5165749991299285,2,0.5165749991299285,0.06916121960809504,True
validation,765501,2026-06-18T23:30:00-07:00,765501_1781850600_H30,776019,JEV v1.0,-0.5155918006516449,3,0.5155918006516449,0.06916121960809504,True
validation,765501,2026-06-18T23:30:00-07:00,765501_1781850600_H30,717951,JEV v1.0,-0.5074313808824292,4,0.5074313808824292,0.06916121960809504,True
validation,765501,2026-06-18T23:30:00-07:00,765501_1781850600_H30,773784,JEV v1.0,-0.30751268108937635,5,0.30751268108937635,0.06916121960809504,True
validation,765501,2026-06-18T23:35:00-07:00,765501_1781850900_H30,763616,JEV v1.0,-0.6456457792441641,1,0.6456457792441641,0.08668052334640332,True
validation,765501,2026-06-18T23:35:00-07:00,765501_1781850900_H30,776019,JEV v1.0,-0.525074158388662,2,0.525074158388662,0.08668052334640332,True
validation,765501,2026-06-18T23:35:00-07:00,765501_1781850900_H30,773773,JEV v1.0,-0.5179343291706519,3,0.5179343291706519,0.08668052334640332,True
validation,765501,2026-06-18T23:35:00-07:00,765501_1781850900_H30,717951,JEV v1.0,-0.5087907109231524,4,0.5087907109231524,0.08668052334640332,True
validation,765501,2026-06-18T23:35:00-07:00,765501_1781850900_H30,773784,JEV v1.0,-0.3634362083575664,5,0.3634362083575664,0.08668052334640332,True
validation,765501,2026-06-18T23:40:00-07:00,765501_1781851200_H30,763616,JEV v1.0,-0.626662773358457,1,0.626662773358457,0.06897083915876445,True
validation,765501,2026-06-18T23:40:00-07:00,765501_1781851200_H30,773773,JEV v1.0,-0.5307251215297614,2,0.5307251215297614,0.06897083915876445,True
validation,765501,2026-06-18T23:40:00-07:00,765501_1781851200_H30,776019,JEV v1.0,-0.5277256452081018,3,0.5277256452081018,0.06897083915876445,True
validation,765501,2026-06-18T23:40:00-07:00,765501_1781851200_H30,717951,JEV v1.0,-0.521581503282262,4,0.521581503282262,0.06897083915876445,True
validation,765501,2026-06-18T23:40:00-07:00,765501_1781851200_H30,773784,JEV v1.0,-0.2979201490856301,5,0.2979201490856301,0.06897083915876445,True
validation,765501,2026-06-18T23:45:00-07:00,765501_1781851500_H30,763616,JEV v1.0,-0.5791108195173018,1,0.5791108195173018,0.03908900866400503,True
validation,765501,2026-06-18T23:45:00-07:00,765501_1781851500_H30,773773,JEV v1.0,-0.5247384536119982,2,0.5247384536119982,0.03908900866400503,True
validation,765501,2026-06-18T23:45:00-07:00,765501_1781851500_H30,717951,JEV v1.0,-0.5155948353644989,3,0.5155948353644989,0.03908900866400503,True
validation,765501,2026-06-18T23:45:00-07:00,765501_1781851500_H30,776019,JEV v1.0,-0.5034867050482806,4,0.5034867050482806,0.03908900866400503,True
validation,765501,2026-06-18T23:45:00-07:00,765501_1781851500_H30,773784,JEV v1.0,-0.2744402401716315,5,0.2744402401716315,0.03908900866400503,True
validation,765501,2026-06-18T23:50:00-07:00,765501_1781851800_H30,763616,JEV v1.0,-0.7323736712344305,1,0.7323736712344305,0.14666390638961022,True
validation,765501,2026-06-18T23:50:00-07:00,765501_1781851800_H30,773773,JEV v1.0,-0.5283658476576629,2,0.5283658476576629,0.14666390638961022,True
validation,765501,2026-06-18T23:50:00-07:00,765501_1781851800_H30,717951,JEV v1.0,-0.5192222294101635,3,0.5192222294101635,0.14666390638961022,True
validation,765501,2026-06-18T23:50:00-07:00,765501_1781851800_H30,776019,JEV v1.0,-0.4963391624798426,4,0.4963391624798426,0.14666390638961022,True
validation,765501,2026-06-18T23:50:00-07:00,765501_1781851800_H30,773784,JEV v1.0,-0.4196245860531548,5,0.4196245860531548,0.14666390638961022,True
validation,765501,2026-06-18T23:55:00-07:00,765501_1781852100_H30,763616,JEV v1.0,-0.6951697967607287,1,0.6951697967607287,0.12707741743420217,True
validation,765501,2026-06-18T23:55:00-07:00,765501_1781852100_H30,773773,JEV v1.0,-0.5184065562696483,2,0.5184065562696483,0.12707741743420217,True
validation,765501,2026-06-18T23:55:00-07:00,765501_1781852100_H30,717951,JEV v1.0,-0.5092629380221488,3,0.5092629380221488,0.12707741743420217,True
validation,765501,2026-06-18T23:55:00-07:00,765501_1781852100_H30,776019,JEV v1.0,-0.5091013031786525,4,0.5091013031786525,0.12707741743420217,True
validation,765501,2026-06-18T23:55:00-07:00,765501_1781852100_H30,773784,JEV v1.0,-0.3902605781156087,5,0.3902605781156087,0.12707741743420217,True
validation,765501,2026-06-24T23:30:00-07:00,765501_1782369000_H30,776019,JEV v1.0,-0.5354051224209192,1,0.5354051224209192,0.0021798313571980282,True
validation,765501,2026-06-24T23:30:00-07:00,765501_1782369000_H30,773773,JEV v1.0,-0.517966471563335,2,0.517966471563335,0.0021798313571980282,True
validation,765501,2026-06-24T23:30:00-07:00,765501_1782369000_H30,717951,JEV v1.0,-0.5088228533158355,3,0.5088228533158355,0.0021798313571980282,True
validation,765501,2026-06-24T23:30:00-07:00,765501_1782369000_H30,763616,JEV v1.0,-0.4978901020496048,4,0.4978901020496048,0.0021798313571980282,True
validation,765501,2026-06-24T23:30:00-07:00,765501_1782369000_H30,773784,JEV v1.0,-0.19842230391966476,5,0.19842230391966476,0.0021798313571980282,True
validation,765501,2026-06-24T23:35:00-07:00,765501_1782369300_H30,776019,JEV v1.0,-0.5291847231212402,1,0.5291847231212402,0.0021398110931580144,True
validation,765501,2026-06-24T23:35:00-07:00,765501_1782369300_H30,763616,JEV v1.0,-0.5120662343759761,2,0.5120662343759761,0.0021398110931580144,True
validation,765501,2026-06-24T23:35:00-07:00,765501_1782369300_H30,773773,JEV v1.0,-0.5104710814098691,3,0.5104710814098691,0.0021398110931580144,True
validation,765501,2026-06-24T23:35:00-07:00,765501_1782369300_H30,717951,JEV v1.0,-0.5013274631623696,4,0.5013274631623696,0.0021398110931580144,True
validation,765501,2026-06-24T23:35:00-07:00,765501_1782369300_H30,773784,JEV v1.0,-0.1798953451630329,5,0.1798953451630329,0.0021398110931580144,True
validation,765501,2026-06-24T23:40:00-07:00,765501_1782369600_H30,763616,JEV v1.0,-0.5508932037227923,1,0.5508932037227923,0.014819672375029803,True
validation,765501,2026-06-24T23:40:00-07:00,765501_1782369600_H30,776019,JEV v1.0,-0.530279208215819,2,0.530279208215819,0.014819672375029803,True
validation,765501,2026-06-24T23:40:00-07:00,765501_1782369600_H30,773773,JEV v1.0,-0.5128384009722579,3,0.5128384009722579,0.014819672375029803,True
validation,765501,2026-06-24T23:40:00-07:00,765501_1782369600_H30,717951,JEV v1.0,-0.5036947827247584,4,0.5036947827247584,0.014819672375029803,True
validation,765501,2026-06-24T23:40:00-07:00,765501_1782369600_H30,773784,JEV v1.0,-0.22812595668868083,5,0.22812595668868083,0.014819672375029803,True
validation,765501,2026-06-24T23:45:00-07:00,765501_1782369900_H30,776019,JEV v1.0,-0.5385904946339832,1,0.5385904946339832,0.0027692440427223852,True
validation,765501,2026-06-24T23:45:00-07:00,765501_1782369900_H30,773773,JEV v1.0,-0.5164365422922041,2,0.5164365422922041,0.0027692440427223852,True
validation,765501,2026-06-24T23:45:00-07:00,765501_1782369900_H30,763616,JEV v1.0,-0.5128474612457253,3,0.5128474612457253,0.0027692440427223852,True
validation,765501,2026-06-24T23:45:00-07:00,765501_1782369900_H30,717951,JEV v1.0,-0.5072929240447047,4,0.5072929240447047,0.0027692440427223852,True
validation,765501,2026-06-24T23:45:00-07:00,765501_1782369900_H30,773784,JEV v1.0,-0.21292756703340143,5,0.21292756703340143,0.0027692440427223852,True
validation,765501,2026-06-24T23:50:00-07:00,765501_1782370200_H30,776019,JEV v1.0,-0.5372634643254808,1,0.5372634643254808,0.0020907147770894696,True
validation,765501,2026-06-24T23:50:00-07:00,765501_1782370200_H30,773773,JEV v1.0,-0.520537746108765,2,0.520537746108765,0.0020907147770894696,True
validation,765501,2026-06-24T23:50:00-07:00,765501_1782370200_H30,717951,JEV v1.0,-0.5113941278612656,3,0.5113941278612656,0.0020907147770894696,True
validation,765501,2026-06-24T23:50:00-07:00,765501_1782370200_H30,763616,JEV v1.0,-0.5016879657838399,4,0.5016879657838399,0.0020907147770894696,True
validation,765501,2026-06-24T23:50:00-07:00,765501_1782370200_H30,773784,JEV v1.0,-0.14636929894319262,5,0.14636929894319262,0.0020907147770894696,True
validation,765501,2026-06-24T23:55:00-07:00,765501_1782370500_H30,763616,JEV v1.0,-0.5109227722829411,1,0.5109227722829411,0.0019992554915631974,True
validation,765501,2026-06-24T23:55:00-07:00,765501_1782370500_H30,773773,JEV v1.0,-0.5081418306617339,2,0.5081418306617339,0.0019992554915631974,True
validation,765501,2026-06-24T23:55:00-07:00,765501_1782370500_H30,717951,JEV v1.0,-0.49899821241423453,3,0.49899821241423453,0.0019992554915631974,True
validation,765501,2026-06-24T23:55:00-07:00,765501_1782370500_H30,776019,JEV v1.0,-0.4934052176834325,4,0.4934052176834325,0.0019992554915631974,True
validation,765501,2026-06-24T23:55:00-07:00,765501_1782370500_H30,773784,JEV v1.0,-0.20848852679147822,5,0.20848852679147822,0.0019992554915631974,True
validation,765501,2026-06-27T23:30:00-07:00,765501_1782628200_H30,763616,JEV v1.0,-0.7559365953359037,1,0.7559365953359037,0.15847789146153826,True
validation,765501,2026-06-27T23:30:00-07:00,765501_1782628200_H30,776019,JEV v1.0,-0.5354956530619568,2,0.5354956530619568,0.15847789146153826,True
validation,765501,2026-06-27T23:30:00-07:00,765501_1782628200_H30,773773,JEV v1.0,-0.5314576478081827,3,0.5314576478081827,0.15847789146153826,True
validation,765501,2026-06-27T23:30:00-07:00,765501_1782628200_H30,717951,JEV v1.0,-0.5223140295606834,4,0.5223140295606834,0.15847789146153826,True
validation,765501,2026-06-27T23:30:00-07:00,765501_1782628200_H30,773784,JEV v1.0,-0.45053668161859567,5,0.45053668161859567,0.15847789146153826,True
validation,765501,2026-06-27T23:35:00-07:00,765501_1782628500_H30,763616,JEV v1.0,-0.7279069611437496,1,0.7279069611437496,0.15573161510759526,True
validation,765501,2026-06-27T23:35:00-07:00,765501_1782628500_H30,773773,JEV v1.0,-0.5112860580034934,2,0.5112860580034934,0.15573161510759526,True
validation,765501,2026-06-27T23:35:00-07:00,765501_1782628500_H30,717951,JEV v1.0,-0.5021424397559939,3,0.5021424397559939,0.15573161510759526,True
validation,765501,2026-06-27T23:35:00-07:00,765501_1782628500_H30,776019,JEV v1.0,-0.4893280506412748,4,0.4893280506412748,0.15573161510759526,True
validation,765501,2026-06-27T23:35:00-07:00,765501_1782628500_H30,773784,JEV v1.0,-0.3793700117124013,5,0.3793700117124013,0.15573161510759526,True
validation,765501,2026-06-27T23:40:00-07:00,765501_1782628800_H30,763616,JEV v1.0,-0.7651573300624247,1,0.7651573300624247,0.18641985103034978,True
validation,765501,2026-06-27T23:40:00-07:00,765501_1782628800_H30,773773,JEV v1.0,-0.5058494402317946,2,0.5058494402317946,0.18641985103034978,True
validation,765501,2026-06-27T23:40:00-07:00,765501_1782628800_H30,717951,JEV v1.0,-0.4967058219842952,3,0.4967058219842952,0.18641985103034978,True
validation,765501,2026-06-27T23:40:00-07:00,765501_1782628800_H30,776019,JEV v1.0,-0.49053535291523925,4,0.49053535291523925,0.18641985103034978,True
validation,765501,2026-06-27T23:40:00-07:00,765501_1782628800_H30,773784,JEV v1.0,-0.4778570687556087,5,0.4778570687556087,0.18641985103034978,True
validation,765501,2026-06-27T23:45:00-07:00,765501_1782629100_H30,763616,JEV v1.0,-0.7870516474408309,1,0.7870516474408309,0.20596202977751205,True
validation,765501,2026-06-27T23:45:00-07:00,765501_1782629100_H30,773773,JEV v1.0,-0.5005608095195779,2,0.5005608095195779,0.20596202977751205,True
validation,765501,2026-06-27T23:45:00-07:00,765501_1782629100_H30,717951,JEV v1.0,-0.49141719127207856,3,0.49141719127207856,0.20596202977751205,True
validation,765501,2026-06-27T23:45:00-07:00,765501_1782629100_H30,773784,JEV v1.0,-0.4875461751111774,4,0.4875461751111774,0.20596202977751205,True
validation,765501,2026-06-27T23:45:00-07:00,765501_1782629100_H30,776019,JEV v1.0,-0.4795626335333729,5,0.4795626335333729,0.20596202977751205,True
validation,765501,2026-06-27T23:50:00-07:00,765501_1782629400_H30,763616,JEV v1.0,-0.7217031793485248,1,0.7217031793485248,0.1675530333556439,True
validation,765501,2026-06-27T23:50:00-07:00,765501_1782629400_H30,773773,JEV v1.0,-0.48863881804775455,2,0.48863881804775455,0.1675530333556439,True
validation,765501,2026-06-27T23:50:00-07:00,765501_1782629400_H30,717951,JEV v1.0,-0.4794951998002552,3,0.4794951998002552,0.1675530333556439,True
validation,765501,2026-06-27T23:50:00-07:00,765501_1782629400_H30,776019,JEV v1.0,-0.4717719898304023,4,0.4717719898304023,0.1675530333556439,True
validation,765501,2026-06-27T23:50:00-07:00,765501_1782629400_H30,773784,JEV v1.0,-0.4371678712729688,5,0.4371678712729688,0.1675530333556439,True
validation,765501,2026-06-27T23:55:00-07:00,765501_1782629700_H30,763616,JEV v1.0,-0.7906204505492916,1,0.7906204505492916,0.22159196872201598,True
validation,765501,2026-06-27T23:55:00-07:00,765501_1782629700_H30,773784,JEV v1.0,-0.482388545550257,2,0.482388545550257,0.22159196872201598,True
validation,765501,2026-06-27T23:55:00-07:00,765501_1782629700_H30,773773,JEV v1.0,-0.4742924683554947,3,0.4742924683554947,0.22159196872201598,True
validation,765501,2026-06-27T23:55:00-07:00,765501_1782629700_H30,717951,JEV v1.0,-0.46514885010799534,4,0.46514885010799534,0.22159196872201598,True
validation,765501,2026-06-27T23:55:00-07:00,765501_1782629700_H30,776019,JEV v1.0,-0.4582059826403331,5,0.4582059826403331,0.22159196872201598,True
validation,769895,2026-06-03T17:30:00-07:00,769895_1780533000_H30,769880,JEV v1.0,-0.7801680247976417,1,0.7801680247976417,0.0314960334707245,True
validation,769895,2026-06-03T17:30:00-07:00,769895_1780533000_H30,769847,JEV v1.0,-0.7390447854689498,2,0.7390447854689498,0.0314960334707245,True
validation,769895,2026-06-03T17:30:00-07:00,769895_1780533000_H30,769866,JEV v1.0,-0.6688327632327621,3,0.6688327632327621,0.0314960334707245,True
validation,769895,2026-06-03T17:30:00-07:00,769895_1780533000_H30,770116,JEV v1.0,-0.4490410898563341,4,0.4490410898563341,0.0314960334707245,True
validation,769895,2026-06-03T17:30:00-07:00,769895_1780533000_H30,770385,JEV v1.0,-0.4249848925459306,5,0.4249848925459306,0.0314960334707245,True
validation,769895,2026-06-03T17:35:00-07:00,769895_1780533300_H30,769880,JEV v1.0,-0.7160656041701061,1,0.7160656041701061,0.00023155746412009941,True
validation,769895,2026-06-03T17:35:00-07:00,769895_1780533300_H30,769847,JEV v1.0,-0.7157632679084874,2,0.7157632679084874,0.00023155746412009941,True
validation,769895,2026-06-03T17:35:00-07:00,769895_1780533300_H30,769866,JEV v1.0,-0.651261758263525,3,0.651261758263525,0.00023155746412009941,True
validation,769895,2026-06-03T17:35:00-07:00,769895_1780533300_H30,770116,JEV v1.0,-0.45139718932625394,4,0.45139718932625394,0.00023155746412009941,True
validation,769895,2026-06-03T17:35:00-07:00,769895_1780533300_H30,770385,JEV v1.0,-0.420368197172958,5,0.420368197172958,0.00023155746412009941,True
validation,769895,2026-06-03T17:40:00-07:00,769895_1780533600_H30,769880,JEV v1.0,-0.7871163177415289,1,0.7871163177415289,0.011628962792447019,True
validation,769895,2026-06-03T17:40:00-07:00,769895_1780533600_H30,769847,JEV v1.0,-0.7719327988230988,2,0.7719327988230988,0.011628962792447019,True
validation,769895,2026-06-03T17:40:00-07:00,769895_1780533600_H30,769866,JEV v1.0,-0.7022276266757975,3,0.7022276266757975,0.011628962792447019,True
validation,769895,2026-06-03T17:40:00-07:00,769895_1780533600_H30,770385,JEV v1.0,-0.4683195200531629,4,0.4683195200531629,0.011628962792447019,True
validation,769895,2026-06-03T17:40:00-07:00,769895_1780533600_H30,770116,JEV v1.0,-0.46397568919709187,5,0.46397568919709187,0.011628962792447019,True
validation,769895,2026-06-03T17:45:00-07:00,769895_1780533900_H30,769847,JEV v1.0,-0.7640811634706545,1,0.7640811634706545,0.09461078846368137,True
validation,769895,2026-06-03T17:45:00-07:00,769895_1780533900_H30,769866,JEV v1.0,-0.6405512561036011,2,0.6405512561036011,0.09461078846368137,True
validation,769895,2026-06-03T17:45:00-07:00,769895_1780533900_H30,769880,JEV v1.0,-0.6197520407011512,3,0.6197520407011512,0.09461078846368137,True
validation,769895,2026-06-03T17:45:00-07:00,769895_1780533900_H30,770116,JEV v1.0,-0.47701795230273114,4,0.47701795230273114,0.09461078846368137,True
validation,769895,2026-06-03T17:45:00-07:00,769895_1780533900_H30,770385,JEV v1.0,-0.4615141088194267,5,0.4615141088194267,0.09461078846368137,True
validation,769895,2026-06-03T17:50:00-07:00,769895_1780534200_H30,769866,JEV v1.0,-0.7225570119710875,1,0.7225570119710875,0.02569645957935942,True
validation,769895,2026-06-03T17:50:00-07:00,769895_1780534200_H30,769847,JEV v1.0,-0.6882663549516866,2,0.6882663549516866,0.02569645957935942,True
validation,769895,2026-06-03T17:50:00-07:00,769895_1780534200_H30,769880,JEV v1.0,-0.6199947191432363,3,0.6199947191432363,0.02569645957935942,True
validation,769895,2026-06-03T17:50:00-07:00,769895_1780534200_H30,770116,JEV v1.0,-0.49356347350628244,4,0.49356347350628244,0.02569645957935942,True
validation,769895,2026-06-03T17:50:00-07:00,769895_1780534200_H30,770385,JEV v1.0,-0.3962600896386302,5,0.3962600896386302,0.02569645957935942,True
validation,769895,2026-06-03T17:55:00-07:00,769895_1780534500_H30,769847,JEV v1.0,-0.7855856557961111,1,0.7855856557961111,0.03632489486369292,True
validation,769895,2026-06-03T17:55:00-07:00,769895_1780534500_H30,769866,JEV v1.0,-0.7381575456355826,2,0.7381575456355826,0.03632489486369292,True
validation,769895,2026-06-03T17:55:00-07:00,769895_1780534500_H30,769880,JEV v1.0,-0.6926208814193464,3,0.6926208814193464,0.03632489486369292,True
validation,769895,2026-06-03T17:55:00-07:00,769895_1780534500_H30,770385,JEV v1.0,-0.5353783539733503,4,0.5353783539733503,0.03632489486369292,True
validation,769895,2026-06-03T17:55:00-07:00,769895_1780534500_H30,770116,JEV v1.0,-0.4744645381675013,5,0.4744645381675013,0.03632489486369292,True
validation,769895,2026-06-04T23:30:00-07:00,769895_1780641000_H30,769880,JEV v1.0,-0.6272442407794955,1,0.6272442407794955,0.0164471070207958,True
validation,769895,2026-06-04T23:30:00-07:00,769895_1780641000_H30,769847,JEV v1.0,-0.6057698440460316,2,0.6057698440460316,0.0164471070207958,True
validation,769895,2026-06-04T23:30:00-07:00,769895_1780641000_H30,769866,JEV v1.0,-0.5956250685130544,3,0.5956250685130544,0.0164471070207958,True
validation,769895,2026-06-04T23:30:00-07:00,769895_1780641000_H30,770116,JEV v1.0,-0.5105629195686996,4,0.5105629195686996,0.0164471070207958,True
validation,769895,2026-06-04T23:30:00-07:00,769895_1780641000_H30,770385,JEV v1.0,-0.42211294760050266,5,0.42211294760050266,0.0164471070207958,True
validation,769895,2026-06-04T23:35:00-07:00,769895_1780641300_H30,769847,JEV v1.0,-0.5726919997019316,1,0.5726919997019316,0.01834548435728459,True
validation,769895,2026-06-04T23:35:00-07:00,769895_1780641300_H30,769880,JEV v1.0,-0.5487389598841836,2,0.5487389598841836,0.01834548435728459,True
validation,769895,2026-06-04T23:35:00-07:00,769895_1780641300_H30,769866,JEV v1.0,-0.5433497010771511,3,0.5433497010771511,0.01834548435728459,True
validation,769895,2026-06-04T23:35:00-07:00,769895_1780641300_H30,770116,JEV v1.0,-0.5275625483756172,4,0.5275625483756172,0.01834548435728459,True
validation,769895,2026-06-04T23:35:00-07:00,769895_1780641300_H30,770385,JEV v1.0,-0.376099828685789,5,0.376099828685789,0.01834548435728459,True
validation,769895,2026-06-04T23:40:00-07:00,769895_1780641600_H30,769847,JEV v1.0,-0.5903909789345098,1,0.5903909789345098,0.0407776441096047,True
validation,769895,2026-06-04T23:40:00-07:00,769895_1780641600_H30,769880,JEV v1.0,-0.5371490740597838,2,0.5371490740597838,0.0407776441096047,True
validation,769895,2026-06-04T23:40:00-07:00,769895_1780641600_H30,770116,JEV v1.0,-0.5320097789075887,3,0.5320097789075887,0.0407776441096047,True
validation,769895,2026-06-04T23:40:00-07:00,769895_1780641600_H30,769866,JEV v1.0,-0.5072008146068839,4,0.5072008146068839,0.0407776441096047,True
validation,769895,2026-06-04T23:40:00-07:00,769895_1780641600_H30,770385,JEV v1.0,-0.4000680745122065,5,0.4000680745122065,0.0407776441096047,True
validation,769895,2026-06-04T23:45:00-07:00,769895_1780641900_H30,769866,JEV v1.0,-0.5937234012692767,1,0.5937234012692767,0.03192643199627107,True
validation,769895,2026-06-04T23:45:00-07:00,769895_1780641900_H30,769847,JEV v1.0,-0.5511191535496129,2,0.5511191535496129,0.03192643199627107,True
validation,769895,2026-06-04T23:45:00-07:00,769895_1780641900_H30,769880,JEV v1.0,-0.5405374916799612,3,0.5405374916799612,0.03192643199627107,True
validation,769895,2026-06-04T23:45:00-07:00,769895_1780641900_H30,770116,JEV v1.0,-0.530160576793587,4,0.530160576793587,0.03192643199627107,True
validation,769895,2026-06-04T23:45:00-07:00,769895_1780641900_H30,770385,JEV v1.0,-0.3876989939957137,5,0.3876989939957137,0.03192643199627107,True
validation,769895,2026-06-04T23:50:00-07:00,769895_1780642200_H30,769880,JEV v1.0,-0.6720637517386436,1,0.6720637517386436,0.044259796386201526,True
validation,769895,2026-06-04T23:50:00-07:00,769895_1780642200_H30,769866,JEV v1.0,-0.6142753257414233,2,0.6142753257414233,0.044259796386201526,True
validation,769895,2026-06-04T23:50:00-07:00,769895_1780642200_H30,770116,JEV v1.0,-0.5287013630910588,3,0.5287013630910588,0.044259796386201526,True
validation,769895,2026-06-04T23:50:00-07:00,769895_1780642200_H30,769847,JEV v1.0,-0.5277662005864914,4,0.5277662005864914,0.044259796386201526,True
validation,769895,2026-06-04T23:50:00-07:00,769895_1780642200_H30,770385,JEV v1.0,-0.2721857675157516,5,0.2721857675157516,0.044259796386201526,True
validation,769895,2026-06-04T23:55:00-07:00,769895_1780642500_H30,769847,JEV v1.0,-0.6832700295949371,1,0.6832700295949371,0.03959698440281629,True
validation,769895,2026-06-04T23:55:00-07:00,769895_1780642500_H30,769866,JEV v1.0,-0.6315696696812023,2,0.6315696696812023,0.03959698440281629,True
validation,769895,2026-06-04T23:55:00-07:00,769895_1780642500_H30,769880,JEV v1.0,-0.6261494125191374,3,0.6261494125191374,0.03959698440281629,True
validation,769895,2026-06-04T23:55:00-07:00,769895_1780642500_H30,770116,JEV v1.0,-0.5324728536992412,4,0.5324728536992412,0.03959698440281629,True
validation,769895,2026-06-04T23:55:00-07:00,769895_1780642500_H30,770385,JEV v1.0,-0.481043009552581,5,0.481043009552581,0.03959698440281629,True
validation,769895,2026-06-06T07:20:00-07:00,769895_1780755600_H30,769847,JEV v1.0,-0.5488953464933551,1,0.5488953464933551,0.01874623708376917,True
validation,769895,2026-06-06T07:20:00-07:00,769895_1780755600_H30,770385,JEV v1.0,-0.5055575032877521,2,0.5055575032877521,0.01874623708376917,True
validation,769895,2026-06-06T07:20:00-07:00,769895_1780755600_H30,769880,JEV v1.0,-0.49416390944475497,3,0.49416390944475497,0.01874623708376917,True
validation,769895,2026-06-06T07:20:00-07:00,769895_1780755600_H30,769866,JEV v1.0,-0.4320131443881413,4,0.4320131443881413,0.01874623708376917,True
validation,769895,2026-06-06T07:20:00-07:00,769895_1780755600_H30,770116,JEV v1.0,-0.41877116280630233,5,0.41877116280630233,0.01874623708376917,True
validation,769895,2026-06-06T07:25:00-07:00,769895_1780755900_H30,769847,JEV v1.0,-0.5275086553475578,1,0.5275086553475578,0.0056631817282418295,True
validation,769895,2026-06-06T07:25:00-07:00,769895_1780755900_H30,770385,JEV v1.0,-0.5137539584635985,2,0.5137539584635985,0.0056631817282418295,True
validation,769895,2026-06-06T07:25:00-07:00,769895_1780755900_H30,769880,JEV v1.0,-0.4219199522034044,3,0.4219199522034044,0.0056631817282418295,True
validation,769895,2026-06-06T07:25:00-07:00,769895_1780755900_H30,770116,JEV v1.0,-0.4209385541516747,4,0.4209385541516747,0.0056631817282418295,True
validation,769895,2026-06-06T07:25:00-07:00,769895_1780755900_H30,769866,JEV v1.0,-0.4032869479557263,5,0.4032869479557263,0.0056631817282418295,True
validation,769895,2026-06-06T07:30:00-07:00,769895_1780756200_H30,769847,JEV v1.0,-0.5452366012128107,1,0.5452366012128107,0.02514465925731761,True
validation,769895,2026-06-06T07:30:00-07:00,769895_1780756200_H30,770385,JEV v1.0,-0.4809105358101575,2,0.4809105358101575,0.02514465925731761,True
validation,769895,2026-06-06T07:30:00-07:00,769895_1780756200_H30,770116,JEV v1.0,-0.427745991191705,3,0.427745991191705,0.02514465925731761,True
validation,769895,2026-06-06T07:30:00-07:00,769895_1780756200_H30,769866,JEV v1.0,-0.3635288220169789,4,0.3635288220169789,0.02514465925731761,True
validation,769895,2026-06-06T07:30:00-07:00,769895_1780756200_H30,769880,JEV v1.0,-0.3205836546702209,5,0.3205836546702209,0.02514465925731761,True
validation,769895,2026-06-06T07:35:00-07:00,769895_1780756500_H30,769847,JEV v1.0,-0.5296215878248322,1,0.5296215878248322,0.001308114536040086,True
validation,769895,2026-06-06T07:35:00-07:00,769895_1780756500_H30,770385,JEV v1.0,-0.5260867206811887,2,0.5260867206811887,0.001308114536040086,True
validation,769895,2026-06-06T07:35:00-07:00,769895_1780756500_H30,769880,JEV v1.0,-0.45805722448110997,3,0.45805722448110997,0.001308114536040086,True
validation,769895,2026-06-06T07:35:00-07:00,769895_1780756500_H30,770116,JEV v1.0,-0.44954100237364636,4,0.44954100237364636,0.001308114536040086,True
validation,769895,2026-06-06T07:35:00-07:00,769895_1780756500_H30,769866,JEV v1.0,-0.42116452226350415,5,0.42116452226350415,0.001308114536040086,True
validation,769895,2026-06-06T07:40:00-07:00,769895_1780756800_H30,769847,JEV v1.0,-0.5445364207347289,1,0.5445364207347289,0.004285398991028243,True
validation,769895,2026-06-06T07:40:00-07:00,769895_1780756800_H30,770385,JEV v1.0,-0.5322653262200293,2,0.5322653262200293,0.004285398991028243,True
validation,769895,2026-06-06T07:40:00-07:00,769895_1780756800_H30,770116,JEV v1.0,-0.4597293862644931,3,0.4597293862644931,0.004285398991028243,True
validation,769895,2026-06-06T07:40:00-07:00,769895_1780756800_H30,769880,JEV v1.0,-0.42949277455023654,4,0.42949277455023654,0.004285398991028243,True
validation,769895,2026-06-06T07:40:00-07:00,769895_1780756800_H30,769866,JEV v1.0,-0.4195989633975544,5,0.4195989633975544,0.004285398991028243,True
validation,769895,2026-06-06T07:45:00-07:00,769895_1780757100_H30,770385,JEV v1.0,-0.5275896801289822,1,0.5275896801289822,0.008618306894879175,True
validation,769895,2026-06-06T07:45:00-07:00,769895_1780757100_H30,769847,JEV v1.0,-0.4905774573530874,2,0.4905774573530874,0.008618306894879175,True
validation,769895,2026-06-06T07:45:00-07:00,769895_1780757100_H30,770116,JEV v1.0,-0.4632354016930264,3,0.4632354016930264,0.008618306894879175,True
validation,769895,2026-06-06T07:45:00-07:00,769895_1780757100_H30,769866,JEV v1.0,-0.4586120953806443,4,0.4586120953806443,0.008618306894879175,True
validation,769895,2026-06-06T07:45:00-07:00,769895_1780757100_H30,769880,JEV v1.0,-0.4543924593788405,5,0.4543924593788405,0.008618306894879175,True
validation,769895,2026-06-12T23:30:00-07:00,769895_1781332200_H30,769847,JEV v1.0,-0.6943322068422323,1,0.6943322068422323,0.08295273516473162,True
validation,769895,2026-06-12T23:30:00-07:00,769895_1781332200_H30,769880,JEV v1.0,-0.5860238008228001,2,0.5860238008228001,0.08295273516473162,True
validation,769895,2026-06-12T23:30:00-07:00,769895_1781332200_H30,769866,JEV v1.0,-0.5556450340561444,3,0.5556450340561444,0.08295273516473162,True
validation,769895,2026-06-12T23:30:00-07:00,769895_1781332200_H30,770116,JEV v1.0,-0.5197329874689459,4,0.5197329874689459,0.08295273516473162,True
validation,769895,2026-06-12T23:30:00-07:00,769895_1781332200_H30,770385,JEV v1.0,-0.31381808963308744,5,0.31381808963308744,0.08295273516473162,True
validation,769895,2026-06-12T23:35:00-07:00,769895_1781332500_H30,769847,JEV v1.0,-0.679668961418514,1,0.679668961418514,0.10447105928354025,True
validation,769895,2026-06-12T23:35:00-07:00,769895_1781332500_H30,770116,JEV v1.0,-0.5432648526969417,2,0.5432648526969417,0.10447105928354025,True
validation,769895,2026-06-12T23:35:00-07:00,769895_1781332500_H30,769866,JEV v1.0,-0.5339685335644717,3,0.5339685335644717,0.10447105928354025,True
validation,769895,2026-06-12T23:35:00-07:00,769895_1781332500_H30,769880,JEV v1.0,-0.511138114665722,4,0.511138114665722,0.10447105928354025,True
validation,769895,2026-06-12T23:35:00-07:00,769895_1781332500_H30,770385,JEV v1.0,-0.312452463798757,5,0.312452463798757,0.10447105928354025,True
validation,769895,2026-06-12T23:40:00-07:00,769895_1781332800_H30,769847,JEV v1.0,-0.6503671741462456,1,0.6503671741462456,0.021795405706272055,True
validation,769895,2026-06-12T23:40:00-07:00,769895_1781332800_H30,769880,JEV v1.0,-0.6219096959702057,2,0.6219096959702057,0.021795405706272055,True
validation,769895,2026-06-12T23:40:00-07:00,769895_1781332800_H30,769866,JEV v1.0,-0.5732212087443433,3,0.5732212087443433,0.021795405706272055,True
validation,769895,2026-06-12T23:40:00-07:00,769895_1781332800_H30,770116,JEV v1.0,-0.5410081528993802,4,0.5410081528993802,0.021795405706272055,True
validation,769895,2026-06-12T23:40:00-07:00,769895_1781332800_H30,770385,JEV v1.0,-0.31157706757605275,5,0.31157706757605275,0.021795405706272055,True
validation,769895,2026-06-12T23:45:00-07:00,769895_1781333100_H30,769847,JEV v1.0,-0.690295250174794,1,0.690295250174794,0.05833305677430786,True
validation,769895,2026-06-12T23:45:00-07:00,769895_1781333100_H30,769866,JEV v1.0,-0.6141318737060156,2,0.6141318737060156,0.05833305677430786,True
validation,769895,2026-06-12T23:45:00-07:00,769895_1781333100_H30,769880,JEV v1.0,-0.5848568745478107,3,0.5848568745478107,0.05833305677430786,True
validation,769895,2026-06-12T23:45:00-07:00,769895_1781333100_H30,770116,JEV v1.0,-0.5111054031580439,4,0.5111054031580439,0.05833305677430786,True
validation,769895,2026-06-12T23:45:00-07:00,769895_1781333100_H30,770385,JEV v1.0,-0.4369702135763194,5,0.4369702135763194,0.05833305677430786,True
validation,769895,2026-06-12T23:50:00-07:00,769895_1781333400_H30,769847,JEV v1.0,-0.7067083915440038,1,0.7067083915440038,0.11579482393016582,True
validation,769895,2026-06-12T23:50:00-07:00,769895_1781333400_H30,769880,JEV v1.0,-0.5555192501579913,2,0.5555192501579913,0.11579482393016582,True
validation,769895,2026-06-12T23:50:00-07:00,769895_1781333400_H30,769866,JEV v1.0,-0.549897943450065,3,0.549897943450065,0.11579482393016582,True
validation,769895,2026-06-12T23:50:00-07:00,769895_1781333400_H30,770116,JEV v1.0,-0.5302592663539332,4,0.5302592663539332,0.11579482393016582,True
validation,769895,2026-06-12T23:50:00-07:00,769895_1781333400_H30,770385,JEV v1.0,-0.41779144324525963,5,0.41779144324525963,0.11579482393016582,True
validation,769895,2026-06-12T23:55:00-07:00,769895_1781333700_H30,769847,JEV v1.0,-0.7090331782391242,1,0.7090331782391242,0.12185193896398178,True
validation,769895,2026-06-12T23:55:00-07:00,769895_1781333700_H30,769866,JEV v1.0,-0.5499354793705145,2,0.5499354793705145,0.12185193896398178,True
validation,769895,2026-06-12T23:55:00-07:00,769895_1781333700_H30,769880,JEV v1.0,-0.5424206918801922,3,0.5424206918801922,0.12185193896398178,True
validation,769895,2026-06-12T23:55:00-07:00,769895_1781333700_H30,770116,JEV v1.0,-0.5125991049810973,4,0.5125991049810973,0.12185193896398178,True
validation,769895,2026-06-12T23:55:00-07:00,769895_1781333700_H30,770385,JEV v1.0,-0.3742897071902674,5,0.3742897071902674,0.12185193896398178,True
validation,769895,2026-06-17T11:15:00-07:00,769895_1781720100_H30,769880,JEV v1.0,-0.6698783644993671,1,0.6698783644993671,0.033315288699926865,True
validation,769895,2026-06-17T11:15:00-07:00,769895_1781720100_H30,769847,JEV v1.0,-0.6025829695506205,2,0.6025829695506205,0.033315288699926865,True
validation,769895,2026-06-17T11:15:00-07:00,769895_1781720100_H30,770116,JEV v1.0,-0.44735218254752357,3,0.44735218254752357,0.033315288699926865,True
validation,769895,2026-06-17T11:15:00-07:00,769895_1781720100_H30,769866,JEV v1.0,-0.43899130161335453,4,0.43899130161335453,0.033315288699926865,True
validation,769895,2026-06-17T11:15:00-07:00,769895_1781720100_H30,770385,JEV v1.0,-0.23283165337226333,5,0.23283165337226333,0.033315288699926865,True
validation,769965,2026-06-03T17:30:00-07:00,769965_1780533000_H30,769926,JEV v1.0,-0.7144473133559185,1,0.7144473133559185,0.03860646959639052,True
validation,769965,2026-06-03T17:30:00-07:00,769965_1780533000_H30,769867,JEV v1.0,-0.6553073645001274,2,0.6553073645001274,0.03860646959639052,True
validation,769965,2026-06-03T17:30:00-07:00,769965_1780533000_H30,770129,JEV v1.0,-0.6465688430426632,3,0.6465688430426632,0.03860646959639052,True
validation,769965,2026-06-03T17:30:00-07:00,769965_1780533000_H30,770141,JEV v1.0,-0.6095970783368562,4,0.6095970783368562,0.03860646959639052,True
validation,769965,2026-06-03T17:30:00-07:00,769965_1780533000_H30,769911,JEV v1.0,-0.48131450878154897,5,0.48131450878154897,0.03860646959639052,True
validation,769965,2026-06-03T17:35:00-07:00,769965_1780533300_H30,769926,JEV v1.0,-0.6966092919915149,1,0.6966092919915149,0.02803868526157589,True
validation,769965,2026-06-03T17:35:00-07:00,769965_1780533300_H30,769867,JEV v1.0,-0.6536577755827663,2,0.6536577755827663,0.02803868526157589,True
validation,769965,2026-06-03T17:35:00-07:00,769965_1780533300_H30,770129,JEV v1.0,-0.6343202874130092,3,0.6343202874130092,0.02803868526157589,True
validation,769965,2026-06-03T17:35:00-07:00,769965_1780533300_H30,769911,JEV v1.0,-0.6147738323468693,4,0.6147738323468693,0.02803868526157589,True
validation,769965,2026-06-03T17:35:00-07:00,769965_1780533300_H30,770141,JEV v1.0,-0.5995182188221184,5,0.5995182188221184,0.02803868526157589,True
validation,769965,2026-06-03T17:40:00-07:00,769965_1780533600_H30,769867,JEV v1.0,-0.7198094911930631,1,0.7198094911930631,0.03812198660101175,True
validation,769965,2026-06-03T17:40:00-07:00,769965_1780533600_H30,769926,JEV v1.0,-0.6614117054997612,2,0.6614117054997612,0.03812198660101175,True
validation,769965,2026-06-03T17:40:00-07:00,769965_1780533600_H30,770129,JEV v1.0,-0.6541400836676055,3,0.6541400836676055,0.03812198660101175,True
validation,769965,2026-06-03T17:40:00-07:00,769965_1780533600_H30,770141,JEV v1.0,-0.6072625323436878,4,0.6072625323436878,0.03812198660101175,True
validation,769965,2026-06-03T17:40:00-07:00,769965_1780533600_H30,769911,JEV v1.0,-0.5588667749876931,5,0.5588667749876931,0.03812198660101175,True
validation,769965,2026-06-03T17:45:00-07:00,769965_1780533900_H30,769926,JEV v1.0,-0.7348521220685983,1,0.7348521220685983,0.027911069573342027,True
validation,769965,2026-06-03T17:45:00-07:00,769965_1780533900_H30,769867,JEV v1.0,-0.6920960958290946,2,0.6920960958290946,0.027911069573342027,True
validation,769965,2026-06-03T17:45:00-07:00,769965_1780533900_H30,770129,JEV v1.0,-0.6788777051327578,3,0.6788777051327578,0.027911069573342027,True
validation,769965,2026-06-03T17:45:00-07:00,769965_1780533900_H30,770141,JEV v1.0,-0.6337401834134623,4,0.6337401834134623,0.027911069573342027,True
validation,769965,2026-06-03T17:45:00-07:00,769965_1780533900_H30,769911,JEV v1.0,-0.5736248143473704,5,0.5736248143473704,0.027911069573342027,True
validation,769965,2026-06-03T17:50:00-07:00,769965_1780534200_H30,770129,JEV v1.0,-0.6857223965865932,1,0.6857223965865932,0.005565065540204135,True
validation,769965,2026-06-03T17:50:00-07:00,769965_1780534200_H30,770141,JEV v1.0,-0.6771974603552428,2,0.6771974603552428,0.005565065540204135,True
validation,769965,2026-06-03T17:50:00-07:00,769965_1780534200_H30,769867,JEV v1.0,-0.6498331206527931,3,0.6498331206527931,0.005565065540204135,True
validation,769965,2026-06-03T17:50:00-07:00,769965_1780534200_H30,769911,JEV v1.0,-0.5955648363941904,4,0.5955648363941904,0.005565065540204135,True
validation,769965,2026-06-03T17:50:00-07:00,769965_1780534200_H30,769926,JEV v1.0,-0.5040553074019561,5,0.5040553074019561,0.005565065540204135,True
validation,769965,2026-06-03T17:55:00-07:00,769965_1780534500_H30,770141,JEV v1.0,-0.6863116147549986,1,0.6863116147549986,0.0030115518859344893,True
validation,769965,2026-06-03T17:55:00-07:00,769965_1780534500_H30,769867,JEV v1.0,-0.6816983199789495,2,0.6816983199789495,0.0030115518859344893,True
validation,769965,2026-06-03T17:55:00-07:00,769965_1780534500_H30,769926,JEV v1.0,-0.6577967285484428,3,0.6577967285484428,0.0030115518859344893,True
validation,769965,2026-06-03T17:55:00-07:00,769965_1780534500_H30,770129,JEV v1.0,-0.6364139807566961,4,0.6364139807566961,0.0030115518859344893,True
validation,769965,2026-06-03T17:55:00-07:00,769965_1780534500_H30,769911,JEV v1.0,-0.5740199806883606,5,0.5740199806883606,0.0030115518859344893,True
validation,769965,2026-06-04T23:30:00-07:00,769965_1780641000_H30,770129,JEV v1.0,-0.5795415513576748,1,0.5795415513576748,0.03337694598749901,True
validation,769965,2026-06-04T23:30:00-07:00,769965_1780641000_H30,769867,JEV v1.0,-0.5284125333640756,2,0.5284125333640756,0.03337694598749901,True
validation,769965,2026-06-04T23:30:00-07:00,769965_1780641000_H30,769926,JEV v1.0,-0.47096113753112556,3,0.47096113753112556,0.03337694598749901,True
validation,769965,2026-06-04T23:30:00-07:00,769965_1780641000_H30,770141,JEV v1.0,-0.44922734358525657,4,0.44922734358525657,0.03337694598749901,True
validation,769965,2026-06-04T23:30:00-07:00,769965_1780641000_H30,769911,JEV v1.0,-0.37891109160128345,5,0.37891109160128345,0.03337694598749901,True
validation,769965,2026-06-04T23:35:00-07:00,769965_1780641300_H30,770129,JEV v1.0,-0.5729932374118608,1,0.5729932374118608,0.03728182254054333,True
validation,769965,2026-06-04T23:35:00-07:00,769965_1780641300_H30,769867,JEV v1.0,-0.5158824707100914,2,0.5158824707100914,0.03728182254054333,True
validation,769965,2026-06-04T23:35:00-07:00,769965_1780641300_H30,770141,JEV v1.0,-0.4933493498012045,3,0.4933493498012045,0.03728182254054333,True
validation,769965,2026-06-04T23:35:00-07:00,769965_1780641300_H30,769926,JEV v1.0,-0.4515664021193285,4,0.4515664021193285,0.03728182254054333,True
validation,769965,2026-06-04T23:35:00-07:00,769965_1780641300_H30,769911,JEV v1.0,-0.3860890654815964,5,0.3860890654815964,0.03728182254054333,True
validation,769965,2026-06-04T23:40:00-07:00,769965_1780641600_H30,769867,JEV v1.0,-0.5904098256327218,1,0.5904098256327218,0.04172920530438312,True
validation,769965,2026-06-04T23:40:00-07:00,769965_1780641600_H30,770129,JEV v1.0,-0.5264862632533025,2,0.5264862632533025,0.04172920530438312,True
validation,769965,2026-06-04T23:40:00-07:00,769965_1780641600_H30,769926,JEV v1.0,-0.488614582576451,3,0.488614582576451,0.04172920530438312,True
validation,769965,2026-06-04T23:40:00-07:00,769965_1780641600_H30,770141,JEV v1.0,-0.4885090545299063,4,0.4885090545299063,0.04172920530438312,True
validation,769965,2026-06-04T23:40:00-07:00,769965_1780641600_H30,769911,JEV v1.0,-0.4038259905697899,5,0.4038259905697899,0.04172920530438312,True
validation,769965,2026-06-04T23:45:00-07:00,769965_1780641900_H30,770129,JEV v1.0,-0.6328778445631377,1,0.6328778445631377,0.015928695545718175,True
validation,769965,2026-06-04T23:45:00-07:00,769965_1780641900_H30,769867,JEV v1.0,-0.6084772130171412,2,0.6084772130171412,0.015928695545718175,True
validation,769965,2026-06-04T23:45:00-07:00,769965_1780641900_H30,769926,JEV v1.0,-0.5612202602943293,3,0.5612202602943293,0.015928695545718175,True
validation,769965,2026-06-04T23:45:00-07:00,769965_1780641900_H30,769911,JEV v1.0,-0.5435793913226226,4,0.5435793913226226,0.015928695545718175,True
validation,769965,2026-06-04T23:45:00-07:00,769965_1780641900_H30,770141,JEV v1.0,-0.4727307147233847,5,0.4727307147233847,0.015928695545718175,True
validation,769965,2026-06-04T23:50:00-07:00,769965_1780642200_H30,770129,JEV v1.0,-0.6357348505331134,1,0.6357348505331134,0.005818866959696753,True
validation,769965,2026-06-04T23:50:00-07:00,769965_1780642200_H30,769867,JEV v1.0,-0.6268211244661411,2,0.6268211244661411,0.005818866959696753,True
validation,769965,2026-06-04T23:50:00-07:00,769965_1780642200_H30,769926,JEV v1.0,-0.5390578753767031,3,0.5390578753767031,0.005818866959696753,True
validation,769965,2026-06-04T23:50:00-07:00,769965_1780642200_H30,770141,JEV v1.0,-0.5092124098685931,4,0.5092124098685931,0.005818866959696753,True
validation,769965,2026-06-04T23:50:00-07:00,769965_1780642200_H30,769911,JEV v1.0,-0.4437836007215032,5,0.4437836007215032,0.005818866959696753,True
validation,769965,2026-06-04T23:55:00-07:00,769965_1780642500_H30,770129,JEV v1.0,-0.6611222470360724,1,0.6611222470360724,0.07913586273712105,True
validation,769965,2026-06-04T23:55:00-07:00,769965_1780642500_H30,769926,JEV v1.0,-0.539896687593315,2,0.539896687593315,0.07913586273712105,True
validation,769965,2026-06-04T23:55:00-07:00,769965_1780642500_H30,770141,JEV v1.0,-0.5275766390959463,3,0.5275766390959463,0.07913586273712105,True
validation,769965,2026-06-04T23:55:00-07:00,769965_1780642500_H30,769867,JEV v1.0,-0.5085162863469335,4,0.5085162863469335,0.07913586273712105,True
validation,769965,2026-06-04T23:55:00-07:00,769965_1780642500_H30,769911,JEV v1.0,-0.4332437604799976,5,0.4332437604799976,0.07913586273712105,True
validation,769965,2026-06-06T07:20:00-07:00,769965_1780755600_H30,770129,JEV v1.0,-0.5263922263822668,1,0.5263922263822668,0.0241156501819458,True
validation,769965,2026-06-06T07:20:00-07:00,769965_1780755600_H30,769926,JEV v1.0,-0.45090465186793266,2,0.45090465186793266,0.0241156501819458,True
validation,769965,2026-06-06T07:20:00-07:00,769965_1780755600_H30,769867,JEV v1.0,-0.40082773021873025,3,0.40082773021873025,0.0241156501819458,True
validation,769965,2026-06-06T07:20:00-07:00,769965_1780755600_H30,770141,JEV v1.0,-0.33953065148968686,4,0.33953065148968686,0.0241156501819458,True
validation,769965,2026-06-06T07:20:00-07:00,769965_1780755600_H30,769911,JEV v1.0,-0.22161451898403547,5,0.22161451898403547,0.0241156501819458,True
validation,769965,2026-06-06T07:25:00-07:00,769965_1780755900_H30,770129,JEV v1.0,-0.5264614330101529,1,0.5264614330101529,0.032491489267997914,True
validation,769965,2026-06-06T07:25:00-07:00,769965_1780755900_H30,769867,JEV v1.0,-0.4176602731684294,2,0.4176602731684294,0.032491489267997914,True
validation,769965,2026-06-06T07:25:00-07:00,769965_1780755900_H30,769926,JEV v1.0,-0.40656869538562224,3,0.40656869538562224,0.032491489267997914,True
validation,769965,2026-06-06T07:25:00-07:00,769965_1780755900_H30,770141,JEV v1.0,-0.3263757252766708,4,0.3263757252766708,0.032491489267997914,True
validation,769965,2026-06-06T07:25:00-07:00,769965_1780755900_H30,769911,JEV v1.0,-0.16475092168748562,5,0.16475092168748562,0.032491489267997914,True
validation,769965,2026-06-06T07:30:00-07:00,769965_1780756200_H30,770129,JEV v1.0,-0.5087541013669616,1,0.5087541013669616,0.02817505387318366,True
validation,769965,2026-06-06T07:30:00-07:00,769965_1780756200_H30,769867,JEV v1.0,-0.40733147165786754,2,0.40733147165786754,0.02817505387318366,True
validation,769965,2026-06-06T07:30:00-07:00,769965_1780756200_H30,769926,JEV v1.0,-0.37475717494010263,3,0.37475717494010263,0.02817505387318366,True
validation,769965,2026-06-06T07:30:00-07:00,769965_1780756200_H30,770141,JEV v1.0,-0.35557352523041363,4,0.35557352523041363,0.02817505387318366,True
validation,769965,2026-06-06T07:30:00-07:00,769965_1780756200_H30,769911,JEV v1.0,-0.1486329367036432,5,0.1486329367036432,0.02817505387318366,True
validation,769965,2026-06-06T07:35:00-07:00,769965_1780756500_H30,769926,JEV v1.0,-0.46780690711832484,1,0.46780690711832484,0.008936508475020066,True
validation,769965,2026-06-06T07:35:00-07:00,769965_1780756500_H30,769867,JEV v1.0,-0.43302978626834543,2,0.43302978626834543,0.008936508475020066,True
validation,769965,2026-06-06T07:35:00-07:00,769965_1780756500_H30,770129,JEV v1.0,-0.4208512618288855,3,0.4208512618288855,0.008936508475020066,True
validation,769965,2026-06-06T07:35:00-07:00,769965_1780756500_H30,770141,JEV v1.0,-0.2907226765586462,4,0.2907226765586462,0.008936508475020066,True
validation,769965,2026-06-06T07:35:00-07:00,769965_1780756500_H30,769911,JEV v1.0,-0.23777454910630905,5,0.23777454910630905,0.008936508475020066,True
validation,769965,2026-06-06T07:40:00-07:00,769965_1780756800_H30,770129,JEV v1.0,-0.4825067541090031,1,0.4825067541090031,0.002832138873433926,True
validation,769965,2026-06-06T07:40:00-07:00,769965_1780756800_H30,769867,JEV v1.0,-0.47051286537462916,2,0.47051286537462916,0.002832138873433926,True
validation,769965,2026-06-06T07:40:00-07:00,769965_1780756800_H30,769926,JEV v1.0,-0.4671603949234985,3,0.4671603949234985,0.002832138873433926,True
validation,769965,2026-06-06T07:40:00-07:00,769965_1780756800_H30,770141,JEV v1.0,-0.3660701355881471,4,0.3660701355881471,0.002832138873433926,True
validation,769965,2026-06-06T07:40:00-07:00,769965_1780756800_H30,769911,JEV v1.0,-0.24248916610195212,5,0.24248916610195212,0.002832138873433926,True
validation,769965,2026-06-06T07:45:00-07:00,769965_1780757100_H30,770129,JEV v1.0,-0.5039267721095184,1,0.5039267721095184,0.006022925839874582,True
validation,769965,2026-06-06T07:45:00-07:00,769965_1780757100_H30,769867,JEV v1.0,-0.47595200226684,2,0.47595200226684,0.006022925839874582,True
validation,769965,2026-06-06T07:45:00-07:00,769965_1780757100_H30,769926,JEV v1.0,-0.465947638345497,3,0.465947638345497,0.006022925839874582,True
validation,769965,2026-06-06T07:45:00-07:00,769965_1780757100_H30,770141,JEV v1.0,-0.3798022572074858,4,0.3798022572074858,0.006022925839874582,True
validation,769965,2026-06-06T07:45:00-07:00,769965_1780757100_H30,769911,JEV v1.0,-0.20218713679298966,5,0.20218713679298966,0.006022925839874582,True
validation,769965,2026-06-12T23:30:00-07:00,769965_1781332200_H30,769926,JEV v1.0,-0.5626982388934799,1,0.5626982388934799,0.034095778351774735,True
validation,769965,2026-06-12T23:30:00-07:00,769965_1781332200_H30,770129,JEV v1.0,-0.5104680658420991,2,0.5104680658420991,0.034095778351774735,True
validation,769965,2026-06-12T23:30:00-07:00,769965_1781332200_H30,769867,JEV v1.0,-0.5086053118369047,3,0.5086053118369047,0.034095778351774735,True
validation,769965,2026-06-12T23:30:00-07:00,769965_1781332200_H30,769911,JEV v1.0,-0.4703860868620779,4,0.4703860868620779,0.034095778351774735,True
validation,769965,2026-06-12T23:30:00-07:00,769965_1781332200_H30,770141,JEV v1.0,-0.42266415438280663,5,0.42266415438280663,0.034095778351774735,True
validation,769965,2026-06-12T23:35:00-07:00,769965_1781332500_H30,770129,JEV v1.0,-0.5454712747072901,1,0.5454712747072901,0.04579568164477372,True
validation,769965,2026-06-12T23:35:00-07:00,769965_1781332500_H30,769867,JEV v1.0,-0.47531841435506494,2,0.47531841435506494,0.04579568164477372,True
validation,769965,2026-06-12T23:35:00-07:00,769965_1781332500_H30,769926,JEV v1.0,-0.4483428431353684,3,0.4483428431353684,0.04579568164477372,True
validation,769965,2026-06-12T23:35:00-07:00,769965_1781332500_H30,770141,JEV v1.0,-0.4260385268007968,4,0.4260385268007968,0.04579568164477372,True
validation,769965,2026-06-12T23:35:00-07:00,769965_1781332500_H30,769911,JEV v1.0,-0.37099459855264094,5,0.37099459855264094,0.04579568164477372,True
validation,769965,2026-06-12T23:40:00-07:00,769965_1781332800_H30,769867,JEV v1.0,-0.6399979358681818,1,0.6399979358681818,0.02638689737095973,True
validation,769965,2026-06-12T23:40:00-07:00,769965_1781332800_H30,770129,JEV v1.0,-0.5995767376261268,2,0.5995767376261268,0.02638689737095973,True
validation,769965,2026-06-12T23:40:00-07:00,769965_1781332800_H30,769926,JEV v1.0,-0.5990271389838034,3,0.5990271389838034,0.02638689737095973,True
validation,769965,2026-06-12T23:40:00-07:00,769965_1781332800_H30,769911,JEV v1.0,-0.4752443982229439,4,0.4752443982229439,0.02638689737095973,True
validation,769965,2026-06-12T23:40:00-07:00,769965_1781332800_H30,770141,JEV v1.0,-0.45369440680537376,5,0.45369440680537376,0.02638689737095973,True
validation,769965,2026-06-12T23:45:00-07:00,769965_1781333100_H30,770129,JEV v1.0,-0.613291479793678,1,0.613291479793678,0.027852704717716177,True
validation,769965,2026-06-12T23:45:00-07:00,769965_1781333100_H30,769867,JEV v1.0,-0.5706248607082802,2,0.5706248607082802,0.027852704717716177,True
validation,769965,2026-06-12T23:45:00-07:00,769965_1781333100_H30,769926,JEV v1.0,-0.4828545271568587,3,0.4828545271568587,0.027852704717716177,True
validation,769965,2026-06-12T23:45:00-07:00,769965_1781333100_H30,770141,JEV v1.0,-0.47874116340087447,4,0.47874116340087447,0.027852704717716177,True
validation,769965,2026-06-12T23:45:00-07:00,769965_1781333100_H30,769911,JEV v1.0,-0.38938041756067254,5,0.38938041756067254,0.027852704717716177,True
validation,769965,2026-06-12T23:50:00-07:00,769965_1781333400_H30,770129,JEV v1.0,-0.6354791948498073,1,0.6354791948498073,0.0263634971657033,True
validation,769965,2026-06-12T23:50:00-07:00,769965_1781333400_H30,769867,JEV v1.0,-0.5950938425930639,2,0.5950938425930639,0.0263634971657033,True
validation,769965,2026-06-12T23:50:00-07:00,769965_1781333400_H30,769926,JEV v1.0,-0.4960488624919564,3,0.4960488624919564,0.0263634971657033,True
validation,769965,2026-06-12T23:50:00-07:00,769965_1781333400_H30,770141,JEV v1.0,-0.4902605885809713,4,0.4902605885809713,0.0263634971657033,True
validation,769965,2026-06-12T23:50:00-07:00,769965_1781333400_H30,769911,JEV v1.0,-0.41135362966846933,5,0.41135362966846933,0.0263634971657033,True
validation,769965,2026-06-12T23:55:00-07:00,769965_1781333700_H30,770129,JEV v1.0,-0.6613821684118482,1,0.6613821684118482,0.030673577580916947,True
validation,769965,2026-06-12T23:55:00-07:00,769965_1781333700_H30,769867,JEV v1.0,-0.6143943493150932,2,0.6143943493150932,0.030673577580916947,True
validation,769965,2026-06-12T23:55:00-07:00,769965_1781333700_H30,769911,JEV v1.0,-0.4668332001731133,3,0.4668332001731133,0.030673577580916947,True
validation,769965,2026-06-12T23:55:00-07:00,769965_1781333700_H30,770141,JEV v1.0,-0.45855082977335765,4,0.45855082977335765,0.030673577580916947,True
validation,769965,2026-06-12T23:55:00-07:00,769965_1781333700_H30,769926,JEV v1.0,-0.42151539888623796,5,0.42151539888623796,0.030673577580916947,True
validation,769965,2026-06-17T11:15:00-07:00,769965_1781720100_H30,770129,JEV v1.0,-0.5453352164288536,1,0.5453352164288536,0.0120180740747498,True
validation,769965,2026-06-17T11:15:00-07:00,769965_1781720100_H30,769926,JEV v1.0,-0.5138714200234764,2,0.5138714200234764,0.0120180740747498,True
validation,769965,2026-06-17T11:15:00-07:00,769965_1781720100_H30,770141,JEV v1.0,-0.44678557651615003,3,0.44678557651615003,0.0120180740747498,True
validation,769965,2026-06-17T11:15:00-07:00,769965_1781720100_H30,769911,JEV v1.0,-0.2517470695197602,4,0.2517470695197602,0.0120180740747498,True
validation,769965,2026-06-17T11:15:00-07:00,769965_1781720100_H30,769867,JEV v1.0,-0.2386876596948002,5,0.2386876596948002,0.0120180740747498,True
validation,775511,2026-06-06T23:30:00-07:00,775511_1780813800_H30,764311,JEV v1.0,-0.6155722195564719,1,0.6155722195564719,0.01879984350869439,True
validation,775511,2026-06-06T23:30:00-07:00,775511_1780813800_H30,764297,JEV v1.0,-0.5654393035332869,2,0.5654393035332869,0.01879984350869439,True
validation,775511,2026-06-06T23:30:00-07:00,775511_1780813800_H30,764283,JEV v1.0,-0.5230888299468571,3,0.5230888299468571,0.01879984350869439,True
validation,775511,2026-06-06T23:30:00-07:00,775511_1780813800_H30,764290,JEV v1.0,-0.5217297966086505,4,0.5217297966086505,0.01879984350869439,True
validation,775511,2026-06-06T23:30:00-07:00,775511_1780813800_H30,764322,JEV v1.0,-0.18087424529270796,5,0.18087424529270796,0.01879984350869439,True
validation,775511,2026-06-06T23:35:00-07:00,775511_1780814100_H30,764297,JEV v1.0,-0.5821034579140765,1,0.5821034579140765,0.0048675447813286655,True
validation,775511,2026-06-06T23:35:00-07:00,775511_1780814100_H30,764311,JEV v1.0,-0.5657816715834295,2,0.5657816715834295,0.0048675447813286655,True
validation,775511,2026-06-06T23:35:00-07:00,775511_1780814100_H30,764283,JEV v1.0,-0.5064746483811539,3,0.5064746483811539,0.0048675447813286655,True
validation,775511,2026-06-06T23:35:00-07:00,775511_1780814100_H30,764290,JEV v1.0,-0.5051156150429473,4,0.5051156150429473,0.0048675447813286655,True
validation,775511,2026-06-06T23:35:00-07:00,775511_1780814100_H30,764322,JEV v1.0,-0.2093453519652855,5,0.2093453519652855,0.0048675447813286655,True
validation,775511,2026-06-06T23:40:00-07:00,775511_1780814400_H30,764297,JEV v1.0,-0.5858229469660119,1,0.5858229469660119,0.011933702129907513,True
validation,775511,2026-06-06T23:40:00-07:00,775511_1780814400_H30,764311,JEV v1.0,-0.5458070159272082,2,0.5458070159272082,0.011933702129907513,True
validation,775511,2026-06-06T23:40:00-07:00,775511_1780814400_H30,764283,JEV v1.0,-0.5112630885870737,3,0.5112630885870737,0.011933702129907513,True
validation,775511,2026-06-06T23:40:00-07:00,775511_1780814400_H30,764290,JEV v1.0,-0.5099040552488671,4,0.5099040552488671,0.011933702129907513,True
validation,775511,2026-06-06T23:40:00-07:00,775511_1780814400_H30,764322,JEV v1.0,-0.2227115030266196,5,0.2227115030266196,0.011933702129907513,True
validation,775511,2026-06-06T23:45:00-07:00,775511_1780814700_H30,764311,JEV v1.0,-0.5374034187617578,1,0.5374034187617578,0.007329829009118771,True
validation,775511,2026-06-06T23:45:00-07:00,775511_1780814700_H30,764297,JEV v1.0,-0.5178572080707744,2,0.5178572080707744,0.007329829009118771,True
validation,775511,2026-06-06T23:45:00-07:00,775511_1780814700_H30,764283,JEV v1.0,-0.5114905154322225,3,0.5114905154322225,0.007329829009118771,True
validation,775511,2026-06-06T23:45:00-07:00,775511_1780814700_H30,764290,JEV v1.0,-0.5101314820940158,4,0.5101314820940158,0.007329829009118771,True
validation,775511,2026-06-06T23:45:00-07:00,775511_1780814700_H30,764322,JEV v1.0,-0.17137893584243186,5,0.17137893584243186,0.007329829009118771,True
validation,775511,2026-06-06T23:50:00-07:00,775511_1780815000_H30,764311,JEV v1.0,-0.5782314021268582,1,0.5782314021268582,0.014222033568824441,True
validation,775511,2026-06-06T23:50:00-07:00,775511_1780815000_H30,764297,JEV v1.0,-0.5403059792766597,2,0.5403059792766597,0.014222033568824441,True
validation,775511,2026-06-06T23:50:00-07:00,775511_1780815000_H30,764283,JEV v1.0,-0.5076700605396189,3,0.5076700605396189,0.014222033568824441,True
validation,775511,2026-06-06T23:50:00-07:00,775511_1780815000_H30,764290,JEV v1.0,-0.5063110272014124,4,0.5063110272014124,0.014222033568824441,True
validation,775511,2026-06-06T23:50:00-07:00,775511_1780815000_H30,764322,JEV v1.0,-0.20521709877278324,5,0.20521709877278324,0.014222033568824441,True
validation,775511,2026-06-06T23:55:00-07:00,775511_1780815300_H30,764311,JEV v1.0,-0.5847871006514778,1,0.5847871006514778,0.018874420316183554,True
validation,775511,2026-06-06T23:55:00-07:00,775511_1780815300_H30,764297,JEV v1.0,-0.534455313141655,2,0.534455313141655,0.018874420316183554,True
validation,775511,2026-06-06T23:55:00-07:00,775511_1780815300_H30,764283,JEV v1.0,-0.5082937586536218,3,0.5082937586536218,0.018874420316183554,True
validation,775511,2026-06-06T23:55:00-07:00,775511_1780815300_H30,764290,JEV v1.0,-0.5069347253154152,4,0.5069347253154152,0.018874420316183554,True
validation,775511,2026-06-06T23:55:00-07:00,775511_1780815300_H30,764322,JEV v1.0,-0.230827027862309,5,0.230827027862309,0.018874420316183554,True
validation,775511,2026-06-08T23:30:00-07:00,775511_1780986600_H30,764311,JEV v1.0,-0.5058098878629366,1,0.5058098878629366,0.0018208405328288546,True
validation,775511,2026-06-08T23:30:00-07:00,775511_1780986600_H30,764283,JEV v1.0,-0.5009543131087263,2,0.5009543131087263,0.0018208405328288546,True
validation,775511,2026-06-08T23:30:00-07:00,775511_1780986600_H30,764290,JEV v1.0,-0.4995952797705197,3,0.4995952797705197,0.0018208405328288546,True
validation,775511,2026-06-08T23:30:00-07:00,775511_1780986600_H30,764297,JEV v1.0,-0.46476058365053186,4,0.46476058365053186,0.0018208405328288546,True
validation,775511,2026-06-08T23:30:00-07:00,775511_1780986600_H30,764322,JEV v1.0,-0.35926165291574597,5,0.35926165291574597,0.0018208405328288546,True
validation,775511,2026-06-08T23:35:00-07:00,775511_1780986900_H30,764297,JEV v1.0,-0.54654569199917,1,0.54654569199917,0.011819380733639761,True
validation,775511,2026-06-08T23:35:00-07:00,775511_1780986900_H30,764283,JEV v1.0,-0.5069131019437016,2,0.5069131019437016,0.011819380733639761,True
validation,775511,2026-06-08T23:35:00-07:00,775511_1780986900_H30,764290,JEV v1.0,-0.505554068605495,3,0.505554068605495,0.011819380733639761,True
validation,775511,2026-06-08T23:35:00-07:00,775511_1780986900_H30,764311,JEV v1.0,-0.46402665431309725,4,0.46402665431309725,0.011819380733639761,True
validation,775511,2026-06-08T23:35:00-07:00,775511_1780986900_H30,764322,JEV v1.0,-0.3052367323186061,5,0.3052367323186061,0.011819380733639761,True
validation,775511,2026-06-08T23:40:00-07:00,775511_1780987200_H30,764297,JEV v1.0,-0.5071213762203542,1,0.5071213762203542,8.805530247743238e-05,True
validation,775511,2026-06-08T23:40:00-07:00,775511_1780987200_H30,764311,JEV v1.0,-0.5068261103528824,2,0.5068261103528824,8.805530247743238e-05,True
validation,775511,2026-06-08T23:40:00-07:00,775511_1780987200_H30,764283,JEV v1.0,-0.5033076668532889,3,0.5033076668532889,8.805530247743238e-05,True
validation,775511,2026-06-08T23:40:00-07:00,775511_1780987200_H30,764290,JEV v1.0,-0.5019486335150823,4,0.5019486335150823,8.805530247743238e-05,True
validation,775511,2026-06-08T23:40:00-07:00,775511_1780987200_H30,764322,JEV v1.0,-0.19393037822946818,5,0.19393037822946818,8.805530247743238e-05,True
validation,775511,2026-06-08T23:45:00-07:00,775511_1780987500_H30,764311,JEV v1.0,-0.5122830247800473,1,0.5122830247800473,0.0009840416062627116,True
validation,775511,2026-06-08T23:45:00-07:00,775511_1780987500_H30,764283,JEV v1.0,-0.5096589138300134,2,0.5096589138300134,0.0009840416062627116,True
validation,775511,2026-06-08T23:45:00-07:00,775511_1780987500_H30,764290,JEV v1.0,-0.5082998804918067,3,0.5082998804918067,0.0009840416062627116,True
validation,775511,2026-06-08T23:45:00-07:00,775511_1780987500_H30,764297,JEV v1.0,-0.40077253448671973,4,0.40077253448671973,0.0009840416062627116,True
validation,775511,2026-06-08T23:45:00-07:00,775511_1780987500_H30,764322,JEV v1.0,-0.14783335347514398,5,0.14783335347514398,0.0009840416062627116,True
validation,775511,2026-06-08T23:50:00-07:00,775511_1780987800_H30,764283,JEV v1.0,-0.5128889313893812,1,0.5128889313893812,0.00016987916727582986,True
validation,775511,2026-06-08T23:50:00-07:00,775511_1780987800_H30,764290,JEV v1.0,-0.5115298980511745,2,0.5115298980511745,0.00016987916727582986,True
validation,775511,2026-06-08T23:50:00-07:00,775511_1780987800_H30,764311,JEV v1.0,-0.5034727445879732,3,0.5034727445879732,0.00016987916727582986,True
validation,775511,2026-06-08T23:50:00-07:00,775511_1780987800_H30,764297,JEV v1.0,-0.33522253351474607,4,0.33522253351474607,0.00016987916727582986,True
validation,775511,2026-06-08T23:50:00-07:00,775511_1780987800_H30,764322,JEV v1.0,-0.2092819941499346,5,0.2092819941499346,0.00016987916727582986,True
validation,775511,2026-06-08T23:55:00-07:00,775511_1780988100_H30,764311,JEV v1.0,-0.5576147792016513,1,0.5576147792016513,0.025823107641549943,True
validation,775511,2026-06-08T23:55:00-07:00,775511_1780988100_H30,764283,JEV v1.0,-0.48875315882418474,2,0.48875315882418474,0.025823107641549943,True
validation,775511,2026-06-08T23:55:00-07:00,775511_1780988100_H30,764290,JEV v1.0,-0.48739412548597816,3,0.48739412548597816,0.025823107641549943,True
validation,775511,2026-06-08T23:55:00-07:00,775511_1780988100_H30,764297,JEV v1.0,-0.34438435710281284,4,0.34438435710281284,0.025823107641549943,True
validation,775511,2026-06-08T23:55:00-07:00,775511_1780988100_H30,764322,JEV v1.0,-0.111242902836139,5,0.111242902836139,0.025823107641549943,True
validation,775511,2026-06-10T23:30:00-07:00,775511_1781159400_H30,764311,JEV v1.0,-0.5310616778306919,1,0.5310616778306919,0.007910463754552496,True
validation,775511,2026-06-10T23:30:00-07:00,775511_1781159400_H30,764283,JEV v1.0,-0.5099671078185519,2,0.5099671078185519,0.007910463754552496,True
validation,775511,2026-06-10T23:30:00-07:00,775511_1781159400_H30,764290,JEV v1.0,-0.5086080744803453,3,0.5086080744803453,0.007910463754552496,True
validation,775511,2026-06-10T23:30:00-07:00,775511_1781159400_H30,764297,JEV v1.0,-0.4767657397482273,4,0.4767657397482273,0.007910463754552496,True
validation,775511,2026-06-10T23:30:00-07:00,775511_1781159400_H30,764322,JEV v1.0,-0.15669627612156334,5,0.15669627612156334,0.007910463754552496,True
validation,775511,2026-06-10T23:35:00-07:00,775511_1781159700_H30,764311,JEV v1.0,-0.5364343513362134,1,0.5364343513362134,0.007151825205880771,True
validation,775511,2026-06-10T23:35:00-07:00,775511_1781159700_H30,764297,JEV v1.0,-0.5173628174538647,2,0.5173628174538647,0.007151825205880771,True
validation,775511,2026-06-10T23:35:00-07:00,775511_1781159700_H30,764283,JEV v1.0,-0.510499034786276,3,0.510499034786276,0.007151825205880771,True
validation,775511,2026-06-10T23:35:00-07:00,775511_1781159700_H30,764290,JEV v1.0,-0.5091400014480695,4,0.5091400014480695,0.007151825205880771,True
validation,775511,2026-06-10T23:35:00-07:00,775511_1781159700_H30,764322,JEV v1.0,-0.18945293902209706,5,0.18945293902209706,0.007151825205880771,True
validation,775511,2026-06-10T23:40:00-07:00,775511_1781160000_H30,764311,JEV v1.0,-0.550688583288513,1,0.550688583288513,0.014559994654144703,True
validation,775511,2026-06-10T23:40:00-07:00,775511_1781160000_H30,764283,JEV v1.0,-0.5118619308774605,2,0.5118619308774605,0.014559994654144703,True
validation,775511,2026-06-10T23:40:00-07:00,775511_1781160000_H30,764290,JEV v1.0,-0.5105028975392539,3,0.5105028975392539,0.014559994654144703,True
validation,775511,2026-06-10T23:40:00-07:00,775511_1781160000_H30,764297,JEV v1.0,-0.4931260621258686,4,0.4931260621258686,0.014559994654144703,True
validation,775511,2026-06-10T23:40:00-07:00,775511_1781160000_H30,764322,JEV v1.0,-0.2938686791017294,5,0.2938686791017294,0.014559994654144703,True
validation,775511,2026-06-10T23:45:00-07:00,775511_1781160300_H30,764311,JEV v1.0,-0.5432434595597971,1,0.5432434595597971,0.004358011024639091,True
validation,775511,2026-06-10T23:45:00-07:00,775511_1781160300_H30,764297,JEV v1.0,-0.5316220968274262,2,0.5316220968274262,0.004358011024639091,True
validation,775511,2026-06-10T23:45:00-07:00,775511_1781160300_H30,764283,JEV v1.0,-0.5144556866442882,3,0.5144556866442882,0.004358011024639091,True
validation,775511,2026-06-10T23:45:00-07:00,775511_1781160300_H30,764290,JEV v1.0,-0.5130966533060817,4,0.5130966533060817,0.004358011024639091,True
validation,775511,2026-06-10T23:45:00-07:00,775511_1781160300_H30,764322,JEV v1.0,-0.3272701006878668,5,0.3272701006878668,0.004358011024639091,True
validation,775511,2026-06-10T23:50:00-07:00,775511_1781160600_H30,764311,JEV v1.0,-0.5462945598307887,1,0.5462945598307887,0.008390606299540665,True
validation,775511,2026-06-10T23:50:00-07:00,775511_1781160600_H30,764297,JEV v1.0,-0.5239196096986802,2,0.5239196096986802,0.008390606299540665,True
validation,775511,2026-06-10T23:50:00-07:00,775511_1781160600_H30,764283,JEV v1.0,-0.49864825664577817,3,0.49864825664577817,0.008390606299540665,True
validation,775511,2026-06-10T23:50:00-07:00,775511_1781160600_H30,764290,JEV v1.0,-0.4972892233075716,4,0.4972892233075716,0.008390606299540665,True
validation,775511,2026-06-10T23:50:00-07:00,775511_1781160600_H30,764322,JEV v1.0,-0.3324085317391381,5,0.3324085317391381,0.008390606299540665,True
validation,775511,2026-06-10T23:55:00-07:00,775511_1781160900_H30,764311,JEV v1.0,-0.5479821785859752,1,0.5479821785859752,0.012094241669189446,True
validation,775511,2026-06-10T23:55:00-07:00,775511_1781160900_H30,764283,JEV v1.0,-0.5157308674681367,2,0.5157308674681367,0.012094241669189446,True
validation,775511,2026-06-10T23:55:00-07:00,775511_1781160900_H30,764290,JEV v1.0,-0.5143718341299301,3,0.5143718341299301,0.012094241669189446,True
validation,775511,2026-06-10T23:55:00-07:00,775511_1781160900_H30,764297,JEV v1.0,-0.4882742465801752,4,0.4882742465801752,0.012094241669189446,True
validation,775511,2026-06-10T23:55:00-07:00,775511_1781160900_H30,764322,JEV v1.0,-0.311984082952349,5,0.311984082952349,0.012094241669189446,True
validation,775511,2026-06-23T23:30:00-07:00,775511_1782282600_H30,764311,JEV v1.0,-0.67062918695056,1,0.67062918695056,0.1340130409750987,True
validation,775511,2026-06-23T23:30:00-07:00,775511_1782282600_H30,764283,JEV v1.0,-0.5174714258361615,2,0.5174714258361615,0.1340130409750987,True
validation,775511,2026-06-23T23:30:00-07:00,775511_1782282600_H30,764290,JEV v1.0,-0.5161123924979548,3,0.5161123924979548,0.1340130409750987,True
validation,775511,2026-06-23T23:30:00-07:00,775511_1782282600_H30,764297,JEV v1.0,-0.504533306625997,4,0.504533306625997,0.1340130409750987,True
validation,775511,2026-06-23T23:30:00-07:00,775511_1782282600_H30,764322,JEV v1.0,-0.32736064167330503,5,0.32736064167330503,0.1340130409750987,True
validation,775511,2026-06-23T23:35:00-07:00,775511_1782282900_H30,764311,JEV v1.0,-0.772502702864651,1,0.772502702864651,0.21028553215886905,True
validation,775511,2026-06-23T23:35:00-07:00,775511_1782282900_H30,764297,JEV v1.0,-0.532176380397372,2,0.532176380397372,0.21028553215886905,True
validation,775511,2026-06-23T23:35:00-07:00,775511_1782282900_H30,764283,JEV v1.0,-0.5242376426758589,3,0.5242376426758589,0.21028553215886905,True
validation,775511,2026-06-23T23:35:00-07:00,775511_1782282900_H30,764290,JEV v1.0,-0.5228786093376523,4,0.5228786093376523,0.21028553215886905,True
validation,775511,2026-06-23T23:35:00-07:00,775511_1782282900_H30,764322,JEV v1.0,-0.32703406945507774,5,0.32703406945507774,0.21028553215886905,True
validation,775511,2026-06-23T23:40:00-07:00,775511_1782283200_H30,764311,JEV v1.0,-0.7907973930657138,1,0.7907973930657138,0.224580400021467,True
validation,775511,2026-06-23T23:40:00-07:00,775511_1782283200_H30,764297,JEV v1.0,-0.5341340787554658,2,0.5341340787554658,0.224580400021467,True
validation,775511,2026-06-23T23:40:00-07:00,775511_1782283200_H30,764283,JEV v1.0,-0.5258179214983123,3,0.5258179214983123,0.224580400021467,True
validation,775511,2026-06-23T23:40:00-07:00,775511_1782283200_H30,764290,JEV v1.0,-0.5244588881601057,4,0.5244588881601057,0.224580400021467,True
validation,775511,2026-06-23T23:40:00-07:00,775511_1782283200_H30,764322,JEV v1.0,-0.34549654995287643,5,0.34549654995287643,0.224580400021467,True
validation,775511,2026-06-23T23:45:00-07:00,775511_1782283500_H30,764311,JEV v1.0,-0.7808588733351199,1,0.7808588733351199,0.19931922363804017,True
validation,775511,2026-06-23T23:45:00-07:00,775511_1782283500_H30,764297,JEV v1.0,-0.5530654748916455,2,0.5530654748916455,0.19931922363804017,True
validation,775511,2026-06-23T23:45:00-07:00,775511_1782283500_H30,764283,JEV v1.0,-0.5258336671850721,3,0.5258336671850721,0.19931922363804017,True
validation,775511,2026-06-23T23:45:00-07:00,775511_1782283500_H30,764290,JEV v1.0,-0.5244746338468655,4,0.5244746338468655,0.19931922363804017,True
validation,775511,2026-06-23T23:45:00-07:00,775511_1782283500_H30,764322,JEV v1.0,-0.3607591775527692,5,0.3607591775527692,0.19931922363804017,True
validation,775511,2026-06-23T23:50:00-07:00,775511_1782283800_H30,764311,JEV v1.0,-0.7740737293494455,1,0.7740737293494455,0.21180822554454032,True
validation,775511,2026-06-23T23:50:00-07:00,775511_1782283800_H30,764283,JEV v1.0,-0.5320071858699709,2,0.5320071858699709,0.21180822554454032,True
validation,775511,2026-06-23T23:50:00-07:00,775511_1782283800_H30,764290,JEV v1.0,-0.5306481525317642,3,0.5306481525317642,0.21180822554454032,True
validation,775511,2026-06-23T23:50:00-07:00,775511_1782283800_H30,764297,JEV v1.0,-0.4993013543353254,4,0.4993013543353254,0.21180822554454032,True
validation,775511,2026-06-23T23:50:00-07:00,775511_1782283800_H30,764322,JEV v1.0,-0.2850071001977628,5,0.2850071001977628,0.21180822554454032,True
validation,775511,2026-06-23T23:55:00-07:00,775511_1782284100_H30,764311,JEV v1.0,-0.795723051099699,1,0.795723051099699,0.21711199102912287,True
validation,775511,2026-06-23T23:55:00-07:00,775511_1782284100_H30,764297,JEV v1.0,-0.54759506135213,2,0.54759506135213,0.21711199102912287,True
validation,775511,2026-06-23T23:55:00-07:00,775511_1782284100_H30,764283,JEV v1.0,-0.5301325793771999,3,0.5301325793771999,0.21711199102912287,True
validation,775511,2026-06-23T23:55:00-07:00,775511_1782284100_H30,764290,JEV v1.0,-0.5287735460389934,4,0.5287735460389934,0.21711199102912287,True
validation,775511,2026-06-23T23:55:00-07:00,775511_1782284100_H30,764322,JEV v1.0,-0.35950526043423237,5,0.35950526043423237,0.21711199102912287,True
validation,775511,2026-06-26T23:30:00-07:00,775511_1782541800_H30,764311,JEV v1.0,-0.7722194212369846,1,0.7722194212369846,0.22304535519119076,True
validation,775511,2026-06-26T23:30:00-07:00,775511_1782541800_H30,764297,JEV v1.0,-0.5173104438756237,2,0.5173104438756237,0.22304535519119076,True
validation,775511,2026-06-26T23:30:00-07:00,775511_1782541800_H30,764283,JEV v1.0,-0.502269823580898,3,0.502269823580898,0.22304535519119076,True
validation,775511,2026-06-26T23:30:00-07:00,775511_1782541800_H30,764290,JEV v1.0,-0.5009107902426914,4,0.5009107902426914,0.22304535519119076,True
validation,775511,2026-06-26T23:30:00-07:00,775511_1782541800_H30,764322,JEV v1.0,-0.23897815839362,5,0.23897815839362,0.22304535519119076,True
validation,775511,2026-06-26T23:35:00-07:00,775511_1782542100_H30,764311,JEV v1.0,-0.8441982616109226,1,0.8441982616109226,0.295553420357754,True
validation,775511,2026-06-26T23:35:00-07:00,775511_1782542100_H30,764283,JEV v1.0,-0.5064229240592037,2,0.5064229240592037,0.295553420357754,True
validation,775511,2026-06-26T23:35:00-07:00,775511_1782542100_H30,764290,JEV v1.0,-0.5050638907209972,3,0.5050638907209972,0.295553420357754,True
validation,775511,2026-06-26T23:35:00-07:00,775511_1782542100_H30,764297,JEV v1.0,-0.47099626645317794,4,0.47099626645317794,0.295553420357754,True
validation,775511,2026-06-26T23:35:00-07:00,775511_1782542100_H30,764322,JEV v1.0,-0.12391040954608015,5,0.12391040954608015,0.295553420357754,True
validation,775511,2026-06-26T23:40:00-07:00,775511_1782542400_H30,764311,JEV v1.0,-0.7360576816541938,1,0.7360576816541938,0.20000183872489535,True
validation,775511,2026-06-26T23:40:00-07:00,775511_1782542400_H30,764283,JEV v1.0,-0.5074841516828849,2,0.5074841516828849,0.20000183872489535,True
validation,775511,2026-06-26T23:40:00-07:00,775511_1782542400_H30,764290,JEV v1.0,-0.5061251183446783,3,0.5061251183446783,0.20000183872489535,True
validation,775511,2026-06-26T23:40:00-07:00,775511_1782542400_H30,764297,JEV v1.0,-0.4318975114161581,4,0.4318975114161581,0.20000183872489535,True
validation,775511,2026-06-26T23:40:00-07:00,775511_1782542400_H30,764322,JEV v1.0,-0.13879389331706415,5,0.13879389331706415,0.20000183872489535,True
validation,775511,2026-06-26T23:45:00-07:00,775511_1782542700_H30,764311,JEV v1.0,-0.7895839442623545,1,0.7895839442623545,0.21884199610517444,True
validation,775511,2026-06-26T23:45:00-07:00,775511_1782542700_H30,764297,JEV v1.0,-0.5394788058564408,2,0.5394788058564408,0.21884199610517444,True
validation,775511,2026-06-26T23:45:00-07:00,775511_1782542700_H30,764283,JEV v1.0,-0.52491693041479,3,0.52491693041479,0.21884199610517444,True
validation,775511,2026-06-26T23:45:00-07:00,775511_1782542700_H30,764290,JEV v1.0,-0.5235578970765835,4,0.5235578970765835,0.21884199610517444,True
validation,775511,2026-06-26T23:45:00-07:00,775511_1782542700_H30,764322,JEV v1.0,-0.29060975963252333,5,0.29060975963252333,0.21884199610517444,True
validation,775511,2026-06-26T23:50:00-07:00,775511_1782543000_H30,764311,JEV v1.0,-0.7426276103206962,1,0.7426276103206962,0.19122674263624406,True
validation,775511,2026-06-26T23:50:00-07:00,775511_1782543000_H30,764297,JEV v1.0,-0.5240827615935602,2,0.5240827615935602,0.19122674263624406,True
validation,775511,2026-06-26T23:50:00-07:00,775511_1782543000_H30,764283,JEV v1.0,-0.5134933287203699,3,0.5134933287203699,0.19122674263624406,True
validation,775511,2026-06-26T23:50:00-07:00,775511_1782543000_H30,764290,JEV v1.0,-0.5121342953821634,4,0.5121342953821634,0.19122674263624406,True
validation,775511,2026-06-26T23:50:00-07:00,775511_1782543000_H30,764322,JEV v1.0,-0.24482155832544,5,0.24482155832544,0.19122674263624406,True
validation,775511,2026-06-26T23:55:00-07:00,775511_1782543300_H30,764311,JEV v1.0,-0.762380476323513,1,0.762380476323513,0.22630600046960442,True
validation,775511,2026-06-26T23:55:00-07:00,775511_1782543300_H30,764297,JEV v1.0,-0.5037450472153937,2,0.5037450472153937,0.22630600046960442,True
validation,775511,2026-06-26T23:55:00-07:00,775511_1782543300_H30,764283,JEV v1.0,-0.4968873635755821,3,0.4968873635755821,0.22630600046960442,True
validation,775511,2026-06-26T23:55:00-07:00,775511_1782543300_H30,764290,JEV v1.0,-0.4955283302373755,4,0.4955283302373755,0.22630600046960442,True
validation,775511,2026-06-26T23:55:00-07:00,775511_1782543300_H30,764322,JEV v1.0,-0.2588991439278981,5,0.2588991439278981,0.22630600046960442,True
validation,775536,2026-06-02T23:30:00-07:00,775536_1780468200_H30,768701,JEV v1.0,-0.5306342087365752,1,0.5306342087365752,0.0020474469535962797,True
validation,775536,2026-06-02T23:30:00-07:00,775536_1780468200_H30,774344,JEV v1.0,-0.514254633107805,2,0.514254633107805,0.0020474469535962797,True
validation,775536,2026-06-02T23:30:00-07:00,775536_1780468200_H30,718405,JEV v1.0,-0.5076287200774562,3,0.5076287200774562,0.0020474469535962797,True
validation,775536,2026-06-02T23:30:00-07:00,775536_1780468200_H30,759870,JEV v1.0,-0.5027830528452071,4,0.5027830528452071,0.0020474469535962797,True
validation,775536,2026-06-02T23:30:00-07:00,775536_1780468200_H30,759858,JEV v1.0,-0.4991728079699717,5,0.4991728079699717,0.0020474469535962797,True
validation,775536,2026-06-02T23:35:00-07:00,775536_1780468500_H30,768701,JEV v1.0,-0.5389860012183318,1,0.5389860012183318,0.0024729978363084854,True
validation,775536,2026-06-02T23:35:00-07:00,775536_1780468500_H30,774344,JEV v1.0,-0.519202018527864,2,0.519202018527864,0.0024729978363084854,True
validation,775536,2026-06-02T23:35:00-07:00,775536_1780468500_H30,718405,JEV v1.0,-0.5125760452072166,3,0.5125760452072166,0.0024729978363084854,True
validation,775536,2026-06-02T23:35:00-07:00,775536_1780468500_H30,759858,JEV v1.0,-0.5041201330997319,4,0.5041201330997319,0.0024729978363084854,True
validation,775536,2026-06-02T23:35:00-07:00,775536_1780468500_H30,759870,JEV v1.0,-0.5005358147111924,5,0.5005358147111924,0.0024729978363084854,True
validation,775536,2026-06-02T23:40:00-07:00,775536_1780468800_H30,774344,JEV v1.0,-0.5376369112296389,1,0.5376369112296389,0.00033820528290071095,True
validation,775536,2026-06-02T23:40:00-07:00,775536_1780468800_H30,768701,JEV v1.0,-0.5349312689664332,2,0.5349312689664332,0.00033820528290071095,True
validation,775536,2026-06-02T23:40:00-07:00,775536_1780468800_H30,718405,JEV v1.0,-0.5310106379475829,3,0.5310106379475829,0.00033820528290071095,True
validation,775536,2026-06-02T23:40:00-07:00,775536_1780468800_H30,759858,JEV v1.0,-0.5225547258400983,4,0.5225547258400983,0.00033820528290071095,True
validation,775536,2026-06-02T23:40:00-07:00,775536_1780468800_H30,759870,JEV v1.0,-0.5066887739667583,5,0.5066887739667583,0.00033820528290071095,True
validation,775536,2026-06-02T23:45:00-07:00,775536_1780469100_H30,768701,JEV v1.0,-0.5369818044052671,1,0.5369818044052671,0.00038862864231528627,True
validation,775536,2026-06-02T23:45:00-07:00,775536_1780469100_H30,718405,JEV v1.0,-0.5338727752667448,2,0.5338727752667448,0.00038862864231528627,True
validation,775536,2026-06-02T23:45:00-07:00,775536_1780469100_H30,774344,JEV v1.0,-0.5312267099857184,3,0.5312267099857184,0.00038862864231528627,True
validation,775536,2026-06-02T23:45:00-07:00,775536_1780469100_H30,759858,JEV v1.0,-0.5254168631592602,4,0.5254168631592602,0.00038862864231528627,True
validation,775536,2026-06-02T23:45:00-07:00,775536_1780469100_H30,759870,JEV v1.0,-0.5057081291678256,5,0.5057081291678256,0.00038862864231528627,True
validation,775536,2026-06-02T23:50:00-07:00,775536_1780469400_H30,774344,JEV v1.0,-0.5265580080494138,1,0.5265580080494138,0.0008176676238436792,True
validation,775536,2026-06-02T23:50:00-07:00,775536_1780469400_H30,718405,JEV v1.0,-0.5200166670586643,2,0.5200166670586643,0.0008176676238436792,True
validation,775536,2026-06-02T23:50:00-07:00,775536_1780469400_H30,768701,JEV v1.0,-0.5179095990691839,3,0.5179095990691839,0.0008176676238436792,True
validation,775536,2026-06-02T23:50:00-07:00,775536_1780469400_H30,759858,JEV v1.0,-0.5115607549511798,4,0.5115607549511798,0.0008176676238436792,True
validation,775536,2026-06-02T23:50:00-07:00,775536_1780469400_H30,759870,JEV v1.0,-0.505967047386494,5,0.505967047386494,0.0008176676238436792,True
validation,775536,2026-06-02T23:55:00-07:00,775536_1780469700_H30,768701,JEV v1.0,-0.5221951538334012,1,0.5221951538334012,0.001715078507062845,True
validation,775536,2026-06-02T23:55:00-07:00,775536_1780469700_H30,774344,JEV v1.0,-0.5084745257768984,2,0.5084745257768984,0.001715078507062845,True
validation,775536,2026-06-02T23:55:00-07:00,775536_1780469700_H30,759870,JEV v1.0,-0.5084654127237133,3,0.5084654127237133,0.001715078507062845,True
validation,775536,2026-06-02T23:55:00-07:00,775536_1780469700_H30,718405,JEV v1.0,-0.501373568019582,4,0.501373568019582,0.001715078507062845,True
validation,775536,2026-06-02T23:55:00-07:00,775536_1780469700_H30,759858,JEV v1.0,-0.4929176559120975,5,0.4929176559120975,0.001715078507062845,True
validation,775536,2026-06-03T19:05:00-07:00,775536_1780538700_H30,768701,JEV v1.0,-0.41881714528802544,1,0.41881714528802544,0.0036541436186863577,True
validation,775536,2026-06-03T19:05:00-07:00,775536_1780538700_H30,759870,JEV v1.0,-0.3895839963385346,2,0.3895839963385346,0.0036541436186863577,True
validation,775536,2026-06-03T19:05:00-07:00,775536_1780538700_H30,774344,JEV v1.0,-0.20611659789941808,3,0.20611659789941808,0.0036541436186863577,True
validation,775536,2026-06-03T19:05:00-07:00,775536_1780538700_H30,718405,JEV v1.0,-0.19403400153099548,4,0.19403400153099548,0.0036541436186863577,True
validation,775536,2026-06-03T19:05:00-07:00,775536_1780538700_H30,759858,JEV v1.0,-0.18557808942351095,5,0.18557808942351095,0.0036541436186863577,True
validation,775536,2026-06-03T19:10:00-07:00,775536_1780539000_H30,768701,JEV v1.0,-0.4203959802234191,1,0.4203959802234191,0.0027475471724567463,True
validation,775536,2026-06-03T19:10:00-07:00,775536_1780539000_H30,759870,JEV v1.0,-0.39841560284376515,2,0.39841560284376515,0.0027475471724567463,True
validation,775536,2026-06-03T19:10:00-07:00,775536_1780539000_H30,774344,JEV v1.0,-0.22818862406430665,3,0.22818862406430665,0.0027475471724567463,True
validation,775536,2026-06-03T19:10:00-07:00,775536_1780539000_H30,718405,JEV v1.0,-0.21800781974109734,4,0.21800781974109734,0.0027475471724567463,True
validation,775536,2026-06-03T19:10:00-07:00,775536_1780539000_H30,759858,JEV v1.0,-0.2095519076336128,5,0.2095519076336128,0.0027475471724567463,True
validation,775536,2026-06-03T19:15:00-07:00,775536_1780539300_H30,768701,JEV v1.0,-0.4314049061349794,1,0.4314049061349794,0.002695914138302863,True
validation,775536,2026-06-03T19:15:00-07:00,775536_1780539300_H30,759870,JEV v1.0,-0.4098375930285565,2,0.4098375930285565,0.002695914138302863,True
validation,775536,2026-06-03T19:15:00-07:00,775536_1780539300_H30,774344,JEV v1.0,-0.2541123110046862,3,0.2541123110046862,0.002695914138302863,True
validation,775536,2026-06-03T19:15:00-07:00,775536_1780539300_H30,718405,JEV v1.0,-0.24386459263619967,4,0.24386459263619967,0.002695914138302863,True
validation,775536,2026-06-03T19:15:00-07:00,775536_1780539300_H30,759858,JEV v1.0,-0.23540868052871514,5,0.23540868052871514,0.002695914138302863,True
validation,775536,2026-06-03T19:20:00-07:00,775536_1780539600_H30,768701,JEV v1.0,-0.4408310022068448,1,0.4408310022068448,0.0024748613964203775,True
validation,775536,2026-06-03T19:20:00-07:00,775536_1780539600_H30,759870,JEV v1.0,-0.42103211103548177,2,0.42103211103548177,0.0024748613964203775,True
validation,775536,2026-06-03T19:20:00-07:00,775536_1780539600_H30,774344,JEV v1.0,-0.27830952437241485,3,0.27830952437241485,0.0024748613964203775,True
validation,775536,2026-06-03T19:20:00-07:00,775536_1780539600_H30,718405,JEV v1.0,-0.26804150029489815,4,0.26804150029489815,0.0024748613964203775,True
validation,775536,2026-06-03T19:20:00-07:00,775536_1780539600_H30,759858,JEV v1.0,-0.2595855881874136,5,0.2595855881874136,0.0024748613964203775,True
validation,775536,2026-06-03T19:25:00-07:00,775536_1780539900_H30,768701,JEV v1.0,-0.4427845326127491,1,0.4427845326127491,0.0029713827568803655,True
validation,775536,2026-06-03T19:25:00-07:00,775536_1780539900_H30,759870,JEV v1.0,-0.41901347055770616,2,0.41901347055770616,0.0029713827568803655,True
validation,775536,2026-06-03T19:25:00-07:00,775536_1780539900_H30,774344,JEV v1.0,-0.2996665970685247,3,0.2996665970685247,0.0029713827568803655,True
validation,775536,2026-06-03T19:25:00-07:00,775536_1780539900_H30,718405,JEV v1.0,-0.291199273779689,4,0.291199273779689,0.0029713827568803655,True
validation,775536,2026-06-03T19:25:00-07:00,775536_1780539900_H30,759858,JEV v1.0,-0.2827433616722045,5,0.2827433616722045,0.0029713827568803655,True
validation,775536,2026-06-03T19:30:00-07:00,775536_1780540200_H30,768701,JEV v1.0,-0.4500228566261699,1,0.4500228566261699,0.002885976358115515,True
validation,775536,2026-06-03T19:30:00-07:00,775536_1780540200_H30,759870,JEV v1.0,-0.4269350457612458,2,0.4269350457612458,0.002885976358115515,True
validation,775536,2026-06-03T19:30:00-07:00,775536_1780540200_H30,774344,JEV v1.0,-0.3319455047810718,3,0.3319455047810718,0.002885976358115515,True
validation,775536,2026-06-03T19:30:00-07:00,775536_1780540200_H30,718405,JEV v1.0,-0.32173776136954474,4,0.32173776136954474,0.002885976358115515,True
validation,775536,2026-06-03T19:30:00-07:00,775536_1780540200_H30,759858,JEV v1.0,-0.3132818492620602,5,0.3132818492620602,0.002885976358115515,True
validation,775536,2026-06-06T23:30:00-07:00,775536_1780813800_H30,768701,JEV v1.0,-0.5519786653653961,1,0.5519786653653961,0.003310745714886751,True
validation,775536,2026-06-06T23:30:00-07:00,775536_1780813800_H30,774344,JEV v1.0,-0.5254926996463021,2,0.5254926996463021,0.003310745714886751,True
validation,775536,2026-06-06T23:30:00-07:00,775536_1780813800_H30,718405,JEV v1.0,-0.5188673565562236,3,0.5188673565562236,0.003310745714886751,True
validation,775536,2026-06-06T23:30:00-07:00,775536_1780813800_H30,759858,JEV v1.0,-0.5104114444487391,4,0.5104114444487391,0.003310745714886751,True
validation,775536,2026-06-06T23:30:00-07:00,775536_1780813800_H30,759870,JEV v1.0,-0.508654893106704,5,0.508654893106704,0.003310745714886751,True
validation,775536,2026-06-06T23:35:00-07:00,775536_1780814100_H30,768701,JEV v1.0,-0.5295477343836474,1,0.5295477343836474,0.0030283280677543545,True
validation,775536,2026-06-06T23:35:00-07:00,775536_1780814100_H30,774344,JEV v1.0,-0.5053211098416126,2,0.5053211098416126,0.0030283280677543545,True
validation,775536,2026-06-06T23:35:00-07:00,775536_1780814100_H30,718405,JEV v1.0,-0.498694974369174,3,0.498694974369174,0.0030283280677543545,True
validation,775536,2026-06-06T23:35:00-07:00,775536_1780814100_H30,759870,JEV v1.0,-0.49699761330891995,4,0.49699761330891995,0.0030283280677543545,True
validation,775536,2026-06-06T23:35:00-07:00,775536_1780814100_H30,759858,JEV v1.0,-0.49023906226168945,5,0.49023906226168945,0.0030283280677543545,True
validation,775536,2026-06-06T23:40:00-07:00,775536_1780814400_H30,768701,JEV v1.0,-0.5302711204044152,1,0.5302711204044152,0.0011519882932510689,True
validation,775536,2026-06-06T23:40:00-07:00,775536_1780814400_H30,759870,JEV v1.0,-0.5210552140584066,2,0.5210552140584066,0.0011519882932510689,True
validation,775536,2026-06-06T23:40:00-07:00,775536_1780814400_H30,774344,JEV v1.0,-0.4998844920699139,3,0.4998844920699139,0.0011519882932510689,True
validation,775536,2026-06-06T23:40:00-07:00,775536_1780814400_H30,718405,JEV v1.0,-0.49325896504365235,4,0.49325896504365235,0.0011519882932510689,True
validation,775536,2026-06-06T23:40:00-07:00,775536_1780814400_H30,759858,JEV v1.0,-0.4848030529361678,5,0.4848030529361678,0.0011519882932510689,True
validation,775536,2026-06-06T23:45:00-07:00,775536_1780814700_H30,768701,JEV v1.0,-0.5340331829376544,1,0.5340331829376544,0.00443754829616351,True
validation,775536,2026-06-06T23:45:00-07:00,775536_1780814700_H30,759870,JEV v1.0,-0.49853279656834637,2,0.49853279656834637,0.00443754829616351,True
validation,775536,2026-06-06T23:45:00-07:00,775536_1780814700_H30,774344,JEV v1.0,-0.4945958613576973,3,0.4945958613576973,0.00443754829616351,True
validation,775536,2026-06-06T23:45:00-07:00,775536_1780814700_H30,718405,JEV v1.0,-0.48797035751296114,4,0.48797035751296114,0.00443754829616351,True
validation,775536,2026-06-06T23:45:00-07:00,775536_1780814700_H30,759858,JEV v1.0,-0.4795144454054766,5,0.4795144454054766,0.00443754829616351,True
validation,775536,2026-06-06T23:50:00-07:00,775536_1780815000_H30,768701,JEV v1.0,-0.5189522804762442,1,0.5189522804762442,0.0022290847894891608,True
validation,775536,2026-06-06T23:50:00-07:00,775536_1780815000_H30,759870,JEV v1.0,-0.5011196021603309,2,0.5011196021603309,0.0022290847894891608,True
validation,775536,2026-06-06T23:50:00-07:00,775536_1780815000_H30,774344,JEV v1.0,-0.4826738698858739,3,0.4826738698858739,0.0022290847894891608,True
validation,775536,2026-06-06T23:50:00-07:00,775536_1780815000_H30,718405,JEV v1.0,-0.47604781720117006,4,0.47604781720117006,0.0022290847894891608,True
validation,775536,2026-06-06T23:50:00-07:00,775536_1780815000_H30,759858,JEV v1.0,-0.46759190509368553,5,0.46759190509368553,0.0022290847894891608,True
validation,775536,2026-06-06T23:55:00-07:00,775536_1780815300_H30,768701,JEV v1.0,-0.5308647663901253,1,0.5308647663901253,0.005503708200461407,True
validation,775536,2026-06-06T23:55:00-07:00,775536_1780815300_H30,759870,JEV v1.0,-0.486835100786434,2,0.486835100786434,0.005503708200461407,True
validation,775536,2026-06-06T23:55:00-07:00,775536_1780815300_H30,774344,JEV v1.0,-0.46832752019361407,3,0.46832752019361407,0.005503708200461407,True
validation,775536,2026-06-06T23:55:00-07:00,775536_1780815300_H30,718405,JEV v1.0,-0.46170184088215677,4,0.46170184088215677,0.005503708200461407,True
validation,775536,2026-06-06T23:55:00-07:00,775536_1780815300_H30,759858,JEV v1.0,-0.45324592877467224,5,0.45324592877467224,0.005503708200461407,True
validation,775536,2026-06-10T23:30:00-07:00,775536_1781159400_H30,768701,JEV v1.0,-0.5372249738006056,1,0.5372249738006056,0.003152931299893927,True
validation,775536,2026-06-10T23:30:00-07:00,775536_1781159400_H30,774344,JEV v1.0,-0.5120015234014542,2,0.5120015234014542,0.003152931299893927,True
validation,775536,2026-06-10T23:30:00-07:00,775536_1781159400_H30,718405,JEV v1.0,-0.5053751302664976,3,0.5053751302664976,0.003152931299893927,True
validation,775536,2026-06-10T23:30:00-07:00,775536_1781159400_H30,759870,JEV v1.0,-0.5022313309520531,4,0.5022313309520531,0.003152931299893927,True
validation,775536,2026-06-10T23:30:00-07:00,775536_1781159400_H30,759858,JEV v1.0,-0.496919218159013,5,0.496919218159013,0.003152931299893927,True
validation,775536,2026-06-10T23:35:00-07:00,775536_1781159700_H30,768701,JEV v1.0,-0.5395919121605476,1,0.5395919121605476,0.0036074818686070986,True
validation,775536,2026-06-10T23:35:00-07:00,775536_1781159700_H30,759870,JEV v1.0,-0.5107320572116908,2,0.5107320572116908,0.0036074818686070986,True
validation,775536,2026-06-10T23:35:00-07:00,775536_1781159700_H30,774344,JEV v1.0,-0.5045061332479883,3,0.5045061332479883,0.0036074818686070986,True
validation,775536,2026-06-10T23:35:00-07:00,775536_1781159700_H30,718405,JEV v1.0,-0.49787989124679066,4,0.49787989124679066,0.0036074818686070986,True
validation,775536,2026-06-10T23:35:00-07:00,775536_1781159700_H30,759858,JEV v1.0,-0.48942397913930613,5,0.48942397913930613,0.0036074818686070986,True
validation,775536,2026-06-10T23:40:00-07:00,775536_1781160000_H30,768701,JEV v1.0,-0.5326384489285304,1,0.5326384489285304,0.002388291519588956,True
validation,775536,2026-06-10T23:40:00-07:00,775536_1781160000_H30,759870,JEV v1.0,-0.5135321167718188,2,0.5135321167718188,0.002388291519588956,True
validation,775536,2026-06-10T23:40:00-07:00,775536_1781160000_H30,774344,JEV v1.0,-0.5068734528103771,3,0.5068734528103771,0.002388291519588956,True
validation,775536,2026-06-10T23:40:00-07:00,775536_1781160000_H30,718405,JEV v1.0,-0.5002472078179148,4,0.5002472078179148,0.002388291519588956,True
validation,775536,2026-06-10T23:40:00-07:00,775536_1781160000_H30,759858,JEV v1.0,-0.4917912957104302,5,0.4917912957104302,0.002388291519588956,True
validation,775536,2026-06-10T23:45:00-07:00,775536_1781160300_H30,768701,JEV v1.0,-0.5225878657805326,1,0.5225878657805326,0.00151453395627614,True
validation,775536,2026-06-10T23:45:00-07:00,775536_1781160300_H30,774344,JEV v1.0,-0.5104715941303235,2,0.5104715941303235,0.00151453395627614,True
validation,775536,2026-06-10T23:45:00-07:00,775536_1781160300_H30,759870,JEV v1.0,-0.5057747725820664,3,0.5057747725820664,0.00151453395627614,True
validation,775536,2026-06-10T23:45:00-07:00,775536_1781160300_H30,718405,JEV v1.0,-0.5038454469989239,4,0.5038454469989239,0.00151453395627614,True
validation,775536,2026-06-10T23:45:00-07:00,775536_1781160300_H30,759858,JEV v1.0,-0.4953895348914393,5,0.4953895348914393,0.00151453395627614,True
validation,775536,2026-06-10T23:50:00-07:00,775536_1781160600_H30,768701,JEV v1.0,-0.5332931782387047,1,0.5332931782387047,0.0023400475364775547,True
validation,775536,2026-06-10T23:50:00-07:00,775536_1781160600_H30,774344,JEV v1.0,-0.5145727979468843,2,0.5145727979468843,0.0023400475364775547,True
validation,775536,2026-06-10T23:50:00-07:00,775536_1781160600_H30,718405,JEV v1.0,-0.4983783766329795,3,0.4983783766329795,0.0023400475364775547,True
validation,775536,2026-06-10T23:50:00-07:00,775536_1781160600_H30,759858,JEV v1.0,-0.489922464525495,4,0.489922464525495,0.0023400475364775547,True
validation,775536,2026-06-10T23:50:00-07:00,775536_1781160600_H30,759870,JEV v1.0,-0.48829404126503323,5,0.48829404126503323,0.0023400475364775547,True
validation,775536,2026-06-10T23:55:00-07:00,775536_1781160900_H30,768701,JEV v1.0,-0.5403536416501856,1,0.5403536416501856,0.0034745275050955537,True
validation,775536,2026-06-10T23:55:00-07:00,775536_1781160900_H30,759870,JEV v1.0,-0.5125574216094212,2,0.5125574216094212,0.0034745275050955537,True
validation,775536,2026-06-10T23:55:00-07:00,775536_1781160900_H30,774344,JEV v1.0,-0.5021768824998533,3,0.5021768824998533,0.0034745275050955537,True
validation,775536,2026-06-10T23:55:00-07:00,775536_1781160900_H30,718405,JEV v1.0,-0.49561759941048583,4,0.49561759941048583,0.0034745275050955537,True
validation,775536,2026-06-10T23:55:00-07:00,775536_1781160900_H30,759858,JEV v1.0,-0.4871616873030013,5,0.4871616873030013,0.0034745275050955537,True
validation,775536,2026-06-17T11:15:00-07:00,775536_1781720100_H30,718405,JEV v1.0,-0.5274955034941627,1,0.5274955034941627,0.0010569890134355803,True
validation,775536,2026-06-17T11:15:00-07:00,775536_1781720100_H30,759858,JEV v1.0,-0.5190395913866781,2,0.5190395913866781,0.0010569890134355803,True
validation,775536,2026-06-17T11:15:00-07:00,775536_1781720100_H30,759870,JEV v1.0,-0.5025439646647935,3,0.5025439646647935,0.0010569890134355803,True
validation,775536,2026-06-17T11:15:00-07:00,775536_1781720100_H30,768701,JEV v1.0,-0.3141237700111115,4,0.3141237700111115,0.0010569890134355803,True
validation,775536,2026-06-17T11:15:00-07:00,775536_1781720100_H30,774344,JEV v1.0,-0.3011588609376501,5,0.3011588609376501,0.0010569890134355803,True
validation,775536,2026-06-18T23:30:00-07:00,775536_1781850600_H30,768701,JEV v1.0,-0.5339646094409897,1,0.5339646094409897,0.002919319809117721,True
validation,775536,2026-06-18T23:30:00-07:00,775536_1781850600_H30,774344,JEV v1.0,-0.5106100509680479,2,0.5106100509680479,0.002919319809117721,True
validation,775536,2026-06-18T23:30:00-07:00,775536_1781850600_H30,718405,JEV v1.0,-0.5039837943349967,3,0.5039837943349967,0.002919319809117721,True
validation,775536,2026-06-18T23:30:00-07:00,775536_1781850600_H30,759858,JEV v1.0,-0.49552788222751215,4,0.49552788222751215,0.002919319809117721,True
validation,775536,2026-06-18T23:30:00-07:00,775536_1781850600_H30,759870,JEV v1.0,-0.4924956459535159,5,0.4924956459535159,0.002919319809117721,True
validation,775536,2026-06-18T23:35:00-07:00,775536_1781850900_H30,768701,JEV v1.0,-0.5350433042685993,1,0.5350433042685993,0.0028842404074785055,True
validation,775536,2026-06-18T23:35:00-07:00,775536_1781850900_H30,774344,JEV v1.0,-0.5119693810087712,2,0.5119693810087712,0.0028842404074785055,True
validation,775536,2026-06-18T23:35:00-07:00,775536_1781850900_H30,759870,JEV v1.0,-0.5094952747604337,3,0.5094952747604337,0.0028842404074785055,True
validation,775536,2026-06-18T23:35:00-07:00,775536_1781850900_H30,718405,JEV v1.0,-0.5053430218964742,4,0.5053430218964742,0.0028842404074785055,True
validation,775536,2026-06-18T23:35:00-07:00,775536_1781850900_H30,759858,JEV v1.0,-0.49688710978898964,5,0.49688710978898964,0.0028842404074785055,True
validation,775536,2026-06-18T23:40:00-07:00,775536_1781851200_H30,768701,JEV v1.0,-0.5356328644236683,1,0.5356328644236683,0.0013590863819734483,True
validation,775536,2026-06-18T23:40:00-07:00,775536_1781851200_H30,774344,JEV v1.0,-0.5247601733678807,2,0.5247601733678807,0.0013590863819734483,True
validation,775536,2026-06-18T23:40:00-07:00,775536_1781851200_H30,718405,JEV v1.0,-0.5181346535715317,3,0.5181346535715317,0.0013590863819734483,True
validation,775536,2026-06-18T23:40:00-07:00,775536_1781851200_H30,759870,JEV v1.0,-0.5139425052924051,4,0.5139425052924051,0.0013590863819734483,True
validation,775536,2026-06-18T23:40:00-07:00,775536_1781851200_H30,759858,JEV v1.0,-0.5096787414640471,5,0.5096787414640471,0.0013590863819734483,True
validation,775536,2026-06-18T23:45:00-07:00,775536_1781851500_H30,768701,JEV v1.0,-0.5399313916594195,1,0.5399313916594195,0.0026447357761627405,True
validation,775536,2026-06-18T23:45:00-07:00,775536_1781851500_H30,774344,JEV v1.0,-0.5187735054501176,2,0.5187735054501176,0.0026447357761627405,True
validation,775536,2026-06-18T23:45:00-07:00,775536_1781851500_H30,718405,JEV v1.0,-0.5121471542846582,3,0.5121471542846582,0.0026447357761627405,True
validation,775536,2026-06-18T23:45:00-07:00,775536_1781851500_H30,759870,JEV v1.0,-0.5120933031784033,4,0.5120933031784033,0.0026447357761627405,True
validation,775536,2026-06-18T23:45:00-07:00,775536_1781851500_H30,759858,JEV v1.0,-0.5036912421771736,5,0.5036912421771736,0.0026447357761627405,True
validation,775536,2026-06-18T23:50:00-07:00,775536_1781851800_H30,768701,JEV v1.0,-0.5427589919020664,1,0.5427589919020664,0.002544761550785535,True
validation,775536,2026-06-18T23:50:00-07:00,775536_1781851800_H30,774344,JEV v1.0,-0.5224008994957822,2,0.5224008994957822,0.002544761550785535,True
validation,775536,2026-06-18T23:50:00-07:00,775536_1781851800_H30,718405,JEV v1.0,-0.5157744639840939,3,0.5157744639840939,0.002544761550785535,True
validation,775536,2026-06-18T23:50:00-07:00,775536_1781851800_H30,759870,JEV v1.0,-0.5106340894758751,4,0.5106340894758751,0.002544761550785535,True
validation,775536,2026-06-18T23:50:00-07:00,775536_1781851800_H30,759858,JEV v1.0,-0.5073185518766093,5,0.5073185518766093,0.002544761550785535,True
validation,775536,2026-06-18T23:55:00-07:00,775536_1781852100_H30,768701,JEV v1.0,-0.5460617416235148,1,0.5460617416235148,0.003957020192432159,True
validation,775536,2026-06-18T23:55:00-07:00,775536_1781852100_H30,759870,JEV v1.0,-0.5144055800840576,2,0.5144055800840576,0.003957020192432159,True
validation,775536,2026-06-18T23:55:00-07:00,775536_1781852100_H30,774344,JEV v1.0,-0.5124416081077675,3,0.5124416081077675,0.003957020192432159,True
validation,775536,2026-06-18T23:55:00-07:00,775536_1781852100_H30,718405,JEV v1.0,-0.5058153209420513,4,0.5058153209420513,0.003957020192432159,True
validation,775536,2026-06-18T23:55:00-07:00,775536_1781852100_H30,759858,JEV v1.0,-0.49735940883456675,5,0.49735940883456675,0.003957020192432159,True
validation,775536,2026-06-22T23:30:00-07:00,775536_1782196200_H30,768701,JEV v1.0,-0.5259408570260994,1,0.5259408570260994,0.0014337842245242122,True
validation,775536,2026-06-22T23:30:00-07:00,775536_1782196200_H30,759870,JEV v1.0,-0.5144705832299057,2,0.5144705832299057,0.0014337842245242122,True
validation,775536,2026-06-22T23:30:00-07:00,775536_1782196200_H30,774344,JEV v1.0,-0.5070077339680698,3,0.5070077339680698,0.0014337842245242122,True
validation,775536,2026-06-22T23:30:00-07:00,775536_1782196200_H30,718405,JEV v1.0,-0.5003824782201702,4,0.5003824782201702,0.0014337842245242122,True
validation,775536,2026-06-22T23:30:00-07:00,775536_1782196200_H30,759858,JEV v1.0,-0.4919265661126857,5,0.4919265661126857,0.0014337842245242122,True
validation,775536,2026-06-22T23:35:00-07:00,775536_1782196500_H30,768701,JEV v1.0,-0.5251799820986683,1,0.5251799820986683,0.001565973076573593,True
validation,775536,2026-06-22T23:35:00-07:00,775536_1782196500_H30,759870,JEV v1.0,-0.5126521974860796,2,0.5126521974860796,0.001565973076573593,True
validation,775536,2026-06-22T23:35:00-07:00,775536_1782196500_H30,774344,JEV v1.0,-0.5102119058199515,3,0.5102119058199515,0.001565973076573593,True
validation,775536,2026-06-22T23:35:00-07:00,775536_1782196500_H30,718405,JEV v1.0,-0.5035866878619558,4,0.5035866878619558,0.001565973076573593,True
validation,775536,2026-06-22T23:35:00-07:00,775536_1782196500_H30,759858,JEV v1.0,-0.4951307757544713,5,0.4951307757544713,0.001565973076573593,True
validation,775536,2026-06-22T23:40:00-07:00,775536_1782196800_H30,768701,JEV v1.0,-0.5329919931360853,1,0.5329919931360853,0.002355699851519677,True
validation,775536,2026-06-22T23:40:00-07:00,775536_1782196800_H30,774344,JEV v1.0,-0.5141463943239278,2,0.5141463943239278,0.002355699851519677,True
validation,775536,2026-06-22T23:40:00-07:00,775536_1782196800_H30,718405,JEV v1.0,-0.5075210469281896,3,0.5075210469281896,0.002355699851519677,True
validation,775536,2026-06-22T23:40:00-07:00,775536_1782196800_H30,759858,JEV v1.0,-0.499065134820705,4,0.499065134820705,0.002355699851519677,True
validation,775536,2026-06-22T23:40:00-07:00,775536_1782196800_H30,759870,JEV v1.0,-0.4847739633670334,5,0.4847739633670334,0.002355699851519677,True
validation,775536,2026-06-22T23:45:00-07:00,775536_1782197100_H30,768701,JEV v1.0,-0.5237027628231316,1,0.5237027628231316,0.0006441840379925456,True
validation,775536,2026-06-22T23:45:00-07:00,775536_1782197100_H30,774344,JEV v1.0,-0.5185492905191912,2,0.5185492905191912,0.0006441840379925456,True
validation,775536,2026-06-22T23:45:00-07:00,775536_1782197100_H30,718405,JEV v1.0,-0.5119239527647815,3,0.5119239527647815,0.0006441840379925456,True
validation,775536,2026-06-22T23:45:00-07:00,775536_1782197100_H30,759870,JEV v1.0,-0.5115570200525673,4,0.5115570200525673,0.0006441840379925456,True
validation,775536,2026-06-22T23:45:00-07:00,775536_1782197100_H30,759858,JEV v1.0,-0.503468040657297,5,0.503468040657297,0.0006441840379925456,True
validation,775536,2026-06-22T23:50:00-07:00,775536_1782197400_H30,768701,JEV v1.0,-0.5496928083540794,1,0.5496928083540794,0.004880478837799712,True
validation,775536,2026-06-22T23:50:00-07:00,775536_1782197400_H30,759870,JEV v1.0,-0.5106489776516817,2,0.5106489776516817,0.004880478837799712,True
validation,775536,2026-06-22T23:50:00-07:00,775536_1782197400_H30,774344,JEV v1.0,-0.5100832087028098,3,0.5100832087028098,0.004880478837799712,True
validation,775536,2026-06-22T23:50:00-07:00,775536_1782197400_H30,718405,JEV v1.0,-0.5034570315106593,4,0.5034570315106593,0.004880478837799712,True
validation,775536,2026-06-22T23:50:00-07:00,775536_1782197400_H30,759858,JEV v1.0,-0.4950011194031748,5,0.4950011194031748,0.004880478837799712,True
validation,775536,2026-06-22T23:55:00-07:00,775536_1782197700_H30,768701,JEV v1.0,-0.5357375625593919,1,0.5357375625593919,0.0037407248078939748,True
validation,775536,2026-06-22T23:55:00-07:00,775536_1782197700_H30,774344,JEV v1.0,-0.5058117640962401,2,0.5058117640962401,0.0037407248078939748,True
validation,775536,2026-06-22T23:55:00-07:00,775536_1782197700_H30,759870,JEV v1.0,-0.5054080905773584,3,0.5054080905773584,0.0037407248078939748,True
validation,775536,2026-06-22T23:55:00-07:00,775536_1782197700_H30,718405,JEV v1.0,-0.4991855414405682,4,0.4991855414405682,0.0037407248078939748,True
validation,775536,2026-06-22T23:55:00-07:00,775536_1782197700_H30,759858,JEV v1.0,-0.4907296293330837,5,0.4907296293330837,0.0037407248078939748,True
validation,775536,2026-06-26T23:30:00-07:00,775536_1782541800_H30,768701,JEV v1.0,-0.5459243389032629,1,0.5459243389032629,0.002674819188669575,True
validation,775536,2026-06-26T23:30:00-07:00,775536_1782541800_H30,774344,JEV v1.0,-0.5245257853939063,2,0.5245257853939063,0.002674819188669575,True
validation,775536,2026-06-26T23:30:00-07:00,775536_1782541800_H30,718405,JEV v1.0,-0.517900130495942,3,0.517900130495942,0.002674819188669575,True
validation,775536,2026-06-26T23:30:00-07:00,775536_1782541800_H30,759858,JEV v1.0,-0.5094442183884574,4,0.5094442183884574,0.002674819188669575,True
validation,775536,2026-06-26T23:30:00-07:00,775536_1782541800_H30,759870,JEV v1.0,-0.5016657138537624,5,0.5016657138537624,0.002674819188669575,True
validation,775536,2026-06-26T23:35:00-07:00,775536_1782542100_H30,768701,JEV v1.0,-0.5437084751467943,1,0.5437084751467943,0.0020835766790025523,True
validation,775536,2026-06-26T23:35:00-07:00,775536_1782542100_H30,774344,JEV v1.0,-0.5270398617147739,2,0.5270398617147739,0.0020835766790025523,True
validation,775536,2026-06-26T23:35:00-07:00,775536_1782542100_H30,759870,JEV v1.0,-0.5251975790817581,3,0.5251975790817581,0.0020835766790025523,True
validation,775536,2026-06-26T23:35:00-07:00,775536_1782542100_H30,718405,JEV v1.0,-0.5204142588714779,4,0.5204142588714779,0.0020835766790025523,True
validation,775536,2026-06-26T23:35:00-07:00,775536_1782542100_H30,759858,JEV v1.0,-0.5119583467639933,5,0.5119583467639933,0.0020835766790025523,True
validation,775536,2026-06-26T23:40:00-07:00,775536_1782542400_H30,774344,JEV v1.0,-0.5296704954710765,1,0.5296704954710765,0.0002865356663008384,True
validation,775536,2026-06-26T23:40:00-07:00,775536_1782542400_H30,768701,JEV v1.0,-0.5273782101406698,2,0.5273782101406698,0.0002865356663008384,True
validation,775536,2026-06-26T23:40:00-07:00,775536_1782542400_H30,718405,JEV v1.0,-0.5230438635785246,3,0.5230438635785246,0.0002865356663008384,True
validation,775536,2026-06-26T23:40:00-07:00,775536_1782542400_H30,759870,JEV v1.0,-0.5229408792841965,4,0.5229408792841965,0.0002865356663008384,True
validation,775536,2026-06-26T23:40:00-07:00,775536_1782542400_H30,759858,JEV v1.0,-0.5145879514710401,5,0.5145879514710401,0.0002865356663008384,True
validation,775536,2026-06-26T23:45:00-07:00,775536_1782542700_H30,768701,JEV v1.0,-0.5279861532117794,1,0.5279861532117794,0.0012747308796073609,True
validation,775536,2026-06-26T23:45:00-07:00,775536_1782542700_H30,774344,JEV v1.0,-0.5177883061749206,2,0.5177883061749206,0.0012747308796073609,True
validation,775536,2026-06-26T23:45:00-07:00,775536_1782542700_H30,718405,JEV v1.0,-0.5111629829571828,3,0.5111629829571828,0.0012747308796073609,True
validation,775536,2026-06-26T23:45:00-07:00,775536_1782542700_H30,759858,JEV v1.0,-0.5027070708496982,4,0.5027070708496982,0.0012747308796073609,True
validation,775536,2026-06-26T23:45:00-07:00,775536_1782542700_H30,759870,JEV v1.0,-0.4930381295428603,5,0.4930381295428603,0.0012747308796073609,True
validation,775536,2026-06-26T23:50:00-07:00,775536_1782543000_H30,768701,JEV v1.0,-0.5502637813517811,1,0.5502637813517811,0.004758973576628939,True
validation,775536,2026-06-26T23:50:00-07:00,775536_1782543000_H30,759870,JEV v1.0,-0.5121919927387496,2,0.5121919927387496,0.004758973576628939,True
validation,775536,2026-06-26T23:50:00-07:00,775536_1782543000_H30,774344,JEV v1.0,-0.5107830571695671,3,0.5107830571695671,0.004758973576628939,True
validation,775536,2026-06-26T23:50:00-07:00,775536_1782543000_H30,718405,JEV v1.0,-0.5041575920464009,4,0.5041575920464009,0.004758973576628939,True
validation,775536,2026-06-26T23:50:00-07:00,775536_1782543000_H30,759858,JEV v1.0,-0.4957016799389163,5,0.4957016799389163,0.004758973576628939,True
validation,775536,2026-06-26T23:55:00-07:00,775536_1782543300_H30,768701,JEV v1.0,-0.5196887683408747,1,0.5196887683408747,0.002638283925106788,True
validation,775536,2026-06-26T23:55:00-07:00,775536_1782543300_H30,774344,JEV v1.0,-0.49858249694002044,2,0.49858249694002044,0.002638283925106788,True
validation,775536,2026-06-26T23:55:00-07:00,775536_1782543300_H30,759870,JEV v1.0,-0.49453183136591367,3,0.49453183136591367,0.002638283925106788,True
validation,775536,2026-06-26T23:55:00-07:00,775536_1782543300_H30,718405,JEV v1.0,-0.4919569652043683,4,0.4919569652043683,0.002638283925106788,True
validation,775536,2026-06-26T23:55:00-07:00,775536_1782543300_H30,759858,JEV v1.0,-0.4835010530968838,5,0.4835010530968838,0.002638283925106788,True
validation,765501,2026-06-03T15:25:00-07:00,765501_1780525500_H30,773773,Oracle (reference only),9.265514373779297,1,,,False
validation,765501,2026-06-03T15:25:00-07:00,765501_1780525500_H30,717951,Oracle (reference only),9.265514373779297,2,,,False
validation,765501,2026-06-03T15:25:00-07:00,765501_1780525500_H30,776019,Oracle (reference only),12.358428955078123,3,,,False
validation,765501,2026-06-03T15:25:00-07:00,765501_1780525500_H30,763616,Oracle (reference only),13.01229476928711,4,,,False
validation,765501,2026-06-03T15:25:00-07:00,765501_1780525500_H30,773784,Oracle (reference only),14.717269897460938,5,,,False
validation,765501,2026-06-03T15:30:00-07:00,765501_1780525800_H30,763616,Oracle (reference only),7.766017913818359,1,,,False
validation,765501,2026-06-03T15:30:00-07:00,765501_1780525800_H30,773784,Oracle (reference only),8.729896545410156,2,,,False
validation,765501,2026-06-03T15:30:00-07:00,765501_1780525800_H30,773773,Oracle (reference only),10.149818420410156,3,,,False
validation,765501,2026-06-03T15:30:00-07:00,765501_1780525800_H30,717951,Oracle (reference only),10.149818420410156,4,,,False
validation,765501,2026-06-03T15:30:00-07:00,765501_1780525800_H30,776019,Oracle (reference only),12.859901428222656,5,,,False
validation,765501,2026-06-03T15:35:00-07:00,765501_1780526100_H30,763616,Oracle (reference only),2.32741928100586,1,,,False
validation,765501,2026-06-03T15:35:00-07:00,765501_1780526100_H30,773784,Oracle (reference only),9.921756744384766,2,,,False
validation,765501,2026-06-03T15:35:00-07:00,765501_1780526100_H30,773773,Oracle (reference only),11.66946792602539,3,,,False
validation,765501,2026-06-03T15:35:00-07:00,765501_1780526100_H30,717951,Oracle (reference only),11.66946792602539,4,,,False
validation,765501,2026-06-03T15:35:00-07:00,765501_1780526100_H30,776019,Oracle (reference only),14.131969451904297,5,,,False
validation,765501,2026-06-03T15:40:00-07:00,765501_1780526400_H30,763616,Oracle (reference only),5.4029083251953125,1,,,False
validation,765501,2026-06-03T15:40:00-07:00,765501_1780526400_H30,773773,Oracle (reference only),11.764209747314451,2,,,False
validation,765501,2026-06-03T15:40:00-07:00,765501_1780526400_H30,717951,Oracle (reference only),11.764209747314451,3,,,False
validation,765501,2026-06-03T15:40:00-07:00,765501_1780526400_H30,773784,Oracle (reference only),14.592296600341797,4,,,False
validation,765501,2026-06-03T15:40:00-07:00,765501_1780526400_H30,776019,Oracle (reference only),16.140243530273438,5,,,False
validation,765501,2026-06-03T15:45:00-07:00,765501_1780526700_H30,763616,Oracle (reference only),5.657157897949219,1,,,False
validation,765501,2026-06-03T15:45:00-07:00,765501_1780526700_H30,773773,Oracle (reference only),12.993793487548828,2,,,False
validation,765501,2026-06-03T15:45:00-07:00,765501_1780526700_H30,717951,Oracle (reference only),12.993793487548828,3,,,False
validation,765501,2026-06-03T15:45:00-07:00,765501_1780526700_H30,773784,Oracle (reference only),15.641487121582031,4,,,False
validation,765501,2026-06-03T15:45:00-07:00,765501_1780526700_H30,776019,Oracle (reference only),16.346275329589844,5,,,False
validation,765501,2026-06-03T15:50:00-07:00,765501_1780527000_H30,763616,Oracle (reference only),8.121150970458984,1,,,False
validation,765501,2026-06-03T15:50:00-07:00,765501_1780527000_H30,773773,Oracle (reference only),13.161766052246094,2,,,False
validation,765501,2026-06-03T15:50:00-07:00,765501_1780527000_H30,717951,Oracle (reference only),13.161766052246094,3,,,False
validation,765501,2026-06-03T15:50:00-07:00,765501_1780527000_H30,773784,Oracle (reference only),14.725013732910156,4,,,False
validation,765501,2026-06-03T15:50:00-07:00,765501_1780527000_H30,776019,Oracle (reference only),18.257583618164062,5,,,False
validation,765501,2026-06-06T07:20:00-07:00,765501_1780755600_H30,763616,Oracle (reference only),0.408782958984375,1,,,False
validation,765501,2026-06-06T07:20:00-07:00,765501_1780755600_H30,717951,Oracle (reference only),2.2032394409179688,2,,,False
validation,765501,2026-06-06T07:20:00-07:00,765501_1780755600_H30,773773,Oracle (reference only),3.49441146850586,3,,,False
validation,765501,2026-06-06T07:20:00-07:00,765501_1780755600_H30,773784,Oracle (reference only),4.7357177734375,4,,,False
validation,765501,2026-06-06T07:20:00-07:00,765501_1780755600_H30,776019,Oracle (reference only),4.986431121826172,5,,,False
validation,765501,2026-06-06T07:25:00-07:00,765501_1780755900_H30,717951,Oracle (reference only),1.1006240844726562,1,,,False
validation,765501,2026-06-06T07:25:00-07:00,765501_1780755900_H30,763616,Oracle (reference only),1.88330078125,2,,,False
validation,765501,2026-06-06T07:25:00-07:00,765501_1780755900_H30,776019,Oracle (reference only),2.440223693847656,3,,,False
validation,765501,2026-06-06T07:25:00-07:00,765501_1780755900_H30,773773,Oracle (reference only),3.0172042846679688,4,,,False
validation,765501,2026-06-06T07:25:00-07:00,765501_1780755900_H30,773784,Oracle (reference only),5.812053680419922,5,,,False
validation,765501,2026-06-06T07:30:00-07:00,765501_1780756200_H30,763616,Oracle (reference only),0.959503173828125,1,,,False
validation,765501,2026-06-06T07:30:00-07:00,765501_1780756200_H30,717951,Oracle (reference only),1.2043838500976562,2,,,False
validation,765501,2026-06-06T07:30:00-07:00,765501_1780756200_H30,776019,Oracle (reference only),1.3867721557617188,3,,,False
validation,765501,2026-06-06T07:30:00-07:00,765501_1780756200_H30,773773,Oracle (reference only),1.862274169921875,4,,,False
validation,765501,2026-06-06T07:30:00-07:00,765501_1780756200_H30,773784,Oracle (reference only),5.2108001708984375,5,,,False
validation,765501,2026-06-06T07:35:00-07:00,765501_1780756500_H30,776019,Oracle (reference only),0.2828750610351562,1,,,False
validation,765501,2026-06-06T07:35:00-07:00,765501_1780756500_H30,717951,Oracle (reference only),0.8705215454101562,2,,,False
validation,765501,2026-06-06T07:35:00-07:00,765501_1780756500_H30,773773,Oracle (reference only),1.4932594299316406,3,,,False
validation,765501,2026-06-06T07:35:00-07:00,765501_1780756500_H30,763616,Oracle (reference only),1.9462661743164065,4,,,False
validation,765501,2026-06-06T07:35:00-07:00,765501_1780756500_H30,773784,Oracle (reference only),5.2697296142578125,5,,,False
validation,765501,2026-06-06T07:40:00-07:00,765501_1780756800_H30,717951,Oracle (reference only),0.369842529296875,1,,,False
validation,765501,2026-06-06T07:40:00-07:00,765501_1780756800_H30,776019,Oracle (reference only),0.7348785400390625,2,,,False
validation,765501,2026-06-06T07:40:00-07:00,765501_1780756800_H30,763616,Oracle (reference only),1.40594482421875,3,,,False
validation,765501,2026-06-06T07:40:00-07:00,765501_1780756800_H30,773773,Oracle (reference only),1.5091094970703125,4,,,False
validation,765501,2026-06-06T07:40:00-07:00,765501_1780756800_H30,773784,Oracle (reference only),3.689170837402344,5,,,False
validation,765501,2026-06-06T07:45:00-07:00,765501_1780757100_H30,776019,Oracle (reference only),0.2406005859375,1,,,False
validation,765501,2026-06-06T07:45:00-07:00,765501_1780757100_H30,717951,Oracle (reference only),0.4158554077148437,2,,,False
validation,765501,2026-06-06T07:45:00-07:00,765501_1780757100_H30,763616,Oracle (reference only),1.5462493896484375,3,,,False
validation,765501,2026-06-06T07:45:00-07:00,765501_1780757100_H30,773784,Oracle (reference only),2.644794464111328,4,,,False
validation,765501,2026-06-06T07:45:00-07:00,765501_1780757100_H30,773773,Oracle (reference only),4.611083984375,5,,,False
validation,765501,2026-06-11T23:30:00-07:00,765501_1781245800_H30,763616,Oracle (reference only),1.5694046020507812,1,,,False
validation,765501,2026-06-11T23:30:00-07:00,765501_1781245800_H30,773784,Oracle (reference only),4.2251739501953125,2,,,False
validation,765501,2026-06-11T23:30:00-07:00,765501_1781245800_H30,773773,Oracle (reference only),5.636760711669922,3,,,False
validation,765501,2026-06-11T23:30:00-07:00,765501_1781245800_H30,717951,Oracle (reference only),5.636760711669922,4,,,False
validation,765501,2026-06-11T23:30:00-07:00,765501_1781245800_H30,776019,Oracle (reference only),7.730613708496094,5,,,False
validation,765501,2026-06-11T23:35:00-07:00,765501_1781246100_H30,763616,Oracle (reference only),1.4680938720703125,1,,,False
validation,765501,2026-06-11T23:35:00-07:00,765501_1781246100_H30,773784,Oracle (reference only),1.6174392700195312,2,,,False
validation,765501,2026-06-11T23:35:00-07:00,765501_1781246100_H30,773773,Oracle (reference only),3.1788253784179688,3,,,False
validation,765501,2026-06-11T23:35:00-07:00,765501_1781246100_H30,717951,Oracle (reference only),3.1788253784179688,4,,,False
validation,765501,2026-06-11T23:35:00-07:00,765501_1781246100_H30,776019,Oracle (reference only),6.0147247314453125,5,,,False
validation,765501,2026-06-11T23:40:00-07:00,765501_1781246400_H30,773784,Oracle (reference only),1.1476974487304688,1,,,False
validation,765501,2026-06-11T23:40:00-07:00,765501_1781246400_H30,763616,Oracle (reference only),1.3957290649414062,2,,,False
validation,765501,2026-06-11T23:40:00-07:00,765501_1781246400_H30,773773,Oracle (reference only),3.549842834472656,3,,,False
validation,765501,2026-06-11T23:40:00-07:00,765501_1781246400_H30,717951,Oracle (reference only),3.549842834472656,4,,,False
validation,765501,2026-06-11T23:40:00-07:00,765501_1781246400_H30,776019,Oracle (reference only),5.465484619140625,5,,,False
validation,765501,2026-06-11T23:45:00-07:00,765501_1781246700_H30,763616,Oracle (reference only),0.6777496337890625,1,,,False
validation,765501,2026-06-11T23:45:00-07:00,765501_1781246700_H30,773784,Oracle (reference only),3.258003234863281,2,,,False
validation,765501,2026-06-11T23:45:00-07:00,765501_1781246700_H30,776019,Oracle (reference only),6.070667266845703,3,,,False
validation,765501,2026-06-11T23:45:00-07:00,765501_1781246700_H30,773773,Oracle (reference only),6.084281921386719,4,,,False
validation,765501,2026-06-11T23:45:00-07:00,765501_1781246700_H30,717951,Oracle (reference only),6.084281921386719,5,,,False
validation,765501,2026-06-11T23:50:00-07:00,765501_1781247000_H30,763616,Oracle (reference only),0.0621871948242187,1,,,False
validation,765501,2026-06-11T23:50:00-07:00,765501_1781247000_H30,773784,Oracle (reference only),3.779369354248047,2,,,False
validation,765501,2026-06-11T23:50:00-07:00,765501_1781247000_H30,773773,Oracle (reference only),4.902793884277344,3,,,False
validation,765501,2026-06-11T23:50:00-07:00,765501_1781247000_H30,717951,Oracle (reference only),4.902793884277344,4,,,False
validation,765501,2026-06-11T23:50:00-07:00,765501_1781247000_H30,776019,Oracle (reference only),5.580940246582031,5,,,False
validation,765501,2026-06-11T23:55:00-07:00,765501_1781247300_H30,763616,Oracle (reference only),0.901702880859375,1,,,False
validation,765501,2026-06-11T23:55:00-07:00,765501_1781247300_H30,773784,Oracle (reference only),3.3795242309570312,2,,,False
validation,765501,2026-06-11T23:55:00-07:00,765501_1781247300_H30,773773,Oracle (reference only),3.7016334533691406,3,,,False
validation,765501,2026-06-11T23:55:00-07:00,765501_1781247300_H30,717951,Oracle (reference only),3.7016334533691406,4,,,False
validation,765501,2026-06-11T23:55:00-07:00,765501_1781247300_H30,776019,Oracle (reference only),4.375164031982422,5,,,False
validation,765501,2026-06-15T23:30:00-07:00,765501_1781591400_H30,773784,Oracle (reference only),3.362983703613281,1,,,False
validation,765501,2026-06-15T23:30:00-07:00,765501_1781591400_H30,763616,Oracle (reference only),3.4067459106445312,2,,,False
validation,765501,2026-06-15T23:30:00-07:00,765501_1781591400_H30,776019,Oracle (reference only),4.771369934082031,3,,,False
validation,765501,2026-06-15T23:30:00-07:00,765501_1781591400_H30,773773,Oracle (reference only),12.888511657714844,4,,,False
validation,765501,2026-06-15T23:30:00-07:00,765501_1781591400_H30,717951,Oracle (reference only),12.888511657714844,5,,,False
validation,765501,2026-06-15T23:35:00-07:00,765501_1781591700_H30,763616,Oracle (reference only),0.6665878295898438,1,,,False
validation,765501,2026-06-15T23:35:00-07:00,765501_1781591700_H30,776019,Oracle (reference only),1.0069923400878906,2,,,False
validation,765501,2026-06-15T23:35:00-07:00,765501_1781591700_H30,773784,Oracle (reference only),3.35842514038086,3,,,False
validation,765501,2026-06-15T23:35:00-07:00,765501_1781591700_H30,773773,Oracle (reference only),9.146846771240234,4,,,False
validation,765501,2026-06-15T23:35:00-07:00,765501_1781591700_H30,717951,Oracle (reference only),9.146846771240234,5,,,False
validation,765501,2026-06-15T23:40:00-07:00,765501_1781592000_H30,776019,Oracle (reference only),0.8366851806640625,1,,,False
validation,765501,2026-06-15T23:40:00-07:00,765501_1781592000_H30,773784,Oracle (reference only),1.0098953247070312,2,,,False
validation,765501,2026-06-15T23:40:00-07:00,765501_1781592000_H30,763616,Oracle (reference only),3.4026870727539062,3,,,False
validation,765501,2026-06-15T23:40:00-07:00,765501_1781592000_H30,773773,Oracle (reference only),6.101020812988281,4,,,False
validation,765501,2026-06-15T23:40:00-07:00,765501_1781592000_H30,717951,Oracle (reference only),6.101020812988281,5,,,False
validation,765501,2026-06-15T23:45:00-07:00,765501_1781592300_H30,776019,Oracle (reference only),0.5329322814941406,1,,,False
validation,765501,2026-06-15T23:45:00-07:00,765501_1781592300_H30,773784,Oracle (reference only),1.195598602294922,2,,,False
validation,765501,2026-06-15T23:45:00-07:00,765501_1781592300_H30,763616,Oracle (reference only),2.677207946777344,3,,,False
validation,765501,2026-06-15T23:45:00-07:00,765501_1781592300_H30,773773,Oracle (reference only),5.518070220947266,4,,,False
validation,765501,2026-06-15T23:45:00-07:00,765501_1781592300_H30,717951,Oracle (reference only),5.518070220947266,5,,,False
validation,765501,2026-06-15T23:50:00-07:00,765501_1781592600_H30,776019,Oracle (reference only),0.4062042236328125,1,,,False
validation,765501,2026-06-15T23:50:00-07:00,765501_1781592600_H30,773784,Oracle (reference only),0.6631507873535156,2,,,False
validation,765501,2026-06-15T23:50:00-07:00,765501_1781592600_H30,763616,Oracle (reference only),2.755615234375,3,,,False
validation,765501,2026-06-15T23:50:00-07:00,765501_1781592600_H30,773773,Oracle (reference only),5.804420471191406,4,,,False
validation,765501,2026-06-15T23:50:00-07:00,765501_1781592600_H30,717951,Oracle (reference only),5.804420471191406,5,,,False
validation,765501,2026-06-15T23:55:00-07:00,765501_1781592900_H30,763616,Oracle (reference only),1.7599945068359375,1,,,False
validation,765501,2026-06-15T23:55:00-07:00,765501_1781592900_H30,776019,Oracle (reference only),4.411785125732422,2,,,False
validation,765501,2026-06-15T23:55:00-07:00,765501_1781592900_H30,773784,Oracle (reference only),5.820926666259766,3,,,False
validation,765501,2026-06-15T23:55:00-07:00,765501_1781592900_H30,773773,Oracle (reference only),10.49136734008789,4,,,False
validation,765501,2026-06-15T23:55:00-07:00,765501_1781592900_H30,717951,Oracle (reference only),10.49136734008789,5,,,False
validation,765501,2026-06-17T22:00:00-07:00,765501_1781758800_H30,763616,Oracle (reference only),3.382080078125,1,,,False
validation,765501,2026-06-17T22:00:00-07:00,765501_1781758800_H30,773773,Oracle (reference only),3.4603805541992188,2,,,False
validation,765501,2026-06-17T22:00:00-07:00,765501_1781758800_H30,717951,Oracle (reference only),3.4603805541992188,3,,,False
validation,765501,2026-06-17T22:00:00-07:00,765501_1781758800_H30,776019,Oracle (reference only),5.3105010986328125,4,,,False
validation,765501,2026-06-17T22:00:00-07:00,765501_1781758800_H30,773784,Oracle (reference only),6.303215026855469,5,,,False
validation,765501,2026-06-17T22:05:00-07:00,765501_1781759100_H30,763616,Oracle (reference only),1.907066345214844,1,,,False
validation,765501,2026-06-17T22:05:00-07:00,765501_1781759100_H30,773773,Oracle (reference only),2.794746398925781,2,,,False
validation,765501,2026-06-17T22:05:00-07:00,765501_1781759100_H30,717951,Oracle (reference only),2.794746398925781,3,,,False
validation,765501,2026-06-17T22:05:00-07:00,765501_1781759100_H30,776019,Oracle (reference only),4.864494323730469,4,,,False
validation,765501,2026-06-17T22:05:00-07:00,765501_1781759100_H30,773784,Oracle (reference only),4.920204162597656,5,,,False
validation,765501,2026-06-17T22:10:00-07:00,765501_1781759400_H30,763616,Oracle (reference only),3.1412353515625,1,,,False
validation,765501,2026-06-17T22:10:00-07:00,765501_1781759400_H30,773784,Oracle (reference only),5.292152404785156,2,,,False
validation,765501,2026-06-17T22:10:00-07:00,765501_1781759400_H30,773773,Oracle (reference only),6.618644714355469,3,,,False
validation,765501,2026-06-17T22:10:00-07:00,765501_1781759400_H30,717951,Oracle (reference only),6.618644714355469,4,,,False
validation,765501,2026-06-17T22:10:00-07:00,765501_1781759400_H30,776019,Oracle (reference only),8.216136932373047,5,,,False
validation,765501,2026-06-17T22:15:00-07:00,765501_1781759700_H30,763616,Oracle (reference only),3.6384353637695312,1,,,False
validation,765501,2026-06-17T22:15:00-07:00,765501_1781759700_H30,773784,Oracle (reference only),6.899192810058594,2,,,False
validation,765501,2026-06-17T22:15:00-07:00,765501_1781759700_H30,773773,Oracle (reference only),7.6356201171875,3,,,False
validation,765501,2026-06-17T22:15:00-07:00,765501_1781759700_H30,717951,Oracle (reference only),7.6356201171875,4,,,False
validation,765501,2026-06-17T22:15:00-07:00,765501_1781759700_H30,776019,Oracle (reference only),8.491710662841797,5,,,False
validation,765501,2026-06-17T22:20:00-07:00,765501_1781760000_H30,763616,Oracle (reference only),0.5210494995117188,1,,,False
validation,765501,2026-06-17T22:20:00-07:00,765501_1781760000_H30,773784,Oracle (reference only),3.5878829956054688,2,,,False
validation,765501,2026-06-17T22:20:00-07:00,765501_1781760000_H30,773773,Oracle (reference only),4.467941284179688,3,,,False
validation,765501,2026-06-17T22:20:00-07:00,765501_1781760000_H30,717951,Oracle (reference only),4.467941284179688,4,,,False
validation,765501,2026-06-17T22:20:00-07:00,765501_1781760000_H30,776019,Oracle (reference only),5.544830322265625,5,,,False
validation,765501,2026-06-17T22:25:00-07:00,765501_1781760300_H30,773784,Oracle (reference only),0.4557647705078125,1,,,False
validation,765501,2026-06-17T22:25:00-07:00,765501_1781760300_H30,773773,Oracle (reference only),1.7604904174804688,2,,,False
validation,765501,2026-06-17T22:25:00-07:00,765501_1781760300_H30,717951,Oracle (reference only),1.7604904174804688,3,,,False
validation,765501,2026-06-17T22:25:00-07:00,765501_1781760300_H30,763616,Oracle (reference only),1.8023910522460935,4,,,False
validation,765501,2026-06-17T22:25:00-07:00,765501_1781760300_H30,776019,Oracle (reference only),3.335399627685547,5,,,False
validation,765501,2026-06-18T23:30:00-07:00,765501_1781850600_H30,763616,Oracle (reference only),1.1622085571289062,1,,,False
validation,765501,2026-06-18T23:30:00-07:00,765501_1781850600_H30,773784,Oracle (reference only),2.5292205810546875,2,,,False
validation,765501,2026-06-18T23:30:00-07:00,765501_1781850600_H30,773773,Oracle (reference only),5.236759185791016,3,,,False
validation,765501,2026-06-18T23:30:00-07:00,765501_1781850600_H30,717951,Oracle (reference only),5.236759185791016,4,,,False
validation,765501,2026-06-18T23:30:00-07:00,765501_1781850600_H30,776019,Oracle (reference only),7.3306121826171875,5,,,False
validation,765501,2026-06-18T23:35:00-07:00,765501_1781850900_H30,763616,Oracle (reference only),0.096710205078125,1,,,False
validation,765501,2026-06-18T23:35:00-07:00,765501_1781850900_H30,773784,Oracle (reference only),3.367347717285156,2,,,False
validation,765501,2026-06-18T23:35:00-07:00,765501_1781850900_H30,773773,Oracle (reference only),4.478828430175781,3,,,False
validation,765501,2026-06-18T23:35:00-07:00,765501_1781850900_H30,717951,Oracle (reference only),4.478828430175781,4,,,False
validation,765501,2026-06-18T23:35:00-07:00,765501_1781850900_H30,776019,Oracle (reference only),7.314727783203125,5,,,False
validation,765501,2026-06-18T23:40:00-07:00,765501_1781851200_H30,763616,Oracle (reference only),1.34796142578125,1,,,False
validation,765501,2026-06-18T23:40:00-07:00,765501_1781851200_H30,773784,Oracle (reference only),2.19879150390625,2,,,False
validation,765501,2026-06-18T23:40:00-07:00,765501_1781851200_H30,773773,Oracle (reference only),4.049842834472656,3,,,False
validation,765501,2026-06-18T23:40:00-07:00,765501_1781851200_H30,717951,Oracle (reference only),4.049842834472656,4,,,False
validation,765501,2026-06-18T23:40:00-07:00,765501_1781851200_H30,776019,Oracle (reference only),5.965484619140625,5,,,False
validation,765501,2026-06-18T23:45:00-07:00,765501_1781851500_H30,773784,Oracle (reference only),0.803955078125,1,,,False
validation,765501,2026-06-18T23:45:00-07:00,765501_1781851500_H30,763616,Oracle (reference only),2.1846923828125,2,,,False
validation,765501,2026-06-18T23:45:00-07:00,765501_1781851500_H30,776019,Oracle (reference only),3.670665740966797,3,,,False
validation,765501,2026-06-18T23:45:00-07:00,765501_1781851500_H30,773773,Oracle (reference only),3.684280395507813,4,,,False
validation,765501,2026-06-18T23:45:00-07:00,765501_1781851500_H30,717951,Oracle (reference only),3.684280395507813,5,,,False
validation,765501,2026-06-18T23:50:00-07:00,765501_1781851800_H30,773784,Oracle (reference only),1.0506591796875,1,,,False
validation,765501,2026-06-18T23:50:00-07:00,765501_1781851800_H30,773773,Oracle (reference only),1.902793884277344,2,,,False
validation,765501,2026-06-18T23:50:00-07:00,765501_1781851800_H30,717951,Oracle (reference only),1.902793884277344,3,,,False
validation,765501,2026-06-18T23:50:00-07:00,765501_1781851800_H30,776019,Oracle (reference only),2.5809402465820312,4,,,False
validation,765501,2026-06-18T23:50:00-07:00,765501_1781851800_H30,763616,Oracle (reference only),3.5582427978515625,5,,,False
validation,765501,2026-06-18T23:55:00-07:00,765501_1781852100_H30,773784,Oracle (reference only),0.2287368774414062,1,,,False
validation,765501,2026-06-18T23:55:00-07:00,765501_1781852100_H30,773773,Oracle (reference only),2.2016334533691406,2,,,False
validation,765501,2026-06-18T23:55:00-07:00,765501_1781852100_H30,717951,Oracle (reference only),2.2016334533691406,3,,,False
validation,765501,2026-06-18T23:55:00-07:00,765501_1781852100_H30,776019,Oracle (reference only),2.875164031982422,4,,,False
validation,765501,2026-06-18T23:55:00-07:00,765501_1781852100_H30,763616,Oracle (reference only),3.3749313354492188,5,,,False
validation,765501,2026-06-24T23:30:00-07:00,765501_1782369000_H30,763616,Oracle (reference only),0.7396621704101562,1,,,False
validation,765501,2026-06-24T23:30:00-07:00,765501_1782369000_H30,773784,Oracle (reference only),2.318832397460937,2,,,False
validation,765501,2026-06-24T23:30:00-07:00,765501_1782369000_H30,773773,Oracle (reference only),4.304725646972656,3,,,False
validation,765501,2026-06-24T23:30:00-07:00,765501_1782369000_H30,717951,Oracle (reference only),4.304725646972656,4,,,False
validation,765501,2026-06-24T23:30:00-07:00,765501_1782369000_H30,776019,Oracle (reference only),6.1489105224609375,5,,,False
validation,765501,2026-06-24T23:35:00-07:00,765501_1782369300_H30,763616,Oracle (reference only),2.143867492675781,1,,,False
validation,765501,2026-06-24T23:35:00-07:00,765501_1782369300_H30,773784,Oracle (reference only),3.2624969482421875,2,,,False
validation,765501,2026-06-24T23:35:00-07:00,765501_1782369300_H30,773773,Oracle (reference only),6.843162536621094,3,,,False
validation,765501,2026-06-24T23:35:00-07:00,765501_1782369300_H30,717951,Oracle (reference only),6.843162536621094,4,,,False
validation,765501,2026-06-24T23:35:00-07:00,765501_1782369300_H30,776019,Oracle (reference only),7.193305969238281,5,,,False
validation,765501,2026-06-24T23:40:00-07:00,765501_1782369600_H30,763616,Oracle (reference only),1.307281494140625,1,,,False
validation,765501,2026-06-24T23:40:00-07:00,765501_1782369600_H30,773784,Oracle (reference only),2.0927963256835938,2,,,False
validation,765501,2026-06-24T23:40:00-07:00,765501_1782369600_H30,773773,Oracle (reference only),5.515026092529297,3,,,False
validation,765501,2026-06-24T23:40:00-07:00,765501_1782369600_H30,717951,Oracle (reference only),5.515026092529297,4,,,False
validation,765501,2026-06-24T23:40:00-07:00,765501_1782369600_H30,776019,Oracle (reference only),6.137977600097656,5,,,False
validation,765501,2026-06-24T23:45:00-07:00,765501_1782369900_H30,763616,Oracle (reference only),1.3118133544921875,1,,,False
validation,765501,2026-06-24T23:45:00-07:00,765501_1782369900_H30,773784,Oracle (reference only),2.727256774902344,2,,,False
validation,765501,2026-06-24T23:45:00-07:00,765501_1782369900_H30,773773,Oracle (reference only),5.220672607421875,3,,,False
validation,765501,2026-06-24T23:45:00-07:00,765501_1782369900_H30,717951,Oracle (reference only),5.220672607421875,4,,,False
validation,765501,2026-06-24T23:45:00-07:00,765501_1782369900_H30,776019,Oracle (reference only),5.977573394775391,5,,,False
validation,765501,2026-06-24T23:50:00-07:00,765501_1782370200_H30,763616,Oracle (reference only),1.9117431640625,1,,,False
validation,765501,2026-06-24T23:50:00-07:00,765501_1782370200_H30,773784,Oracle (reference only),2.587066650390625,2,,,False
validation,765501,2026-06-24T23:50:00-07:00,765501_1782370200_H30,773773,Oracle (reference only),5.454704284667969,3,,,False
validation,765501,2026-06-24T23:50:00-07:00,765501_1782370200_H30,717951,Oracle (reference only),5.454704284667969,4,,,False
validation,765501,2026-06-24T23:50:00-07:00,765501_1782370200_H30,776019,Oracle (reference only),6.286907196044922,5,,,False
validation,765501,2026-06-24T23:55:00-07:00,765501_1782370500_H30,763616,Oracle (reference only),0.84039306640625,1,,,False
validation,765501,2026-06-24T23:55:00-07:00,765501_1782370500_H30,773784,Oracle (reference only),3.070037841796875,2,,,False
validation,765501,2026-06-24T23:55:00-07:00,765501_1782370500_H30,776019,Oracle (reference only),3.7021713256835938,3,,,False
validation,765501,2026-06-24T23:55:00-07:00,765501_1782370500_H30,773773,Oracle (reference only),4.241691589355469,4,,,False
validation,765501,2026-06-24T23:55:00-07:00,765501_1782370500_H30,717951,Oracle (reference only),4.241691589355469,5,,,False
validation,765501,2026-06-27T23:30:00-07:00,765501_1782628200_H30,763616,Oracle (reference only),1.0807342529296875,1,,,False
validation,765501,2026-06-27T23:30:00-07:00,765501_1782628200_H30,773784,Oracle (reference only),4.207244873046875,2,,,False
validation,765501,2026-06-27T23:30:00-07:00,765501_1782628200_H30,776019,Oracle (reference only),6.039581298828125,3,,,False
validation,765501,2026-06-27T23:30:00-07:00,765501_1782628200_H30,773773,Oracle (reference only),6.393463134765625,4,,,False
validation,765501,2026-06-27T23:30:00-07:00,765501_1782628200_H30,717951,Oracle (reference only),6.393463134765625,5,,,False
validation,765501,2026-06-27T23:35:00-07:00,765501_1782628500_H30,763616,Oracle (reference only),1.0346527099609375,1,,,False
validation,765501,2026-06-27T23:35:00-07:00,765501_1782628500_H30,773784,Oracle (reference only),5.21575927734375,2,,,False
validation,765501,2026-06-27T23:35:00-07:00,765501_1782628500_H30,773773,Oracle (reference only),5.686374664306641,3,,,False
validation,765501,2026-06-27T23:35:00-07:00,765501_1782628500_H30,717951,Oracle (reference only),5.686374664306641,4,,,False
validation,765501,2026-06-27T23:35:00-07:00,765501_1782628500_H30,776019,Oracle (reference only),6.511741638183594,5,,,False
validation,765501,2026-06-27T23:40:00-07:00,765501_1782628800_H30,763616,Oracle (reference only),1.3554763793945312,1,,,False
validation,765501,2026-06-27T23:40:00-07:00,765501_1782628800_H30,776019,Oracle (reference only),4.704170227050781,2,,,False
validation,765501,2026-06-27T23:40:00-07:00,765501_1782628800_H30,773784,Oracle (reference only),5.367912292480469,3,,,False
validation,765501,2026-06-27T23:40:00-07:00,765501_1782628800_H30,773773,Oracle (reference only),6.3412933349609375,4,,,False
validation,765501,2026-06-27T23:40:00-07:00,765501_1782628800_H30,717951,Oracle (reference only),6.3412933349609375,5,,,False
validation,765501,2026-06-27T23:45:00-07:00,765501_1782629100_H30,763616,Oracle (reference only),0.2803421020507812,1,,,False
validation,765501,2026-06-27T23:45:00-07:00,765501_1782629100_H30,776019,Oracle (reference only),2.832237243652344,2,,,False
validation,765501,2026-06-27T23:45:00-07:00,765501_1782629100_H30,773784,Oracle (reference only),3.827461242675781,3,,,False
validation,765501,2026-06-27T23:45:00-07:00,765501_1782629100_H30,773773,Oracle (reference only),5.221237182617188,4,,,False
validation,765501,2026-06-27T23:45:00-07:00,765501_1782629100_H30,717951,Oracle (reference only),5.221237182617188,5,,,False
validation,765501,2026-06-27T23:50:00-07:00,765501_1782629400_H30,763616,Oracle (reference only),0.1573638916015625,1,,,False
validation,765501,2026-06-27T23:50:00-07:00,765501_1782629400_H30,773773,Oracle (reference only),1.7625885009765625,2,,,False
validation,765501,2026-06-27T23:50:00-07:00,765501_1782629400_H30,717951,Oracle (reference only),1.7625885009765625,3,,,False
validation,765501,2026-06-27T23:50:00-07:00,765501_1782629400_H30,776019,Oracle (reference only),2.499107360839844,4,,,False
validation,765501,2026-06-27T23:50:00-07:00,765501_1782629400_H30,773784,Oracle (reference only),2.7491912841796875,5,,,False
validation,765501,2026-06-27T23:55:00-07:00,765501_1782629700_H30,763616,Oracle (reference only),0.0630035400390625,1,,,False
validation,765501,2026-06-27T23:55:00-07:00,765501_1782629700_H30,773773,Oracle (reference only),0.3041229248046875,2,,,False
validation,765501,2026-06-27T23:55:00-07:00,765501_1782629700_H30,717951,Oracle (reference only),0.3041229248046875,3,,,False
validation,765501,2026-06-27T23:55:00-07:00,765501_1782629700_H30,776019,Oracle (reference only),2.3654708862304688,4,,,False
validation,765501,2026-06-27T23:55:00-07:00,765501_1782629700_H30,773784,Oracle (reference only),4.773464202880859,5,,,False
validation,769895,2026-06-03T17:30:00-07:00,769895_1780533000_H30,769847,Oracle (reference only),1.6959075927734375,1,,,False
validation,769895,2026-06-03T17:30:00-07:00,769895_1780533000_H30,769866,Oracle (reference only),2.9265289306640625,2,,,False
validation,769895,2026-06-03T17:30:00-07:00,769895_1780533000_H30,769880,Oracle (reference only),3.3738784790039062,3,,,False
validation,769895,2026-06-03T17:30:00-07:00,769895_1780533000_H30,770385,Oracle (reference only),6.604393005371094,4,,,False
validation,769895,2026-06-03T17:30:00-07:00,769895_1780533000_H30,770116,Oracle (reference only),8.441547393798828,5,,,False
validation,769895,2026-06-03T17:35:00-07:00,769895_1780533300_H30,769880,Oracle (reference only),0.6902694702148438,1,,,False
validation,769895,2026-06-03T17:35:00-07:00,769895_1780533300_H30,769847,Oracle (reference only),0.97216796875,2,,,False
validation,769895,2026-06-03T17:35:00-07:00,769895_1780533300_H30,769866,Oracle (reference only),1.9143524169921875,3,,,False
validation,769895,2026-06-03T17:35:00-07:00,769895_1780533300_H30,770385,Oracle (reference only),3.3122634887695312,4,,,False
validation,769895,2026-06-03T17:35:00-07:00,769895_1780533300_H30,770116,Oracle (reference only),5.220458984375,5,,,False
validation,769895,2026-06-03T17:40:00-07:00,769895_1780533600_H30,769880,Oracle (reference only),0.4317245483398437,1,,,False
validation,769895,2026-06-03T17:40:00-07:00,769895_1780533600_H30,769866,Oracle (reference only),0.742828369140625,2,,,False
validation,769895,2026-06-03T17:40:00-07:00,769895_1780533600_H30,770385,Oracle (reference only),2.1003875732421875,3,,,False
validation,769895,2026-06-03T17:40:00-07:00,769895_1780533600_H30,769847,Oracle (reference only),2.243598937988281,4,,,False
validation,769895,2026-06-03T17:40:00-07:00,769895_1780533600_H30,770116,Oracle (reference only),4.966014862060547,5,,,False
validation,769895,2026-06-03T17:45:00-07:00,769895_1780533900_H30,769866,Oracle (reference only),1.0536956787109375,1,,,False
validation,769895,2026-06-03T17:45:00-07:00,769895_1780533900_H30,769880,Oracle (reference only),1.1387176513671875,2,,,False
validation,769895,2026-06-03T17:45:00-07:00,769895_1780533900_H30,770385,Oracle (reference only),2.1078453063964844,3,,,False
validation,769895,2026-06-03T17:45:00-07:00,769895_1780533900_H30,769847,Oracle (reference only),2.1755294799804688,4,,,False
validation,769895,2026-06-03T17:45:00-07:00,769895_1780533900_H30,770116,Oracle (reference only),4.967674255371094,5,,,False
validation,769895,2026-06-03T17:50:00-07:00,769895_1780534200_H30,769866,Oracle (reference only),0.19903564453125,1,,,False
validation,769895,2026-06-03T17:50:00-07:00,769895_1780534200_H30,769880,Oracle (reference only),1.0633544921875,2,,,False
validation,769895,2026-06-03T17:50:00-07:00,769895_1780534200_H30,770385,Oracle (reference only),1.7147712707519531,3,,,False
validation,769895,2026-06-03T17:50:00-07:00,769895_1780534200_H30,769847,Oracle (reference only),2.7743682861328125,4,,,False
validation,769895,2026-06-03T17:50:00-07:00,769895_1780534200_H30,770116,Oracle (reference only),4.173469543457031,5,,,False
validation,769895,2026-06-03T17:55:00-07:00,769895_1780534500_H30,769866,Oracle (reference only),0.6420745849609375,1,,,False
validation,769895,2026-06-03T17:55:00-07:00,769895_1780534500_H30,770385,Oracle (reference only),0.8449935913085938,2,,,False
validation,769895,2026-06-03T17:55:00-07:00,769895_1780534500_H30,769880,Oracle (reference only),1.1356964111328125,3,,,False
validation,769895,2026-06-03T17:55:00-07:00,769895_1780534500_H30,770116,Oracle (reference only),3.1600914001464844,4,,,False
validation,769895,2026-06-03T17:55:00-07:00,769895_1780534500_H30,769847,Oracle (reference only),3.623291015625,5,,,False
validation,769895,2026-06-04T23:30:00-07:00,769895_1780641000_H30,769880,Oracle (reference only),0.5397567749023438,1,,,False
validation,769895,2026-06-04T23:30:00-07:00,769895_1780641000_H30,770385,Oracle (reference only),1.085693359375,2,,,False
validation,769895,2026-06-04T23:30:00-07:00,769895_1780641000_H30,769847,Oracle (reference only),1.3978042602539062,3,,,False
validation,769895,2026-06-04T23:30:00-07:00,769895_1780641000_H30,769866,Oracle (reference only),1.4963531494140625,4,,,False
validation,769895,2026-06-04T23:30:00-07:00,769895_1780641000_H30,770116,Oracle (reference only),2.622886657714844,5,,,False
validation,769895,2026-06-04T23:35:00-07:00,769895_1780641300_H30,770385,Oracle (reference only),0.391693115234375,1,,,False
validation,769895,2026-06-04T23:35:00-07:00,769895_1780641300_H30,769847,Oracle (reference only),0.4967880249023437,2,,,False
validation,769895,2026-06-04T23:35:00-07:00,769895_1780641300_H30,769880,Oracle (reference only),0.7091064453125,3,,,False
validation,769895,2026-06-04T23:35:00-07:00,769895_1780641300_H30,769866,Oracle (reference only),1.0373077392578125,4,,,False
validation,769895,2026-06-04T23:35:00-07:00,769895_1780641300_H30,770116,Oracle (reference only),1.2913742065429688,5,,,False
validation,769895,2026-06-04T23:40:00-07:00,769895_1780641600_H30,769866,Oracle (reference only),2.3920211791992188,1,,,False
validation,769895,2026-06-04T23:40:00-07:00,769895_1780641600_H30,770116,Oracle (reference only),2.4319381713867188,2,,,False
validation,769895,2026-06-04T23:40:00-07:00,769895_1780641600_H30,769847,Oracle (reference only),3.0213394165039062,3,,,False
validation,769895,2026-06-04T23:40:00-07:00,769895_1780641600_H30,769880,Oracle (reference only),4.030319213867188,4,,,False
validation,769895,2026-06-04T23:40:00-07:00,769895_1780641600_H30,770385,Oracle (reference only),4.324180603027344,5,,,False
validation,769895,2026-06-04T23:45:00-07:00,769895_1780641900_H30,769866,Oracle (reference only),4.1884307861328125,1,,,False
validation,769895,2026-06-04T23:45:00-07:00,769895_1780641900_H30,770116,Oracle (reference only),4.2652130126953125,2,,,False
validation,769895,2026-06-04T23:45:00-07:00,769895_1780641900_H30,769847,Oracle (reference only),5.379447937011719,3,,,False
validation,769895,2026-06-04T23:45:00-07:00,769895_1780641900_H30,770385,Oracle (reference only),5.490837097167969,4,,,False
validation,769895,2026-06-04T23:45:00-07:00,769895_1780641900_H30,769880,Oracle (reference only),6.109367370605469,5,,,False
validation,769895,2026-06-04T23:50:00-07:00,769895_1780642200_H30,769866,Oracle (reference only),5.606586456298828,1,,,False
validation,769895,2026-06-04T23:50:00-07:00,769895_1780642200_H30,770116,Oracle (reference only),5.941440582275391,2,,,False
validation,769895,2026-06-04T23:50:00-07:00,769895_1780642200_H30,769847,Oracle (reference only),6.842235565185547,3,,,False
validation,769895,2026-06-04T23:50:00-07:00,769895_1780642200_H30,770385,Oracle (reference only),6.965091705322266,4,,,False
validation,769895,2026-06-04T23:50:00-07:00,769895_1780642200_H30,769880,Oracle (reference only),8.194202423095703,5,,,False
validation,769895,2026-06-04T23:55:00-07:00,769895_1780642500_H30,770385,Oracle (reference only),0.1097946166992187,1,,,False
validation,769895,2026-06-04T23:55:00-07:00,769895_1780642500_H30,769847,Oracle (reference only),0.5775299072265625,2,,,False
validation,769895,2026-06-04T23:55:00-07:00,769895_1780642500_H30,770116,Oracle (reference only),0.7532196044921875,3,,,False
validation,769895,2026-06-04T23:55:00-07:00,769895_1780642500_H30,769880,Oracle (reference only),1.1143646240234375,4,,,False
validation,769895,2026-06-04T23:55:00-07:00,769895_1780642500_H30,769866,Oracle (reference only),1.3567352294921875,5,,,False
validation,769895,2026-06-06T07:20:00-07:00,769895_1780755600_H30,769847,Oracle (reference only),3.0790557861328125,1,,,False
validation,769895,2026-06-06T07:20:00-07:00,769895_1780755600_H30,770385,Oracle (reference only),4.472824096679688,2,,,False
validation,769895,2026-06-06T07:20:00-07:00,769895_1780755600_H30,770116,Oracle (reference only),4.4992218017578125,3,,,False
validation,769895,2026-06-06T07:20:00-07:00,769895_1780755600_H30,769866,Oracle (reference only),6.761268615722656,4,,,False
validation,769895,2026-06-06T07:20:00-07:00,769895_1780755600_H30,769880,Oracle (reference only),7.3369598388671875,5,,,False
validation,769895,2026-06-06T07:25:00-07:00,769895_1780755900_H30,769847,Oracle (reference only),3.4980926513671875,1,,,False
validation,769895,2026-06-06T07:25:00-07:00,769895_1780755900_H30,770385,Oracle (reference only),5.1826019287109375,2,,,False
validation,769895,2026-06-06T07:25:00-07:00,769895_1780755900_H30,770116,Oracle (reference only),5.541435241699219,3,,,False
validation,769895,2026-06-06T07:25:00-07:00,769895_1780755900_H30,769866,Oracle (reference only),7.479515075683594,4,,,False
validation,769895,2026-06-06T07:25:00-07:00,769895_1780755900_H30,769880,Oracle (reference only),9.222999572753906,5,,,False
validation,769895,2026-06-06T07:30:00-07:00,769895_1780756200_H30,769847,Oracle (reference only),0.4498672485351562,1,,,False
validation,769895,2026-06-06T07:30:00-07:00,769895_1780756200_H30,770385,Oracle (reference only),2.06134033203125,2,,,False
validation,769895,2026-06-06T07:30:00-07:00,769895_1780756200_H30,770116,Oracle (reference only),2.475326538085937,3,,,False
validation,769895,2026-06-06T07:30:00-07:00,769895_1780756200_H30,769866,Oracle (reference only),4.188434600830078,4,,,False
validation,769895,2026-06-06T07:30:00-07:00,769895_1780756200_H30,769880,Oracle (reference only),6.263149261474609,5,,,False
validation,769895,2026-06-06T07:35:00-07:00,769895_1780756500_H30,770116,Oracle (reference only),0.3459930419921875,1,,,False
validation,769895,2026-06-06T07:35:00-07:00,769895_1780756500_H30,769866,Oracle (reference only),0.5876693725585938,2,,,False
validation,769895,2026-06-06T07:35:00-07:00,769895_1780756500_H30,770385,Oracle (reference only),0.6853256225585938,3,,,False
validation,769895,2026-06-06T07:35:00-07:00,769895_1780756500_H30,769880,Oracle (reference only),2.0965576171875,4,,,False
validation,769895,2026-06-06T07:35:00-07:00,769895_1780756500_H30,769847,Oracle (reference only),2.8180694580078125,5,,,False
validation,769895,2026-06-06T07:40:00-07:00,769895_1780756800_H30,769880,Oracle (reference only),0.6638717651367188,1,,,False
validation,769895,2026-06-06T07:40:00-07:00,769895_1780756800_H30,769866,Oracle (reference only),1.1527824401855469,2,,,False
validation,769895,2026-06-06T07:40:00-07:00,769895_1780756800_H30,770116,Oracle (reference only),1.9783973693847656,3,,,False
validation,769895,2026-06-06T07:40:00-07:00,769895_1780756800_H30,770385,Oracle (reference only),2.2157859802246094,4,,,False
validation,769895,2026-06-06T07:40:00-07:00,769895_1780756800_H30,769847,Oracle (reference only),4.263088226318359,5,,,False
validation,769895,2026-06-06T07:45:00-07:00,769895_1780757100_H30,769880,Oracle (reference only),0.1684761047363281,1,,,False
validation,769895,2026-06-06T07:45:00-07:00,769895_1780757100_H30,769866,Oracle (reference only),1.9250564575195312,2,,,False
validation,769895,2026-06-06T07:45:00-07:00,769895_1780757100_H30,770116,Oracle (reference only),2.9171066284179688,3,,,False
validation,769895,2026-06-06T07:45:00-07:00,769895_1780757100_H30,770385,Oracle (reference only),2.920745849609375,4,,,False
validation,769895,2026-06-06T07:45:00-07:00,769895_1780757100_H30,769847,Oracle (reference only),5.276458740234375,5,,,False
validation,769895,2026-06-12T23:30:00-07:00,769895_1781332200_H30,770385,Oracle (reference only),0.51239013671875,1,,,False
validation,769895,2026-06-12T23:30:00-07:00,769895_1781332200_H30,769847,Oracle (reference only),0.7501602172851562,2,,,False
validation,769895,2026-06-12T23:30:00-07:00,769895_1781332200_H30,769880,Oracle (reference only),1.0792922973632812,3,,,False
validation,769895,2026-06-12T23:30:00-07:00,769895_1781332200_H30,769866,Oracle (reference only),1.2046127319335938,4,,,False
validation,769895,2026-06-12T23:30:00-07:00,769895_1781332200_H30,770116,Oracle (reference only),2.6973114013671875,5,,,False
validation,769895,2026-06-12T23:35:00-07:00,769895_1781332500_H30,769847,Oracle (reference only),0.3840408325195312,1,,,False
validation,769895,2026-06-12T23:35:00-07:00,769895_1781332500_H30,770385,Oracle (reference only),0.6316757202148438,2,,,False
validation,769895,2026-06-12T23:35:00-07:00,769895_1781332500_H30,769880,Oracle (reference only),1.67388916015625,3,,,False
validation,769895,2026-06-12T23:35:00-07:00,769895_1781332500_H30,769866,Oracle (reference only),1.9414749145507808,4,,,False
validation,769895,2026-06-12T23:35:00-07:00,769895_1781332500_H30,770116,Oracle (reference only),2.4090347290039062,5,,,False
validation,769895,2026-06-12T23:40:00-07:00,769895_1781332800_H30,769847,Oracle (reference only),2.233505249023437,1,,,False
validation,769895,2026-06-12T23:40:00-07:00,769895_1781332800_H30,770385,Oracle (reference only),2.716537475585937,2,,,False
validation,769895,2026-06-12T23:40:00-07:00,769895_1781332800_H30,769880,Oracle (reference only),2.8450164794921875,3,,,False
validation,769895,2026-06-12T23:40:00-07:00,769895_1781332800_H30,769866,Oracle (reference only),3.629936218261719,4,,,False
validation,769895,2026-06-12T23:40:00-07:00,769895_1781332800_H30,770116,Oracle (reference only),4.269447326660156,5,,,False
validation,769895,2026-06-12T23:45:00-07:00,769895_1781333100_H30,769847,Oracle (reference only),0.5497207641601562,1,,,False
validation,769895,2026-06-12T23:45:00-07:00,769895_1781333100_H30,769880,Oracle (reference only),0.7743072509765625,2,,,False
validation,769895,2026-06-12T23:45:00-07:00,769895_1781333100_H30,770385,Oracle (reference only),1.339874267578125,3,,,False
validation,769895,2026-06-12T23:45:00-07:00,769895_1781333100_H30,769866,Oracle (reference only),1.8567886352539065,4,,,False
validation,769895,2026-06-12T23:45:00-07:00,769895_1781333100_H30,770116,Oracle (reference only),3.314537048339844,5,,,False
validation,769895,2026-06-12T23:50:00-07:00,769895_1781333400_H30,769866,Oracle (reference only),0.5410308837890625,1,,,False
validation,769895,2026-06-12T23:50:00-07:00,769895_1781333400_H30,770385,Oracle (reference only),0.991241455078125,2,,,False
validation,769895,2026-06-12T23:50:00-07:00,769895_1781333400_H30,770116,Oracle (reference only),1.2395401000976562,3,,,False
validation,769895,2026-06-12T23:50:00-07:00,769895_1781333400_H30,769880,Oracle (reference only),1.6780014038085938,4,,,False
validation,769895,2026-06-12T23:50:00-07:00,769895_1781333400_H30,769847,Oracle (reference only),1.8331985473632808,5,,,False
validation,769895,2026-06-12T23:55:00-07:00,769895_1781333700_H30,769880,Oracle (reference only),0.2470016479492187,1,,,False
validation,769895,2026-06-12T23:55:00-07:00,769895_1781333700_H30,769847,Oracle (reference only),0.5751190185546875,2,,,False
validation,769895,2026-06-12T23:55:00-07:00,769895_1781333700_H30,769866,Oracle (reference only),1.5395355224609375,3,,,False
validation,769895,2026-06-12T23:55:00-07:00,769895_1781333700_H30,770385,Oracle (reference only),1.7603836059570312,4,,,False
validation,769895,2026-06-12T23:55:00-07:00,769895_1781333700_H30,770116,Oracle (reference only),3.473106384277344,5,,,False
validation,769895,2026-06-17T11:15:00-07:00,769895_1781720100_H30,769880,Oracle (reference only),1.4925460815429688,1,,,False
validation,769895,2026-06-17T11:15:00-07:00,769895_1781720100_H30,770116,Oracle (reference only),3.9974327087402335,2,,,False
validation,769895,2026-06-17T11:15:00-07:00,769895_1781720100_H30,769866,Oracle (reference only),4.179954528808594,3,,,False
validation,769895,2026-06-17T11:15:00-07:00,769895_1781720100_H30,770385,Oracle (reference only),4.250335693359375,4,,,False
validation,769895,2026-06-17T11:15:00-07:00,769895_1781720100_H30,769847,Oracle (reference only),4.967475891113281,5,,,False
validation,769965,2026-06-03T17:30:00-07:00,769965_1780533000_H30,769911,Oracle (reference only),2.1030349731445312,1,,,False
validation,769965,2026-06-03T17:30:00-07:00,769965_1780533000_H30,769867,Oracle (reference only),6.152858734130859,2,,,False
validation,769965,2026-06-03T17:30:00-07:00,769965_1780533000_H30,769926,Oracle (reference only),13.641397476196287,3,,,False
validation,769965,2026-06-03T17:30:00-07:00,769965_1780533000_H30,770129,Oracle (reference only),15.180549621582031,4,,,False
validation,769965,2026-06-03T17:30:00-07:00,769965_1780533000_H30,770141,Oracle (reference only),17.069358825683594,5,,,False
validation,769965,2026-06-03T17:35:00-07:00,769965_1780533300_H30,769867,Oracle (reference only),6.391258239746094,1,,,False
validation,769965,2026-06-03T17:35:00-07:00,769965_1780533300_H30,769911,Oracle (reference only),7.402618408203125,2,,,False
validation,769965,2026-06-03T17:35:00-07:00,769965_1780533300_H30,770129,Oracle (reference only),11.26181411743164,3,,,False
validation,769965,2026-06-03T17:35:00-07:00,769965_1780533300_H30,770141,Oracle (reference only),13.086921691894531,4,,,False
validation,769965,2026-06-03T17:35:00-07:00,769965_1780533300_H30,769926,Oracle (reference only),14.71120262145996,5,,,False
validation,769965,2026-06-03T17:40:00-07:00,769965_1780533600_H30,769911,Oracle (reference only),5.899688720703125,1,,,False
validation,769965,2026-06-03T17:40:00-07:00,769965_1780533600_H30,769867,Oracle (reference only),7.989574432373047,2,,,False
validation,769965,2026-06-03T17:40:00-07:00,769965_1780533600_H30,770129,Oracle (reference only),11.2421875,3,,,False
validation,769965,2026-06-03T17:40:00-07:00,769965_1780533600_H30,770141,Oracle (reference only),12.755481719970703,4,,,False
validation,769965,2026-06-03T17:40:00-07:00,769965_1780533600_H30,769926,Oracle (reference only),14.459896087646484,5,,,False
validation,769965,2026-06-03T17:45:00-07:00,769965_1780533900_H30,769911,Oracle (reference only),2.885944366455078,1,,,False
validation,769965,2026-06-03T17:45:00-07:00,769965_1780533900_H30,769867,Oracle (reference only),6.637889862060547,2,,,False
validation,769965,2026-06-03T17:45:00-07:00,769965_1780533900_H30,770129,Oracle (reference only),8.59311294555664,3,,,False
validation,769965,2026-06-03T17:45:00-07:00,769965_1780533900_H30,770141,Oracle (reference only),10.905197143554688,4,,,False
validation,769965,2026-06-03T17:45:00-07:00,769965_1780533900_H30,769926,Oracle (reference only),15.008655548095703,5,,,False
validation,769965,2026-06-03T17:50:00-07:00,769965_1780534200_H30,769926,Oracle (reference only),6.421836853027344,1,,,False
validation,769965,2026-06-03T17:50:00-07:00,769965_1780534200_H30,769911,Oracle (reference only),6.518302917480469,2,,,False
validation,769965,2026-06-03T17:50:00-07:00,769965_1780534200_H30,770129,Oracle (reference only),7.876365661621094,3,,,False
validation,769965,2026-06-03T17:50:00-07:00,769965_1780534200_H30,769867,Oracle (reference only),8.349250793457031,4,,,False
validation,769965,2026-06-03T17:50:00-07:00,769965_1780534200_H30,770141,Oracle (reference only),10.409381866455078,5,,,False
validation,769965,2026-06-03T17:55:00-07:00,769965_1780534500_H30,769911,Oracle (reference only),4.758838653564453,1,,,False
validation,769965,2026-06-03T17:55:00-07:00,769965_1780534500_H30,770129,Oracle (reference only),5.156986236572266,2,,,False
validation,769965,2026-06-03T17:55:00-07:00,769965_1780534500_H30,770141,Oracle (reference only),7.274608612060547,3,,,False
validation,769965,2026-06-03T17:55:00-07:00,769965_1780534500_H30,769867,Oracle (reference only),9.352603912353516,4,,,False
validation,769965,2026-06-03T17:55:00-07:00,769965_1780534500_H30,769926,Oracle (reference only),11.469837188720703,5,,,False
validation,769965,2026-06-04T23:30:00-07:00,769965_1780641000_H30,769926,Oracle (reference only),0.2534942626953125,1,,,False
validation,769965,2026-06-04T23:30:00-07:00,769965_1780641000_H30,770129,Oracle (reference only),0.4351425170898437,2,,,False
validation,769965,2026-06-04T23:30:00-07:00,769965_1780641000_H30,770141,Oracle (reference only),0.891265869140625,3,,,False
validation,769965,2026-06-04T23:30:00-07:00,769965_1780641000_H30,769867,Oracle (reference only),0.98358154296875,4,,,False
validation,769965,2026-06-04T23:30:00-07:00,769965_1780641000_H30,769911,Oracle (reference only),1.9320755004882808,5,,,False
validation,769965,2026-06-04T23:35:00-07:00,769965_1780641300_H30,769926,Oracle (reference only),1.320037841796875,1,,,False
validation,769965,2026-06-04T23:35:00-07:00,769965_1780641300_H30,770129,Oracle (reference only),1.938392639160156,2,,,False
validation,769965,2026-06-04T23:35:00-07:00,769965_1780641300_H30,769867,Oracle (reference only),2.5157012939453125,3,,,False
validation,769965,2026-06-04T23:35:00-07:00,769965_1780641300_H30,769911,Oracle (reference only),2.6126632690429688,4,,,False
validation,769965,2026-06-04T23:35:00-07:00,769965_1780641300_H30,770141,Oracle (reference only),2.8302459716796875,5,,,False
validation,769965,2026-06-04T23:40:00-07:00,769965_1780641600_H30,769926,Oracle (reference only),3.3481369018554688,1,,,False
validation,769965,2026-06-04T23:40:00-07:00,769965_1780641600_H30,770129,Oracle (reference only),4.029029846191406,2,,,False
validation,769965,2026-06-04T23:40:00-07:00,769965_1780641600_H30,769911,Oracle (reference only),4.528282165527344,3,,,False
validation,769965,2026-06-04T23:40:00-07:00,769965_1780641600_H30,769867,Oracle (reference only),4.819755554199219,4,,,False
validation,769965,2026-06-04T23:40:00-07:00,769965_1780641600_H30,770141,Oracle (reference only),5.058509826660156,5,,,False
validation,769965,2026-06-04T23:45:00-07:00,769965_1780641900_H30,769926,Oracle (reference only),3.30047607421875,1,,,False
validation,769965,2026-06-04T23:45:00-07:00,769965_1780641900_H30,770129,Oracle (reference only),3.959884643554688,2,,,False
validation,769965,2026-06-04T23:45:00-07:00,769965_1780641900_H30,769911,Oracle (reference only),4.774673461914063,3,,,False
validation,769965,2026-06-04T23:45:00-07:00,769965_1780641900_H30,769867,Oracle (reference only),4.8207550048828125,4,,,False
validation,769965,2026-06-04T23:45:00-07:00,769965_1780641900_H30,770141,Oracle (reference only),5.470161437988281,5,,,False
validation,769965,2026-06-04T23:50:00-07:00,769965_1780642200_H30,769926,Oracle (reference only),2.063026428222656,1,,,False
validation,769965,2026-06-04T23:50:00-07:00,769965_1780642200_H30,770129,Oracle (reference only),2.6276931762695312,2,,,False
validation,769965,2026-06-04T23:50:00-07:00,769965_1780642200_H30,769867,Oracle (reference only),3.5683364868164062,3,,,False
validation,769965,2026-06-04T23:50:00-07:00,769965_1780642200_H30,770141,Oracle (reference only),4.089599609375,4,,,False
validation,769965,2026-06-04T23:50:00-07:00,769965_1780642200_H30,769911,Oracle (reference only),6.383457183837891,5,,,False
validation,769965,2026-06-04T23:55:00-07:00,769965_1780642500_H30,770141,Oracle (reference only),0.8677291870117188,1,,,False
validation,769965,2026-06-04T23:55:00-07:00,769965_1780642500_H30,769867,Oracle (reference only),1.32965087890625,2,,,False
validation,769965,2026-06-04T23:55:00-07:00,769965_1780642500_H30,769911,Oracle (reference only),1.7051239013671875,3,,,False
validation,769965,2026-06-04T23:55:00-07:00,769965_1780642500_H30,770129,Oracle (reference only),2.6118316650390625,4,,,False
validation,769965,2026-06-04T23:55:00-07:00,769965_1780642500_H30,769926,Oracle (reference only),3.0869674682617188,5,,,False
validation,769965,2026-06-06T07:20:00-07:00,769965_1780755600_H30,769926,Oracle (reference only),0.04083251953125,1,,,False
validation,769965,2026-06-06T07:20:00-07:00,769965_1780755600_H30,770141,Oracle (reference only),0.5525894165039062,2,,,False
validation,769965,2026-06-06T07:20:00-07:00,769965_1780755600_H30,770129,Oracle (reference only),0.6742095947265625,3,,,False
validation,769965,2026-06-06T07:20:00-07:00,769965_1780755600_H30,769867,Oracle (reference only),0.88226318359375,4,,,False
validation,769965,2026-06-06T07:20:00-07:00,769965_1780755600_H30,769911,Oracle (reference only),14.251022338867188,5,,,False
validation,769965,2026-06-06T07:25:00-07:00,769965_1780755900_H30,769867,Oracle (reference only),1.7569351196289062,1,,,False
validation,769965,2026-06-06T07:25:00-07:00,769965_1780755900_H30,769926,Oracle (reference only),2.1898651123046875,2,,,False
validation,769965,2026-06-06T07:25:00-07:00,769965_1780755900_H30,770129,Oracle (reference only),2.2454376220703125,3,,,False
validation,769965,2026-06-06T07:25:00-07:00,769965_1780755900_H30,770141,Oracle (reference only),3.120323181152344,4,,,False
validation,769965,2026-06-06T07:25:00-07:00,769965_1780755900_H30,769911,Oracle (reference only),20.089679718017575,5,,,False
validation,769965,2026-06-06T07:30:00-07:00,769965_1780756200_H30,770129,Oracle (reference only),3.1787261962890625,1,,,False
validation,769965,2026-06-06T07:30:00-07:00,769965_1780756200_H30,769867,Oracle (reference only),3.4488067626953125,2,,,False
validation,769965,2026-06-06T07:30:00-07:00,769965_1780756200_H30,769926,Oracle (reference only),3.4947052001953125,3,,,False
validation,769965,2026-06-06T07:30:00-07:00,769965_1780756200_H30,770141,Oracle (reference only),4.1439056396484375,4,,,False
validation,769965,2026-06-06T07:30:00-07:00,769965_1780756200_H30,769911,Oracle (reference only),24.94419860839844,5,,,False
validation,769965,2026-06-06T07:35:00-07:00,769965_1780756500_H30,770129,Oracle (reference only),0.8619461059570312,1,,,False
validation,769965,2026-06-06T07:35:00-07:00,769965_1780756500_H30,769926,Oracle (reference only),1.43182373046875,2,,,False
validation,769965,2026-06-06T07:35:00-07:00,769965_1780756500_H30,769867,Oracle (reference only),1.4445266723632812,3,,,False
validation,769965,2026-06-06T07:35:00-07:00,769965_1780756500_H30,770141,Oracle (reference only),1.77044677734375,4,,,False
validation,769965,2026-06-06T07:35:00-07:00,769965_1780756500_H30,769911,Oracle (reference only),14.56399154663086,5,,,False
validation,769965,2026-06-06T07:40:00-07:00,769965_1780756800_H30,769867,Oracle (reference only),0.5607376098632812,1,,,False
validation,769965,2026-06-06T07:40:00-07:00,769965_1780756800_H30,770141,Oracle (reference only),0.8841476440429688,2,,,False
validation,769965,2026-06-06T07:40:00-07:00,769965_1780756800_H30,769926,Oracle (reference only),0.9959793090820312,3,,,False
validation,769965,2026-06-06T07:40:00-07:00,769965_1780756800_H30,770129,Oracle (reference only),1.1840133666992188,4,,,False
validation,769965,2026-06-06T07:40:00-07:00,769965_1780756800_H30,769911,Oracle (reference only),10.92458724975586,5,,,False
validation,769965,2026-06-06T07:45:00-07:00,769965_1780757100_H30,769867,Oracle (reference only),3.4769821166992188,1,,,False
validation,769965,2026-06-06T07:45:00-07:00,769965_1780757100_H30,769926,Oracle (reference only),3.543609619140625,2,,,False
validation,769965,2026-06-06T07:45:00-07:00,769965_1780757100_H30,770129,Oracle (reference only),3.731719970703125,3,,,False
validation,769965,2026-06-06T07:45:00-07:00,769965_1780757100_H30,770141,Oracle (reference only),3.904052734375,4,,,False
validation,769965,2026-06-06T07:45:00-07:00,769965_1780757100_H30,769911,Oracle (reference only),10.22153091430664,5,,,False
validation,769965,2026-06-12T23:30:00-07:00,769965_1781332200_H30,769867,Oracle (reference only),0.0236358642578125,1,,,False
validation,769965,2026-06-12T23:30:00-07:00,769965_1781332200_H30,770129,Oracle (reference only),0.3131561279296875,2,,,False
validation,769965,2026-06-12T23:30:00-07:00,769965_1781332200_H30,769926,Oracle (reference only),0.51123046875,3,,,False
validation,769965,2026-06-12T23:30:00-07:00,769965_1781332200_H30,770141,Oracle (reference only),0.6459808349609375,4,,,False
validation,769965,2026-06-12T23:30:00-07:00,769965_1781332200_H30,769911,Oracle (reference only),1.108184814453125,5,,,False
validation,769965,2026-06-12T23:35:00-07:00,769965_1781332500_H30,769867,Oracle (reference only),0.67138671875,1,,,False
validation,769965,2026-06-12T23:35:00-07:00,769965_1781332500_H30,769926,Oracle (reference only),0.7343368530273438,2,,,False
validation,769965,2026-06-12T23:35:00-07:00,769965_1781332500_H30,770129,Oracle (reference only),1.3648223876953125,3,,,False
validation,769965,2026-06-12T23:35:00-07:00,769965_1781332500_H30,770141,Oracle (reference only),1.7213592529296875,4,,,False
validation,769965,2026-06-12T23:35:00-07:00,769965_1781332500_H30,769911,Oracle (reference only),2.008941650390625,5,,,False
validation,769965,2026-06-12T23:40:00-07:00,769965_1781332800_H30,769867,Oracle (reference only),0.051177978515625,1,,,False
validation,769965,2026-06-12T23:40:00-07:00,769965_1781332800_H30,769926,Oracle (reference only),0.1484603881835937,2,,,False
validation,769965,2026-06-12T23:40:00-07:00,769965_1781332800_H30,770129,Oracle (reference only),0.4910049438476562,3,,,False
validation,769965,2026-06-12T23:40:00-07:00,769965_1781332800_H30,770141,Oracle (reference only),1.2552947998046875,4,,,False
validation,769965,2026-06-12T23:40:00-07:00,769965_1781332800_H30,769911,Oracle (reference only),1.3978424072265625,5,,,False
validation,769965,2026-06-12T23:45:00-07:00,769965_1781333100_H30,769911,Oracle (reference only),0.1507339477539062,1,,,False
validation,769965,2026-06-12T23:45:00-07:00,769965_1781333100_H30,770141,Oracle (reference only),0.44805908203125,2,,,False
validation,769965,2026-06-12T23:45:00-07:00,769965_1781333100_H30,770129,Oracle (reference only),0.5866546630859375,3,,,False
validation,769965,2026-06-12T23:45:00-07:00,769965_1781333100_H30,769867,Oracle (reference only),1.0670318603515625,4,,,False
validation,769965,2026-06-12T23:45:00-07:00,769965_1781333100_H30,769926,Oracle (reference only),1.7287750244140625,5,,,False
validation,769965,2026-06-12T23:50:00-07:00,769965_1781333400_H30,769926,Oracle (reference only),2.9699859619140625,1,,,False
validation,769965,2026-06-12T23:50:00-07:00,769965_1781333400_H30,769867,Oracle (reference only),3.2761688232421875,2,,,False
validation,769965,2026-06-12T23:50:00-07:00,769965_1781333400_H30,770129,Oracle (reference only),3.852745056152344,3,,,False
validation,769965,2026-06-12T23:50:00-07:00,769965_1781333400_H30,769911,Oracle (reference only),4.458755493164063,4,,,False
validation,769965,2026-06-12T23:50:00-07:00,769965_1781333400_H30,770141,Oracle (reference only),4.59649658203125,5,,,False
validation,769965,2026-06-12T23:55:00-07:00,769965_1781333700_H30,769926,Oracle (reference only),0.4486770629882812,1,,,False
validation,769965,2026-06-12T23:55:00-07:00,769965_1781333700_H30,769867,Oracle (reference only),0.4879608154296875,2,,,False
validation,769965,2026-06-12T23:55:00-07:00,769965_1781333700_H30,770141,Oracle (reference only),0.8830337524414062,3,,,False
validation,769965,2026-06-12T23:55:00-07:00,769965_1781333700_H30,770129,Oracle (reference only),1.0620574951171875,4,,,False
validation,769965,2026-06-12T23:55:00-07:00,769965_1781333700_H30,769911,Oracle (reference only),1.8897018432617188,5,,,False
validation,769965,2026-06-17T11:15:00-07:00,769965_1781720100_H30,769867,Oracle (reference only),2.5934715270996094,1,,,False
validation,769965,2026-06-17T11:15:00-07:00,769965_1781720100_H30,770129,Oracle (reference only),2.851715087890625,2,,,False
validation,769965,2026-06-17T11:15:00-07:00,769965_1781720100_H30,770141,Oracle (reference only),4.16497802734375,3,,,False
validation,769965,2026-06-17T11:15:00-07:00,769965_1781720100_H30,769926,Oracle (reference only),4.669223785400391,4,,,False
validation,769965,2026-06-17T11:15:00-07:00,769965_1781720100_H30,769911,Oracle (reference only),4.743236541748047,5,,,False
validation,775511,2026-06-06T23:30:00-07:00,775511_1780813800_H30,764283,Oracle (reference only),0.1591796875,1,,,False
validation,775511,2026-06-06T23:30:00-07:00,775511_1780813800_H30,764290,Oracle (reference only),0.1591796875,2,,,False
validation,775511,2026-06-06T23:30:00-07:00,775511_1780813800_H30,764322,Oracle (reference only),0.72979736328125,3,,,False
validation,775511,2026-06-06T23:30:00-07:00,775511_1780813800_H30,764297,Oracle (reference only),2.53668212890625,4,,,False
validation,775511,2026-06-06T23:30:00-07:00,775511_1780813800_H30,764311,Oracle (reference only),2.7627029418945312,5,,,False
validation,775511,2026-06-06T23:35:00-07:00,775511_1780814100_H30,764283,Oracle (reference only),0.2073211669921875,1,,,False
validation,775511,2026-06-06T23:35:00-07:00,775511_1780814100_H30,764290,Oracle (reference only),0.2073211669921875,2,,,False
validation,775511,2026-06-06T23:35:00-07:00,775511_1780814100_H30,764322,Oracle (reference only),1.3378982543945312,3,,,False
validation,775511,2026-06-06T23:35:00-07:00,775511_1780814100_H30,764297,Oracle (reference only),3.031402587890625,4,,,False
validation,775511,2026-06-06T23:35:00-07:00,775511_1780814100_H30,764311,Oracle (reference only),3.375885009765625,5,,,False
validation,775511,2026-06-06T23:40:00-07:00,775511_1780814400_H30,764283,Oracle (reference only),0.0472946166992187,1,,,False
validation,775511,2026-06-06T23:40:00-07:00,775511_1780814400_H30,764290,Oracle (reference only),0.0472946166992187,2,,,False
validation,775511,2026-06-06T23:40:00-07:00,775511_1780814400_H30,764322,Oracle (reference only),0.6022872924804688,3,,,False
validation,775511,2026-06-06T23:40:00-07:00,775511_1780814400_H30,764297,Oracle (reference only),2.9507827758789062,4,,,False
validation,775511,2026-06-06T23:40:00-07:00,775511_1780814400_H30,764311,Oracle (reference only),3.904571533203125,5,,,False
validation,775511,2026-06-06T23:45:00-07:00,775511_1780814700_H30,764283,Oracle (reference only),0.042236328125,1,,,False
validation,775511,2026-06-06T23:45:00-07:00,775511_1780814700_H30,764290,Oracle (reference only),0.042236328125,2,,,False
validation,775511,2026-06-06T23:45:00-07:00,775511_1780814700_H30,764322,Oracle (reference only),0.4425277709960937,3,,,False
validation,775511,2026-06-06T23:45:00-07:00,775511_1780814700_H30,764297,Oracle (reference only),3.7192153930664062,4,,,False
validation,775511,2026-06-06T23:45:00-07:00,775511_1780814700_H30,764311,Oracle (reference only),4.398727416992188,5,,,False
validation,775511,2026-06-06T23:50:00-07:00,775511_1780815000_H30,764283,Oracle (reference only),0.7138442993164062,1,,,False
validation,775511,2026-06-06T23:50:00-07:00,775511_1780815000_H30,764290,Oracle (reference only),0.7138442993164062,2,,,False
validation,775511,2026-06-06T23:50:00-07:00,775511_1780815000_H30,764322,Oracle (reference only),1.7679901123046875,3,,,False
validation,775511,2026-06-06T23:50:00-07:00,775511_1780815000_H30,764297,Oracle (reference only),4.149467468261719,4,,,False
validation,775511,2026-06-06T23:50:00-07:00,775511_1780815000_H30,764311,Oracle (reference only),5.1397552490234375,5,,,False
validation,775511,2026-06-06T23:55:00-07:00,775511_1780815300_H30,764283,Oracle (reference only),1.6687049865722656,1,,,False
validation,775511,2026-06-06T23:55:00-07:00,775511_1780815300_H30,764290,Oracle (reference only),1.6687049865722656,2,,,False
validation,775511,2026-06-06T23:55:00-07:00,775511_1780815300_H30,764322,Oracle (reference only),4.051540374755859,3,,,False
validation,775511,2026-06-06T23:55:00-07:00,775511_1780815300_H30,764297,Oracle (reference only),5.375263214111328,4,,,False
validation,775511,2026-06-06T23:55:00-07:00,775511_1780815300_H30,764311,Oracle (reference only),5.938991546630859,5,,,False
validation,775511,2026-06-08T23:30:00-07:00,775511_1780986600_H30,764311,Oracle (reference only),1.971405029296875,1,,,False
validation,775511,2026-06-08T23:30:00-07:00,775511_1780986600_H30,764283,Oracle (reference only),2.9523162841796875,2,,,False
validation,775511,2026-06-08T23:30:00-07:00,775511_1780986600_H30,764290,Oracle (reference only),2.9523162841796875,3,,,False
validation,775511,2026-06-08T23:30:00-07:00,775511_1780986600_H30,764297,Oracle (reference only),3.0496978759765625,4,,,False
validation,775511,2026-06-08T23:30:00-07:00,775511_1780986600_H30,764322,Oracle (reference only),8.241268157958984,5,,,False
validation,775511,2026-06-08T23:35:00-07:00,775511_1780986900_H30,764311,Oracle (reference only),0.534027099609375,1,,,False
validation,775511,2026-06-08T23:35:00-07:00,775511_1780986900_H30,764283,Oracle (reference only),1.0731124877929688,2,,,False
validation,775511,2026-06-08T23:35:00-07:00,775511_1780986900_H30,764290,Oracle (reference only),1.0731124877929688,3,,,False
validation,775511,2026-06-08T23:35:00-07:00,775511_1780986900_H30,764297,Oracle (reference only),2.874458312988281,4,,,False
validation,775511,2026-06-08T23:35:00-07:00,775511_1780986900_H30,764322,Oracle (reference only),7.944782257080078,5,,,False
validation,775511,2026-06-08T23:40:00-07:00,775511_1780987200_H30,764311,Oracle (reference only),0.3541488647460937,1,,,False
validation,775511,2026-06-08T23:40:00-07:00,775511_1780987200_H30,764297,Oracle (reference only),1.0855636596679688,2,,,False
validation,775511,2026-06-08T23:40:00-07:00,775511_1780987200_H30,764283,Oracle (reference only),1.1890487670898438,3,,,False
validation,775511,2026-06-08T23:40:00-07:00,775511_1780987200_H30,764290,Oracle (reference only),1.1890487670898438,4,,,False
validation,775511,2026-06-08T23:40:00-07:00,775511_1780987200_H30,764322,Oracle (reference only),7.579780578613281,5,,,False
validation,775511,2026-06-08T23:45:00-07:00,775511_1780987500_H30,764311,Oracle (reference only),0.7415542602539062,1,,,False
validation,775511,2026-06-08T23:45:00-07:00,775511_1780987500_H30,764297,Oracle (reference only),0.808013916015625,2,,,False
validation,775511,2026-06-08T23:45:00-07:00,775511_1780987500_H30,764283,Oracle (reference only),0.9794998168945312,3,,,False
validation,775511,2026-06-08T23:45:00-07:00,775511_1780987500_H30,764290,Oracle (reference only),0.9794998168945312,4,,,False
validation,775511,2026-06-08T23:45:00-07:00,775511_1780987500_H30,764322,Oracle (reference only),7.430770874023437,5,,,False
validation,775511,2026-06-08T23:50:00-07:00,775511_1780987800_H30,764311,Oracle (reference only),0.1132736206054687,1,,,False
validation,775511,2026-06-08T23:50:00-07:00,775511_1780987800_H30,764283,Oracle (reference only),1.5871047973632812,2,,,False
validation,775511,2026-06-08T23:50:00-07:00,775511_1780987800_H30,764290,Oracle (reference only),1.5871047973632812,3,,,False
validation,775511,2026-06-08T23:50:00-07:00,775511_1780987800_H30,764297,Oracle (reference only),1.90167236328125,4,,,False
validation,775511,2026-06-08T23:50:00-07:00,775511_1780987800_H30,764322,Oracle (reference only),5.4522857666015625,5,,,False
validation,775511,2026-06-08T23:55:00-07:00,775511_1780988100_H30,764283,Oracle (reference only),0.3416671752929687,1,,,False
validation,775511,2026-06-08T23:55:00-07:00,775511_1780988100_H30,764290,Oracle (reference only),0.3416671752929687,2,,,False
validation,775511,2026-06-08T23:55:00-07:00,775511_1780988100_H30,764297,Oracle (reference only),0.639251708984375,3,,,False
validation,775511,2026-06-08T23:55:00-07:00,775511_1780988100_H30,764311,Oracle (reference only),1.110687255859375,4,,,False
validation,775511,2026-06-08T23:55:00-07:00,775511_1780988100_H30,764322,Oracle (reference only),4.462131500244141,5,,,False
validation,775511,2026-06-10T23:30:00-07:00,775511_1781159400_H30,764322,Oracle (reference only),0.0645523071289062,1,,,False
validation,775511,2026-06-10T23:30:00-07:00,775511_1781159400_H30,764297,Oracle (reference only),0.4918975830078125,2,,,False
validation,775511,2026-06-10T23:30:00-07:00,775511_1781159400_H30,764311,Oracle (reference only),0.5643692016601562,3,,,False
validation,775511,2026-06-10T23:30:00-07:00,775511_1781159400_H30,764283,Oracle (reference only),1.1581649780273438,4,,,False
validation,775511,2026-06-10T23:30:00-07:00,775511_1781159400_H30,764290,Oracle (reference only),1.1581649780273438,5,,,False
validation,775511,2026-06-10T23:35:00-07:00,775511_1781159700_H30,764311,Oracle (reference only),1.0601654052734375,1,,,False
validation,775511,2026-06-10T23:35:00-07:00,775511_1781159700_H30,764297,Oracle (reference only),1.2697677612304688,2,,,False
validation,775511,2026-06-10T23:35:00-07:00,775511_1781159700_H30,764283,Oracle (reference only),1.9793472290039065,3,,,False
validation,775511,2026-06-10T23:35:00-07:00,775511_1781159700_H30,764290,Oracle (reference only),1.9793472290039065,4,,,False
validation,775511,2026-06-10T23:35:00-07:00,775511_1781159700_H30,764322,Oracle (reference only),4.080123901367188,5,,,False
validation,775511,2026-06-10T23:40:00-07:00,775511_1781160000_H30,764297,Oracle (reference only),0.2941131591796875,1,,,False
validation,775511,2026-06-10T23:40:00-07:00,775511_1781160000_H30,764311,Oracle (reference only),0.5753021240234375,2,,,False
validation,775511,2026-06-10T23:40:00-07:00,775511_1781160000_H30,764283,Oracle (reference only),1.176055908203125,3,,,False
validation,775511,2026-06-10T23:40:00-07:00,775511_1781160000_H30,764290,Oracle (reference only),1.176055908203125,4,,,False
validation,775511,2026-06-10T23:40:00-07:00,775511_1781160000_H30,764322,Oracle (reference only),4.184654235839844,5,,,False
validation,775511,2026-06-10T23:45:00-07:00,775511_1781160300_H30,764297,Oracle (reference only),0.5332565307617188,1,,,False
validation,775511,2026-06-10T23:45:00-07:00,775511_1781160300_H30,764311,Oracle (reference only),0.5681838989257812,2,,,False
validation,775511,2026-06-10T23:45:00-07:00,775511_1781160300_H30,764283,Oracle (reference only),1.63555908203125,3,,,False
validation,775511,2026-06-10T23:45:00-07:00,775511_1781160300_H30,764290,Oracle (reference only),1.63555908203125,4,,,False
validation,775511,2026-06-10T23:45:00-07:00,775511_1781160300_H30,764322,Oracle (reference only),3.6620101928710938,5,,,False
validation,775511,2026-06-10T23:50:00-07:00,775511_1781160600_H30,764297,Oracle (reference only),0.119476318359375,1,,,False
validation,775511,2026-06-10T23:50:00-07:00,775511_1781160600_H30,764311,Oracle (reference only),0.3249282836914062,2,,,False
validation,775511,2026-06-10T23:50:00-07:00,775511_1781160600_H30,764283,Oracle (reference only),0.886016845703125,3,,,False
validation,775511,2026-06-10T23:50:00-07:00,775511_1781160600_H30,764290,Oracle (reference only),0.886016845703125,4,,,False
validation,775511,2026-06-10T23:50:00-07:00,775511_1781160600_H30,764322,Oracle (reference only),4.832210540771484,5,,,False
validation,775511,2026-06-10T23:55:00-07:00,775511_1781160900_H30,764297,Oracle (reference only),0.511199951171875,1,,,False
validation,775511,2026-06-10T23:55:00-07:00,775511_1781160900_H30,764311,Oracle (reference only),0.5459747314453125,2,,,False
validation,775511,2026-06-10T23:55:00-07:00,775511_1781160900_H30,764283,Oracle (reference only),1.7499847412109375,3,,,False
validation,775511,2026-06-10T23:55:00-07:00,775511_1781160900_H30,764290,Oracle (reference only),1.7499847412109375,4,,,False
validation,775511,2026-06-10T23:55:00-07:00,775511_1781160900_H30,764322,Oracle (reference only),6.973453521728516,5,,,False
validation,775511,2026-06-23T23:30:00-07:00,775511_1782282600_H30,764311,Oracle (reference only),0.0853652954101562,1,,,False
validation,775511,2026-06-23T23:30:00-07:00,775511_1782282600_H30,764322,Oracle (reference only),0.2647476196289062,2,,,False
validation,775511,2026-06-23T23:30:00-07:00,775511_1782282600_H30,764297,Oracle (reference only),0.3381271362304687,3,,,False
validation,775511,2026-06-23T23:30:00-07:00,775511_1782282600_H30,764283,Oracle (reference only),0.9347610473632812,4,,,False
validation,775511,2026-06-23T23:30:00-07:00,775511_1782282600_H30,764290,Oracle (reference only),0.9347610473632812,5,,,False
validation,775511,2026-06-23T23:35:00-07:00,775511_1782282900_H30,764311,Oracle (reference only),0.1087493896484375,1,,,False
validation,775511,2026-06-23T23:35:00-07:00,775511_1782282900_H30,764283,Oracle (reference only),1.1739578247070312,2,,,False
validation,775511,2026-06-23T23:35:00-07:00,775511_1782282900_H30,764290,Oracle (reference only),1.1739578247070312,3,,,False
validation,775511,2026-06-23T23:35:00-07:00,775511_1782282900_H30,764322,Oracle (reference only),1.6731491088867188,4,,,False
validation,775511,2026-06-23T23:35:00-07:00,775511_1782282900_H30,764297,Oracle (reference only),2.2272491455078125,5,,,False
validation,775511,2026-06-23T23:40:00-07:00,775511_1782283200_H30,764311,Oracle (reference only),0.337371826171875,1,,,False
validation,775511,2026-06-23T23:40:00-07:00,775511_1782283200_H30,764283,Oracle (reference only),0.72564697265625,2,,,False
validation,775511,2026-06-23T23:40:00-07:00,775511_1782283200_H30,764290,Oracle (reference only),0.72564697265625,3,,,False
validation,775511,2026-06-23T23:40:00-07:00,775511_1782283200_H30,764297,Oracle (reference only),1.156768798828125,4,,,False
validation,775511,2026-06-23T23:40:00-07:00,775511_1782283200_H30,764322,Oracle (reference only),1.4198379516601562,5,,,False
validation,775511,2026-06-23T23:45:00-07:00,775511_1782283500_H30,764297,Oracle (reference only),0.646728515625,1,,,False
validation,775511,2026-06-23T23:45:00-07:00,775511_1782283500_H30,764283,Oracle (reference only),1.1736526489257812,2,,,False
validation,775511,2026-06-23T23:45:00-07:00,775511_1782283500_H30,764290,Oracle (reference only),1.1736526489257812,3,,,False
validation,775511,2026-06-23T23:45:00-07:00,775511_1782283500_H30,764322,Oracle (reference only),1.5469207763671875,4,,,False
validation,775511,2026-06-23T23:45:00-07:00,775511_1782283500_H30,764311,Oracle (reference only),1.8790130615234373,5,,,False
validation,775511,2026-06-23T23:50:00-07:00,775511_1782283800_H30,764297,Oracle (reference only),0.0592880249023437,1,,,False
validation,775511,2026-06-23T23:50:00-07:00,775511_1782283800_H30,764322,Oracle (reference only),0.1901168823242187,2,,,False
validation,775511,2026-06-23T23:50:00-07:00,775511_1782283800_H30,764283,Oracle (reference only),0.7187423706054688,3,,,False
validation,775511,2026-06-23T23:50:00-07:00,775511_1782283800_H30,764290,Oracle (reference only),0.7187423706054688,4,,,False
validation,775511,2026-06-23T23:50:00-07:00,775511_1782283800_H30,764311,Oracle (reference only),1.7884902954101562,5,,,False
validation,775511,2026-06-23T23:55:00-07:00,775511_1782284100_H30,764297,Oracle (reference only),0.18756103515625,1,,,False
validation,775511,2026-06-23T23:55:00-07:00,775511_1782284100_H30,764283,Oracle (reference only),0.35614013671875,2,,,False
validation,775511,2026-06-23T23:55:00-07:00,775511_1782284100_H30,764290,Oracle (reference only),0.35614013671875,3,,,False
validation,775511,2026-06-23T23:55:00-07:00,775511_1782284100_H30,764322,Oracle (reference only),1.012603759765625,4,,,False
validation,775511,2026-06-23T23:55:00-07:00,775511_1782284100_H30,764311,Oracle (reference only),1.515716552734375,5,,,False
validation,775511,2026-06-26T23:30:00-07:00,775511_1782541800_H30,764297,Oracle (reference only),0.2876434326171875,1,,,False
validation,775511,2026-06-26T23:30:00-07:00,775511_1782541800_H30,764311,Oracle (reference only),0.5294189453125,2,,,False
validation,775511,2026-06-26T23:30:00-07:00,775511_1782541800_H30,764322,Oracle (reference only),0.7522048950195312,3,,,False
validation,775511,2026-06-26T23:30:00-07:00,775511_1782541800_H30,764283,Oracle (reference only),1.5057449340820312,4,,,False
validation,775511,2026-06-26T23:30:00-07:00,775511_1782541800_H30,764290,Oracle (reference only),1.5057449340820312,5,,,False
validation,775511,2026-06-26T23:35:00-07:00,775511_1782542100_H30,764322,Oracle (reference only),0.3212966918945312,1,,,False
validation,775511,2026-06-26T23:35:00-07:00,775511_1782542100_H30,764297,Oracle (reference only),0.3503341674804687,2,,,False
validation,775511,2026-06-26T23:35:00-07:00,775511_1782542100_H30,764311,Oracle (reference only),0.7726287841796875,3,,,False
validation,775511,2026-06-26T23:35:00-07:00,775511_1782542100_H30,764283,Oracle (reference only),1.7471466064453125,4,,,False
validation,775511,2026-06-26T23:35:00-07:00,775511_1782542100_H30,764290,Oracle (reference only),1.7471466064453125,5,,,False
validation,775511,2026-06-26T23:40:00-07:00,775511_1782542400_H30,764297,Oracle (reference only),1.08441162109375,1,,,False
validation,775511,2026-06-26T23:40:00-07:00,775511_1782542400_H30,764311,Oracle (reference only),1.171539306640625,2,,,False
validation,775511,2026-06-26T23:40:00-07:00,775511_1782542400_H30,764322,Oracle (reference only),1.7708587646484375,3,,,False
validation,775511,2026-06-26T23:40:00-07:00,775511_1782542400_H30,764283,Oracle (reference only),3.4495849609375,4,,,False
validation,775511,2026-06-26T23:40:00-07:00,775511_1782542400_H30,764290,Oracle (reference only),3.4495849609375,5,,,False
validation,775511,2026-06-26T23:45:00-07:00,775511_1782542700_H30,764311,Oracle (reference only),0.323822021484375,1,,,False
validation,775511,2026-06-26T23:45:00-07:00,775511_1782542700_H30,764322,Oracle (reference only),1.1950759887695312,2,,,False
validation,775511,2026-06-26T23:45:00-07:00,775511_1782542700_H30,764297,Oracle (reference only),2.157051086425781,3,,,False
validation,775511,2026-06-26T23:45:00-07:00,775511_1782542700_H30,764283,Oracle (reference only),2.6478347778320312,4,,,False
validation,775511,2026-06-26T23:45:00-07:00,775511_1782542700_H30,764290,Oracle (reference only),2.6478347778320312,5,,,False
validation,775511,2026-06-26T23:50:00-07:00,775511_1782543000_H30,764311,Oracle (reference only),1.03961181640625,1,,,False
validation,775511,2026-06-26T23:50:00-07:00,775511_1782543000_H30,764297,Oracle (reference only),2.1949005126953125,2,,,False
validation,775511,2026-06-26T23:50:00-07:00,775511_1782543000_H30,764283,Oracle (reference only),3.624557495117188,3,,,False
validation,775511,2026-06-26T23:50:00-07:00,775511_1782543000_H30,764290,Oracle (reference only),3.624557495117188,4,,,False
validation,775511,2026-06-26T23:50:00-07:00,775511_1782543000_H30,764322,Oracle (reference only),4.322174072265625,5,,,False
validation,775511,2026-06-26T23:55:00-07:00,775511_1782543300_H30,764311,Oracle (reference only),0.1421127319335937,1,,,False
validation,775511,2026-06-26T23:55:00-07:00,775511_1782543300_H30,764297,Oracle (reference only),1.936431884765625,2,,,False
validation,775511,2026-06-26T23:55:00-07:00,775511_1782543300_H30,764322,Oracle (reference only),2.522735595703125,3,,,False
validation,775511,2026-06-26T23:55:00-07:00,775511_1782543300_H30,764283,Oracle (reference only),2.880165100097656,4,,,False
validation,775511,2026-06-26T23:55:00-07:00,775511_1782543300_H30,764290,Oracle (reference only),2.880165100097656,5,,,False
validation,775536,2026-06-02T23:30:00-07:00,775536_1780468200_H30,759870,Oracle (reference only),3.895332336425781,1,,,False
validation,775536,2026-06-02T23:30:00-07:00,775536_1780468200_H30,768701,Oracle (reference only),3.9019775390625,2,,,False
validation,775536,2026-06-02T23:30:00-07:00,775536_1780468200_H30,718405,Oracle (reference only),4.020195007324219,3,,,False
validation,775536,2026-06-02T23:30:00-07:00,775536_1780468200_H30,759858,Oracle (reference only),4.020195007324219,4,,,False
validation,775536,2026-06-02T23:30:00-07:00,775536_1780468200_H30,774344,Oracle (reference only),4.189048767089844,5,,,False
validation,775536,2026-06-02T23:35:00-07:00,775536_1780468500_H30,759870,Oracle (reference only),0.1459884643554687,1,,,False
validation,775536,2026-06-02T23:35:00-07:00,775536_1780468500_H30,718405,Oracle (reference only),0.3103752136230469,2,,,False
validation,775536,2026-06-02T23:35:00-07:00,775536_1780468500_H30,759858,Oracle (reference only),0.3103752136230469,3,,,False
validation,775536,2026-06-02T23:35:00-07:00,775536_1780468500_H30,774344,Oracle (reference only),0.4093246459960937,4,,,False
validation,775536,2026-06-02T23:35:00-07:00,775536_1780468500_H30,768701,Oracle (reference only),0.6510734558105469,5,,,False
validation,775536,2026-06-02T23:40:00-07:00,775536_1780468800_H30,759870,Oracle (reference only),1.9369964599609373,1,,,False
validation,775536,2026-06-02T23:40:00-07:00,775536_1780468800_H30,718405,Oracle (reference only),2.01712417602539,2,,,False
validation,775536,2026-06-02T23:40:00-07:00,775536_1780468800_H30,759858,Oracle (reference only),2.01712417602539,3,,,False
validation,775536,2026-06-02T23:40:00-07:00,775536_1780468800_H30,774344,Oracle (reference only),2.0790557861328125,4,,,False
validation,775536,2026-06-02T23:40:00-07:00,775536_1780468800_H30,768701,Oracle (reference only),2.672309875488281,5,,,False
validation,775536,2026-06-02T23:45:00-07:00,775536_1780469100_H30,774344,Oracle (reference only),5.827373504638672,1,,,False
validation,775536,2026-06-02T23:45:00-07:00,775536_1780469100_H30,768701,Oracle (reference only),6.077846527099609,2,,,False
validation,775536,2026-06-02T23:45:00-07:00,775536_1780469100_H30,759870,Oracle (reference only),6.204792022705078,3,,,False
validation,775536,2026-06-02T23:45:00-07:00,775536_1780469100_H30,718405,Oracle (reference only),6.2437744140625,4,,,False
validation,775536,2026-06-02T23:45:00-07:00,775536_1780469100_H30,759858,Oracle (reference only),6.2437744140625,5,,,False
validation,775536,2026-06-02T23:50:00-07:00,775536_1780469400_H30,774344,Oracle (reference only),6.346874237060547,1,,,False
validation,775536,2026-06-02T23:50:00-07:00,775536_1780469400_H30,768701,Oracle (reference only),6.732536315917969,2,,,False
validation,775536,2026-06-02T23:50:00-07:00,775536_1780469400_H30,759870,Oracle (reference only),6.816951751708984,3,,,False
validation,775536,2026-06-02T23:50:00-07:00,775536_1780469400_H30,718405,Oracle (reference only),6.961330413818359,4,,,False
validation,775536,2026-06-02T23:50:00-07:00,775536_1780469400_H30,759858,Oracle (reference only),6.961330413818359,5,,,False
validation,775536,2026-06-02T23:55:00-07:00,775536_1780469700_H30,774344,Oracle (reference only),9.152359008789062,1,,,False
validation,775536,2026-06-02T23:55:00-07:00,775536_1780469700_H30,768701,Oracle (reference only),9.489643096923828,2,,,False
validation,775536,2026-06-02T23:55:00-07:00,775536_1780469700_H30,759870,Oracle (reference only),9.586662292480469,3,,,False
validation,775536,2026-06-02T23:55:00-07:00,775536_1780469700_H30,718405,Oracle (reference only),10.14324188232422,4,,,False
validation,775536,2026-06-02T23:55:00-07:00,775536_1780469700_H30,759858,Oracle (reference only),10.14324188232422,5,,,False
validation,775536,2026-06-03T19:05:00-07:00,775536_1780538700_H30,718405,Oracle (reference only),4.34954833984375,1,,,False
validation,775536,2026-06-03T19:05:00-07:00,775536_1780538700_H30,759858,Oracle (reference only),4.34954833984375,2,,,False
validation,775536,2026-06-03T19:05:00-07:00,775536_1780538700_H30,774344,Oracle (reference only),10.188465118408203,3,,,False
validation,775536,2026-06-03T19:05:00-07:00,775536_1780538700_H30,759870,Oracle (reference only),11.25251007080078,4,,,False
validation,775536,2026-06-03T19:05:00-07:00,775536_1780538700_H30,768701,Oracle (reference only),11.834251403808594,5,,,False
validation,775536,2026-06-03T19:10:00-07:00,775536_1780539000_H30,718405,Oracle (reference only),0.4546356201171875,1,,,False
validation,775536,2026-06-03T19:10:00-07:00,775536_1780539000_H30,759858,Oracle (reference only),0.4546356201171875,2,,,False
validation,775536,2026-06-03T19:10:00-07:00,775536_1780539000_H30,774344,Oracle (reference only),3.875232696533203,3,,,False
validation,775536,2026-06-03T19:10:00-07:00,775536_1780539000_H30,768701,Oracle (reference only),6.151691436767578,4,,,False
validation,775536,2026-06-03T19:10:00-07:00,775536_1780539000_H30,759870,Oracle (reference only),8.917720794677734,5,,,False
validation,775536,2026-06-03T19:15:00-07:00,775536_1780539300_H30,774344,Oracle (reference only),0.8779869079589844,1,,,False
validation,775536,2026-06-03T19:15:00-07:00,775536_1780539300_H30,718405,Oracle (reference only),3.3893699645996094,2,,,False
validation,775536,2026-06-03T19:15:00-07:00,775536_1780539300_H30,759858,Oracle (reference only),3.3893699645996094,3,,,False
validation,775536,2026-06-03T19:15:00-07:00,775536_1780539300_H30,768701,Oracle (reference only),3.51712417602539,4,,,False
validation,775536,2026-06-03T19:15:00-07:00,775536_1780539300_H30,759870,Oracle (reference only),6.482833862304688,5,,,False
validation,775536,2026-06-03T19:20:00-07:00,775536_1780539600_H30,759870,Oracle (reference only),0.9929847717285156,1,,,False
validation,775536,2026-06-03T19:20:00-07:00,775536_1780539600_H30,768701,Oracle (reference only),1.3369140625,2,,,False
validation,775536,2026-06-03T19:20:00-07:00,775536_1780539600_H30,774344,Oracle (reference only),8.032295227050781,3,,,False
validation,775536,2026-06-03T19:20:00-07:00,775536_1780539600_H30,718405,Oracle (reference only),8.695808410644531,4,,,False
validation,775536,2026-06-03T19:20:00-07:00,775536_1780539600_H30,759858,Oracle (reference only),8.695808410644531,5,,,False
validation,775536,2026-06-03T19:25:00-07:00,775536_1780539900_H30,759870,Oracle (reference only),2.236003875732422,1,,,False
validation,775536,2026-06-03T19:25:00-07:00,775536_1780539900_H30,768701,Oracle (reference only),5.2169952392578125,2,,,False
validation,775536,2026-06-03T19:25:00-07:00,775536_1780539900_H30,774344,Oracle (reference only),8.739627838134766,3,,,False
validation,775536,2026-06-03T19:25:00-07:00,775536_1780539900_H30,718405,Oracle (reference only),8.882808685302734,4,,,False
validation,775536,2026-06-03T19:25:00-07:00,775536_1780539900_H30,759858,Oracle (reference only),8.882808685302734,5,,,False
validation,775536,2026-06-03T19:30:00-07:00,775536_1780540200_H30,759870,Oracle (reference only),0.7783393859863281,1,,,False
validation,775536,2026-06-03T19:30:00-07:00,775536_1780540200_H30,768701,Oracle (reference only),0.9216270446777344,2,,,False
validation,775536,2026-06-03T19:30:00-07:00,775536_1780540200_H30,774344,Oracle (reference only),6.966152191162109,3,,,False
validation,775536,2026-06-03T19:30:00-07:00,775536_1780540200_H30,718405,Oracle (reference only),7.191120147705078,4,,,False
validation,775536,2026-06-03T19:30:00-07:00,775536_1780540200_H30,759858,Oracle (reference only),7.191120147705078,5,,,False
validation,775536,2026-06-06T23:30:00-07:00,775536_1780813800_H30,718405,Oracle (reference only),2.637031555175781,1,,,False
validation,775536,2026-06-06T23:30:00-07:00,775536_1780813800_H30,759858,Oracle (reference only),2.637031555175781,2,,,False
validation,775536,2026-06-06T23:30:00-07:00,775536_1780813800_H30,774344,Oracle (reference only),3.049530029296875,3,,,False
validation,775536,2026-06-06T23:30:00-07:00,775536_1780813800_H30,759870,Oracle (reference only),5.492706298828125,4,,,False
validation,775536,2026-06-06T23:30:00-07:00,775536_1780813800_H30,768701,Oracle (reference only),5.819057464599609,5,,,False
validation,775536,2026-06-06T23:35:00-07:00,775536_1780814100_H30,718405,Oracle (reference only),0.698974609375,1,,,False
validation,775536,2026-06-06T23:35:00-07:00,775536_1780814100_H30,759858,Oracle (reference only),0.698974609375,2,,,False
validation,775536,2026-06-06T23:35:00-07:00,775536_1780814100_H30,774344,Oracle (reference only),1.1669235229492188,3,,,False
validation,775536,2026-06-06T23:35:00-07:00,775536_1780814100_H30,759870,Oracle (reference only),3.889507293701172,4,,,False
validation,775536,2026-06-06T23:35:00-07:00,775536_1780814100_H30,768701,Oracle (reference only),4.196083068847656,5,,,False
validation,775536,2026-06-06T23:40:00-07:00,775536_1780814400_H30,774344,Oracle (reference only),1.2070159912109375,1,,,False
validation,775536,2026-06-06T23:40:00-07:00,775536_1780814400_H30,759870,Oracle (reference only),1.5661659240722656,2,,,False
validation,775536,2026-06-06T23:40:00-07:00,775536_1780814400_H30,768701,Oracle (reference only),1.6116981506347656,3,,,False
validation,775536,2026-06-06T23:40:00-07:00,775536_1780814400_H30,718405,Oracle (reference only),1.8224639892578125,4,,,False
validation,775536,2026-06-06T23:40:00-07:00,775536_1780814400_H30,759858,Oracle (reference only),1.8224639892578125,5,,,False
validation,775536,2026-06-06T23:45:00-07:00,775536_1780814700_H30,768701,Oracle (reference only),0.8427352905273438,1,,,False
validation,775536,2026-06-06T23:45:00-07:00,775536_1780814700_H30,759870,Oracle (reference only),0.9191017150878906,2,,,False
validation,775536,2026-06-06T23:45:00-07:00,775536_1780814700_H30,774344,Oracle (reference only),3.686431884765625,3,,,False
validation,775536,2026-06-06T23:45:00-07:00,775536_1780814700_H30,718405,Oracle (reference only),4.23309326171875,4,,,False
validation,775536,2026-06-06T23:45:00-07:00,775536_1780814700_H30,759858,Oracle (reference only),4.23309326171875,5,,,False
validation,775536,2026-06-06T23:50:00-07:00,775536_1780815000_H30,759870,Oracle (reference only),6.500274658203125,1,,,False
validation,775536,2026-06-06T23:50:00-07:00,775536_1780815000_H30,768701,Oracle (reference only),6.553134918212891,2,,,False
validation,775536,2026-06-06T23:50:00-07:00,775536_1780815000_H30,774344,Oracle (reference only),10.840587615966797,3,,,False
validation,775536,2026-06-06T23:50:00-07:00,775536_1780815000_H30,718405,Oracle (reference only),11.467121124267578,4,,,False
validation,775536,2026-06-06T23:50:00-07:00,775536_1780815000_H30,759858,Oracle (reference only),11.467121124267578,5,,,False
validation,775536,2026-06-06T23:55:00-07:00,775536_1780815300_H30,768701,Oracle (reference only),7.522109985351562,1,,,False
validation,775536,2026-06-06T23:55:00-07:00,775536_1780815300_H30,759870,Oracle (reference only),7.619609832763672,2,,,False
validation,775536,2026-06-06T23:55:00-07:00,775536_1780815300_H30,774344,Oracle (reference only),11.619102478027344,3,,,False
validation,775536,2026-06-06T23:55:00-07:00,775536_1780815300_H30,718405,Oracle (reference only),11.958580017089844,4,,,False
validation,775536,2026-06-06T23:55:00-07:00,775536_1780815300_H30,759858,Oracle (reference only),11.958580017089844,5,,,False
validation,775536,2026-06-10T23:30:00-07:00,775536_1781159400_H30,718405,Oracle (reference only),3.2161865234375,1,,,False
validation,775536,2026-06-10T23:30:00-07:00,775536_1781159400_H30,759858,Oracle (reference only),3.2161865234375,2,,,False
validation,775536,2026-06-10T23:30:00-07:00,775536_1781159400_H30,774344,Oracle (reference only),3.5326690673828125,3,,,False
validation,775536,2026-06-10T23:30:00-07:00,775536_1781159400_H30,768701,Oracle (reference only),4.279777526855469,4,,,False
validation,775536,2026-06-10T23:30:00-07:00,775536_1781159400_H30,759870,Oracle (reference only),4.926559448242188,5,,,False
validation,775536,2026-06-10T23:35:00-07:00,775536_1781159700_H30,774344,Oracle (reference only),0.1846847534179687,1,,,False
validation,775536,2026-06-10T23:35:00-07:00,775536_1781159700_H30,768701,Oracle (reference only),0.3755874633789062,2,,,False
validation,775536,2026-06-10T23:35:00-07:00,775536_1781159700_H30,759870,Oracle (reference only),0.4295921325683594,3,,,False
validation,775536,2026-06-10T23:35:00-07:00,775536_1781159700_H30,718405,Oracle (reference only),0.4929237365722656,4,,,False
validation,775536,2026-06-10T23:35:00-07:00,775536_1781159700_H30,759858,Oracle (reference only),0.4929237365722656,5,,,False
validation,775536,2026-06-10T23:40:00-07:00,775536_1781160000_H30,759870,Oracle (reference only),2.662708282470703,1,,,False
validation,775536,2026-06-10T23:40:00-07:00,775536_1781160000_H30,774344,Oracle (reference only),3.0728836059570312,2,,,False
validation,775536,2026-06-10T23:40:00-07:00,775536_1781160000_H30,718405,Oracle (reference only),3.410484313964844,3,,,False
validation,775536,2026-06-10T23:40:00-07:00,775536_1781160000_H30,759858,Oracle (reference only),3.410484313964844,4,,,False
validation,775536,2026-06-10T23:40:00-07:00,775536_1781160000_H30,768701,Oracle (reference only),3.574569702148437,5,,,False
validation,775536,2026-06-10T23:45:00-07:00,775536_1781160300_H30,768701,Oracle (reference only),5.94207763671875,1,,,False
validation,775536,2026-06-10T23:45:00-07:00,775536_1781160300_H30,759870,Oracle (reference only),6.236118316650391,2,,,False
validation,775536,2026-06-10T23:45:00-07:00,775536_1781160300_H30,774344,Oracle (reference only),6.501712799072266,3,,,False
validation,775536,2026-06-10T23:45:00-07:00,775536_1781160300_H30,718405,Oracle (reference only),6.779857635498047,4,,,False
validation,775536,2026-06-10T23:45:00-07:00,775536_1781160300_H30,759858,Oracle (reference only),6.779857635498047,5,,,False
validation,775536,2026-06-10T23:50:00-07:00,775536_1781160600_H30,759870,Oracle (reference only),10.151618957519531,1,,,False
validation,775536,2026-06-10T23:50:00-07:00,775536_1781160600_H30,768701,Oracle (reference only),11.173011779785156,2,,,False
validation,775536,2026-06-10T23:50:00-07:00,775536_1781160600_H30,774344,Oracle (reference only),12.01388931274414,3,,,False
validation,775536,2026-06-10T23:50:00-07:00,775536_1781160600_H30,718405,Oracle (reference only),12.583229064941406,4,,,False
validation,775536,2026-06-10T23:50:00-07:00,775536_1781160600_H30,759858,Oracle (reference only),12.583229064941406,5,,,False
validation,775536,2026-06-10T23:55:00-07:00,775536_1781160900_H30,768701,Oracle (reference only),13.340568542480469,1,,,False
validation,775536,2026-06-10T23:55:00-07:00,775536_1781160900_H30,759870,Oracle (reference only),13.35098648071289,2,,,False
validation,775536,2026-06-10T23:55:00-07:00,775536_1781160900_H30,774344,Oracle (reference only),14.924346923828123,3,,,False
validation,775536,2026-06-10T23:55:00-07:00,775536_1781160900_H30,718405,Oracle (reference only),15.339725494384766,4,,,False
validation,775536,2026-06-10T23:55:00-07:00,775536_1781160900_H30,759858,Oracle (reference only),15.339725494384766,5,,,False
validation,775536,2026-06-17T11:15:00-07:00,775536_1781720100_H30,768701,Oracle (reference only),2.58099365234375,1,,,False
validation,775536,2026-06-17T11:15:00-07:00,775536_1781720100_H30,759870,Oracle (reference only),4.506095886230469,2,,,False
validation,775536,2026-06-17T11:15:00-07:00,775536_1781720100_H30,774344,Oracle (reference only),5.195133209228516,3,,,False
validation,775536,2026-06-17T11:15:00-07:00,775536_1781720100_H30,718405,Oracle (reference only),9.093952178955078,4,,,False
validation,775536,2026-06-17T11:15:00-07:00,775536_1781720100_H30,759858,Oracle (reference only),9.093952178955078,5,,,False
validation,775536,2026-06-18T23:30:00-07:00,775536_1781850600_H30,718405,Oracle (reference only),5.707443237304688,1,,,False
validation,775536,2026-06-18T23:30:00-07:00,775536_1781850600_H30,759858,Oracle (reference only),5.707443237304688,2,,,False
validation,775536,2026-06-18T23:30:00-07:00,775536_1781850600_H30,774344,Oracle (reference only),5.823768615722656,3,,,False
validation,775536,2026-06-18T23:30:00-07:00,775536_1781850600_H30,759870,Oracle (reference only),7.773025512695312,4,,,False
validation,775536,2026-06-18T23:30:00-07:00,775536_1781850600_H30,768701,Oracle (reference only),7.840690612792969,5,,,False
validation,775536,2026-06-18T23:35:00-07:00,775536_1781850900_H30,718405,Oracle (reference only),3.5247573852539062,1,,,False
validation,775536,2026-06-18T23:35:00-07:00,775536_1781850900_H30,759858,Oracle (reference only),3.5247573852539062,2,,,False
validation,775536,2026-06-18T23:35:00-07:00,775536_1781850900_H30,774344,Oracle (reference only),3.5706710815429688,3,,,False
validation,775536,2026-06-18T23:35:00-07:00,775536_1781850900_H30,759870,Oracle (reference only),5.556243896484375,4,,,False
validation,775536,2026-06-18T23:35:00-07:00,775536_1781850900_H30,768701,Oracle (reference only),5.752731323242188,5,,,False
validation,775536,2026-06-18T23:40:00-07:00,775536_1781851200_H30,718405,Oracle (reference only),3.705757141113281,1,,,False
validation,775536,2026-06-18T23:40:00-07:00,775536_1781851200_H30,759858,Oracle (reference only),3.705757141113281,2,,,False
validation,775536,2026-06-18T23:40:00-07:00,775536_1781851200_H30,774344,Oracle (reference only),4.01593017578125,3,,,False
validation,775536,2026-06-18T23:40:00-07:00,775536_1781851200_H30,759870,Oracle (reference only),5.17535400390625,4,,,False
validation,775536,2026-06-18T23:40:00-07:00,775536_1781851200_H30,768701,Oracle (reference only),5.35443115234375,5,,,False
validation,775536,2026-06-18T23:45:00-07:00,775536_1781851500_H30,759870,Oracle (reference only),0.84869384765625,1,,,False
validation,775536,2026-06-18T23:45:00-07:00,775536_1781851500_H30,768701,Oracle (reference only),0.8995742797851562,2,,,False
validation,775536,2026-06-18T23:45:00-07:00,775536_1781851500_H30,718405,Oracle (reference only),1.042949676513672,3,,,False
validation,775536,2026-06-18T23:45:00-07:00,775536_1781851500_H30,759858,Oracle (reference only),1.042949676513672,4,,,False
validation,775536,2026-06-18T23:45:00-07:00,775536_1781851500_H30,774344,Oracle (reference only),1.0768814086914062,5,,,False
validation,775536,2026-06-18T23:50:00-07:00,775536_1781851800_H30,718405,Oracle (reference only),1.6835861206054688,1,,,False
validation,775536,2026-06-18T23:50:00-07:00,775536_1781851800_H30,759858,Oracle (reference only),1.6835861206054688,2,,,False
validation,775536,2026-06-18T23:50:00-07:00,775536_1781851800_H30,774344,Oracle (reference only),1.755390167236328,3,,,False
validation,775536,2026-06-18T23:50:00-07:00,775536_1781851800_H30,768701,Oracle (reference only),1.7720718383789062,4,,,False
validation,775536,2026-06-18T23:50:00-07:00,775536_1781851800_H30,759870,Oracle (reference only),1.858203887939453,5,,,False
validation,775536,2026-06-18T23:55:00-07:00,775536_1781852100_H30,774344,Oracle (reference only),2.628082275390625,1,,,False
validation,775536,2026-06-18T23:55:00-07:00,775536_1781852100_H30,718405,Oracle (reference only),2.63714599609375,2,,,False
validation,775536,2026-06-18T23:55:00-07:00,775536_1781852100_H30,759858,Oracle (reference only),2.63714599609375,3,,,False
validation,775536,2026-06-18T23:55:00-07:00,775536_1781852100_H30,759870,Oracle (reference only),3.129707336425781,4,,,False
validation,775536,2026-06-18T23:55:00-07:00,775536_1781852100_H30,768701,Oracle (reference only),3.181812286376953,5,,,False
validation,775536,2026-06-22T23:30:00-07:00,775536_1782196200_H30,718405,Oracle (reference only),4.532600402832031,1,,,False
validation,775536,2026-06-22T23:30:00-07:00,775536_1782196200_H30,759858,Oracle (reference only),4.532600402832031,2,,,False
validation,775536,2026-06-22T23:30:00-07:00,775536_1782196200_H30,768701,Oracle (reference only),5.619449615478516,3,,,False
validation,775536,2026-06-22T23:30:00-07:00,775536_1782196200_H30,759870,Oracle (reference only),6.364597320556641,4,,,False
validation,775536,2026-06-22T23:30:00-07:00,775536_1782196200_H30,774344,Oracle (reference only),8.882160186767578,5,,,False
validation,775536,2026-06-22T23:35:00-07:00,775536_1782196500_H30,718405,Oracle (reference only),7.443389892578125,1,,,False
validation,775536,2026-06-22T23:35:00-07:00,775536_1782196500_H30,759858,Oracle (reference only),7.443389892578125,2,,,False
validation,775536,2026-06-22T23:35:00-07:00,775536_1782196500_H30,759870,Oracle (reference only),9.846111297607422,3,,,False
validation,775536,2026-06-22T23:35:00-07:00,775536_1782196500_H30,768701,Oracle (reference only),9.953720092773438,4,,,False
validation,775536,2026-06-22T23:35:00-07:00,775536_1782196500_H30,774344,Oracle (reference only),12.346569061279297,5,,,False
validation,775536,2026-06-22T23:40:00-07:00,775536_1782196800_H30,718405,Oracle (reference only),7.09967041015625,1,,,False
validation,775536,2026-06-22T23:40:00-07:00,775536_1782196800_H30,759858,Oracle (reference only),7.09967041015625,2,,,False
validation,775536,2026-06-22T23:40:00-07:00,775536_1782196800_H30,768701,Oracle (reference only),9.478973388671877,3,,,False
validation,775536,2026-06-22T23:40:00-07:00,775536_1782196800_H30,759870,Oracle (reference only),10.622406005859377,4,,,False
validation,775536,2026-06-22T23:40:00-07:00,775536_1782196800_H30,774344,Oracle (reference only),11.747512817382812,5,,,False
validation,775536,2026-06-22T23:45:00-07:00,775536_1782197100_H30,718405,Oracle (reference only),7.487525939941406,1,,,False
validation,775536,2026-06-22T23:45:00-07:00,775536_1782197100_H30,759858,Oracle (reference only),7.487525939941406,2,,,False
validation,775536,2026-06-22T23:45:00-07:00,775536_1782197100_H30,768701,Oracle (reference only),9.175006866455078,3,,,False
validation,775536,2026-06-22T23:45:00-07:00,775536_1782197100_H30,759870,Oracle (reference only),9.902374267578123,4,,,False
validation,775536,2026-06-22T23:45:00-07:00,775536_1782197100_H30,774344,Oracle (reference only),11.862632751464844,5,,,False
validation,775536,2026-06-22T23:50:00-07:00,775536_1782197400_H30,718405,Oracle (reference only),4.67864990234375,1,,,False
validation,775536,2026-06-22T23:50:00-07:00,775536_1782197400_H30,759858,Oracle (reference only),4.67864990234375,2,,,False
validation,775536,2026-06-22T23:50:00-07:00,775536_1782197400_H30,759870,Oracle (reference only),7.180717468261719,3,,,False
validation,775536,2026-06-22T23:50:00-07:00,775536_1782197400_H30,768701,Oracle (reference only),7.416790008544922,4,,,False
validation,775536,2026-06-22T23:50:00-07:00,775536_1782197400_H30,774344,Oracle (reference only),8.536449432373047,5,,,False
validation,775536,2026-06-22T23:55:00-07:00,775536_1782197700_H30,718405,Oracle (reference only),2.8359146118164062,1,,,False
validation,775536,2026-06-22T23:55:00-07:00,775536_1782197700_H30,759858,Oracle (reference only),2.8359146118164062,2,,,False
validation,775536,2026-06-22T23:55:00-07:00,775536_1782197700_H30,768701,Oracle (reference only),4.546878814697266,3,,,False
validation,775536,2026-06-22T23:55:00-07:00,775536_1782197700_H30,759870,Oracle (reference only),5.351749420166016,4,,,False
validation,775536,2026-06-22T23:55:00-07:00,775536_1782197700_H30,774344,Oracle (reference only),6.718711853027344,5,,,False
validation,775536,2026-06-26T23:30:00-07:00,775536_1782541800_H30,768701,Oracle (reference only),6.690624237060547,1,,,False
validation,775536,2026-06-26T23:30:00-07:00,775536_1782541800_H30,759870,Oracle (reference only),7.001758575439453,2,,,False
validation,775536,2026-06-26T23:30:00-07:00,775536_1782541800_H30,774344,Oracle (reference only),7.198062896728516,3,,,False
validation,775536,2026-06-26T23:30:00-07:00,775536_1782541800_H30,718405,Oracle (reference only),7.755794525146484,4,,,False
validation,775536,2026-06-26T23:30:00-07:00,775536_1782541800_H30,759858,Oracle (reference only),7.755794525146484,5,,,False
validation,775536,2026-06-26T23:35:00-07:00,775536_1782542100_H30,768701,Oracle (reference only),5.341968536376953,1,,,False
validation,775536,2026-06-26T23:35:00-07:00,775536_1782542100_H30,759870,Oracle (reference only),5.639072418212891,2,,,False
validation,775536,2026-06-26T23:35:00-07:00,775536_1782542100_H30,774344,Oracle (reference only),6.096004486083984,3,,,False
validation,775536,2026-06-26T23:35:00-07:00,775536_1782542100_H30,718405,Oracle (reference only),6.639743804931641,4,,,False
validation,775536,2026-06-26T23:35:00-07:00,775536_1782542100_H30,759858,Oracle (reference only),6.639743804931641,5,,,False
validation,775536,2026-06-26T23:40:00-07:00,775536_1782542400_H30,768701,Oracle (reference only),6.455196380615234,1,,,False
validation,775536,2026-06-26T23:40:00-07:00,775536_1782542400_H30,759870,Oracle (reference only),6.6530609130859375,2,,,False
validation,775536,2026-06-26T23:40:00-07:00,775536_1782542400_H30,774344,Oracle (reference only),7.237983703613281,3,,,False
validation,775536,2026-06-26T23:40:00-07:00,775536_1782542400_H30,718405,Oracle (reference only),7.586502075195312,4,,,False
validation,775536,2026-06-26T23:40:00-07:00,775536_1782542400_H30,759858,Oracle (reference only),7.586502075195312,5,,,False
validation,775536,2026-06-26T23:45:00-07:00,775536_1782542700_H30,759870,Oracle (reference only),2.760845184326172,1,,,False
validation,775536,2026-06-26T23:45:00-07:00,775536_1782542700_H30,768701,Oracle (reference only),3.1729965209960938,2,,,False
validation,775536,2026-06-26T23:45:00-07:00,775536_1782542700_H30,774344,Oracle (reference only),4.208507537841797,3,,,False
validation,775536,2026-06-26T23:45:00-07:00,775536_1782542700_H30,718405,Oracle (reference only),4.582660675048828,4,,,False
validation,775536,2026-06-26T23:45:00-07:00,775536_1782542700_H30,759858,Oracle (reference only),4.582660675048828,5,,,False
validation,775536,2026-06-26T23:50:00-07:00,775536_1782543000_H30,759870,Oracle (reference only),4.496604919433594,1,,,False
validation,775536,2026-06-26T23:50:00-07:00,775536_1782543000_H30,768701,Oracle (reference only),4.838722229003906,2,,,False
validation,775536,2026-06-26T23:50:00-07:00,775536_1782543000_H30,774344,Oracle (reference only),6.224422454833984,3,,,False
validation,775536,2026-06-26T23:50:00-07:00,775536_1782543000_H30,718405,Oracle (reference only),6.734905242919922,4,,,False
validation,775536,2026-06-26T23:50:00-07:00,775536_1782543000_H30,759858,Oracle (reference only),6.734905242919922,5,,,False
validation,775536,2026-06-26T23:55:00-07:00,775536_1782543300_H30,759870,Oracle (reference only),6.547634124755859,1,,,False
validation,775536,2026-06-26T23:55:00-07:00,775536_1782543300_H30,768701,Oracle (reference only),6.933292388916016,2,,,False
validation,775536,2026-06-26T23:55:00-07:00,775536_1782543300_H30,774344,Oracle (reference only),8.34854507446289,3,,,False
validation,775536,2026-06-26T23:55:00-07:00,775536_1782543300_H30,718405,Oracle (reference only),8.909114837646484,4,,,False
validation,775536,2026-06-26T23:55:00-07:00,775536_1782543300_H30,759858,Oracle (reference only),8.909114837646484,5,,,False
