sample_id,target_station,timestamp,timestamp_utc,selected_source,raw_regret_mph,exact_top1_hit,jev_raw_confidence,y_near_oracle,calibration_split,development_only
775536_1780468200_H30,775536,2026-06-02T23:30:00-07:00,2026-06-03 06:30:00+00:00,768701,0.0066452026367191,False,0.0044476086829504,1,CAL_FIT,True
775536_1780468500_H30,775536,2026-06-02T23:35:00-07:00,2026-06-03 06:35:00+00:00,768701,0.5050849914550781,False,0.0053529901366153,0,CAL_FIT,True
775536_1780468800_H30,775536,2026-06-02T23:40:00-07:00,2026-06-03 06:40:00+00:00,774344,0.1420593261718752,False,0.0016794452753201,1,CAL_FIT,True
775536_1780469100_H30,775536,2026-06-02T23:45:00-07:00,2026-06-03 06:45:00+00:00,768701,0.2504730224609375,False,0.0014731695809245,1,CAL_FIT,True
775536_1780469400_H30,775536,2026-06-02T23:50:00-07:00,2026-06-03 06:50:00+00:00,774344,0.0,True,0.0011479240478536,1,CAL_FIT,True
775536_1780469700_H30,775536,2026-06-02T23:55:00-07:00,2026-06-03 06:55:00+00:00,768701,0.3372840881347656,False,0.0039237495849545,1,CAL_FIT,True
717373_1780518900_H30,717373,2026-06-03T13:35:00-07:00,2026-06-03 20:35:00+00:00,717381,2.318099975585937,False,0.013894508241279,0,CAL_FIT,True
717374_1780518900_H30,717374,2026-06-03T13:35:00-07:00,2026-06-03 20:35:00+00:00,717368,0.0,True,0.0014470092543436,1,CAL_FIT,True
718259_1780518900_H30,718259,2026-06-03T13:35:00-07:00,2026-06-03 20:35:00+00:00,716663,8.369987487792969,False,0.0016413893905001,0,CAL_FIT,True
764001_1780518900_H30,764001,2026-06-03T13:35:00-07:00,2026-06-03 20:35:00+00:00,717848,1.5391082763671875,False,0.0041765534931025,0,CAL_FIT,True
764819_1780518900_H30,764819,2026-06-03T13:35:00-07:00,2026-06-03 20:35:00+00:00,776465,6.321773529052734,False,0.0265551166002528,0,CAL_FIT,True
765150_1780518900_H30,765150,2026-06-03T13:35:00-07:00,2026-06-03 20:35:00+00:00,764814,0.0,True,0.1325289764280482,1,CAL_FIT,True
770141_1780519200_H30,770141,2026-06-03T13:40:00-07:00,2026-06-03 20:40:00+00:00,770129,0.0367393493652343,False,0.0689737665876351,1,CAL_FIT,True
770141_1780519500_H30,770141,2026-06-03T13:45:00-07:00,2026-06-03 20:45:00+00:00,770129,0.0,True,0.151565943410582,1,CAL_FIT,True
770141_1780519800_H30,770141,2026-06-03T13:50:00-07:00,2026-06-03 20:50:00+00:00,770129,0.0,True,0.1390590638549229,1,CAL_FIT,True
770141_1780520100_H30,770141,2026-06-03T13:55:00-07:00,2026-06-03 20:55:00+00:00,770129,0.0877723693847656,False,0.1669564390136154,1,CAL_FIT,True
770141_1780520400_H30,770141,2026-06-03T14:00:00-07:00,2026-06-03 21:00:00+00:00,770129,0.0044441223144531,False,0.1756777607716239,1,CAL_FIT,True
770141_1780520700_H30,770141,2026-06-03T14:05:00-07:00,2026-06-03 21:05:00+00:00,770129,1.0387496948242188,False,0.0919371538498737,0,CAL_FIT,True
765501_1780525500_H30,765501,2026-06-03T15:25:00-07:00,2026-06-03 22:25:00+00:00,773773,0.0,True,0.0083512907277289,1,CAL_FIT,True
765501_1780525800_H30,765501,2026-06-03T15:30:00-07:00,2026-06-03 22:30:00+00:00,773773,2.383800506591797,False,0.0083512907277289,0,CAL_FIT,True
765501_1780526100_H30,765501,2026-06-03T15:35:00-07:00,2026-06-03 22:35:00+00:00,773773,9.342048645019531,False,0.0083512907277289,0,CAL_FIT,True
765501_1780526400_H30,765501,2026-06-03T15:40:00-07:00,2026-06-03 22:40:00+00:00,773773,6.361301422119139,False,0.0083512907277289,0,CAL_FIT,True
765501_1780526700_H30,765501,2026-06-03T15:45:00-07:00,2026-06-03 22:45:00+00:00,773773,7.336635589599609,False,0.0083512907277289,0,CAL_FIT,True
765501_1780527000_H30,765501,2026-06-03T15:50:00-07:00,2026-06-03 22:50:00+00:00,773773,5.040615081787109,False,0.0083512907277289,0,CAL_FIT,True
769895_1780533000_H30,769895,2026-06-03T17:30:00-07:00,2026-06-04 00:30:00+00:00,769880,1.6779708862304688,False,0.0597963280116321,0,CAL_FIT,True
769965_1780533000_H30,769965,2026-06-03T17:30:00-07:00,2026-06-04 00:30:00+00:00,769926,11.538362503051756,False,0.0400218940597857,0,CAL_FIT,True
769895_1780533300_H30,769895,2026-06-03T17:35:00-07:00,2026-06-04 00:35:00+00:00,769880,0.0,True,0.007931117174571,1,CAL_FIT,True
769965_1780533300_H30,769965,2026-06-03T17:35:00-07:00,2026-06-04 00:35:00+00:00,769926,8.319944381713865,False,0.0307993076425338,0,CAL_FIT,True
769895_1780533600_H30,769895,2026-06-03T17:40:00-07:00,2026-06-04 00:40:00+00:00,769880,0.0,True,0.0248529875252315,1,CAL_FIT,True
769965_1780533600_H30,769965,2026-06-03T17:40:00-07:00,2026-06-04 00:40:00+00:00,770129,5.342498779296875,False,0.0099026561175247,0,CAL_FIT,True
769895_1780533900_H30,769895,2026-06-03T17:45:00-07:00,2026-06-04 00:45:00+00:00,769847,1.1218338012695312,False,0.0736045959252127,0,CAL_FIT,True
769965_1780533900_H30,769965,2026-06-03T17:45:00-07:00,2026-06-04 00:45:00+00:00,769926,12.122711181640623,False,0.0172117181360554,0,CAL_FIT,True
769895_1780534200_H30,769895,2026-06-03T17:50:00-07:00,2026-06-04 00:50:00+00:00,769866,0.0,True,0.1027968721546339,1,CAL_FIT,True
769965_1780534200_H30,769965,2026-06-03T17:50:00-07:00,2026-06-04 00:50:00+00:00,770129,1.45452880859375,False,0.0169484243468155,0,CAL_FIT,True
769895_1780534500_H30,769895,2026-06-03T17:55:00-07:00,2026-06-04 00:55:00+00:00,769866,0.0,True,0.0024046718288057,1,CAL_FIT,True
769965_1780534500_H30,769965,2026-06-03T17:55:00-07:00,2026-06-04 00:55:00+00:00,769926,6.71099853515625,False,0.0164468309252196,0,CAL_FIT,True
775536_1780538700_H30,775536,2026-06-03T19:05:00-07:00,2026-06-04 02:05:00+00:00,768701,7.484703063964844,False,0.0115079302333044,0,CAL_FIT,True
775536_1780539000_H30,775536,2026-06-03T19:10:00-07:00,2026-06-04 02:10:00+00:00,768701,5.697055816650391,False,0.0107474537419818,0,CAL_FIT,True
775536_1780539300_H30,775536,2026-06-03T19:15:00-07:00,2026-06-04 02:15:00+00:00,768701,2.639137268066406,False,0.0107072444032659,0,CAL_FIT,True
775536_1780539600_H30,775536,2026-06-03T19:20:00-07:00,2026-06-04 02:20:00+00:00,768701,0.3439292907714844,False,0.0105783962300174,1,CAL_FIT,True
775536_1780539900_H30,775536,2026-06-03T19:25:00-07:00,2026-06-04 02:25:00+00:00,768701,2.98099136352539,False,0.0109699646019166,0,CAL_FIT,True
775536_1780540200_H30,775536,2026-06-03T19:30:00-07:00,2026-06-04 02:30:00+00:00,768701,0.1432876586914062,False,0.0092736735396547,1,CAL_FIT,True
718130_1780554600_H30,718130,2026-06-03T23:30:00-07:00,2026-06-04 06:30:00+00:00,717373,0.6490859985351562,False,0.1444556655437035,0,CAL_FIT,True
765591_1780554600_H30,765591,2026-06-03T23:30:00-07:00,2026-06-04 06:30:00+00:00,717374,0.0,True,0.1021722589503999,1,CAL_FIT,True
718130_1780554900_H30,718130,2026-06-03T23:35:00-07:00,2026-06-04 06:35:00+00:00,717373,4.563468933105469,False,0.1899141459850314,0,CAL_FIT,True
765591_1780554900_H30,765591,2026-06-03T23:35:00-07:00,2026-06-04 06:35:00+00:00,717374,0.0,True,0.1049211088918702,1,CAL_FIT,True
718130_1780555200_H30,718130,2026-06-03T23:40:00-07:00,2026-06-04 06:40:00+00:00,717373,4.992786407470703,False,0.0646381416716462,0,CAL_FIT,True
765591_1780555200_H30,765591,2026-06-03T23:40:00-07:00,2026-06-04 06:40:00+00:00,717374,0.0,True,0.102466493376557,1,CAL_FIT,True
718130_1780555500_H30,718130,2026-06-03T23:45:00-07:00,2026-06-04 06:45:00+00:00,717373,5.052925109863281,False,0.0910974264994116,0,CAL_FIT,True
765591_1780555500_H30,765591,2026-06-03T23:45:00-07:00,2026-06-04 06:45:00+00:00,717374,0.0,True,0.0407007877392187,1,CAL_FIT,True
718130_1780555800_H30,718130,2026-06-03T23:50:00-07:00,2026-06-04 06:50:00+00:00,717373,4.748859405517578,False,0.069132142993845,0,CAL_FIT,True
765591_1780555800_H30,765591,2026-06-03T23:50:00-07:00,2026-06-04 06:50:00+00:00,717374,1.2605438232421875,False,0.0232449817259068,0,CAL_FIT,True
718130_1780556100_H30,718130,2026-06-03T23:55:00-07:00,2026-06-04 06:55:00+00:00,717373,4.900978088378906,False,0.0486517802166392,0,CAL_FIT,True
765591_1780556100_H30,765591,2026-06-03T23:55:00-07:00,2026-06-04 06:55:00+00:00,717374,4.102836608886719,False,0.1408346768870889,0,CAL_FIT,True
769895_1780641000_H30,769895,2026-06-04T23:30:00-07:00,2026-06-05 06:30:00+00:00,769880,0.0,True,0.0200419021090397,1,CAL_FIT,True
769965_1780641000_H30,769965,2026-06-04T23:30:00-07:00,2026-06-05 06:30:00+00:00,770129,0.1816482543945312,False,0.0537643971931783,1,CAL_FIT,True
769895_1780641300_H30,769895,2026-06-04T23:35:00-07:00,2026-06-05 06:35:00+00:00,769880,0.317413330078125,False,0.001613499538402,1,CAL_FIT,True
769965_1780641300_H30,769965,2026-06-04T23:35:00-07:00,2026-06-05 06:35:00+00:00,770129,0.618354797363281,False,0.0929535895959687,0,CAL_FIT,True
769895_1780641600_H30,769895,2026-06-04T23:40:00-07:00,2026-06-05 06:40:00+00:00,769847,0.6293182373046875,False,0.022034981868267,0,CAL_FIT,True
769965_1780641600_H30,769965,2026-06-04T23:40:00-07:00,2026-06-05 06:40:00+00:00,769867,1.47161865234375,False,0.0346270451245427,0,CAL_FIT,True
769895_1780641900_H30,769895,2026-06-04T23:45:00-07:00,2026-06-05 06:45:00+00:00,769866,0.0,True,0.0564517670344595,1,CAL_FIT,True
769965_1780641900_H30,769965,2026-06-04T23:45:00-07:00,2026-06-05 06:45:00+00:00,770129,0.6594085693359379,False,0.0495258046889857,0,CAL_FIT,True
769895_1780642200_H30,769895,2026-06-04T23:50:00-07:00,2026-06-05 06:50:00+00:00,769880,2.587615966796875,False,0.0550904852474041,0,CAL_FIT,True
769965_1780642200_H30,769965,2026-06-04T23:50:00-07:00,2026-06-05 06:50:00+00:00,770129,0.5646667480468754,False,0.0124406651832693,0,CAL_FIT,True
769895_1780642500_H30,769895,2026-06-04T23:55:00-07:00,2026-06-05 06:55:00+00:00,769866,1.2469406127929688,False,0.0149180057012298,0,CAL_FIT,True
769965_1780642500_H30,769965,2026-06-04T23:55:00-07:00,2026-06-05 06:55:00+00:00,770129,1.7441024780273438,False,0.0722564923305852,0,CAL_FIT,True
766712_1780727400_H30,766712,2026-06-05T23:30:00-07:00,2026-06-06 06:30:00+00:00,766703,0.0,True,0.1082078076811248,1,CAL_FIT,True
766712_1780727700_H30,766712,2026-06-05T23:35:00-07:00,2026-06-06 06:35:00+00:00,766703,0.0,True,0.1263174659185197,1,CAL_FIT,True
766712_1780728000_H30,766712,2026-06-05T23:40:00-07:00,2026-06-06 06:40:00+00:00,766703,0.0,True,0.131694460127521,1,CAL_FIT,True
766712_1780728300_H30,766712,2026-06-05T23:45:00-07:00,2026-06-06 06:45:00+00:00,766703,0.0,True,0.2334689125384738,1,CAL_FIT,True
766712_1780728600_H30,766712,2026-06-05T23:50:00-07:00,2026-06-06 06:50:00+00:00,764311,0.4814834594726571,False,0.0235077853881948,1,CAL_FIT,True
766712_1780728900_H30,766712,2026-06-05T23:55:00-07:00,2026-06-06 06:55:00+00:00,764311,0.013519287109375,False,0.0147549075804128,1,CAL_FIT,True
715938_1780755600_H30,715938,2026-06-06T07:20:00-07:00,2026-06-06 14:20:00+00:00,716929,2.7032508850097656,False,0.0330100966050457,0,CAL_FIT,True
716085_1780755600_H30,716085,2026-06-06T07:20:00-07:00,2026-06-06 14:20:00+00:00,716081,0.0,True,0.0043521432950383,1,CAL_FIT,True
716088_1780755600_H30,716088,2026-06-06T07:20:00-07:00,2026-06-06 14:20:00+00:00,717071,0.6521720886230469,False,0.0013038492440989,0,CAL_FIT,True
716091_1780755600_H30,716091,2026-06-06T07:20:00-07:00,2026-06-06 14:20:00+00:00,716088,0.2972412109375,False,0.0186528773548928,1,CAL_FIT,True
716152_1780755600_H30,716152,2026-06-06T07:20:00-07:00,2026-06-06 14:20:00+00:00,717190,0.4425582885742187,False,0.0059208949461308,1,CAL_FIT,True
716551_1780755600_H30,716551,2026-06-06T07:20:00-07:00,2026-06-06 14:20:00+00:00,716554,2.5413589477539062,False,0.0331775645114815,0,CAL_FIT,True
716554_1780755600_H30,716554,2026-06-06T07:20:00-07:00,2026-06-06 14:20:00+00:00,717582,0.3838729858398436,False,0.0471954634618475,1,CAL_FIT,True
716929_1780755600_H30,716929,2026-06-06T07:20:00-07:00,2026-06-06 14:20:00+00:00,715944,2.57364273071289,False,0.0581658702650713,0,CAL_FIT,True
716930_1780755600_H30,716930,2026-06-06T07:20:00-07:00,2026-06-06 14:20:00+00:00,716934,0.0115737915039062,False,0.023980402879151,1,CAL_FIT,True
716934_1780755600_H30,716934,2026-06-06T07:20:00-07:00,2026-06-06 14:20:00+00:00,759700,3.798107147216797,False,0.000842073469056,0,CAL_FIT,True
716986_1780755600_H30,716986,2026-06-06T07:20:00-07:00,2026-06-06 14:20:00+00:00,716991,0.0,True,0.0088812587483115,1,CAL_FIT,True
717075_1780755600_H30,717075,2026-06-06T07:20:00-07:00,2026-06-06 14:20:00+00:00,717077,0.5323944091796875,False,0.0503250412364024,0,CAL_FIT,True
717077_1780755600_H30,717077,2026-06-06T07:20:00-07:00,2026-06-06 14:20:00+00:00,717075,0.3483963012695313,False,0.0285022451529283,1,CAL_FIT,True
717083_1780755600_H30,717083,2026-06-06T07:20:00-07:00,2026-06-06 14:20:00+00:00,717077,0.113372802734375,False,0.003807878125267,1,CAL_FIT,True
717087_1780755600_H30,717087,2026-06-06T07:20:00-07:00,2026-06-06 14:20:00+00:00,717091,0.0,True,0.0170784949699793,1,CAL_FIT,True
717089_1780755600_H30,717089,2026-06-06T07:20:00-07:00,2026-06-06 14:20:00+00:00,717077,0.0,True,0.0079018275314745,1,CAL_FIT,True
717091_1780755600_H30,717091,2026-06-06T07:20:00-07:00,2026-06-06 14:20:00+00:00,716101,0.0,True,0.0090366285563002,1,CAL_FIT,True
717093_1780755600_H30,717093,2026-06-06T07:20:00-07:00,2026-06-06 14:20:00+00:00,717097,0.0,True,0.0182432476934193,1,CAL_FIT,True
717097_1780755600_H30,717097,2026-06-06T07:20:00-07:00,2026-06-06 14:20:00+00:00,717093,1.3035507202148438,False,0.0128427977623897,0,CAL_FIT,True
717101_1780755600_H30,717101,2026-06-06T07:20:00-07:00,2026-06-06 14:20:00+00:00,717095,0.0,True,0.0185422902562393,1,CAL_FIT,True
717108_1780755600_H30,717108,2026-06-06T07:20:00-07:00,2026-06-06 14:20:00+00:00,717095,1.0484848022460942,False,0.007949695532606,0,CAL_FIT,True
717112_1780755600_H30,717112,2026-06-06T07:20:00-07:00,2026-06-06 14:20:00+00:00,717095,1.0634307861328125,False,0.0015118680010495,0,CAL_FIT,True
717142_1780755600_H30,717142,2026-06-06T07:20:00-07:00,2026-06-06 14:20:00+00:00,774441,0.2588348388671875,False,0.0008187898422894,1,CAL_FIT,True
717150_1780755600_H30,717150,2026-06-06T07:20:00-07:00,2026-06-06 14:20:00+00:00,717154,0.0,True,0.0083440266118753,1,CAL_FIT,True
717154_1780755600_H30,717154,2026-06-06T07:20:00-07:00,2026-06-06 14:20:00+00:00,717150,0.0,True,0.0023845954308978,1,CAL_FIT,True
717160_1780755600_H30,717160,2026-06-06T07:20:00-07:00,2026-06-06 14:20:00+00:00,717162,3.008583068847656,False,0.0423553143161004,0,CAL_FIT,True
717174_1780755600_H30,717174,2026-06-06T07:20:00-07:00,2026-06-06 14:20:00+00:00,764222,0.5626068115234375,False,0.0215665411167978,0,CAL_FIT,True
717176_1780755600_H30,717176,2026-06-06T07:20:00-07:00,2026-06-06 14:20:00+00:00,764227,0.0,True,0.0207958563280914,1,CAL_FIT,True
717185_1780755600_H30,717185,2026-06-06T07:20:00-07:00,2026-06-06 14:20:00+00:00,717190,0.0,True,0.0580320487727144,1,CAL_FIT,True
717187_1780755600_H30,717187,2026-06-06T07:20:00-07:00,2026-06-06 14:20:00+00:00,717192,1.213470458984375,False,0.035563776605567,0,CAL_FIT,True
717190_1780755600_H30,717190,2026-06-06T07:20:00-07:00,2026-06-06 14:20:00+00:00,717185,0.0,True,0.0580153692820153,1,CAL_FIT,True
717192_1780755600_H30,717192,2026-06-06T07:20:00-07:00,2026-06-06 14:20:00+00:00,717187,0.0,True,0.0396865922109262,1,CAL_FIT,True
717195_1780755600_H30,717195,2026-06-06T07:20:00-07:00,2026-06-06 14:20:00+00:00,717198,0.8926849365234375,False,0.0385062901678104,0,CAL_FIT,True
717198_1780755600_H30,717198,2026-06-06T07:20:00-07:00,2026-06-06 14:20:00+00:00,717195,0.0,True,0.0314410829911561,1,CAL_FIT,True
717200_1780755600_H30,717200,2026-06-06T07:20:00-07:00,2026-06-06 14:20:00+00:00,717196,3.1090240478515625,False,0.0141735247791273,0,CAL_FIT,True
717219_1780755600_H30,717219,2026-06-06T07:20:00-07:00,2026-06-06 14:20:00+00:00,718119,4.356124877929688,False,0.0039068269865878,0,CAL_FIT,True
717240_1780755600_H30,717240,2026-06-06T07:20:00-07:00,2026-06-06 14:20:00+00:00,717246,0.0,True,0.0098839009493619,1,CAL_FIT,True
717241_1780755600_H30,717241,2026-06-06T07:20:00-07:00,2026-06-06 14:20:00+00:00,717247,2.480247497558594,False,0.0648547313660466,0,CAL_FIT,True
717246_1780755600_H30,717246,2026-06-06T07:20:00-07:00,2026-06-06 14:20:00+00:00,717249,2.577667236328125,False,0.0169661286295037,0,CAL_FIT,True
717249_1780755600_H30,717249,2026-06-06T07:20:00-07:00,2026-06-06 14:20:00+00:00,717246,0.5406684875488282,False,0.0109049162071331,0,CAL_FIT,True
717251_1780755600_H30,717251,2026-06-06T07:20:00-07:00,2026-06-06 14:20:00+00:00,717254,3.875740051269532,False,0.0083445792168297,0,CAL_FIT,True
717252_1780755600_H30,717252,2026-06-06T07:20:00-07:00,2026-06-06 14:20:00+00:00,717249,0.7909355163574219,False,0.0164530319684459,0,CAL_FIT,True
717254_1780755600_H30,717254,2026-06-06T07:20:00-07:00,2026-06-06 14:20:00+00:00,774729,0.097320556640625,False,0.0737622248816251,1,CAL_FIT,True
717258_1780755600_H30,717258,2026-06-06T07:20:00-07:00,2026-06-06 14:20:00+00:00,774728,0.0,True,0.0312517084324824,1,CAL_FIT,True
717373_1780755600_H30,717373,2026-06-06T07:20:00-07:00,2026-06-06 14:20:00+00:00,717381,0.1807022094726562,False,0.0005396319997439,1,CAL_FIT,True
717374_1780755600_H30,717374,2026-06-06T07:20:00-07:00,2026-06-06 14:20:00+00:00,717375,0.0,True,0.0021729398171265,1,CAL_FIT,True
717434_1780755600_H30,717434,2026-06-06T07:20:00-07:00,2026-06-06 14:20:00+00:00,717441,0.0,True,0.013444178255709,1,CAL_FIT,True
717435_1780755600_H30,717435,2026-06-06T07:20:00-07:00,2026-06-06 14:20:00+00:00,717433,0.9193191528320312,False,0.0009296158393318,0,CAL_FIT,True
717436_1780755600_H30,717436,2026-06-06T07:20:00-07:00,2026-06-06 14:20:00+00:00,717441,0.4380226135253906,False,0.0112953482504987,1,CAL_FIT,True
717440_1780755600_H30,717440,2026-06-06T07:20:00-07:00,2026-06-06 14:20:00+00:00,717435,0.9378814697265624,False,0.0227497414838036,0,CAL_FIT,True
717441_1780755600_H30,717441,2026-06-06T07:20:00-07:00,2026-06-06 14:20:00+00:00,759980,3.2141685485839844,False,0.0013249842760572,0,CAL_FIT,True
717472_1780755600_H30,717472,2026-06-06T07:20:00-07:00,2026-06-06 14:20:00+00:00,769373,1.3247604370117188,False,0.0031328822953253,0,CAL_FIT,True
717473_1780755600_H30,717473,2026-06-06T07:20:00-07:00,2026-06-06 14:20:00+00:00,717469,0.0,True,0.0012256853065693,1,CAL_FIT,True
717578_1780755600_H30,717578,2026-06-06T07:20:00-07:00,2026-06-06 14:20:00+00:00,717580,0.0,True,0.0438582492864301,1,CAL_FIT,True
717580_1780755600_H30,717580,2026-06-06T07:20:00-07:00,2026-06-06 14:20:00+00:00,717578,0.585174560546875,False,0.0344530810117375,0,CAL_FIT,True
717582_1780755600_H30,717582,2026-06-06T07:20:00-07:00,2026-06-06 14:20:00+00:00,716554,0.0,True,0.0679828967916764,1,CAL_FIT,True
717583_1780755600_H30,717583,2026-06-06T07:20:00-07:00,2026-06-06 14:20:00+00:00,717580,4.627460479736328,False,0.0295815869597825,0,CAL_FIT,True
717638_1780755600_H30,717638,2026-06-06T07:20:00-07:00,2026-06-06 14:20:00+00:00,717631,1.504608154296875,False,0.0040498623362179,0,CAL_FIT,True
717640_1780755600_H30,717640,2026-06-06T07:20:00-07:00,2026-06-06 14:20:00+00:00,717638,0.9663009643554688,False,0.0243503943208846,0,CAL_FIT,True
717646_1780755600_H30,717646,2026-06-06T07:20:00-07:00,2026-06-06 14:20:00+00:00,717659,2.791343688964844,False,0.0003872690070282,0,CAL_FIT,True
717650_1780755600_H30,717650,2026-06-06T07:20:00-07:00,2026-06-06 14:20:00+00:00,717654,0.80328369140625,False,0.0032863018622532,0,CAL_FIT,True
717654_1780755600_H30,717654,2026-06-06T07:20:00-07:00,2026-06-06 14:20:00+00:00,717659,0.0,True,0.0167325447919577,1,CAL_FIT,True
717673_1780755600_H30,717673,2026-06-06T07:20:00-07:00,2026-06-06 14:20:00+00:00,761374,2.267650604248047,False,0.0239224106161242,0,CAL_FIT,True
717674_1780755600_H30,717674,2026-06-06T07:20:00-07:00,2026-06-06 14:20:00+00:00,772888,4.321861267089844,False,0.0024549514466943,0,CAL_FIT,True
717790_1780755600_H30,717790,2026-06-06T07:20:00-07:00,2026-06-06 14:20:00+00:00,772455,0.0,True,0.0149841809861971,1,CAL_FIT,True
717956_1780755600_H30,717956,2026-06-06T07:20:00-07:00,2026-06-06 14:20:00+00:00,767678,3.384098052978516,False,0.1209934650670683,0,CAL_FIT,True
717989_1780755600_H30,717989,2026-06-06T07:20:00-07:00,2026-06-06 14:20:00+00:00,761776,2.7084197998046875,False,0.0186298241410628,0,CAL_FIT,True
718210_1780755600_H30,718210,2026-06-06T07:20:00-07:00,2026-06-06 14:20:00+00:00,761374,0.1371116638183598,False,0.052067269609091,1,CAL_FIT,True
718259_1780755600_H30,718259,2026-06-06T07:20:00-07:00,2026-06-06 14:20:00+00:00,716663,2.3910484313964844,False,0.0016414340729239,0,CAL_FIT,True
718287_1780755600_H30,718287,2026-06-06T07:20:00-07:00,2026-06-06 14:20:00+00:00,764578,0.0847091674804687,False,0.0098233968306855,1,CAL_FIT,True
718356_1780755600_H30,718356,2026-06-06T07:20:00-07:00,2026-06-06 14:20:00+00:00,774799,0.7718353271484375,False,0.003967491518196,0,CAL_FIT,True
718364_1780755600_H30,718364,2026-06-06T07:20:00-07:00,2026-06-06 14:20:00+00:00,716924,1.7084312438964844,False,0.0065261075837712,0,CAL_FIT,True
718375_1780755600_H30,718375,2026-06-06T07:20:00-07:00,2026-06-06 14:20:00+00:00,716958,1.815750122070312,False,0.0046705887241014,0,CAL_FIT,True
718496_1780755600_H30,718496,2026-06-06T07:20:00-07:00,2026-06-06 14:20:00+00:00,774204,0.0,True,0.0464594887322052,1,CAL_FIT,True
718499_1780755600_H30,718499,2026-06-06T07:20:00-07:00,2026-06-06 14:20:00+00:00,773906,1.4484558105468746,False,0.0044404438288318,0,CAL_FIT,True
737504_1780755600_H30,737504,2026-06-06T07:20:00-07:00,2026-06-06 14:20:00+00:00,717833,0.0,True,0.0033033039071447,1,CAL_FIT,True
759566_1780755600_H30,759566,2026-06-06T07:20:00-07:00,2026-06-06 14:20:00+00:00,763700,0.0,True,0.005457047941268,1,CAL_FIT,True
759762_1780755600_H30,759762,2026-06-06T07:20:00-07:00,2026-06-06 14:20:00+00:00,764417,1.7200241088867188,False,0.0045823266272691,0,CAL_FIT,True
759783_1780755600_H30,759783,2026-06-06T07:20:00-07:00,2026-06-06 14:20:00+00:00,716977,0.0,True,0.014685564179079,1,CAL_FIT,True
759980_1780755600_H30,759980,2026-06-06T07:20:00-07:00,2026-06-06 14:20:00+00:00,717441,1.7934188842773438,False,0.0573485700922361,0,CAL_FIT,True
760987_1780755600_H30,760987,2026-06-06T07:20:00-07:00,2026-06-06 14:20:00+00:00,773890,2.1137237548828125,False,0.0205776103372384,0,CAL_FIT,True
761003_1780755600_H30,761003,2026-06-06T07:20:00-07:00,2026-06-06 14:20:00+00:00,773953,3.1370620727539062,False,0.0055868297145071,0,CAL_FIT,True
761206_1780755600_H30,761206,2026-06-06T07:20:00-07:00,2026-06-06 14:20:00+00:00,761220,0.8206939697265621,False,6.531873296299841e-05,0,CAL_FIT,True
761356_1780755600_H30,761356,2026-06-06T07:20:00-07:00,2026-06-06 14:20:00+00:00,718210,0.0,True,0.0059480817530891,1,CAL_FIT,True
761374_1780755600_H30,761374,2026-06-06T07:20:00-07:00,2026-06-06 14:20:00+00:00,718210,0.0,True,0.0479265848812379,1,CAL_FIT,True
761552_1780755600_H30,761552,2026-06-06T07:20:00-07:00,2026-06-06 14:20:00+00:00,767827,1.1476364135742188,False,0.0092279056896655,0,CAL_FIT,True
761776_1780755600_H30,761776,2026-06-06T07:20:00-07:00,2026-06-06 14:20:00+00:00,717978,0.0682601928710937,False,0.0076549345015912,1,CAL_FIT,True
763479_1780755600_H30,763479,2026-06-06T07:20:00-07:00,2026-06-06 14:20:00+00:00,716172,4.958820343017578,False,0.0167873409064835,0,CAL_FIT,True
763558_1780755600_H30,763558,2026-06-06T07:20:00-07:00,2026-06-06 14:20:00+00:00,763563,3.2944259643554688,False,0.0283317767567651,0,CAL_FIT,True
763563_1780755600_H30,763563,2026-06-06T07:20:00-07:00,2026-06-06 14:20:00+00:00,763558,0.243743896484375,False,0.025677917258514,1,CAL_FIT,True
763573_1780755600_H30,763573,2026-06-06T07:20:00-07:00,2026-06-06 14:20:00+00:00,774878,0.3720855712890625,False,0.0067374831041439,1,CAL_FIT,True
763578_1780755600_H30,763578,2026-06-06T07:20:00-07:00,2026-06-06 14:20:00+00:00,774878,0.4058380126953129,False,0.0113232313444692,1,CAL_FIT,True
763583_1780755600_H30,763583,2026-06-06T07:20:00-07:00,2026-06-06 14:20:00+00:00,774878,0.24371337890625,False,0.0391483901803638,1,CAL_FIT,True
763649_1780755600_H30,763649,2026-06-06T07:20:00-07:00,2026-06-06 14:20:00+00:00,718052,0.0,True,0.0053649360939667,1,CAL_FIT,True
763683_1780755600_H30,763683,2026-06-06T07:20:00-07:00,2026-06-06 14:20:00+00:00,716834,0.2716560363769531,False,0.0034738321507791,1,CAL_FIT,True
764001_1780755600_H30,764001,2026-06-06T07:20:00-07:00,2026-06-06 14:20:00+00:00,717848,0.0305404663085937,False,0.0086723944920435,1,CAL_FIT,True
764096_1780755600_H30,764096,2026-06-06T07:20:00-07:00,2026-06-06 14:20:00+00:00,774799,0.0,True,0.0112971015798248,1,CAL_FIT,True
764222_1780755600_H30,764222,2026-06-06T07:20:00-07:00,2026-06-06 14:20:00+00:00,717174,0.1003723144531245,False,0.08205216800744,1,CAL_FIT,True
764276_1780755600_H30,764276,2026-06-06T07:20:00-07:00,2026-06-06 14:20:00+00:00,764269,0.3399505615234375,False,0.0016572333396468,1,CAL_FIT,True
764304_1780755600_H30,764304,2026-06-06T07:20:00-07:00,2026-06-06 14:20:00+00:00,764276,0.7240295410156259,False,0.0387185741816693,0,CAL_FIT,True
764578_1780755600_H30,764578,2026-06-06T07:20:00-07:00,2026-06-06 14:20:00+00:00,765153,0.0,True,0.0073156767031931,1,CAL_FIT,True
764814_1780755600_H30,764814,2026-06-06T07:20:00-07:00,2026-06-06 14:20:00+00:00,764824,0.8975448608398438,False,0.0018910420162167,0,CAL_FIT,True
764819_1780755600_H30,764819,2026-06-06T07:20:00-07:00,2026-06-06 14:20:00+00:00,776465,0.9131851196289062,False,0.0121146000939568,0,CAL_FIT,True
764824_1780755600_H30,764824,2026-06-06T07:20:00-07:00,2026-06-06 14:20:00+00:00,764814,2.7037811279296875,False,0.0372933413091464,0,CAL_FIT,True
764848_1780755600_H30,764848,2026-06-06T07:20:00-07:00,2026-06-06 14:20:00+00:00,764824,0.0,True,0.045788032527477,1,CAL_FIT,True
764915_1780755600_H30,764915,2026-06-06T07:20:00-07:00,2026-06-06 14:20:00+00:00,764910,0.0,True,0.0093176760457983,1,CAL_FIT,True
764932_1780755600_H30,764932,2026-06-06T07:20:00-07:00,2026-06-06 14:20:00+00:00,764891,1.513046264648437,False,0.0051954855745974,0,CAL_FIT,True
765150_1780755600_H30,765150,2026-06-06T07:20:00-07:00,2026-06-06 14:20:00+00:00,764814,0.0,True,0.0722189879665761,1,CAL_FIT,True
765153_1780755600_H30,765153,2026-06-06T07:20:00-07:00,2026-06-06 14:20:00+00:00,767827,0.0,True,0.0069361078493343,1,CAL_FIT,True
765456_1780755600_H30,765456,2026-06-06T07:20:00-07:00,2026-06-06 14:20:00+00:00,766642,0.914043426513672,False,0.0029760092017819,0,CAL_FIT,True
765461_1780755600_H30,765461,2026-06-06T07:20:00-07:00,2026-06-06 14:20:00+00:00,766642,2.638538360595703,False,0.0451639220626272,0,CAL_FIT,True
765501_1780755600_H30,765501,2026-06-06T07:20:00-07:00,2026-06-06 14:20:00+00:00,763616,0.0,True,0.0746768407413855,1,CAL_FIT,True
766642_1780755600_H30,766642,2026-06-06T07:20:00-07:00,2026-06-06 14:20:00+00:00,766602,3.188098907470703,False,0.0541883262178888,0,CAL_FIT,True
766703_1780755600_H30,766703,2026-06-06T07:20:00-07:00,2026-06-06 14:20:00+00:00,764311,0.0,True,0.0100453975435657,1,CAL_FIT,True
766712_1780755600_H30,766712,2026-06-06T07:20:00-07:00,2026-06-06 14:20:00+00:00,766703,1.5536880493164062,False,0.0517768659663573,0,CAL_FIT,True
766721_1780755600_H30,766721,2026-06-06T07:20:00-07:00,2026-06-06 14:20:00+00:00,766758,1.946327209472656,False,0.0014493866703127,0,CAL_FIT,True
766788_1780755600_H30,766788,2026-06-06T07:20:00-07:00,2026-06-06 14:20:00+00:00,774181,0.0,True,0.0122757772541554,1,CAL_FIT,True
766843_1780755600_H30,766843,2026-06-06T07:20:00-07:00,2026-06-06 14:20:00+00:00,766620,0.0,True,0.0576103479360344,1,CAL_FIT,True
767471_1780755600_H30,767471,2026-06-06T07:20:00-07:00,2026-06-06 14:20:00+00:00,718076,0.1422958374023442,False,0.0392481252184015,1,CAL_FIT,True
767542_1780755600_H30,767542,2026-06-06T07:20:00-07:00,2026-06-06 14:20:00+00:00,767573,1.172100067138672,False,0.0028176162062859,0,CAL_FIT,True
767554_1780755600_H30,767554,2026-06-06T07:20:00-07:00,2026-06-06 14:20:00+00:00,767541,1.7571563720703125,False,0.0217714388776667,0,CAL_FIT,True
767678_1780755600_H30,767678,2026-06-06T07:20:00-07:00,2026-06-06 14:20:00+00:00,717956,1.733943939208984,False,0.0114309379454637,0,CAL_FIT,True
767759_1780755600_H30,767759,2026-06-06T07:20:00-07:00,2026-06-06 14:20:00+00:00,767767,0.3929519653320313,False,0.0074508967472734,1,CAL_FIT,True
767760_1780755600_H30,767760,2026-06-06T07:20:00-07:00,2026-06-06 14:20:00+00:00,771673,6.667243957519531,False,0.0060253011626795,0,CAL_FIT,True
767810_1780755600_H30,767810,2026-06-06T07:20:00-07:00,2026-06-06 14:20:00+00:00,775302,3.265911102294922,False,5.350456326518732e-05,0,CAL_FIT,True
767811_1780755600_H30,767811,2026-06-06T07:20:00-07:00,2026-06-06 14:20:00+00:00,764937,0.2884750366210937,False,4.128284092352885e-08,1,CAL_FIT,True
768328_1780755600_H30,768328,2026-06-06T07:20:00-07:00,2026-06-06 14:20:00+00:00,717247,1.1967353820800783,False,0.0251289058834645,0,CAL_FIT,True
768339_1780755600_H30,768339,2026-06-06T07:20:00-07:00,2026-06-06 14:20:00+00:00,717252,0.3491287231445312,False,0.0176177091161996,1,CAL_FIT,True
768349_1780755600_H30,768349,2026-06-06T07:20:00-07:00,2026-06-06 14:20:00+00:00,717252,1.2364616394042969,False,0.0234965495099336,0,CAL_FIT,True
768779_1780755600_H30,768779,2026-06-06T07:20:00-07:00,2026-06-06 14:20:00+00:00,774890,2.9984092712402344,False,0.0,0,CAL_FIT,True
769788_1780755600_H30,769788,2026-06-06T07:20:00-07:00,2026-06-06 14:20:00+00:00,769806,0.3824615478515627,False,0.002018496372405,1,CAL_FIT,True
769847_1780755600_H30,769847,2026-06-06T07:20:00-07:00,2026-06-06 14:20:00+00:00,769831,1.03948974609375,False,0.0018742883051592,0,CAL_FIT,True
769880_1780755600_H30,769880,2026-06-06T07:20:00-07:00,2026-06-06 14:20:00+00:00,769866,3.6999664306640634,False,0.0185325165036617,0,CAL_FIT,True
769895_1780755600_H30,769895,2026-06-06T07:20:00-07:00,2026-06-06 14:20:00+00:00,769880,4.257904052734375,False,0.0007735603542769,0,CAL_FIT,True
769926_1780755600_H30,769926,2026-06-06T07:20:00-07:00,2026-06-06 14:20:00+00:00,770386,4.309730529785156,False,0.0025213137610779,0,CAL_FIT,True
769965_1780755600_H30,769965,2026-06-06T07:20:00-07:00,2026-06-06 14:20:00+00:00,770129,0.6333770751953125,False,0.0488163191721741,0,CAL_FIT,True
770061_1780755600_H30,770061,2026-06-06T07:20:00-07:00,2026-06-06 14:20:00+00:00,770556,0.3122787475585937,False,0.003786901703483,1,CAL_FIT,True
770089_1780755600_H30,770089,2026-06-06T07:20:00-07:00,2026-06-06 14:20:00+00:00,770103,0.6399154663085938,False,0.007700984540622,0,CAL_FIT,True
770129_1780755600_H30,770129,2026-06-06T07:20:00-07:00,2026-06-06 14:20:00+00:00,769965,1.1511917114257812,False,0.0371847759646374,0,CAL_FIT,True
770187_1780755600_H30,770187,2026-06-06T07:20:00-07:00,2026-06-06 14:20:00+00:00,770129,0.0,True,0.000506867061054,1,CAL_FIT,True
770275_1780755600_H30,770275,2026-06-06T07:20:00-07:00,2026-06-06 14:20:00+00:00,770290,0.0,True,0.0022232494447298,1,CAL_FIT,True
773890_1780755600_H30,773890,2026-06-06T07:20:00-07:00,2026-06-06 14:20:00+00:00,760987,0.0,True,0.0005555764340578,1,CAL_FIT,True
773927_1780755600_H30,773927,2026-06-06T07:20:00-07:00,2026-06-06 14:20:00+00:00,717580,0.0,True,0.0091538362265168,1,CAL_FIT,True
774204_1780755600_H30,774204,2026-06-06T07:20:00-07:00,2026-06-06 14:20:00+00:00,718496,0.0,True,0.0354508513644575,1,CAL_FIT,True
774491_1780755600_H30,774491,2026-06-06T07:20:00-07:00,2026-06-06 14:20:00+00:00,766642,0.0,True,0.0293535135774765,1,CAL_FIT,True
774728_1780755600_H30,774728,2026-06-06T07:20:00-07:00,2026-06-06 14:20:00+00:00,717258,0.8055953979492188,False,0.0268629826616141,0,CAL_FIT,True
774729_1780755600_H30,774729,2026-06-06T07:20:00-07:00,2026-06-06 14:20:00+00:00,717254,2.6214523315429688,False,0.0538617517024143,0,CAL_FIT,True
774877_1780755600_H30,774877,2026-06-06T07:20:00-07:00,2026-06-06 14:20:00+00:00,763563,2.808048248291016,False,0.017851086702159,0,CAL_FIT,True
774878_1780755600_H30,774878,2026-06-06T07:20:00-07:00,2026-06-06 14:20:00+00:00,763578,0.0314102172851566,False,0.0041522048021144,1,CAL_FIT,True
775029_1780755600_H30,775029,2026-06-06T07:20:00-07:00,2026-06-06 14:20:00+00:00,717162,3.5352706909179688,False,0.0264474236457958,0,CAL_FIT,True
775552_1780755600_H30,775552,2026-06-06T07:20:00-07:00,2026-06-06 14:20:00+00:00,717174,0.1281967163085937,False,0.0329285303875074,1,CAL_FIT,True
776465_1780755600_H30,776465,2026-06-06T07:20:00-07:00,2026-06-06 14:20:00+00:00,764819,1.5353088378906246,False,0.0092837299986646,0,CAL_FIT,True
776493_1780755600_H30,776493,2026-06-06T07:20:00-07:00,2026-06-06 14:20:00+00:00,776203,2.3818588256835938,False,0.0131483635717195,0,CAL_FIT,True
776751_1780755600_H30,776751,2026-06-06T07:20:00-07:00,2026-06-06 14:20:00+00:00,773024,0.0,True,0.0079956838528008,1,CAL_FIT,True
776752_1780755600_H30,776752,2026-06-06T07:20:00-07:00,2026-06-06 14:20:00+00:00,776136,0.0,True,0.0021296200671718,1,CAL_FIT,True
777212_1780755600_H30,777212,2026-06-06T07:20:00-07:00,2026-06-06 14:20:00+00:00,777223,1.2400741577148438,False,0.0065782371526166,0,CAL_FIT,True
715938_1780755900_H30,715938,2026-06-06T07:25:00-07:00,2026-06-06 14:25:00+00:00,716929,2.5988998413085938,False,0.0487910524020459,0,CAL_FIT,True
716085_1780755900_H30,716085,2026-06-06T07:25:00-07:00,2026-06-06 14:25:00+00:00,717070,0.8543853759765625,False,0.010695494439111,0,CAL_FIT,True
716088_1780755900_H30,716088,2026-06-06T07:25:00-07:00,2026-06-06 14:25:00+00:00,717071,2.113719940185547,False,0.0044730983628353,0,CAL_FIT,True
716091_1780755900_H30,716091,2026-06-06T07:25:00-07:00,2026-06-06 14:25:00+00:00,717081,0.4966812133789067,False,0.0008162772639042,1,CAL_FIT,True
716152_1780755900_H30,716152,2026-06-06T07:25:00-07:00,2026-06-06 14:25:00+00:00,717195,0.2954940795898437,False,0.0171622666203801,1,CAL_FIT,True
716551_1780755900_H30,716551,2026-06-06T07:25:00-07:00,2026-06-06 14:25:00+00:00,716554,4.265556335449219,False,0.0571470356839217,0,CAL_FIT,True
716554_1780755900_H30,716554,2026-06-06T07:25:00-07:00,2026-06-06 14:25:00+00:00,717582,0.9756011962890624,False,0.057139587654753,0,CAL_FIT,True
716929_1780755900_H30,716929,2026-06-06T07:25:00-07:00,2026-06-06 14:25:00+00:00,715944,2.730854034423828,False,0.0257907190990352,0,CAL_FIT,True
716930_1780755900_H30,716930,2026-06-06T07:25:00-07:00,2026-06-06 14:25:00+00:00,716934,0.1133956909179687,False,0.0143368920448997,1,CAL_FIT,True
716934_1780755900_H30,716934,2026-06-06T07:25:00-07:00,2026-06-06 14:25:00+00:00,759700,4.253047943115234,False,0.0017984067437716,0,CAL_FIT,True
716986_1780755900_H30,716986,2026-06-06T07:25:00-07:00,2026-06-06 14:25:00+00:00,716991,0.6675186157226562,False,0.0084061427420181,0,CAL_FIT,True
717075_1780755900_H30,717075,2026-06-06T07:25:00-07:00,2026-06-06 14:25:00+00:00,717077,0.2630386352539063,False,0.028742742009968,1,CAL_FIT,True
717077_1780755900_H30,717077,2026-06-06T07:25:00-07:00,2026-06-06 14:25:00+00:00,717075,1.149139404296875,False,0.0294456492549276,0,CAL_FIT,True
717083_1780755900_H30,717083,2026-06-06T07:25:00-07:00,2026-06-06 14:25:00+00:00,717084,8.327388763427734,False,0.0141139551894074,0,CAL_FIT,True
717087_1780755900_H30,717087,2026-06-06T07:25:00-07:00,2026-06-06 14:25:00+00:00,717091,0.0,True,0.0037647238672867,1,CAL_FIT,True
717089_1780755900_H30,717089,2026-06-06T07:25:00-07:00,2026-06-06 14:25:00+00:00,717084,6.685646057128906,False,0.0077901701616778,0,CAL_FIT,True
717091_1780755900_H30,717091,2026-06-06T07:25:00-07:00,2026-06-06 14:25:00+00:00,716101,0.6955032348632812,False,0.0149973408160429,0,CAL_FIT,True
717093_1780755900_H30,717093,2026-06-06T07:25:00-07:00,2026-06-06 14:25:00+00:00,717084,9.608428955078123,False,0.0061072340636631,0,CAL_FIT,True
717097_1780755900_H30,717097,2026-06-06T07:25:00-07:00,2026-06-06 14:25:00+00:00,717093,0.0,True,0.0058011919383683,1,CAL_FIT,True
717101_1780755900_H30,717101,2026-06-06T07:25:00-07:00,2026-06-06 14:25:00+00:00,717095,1.6102714538574223,False,0.0153689595816659,0,CAL_FIT,True
717108_1780755900_H30,717108,2026-06-06T07:25:00-07:00,2026-06-06 14:25:00+00:00,717095,1.436676025390625,False,0.0108779071723627,0,CAL_FIT,True
717112_1780755900_H30,717112,2026-06-06T07:25:00-07:00,2026-06-06 14:25:00+00:00,717095,1.435016632080078,False,0.0108612935056913,0,CAL_FIT,True
717142_1780755900_H30,717142,2026-06-06T07:25:00-07:00,2026-06-06 14:25:00+00:00,774441,0.0,True,0.0031285742871965,1,CAL_FIT,True
717150_1780755900_H30,717150,2026-06-06T07:25:00-07:00,2026-06-06 14:25:00+00:00,774441,0.7180099487304688,False,0.0014416464175183,0,CAL_FIT,True
717154_1780755900_H30,717154,2026-06-06T07:25:00-07:00,2026-06-06 14:25:00+00:00,767329,2.311767578125,False,0.0016886855518761,0,CAL_FIT,True
717160_1780755900_H30,717160,2026-06-06T07:25:00-07:00,2026-06-06 14:25:00+00:00,717162,4.162136077880859,False,0.0067907680634377,0,CAL_FIT,True
717174_1780755900_H30,717174,2026-06-06T07:25:00-07:00,2026-06-06 14:25:00+00:00,717179,1.0150527954101562,False,0.003275537977715,0,CAL_FIT,True
717176_1780755900_H30,717176,2026-06-06T07:25:00-07:00,2026-06-06 14:25:00+00:00,764227,2.868907928466797,False,0.0059278136972981,0,CAL_FIT,True
717185_1780755900_H30,717185,2026-06-06T07:25:00-07:00,2026-06-06 14:25:00+00:00,717190,1.4389381408691406,False,0.0137542934972547,0,CAL_FIT,True
717187_1780755900_H30,717187,2026-06-06T07:25:00-07:00,2026-06-06 14:25:00+00:00,717192,1.7182579040527348,False,0.0460605725008173,0,CAL_FIT,True
717190_1780755900_H30,717190,2026-06-06T07:25:00-07:00,2026-06-06 14:25:00+00:00,717185,0.5351791381835938,False,0.0041089685717518,0,CAL_FIT,True
717192_1780755900_H30,717192,2026-06-06T07:25:00-07:00,2026-06-06 14:25:00+00:00,717187,0.1775054931640625,False,0.0308992919664314,1,CAL_FIT,True
717195_1780755900_H30,717195,2026-06-06T07:25:00-07:00,2026-06-06 14:25:00+00:00,717198,0.354721069335937,False,0.0692347381766048,1,CAL_FIT,True
717198_1780755900_H30,717198,2026-06-06T07:25:00-07:00,2026-06-06 14:25:00+00:00,717195,0.1418685913085928,False,0.0714274871836838,1,CAL_FIT,True
717200_1780755900_H30,717200,2026-06-06T07:25:00-07:00,2026-06-06 14:25:00+00:00,717196,2.4686241149902344,False,0.0050105920688301,0,CAL_FIT,True
717219_1780755900_H30,717219,2026-06-06T07:25:00-07:00,2026-06-06 14:25:00+00:00,718119,5.587013244628906,False,0.0026310858944456,0,CAL_FIT,True
717240_1780755900_H30,717240,2026-06-06T07:25:00-07:00,2026-06-06 14:25:00+00:00,717245,0.929645538330078,False,0.0049209695806304,0,CAL_FIT,True
717241_1780755900_H30,717241,2026-06-06T07:25:00-07:00,2026-06-06 14:25:00+00:00,717247,1.8295593261718752,False,0.0830465195194376,0,CAL_FIT,True
717246_1780755900_H30,717246,2026-06-06T07:25:00-07:00,2026-06-06 14:25:00+00:00,717252,2.41556167602539,False,0.003466815441242,0,CAL_FIT,True
717249_1780755900_H30,717249,2026-06-06T07:25:00-07:00,2026-06-06 14:25:00+00:00,717252,0.110870361328125,False,0.0164035070607672,1,CAL_FIT,True
717251_1780755900_H30,717251,2026-06-06T07:25:00-07:00,2026-06-06 14:25:00+00:00,717254,3.4001121520996094,False,0.0172904834522123,0,CAL_FIT,True
717252_1780755900_H30,717252,2026-06-06T07:25:00-07:00,2026-06-06 14:25:00+00:00,717249,0.0,True,0.0067255574240431,1,CAL_FIT,True
717254_1780755900_H30,717254,2026-06-06T07:25:00-07:00,2026-06-06 14:25:00+00:00,774729,0.0,True,0.0782799830921008,1,CAL_FIT,True
717258_1780755900_H30,717258,2026-06-06T07:25:00-07:00,2026-06-06 14:25:00+00:00,774728,0.0,True,0.0078707538982997,1,CAL_FIT,True
717373_1780755900_H30,717373,2026-06-06T07:25:00-07:00,2026-06-06 14:25:00+00:00,717376,2.0307388305664062,False,0.0008282838551018,0,CAL_FIT,True
717374_1780755900_H30,717374,2026-06-06T07:25:00-07:00,2026-06-06 14:25:00+00:00,717375,0.0,True,0.0035117013293113,1,CAL_FIT,True
717434_1780755900_H30,717434,2026-06-06T07:25:00-07:00,2026-06-06 14:25:00+00:00,717436,2.802490234375,False,0.0058556059023034,0,CAL_FIT,True
717435_1780755900_H30,717435,2026-06-06T07:25:00-07:00,2026-06-06 14:25:00+00:00,717440,0.0848312377929687,False,0.0061695243804014,1,CAL_FIT,True
717436_1780755900_H30,717436,2026-06-06T07:25:00-07:00,2026-06-06 14:25:00+00:00,717441,0.3138847351074219,False,0.0083637097077728,1,CAL_FIT,True
717440_1780755900_H30,717440,2026-06-06T07:25:00-07:00,2026-06-06 14:25:00+00:00,717435,0.0,True,0.0141375736859027,1,CAL_FIT,True
717441_1780755900_H30,717441,2026-06-06T07:25:00-07:00,2026-06-06 14:25:00+00:00,759980,0.0,True,0.016123057753641,1,CAL_FIT,True
717472_1780755900_H30,717472,2026-06-06T07:25:00-07:00,2026-06-06 14:25:00+00:00,769373,0.0886917114257812,False,0.004811064770011,1,CAL_FIT,True
717473_1780755900_H30,717473,2026-06-06T07:25:00-07:00,2026-06-06 14:25:00+00:00,717469,0.0,True,0.003280334974004,1,CAL_FIT,True
717578_1780755900_H30,717578,2026-06-06T07:25:00-07:00,2026-06-06 14:25:00+00:00,717580,0.0,True,0.0294744991179997,1,CAL_FIT,True
717580_1780755900_H30,717580,2026-06-06T07:25:00-07:00,2026-06-06 14:25:00+00:00,717578,0.9149932861328124,False,0.0192212457750567,0,CAL_FIT,True
717582_1780755900_H30,717582,2026-06-06T07:25:00-07:00,2026-06-06 14:25:00+00:00,716554,0.0,True,0.098311768279436,1,CAL_FIT,True
717583_1780755900_H30,717583,2026-06-06T07:25:00-07:00,2026-06-06 14:25:00+00:00,717580,4.27557373046875,False,0.0282205829767663,0,CAL_FIT,True
717638_1780755900_H30,717638,2026-06-06T07:25:00-07:00,2026-06-06 14:25:00+00:00,717631,2.400398254394532,False,0.0032169994412973,0,CAL_FIT,True
717640_1780755900_H30,717640,2026-06-06T07:25:00-07:00,2026-06-06 14:25:00+00:00,717638,0.0,True,0.0306038948867824,1,CAL_FIT,True
717646_1780755900_H30,717646,2026-06-06T07:25:00-07:00,2026-06-06 14:25:00+00:00,717650,1.4966392517089844,False,0.0030692708464211,0,CAL_FIT,True
717650_1780755900_H30,717650,2026-06-06T07:25:00-07:00,2026-06-06 14:25:00+00:00,717659,0.6722030639648438,False,0.0001009516957055,0,CAL_FIT,True
717654_1780755900_H30,717654,2026-06-06T07:25:00-07:00,2026-06-06 14:25:00+00:00,717659,0.0,True,0.0141047523390652,1,CAL_FIT,True
717673_1780755900_H30,717673,2026-06-06T07:25:00-07:00,2026-06-06 14:25:00+00:00,761374,0.9529533386230468,False,0.023358892309383,0,CAL_FIT,True
717674_1780755900_H30,717674,2026-06-06T07:25:00-07:00,2026-06-06 14:25:00+00:00,772888,2.936412811279297,False,0.0024549514466943,0,CAL_FIT,True
717790_1780755900_H30,717790,2026-06-06T07:25:00-07:00,2026-06-06 14:25:00+00:00,717787,0.3620529174804687,False,0.0039576825202058,1,CAL_FIT,True
717956_1780755900_H30,717956,2026-06-06T07:25:00-07:00,2026-06-06 14:25:00+00:00,767678,1.9937973022460935,False,0.0581900734789955,0,CAL_FIT,True
717989_1780755900_H30,717989,2026-06-06T07:25:00-07:00,2026-06-06 14:25:00+00:00,761776,4.003467559814453,False,0.0217943155884233,0,CAL_FIT,True
718210_1780755900_H30,718210,2026-06-06T07:25:00-07:00,2026-06-06 14:25:00+00:00,761374,0.0,True,0.0410310827530605,1,CAL_FIT,True
718259_1780755900_H30,718259,2026-06-06T07:25:00-07:00,2026-06-06 14:25:00+00:00,716663,2.7726783752441406,False,0.0016414319483614,0,CAL_FIT,True
718287_1780755900_H30,718287,2026-06-06T07:25:00-07:00,2026-06-06 14:25:00+00:00,764578,0.5014724731445312,False,0.0205319129733731,0,CAL_FIT,True
718356_1780755900_H30,718356,2026-06-06T07:25:00-07:00,2026-06-06 14:25:00+00:00,774799,3.605262756347656,False,0.0043769790120529,0,CAL_FIT,True
718364_1780755900_H30,718364,2026-06-06T07:25:00-07:00,2026-06-06 14:25:00+00:00,716924,0.9551048278808594,False,0.0052636425115561,0,CAL_FIT,True
718375_1780755900_H30,718375,2026-06-06T07:25:00-07:00,2026-06-06 14:25:00+00:00,716958,1.119201660156251,False,0.0087322486943041,0,CAL_FIT,True
718496_1780755900_H30,718496,2026-06-06T07:25:00-07:00,2026-06-06 14:25:00+00:00,774204,0.0,True,0.0351047752910334,1,CAL_FIT,True
718499_1780755900_H30,718499,2026-06-06T07:25:00-07:00,2026-06-06 14:25:00+00:00,773870,1.8374786376953125,False,0.0005074275976567,0,CAL_FIT,True
737504_1780755900_H30,737504,2026-06-06T07:25:00-07:00,2026-06-06 14:25:00+00:00,717833,0.0,True,0.0033033039071447,1,CAL_FIT,True
759566_1780755900_H30,759566,2026-06-06T07:25:00-07:00,2026-06-06 14:25:00+00:00,763700,1.9910888671875004,False,0.0063314447260003,0,CAL_FIT,True
759762_1780755900_H30,759762,2026-06-06T07:25:00-07:00,2026-06-06 14:25:00+00:00,764417,1.4885597229003906,False,0.0056251948501974,0,CAL_FIT,True
759783_1780755900_H30,759783,2026-06-06T07:25:00-07:00,2026-06-06 14:25:00+00:00,716977,0.0,True,0.0100739368910683,1,CAL_FIT,True
759980_1780755900_H30,759980,2026-06-06T07:25:00-07:00,2026-06-06 14:25:00+00:00,717441,2.446304321289062,False,0.035575346453386,0,CAL_FIT,True
760987_1780755900_H30,760987,2026-06-06T07:25:00-07:00,2026-06-06 14:25:00+00:00,773890,0.3276824951171875,False,0.0392571181851803,1,CAL_FIT,True
761003_1780755900_H30,761003,2026-06-06T07:25:00-07:00,2026-06-06 14:25:00+00:00,773953,2.2269363403320312,False,0.0029116557938118,0,CAL_FIT,True
761206_1780755900_H30,761206,2026-06-06T07:25:00-07:00,2026-06-06 14:25:00+00:00,769772,0.0,True,0.0028349100414609,1,CAL_FIT,True
761356_1780755900_H30,761356,2026-06-06T07:25:00-07:00,2026-06-06 14:25:00+00:00,718210,0.0,True,0.0160979840308422,1,CAL_FIT,True
761374_1780755900_H30,761374,2026-06-06T07:25:00-07:00,2026-06-06 14:25:00+00:00,718210,0.0,True,0.0441221808896843,1,CAL_FIT,True
761552_1780755900_H30,761552,2026-06-06T07:25:00-07:00,2026-06-06 14:25:00+00:00,767827,0.7725296020507812,False,0.0078989209303821,0,CAL_FIT,True
761776_1780755900_H30,761776,2026-06-06T07:25:00-07:00,2026-06-06 14:25:00+00:00,717978,0.0,True,0.006092043016448,1,CAL_FIT,True
763479_1780755900_H30,763479,2026-06-06T07:25:00-07:00,2026-06-06 14:25:00+00:00,716172,4.261940002441407,False,0.0120036369218703,0,CAL_FIT,True
763558_1780755900_H30,763558,2026-06-06T07:25:00-07:00,2026-06-06 14:25:00+00:00,774866,0.7937545776367188,False,0.0014065167371752,0,CAL_FIT,True
763563_1780755900_H30,763563,2026-06-06T07:25:00-07:00,2026-06-06 14:25:00+00:00,763558,0.873260498046875,False,0.027756051448018,0,CAL_FIT,True
763573_1780755900_H30,763573,2026-06-06T07:25:00-07:00,2026-06-06 14:25:00+00:00,763578,0.0,True,0.021096538453254,1,CAL_FIT,True
763578_1780755900_H30,763578,2026-06-06T07:25:00-07:00,2026-06-06 14:25:00+00:00,763573,0.0,True,0.0059828648047869,1,CAL_FIT,True
763583_1780755900_H30,763583,2026-06-06T07:25:00-07:00,2026-06-06 14:25:00+00:00,774878,0.0,True,0.0106452748727803,1,CAL_FIT,True
763649_1780755900_H30,763649,2026-06-06T07:25:00-07:00,2026-06-06 14:25:00+00:00,718052,0.0,True,0.0047273195700679,1,CAL_FIT,True
763683_1780755900_H30,763683,2026-06-06T07:25:00-07:00,2026-06-06 14:25:00+00:00,717945,0.3757820129394531,False,0.0005721087292982,1,CAL_FIT,True
764001_1780755900_H30,764001,2026-06-06T07:25:00-07:00,2026-06-06 14:25:00+00:00,717848,0.0,True,0.0067059053710102,1,CAL_FIT,True
764096_1780755900_H30,764096,2026-06-06T07:25:00-07:00,2026-06-06 14:25:00+00:00,774799,0.0,True,0.007684315483498,1,CAL_FIT,True
764222_1780755900_H30,764222,2026-06-06T07:25:00-07:00,2026-06-06 14:25:00+00:00,717174,0.0844955444335937,False,0.0165526537965497,1,CAL_FIT,True
764276_1780755900_H30,764276,2026-06-06T07:25:00-07:00,2026-06-06 14:25:00+00:00,764269,1.0746688842773438,False,0.0067765013909087,0,CAL_FIT,True
764304_1780755900_H30,764304,2026-06-06T07:25:00-07:00,2026-06-06 14:25:00+00:00,764276,1.0133514404296875,False,0.0505237664365964,0,CAL_FIT,True
764578_1780755900_H30,764578,2026-06-06T07:25:00-07:00,2026-06-06 14:25:00+00:00,765153,0.0,True,0.0051237912490028,1,CAL_FIT,True
764814_1780755900_H30,764814,2026-06-06T07:25:00-07:00,2026-06-06 14:25:00+00:00,765150,0.4433975219726563,False,0.0175990924363156,1,CAL_FIT,True
764819_1780755900_H30,764819,2026-06-06T07:25:00-07:00,2026-06-06 14:25:00+00:00,776465,1.0952224731445312,False,0.0145779387430205,0,CAL_FIT,True
764824_1780755900_H30,764824,2026-06-06T07:25:00-07:00,2026-06-06 14:25:00+00:00,764814,0.0,True,0.0222456825896405,1,CAL_FIT,True
764848_1780755900_H30,764848,2026-06-06T07:25:00-07:00,2026-06-06 14:25:00+00:00,764824,0.0,True,0.0350099190149032,1,CAL_FIT,True
764915_1780755900_H30,764915,2026-06-06T07:25:00-07:00,2026-06-06 14:25:00+00:00,764910,0.0,True,0.0105355890400799,1,CAL_FIT,True
764932_1780755900_H30,764932,2026-06-06T07:25:00-07:00,2026-06-06 14:25:00+00:00,764915,0.0,True,0.006439443170719,1,CAL_FIT,True
765150_1780755900_H30,765150,2026-06-06T07:25:00-07:00,2026-06-06 14:25:00+00:00,764814,0.0,True,0.0624151348394269,1,CAL_FIT,True
765153_1780755900_H30,765153,2026-06-06T07:25:00-07:00,2026-06-06 14:25:00+00:00,767827,0.6831741333007812,False,0.004296532409962,0,CAL_FIT,True
765456_1780755900_H30,765456,2026-06-06T07:25:00-07:00,2026-06-06 14:25:00+00:00,774491,1.2757949829101562,False,0.0157460381102878,0,CAL_FIT,True
765461_1780755900_H30,765461,2026-06-06T07:25:00-07:00,2026-06-06 14:25:00+00:00,766642,0.976585388183594,False,0.0032902003868379,0,CAL_FIT,True
765501_1780755900_H30,765501,2026-06-06T07:25:00-07:00,2026-06-06 14:25:00+00:00,763616,0.7826766967773438,False,0.0678013881521024,0,CAL_FIT,True
766642_1780755900_H30,766642,2026-06-06T07:25:00-07:00,2026-06-06 14:25:00+00:00,766602,2.952011108398437,False,0.0664510741576569,0,CAL_FIT,True
766703_1780755900_H30,766703,2026-06-06T07:25:00-07:00,2026-06-06 14:25:00+00:00,764311,0.0,True,0.0045339289822022,1,CAL_FIT,True
766712_1780755900_H30,766712,2026-06-06T07:25:00-07:00,2026-06-06 14:25:00+00:00,764311,0.0,True,0.0001088181082284,1,CAL_FIT,True
766721_1780755900_H30,766721,2026-06-06T07:25:00-07:00,2026-06-06 14:25:00+00:00,764304,0.4239501953125,False,0.0018369544302659,1,CAL_FIT,True
766788_1780755900_H30,766788,2026-06-06T07:25:00-07:00,2026-06-06 14:25:00+00:00,774181,0.0,True,0.0108322500525177,1,CAL_FIT,True
766843_1780755900_H30,766843,2026-06-06T07:25:00-07:00,2026-06-06 14:25:00+00:00,766620,0.0,True,0.0474522395623476,1,CAL_FIT,True
767471_1780755900_H30,767471,2026-06-06T07:25:00-07:00,2026-06-06 14:25:00+00:00,718076,0.0,True,0.0049772419349518,1,CAL_FIT,True
767542_1780755900_H30,767542,2026-06-06T07:25:00-07:00,2026-06-06 14:25:00+00:00,767573,16.294471740722656,False,0.0028176162062859,0,CAL_FIT,True
767554_1780755900_H30,767554,2026-06-06T07:25:00-07:00,2026-06-06 14:25:00+00:00,767541,1.179534912109375,False,0.0070969143293342,0,CAL_FIT,True
767678_1780755900_H30,767678,2026-06-06T07:25:00-07:00,2026-06-06 14:25:00+00:00,717956,0.9692802429199214,False,0.0082793441036355,0,CAL_FIT,True
767759_1780755900_H30,767759,2026-06-06T07:25:00-07:00,2026-06-06 14:25:00+00:00,767767,0.2661972045898437,False,0.0082938022355394,1,CAL_FIT,True
767760_1780755900_H30,767760,2026-06-06T07:25:00-07:00,2026-06-06 14:25:00+00:00,771673,8.071731567382812,False,0.0081812743304007,0,CAL_FIT,True
767810_1780755900_H30,767810,2026-06-06T07:25:00-07:00,2026-06-06 14:25:00+00:00,764915,0.0,True,0.0195601987019956,1,CAL_FIT,True
767811_1780755900_H30,767811,2026-06-06T07:25:00-07:00,2026-06-06 14:25:00+00:00,764937,0.39483642578125,False,4.128284092352885e-08,1,CAL_FIT,True
768328_1780755900_H30,768328,2026-06-06T07:25:00-07:00,2026-06-06 14:25:00+00:00,717247,0.671478271484375,False,0.0145320696546776,0,CAL_FIT,True
768339_1780755900_H30,768339,2026-06-06T07:25:00-07:00,2026-06-06 14:25:00+00:00,717252,0.0,True,0.0466723641426504,1,CAL_FIT,True
768349_1780755900_H30,768349,2026-06-06T07:25:00-07:00,2026-06-06 14:25:00+00:00,717252,1.584259033203125,False,0.0423907065805565,0,CAL_FIT,True
768779_1780755900_H30,768779,2026-06-06T07:25:00-07:00,2026-06-06 14:25:00+00:00,774890,3.200302124023438,False,0.0,0,CAL_FIT,True
769788_1780755900_H30,769788,2026-06-06T07:25:00-07:00,2026-06-06 14:25:00+00:00,769806,0.2351684570312495,False,0.0095788268453948,1,CAL_FIT,True
769847_1780755900_H30,769847,2026-06-06T07:25:00-07:00,2026-06-06 14:25:00+00:00,770385,0.0,True,0.00450360665294,1,CAL_FIT,True
769880_1780755900_H30,769880,2026-06-06T07:25:00-07:00,2026-06-06 14:25:00+00:00,769847,0.6892166137695312,False,0.0118929689315638,0,CAL_FIT,True
769895_1780755900_H30,769895,2026-06-06T07:25:00-07:00,2026-06-06 14:25:00+00:00,769847,0.0,True,0.0037152893098741,1,CAL_FIT,True
769926_1780755900_H30,769926,2026-06-06T07:25:00-07:00,2026-06-06 14:25:00+00:00,769867,0.0,True,0.002510941717076,1,CAL_FIT,True
769965_1780755900_H30,769965,2026-06-06T07:25:00-07:00,2026-06-06 14:25:00+00:00,770129,0.4885025024414062,False,0.0503601576410479,1,CAL_FIT,True
770061_1780755900_H30,770061,2026-06-06T07:25:00-07:00,2026-06-06 14:25:00+00:00,770556,0.0,True,0.0086101454446794,1,CAL_FIT,True
770089_1780755900_H30,770089,2026-06-06T07:25:00-07:00,2026-06-06 14:25:00+00:00,770103,1.0729598999023438,False,0.005732191186351,0,CAL_FIT,True
770129_1780755900_H30,770129,2026-06-06T07:25:00-07:00,2026-06-06 14:25:00+00:00,769965,0.2447128295898438,False,0.0168773729979505,1,CAL_FIT,True
770187_1780755900_H30,770187,2026-06-06T07:25:00-07:00,2026-06-06 14:25:00+00:00,770200,0.5488662719726562,False,7.514535927220789e-05,0,CAL_FIT,True
770275_1780755900_H30,770275,2026-06-06T07:25:00-07:00,2026-06-06 14:25:00+00:00,770332,0.6507339477539062,False,0.0020531408315733,0,CAL_FIT,True
773890_1780755900_H30,773890,2026-06-06T07:25:00-07:00,2026-06-06 14:25:00+00:00,760987,0.0,True,0.0101539482738849,1,CAL_FIT,True
773927_1780755900_H30,773927,2026-06-06T07:25:00-07:00,2026-06-06 14:25:00+00:00,717580,0.7114181518554688,False,0.0101049270214831,0,CAL_FIT,True
774204_1780755900_H30,774204,2026-06-06T07:25:00-07:00,2026-06-06 14:25:00+00:00,718496,0.0,True,0.0294267418381547,1,CAL_FIT,True
774491_1780755900_H30,774491,2026-06-06T07:25:00-07:00,2026-06-06 14:25:00+00:00,766602,2.602825164794922,False,0.0063433230167189,0,CAL_FIT,True
774728_1780755900_H30,774728,2026-06-06T07:25:00-07:00,2026-06-06 14:25:00+00:00,717258,0.1511039733886718,False,0.0012459139210597,1,CAL_FIT,True
774729_1780755900_H30,774729,2026-06-06T07:25:00-07:00,2026-06-06 14:25:00+00:00,717254,2.5926437377929683,False,0.0801588525928118,0,CAL_FIT,True
774877_1780755900_H30,774877,2026-06-06T07:25:00-07:00,2026-06-06 14:25:00+00:00,763558,0.9314498901367188,False,0.0112193247994566,0,CAL_FIT,True
774878_1780755900_H30,774878,2026-06-06T07:25:00-07:00,2026-06-06 14:25:00+00:00,763578,0.2379531860351562,False,0.0133551904730654,1,CAL_FIT,True
775029_1780755900_H30,775029,2026-06-06T07:25:00-07:00,2026-06-06 14:25:00+00:00,717167,0.069732666015625,False,0.008664671341701,1,CAL_FIT,True
775552_1780755900_H30,775552,2026-06-06T07:25:00-07:00,2026-06-06 14:25:00+00:00,717174,0.2655563354492187,False,0.0098635812102972,1,CAL_FIT,True
776465_1780755900_H30,776465,2026-06-06T07:25:00-07:00,2026-06-06 14:25:00+00:00,764808,0.0,True,0.0001037421497987,1,CAL_FIT,True
776493_1780755900_H30,776493,2026-06-06T07:25:00-07:00,2026-06-06 14:25:00+00:00,776203,1.0762405395507804,False,0.009882227947701,0,CAL_FIT,True
776751_1780755900_H30,776751,2026-06-06T07:25:00-07:00,2026-06-06 14:25:00+00:00,773024,0.0,True,0.0062815843964188,1,CAL_FIT,True
776752_1780755900_H30,776752,2026-06-06T07:25:00-07:00,2026-06-06 14:25:00+00:00,776136,0.0,True,0.0034151907341001,1,CAL_FIT,True
777212_1780755900_H30,777212,2026-06-06T07:25:00-07:00,2026-06-06 14:25:00+00:00,777223,0.0,True,0.0070191103732134,1,CAL_FIT,True
715938_1780756200_H30,715938,2026-06-06T07:30:00-07:00,2026-06-06 14:30:00+00:00,716929,2.944740295410156,False,0.0109489257354823,0,CAL_FIT,True
716085_1780756200_H30,716085,2026-06-06T07:30:00-07:00,2026-06-06 14:30:00+00:00,717070,1.0354232788085938,False,0.0099555113547563,0,CAL_FIT,True
716088_1780756200_H30,716088,2026-06-06T07:30:00-07:00,2026-06-06 14:30:00+00:00,716091,0.0,True,0.0006929161188671,1,CAL_FIT,True
716091_1780756200_H30,716091,2026-06-06T07:30:00-07:00,2026-06-06 14:30:00+00:00,716088,0.3901443481445312,False,0.0163923379538943,1,CAL_FIT,True
716152_1780756200_H30,716152,2026-06-06T07:30:00-07:00,2026-06-06 14:30:00+00:00,717195,0.0,True,0.0010635892795834,1,CAL_FIT,True
716551_1780756200_H30,716551,2026-06-06T07:30:00-07:00,2026-06-06 14:30:00+00:00,716554,5.17578125,False,0.0456481894275018,0,CAL_FIT,True
716554_1780756200_H30,716554,2026-06-06T07:30:00-07:00,2026-06-06 14:30:00+00:00,717582,0.1697616577148437,False,0.0510954202782352,1,CAL_FIT,True
716929_1780756200_H30,716929,2026-06-06T07:30:00-07:00,2026-06-06 14:30:00+00:00,715944,1.5211257934570312,False,0.0455781203256793,0,CAL_FIT,True
716930_1780756200_H30,716930,2026-06-06T07:30:00-07:00,2026-06-06 14:30:00+00:00,718085,1.8580284118652348,False,0.0027896029292235,0,CAL_FIT,True
716934_1780756200_H30,716934,2026-06-06T07:30:00-07:00,2026-06-06 14:30:00+00:00,716936,0.0,True,0.0019810193315629,1,CAL_FIT,True
716986_1780756200_H30,716986,2026-06-06T07:30:00-07:00,2026-06-06 14:30:00+00:00,716989,1.107086181640625,False,0.0001875491355695,0,CAL_FIT,True
717075_1780756200_H30,717075,2026-06-06T07:30:00-07:00,2026-06-06 14:30:00+00:00,717077,1.1036682128906252,False,0.0171692642268661,0,CAL_FIT,True
717077_1780756200_H30,717077,2026-06-06T07:30:00-07:00,2026-06-06 14:30:00+00:00,717075,1.016632080078125,False,0.0306030230806408,0,CAL_FIT,True
717083_1780756200_H30,717083,2026-06-06T07:30:00-07:00,2026-06-06 14:30:00+00:00,717084,9.089027404785156,False,0.0172238782249365,0,CAL_FIT,True
717087_1780756200_H30,717087,2026-06-06T07:30:00-07:00,2026-06-06 14:30:00+00:00,717091,0.0,True,0.0152842128902265,1,CAL_FIT,True
717089_1780756200_H30,717089,2026-06-06T07:30:00-07:00,2026-06-06 14:30:00+00:00,717084,7.564414978027344,False,0.0158247347853548,0,CAL_FIT,True
717091_1780756200_H30,717091,2026-06-06T07:30:00-07:00,2026-06-06 14:30:00+00:00,716101,1.25555419921875,False,0.0029710442943546,0,CAL_FIT,True
717093_1780756200_H30,717093,2026-06-06T07:30:00-07:00,2026-06-06 14:30:00+00:00,717097,1.7041282653808594,False,0.0020751304974275,0,CAL_FIT,True
717097_1780756200_H30,717097,2026-06-06T07:30:00-07:00,2026-06-06 14:30:00+00:00,717093,0.257232666015625,False,0.0147615485953267,1,CAL_FIT,True
717101_1780756200_H30,717101,2026-06-06T07:30:00-07:00,2026-06-06 14:30:00+00:00,717095,1.1133651733398438,False,0.0130161065648232,0,CAL_FIT,True
717108_1780756200_H30,717108,2026-06-06T07:30:00-07:00,2026-06-06 14:30:00+00:00,717101,1.250762939453125,False,0.0026903852389535,0,CAL_FIT,True
717112_1780756200_H30,717112,2026-06-06T07:30:00-07:00,2026-06-06 14:30:00+00:00,717108,1.6803207397460933,False,0.0045124425943469,0,CAL_FIT,True
717142_1780756200_H30,717142,2026-06-06T07:30:00-07:00,2026-06-06 14:30:00+00:00,774441,0.7834625244140625,False,0.0042860256534742,0,CAL_FIT,True
717150_1780756200_H30,717150,2026-06-06T07:30:00-07:00,2026-06-06 14:30:00+00:00,774441,0.7278060913085938,False,0.0017023021293561,0,CAL_FIT,True
717154_1780756200_H30,717154,2026-06-06T07:30:00-07:00,2026-06-06 14:30:00+00:00,767329,3.7523422241210938,False,0.0038572191230309,0,CAL_FIT,True
717160_1780756200_H30,717160,2026-06-06T07:30:00-07:00,2026-06-06 14:30:00+00:00,717162,4.817249298095703,False,0.0048972718252726,0,CAL_FIT,True
717174_1780756200_H30,717174,2026-06-06T07:30:00-07:00,2026-06-06 14:30:00+00:00,764222,1.4334793090820312,False,0.0144839557012686,0,CAL_FIT,True
717176_1780756200_H30,717176,2026-06-06T07:30:00-07:00,2026-06-06 14:30:00+00:00,764227,3.3497085571289062,False,0.0108481520492115,0,CAL_FIT,True
717185_1780756200_H30,717185,2026-06-06T07:30:00-07:00,2026-06-06 14:30:00+00:00,717190,1.803203582763672,False,0.0177237452393484,0,CAL_FIT,True
717187_1780756200_H30,717187,2026-06-06T07:30:00-07:00,2026-06-06 14:30:00+00:00,717192,1.3016777038574223,False,0.0249612340547696,0,CAL_FIT,True
717190_1780756200_H30,717190,2026-06-06T07:30:00-07:00,2026-06-06 14:30:00+00:00,717185,1.4410896301269531,False,0.0146722868128694,0,CAL_FIT,True
717192_1780756200_H30,717192,2026-06-06T07:30:00-07:00,2026-06-06 14:30:00+00:00,717187,0.0,True,0.0133085652309692,1,CAL_FIT,True
717195_1780756200_H30,717195,2026-06-06T07:30:00-07:00,2026-06-06 14:30:00+00:00,717198,0.9942550659179688,False,0.0435733274279043,0,CAL_FIT,True
717198_1780756200_H30,717198,2026-06-06T07:30:00-07:00,2026-06-06 14:30:00+00:00,717195,0.9737434387207028,False,0.0358425377916367,0,CAL_FIT,True
717200_1780756200_H30,717200,2026-06-06T07:30:00-07:00,2026-06-06 14:30:00+00:00,717196,3.842273712158203,False,0.0409733454204035,0,CAL_FIT,True
717219_1780756200_H30,717219,2026-06-06T07:30:00-07:00,2026-06-06 14:30:00+00:00,718119,2.586372375488281,False,0.0026590677507769,0,CAL_FIT,True
717240_1780756200_H30,717240,2026-06-06T07:30:00-07:00,2026-06-06 14:30:00+00:00,717246,0.0,True,0.0021292541462653,1,CAL_FIT,True
717241_1780756200_H30,717241,2026-06-06T07:30:00-07:00,2026-06-06 14:30:00+00:00,717247,1.8249778747558596,False,0.0657405754741364,0,CAL_FIT,True
717246_1780756200_H30,717246,2026-06-06T07:30:00-07:00,2026-06-06 14:30:00+00:00,717249,1.5899772644042969,False,0.0110568655956213,0,CAL_FIT,True
717249_1780756200_H30,717249,2026-06-06T07:30:00-07:00,2026-06-06 14:30:00+00:00,717246,0.3131828308105469,False,0.0097083094547846,1,CAL_FIT,True
717251_1780756200_H30,717251,2026-06-06T07:30:00-07:00,2026-06-06 14:30:00+00:00,717254,3.2491149902343746,False,0.0100595231930986,0,CAL_FIT,True
717252_1780756200_H30,717252,2026-06-06T07:30:00-07:00,2026-06-06 14:30:00+00:00,717249,0.0,True,0.024665583525288,1,CAL_FIT,True
717254_1780756200_H30,717254,2026-06-06T07:30:00-07:00,2026-06-06 14:30:00+00:00,774729,0.1066360473632813,False,0.0195878949989793,1,CAL_FIT,True
717258_1780756200_H30,717258,2026-06-06T07:30:00-07:00,2026-06-06 14:30:00+00:00,774728,0.0,True,0.0258804003703109,1,CAL_FIT,True
717373_1780756200_H30,717373,2026-06-06T07:30:00-07:00,2026-06-06 14:30:00+00:00,717376,1.964149475097656,False,0.0030722186923204,0,CAL_FIT,True
717374_1780756200_H30,717374,2026-06-06T07:30:00-07:00,2026-06-06 14:30:00+00:00,717368,0.0,True,0.0014470092543436,1,CAL_FIT,True
717434_1780756200_H30,717434,2026-06-06T07:30:00-07:00,2026-06-06 14:30:00+00:00,717436,0.0,True,0.0013512991293024,1,CAL_FIT,True
717435_1780756200_H30,717435,2026-06-06T07:30:00-07:00,2026-06-06 14:30:00+00:00,717440,0.1563186645507813,False,0.0157869740384289,1,CAL_FIT,True
717436_1780756200_H30,717436,2026-06-06T07:30:00-07:00,2026-06-06 14:30:00+00:00,717441,0.4578132629394531,False,0.0019911673231496,1,CAL_FIT,True
717440_1780756200_H30,717440,2026-06-06T07:30:00-07:00,2026-06-06 14:30:00+00:00,717435,0.0,True,0.0033224842843167,1,CAL_FIT,True
717441_1780756200_H30,717441,2026-06-06T07:30:00-07:00,2026-06-06 14:30:00+00:00,759980,0.2749748229980469,False,0.0172217950940914,1,CAL_FIT,True
717472_1780756200_H30,717472,2026-06-06T07:30:00-07:00,2026-06-06 14:30:00+00:00,769373,0.0,True,0.0024968560397249,1,CAL_FIT,True
717473_1780756200_H30,717473,2026-06-06T07:30:00-07:00,2026-06-06 14:30:00+00:00,717469,0.0,True,0.0042742360212119,1,CAL_FIT,True
717578_1780756200_H30,717578,2026-06-06T07:30:00-07:00,2026-06-06 14:30:00+00:00,717580,0.3213424682617187,False,0.025398984318975,1,CAL_FIT,True
717580_1780756200_H30,717580,2026-06-06T07:30:00-07:00,2026-06-06 14:30:00+00:00,717578,0.6905288696289058,False,0.0097665186862975,0,CAL_FIT,True
717582_1780756200_H30,717582,2026-06-06T07:30:00-07:00,2026-06-06 14:30:00+00:00,716554,0.888641357421875,False,0.096743609705737,0,CAL_FIT,True
717583_1780756200_H30,717583,2026-06-06T07:30:00-07:00,2026-06-06 14:30:00+00:00,717580,4.830207824707031,False,0.0366458356685283,0,CAL_FIT,True
717638_1780756200_H30,717638,2026-06-06T07:30:00-07:00,2026-06-06 14:30:00+00:00,717640,0.0,True,0.0069317201771767,1,CAL_FIT,True
717640_1780756200_H30,717640,2026-06-06T07:30:00-07:00,2026-06-06 14:30:00+00:00,717638,0.0,True,0.0173906902930799,1,CAL_FIT,True
717646_1780756200_H30,717646,2026-06-06T07:30:00-07:00,2026-06-06 14:30:00+00:00,717650,0.0,True,0.0061658287717441,1,CAL_FIT,True
717650_1780756200_H30,717650,2026-06-06T07:30:00-07:00,2026-06-06 14:30:00+00:00,717654,2.2827911376953125,False,0.009326858183588,0,CAL_FIT,True
717654_1780756200_H30,717654,2026-06-06T07:30:00-07:00,2026-06-06 14:30:00+00:00,717659,0.243255615234375,False,0.0094025304119257,1,CAL_FIT,True
717673_1780756200_H30,717673,2026-06-06T07:30:00-07:00,2026-06-06 14:30:00+00:00,761374,0.6696853637695312,False,0.0151299205673394,0,CAL_FIT,True
717674_1780756200_H30,717674,2026-06-06T07:30:00-07:00,2026-06-06 14:30:00+00:00,772888,3.58279800415039,False,0.0024549514466943,0,CAL_FIT,True
717790_1780756200_H30,717790,2026-06-06T07:30:00-07:00,2026-06-06 14:30:00+00:00,717787,0.4114494323730469,False,0.0037847491974371,1,CAL_FIT,True
717956_1780756200_H30,717956,2026-06-06T07:30:00-07:00,2026-06-06 14:30:00+00:00,767678,1.7656593322753906,False,0.032235007732011,0,CAL_FIT,True
717989_1780756200_H30,717989,2026-06-06T07:30:00-07:00,2026-06-06 14:30:00+00:00,761776,3.3379859924316406,False,0.0193696362926001,0,CAL_FIT,True
718210_1780756200_H30,718210,2026-06-06T07:30:00-07:00,2026-06-06 14:30:00+00:00,761374,0.0,True,0.0168752340649229,1,CAL_FIT,True
718259_1780756200_H30,718259,2026-06-06T07:30:00-07:00,2026-06-06 14:30:00+00:00,716663,1.5491485595703125,False,0.001641359072897,0,CAL_FIT,True
718287_1780756200_H30,718287,2026-06-06T07:30:00-07:00,2026-06-06 14:30:00+00:00,764578,1.0425262451171875,False,0.0197243231646742,0,CAL_FIT,True
718356_1780756200_H30,718356,2026-06-06T07:30:00-07:00,2026-06-06 14:30:00+00:00,718053,2.9405174255371094,False,0.0029036596860458,0,CAL_FIT,True
718364_1780756200_H30,718364,2026-06-06T07:30:00-07:00,2026-06-06 14:30:00+00:00,716924,2.735004425048828,False,0.0020274661864947,0,CAL_FIT,True
718375_1780756200_H30,718375,2026-06-06T07:30:00-07:00,2026-06-06 14:30:00+00:00,716958,0.0114936828613281,False,0.0046789291900829,1,CAL_FIT,True
718496_1780756200_H30,718496,2026-06-06T07:30:00-07:00,2026-06-06 14:30:00+00:00,774204,0.0,True,0.0310479915213167,1,CAL_FIT,True
718499_1780756200_H30,718499,2026-06-06T07:30:00-07:00,2026-06-06 14:30:00+00:00,773870,2.452083587646484,False,0.0027256621681224,0,CAL_FIT,True
737504_1780756200_H30,737504,2026-06-06T07:30:00-07:00,2026-06-06 14:30:00+00:00,717833,0.1548843383789062,False,0.0033033039071446,1,CAL_FIT,True
759566_1780756200_H30,759566,2026-06-06T07:30:00-07:00,2026-06-06 14:30:00+00:00,763700,1.051239013671875,False,0.0067126461262228,0,CAL_FIT,True
759762_1780756200_H30,759762,2026-06-06T07:30:00-07:00,2026-06-06 14:30:00+00:00,764417,1.4271125793457031,False,0.0059180538336047,0,CAL_FIT,True
759783_1780756200_H30,759783,2026-06-06T07:30:00-07:00,2026-06-06 14:30:00+00:00,716977,0.0,True,0.0160693756919752,1,CAL_FIT,True
759980_1780756200_H30,759980,2026-06-06T07:30:00-07:00,2026-06-06 14:30:00+00:00,717441,0.0,True,0.0376062137455495,1,CAL_FIT,True
760987_1780756200_H30,760987,2026-06-06T07:30:00-07:00,2026-06-06 14:30:00+00:00,773890,1.0101318359375,False,0.0441256238330678,0,CAL_FIT,True
761003_1780756200_H30,761003,2026-06-06T07:30:00-07:00,2026-06-06 14:30:00+00:00,773953,1.515949249267578,False,0.0021173329123489,0,CAL_FIT,True
761206_1780756200_H30,761206,2026-06-06T07:30:00-07:00,2026-06-06 14:30:00+00:00,772887,0.0,True,0.0048232866556658,1,CAL_FIT,True
761356_1780756200_H30,761356,2026-06-06T07:30:00-07:00,2026-06-06 14:30:00+00:00,761374,0.8160781860351562,False,0.0077454097590023,0,CAL_FIT,True
761374_1780756200_H30,761374,2026-06-06T07:30:00-07:00,2026-06-06 14:30:00+00:00,717673,2.410316467285156,False,0.0055860855587902,0,CAL_FIT,True
761552_1780756200_H30,761552,2026-06-06T07:30:00-07:00,2026-06-06 14:30:00+00:00,764598,0.0,True,0.002314733427987,1,CAL_FIT,True
761776_1780756200_H30,761776,2026-06-06T07:30:00-07:00,2026-06-06 14:30:00+00:00,716857,0.7274856567382812,False,0.0014473126209908,0,CAL_FIT,True
763479_1780756200_H30,763479,2026-06-06T07:30:00-07:00,2026-06-06 14:30:00+00:00,716172,0.0,True,0.0216723039364322,1,CAL_FIT,True
763558_1780756200_H30,763558,2026-06-06T07:30:00-07:00,2026-06-06 14:30:00+00:00,763563,1.4693031311035156,False,0.0079936475368495,0,CAL_FIT,True
763563_1780756200_H30,763563,2026-06-06T07:30:00-07:00,2026-06-06 14:30:00+00:00,763558,0.9485397338867188,False,0.0088277711167181,0,CAL_FIT,True
763573_1780756200_H30,763573,2026-06-06T07:30:00-07:00,2026-06-06 14:30:00+00:00,774878,0.4413223266601562,False,0.0088640331304505,1,CAL_FIT,True
763578_1780756200_H30,763578,2026-06-06T07:30:00-07:00,2026-06-06 14:30:00+00:00,774878,0.86572265625,False,0.0342284057907776,0,CAL_FIT,True
763583_1780756200_H30,763583,2026-06-06T07:30:00-07:00,2026-06-06 14:30:00+00:00,774878,1.024871826171875,False,0.041378198537069,0,CAL_FIT,True
763649_1780756200_H30,763649,2026-06-06T07:30:00-07:00,2026-06-06 14:30:00+00:00,718052,0.0,True,0.0031801664580533,1,CAL_FIT,True
763683_1780756200_H30,763683,2026-06-06T07:30:00-07:00,2026-06-06 14:30:00+00:00,716834,0.668426513671875,False,0.0044041652222625,0,CAL_FIT,True
764001_1780756200_H30,764001,2026-06-06T07:30:00-07:00,2026-06-06 14:30:00+00:00,717848,0.0151443481445312,False,0.0092489315425858,1,CAL_FIT,True
764096_1780756200_H30,764096,2026-06-06T07:30:00-07:00,2026-06-06 14:30:00+00:00,774799,0.0,True,0.0004992314368257,1,CAL_FIT,True
764222_1780756200_H30,764222,2026-06-06T07:30:00-07:00,2026-06-06 14:30:00+00:00,717174,0.3394126892089844,False,0.0571155793360204,1,CAL_FIT,True
764276_1780756200_H30,764276,2026-06-06T07:30:00-07:00,2026-06-06 14:30:00+00:00,764269,0.2085952758789062,False,0.012402215623095,1,CAL_FIT,True
764304_1780756200_H30,764304,2026-06-06T07:30:00-07:00,2026-06-06 14:30:00+00:00,764276,1.0083236694335938,False,0.0376390847925199,0,CAL_FIT,True
764578_1780756200_H30,764578,2026-06-06T07:30:00-07:00,2026-06-06 14:30:00+00:00,718287,0.0,True,0.0025883938543496,1,CAL_FIT,True
764814_1780756200_H30,764814,2026-06-06T07:30:00-07:00,2026-06-06 14:30:00+00:00,765150,0.9068222045898438,False,0.056985330118564,0,CAL_FIT,True
764819_1780756200_H30,764819,2026-06-06T07:30:00-07:00,2026-06-06 14:30:00+00:00,776465,0.733428955078125,False,0.0160415884553959,0,CAL_FIT,True
764824_1780756200_H30,764824,2026-06-06T07:30:00-07:00,2026-06-06 14:30:00+00:00,764814,1.6731491088867183,False,0.009078867934193,0,CAL_FIT,True
764848_1780756200_H30,764848,2026-06-06T07:30:00-07:00,2026-06-06 14:30:00+00:00,764824,0.0,True,0.0049582299875822,1,CAL_FIT,True
764915_1780756200_H30,764915,2026-06-06T07:30:00-07:00,2026-06-06 14:30:00+00:00,764910,0.0,True,0.0093941826744098,1,CAL_FIT,True
764932_1780756200_H30,764932,2026-06-06T07:30:00-07:00,2026-06-06 14:30:00+00:00,764915,2.583236694335937,False,0.033501224697779,0,CAL_FIT,True
765150_1780756200_H30,765150,2026-06-06T07:30:00-07:00,2026-06-06 14:30:00+00:00,764814,0.0,True,0.0111768012765383,1,CAL_FIT,True
765153_1780756200_H30,765153,2026-06-06T07:30:00-07:00,2026-06-06 14:30:00+00:00,776843,3.73150634765625,False,0.0010491324762403,0,CAL_FIT,True
765456_1780756200_H30,765456,2026-06-06T07:30:00-07:00,2026-06-06 14:30:00+00:00,774491,2.76611328125,False,0.0136385737090626,0,CAL_FIT,True
765461_1780756200_H30,765461,2026-06-06T07:30:00-07:00,2026-06-06 14:30:00+00:00,766642,0.4066658020019531,False,0.0254513028714657,1,CAL_FIT,True
765501_1780756200_H30,765501,2026-06-06T07:30:00-07:00,2026-06-06 14:30:00+00:00,763616,0.0,True,0.0563824855541819,1,CAL_FIT,True
766642_1780756200_H30,766642,2026-06-06T07:30:00-07:00,2026-06-06 14:30:00+00:00,766602,2.044891357421875,False,0.0482440807230245,0,CAL_FIT,True
766703_1780756200_H30,766703,2026-06-06T07:30:00-07:00,2026-06-06 14:30:00+00:00,764297,2.7211608886718746,False,0.0104214645626794,0,CAL_FIT,True
766712_1780756200_H30,766712,2026-06-06T07:30:00-07:00,2026-06-06 14:30:00+00:00,766703,2.3174667358398446,False,0.0514259140685408,0,CAL_FIT,True
766721_1780756200_H30,766721,2026-06-06T07:30:00-07:00,2026-06-06 14:30:00+00:00,766694,1.3106307983398438,False,0.0026465453295971,0,CAL_FIT,True
766788_1780756200_H30,766788,2026-06-06T07:30:00-07:00,2026-06-06 14:30:00+00:00,774181,0.0,True,0.0028761504864763,1,CAL_FIT,True
766843_1780756200_H30,766843,2026-06-06T07:30:00-07:00,2026-06-06 14:30:00+00:00,766620,0.4661483764648437,False,0.0338330599824087,1,CAL_FIT,True
767471_1780756200_H30,767471,2026-06-06T07:30:00-07:00,2026-06-06 14:30:00+00:00,718076,0.0970458984375,False,0.0325454883154119,1,CAL_FIT,True
767542_1780756200_H30,767542,2026-06-06T07:30:00-07:00,2026-06-06 14:30:00+00:00,767573,10.944175720214844,False,0.0026092074673019,0,CAL_FIT,True
767554_1780756200_H30,767554,2026-06-06T07:30:00-07:00,2026-06-06 14:30:00+00:00,767541,1.3295669555664067,False,0.0161400215730142,0,CAL_FIT,True
767678_1780756200_H30,767678,2026-06-06T07:30:00-07:00,2026-06-06 14:30:00+00:00,717956,0.0,True,0.0055190040986003,1,CAL_FIT,True
767759_1780756200_H30,767759,2026-06-06T07:30:00-07:00,2026-06-06 14:30:00+00:00,767767,0.8105392456054688,False,0.0092828972801202,0,CAL_FIT,True
767760_1780756200_H30,767760,2026-06-06T07:30:00-07:00,2026-06-06 14:30:00+00:00,771673,6.452655792236328,False,0.0016905736513514,0,CAL_FIT,True
767810_1780756200_H30,767810,2026-06-06T07:30:00-07:00,2026-06-06 14:30:00+00:00,764915,4.399860382080078,False,0.0186574889823,0,CAL_FIT,True
767811_1780756200_H30,767811,2026-06-06T07:30:00-07:00,2026-06-06 14:30:00+00:00,764937,0.8621673583984376,False,4.128284092352885e-08,0,CAL_FIT,True
768328_1780756200_H30,768328,2026-06-06T07:30:00-07:00,2026-06-06 14:30:00+00:00,717247,0.6389884948730473,False,0.0208341011426348,0,CAL_FIT,True
768339_1780756200_H30,768339,2026-06-06T07:30:00-07:00,2026-06-06 14:30:00+00:00,717252,0.0,True,0.0077236568191421,1,CAL_FIT,True
768349_1780756200_H30,768349,2026-06-06T07:30:00-07:00,2026-06-06 14:30:00+00:00,717252,1.0593643188476562,False,0.0217179097079945,0,CAL_FIT,True
768779_1780756200_H30,768779,2026-06-06T07:30:00-07:00,2026-06-06 14:30:00+00:00,718050,2.096038818359375,False,0.0019450600726296,0,CAL_FIT,True
769788_1780756200_H30,769788,2026-06-06T07:30:00-07:00,2026-06-06 14:30:00+00:00,769806,0.2747573852539062,False,0.0146122002461629,1,CAL_FIT,True
769847_1780756200_H30,769847,2026-06-06T07:30:00-07:00,2026-06-06 14:30:00+00:00,770385,0.0,True,0.0171719714906489,1,CAL_FIT,True
769880_1780756200_H30,769880,2026-06-06T07:30:00-07:00,2026-06-06 14:30:00+00:00,769847,0.5604171752929688,False,0.0182224791152018,0,CAL_FIT,True
769895_1780756200_H30,769895,2026-06-06T07:30:00-07:00,2026-06-06 14:30:00+00:00,769847,0.0,True,0.00761137250115,1,CAL_FIT,True
769926_1780756200_H30,769926,2026-06-06T07:30:00-07:00,2026-06-06 14:30:00+00:00,769867,0.0,True,0.0217000902925987,1,CAL_FIT,True
769965_1780756200_H30,769965,2026-06-06T07:30:00-07:00,2026-06-06 14:30:00+00:00,770129,0.0,True,0.0432702293599218,1,CAL_FIT,True
770061_1780756200_H30,770061,2026-06-06T07:30:00-07:00,2026-06-06 14:30:00+00:00,770556,0.8828887939453125,False,0.0034198243033657,0,CAL_FIT,True
770089_1780756200_H30,770089,2026-06-06T07:30:00-07:00,2026-06-06 14:30:00+00:00,770103,1.3814773559570312,False,0.0122556292388515,0,CAL_FIT,True
770129_1780756200_H30,770129,2026-06-06T07:30:00-07:00,2026-06-06 14:30:00+00:00,770141,0.5067825317382812,False,0.0016479858773295,0,CAL_FIT,True
770187_1780756200_H30,770187,2026-06-06T07:30:00-07:00,2026-06-06 14:30:00+00:00,770290,0.1178512573242187,False,0.0003514390244501,1,CAL_FIT,True
770275_1780756200_H30,770275,2026-06-06T07:30:00-07:00,2026-06-06 14:30:00+00:00,770545,0.2468490600585938,False,0.0041848380313173,1,CAL_FIT,True
773890_1780756200_H30,773890,2026-06-06T07:30:00-07:00,2026-06-06 14:30:00+00:00,760987,0.0,True,0.0115036176495006,1,CAL_FIT,True
773927_1780756200_H30,773927,2026-06-06T07:30:00-07:00,2026-06-06 14:30:00+00:00,717580,0.3847427368164063,False,0.0155524733036389,1,CAL_FIT,True
774204_1780756200_H30,774204,2026-06-06T07:30:00-07:00,2026-06-06 14:30:00+00:00,718496,0.0,True,0.0132681981900922,1,CAL_FIT,True
774491_1780756200_H30,774491,2026-06-06T07:30:00-07:00,2026-06-06 14:30:00+00:00,766642,0.0,True,0.015238228738631,1,CAL_FIT,True
774728_1780756200_H30,774728,2026-06-06T07:30:00-07:00,2026-06-06 14:30:00+00:00,717258,0.1454925537109375,False,0.0123234575333234,1,CAL_FIT,True
774729_1780756200_H30,774729,2026-06-06T07:30:00-07:00,2026-06-06 14:30:00+00:00,717254,2.1318855285644536,False,0.0563028093345097,0,CAL_FIT,True
774877_1780756200_H30,774877,2026-06-06T07:30:00-07:00,2026-06-06 14:30:00+00:00,763563,1.768352508544922,False,0.0119515766047384,0,CAL_FIT,True
774878_1780756200_H30,774878,2026-06-06T07:30:00-07:00,2026-06-06 14:30:00+00:00,763578,0.6683120727539065,False,0.0227390832704358,0,CAL_FIT,True
775029_1780756200_H30,775029,2026-06-06T07:30:00-07:00,2026-06-06 14:30:00+00:00,717167,0.0,True,0.01004698896051,1,CAL_FIT,True
775552_1780756200_H30,775552,2026-06-06T07:30:00-07:00,2026-06-06 14:30:00+00:00,717174,0.6738815307617188,False,0.0148787611655652,0,CAL_FIT,True
776465_1780756200_H30,776465,2026-06-06T07:30:00-07:00,2026-06-06 14:30:00+00:00,764819,1.0732421875,False,0.0035093407654242,0,CAL_FIT,True
776493_1780756200_H30,776493,2026-06-06T07:30:00-07:00,2026-06-06 14:30:00+00:00,776203,0.6813201904296871,False,0.0091403215260727,0,CAL_FIT,True
776751_1780756200_H30,776751,2026-06-06T07:30:00-07:00,2026-06-06 14:30:00+00:00,773024,0.0,True,0.0086189702350533,1,CAL_FIT,True
776752_1780756200_H30,776752,2026-06-06T07:30:00-07:00,2026-06-06 14:30:00+00:00,773023,0.4161148071289027,False,0.0006501511713735,1,CAL_FIT,True
777212_1780756200_H30,777212,2026-06-06T07:30:00-07:00,2026-06-06 14:30:00+00:00,777223,0.0,True,0.007549097299297,1,CAL_FIT,True
715938_1780756500_H30,715938,2026-06-06T07:35:00-07:00,2026-06-06 14:35:00+00:00,716929,4.598163604736328,False,0.03987177755652,0,CAL_FIT,True
716085_1780756500_H30,716085,2026-06-06T07:35:00-07:00,2026-06-06 14:35:00+00:00,717070,0.2987289428710937,False,0.0094284604990823,1,CAL_FIT,True
716088_1780756500_H30,716088,2026-06-06T07:35:00-07:00,2026-06-06 14:35:00+00:00,717071,0.6021804809570312,False,0.0033364456625132,0,CAL_FIT,True
716091_1780756500_H30,716091,2026-06-06T07:35:00-07:00,2026-06-06 14:35:00+00:00,716088,0.0,True,0.0086392454652163,1,CAL_FIT,True
716152_1780756500_H30,716152,2026-06-06T07:35:00-07:00,2026-06-06 14:35:00+00:00,717190,0.0,True,0.0005401554306313,1,CAL_FIT,True
716551_1780756500_H30,716551,2026-06-06T07:35:00-07:00,2026-06-06 14:35:00+00:00,716554,4.489200592041016,False,0.0371423424482006,0,CAL_FIT,True
716554_1780756500_H30,716554,2026-06-06T07:35:00-07:00,2026-06-06 14:35:00+00:00,717582,0.0,True,0.0245696733902995,1,CAL_FIT,True
716929_1780756500_H30,716929,2026-06-06T07:35:00-07:00,2026-06-06 14:35:00+00:00,715944,4.408897399902344,False,0.0194628113374328,0,CAL_FIT,True
716930_1780756500_H30,716930,2026-06-06T07:35:00-07:00,2026-06-06 14:35:00+00:00,718085,0.5014991760253906,False,0.0023268933458503,0,CAL_FIT,True
716934_1780756500_H30,716934,2026-06-06T07:35:00-07:00,2026-06-06 14:35:00+00:00,716936,2.731693267822262,False,0.0046079654285822,0,CAL_FIT,True
716986_1780756500_H30,716986,2026-06-06T07:35:00-07:00,2026-06-06 14:35:00+00:00,716989,0.0,True,0.002510736296426,1,CAL_FIT,True
717075_1780756500_H30,717075,2026-06-06T07:35:00-07:00,2026-06-06 14:35:00+00:00,717077,1.2431983947753906,False,0.0159382041006395,0,CAL_FIT,True
717077_1780756500_H30,717077,2026-06-06T07:35:00-07:00,2026-06-06 14:35:00+00:00,717075,0.0661849975585937,False,0.0089459786826889,1,CAL_FIT,True
717083_1780756500_H30,717083,2026-06-06T07:35:00-07:00,2026-06-06 14:35:00+00:00,717084,8.650882720947266,False,0.0131443250155093,0,CAL_FIT,True
717087_1780756500_H30,717087,2026-06-06T07:35:00-07:00,2026-06-06 14:35:00+00:00,717091,0.0,True,0.0038102715178687,1,CAL_FIT,True
717089_1780756500_H30,717089,2026-06-06T07:35:00-07:00,2026-06-06 14:35:00+00:00,717084,7.835861206054687,False,0.012441421807502,0,CAL_FIT,True
717091_1780756500_H30,717091,2026-06-06T07:35:00-07:00,2026-06-06 14:35:00+00:00,716101,1.6384239196777346,False,0.0088747785387942,0,CAL_FIT,True
717093_1780756500_H30,717093,2026-06-06T07:35:00-07:00,2026-06-06 14:35:00+00:00,717097,2.335968017578125,False,0.0066083774365455,0,CAL_FIT,True
717097_1780756500_H30,717097,2026-06-06T07:35:00-07:00,2026-06-06 14:35:00+00:00,717084,10.301128387451172,False,1.7599604191175442e-06,0,CAL_FIT,True
717101_1780756500_H30,717101,2026-06-06T07:35:00-07:00,2026-06-06 14:35:00+00:00,717095,2.5707778930664067,False,0.0017506773218723,0,CAL_FIT,True
717108_1780756500_H30,717108,2026-06-06T07:35:00-07:00,2026-06-06 14:35:00+00:00,717101,2.139835357666015,False,0.0041974286674723,0,CAL_FIT,True
717112_1780756500_H30,717112,2026-06-06T07:35:00-07:00,2026-06-06 14:35:00+00:00,717108,1.960853576660156,False,0.0048389971246442,0,CAL_FIT,True
717142_1780756500_H30,717142,2026-06-06T07:35:00-07:00,2026-06-06 14:35:00+00:00,774441,0.7928390502929688,False,0.000806278346986,0,CAL_FIT,True
717150_1780756500_H30,717150,2026-06-06T07:35:00-07:00,2026-06-06 14:35:00+00:00,774441,0.4804916381835937,False,0.0037071508760837,1,CAL_FIT,True
717154_1780756500_H30,717154,2026-06-06T07:35:00-07:00,2026-06-06 14:35:00+00:00,767329,3.0714950561523438,False,0.0046337722496407,0,CAL_FIT,True
717160_1780756500_H30,717160,2026-06-06T07:35:00-07:00,2026-06-06 14:35:00+00:00,717167,0.53887939453125,False,0.0112061743781653,0,CAL_FIT,True
717174_1780756500_H30,717174,2026-06-06T07:35:00-07:00,2026-06-06 14:35:00+00:00,717179,0.84808349609375,False,0.0014705274770326,0,CAL_FIT,True
717176_1780756500_H30,717176,2026-06-06T07:35:00-07:00,2026-06-06 14:35:00+00:00,764227,5.308933258056641,False,0.0050441712475132,0,CAL_FIT,True
717185_1780756500_H30,717185,2026-06-06T07:35:00-07:00,2026-06-06 14:35:00+00:00,717190,1.3472747802734375,False,0.027482815046292,0,CAL_FIT,True
717187_1780756500_H30,717187,2026-06-06T07:35:00-07:00,2026-06-06 14:35:00+00:00,717192,2.542911529541016,False,0.0357971375950316,0,CAL_FIT,True
717190_1780756500_H30,717190,2026-06-06T07:35:00-07:00,2026-06-06 14:35:00+00:00,717185,0.7777175903320312,False,0.0283963761784642,0,CAL_FIT,True
717192_1780756500_H30,717192,2026-06-06T07:35:00-07:00,2026-06-06 14:35:00+00:00,717187,0.814430236816406,False,0.0133682866080664,0,CAL_FIT,True
717195_1780756500_H30,717195,2026-06-06T07:35:00-07:00,2026-06-06 14:35:00+00:00,717198,0.9224548339843746,False,0.0369255602718482,0,CAL_FIT,True
717198_1780756500_H30,717198,2026-06-06T07:35:00-07:00,2026-06-06 14:35:00+00:00,717195,1.3119773864746094,False,0.034171226809083,0,CAL_FIT,True
717200_1780756500_H30,717200,2026-06-06T07:35:00-07:00,2026-06-06 14:35:00+00:00,717196,3.624435424804688,False,0.0310414786861306,0,CAL_FIT,True
717219_1780756500_H30,717219,2026-06-06T07:35:00-07:00,2026-06-06 14:35:00+00:00,718119,3.77972412109375,False,0.0028675185271374,0,CAL_FIT,True
717240_1780756500_H30,717240,2026-06-06T07:35:00-07:00,2026-06-06 14:35:00+00:00,717246,0.0,True,0.0266184588624931,1,CAL_FIT,True
717241_1780756500_H30,717241,2026-06-06T07:35:00-07:00,2026-06-06 14:35:00+00:00,717247,0.8778114318847657,False,0.064648492879884,0,CAL_FIT,True
717246_1780756500_H30,717246,2026-06-06T07:35:00-07:00,2026-06-06 14:35:00+00:00,717249,1.185749053955078,False,0.006724133197983,0,CAL_FIT,True
717249_1780756500_H30,717249,2026-06-06T07:35:00-07:00,2026-06-06 14:35:00+00:00,717246,0.271087646484375,False,0.004768232766127,1,CAL_FIT,True
717251_1780756500_H30,717251,2026-06-06T07:35:00-07:00,2026-06-06 14:35:00+00:00,717254,2.2130126953125,False,0.0085543655217025,0,CAL_FIT,True
717252_1780756500_H30,717252,2026-06-06T07:35:00-07:00,2026-06-06 14:35:00+00:00,717249,0.0,True,0.0137137051438994,1,CAL_FIT,True
717254_1780756500_H30,717254,2026-06-06T07:35:00-07:00,2026-06-06 14:35:00+00:00,774729,0.631641387939453,False,0.0231310418523301,0,CAL_FIT,True
717258_1780756500_H30,717258,2026-06-06T07:35:00-07:00,2026-06-06 14:35:00+00:00,774728,0.0,True,0.0169447083629118,1,CAL_FIT,True
717373_1780756500_H30,717373,2026-06-06T07:35:00-07:00,2026-06-06 14:35:00+00:00,717376,0.2600784301757812,False,0.002644814446227,1,CAL_FIT,True
717374_1780756500_H30,717374,2026-06-06T07:35:00-07:00,2026-06-06 14:35:00+00:00,717375,1.4818496704101562,False,0.0032964109195171,0,CAL_FIT,True
717434_1780756500_H30,717434,2026-06-06T07:35:00-07:00,2026-06-06 14:35:00+00:00,717436,0.2462043762207031,False,0.018155432050664,1,CAL_FIT,True
717435_1780756500_H30,717435,2026-06-06T07:35:00-07:00,2026-06-06 14:35:00+00:00,717438,0.7554397583007812,False,0.0032569359497765,0,CAL_FIT,True
717436_1780756500_H30,717436,2026-06-06T07:35:00-07:00,2026-06-06 14:35:00+00:00,717434,1.0759963989257812,False,0.0011642331315301,0,CAL_FIT,True
717440_1780756500_H30,717440,2026-06-06T07:35:00-07:00,2026-06-06 14:35:00+00:00,766555,0.116729736328125,False,0.0035723194004684,1,CAL_FIT,True
717441_1780756500_H30,717441,2026-06-06T07:35:00-07:00,2026-06-06 14:35:00+00:00,717436,0.3183479309082031,False,0.0028322872287491,1,CAL_FIT,True
717472_1780756500_H30,717472,2026-06-06T07:35:00-07:00,2026-06-06 14:35:00+00:00,769373,1.0659141540527344,False,0.0026971458438167,0,CAL_FIT,True
717473_1780756500_H30,717473,2026-06-06T07:35:00-07:00,2026-06-06 14:35:00+00:00,717469,0.0,True,0.0042179406176319,1,CAL_FIT,True
717578_1780756500_H30,717578,2026-06-06T07:35:00-07:00,2026-06-06 14:35:00+00:00,717580,1.1652145385742188,False,0.0411296505094471,0,CAL_FIT,True
717580_1780756500_H30,717580,2026-06-06T07:35:00-07:00,2026-06-06 14:35:00+00:00,717578,0.0651321411132808,False,0.0248754540854266,1,CAL_FIT,True
717582_1780756500_H30,717582,2026-06-06T07:35:00-07:00,2026-06-06 14:35:00+00:00,716554,1.3793182373046875,False,0.0617120158385002,0,CAL_FIT,True
717583_1780756500_H30,717583,2026-06-06T07:35:00-07:00,2026-06-06 14:35:00+00:00,717580,5.361766815185547,False,0.0358462516056191,0,CAL_FIT,True
717638_1780756500_H30,717638,2026-06-06T07:35:00-07:00,2026-06-06 14:35:00+00:00,717640,0.0,True,0.0159147734879749,1,CAL_FIT,True
717640_1780756500_H30,717640,2026-06-06T07:35:00-07:00,2026-06-06 14:35:00+00:00,717638,0.0,True,0.012918635812179,1,CAL_FIT,True
717646_1780756500_H30,717646,2026-06-06T07:35:00-07:00,2026-06-06 14:35:00+00:00,717650,0.0,True,0.0040070545805382,1,CAL_FIT,True
717650_1780756500_H30,717650,2026-06-06T07:35:00-07:00,2026-06-06 14:35:00+00:00,717659,1.9330520629882808,False,0.0021518439566011,0,CAL_FIT,True
717654_1780756500_H30,717654,2026-06-06T07:35:00-07:00,2026-06-06 14:35:00+00:00,717659,0.0,True,0.0124469999990162,1,CAL_FIT,True
717673_1780756500_H30,717673,2026-06-06T07:35:00-07:00,2026-06-06 14:35:00+00:00,769702,0.6024322509765626,False,0.0004953998617065,0,CAL_FIT,True
717674_1780756500_H30,717674,2026-06-06T07:35:00-07:00,2026-06-06 14:35:00+00:00,772888,4.983474731445313,False,0.0024549514466943,0,CAL_FIT,True
717790_1780756500_H30,717790,2026-06-06T07:35:00-07:00,2026-06-06 14:35:00+00:00,717787,0.6829719543457031,False,0.0030858238829566,0,CAL_FIT,True
717956_1780756500_H30,717956,2026-06-06T07:35:00-07:00,2026-06-06 14:35:00+00:00,767678,1.5082130432128906,False,0.0715622822236697,0,CAL_FIT,True
717989_1780756500_H30,717989,2026-06-06T07:35:00-07:00,2026-06-06 14:35:00+00:00,761776,3.5875244140625,False,0.0329626594014653,0,CAL_FIT,True
718210_1780756500_H30,718210,2026-06-06T07:35:00-07:00,2026-06-06 14:35:00+00:00,761374,0.0,True,0.0097455734620959,1,CAL_FIT,True
718259_1780756500_H30,718259,2026-06-06T07:35:00-07:00,2026-06-06 14:35:00+00:00,716663,0.6184616088867188,False,0.0016413558660075,0,CAL_FIT,True
718287_1780756500_H30,718287,2026-06-06T07:35:00-07:00,2026-06-06 14:35:00+00:00,764578,0.0,True,0.0011760608124669,1,CAL_FIT,True
718356_1780756500_H30,718356,2026-06-06T07:35:00-07:00,2026-06-06 14:35:00+00:00,774799,1.40289306640625,False,0.0090777882573505,0,CAL_FIT,True
718364_1780756500_H30,718364,2026-06-06T07:35:00-07:00,2026-06-06 14:35:00+00:00,716924,1.1034965515136723,False,0.0077359851003887,0,CAL_FIT,True
718375_1780756500_H30,718375,2026-06-06T07:35:00-07:00,2026-06-06 14:35:00+00:00,716958,0.0,True,0.0010128109411637,1,CAL_FIT,True
718496_1780756500_H30,718496,2026-06-06T07:35:00-07:00,2026-06-06 14:35:00+00:00,774204,0.0,True,0.0512714112913227,1,CAL_FIT,True
718499_1780756500_H30,718499,2026-06-06T07:35:00-07:00,2026-06-06 14:35:00+00:00,773870,1.665740966796875,False,0.0056000279511413,0,CAL_FIT,True
737504_1780756500_H30,737504,2026-06-06T07:35:00-07:00,2026-06-06 14:35:00+00:00,773724,0.1772537231445308,False,0.0028452744014449,1,CAL_FIT,True
759566_1780756500_H30,759566,2026-06-06T07:35:00-07:00,2026-06-06 14:35:00+00:00,759576,0.0,True,0.0010167551543752,1,CAL_FIT,True
759762_1780756500_H30,759762,2026-06-06T07:35:00-07:00,2026-06-06 14:35:00+00:00,764417,0.4488983154296875,False,0.0047338564207291,1,CAL_FIT,True
759783_1780756500_H30,759783,2026-06-06T07:35:00-07:00,2026-06-06 14:35:00+00:00,716977,0.0,True,0.0111519531092251,1,CAL_FIT,True
759980_1780756500_H30,759980,2026-06-06T07:35:00-07:00,2026-06-06 14:35:00+00:00,717441,0.0,True,0.0183286413433502,1,CAL_FIT,True
760987_1780756500_H30,760987,2026-06-06T07:35:00-07:00,2026-06-06 14:35:00+00:00,773890,0.9278411865234376,False,0.0288282013285546,0,CAL_FIT,True
761003_1780756500_H30,761003,2026-06-06T07:35:00-07:00,2026-06-06 14:35:00+00:00,773953,1.802539825439453,False,0.0033931950086577,0,CAL_FIT,True
761206_1780756500_H30,761206,2026-06-06T07:35:00-07:00,2026-06-06 14:35:00+00:00,769772,0.1443710327148437,False,0.006129712114927,1,CAL_FIT,True
761356_1780756500_H30,761356,2026-06-06T07:35:00-07:00,2026-06-06 14:35:00+00:00,761374,0.0,True,0.0052100168591335,1,CAL_FIT,True
761374_1780756500_H30,761374,2026-06-06T07:35:00-07:00,2026-06-06 14:35:00+00:00,717673,2.2286987304687496,False,0.0090106888312703,0,CAL_FIT,True
761552_1780756500_H30,761552,2026-06-06T07:35:00-07:00,2026-06-06 14:35:00+00:00,764598,0.0,True,0.0008575366269573,1,CAL_FIT,True
761776_1780756500_H30,761776,2026-06-06T07:35:00-07:00,2026-06-06 14:35:00+00:00,717980,0.0,True,0.0019855227899664,1,CAL_FIT,True
763479_1780756500_H30,763479,2026-06-06T07:35:00-07:00,2026-06-06 14:35:00+00:00,716172,0.0,True,0.0167945700783261,1,CAL_FIT,True
763558_1780756500_H30,763558,2026-06-06T07:35:00-07:00,2026-06-06 14:35:00+00:00,774866,4.361072540283203,False,0.006786307952063,0,CAL_FIT,True
763563_1780756500_H30,763563,2026-06-06T07:35:00-07:00,2026-06-06 14:35:00+00:00,763568,2.31591796875,False,0.0063614959589537,0,CAL_FIT,True
763573_1780756500_H30,763573,2026-06-06T07:35:00-07:00,2026-06-06 14:35:00+00:00,763578,0.0,True,0.0051929070709979,1,CAL_FIT,True
763578_1780756500_H30,763578,2026-06-06T07:35:00-07:00,2026-06-06 14:35:00+00:00,774878,0.9917831420898438,False,0.0082560957593701,0,CAL_FIT,True
763583_1780756500_H30,763583,2026-06-06T07:35:00-07:00,2026-06-06 14:35:00+00:00,774878,0.4659042358398438,False,0.0251472566536777,1,CAL_FIT,True
763649_1780756500_H30,763649,2026-06-06T07:35:00-07:00,2026-06-06 14:35:00+00:00,718052,0.0,True,0.0019416517806526,1,CAL_FIT,True
763683_1780756500_H30,763683,2026-06-06T07:35:00-07:00,2026-06-06 14:35:00+00:00,717945,1.793212890625,False,0.0004772623074453,0,CAL_FIT,True
764001_1780756500_H30,764001,2026-06-06T07:35:00-07:00,2026-06-06 14:35:00+00:00,717848,0.0,True,0.0090977303044405,1,CAL_FIT,True
764096_1780756500_H30,764096,2026-06-06T07:35:00-07:00,2026-06-06 14:35:00+00:00,774799,0.2546463012695308,False,0.0065907313891692,1,CAL_FIT,True
764222_1780756500_H30,764222,2026-06-06T07:35:00-07:00,2026-06-06 14:35:00+00:00,717174,0.0645751953125,False,0.0212323557130407,1,CAL_FIT,True
764276_1780756500_H30,764276,2026-06-06T07:35:00-07:00,2026-06-06 14:35:00+00:00,764269,0.7917938232421875,False,0.009314433020787,0,CAL_FIT,True
764304_1780756500_H30,764304,2026-06-06T07:35:00-07:00,2026-06-06 14:35:00+00:00,764276,0.2486190795898437,False,0.0355863265442646,1,CAL_FIT,True
764578_1780756500_H30,764578,2026-06-06T07:35:00-07:00,2026-06-06 14:35:00+00:00,764572,1.4888458251953125,False,0.0099608368514177,0,CAL_FIT,True
764814_1780756500_H30,764814,2026-06-06T07:35:00-07:00,2026-06-06 14:35:00+00:00,765150,0.0,True,0.0415883044838843,1,CAL_FIT,True
764819_1780756500_H30,764819,2026-06-06T07:35:00-07:00,2026-06-06 14:35:00+00:00,764808,1.2440643310546875,False,0.0012263871226272,0,CAL_FIT,True
764824_1780756500_H30,764824,2026-06-06T07:35:00-07:00,2026-06-06 14:35:00+00:00,764814,0.563140869140625,False,0.0327722381833207,0,CAL_FIT,True
764848_1780756500_H30,764848,2026-06-06T07:35:00-07:00,2026-06-06 14:35:00+00:00,764824,0.0,True,0.0062183555664242,1,CAL_FIT,True
764915_1780756500_H30,764915,2026-06-06T07:35:00-07:00,2026-06-06 14:35:00+00:00,764910,0.0,True,0.01546382086319,1,CAL_FIT,True
764932_1780756500_H30,764932,2026-06-06T07:35:00-07:00,2026-06-06 14:35:00+00:00,764915,1.2613906860351562,False,0.0171317831685031,0,CAL_FIT,True
765150_1780756500_H30,765150,2026-06-06T07:35:00-07:00,2026-06-06 14:35:00+00:00,764814,0.0,True,0.0104472584601948,1,CAL_FIT,True
765153_1780756500_H30,765153,2026-06-06T07:35:00-07:00,2026-06-06 14:35:00+00:00,776843,5.444381713867188,False,0.0022502187539108,0,CAL_FIT,True
765456_1780756500_H30,765456,2026-06-06T07:35:00-07:00,2026-06-06 14:35:00+00:00,774491,2.78009033203125,False,0.0462132608579744,0,CAL_FIT,True
765461_1780756500_H30,765461,2026-06-06T07:35:00-07:00,2026-06-06 14:35:00+00:00,766642,0.0,True,0.0124217353087817,1,CAL_FIT,True
765501_1780756500_H30,765501,2026-06-06T07:35:00-07:00,2026-06-06 14:35:00+00:00,763616,1.6633911132812502,False,0.0506420927604945,0,CAL_FIT,True
766642_1780756500_H30,766642,2026-06-06T07:35:00-07:00,2026-06-06 14:35:00+00:00,766602,2.161075592041015,False,0.0234906598360548,0,CAL_FIT,True
766703_1780756500_H30,766703,2026-06-06T07:35:00-07:00,2026-06-06 14:35:00+00:00,764311,0.5831985473632812,False,0.0394353944938387,0,CAL_FIT,True
766712_1780756500_H30,766712,2026-06-06T07:35:00-07:00,2026-06-06 14:35:00+00:00,764311,0.0,True,0.0260371122592547,1,CAL_FIT,True
766721_1780756500_H30,766721,2026-06-06T07:35:00-07:00,2026-06-06 14:35:00+00:00,766694,0.0,True,0.0086875540395766,1,CAL_FIT,True
766788_1780756500_H30,766788,2026-06-06T07:35:00-07:00,2026-06-06 14:35:00+00:00,774926,3.3591880798339844,False,0.0005238574074327,0,CAL_FIT,True
766843_1780756500_H30,766843,2026-06-06T07:35:00-07:00,2026-06-06 14:35:00+00:00,766620,2.4807281494140625,False,0.0414750150844846,0,CAL_FIT,True
767471_1780756500_H30,767471,2026-06-06T07:35:00-07:00,2026-06-06 14:35:00+00:00,718076,0.0,True,0.0106389127513455,1,CAL_FIT,True
767542_1780756500_H30,767542,2026-06-06T07:35:00-07:00,2026-06-06 14:35:00+00:00,767573,6.650779724121094,False,0.0010145469185415,0,CAL_FIT,True
767554_1780756500_H30,767554,2026-06-06T07:35:00-07:00,2026-06-06 14:35:00+00:00,767541,1.0731048583984375,False,0.0298188225136076,0,CAL_FIT,True
767678_1780756500_H30,767678,2026-06-06T07:35:00-07:00,2026-06-06 14:35:00+00:00,773785,2.3538093566894527,False,0.002711538491455,0,CAL_FIT,True
767759_1780756500_H30,767759,2026-06-06T07:35:00-07:00,2026-06-06 14:35:00+00:00,767767,0.6253433227539062,False,0.008755162336846,0,CAL_FIT,True
767760_1780756500_H30,767760,2026-06-06T07:35:00-07:00,2026-06-06 14:35:00+00:00,767768,6.202682495117188,False,0.0065873092154801,0,CAL_FIT,True
767810_1780756500_H30,767810,2026-06-06T07:35:00-07:00,2026-06-06 14:35:00+00:00,764915,6.406818389892578,False,0.0119344626574583,0,CAL_FIT,True
767811_1780756500_H30,767811,2026-06-06T07:35:00-07:00,2026-06-06 14:35:00+00:00,775314,1.396942138671875,False,0.0002589515477122,0,CAL_FIT,True
768328_1780756500_H30,768328,2026-06-06T07:35:00-07:00,2026-06-06 14:35:00+00:00,717247,0.6869621276855469,False,0.0211731042506215,0,CAL_FIT,True
768339_1780756500_H30,768339,2026-06-06T07:35:00-07:00,2026-06-06 14:35:00+00:00,717252,0.84857177734375,False,0.0251135413629706,0,CAL_FIT,True
768349_1780756500_H30,768349,2026-06-06T07:35:00-07:00,2026-06-06 14:35:00+00:00,717252,1.5561408996582031,False,0.0298295344163447,0,CAL_FIT,True
768779_1780756500_H30,768779,2026-06-06T07:35:00-07:00,2026-06-06 14:35:00+00:00,774800,0.0,True,0.0041961347101652,1,CAL_FIT,True
769788_1780756500_H30,769788,2026-06-06T07:35:00-07:00,2026-06-06 14:35:00+00:00,769806,0.2920150756835937,False,0.014483779703537,1,CAL_FIT,True
769847_1780756500_H30,769847,2026-06-06T07:35:00-07:00,2026-06-06 14:35:00+00:00,770385,0.0,True,0.021041190709528,1,CAL_FIT,True
769880_1780756500_H30,769880,2026-06-06T07:35:00-07:00,2026-06-06 14:35:00+00:00,769847,3.396331787109375,False,0.0032923753516487,0,CAL_FIT,True
769895_1780756500_H30,769895,2026-06-06T07:35:00-07:00,2026-06-06 14:35:00+00:00,769847,2.472076416015625,False,0.0026429142302792,0,CAL_FIT,True
769926_1780756500_H30,769926,2026-06-06T07:35:00-07:00,2026-06-06 14:35:00+00:00,769867,0.0,True,0.0153879788954481,1,CAL_FIT,True
769965_1780756500_H30,769965,2026-06-06T07:35:00-07:00,2026-06-06 14:35:00+00:00,769926,0.5698776245117188,False,0.0266415016721902,0,CAL_FIT,True
770061_1780756500_H30,770061,2026-06-06T07:35:00-07:00,2026-06-06 14:35:00+00:00,770556,0.6632766723632812,False,0.0075734597095818,0,CAL_FIT,True
770089_1780756500_H30,770089,2026-06-06T07:35:00-07:00,2026-06-06 14:35:00+00:00,770103,0.281768798828125,False,0.0044571626132334,1,CAL_FIT,True
770129_1780756500_H30,770129,2026-06-06T07:35:00-07:00,2026-06-06 14:35:00+00:00,770187,0.0696334838867187,False,0.0089190139103225,1,CAL_FIT,True
770187_1780756500_H30,770187,2026-06-06T07:35:00-07:00,2026-06-06 14:35:00+00:00,770290,0.81939697265625,False,0.0031034437433213,0,CAL_FIT,True
770275_1780756500_H30,770275,2026-06-06T07:35:00-07:00,2026-06-06 14:35:00+00:00,770545,0.9376449584960942,False,0.0068215422669106,0,CAL_FIT,True
773890_1780756500_H30,773890,2026-06-06T07:35:00-07:00,2026-06-06 14:35:00+00:00,760987,0.0,True,0.0179189889759899,1,CAL_FIT,True
773927_1780756500_H30,773927,2026-06-06T07:35:00-07:00,2026-06-06 14:35:00+00:00,717580,1.3176040649414058,False,0.0160371308964756,0,CAL_FIT,True
774204_1780756500_H30,774204,2026-06-06T07:35:00-07:00,2026-06-06 14:35:00+00:00,718496,1.2692642211914062,False,0.0428911757524567,0,CAL_FIT,True
774491_1780756500_H30,774491,2026-06-06T07:35:00-07:00,2026-06-06 14:35:00+00:00,765456,4.592266082763672,False,0.0290497301251459,0,CAL_FIT,True
774728_1780756500_H30,774728,2026-06-06T07:35:00-07:00,2026-06-06 14:35:00+00:00,717258,0.8674201965332031,False,0.0119831477312447,0,CAL_FIT,True
774729_1780756500_H30,774729,2026-06-06T07:35:00-07:00,2026-06-06 14:35:00+00:00,717254,2.556991577148437,False,0.0536250920921648,0,CAL_FIT,True
774877_1780756500_H30,774877,2026-06-06T07:35:00-07:00,2026-06-06 14:35:00+00:00,763558,0.5922164916992188,False,0.0011636874731451,0,CAL_FIT,True
774878_1780756500_H30,774878,2026-06-06T07:35:00-07:00,2026-06-06 14:35:00+00:00,763578,0.8922576904296876,False,0.0125519566044618,0,CAL_FIT,True
775029_1780756500_H30,775029,2026-06-06T07:35:00-07:00,2026-06-06 14:35:00+00:00,717167,0.0,True,0.0256678931693514,1,CAL_FIT,True
775552_1780756500_H30,775552,2026-06-06T07:35:00-07:00,2026-06-06 14:35:00+00:00,717165,0.9593124389648438,False,0.0013322721209877,0,CAL_FIT,True
776465_1780756500_H30,776465,2026-06-06T07:35:00-07:00,2026-06-06 14:35:00+00:00,764829,0.0,True,0.0016143510473237,1,CAL_FIT,True
776493_1780756500_H30,776493,2026-06-06T07:35:00-07:00,2026-06-06 14:35:00+00:00,776203,4.774078369140624,False,0.0017792242885119,0,CAL_FIT,True
776751_1780756500_H30,776751,2026-06-06T07:35:00-07:00,2026-06-06 14:35:00+00:00,773024,0.7082977294921875,False,0.0062738392637895,0,CAL_FIT,True
776752_1780756500_H30,776752,2026-06-06T07:35:00-07:00,2026-06-06 14:35:00+00:00,773023,2.8113937377929688,False,0.0081787479596822,0,CAL_FIT,True
777212_1780756500_H30,777212,2026-06-06T07:35:00-07:00,2026-06-06 14:35:00+00:00,777223,0.0,True,0.0046166564548717,1,CAL_FIT,True
715938_1780756800_H30,715938,2026-06-06T07:40:00-07:00,2026-06-06 14:40:00+00:00,715944,3.45792007446289,False,0.006952898556178,0,CAL_FIT,True
716085_1780756800_H30,716085,2026-06-06T07:40:00-07:00,2026-06-06 14:40:00+00:00,717070,0.1170196533203125,False,0.0049418837968696,1,CAL_FIT,True
716088_1780756800_H30,716088,2026-06-06T07:40:00-07:00,2026-06-06 14:40:00+00:00,717071,1.0053558349609375,False,0.0084488925659504,0,CAL_FIT,True
716091_1780756800_H30,716091,2026-06-06T07:40:00-07:00,2026-06-06 14:40:00+00:00,717081,1.077083587646484,False,0.0008478048536463,0,CAL_FIT,True
716152_1780756800_H30,716152,2026-06-06T07:40:00-07:00,2026-06-06 14:40:00+00:00,717195,0.0,True,0.0047445568425171,1,CAL_FIT,True
716551_1780756800_H30,716551,2026-06-06T07:40:00-07:00,2026-06-06 14:40:00+00:00,716554,4.364654541015625,False,0.0253322758289395,0,CAL_FIT,True
716554_1780756800_H30,716554,2026-06-06T07:40:00-07:00,2026-06-06 14:40:00+00:00,717582,0.571044921875,False,0.031366246992782,0,CAL_FIT,True
716929_1780756800_H30,716929,2026-06-06T07:40:00-07:00,2026-06-06 14:40:00+00:00,715944,3.846141815185547,False,0.0212980287504322,0,CAL_FIT,True
716930_1780756800_H30,716930,2026-06-06T07:40:00-07:00,2026-06-06 14:40:00+00:00,718085,0.7195320129394531,False,0.0028714060489163,0,CAL_FIT,True
716934_1780756800_H30,716934,2026-06-06T07:40:00-07:00,2026-06-06 14:40:00+00:00,716936,3.4932212829589844,False,0.0042880041104505,0,CAL_FIT,True
716986_1780756800_H30,716986,2026-06-06T07:40:00-07:00,2026-06-06 14:40:00+00:00,716989,0.0,True,0.0008054744975874,1,CAL_FIT,True
717075_1780756800_H30,717075,2026-06-06T07:40:00-07:00,2026-06-06 14:40:00+00:00,717077,0.5772209167480469,False,0.0096658125292852,0,CAL_FIT,True
717077_1780756800_H30,717077,2026-06-06T07:40:00-07:00,2026-06-06 14:40:00+00:00,716092,0.8476638793945312,False,0.0001034709959258,0,CAL_FIT,True
717083_1780756800_H30,717083,2026-06-06T07:40:00-07:00,2026-06-06 14:40:00+00:00,717084,7.3745269775390625,False,0.0133239960465112,0,CAL_FIT,True
717087_1780756800_H30,717087,2026-06-06T07:40:00-07:00,2026-06-06 14:40:00+00:00,717081,1.0725173950195312,False,0.0007074302286804,0,CAL_FIT,True
717089_1780756800_H30,717089,2026-06-06T07:40:00-07:00,2026-06-06 14:40:00+00:00,717084,6.1912384033203125,False,0.0110290754314746,0,CAL_FIT,True
717091_1780756800_H30,717091,2026-06-06T07:40:00-07:00,2026-06-06 14:40:00+00:00,717081,1.1359748840332031,False,0.003620079900079,0,CAL_FIT,True
717093_1780756800_H30,717093,2026-06-06T07:40:00-07:00,2026-06-06 14:40:00+00:00,717084,9.729534149169922,False,0.0048882753228582,0,CAL_FIT,True
717097_1780756800_H30,717097,2026-06-06T07:40:00-07:00,2026-06-06 14:40:00+00:00,717084,7.713356018066406,False,0.0048162926778522,0,CAL_FIT,True
717101_1780756800_H30,717101,2026-06-06T07:40:00-07:00,2026-06-06 14:40:00+00:00,717095,2.178546905517578,False,0.0193774272361161,0,CAL_FIT,True
717108_1780756800_H30,717108,2026-06-06T07:40:00-07:00,2026-06-06 14:40:00+00:00,717095,2.220203399658204,False,0.0027033533426923,0,CAL_FIT,True
717112_1780756800_H30,717112,2026-06-06T07:40:00-07:00,2026-06-06 14:40:00+00:00,717108,1.6988906860351562,False,0.0059805362262241,0,CAL_FIT,True
717142_1780756800_H30,717142,2026-06-06T07:40:00-07:00,2026-06-06 14:40:00+00:00,717139,0.0,True,0.0006692941182427,1,CAL_FIT,True
717150_1780756800_H30,717150,2026-06-06T07:40:00-07:00,2026-06-06 14:40:00+00:00,774441,1.2357177734375004,False,0.0018226982257226,0,CAL_FIT,True
717154_1780756800_H30,717154,2026-06-06T07:40:00-07:00,2026-06-06 14:40:00+00:00,767329,1.5554809570312496,False,0.005116195234883,0,CAL_FIT,True
717160_1780756800_H30,717160,2026-06-06T07:40:00-07:00,2026-06-06 14:40:00+00:00,717167,0.1545791625976563,False,0.0241521937592684,1,CAL_FIT,True
717174_1780756800_H30,717174,2026-06-06T07:40:00-07:00,2026-06-06 14:40:00+00:00,764222,1.964878082275391,False,0.0086829452340334,0,CAL_FIT,True
717176_1780756800_H30,717176,2026-06-06T07:40:00-07:00,2026-06-06 14:40:00+00:00,764227,3.663711547851562,False,0.0158817964148438,0,CAL_FIT,True
717185_1780756800_H30,717185,2026-06-06T07:40:00-07:00,2026-06-06 14:40:00+00:00,717190,2.112857818603516,False,0.0216210374045858,0,CAL_FIT,True
717187_1780756800_H30,717187,2026-06-06T07:40:00-07:00,2026-06-06 14:40:00+00:00,717192,0.74755859375,False,0.0117298295622728,0,CAL_FIT,True
717190_1780756800_H30,717190,2026-06-06T07:40:00-07:00,2026-06-06 14:40:00+00:00,717185,1.49981689453125,False,0.0272087005675827,0,CAL_FIT,True
717192_1780756800_H30,717192,2026-06-06T07:40:00-07:00,2026-06-06 14:40:00+00:00,717187,1.475078582763672,False,0.0013134091239602,0,CAL_FIT,True
717195_1780756800_H30,717195,2026-06-06T07:40:00-07:00,2026-06-06 14:40:00+00:00,717198,1.1057891845703125,False,0.0494955531486863,0,CAL_FIT,True
717198_1780756800_H30,717198,2026-06-06T07:40:00-07:00,2026-06-06 14:40:00+00:00,717195,1.7862930297851558,False,0.0353857268771883,0,CAL_FIT,True
717200_1780756800_H30,717200,2026-06-06T07:40:00-07:00,2026-06-06 14:40:00+00:00,717196,2.137279510498047,False,0.0215810359258053,0,CAL_FIT,True
717219_1780756800_H30,717219,2026-06-06T07:40:00-07:00,2026-06-06 14:40:00+00:00,718119,2.032257080078125,False,0.0032841158235143,0,CAL_FIT,True
717240_1780756800_H30,717240,2026-06-06T07:40:00-07:00,2026-06-06 14:40:00+00:00,717246,2.9915771484375,False,0.0022470959091353,0,CAL_FIT,True
717241_1780756800_H30,717241,2026-06-06T07:40:00-07:00,2026-06-06 14:40:00+00:00,717247,1.6196250915527348,False,0.0631644623153246,0,CAL_FIT,True
717246_1780756800_H30,717246,2026-06-06T07:40:00-07:00,2026-06-06 14:40:00+00:00,717249,0.4621963500976562,False,0.0033011821989008,1,CAL_FIT,True
717249_1780756800_H30,717249,2026-06-06T07:40:00-07:00,2026-06-06 14:40:00+00:00,717252,0.5780372619628906,False,0.0014734510145153,0,CAL_FIT,True
717251_1780756800_H30,717251,2026-06-06T07:40:00-07:00,2026-06-06 14:40:00+00:00,717254,3.0397872924804688,False,0.0177538152720957,0,CAL_FIT,True
717252_1780756800_H30,717252,2026-06-06T07:40:00-07:00,2026-06-06 14:40:00+00:00,774728,0.6422119140625,False,0.000599697281597,0,CAL_FIT,True
717254_1780756800_H30,717254,2026-06-06T07:40:00-07:00,2026-06-06 14:40:00+00:00,774729,0.923381805419922,False,0.0309974716815502,0,CAL_FIT,True
717258_1780756800_H30,717258,2026-06-06T07:40:00-07:00,2026-06-06 14:40:00+00:00,774728,0.2106437683105468,False,0.0311706629916355,1,CAL_FIT,True
717373_1780756800_H30,717373,2026-06-06T07:40:00-07:00,2026-06-06 14:40:00+00:00,717376,0.554168701171875,False,0.0031812618317225,0,CAL_FIT,True
717374_1780756800_H30,717374,2026-06-06T07:40:00-07:00,2026-06-06 14:40:00+00:00,717375,0.0195999145507812,False,0.0032957675348428,1,CAL_FIT,True
717434_1780756800_H30,717434,2026-06-06T07:40:00-07:00,2026-06-06 14:40:00+00:00,717436,1.180683135986328,False,0.008763234056157,0,CAL_FIT,True
717435_1780756800_H30,717435,2026-06-06T07:40:00-07:00,2026-06-06 14:40:00+00:00,717438,0.815185546875,False,0.0010316470229184,0,CAL_FIT,True
717436_1780756800_H30,717436,2026-06-06T07:40:00-07:00,2026-06-06 14:40:00+00:00,717434,1.5269050598144531,False,0.0168060440926709,0,CAL_FIT,True
717440_1780756800_H30,717440,2026-06-06T07:40:00-07:00,2026-06-06 14:40:00+00:00,717435,1.8000564575195312,False,0.0064912841908763,0,CAL_FIT,True
717441_1780756800_H30,717441,2026-06-06T07:40:00-07:00,2026-06-06 14:40:00+00:00,717434,0.0,True,0.0064540377194834,1,CAL_FIT,True
717472_1780756800_H30,717472,2026-06-06T07:40:00-07:00,2026-06-06 14:40:00+00:00,769373,1.3783683776855469,False,0.0004486335613557,0,CAL_FIT,True
717473_1780756800_H30,717473,2026-06-06T07:40:00-07:00,2026-06-06 14:40:00+00:00,717469,0.0,True,0.0077434097222695,1,CAL_FIT,True
717578_1780756800_H30,717578,2026-06-06T07:40:00-07:00,2026-06-06 14:40:00+00:00,717580,0.7786407470703125,False,0.0123357751175731,0,CAL_FIT,True
717580_1780756800_H30,717580,2026-06-06T07:40:00-07:00,2026-06-06 14:40:00+00:00,717578,1.5839767456054688,False,0.0160203884506851,0,CAL_FIT,True
717582_1780756800_H30,717582,2026-06-06T07:40:00-07:00,2026-06-06 14:40:00+00:00,716554,1.9895324707031248,False,0.0566985228217216,0,CAL_FIT,True
717583_1780756800_H30,717583,2026-06-06T07:40:00-07:00,2026-06-06 14:40:00+00:00,717580,3.8666725158691406,False,0.008826153209276,0,CAL_FIT,True
717638_1780756800_H30,717638,2026-06-06T07:40:00-07:00,2026-06-06 14:40:00+00:00,717640,0.5107269287109377,False,0.0050724421059046,0,CAL_FIT,True
717640_1780756800_H30,717640,2026-06-06T07:40:00-07:00,2026-06-06 14:40:00+00:00,717638,0.0,True,0.0090113668344982,1,CAL_FIT,True
717646_1780756800_H30,717646,2026-06-06T07:40:00-07:00,2026-06-06 14:40:00+00:00,717650,2.351253509521484,False,0.0052224531331249,0,CAL_FIT,True
717650_1780756800_H30,717650,2026-06-06T07:40:00-07:00,2026-06-06 14:40:00+00:00,717654,3.29486083984375,False,0.0068817602213147,0,CAL_FIT,True
717654_1780756800_H30,717654,2026-06-06T07:40:00-07:00,2026-06-06 14:40:00+00:00,717659,0.0,True,0.0079750240386156,1,CAL_FIT,True
717673_1780756800_H30,717673,2026-06-06T07:40:00-07:00,2026-06-06 14:40:00+00:00,769702,0.942840576171875,False,0.0092355169769822,0,CAL_FIT,True
717674_1780756800_H30,717674,2026-06-06T07:40:00-07:00,2026-06-06 14:40:00+00:00,772888,4.198719024658203,False,0.0024549514466943,0,CAL_FIT,True
717790_1780756800_H30,717790,2026-06-06T07:40:00-07:00,2026-06-06 14:40:00+00:00,717787,0.0,True,0.002272080623689,1,CAL_FIT,True
717956_1780756800_H30,717956,2026-06-06T07:40:00-07:00,2026-06-06 14:40:00+00:00,767678,0.4019927978515625,False,0.0282931072470383,1,CAL_FIT,True
717989_1780756800_H30,717989,2026-06-06T07:40:00-07:00,2026-06-06 14:40:00+00:00,761776,3.1767349243164067,False,0.0033990712438053,0,CAL_FIT,True
718210_1780756800_H30,718210,2026-06-06T07:40:00-07:00,2026-06-06 14:40:00+00:00,761356,0.738311767578125,False,0.014288579903614,0,CAL_FIT,True
718259_1780756800_H30,718259,2026-06-06T07:40:00-07:00,2026-06-06 14:40:00+00:00,716663,0.6103134155273438,False,0.0016413446554409,0,CAL_FIT,True
718287_1780756800_H30,718287,2026-06-06T07:40:00-07:00,2026-06-06 14:40:00+00:00,764572,2.455669403076172,False,0.003810637166556,0,CAL_FIT,True
718356_1780756800_H30,718356,2026-06-06T07:40:00-07:00,2026-06-06 14:40:00+00:00,774799,3.4600143432617188,False,0.0008519627426928,0,CAL_FIT,True
718364_1780756800_H30,718364,2026-06-06T07:40:00-07:00,2026-06-06 14:40:00+00:00,716924,1.9427604675292969,False,0.0116203408712314,0,CAL_FIT,True
718375_1780756800_H30,718375,2026-06-06T07:40:00-07:00,2026-06-06 14:40:00+00:00,718376,2.1177558898925777,False,0.000266394791058,0,CAL_FIT,True
718496_1780756800_H30,718496,2026-06-06T07:40:00-07:00,2026-06-06 14:40:00+00:00,774204,0.1002349853515625,False,0.0323741206157749,1,CAL_FIT,True
718499_1780756800_H30,718499,2026-06-06T07:40:00-07:00,2026-06-06 14:40:00+00:00,773870,0.5171356201171879,False,0.0060453665716235,0,CAL_FIT,True
737504_1780756800_H30,737504,2026-06-06T07:40:00-07:00,2026-06-06 14:40:00+00:00,773724,0.1674575805664064,False,0.0031910369120101,1,CAL_FIT,True
759566_1780756800_H30,759566,2026-06-06T07:40:00-07:00,2026-06-06 14:40:00+00:00,763700,3.0075645446777344,False,0.0020219341794388,0,CAL_FIT,True
759762_1780756800_H30,759762,2026-06-06T07:40:00-07:00,2026-06-06 14:40:00+00:00,764417,0.876468658447265,False,0.0042007479990333,0,CAL_FIT,True
759783_1780756800_H30,759783,2026-06-06T07:40:00-07:00,2026-06-06 14:40:00+00:00,716977,0.0,True,0.013549161534694,1,CAL_FIT,True
759980_1780756800_H30,759980,2026-06-06T07:40:00-07:00,2026-06-06 14:40:00+00:00,717441,1.194549560546875,False,0.0252473998570196,0,CAL_FIT,True
760987_1780756800_H30,760987,2026-06-06T07:40:00-07:00,2026-06-06 14:40:00+00:00,773890,0.3861312866210938,False,0.0125030447834828,1,CAL_FIT,True
761003_1780756800_H30,761003,2026-06-06T07:40:00-07:00,2026-06-06 14:40:00+00:00,773904,2.3813552856445312,False,0.0076429852016407,0,CAL_FIT,True
761206_1780756800_H30,761206,2026-06-06T07:40:00-07:00,2026-06-06 14:40:00+00:00,772857,0.15863037109375,False,0.0105387026224061,1,CAL_FIT,True
761356_1780756800_H30,761356,2026-06-06T07:40:00-07:00,2026-06-06 14:40:00+00:00,718210,1.1750221252441406,False,0.0179875696643476,0,CAL_FIT,True
761374_1780756800_H30,761374,2026-06-06T07:40:00-07:00,2026-06-06 14:40:00+00:00,718210,0.0,True,0.0009678523656767,1,CAL_FIT,True
761552_1780756800_H30,761552,2026-06-06T07:40:00-07:00,2026-06-06 14:40:00+00:00,761541,4.801113128662109,False,0.0048370738983499,0,CAL_FIT,True
761776_1780756800_H30,761776,2026-06-06T07:40:00-07:00,2026-06-06 14:40:00+00:00,717980,0.0,True,0.0040721758417183,1,CAL_FIT,True
763479_1780756800_H30,763479,2026-06-06T07:40:00-07:00,2026-06-06 14:40:00+00:00,716172,0.0,True,0.0123150737377755,1,CAL_FIT,True
763558_1780756800_H30,763558,2026-06-06T07:40:00-07:00,2026-06-06 14:40:00+00:00,774866,0.0,True,0.0122328179511881,1,CAL_FIT,True
763563_1780756800_H30,763563,2026-06-06T07:40:00-07:00,2026-06-06 14:40:00+00:00,763568,0.4356231689453125,False,0.0101098938995333,1,CAL_FIT,True
763573_1780756800_H30,763573,2026-06-06T07:40:00-07:00,2026-06-06 14:40:00+00:00,774878,0.0,True,0.0007761198309489,1,CAL_FIT,True
763578_1780756800_H30,763578,2026-06-06T07:40:00-07:00,2026-06-06 14:40:00+00:00,774878,0.1631622314453127,False,0.0073540882435944,1,CAL_FIT,True
763583_1780756800_H30,763583,2026-06-06T07:40:00-07:00,2026-06-06 14:40:00+00:00,774878,0.0,True,0.0302082816929081,1,CAL_FIT,True
763649_1780756800_H30,763649,2026-06-06T07:40:00-07:00,2026-06-06 14:40:00+00:00,718052,0.0,True,0.0021525930906337,1,CAL_FIT,True
763683_1780756800_H30,763683,2026-06-06T07:40:00-07:00,2026-06-06 14:40:00+00:00,716834,0.6826210021972656,False,0.001884073387685,0,CAL_FIT,True
764001_1780756800_H30,764001,2026-06-06T07:40:00-07:00,2026-06-06 14:40:00+00:00,717848,0.0,True,0.0091320331403257,1,CAL_FIT,True
764096_1780756800_H30,764096,2026-06-06T07:40:00-07:00,2026-06-06 14:40:00+00:00,718356,0.0,True,0.0040615744792411,1,CAL_FIT,True
764222_1780756800_H30,764222,2026-06-06T07:40:00-07:00,2026-06-06 14:40:00+00:00,717174,1.1422195434570312,False,0.0249473282751891,0,CAL_FIT,True
764276_1780756800_H30,764276,2026-06-06T07:40:00-07:00,2026-06-06 14:40:00+00:00,764269,1.26971435546875,False,0.011450800786948,0,CAL_FIT,True
764304_1780756800_H30,764304,2026-06-06T07:40:00-07:00,2026-06-06 14:40:00+00:00,764276,0.0,True,0.0235150001460977,1,CAL_FIT,True
764578_1780756800_H30,764578,2026-06-06T07:40:00-07:00,2026-06-06 14:40:00+00:00,764572,2.31589126586914,False,0.0081959720733151,0,CAL_FIT,True
764814_1780756800_H30,764814,2026-06-06T07:40:00-07:00,2026-06-06 14:40:00+00:00,765150,0.0471954345703125,False,0.0263605242325404,1,CAL_FIT,True
764819_1780756800_H30,764819,2026-06-06T07:40:00-07:00,2026-06-06 14:40:00+00:00,776465,1.8221435546875,False,0.0381910489839891,0,CAL_FIT,True
764824_1780756800_H30,764824,2026-06-06T07:40:00-07:00,2026-06-06 14:40:00+00:00,764814,0.5517425537109375,False,0.010516447216567,0,CAL_FIT,True
764848_1780756800_H30,764848,2026-06-06T07:40:00-07:00,2026-06-06 14:40:00+00:00,764868,2.6343765258789062,False,0.0008430666237044,0,CAL_FIT,True
764915_1780756800_H30,764915,2026-06-06T07:40:00-07:00,2026-06-06 14:40:00+00:00,764910,0.0,True,0.0136910377137066,1,CAL_FIT,True
764932_1780756800_H30,764932,2026-06-06T07:40:00-07:00,2026-06-06 14:40:00+00:00,764915,0.8758926391601565,False,0.0063198591175233,0,CAL_FIT,True
765150_1780756800_H30,765150,2026-06-06T07:40:00-07:00,2026-06-06 14:40:00+00:00,764798,2.349720001220703,False,0.0065370626779029,0,CAL_FIT,True
765153_1780756800_H30,765153,2026-06-06T07:40:00-07:00,2026-06-06 14:40:00+00:00,718284,1.5279998779296884,False,0.0006949793887007,0,CAL_FIT,True
765456_1780756800_H30,765456,2026-06-06T07:40:00-07:00,2026-06-06 14:40:00+00:00,774491,1.3584442138671875,False,0.0242672731393173,0,CAL_FIT,True
765461_1780756800_H30,765461,2026-06-06T07:40:00-07:00,2026-06-06 14:40:00+00:00,766642,0.0,True,0.0313669676926182,1,CAL_FIT,True
765501_1780756800_H30,765501,2026-06-06T07:40:00-07:00,2026-06-06 14:40:00+00:00,763616,1.036102294921875,False,0.0511341923280692,0,CAL_FIT,True
766642_1780756800_H30,766642,2026-06-06T07:40:00-07:00,2026-06-06 14:40:00+00:00,766602,2.305034637451172,False,0.0208097829836141,0,CAL_FIT,True
766703_1780756800_H30,766703,2026-06-06T07:40:00-07:00,2026-06-06 14:40:00+00:00,764311,3.480659484863281,False,0.018325937683029,0,CAL_FIT,True
766712_1780756800_H30,766712,2026-06-06T07:40:00-07:00,2026-06-06 14:40:00+00:00,766703,4.325355529785156,False,0.0001828459173418,0,CAL_FIT,True
766721_1780756800_H30,766721,2026-06-06T07:40:00-07:00,2026-06-06 14:40:00+00:00,766694,1.9538116455078125,False,0.014116689009004,0,CAL_FIT,True
766788_1780756800_H30,766788,2026-06-06T07:40:00-07:00,2026-06-06 14:40:00+00:00,774926,4.218421936035156,False,0.0028560248608088,0,CAL_FIT,True
766843_1780756800_H30,766843,2026-06-06T07:40:00-07:00,2026-06-06 14:40:00+00:00,766620,2.5614585876464844,False,0.0392600860514853,0,CAL_FIT,True
767471_1780756800_H30,767471,2026-06-06T07:40:00-07:00,2026-06-06 14:40:00+00:00,718076,0.1447219848632812,False,0.0053400043776694,1,CAL_FIT,True
767542_1780756800_H30,767542,2026-06-06T07:40:00-07:00,2026-06-06 14:40:00+00:00,767495,12.157920837402344,False,0.0023977922168939,0,CAL_FIT,True
767554_1780756800_H30,767554,2026-06-06T07:40:00-07:00,2026-06-06 14:40:00+00:00,767541,0.5144882202148442,False,0.0042035964541756,0,CAL_FIT,True
767678_1780756800_H30,767678,2026-06-06T07:40:00-07:00,2026-06-06 14:40:00+00:00,773785,2.063026428222656,False,0.0036005931684723,0,CAL_FIT,True
767759_1780756800_H30,767759,2026-06-06T07:40:00-07:00,2026-06-06 14:40:00+00:00,767767,1.2963409423828125,False,0.0072595080433384,0,CAL_FIT,True
767760_1780756800_H30,767760,2026-06-06T07:40:00-07:00,2026-06-06 14:40:00+00:00,767768,5.27426528930664,False,0.0025741273106374,0,CAL_FIT,True
767810_1780756800_H30,767810,2026-06-06T07:40:00-07:00,2026-06-06 14:40:00+00:00,764915,4.188915252685547,False,0.0110080273345873,0,CAL_FIT,True
767811_1780756800_H30,767811,2026-06-06T07:40:00-07:00,2026-06-06 14:40:00+00:00,764937,1.950958251953125,False,4.128284092352885e-08,0,CAL_FIT,True
768328_1780756800_H30,768328,2026-06-06T07:40:00-07:00,2026-06-06 14:40:00+00:00,717247,0.0,True,0.009809514742648,1,CAL_FIT,True
768339_1780756800_H30,768339,2026-06-06T07:40:00-07:00,2026-06-06 14:40:00+00:00,717252,0.0,True,0.0256933151354163,1,CAL_FIT,True
768349_1780756800_H30,768349,2026-06-06T07:40:00-07:00,2026-06-06 14:40:00+00:00,717252,0.5607032775878906,False,0.0150408294816985,0,CAL_FIT,True
768779_1780756800_H30,768779,2026-06-06T07:40:00-07:00,2026-06-06 14:40:00+00:00,774800,0.0,True,0.0042846078696073,1,CAL_FIT,True
769788_1780756800_H30,769788,2026-06-06T07:40:00-07:00,2026-06-06 14:40:00+00:00,769806,1.160858154296875,False,0.0143086386669479,0,CAL_FIT,True
769847_1780756800_H30,769847,2026-06-06T07:40:00-07:00,2026-06-06 14:40:00+00:00,770385,0.0,True,0.0212322175486644,1,CAL_FIT,True
769880_1780756800_H30,769880,2026-06-06T07:40:00-07:00,2026-06-06 14:40:00+00:00,769866,0.0,True,0.0003386658801143,1,CAL_FIT,True
769895_1780756800_H30,769895,2026-06-06T07:40:00-07:00,2026-06-06 14:40:00+00:00,770385,1.5519142150878906,False,0.0009178916549013,0,CAL_FIT,True
769926_1780756800_H30,769926,2026-06-06T07:40:00-07:00,2026-06-06 14:40:00+00:00,769867,0.0,True,0.0223653351224666,1,CAL_FIT,True
769965_1780756800_H30,769965,2026-06-06T07:40:00-07:00,2026-06-06 14:40:00+00:00,770129,0.6232757568359375,False,0.0007848411515303,0,CAL_FIT,True
770061_1780756800_H30,770061,2026-06-06T07:40:00-07:00,2026-06-06 14:40:00+00:00,770556,1.229034423828125,False,0.0053361621159387,0,CAL_FIT,True
770089_1780756800_H30,770089,2026-06-06T07:40:00-07:00,2026-06-06 14:40:00+00:00,770103,0.1373214721679688,False,0.0096376369629078,1,CAL_FIT,True
770129_1780756800_H30,770129,2026-06-06T07:40:00-07:00,2026-06-06 14:40:00+00:00,769965,1.4393157958984375,False,0.016735870153726,0,CAL_FIT,True
770187_1780756800_H30,770187,2026-06-06T07:40:00-07:00,2026-06-06 14:40:00+00:00,770200,1.0290145874023438,False,0.0024763332632659,0,CAL_FIT,True
770275_1780756800_H30,770275,2026-06-06T07:40:00-07:00,2026-06-06 14:40:00+00:00,770545,0.0,True,0.0074763216496182,1,CAL_FIT,True
773890_1780756800_H30,773890,2026-06-06T07:40:00-07:00,2026-06-06 14:40:00+00:00,760987,0.0,True,0.0141750081182263,1,CAL_FIT,True
773927_1780756800_H30,773927,2026-06-06T07:40:00-07:00,2026-06-06 14:40:00+00:00,717578,1.6785736083984375,False,0.0028470225243779,0,CAL_FIT,True
774204_1780756800_H30,774204,2026-06-06T07:40:00-07:00,2026-06-06 14:40:00+00:00,718496,2.223052978515625,False,0.0360237332132069,0,CAL_FIT,True
774491_1780756800_H30,774491,2026-06-06T07:40:00-07:00,2026-06-06 14:40:00+00:00,766642,0.0,True,0.0162401186067429,1,CAL_FIT,True
774728_1780756800_H30,774728,2026-06-06T07:40:00-07:00,2026-06-06 14:40:00+00:00,717258,0.7079238891601562,False,0.0182284864592567,0,CAL_FIT,True
774729_1780756800_H30,774729,2026-06-06T07:40:00-07:00,2026-06-06 14:40:00+00:00,717254,2.867401123046875,False,0.061256143267327,0,CAL_FIT,True
774877_1780756800_H30,774877,2026-06-06T07:40:00-07:00,2026-06-06 14:40:00+00:00,774866,0.3664932250976562,False,0.0037037618995567,1,CAL_FIT,True
774878_1780756800_H30,774878,2026-06-06T07:40:00-07:00,2026-06-06 14:40:00+00:00,763578,1.0953369140625,False,0.0058258342949742,0,CAL_FIT,True
775029_1780756800_H30,775029,2026-06-06T07:40:00-07:00,2026-06-06 14:40:00+00:00,717167,0.9686813354492188,False,0.0380880318671386,0,CAL_FIT,True
775552_1780756800_H30,775552,2026-06-06T07:40:00-07:00,2026-06-06 14:40:00+00:00,717165,1.31475830078125,False,0.0073770774110088,0,CAL_FIT,True
776465_1780756800_H30,776465,2026-06-06T07:40:00-07:00,2026-06-06 14:40:00+00:00,764829,0.0,True,0.0100951491307267,1,CAL_FIT,True
776493_1780756800_H30,776493,2026-06-06T07:40:00-07:00,2026-06-06 14:40:00+00:00,718320,0.4832992553710937,False,0.0034248595105818,1,CAL_FIT,True
776751_1780756800_H30,776751,2026-06-06T07:40:00-07:00,2026-06-06 14:40:00+00:00,773024,1.243427276611328,False,0.0063630983764483,0,CAL_FIT,True
776752_1780756800_H30,776752,2026-06-06T07:40:00-07:00,2026-06-06 14:40:00+00:00,773023,1.507366180419922,False,0.0100079514899941,0,CAL_FIT,True
777212_1780756800_H30,777212,2026-06-06T07:40:00-07:00,2026-06-06 14:40:00+00:00,777204,5.465736389160156,False,0.0003139196418907,0,CAL_FIT,True
715938_1780757100_H30,715938,2026-06-06T07:45:00-07:00,2026-06-06 14:45:00+00:00,716929,0.8051528930664062,False,0.0419619348178089,0,CAL_FIT,True
716085_1780757100_H30,716085,2026-06-06T07:45:00-07:00,2026-06-06 14:45:00+00:00,717070,0.091094970703125,False,0.0023784815381949,1,CAL_FIT,True
716088_1780757100_H30,716088,2026-06-06T07:45:00-07:00,2026-06-06 14:45:00+00:00,717071,0.0,True,0.006178889825536,1,CAL_FIT,True
716091_1780757100_H30,716091,2026-06-06T07:45:00-07:00,2026-06-06 14:45:00+00:00,717081,0.519256591796875,False,0.002575276833317,0,CAL_FIT,True
716152_1780757100_H30,716152,2026-06-06T07:45:00-07:00,2026-06-06 14:45:00+00:00,717190,0.0489501953125,False,0.0027937412604909,1,CAL_FIT,True
716551_1780757100_H30,716551,2026-06-06T07:45:00-07:00,2026-06-06 14:45:00+00:00,716554,4.536617279052734,False,0.0149097265337742,0,CAL_FIT,True
716554_1780757100_H30,716554,2026-06-06T07:45:00-07:00,2026-06-06 14:45:00+00:00,717582,0.8657989501953125,False,0.0444744663774587,0,CAL_FIT,True
716929_1780757100_H30,716929,2026-06-06T07:45:00-07:00,2026-06-06 14:45:00+00:00,764435,3.294879913330078,False,0.0066487228225899,0,CAL_FIT,True
716930_1780757100_H30,716930,2026-06-06T07:45:00-07:00,2026-06-06 14:45:00+00:00,718085,0.8955345153808595,False,0.0032826275896204,0,CAL_FIT,True
716934_1780757100_H30,716934,2026-06-06T07:45:00-07:00,2026-06-06 14:45:00+00:00,716936,3.5893592834472656,False,0.0078829816086042,0,CAL_FIT,True
716986_1780757100_H30,716986,2026-06-06T07:45:00-07:00,2026-06-06 14:45:00+00:00,716989,0.8658180236816406,False,0.004239798796777,0,CAL_FIT,True
717075_1780757100_H30,717075,2026-06-06T07:45:00-07:00,2026-06-06 14:45:00+00:00,717077,0.998260498046875,False,0.001855276510762,0,CAL_FIT,True
717077_1780757100_H30,717077,2026-06-06T07:45:00-07:00,2026-06-06 14:45:00+00:00,717075,0.0,True,0.0016290750033624,1,CAL_FIT,True
717083_1780757100_H30,717083,2026-06-06T07:45:00-07:00,2026-06-06 14:45:00+00:00,717084,6.3802490234375,False,0.0064389665782735,0,CAL_FIT,True
717087_1780757100_H30,717087,2026-06-06T07:45:00-07:00,2026-06-06 14:45:00+00:00,717081,0.1716270446777343,False,0.0014017990242507,1,CAL_FIT,True
717089_1780757100_H30,717089,2026-06-06T07:45:00-07:00,2026-06-06 14:45:00+00:00,717084,5.051296234130859,False,0.003349055352698,0,CAL_FIT,True
717091_1780757100_H30,717091,2026-06-06T07:45:00-07:00,2026-06-06 14:45:00+00:00,717081,0.0218505859375,False,0.0008296332187946,1,CAL_FIT,True
717093_1780757100_H30,717093,2026-06-06T07:45:00-07:00,2026-06-06 14:45:00+00:00,717097,3.7347564697265625,False,0.0035770050465613,0,CAL_FIT,True
717097_1780757100_H30,717097,2026-06-06T07:45:00-07:00,2026-06-06 14:45:00+00:00,717093,1.939117431640625,False,0.0015649129500143,0,CAL_FIT,True
717101_1780757100_H30,717101,2026-06-06T07:45:00-07:00,2026-06-06 14:45:00+00:00,717095,1.561336517333984,False,0.0116947393374336,0,CAL_FIT,True
717108_1780757100_H30,717108,2026-06-06T07:45:00-07:00,2026-06-06 14:45:00+00:00,717116,0.0,True,0.0001609921936764,1,CAL_FIT,True
717112_1780757100_H30,717112,2026-06-06T07:45:00-07:00,2026-06-06 14:45:00+00:00,717108,1.666179656982422,False,0.0011719742856657,0,CAL_FIT,True
717142_1780757100_H30,717142,2026-06-06T07:45:00-07:00,2026-06-06 14:45:00+00:00,717139,1.3628463745117188,False,0.000763268785203,0,CAL_FIT,True
717150_1780757100_H30,717150,2026-06-06T07:45:00-07:00,2026-06-06 14:45:00+00:00,774441,0.68853759765625,False,0.0001554069359603,0,CAL_FIT,True
717154_1780757100_H30,717154,2026-06-06T07:45:00-07:00,2026-06-06 14:45:00+00:00,767329,2.117393493652344,False,0.0042078424503787,0,CAL_FIT,True
717160_1780757100_H30,717160,2026-06-06T07:45:00-07:00,2026-06-06 14:45:00+00:00,717167,0.2439956665039062,False,0.0135366972248134,1,CAL_FIT,True
717174_1780757100_H30,717174,2026-06-06T07:45:00-07:00,2026-06-06 14:45:00+00:00,717165,0.65301513671875,False,0.0114332523335426,0,CAL_FIT,True
717176_1780757100_H30,717176,2026-06-06T07:45:00-07:00,2026-06-06 14:45:00+00:00,764227,2.5625991821289062,False,0.0230870437356068,0,CAL_FIT,True
717185_1780757100_H30,717185,2026-06-06T07:45:00-07:00,2026-06-06 14:45:00+00:00,717190,0.6645393371582036,False,0.0299370086302629,0,CAL_FIT,True
717187_1780757100_H30,717187,2026-06-06T07:45:00-07:00,2026-06-06 14:45:00+00:00,717192,2.4521484375,False,0.0064814620566838,0,CAL_FIT,True
717190_1780757100_H30,717190,2026-06-06T07:45:00-07:00,2026-06-06 14:45:00+00:00,717185,0.0,True,0.0248416900527441,1,CAL_FIT,True
717192_1780757100_H30,717192,2026-06-06T07:45:00-07:00,2026-06-06 14:45:00+00:00,717187,1.6719398498535158,False,0.0025333160890505,0,CAL_FIT,True
717195_1780757100_H30,717195,2026-06-06T07:45:00-07:00,2026-06-06 14:45:00+00:00,717198,0.0023117065429688,False,0.0474256071089448,1,CAL_FIT,True
717198_1780757100_H30,717198,2026-06-06T07:45:00-07:00,2026-06-06 14:45:00+00:00,717195,0.9324455261230468,False,0.0378398259379433,0,CAL_FIT,True
717200_1780757100_H30,717200,2026-06-06T07:45:00-07:00,2026-06-06 14:45:00+00:00,717196,4.919609069824219,False,0.0050455888175966,0,CAL_FIT,True
717219_1780757100_H30,717219,2026-06-06T07:45:00-07:00,2026-06-06 14:45:00+00:00,718119,1.5684432983398438,False,0.0054936714225616,0,CAL_FIT,True
717240_1780757100_H30,717240,2026-06-06T07:45:00-07:00,2026-06-06 14:45:00+00:00,717245,2.728221893310547,False,0.0026189064744134,0,CAL_FIT,True
717241_1780757100_H30,717241,2026-06-06T07:45:00-07:00,2026-06-06 14:45:00+00:00,717247,0.0,True,0.0225880104687329,1,CAL_FIT,True
717246_1780757100_H30,717246,2026-06-06T07:45:00-07:00,2026-06-06 14:45:00+00:00,717245,0.0,True,0.0060105151711562,1,CAL_FIT,True
717249_1780757100_H30,717249,2026-06-06T07:45:00-07:00,2026-06-06 14:45:00+00:00,717246,0.7701911926269531,False,0.0057033682533059,0,CAL_FIT,True
717251_1780757100_H30,717251,2026-06-06T07:45:00-07:00,2026-06-06 14:45:00+00:00,768328,0.1273345947265625,False,0.0127287755718141,1,CAL_FIT,True
717252_1780757100_H30,717252,2026-06-06T07:45:00-07:00,2026-06-06 14:45:00+00:00,717249,0.3722381591796875,False,0.0066868288544206,1,CAL_FIT,True
717254_1780757100_H30,717254,2026-06-06T07:45:00-07:00,2026-06-06 14:45:00+00:00,774729,0.0,True,0.0132058899720076,1,CAL_FIT,True
717258_1780757100_H30,717258,2026-06-06T07:45:00-07:00,2026-06-06 14:45:00+00:00,774728,0.0779609680175782,False,0.0208061250514914,1,CAL_FIT,True
717373_1780757100_H30,717373,2026-06-06T07:45:00-07:00,2026-06-06 14:45:00+00:00,717376,0.0,True,0.0029656763480479,1,CAL_FIT,True
717374_1780757100_H30,717374,2026-06-06T07:45:00-07:00,2026-06-06 14:45:00+00:00,717375,0.0,True,0.0033854663337629,1,CAL_FIT,True
717434_1780757100_H30,717434,2026-06-06T07:45:00-07:00,2026-06-06 14:45:00+00:00,717441,1.687744140625,False,0.0012409650435691,0,CAL_FIT,True
717435_1780757100_H30,717435,2026-06-06T07:45:00-07:00,2026-06-06 14:45:00+00:00,717440,0.6470146179199219,False,0.0095875397794245,0,CAL_FIT,True
717436_1780757100_H30,717436,2026-06-06T07:45:00-07:00,2026-06-06 14:45:00+00:00,717434,0.7300300598144531,False,0.0066735260171834,0,CAL_FIT,True
717440_1780757100_H30,717440,2026-06-06T07:45:00-07:00,2026-06-06 14:45:00+00:00,717435,2.16128921508789,False,0.013908811214164,0,CAL_FIT,True
717441_1780757100_H30,717441,2026-06-06T07:45:00-07:00,2026-06-06 14:45:00+00:00,759980,1.0449676513671875,False,0.0211084359385946,0,CAL_FIT,True
717472_1780757100_H30,717472,2026-06-06T07:45:00-07:00,2026-06-06 14:45:00+00:00,717468,0.0,True,0.0006105802210596,1,CAL_FIT,True
717473_1780757100_H30,717473,2026-06-06T07:45:00-07:00,2026-06-06 14:45:00+00:00,717469,1.0832519531249996,False,0.006325760692607,0,CAL_FIT,True
717578_1780757100_H30,717578,2026-06-06T07:45:00-07:00,2026-06-06 14:45:00+00:00,717580,0.995147705078125,False,0.0220873800800126,0,CAL_FIT,True
717580_1780757100_H30,717580,2026-06-06T07:45:00-07:00,2026-06-06 14:45:00+00:00,717578,1.0757980346679688,False,0.0153358013449536,0,CAL_FIT,True
717582_1780757100_H30,717582,2026-06-06T07:45:00-07:00,2026-06-06 14:45:00+00:00,716554,1.7523345947265625,False,0.0593841929112329,0,CAL_FIT,True
717583_1780757100_H30,717583,2026-06-06T07:45:00-07:00,2026-06-06 14:45:00+00:00,717580,5.003894805908203,False,0.0129515129595369,0,CAL_FIT,True
717638_1780757100_H30,717638,2026-06-06T07:45:00-07:00,2026-06-06 14:45:00+00:00,717640,0.1070404052734375,False,0.0146611539504365,1,CAL_FIT,True
717640_1780757100_H30,717640,2026-06-06T07:45:00-07:00,2026-06-06 14:45:00+00:00,717638,0.0,True,0.0140621887635055,1,CAL_FIT,True
717646_1780757100_H30,717646,2026-06-06T07:45:00-07:00,2026-06-06 14:45:00+00:00,717650,2.528400421142578,False,0.0048934894780294,0,CAL_FIT,True
717650_1780757100_H30,717650,2026-06-06T07:45:00-07:00,2026-06-06 14:45:00+00:00,717654,1.1198501586914062,False,0.0179862163777158,0,CAL_FIT,True
717654_1780757100_H30,717654,2026-06-06T07:45:00-07:00,2026-06-06 14:45:00+00:00,717659,0.0,True,0.0021450275658691,1,CAL_FIT,True
717673_1780757100_H30,717673,2026-06-06T07:45:00-07:00,2026-06-06 14:45:00+00:00,769702,0.9568634033203124,False,0.0109119382473464,0,CAL_FIT,True
717674_1780757100_H30,717674,2026-06-06T07:45:00-07:00,2026-06-06 14:45:00+00:00,772888,3.5317420959472656,False,0.0008081748195001,0,CAL_FIT,True
717790_1780757100_H30,717790,2026-06-06T07:45:00-07:00,2026-06-06 14:45:00+00:00,717787,1.1108322143554688,False,0.0018137842982874,0,CAL_FIT,True
717956_1780757100_H30,717956,2026-06-06T07:45:00-07:00,2026-06-06 14:45:00+00:00,767678,1.34429931640625,False,0.0280575933620004,0,CAL_FIT,True
717989_1780757100_H30,717989,2026-06-06T07:45:00-07:00,2026-06-06 14:45:00+00:00,761776,2.0853004455566406,False,0.004754593131263,0,CAL_FIT,True
718210_1780757100_H30,718210,2026-06-06T07:45:00-07:00,2026-06-06 14:45:00+00:00,761356,0.7827949523925783,False,0.0102009525962634,0,CAL_FIT,True
718259_1780757100_H30,718259,2026-06-06T07:45:00-07:00,2026-06-06 14:45:00+00:00,716663,1.1963195800781246,False,0.001641355638261,0,CAL_FIT,True
718287_1780757100_H30,718287,2026-06-06T07:45:00-07:00,2026-06-06 14:45:00+00:00,764572,2.451923370361328,False,0.0037962402726312,0,CAL_FIT,True
718356_1780757100_H30,718356,2026-06-06T07:45:00-07:00,2026-06-06 14:45:00+00:00,718053,0.0,True,0.0009542814942177,1,CAL_FIT,True
718364_1780757100_H30,718364,2026-06-06T07:45:00-07:00,2026-06-06 14:45:00+00:00,716924,1.3692779541015625,False,0.0096658959647366,0,CAL_FIT,True
718375_1780757100_H30,718375,2026-06-06T07:45:00-07:00,2026-06-06 14:45:00+00:00,718376,1.537506103515625,False,0.0032696678712201,0,CAL_FIT,True
718496_1780757100_H30,718496,2026-06-06T07:45:00-07:00,2026-06-06 14:45:00+00:00,774204,0.5793304443359375,False,0.0307042625177922,0,CAL_FIT,True
718499_1780757100_H30,718499,2026-06-06T07:45:00-07:00,2026-06-06 14:45:00+00:00,773870,0.6751708984375,False,0.0077013055813743,0,CAL_FIT,True
737504_1780757100_H30,737504,2026-06-06T07:45:00-07:00,2026-06-06 14:45:00+00:00,773724,0.0,True,0.0029813990300662,1,CAL_FIT,True
759566_1780757100_H30,759566,2026-06-06T07:45:00-07:00,2026-06-06 14:45:00+00:00,759576,1.348247528076172,False,0.0006595231803367,0,CAL_FIT,True
759762_1780757100_H30,759762,2026-06-06T07:45:00-07:00,2026-06-06 14:45:00+00:00,764417,1.1808891296386723,False,0.0042008144193895,0,CAL_FIT,True
759783_1780757100_H30,759783,2026-06-06T07:45:00-07:00,2026-06-06 14:45:00+00:00,716977,2.3491783142089844,False,0.0110718488484773,0,CAL_FIT,True
759980_1780757100_H30,759980,2026-06-06T07:45:00-07:00,2026-06-06 14:45:00+00:00,717441,1.3999252319335938,False,0.0172017179688453,0,CAL_FIT,True
760987_1780757100_H30,760987,2026-06-06T07:45:00-07:00,2026-06-06 14:45:00+00:00,773890,0.8141403198242188,False,0.0156305530236144,0,CAL_FIT,True
761003_1780757100_H30,761003,2026-06-06T07:45:00-07:00,2026-06-06 14:45:00+00:00,773869,0.0,True,0.0011451399106893,1,CAL_FIT,True
761206_1780757100_H30,761206,2026-06-06T07:45:00-07:00,2026-06-06 14:45:00+00:00,772857,0.204315185546875,False,0.0003749670755248,1,CAL_FIT,True
761356_1780757100_H30,761356,2026-06-06T07:45:00-07:00,2026-06-06 14:45:00+00:00,718210,0.0,True,0.0057445320671294,1,CAL_FIT,True
761374_1780757100_H30,761374,2026-06-06T07:45:00-07:00,2026-06-06 14:45:00+00:00,769702,2.193466186523437,False,0.0034220596254491,0,CAL_FIT,True
761552_1780757100_H30,761552,2026-06-06T07:45:00-07:00,2026-06-06 14:45:00+00:00,761541,4.062290191650391,False,0.0058112303912431,0,CAL_FIT,True
761776_1780757100_H30,761776,2026-06-06T07:45:00-07:00,2026-06-06 14:45:00+00:00,717980,2.84206771850586,False,0.0051495226830315,0,CAL_FIT,True
763479_1780757100_H30,763479,2026-06-06T07:45:00-07:00,2026-06-06 14:45:00+00:00,716172,1.3659400939941406,False,0.015333227030122,0,CAL_FIT,True
763558_1780757100_H30,763558,2026-06-06T07:45:00-07:00,2026-06-06 14:45:00+00:00,774866,0.6036148071289062,False,0.0022175674655396,0,CAL_FIT,True
763563_1780757100_H30,763563,2026-06-06T07:45:00-07:00,2026-06-06 14:45:00+00:00,763568,0.3487396240234375,False,0.0056891093439209,1,CAL_FIT,True
763573_1780757100_H30,763573,2026-06-06T07:45:00-07:00,2026-06-06 14:45:00+00:00,763578,0.0,True,0.0131014927522231,1,CAL_FIT,True
763578_1780757100_H30,763578,2026-06-06T07:45:00-07:00,2026-06-06 14:45:00+00:00,774878,0.0974349975585937,False,0.00144933768246,1,CAL_FIT,True
763583_1780757100_H30,763583,2026-06-06T07:45:00-07:00,2026-06-06 14:45:00+00:00,774878,0.6247482299804688,False,0.012991945633608,0,CAL_FIT,True
763649_1780757100_H30,763649,2026-06-06T07:45:00-07:00,2026-06-06 14:45:00+00:00,718052,0.6125259399414062,False,0.0052925062010215,0,CAL_FIT,True
763683_1780757100_H30,763683,2026-06-06T07:45:00-07:00,2026-06-06 14:45:00+00:00,716834,0.0841560363769531,False,0.0064823573252854,1,CAL_FIT,True
764001_1780757100_H30,764001,2026-06-06T07:45:00-07:00,2026-06-06 14:45:00+00:00,717848,0.1058883666992187,False,0.0090461800894999,1,CAL_FIT,True
764096_1780757100_H30,764096,2026-06-06T07:45:00-07:00,2026-06-06 14:45:00+00:00,774799,1.1045608520507812,False,0.0036451453391122,0,CAL_FIT,True
764222_1780757100_H30,764222,2026-06-06T07:45:00-07:00,2026-06-06 14:45:00+00:00,717174,0.1923828125,False,0.0324520213232269,1,CAL_FIT,True
764276_1780757100_H30,764276,2026-06-06T07:45:00-07:00,2026-06-06 14:45:00+00:00,764269,1.4792404174804688,False,0.0168053641196359,0,CAL_FIT,True
764304_1780757100_H30,764304,2026-06-06T07:45:00-07:00,2026-06-06 14:45:00+00:00,764276,1.8639678955078125,False,0.0112833827676514,0,CAL_FIT,True
764578_1780757100_H30,764578,2026-06-06T07:45:00-07:00,2026-06-06 14:45:00+00:00,764572,2.1695098876953125,False,0.0063594693231698,0,CAL_FIT,True
764814_1780757100_H30,764814,2026-06-06T07:45:00-07:00,2026-06-06 14:45:00+00:00,765150,0.0,True,0.0203413348415135,1,CAL_FIT,True
764819_1780757100_H30,764819,2026-06-06T07:45:00-07:00,2026-06-06 14:45:00+00:00,764808,0.0,True,0.001595397235512,1,CAL_FIT,True
764824_1780757100_H30,764824,2026-06-06T07:45:00-07:00,2026-06-06 14:45:00+00:00,764814,0.4826812744140625,False,0.0006576950722814,1,CAL_FIT,True
764848_1780757100_H30,764848,2026-06-06T07:45:00-07:00,2026-06-06 14:45:00+00:00,764824,0.0,True,0.0001799262274673,1,CAL_FIT,True
764915_1780757100_H30,764915,2026-06-06T07:45:00-07:00,2026-06-06 14:45:00+00:00,764910,0.0,True,0.0112425558187716,1,CAL_FIT,True
764932_1780757100_H30,764932,2026-06-06T07:45:00-07:00,2026-06-06 14:45:00+00:00,764915,0.3255462646484375,False,0.0183123133264321,1,CAL_FIT,True
765150_1780757100_H30,765150,2026-06-06T07:45:00-07:00,2026-06-06 14:45:00+00:00,764798,2.667671203613281,False,0.0206672876247935,0,CAL_FIT,True
765153_1780757100_H30,765153,2026-06-06T07:45:00-07:00,2026-06-06 14:45:00+00:00,718284,0.5476226806640625,False,0.0039888591634128,0,CAL_FIT,True
765456_1780757100_H30,765456,2026-06-06T07:45:00-07:00,2026-06-06 14:45:00+00:00,774491,2.8262176513671875,False,0.0178728977434485,0,CAL_FIT,True
765461_1780757100_H30,765461,2026-06-06T07:45:00-07:00,2026-06-06 14:45:00+00:00,766642,0.0,True,0.0242952834390467,1,CAL_FIT,True
765501_1780757100_H30,765501,2026-06-06T07:45:00-07:00,2026-06-06 14:45:00+00:00,763616,1.3056488037109375,False,0.0187036840486688,0,CAL_FIT,True
766642_1780757100_H30,766642,2026-06-06T07:45:00-07:00,2026-06-06 14:45:00+00:00,766602,2.796504974365235,False,0.0073559988416129,0,CAL_FIT,True
766703_1780757100_H30,766703,2026-06-06T07:45:00-07:00,2026-06-06 14:45:00+00:00,764311,0.0,True,0.0246311706632457,1,CAL_FIT,True
766712_1780757100_H30,766712,2026-06-06T07:45:00-07:00,2026-06-06 14:45:00+00:00,766703,3.039863586425781,False,0.0341735508869087,0,CAL_FIT,True
766721_1780757100_H30,766721,2026-06-06T07:45:00-07:00,2026-06-06 14:45:00+00:00,766758,2.5284957885742188,False,0.0006973644751531,0,CAL_FIT,True
766788_1780757100_H30,766788,2026-06-06T07:45:00-07:00,2026-06-06 14:45:00+00:00,774926,6.940086364746094,False,0.0045733180937433,0,CAL_FIT,True
766843_1780757100_H30,766843,2026-06-06T07:45:00-07:00,2026-06-06 14:45:00+00:00,766620,4.092388153076172,False,0.0267884877637535,0,CAL_FIT,True
767471_1780757100_H30,767471,2026-06-06T07:45:00-07:00,2026-06-06 14:45:00+00:00,718072,0.0,True,0.0308384171581114,1,CAL_FIT,True
767542_1780757100_H30,767542,2026-06-06T07:45:00-07:00,2026-06-06 14:45:00+00:00,767495,12.47751235961914,False,0.0022137992929757,0,CAL_FIT,True
767554_1780757100_H30,767554,2026-06-06T07:45:00-07:00,2026-06-06 14:45:00+00:00,767541,0.208267211914062,False,0.0138280685103602,1,CAL_FIT,True
767678_1780757100_H30,767678,2026-06-06T07:45:00-07:00,2026-06-06 14:45:00+00:00,773785,2.4282264709472656,False,0.0032678412259164,0,CAL_FIT,True
767759_1780757100_H30,767759,2026-06-06T07:45:00-07:00,2026-06-06 14:45:00+00:00,767767,0.488525390625,False,0.0053069579849519,1,CAL_FIT,True
767760_1780757100_H30,767760,2026-06-06T07:45:00-07:00,2026-06-06 14:45:00+00:00,767768,6.5666351318359375,False,0.0022408207942718,0,CAL_FIT,True
767810_1780757100_H30,767810,2026-06-06T07:45:00-07:00,2026-06-06 14:45:00+00:00,764915,7.250522613525391,False,0.0186623440277045,0,CAL_FIT,True
767811_1780757100_H30,767811,2026-06-06T07:45:00-07:00,2026-06-06 14:45:00+00:00,764937,1.7482795715332031,False,4.128284092352885e-08,0,CAL_FIT,True
768328_1780757100_H30,768328,2026-06-06T07:45:00-07:00,2026-06-06 14:45:00+00:00,717247,0.0418701171875,False,0.018394074070309,1,CAL_FIT,True
768339_1780757100_H30,768339,2026-06-06T07:45:00-07:00,2026-06-06 14:45:00+00:00,717252,0.0578231811523436,False,0.0224317093215037,1,CAL_FIT,True
768349_1780757100_H30,768349,2026-06-06T07:45:00-07:00,2026-06-06 14:45:00+00:00,717252,0.407917022705078,False,0.0220666179506026,1,CAL_FIT,True
768779_1780757100_H30,768779,2026-06-06T07:45:00-07:00,2026-06-06 14:45:00+00:00,718050,2.7587966918945312,False,0.006132890089232,0,CAL_FIT,True
769788_1780757100_H30,769788,2026-06-06T07:45:00-07:00,2026-06-06 14:45:00+00:00,769806,1.31402587890625,False,0.0143762443598158,0,CAL_FIT,True
769847_1780757100_H30,769847,2026-06-06T07:45:00-07:00,2026-06-06 14:45:00+00:00,770385,0.0,True,0.0156818516490269,1,CAL_FIT,True
769880_1780757100_H30,769880,2026-06-06T07:45:00-07:00,2026-06-06 14:45:00+00:00,769866,0.0,True,0.0145690340820902,1,CAL_FIT,True
769895_1780757100_H30,769895,2026-06-06T07:45:00-07:00,2026-06-06 14:45:00+00:00,770385,2.752269744873047,False,0.0019056054429421,0,CAL_FIT,True
769926_1780757100_H30,769926,2026-06-06T07:45:00-07:00,2026-06-06 14:45:00+00:00,769867,0.0,True,0.0281731936313278,1,CAL_FIT,True
769965_1780757100_H30,769965,2026-06-06T07:45:00-07:00,2026-06-06 14:45:00+00:00,770129,0.2547378540039062,False,0.0217361953255784,1,CAL_FIT,True
770061_1780757100_H30,770061,2026-06-06T07:45:00-07:00,2026-06-06 14:45:00+00:00,770556,0.9197998046875,False,0.0038457363535575,0,CAL_FIT,True
770089_1780757100_H30,770089,2026-06-06T07:45:00-07:00,2026-06-06 14:45:00+00:00,770103,0.6939239501953125,False,0.0076548455934067,0,CAL_FIT,True
770129_1780757100_H30,770129,2026-06-06T07:45:00-07:00,2026-06-06 14:45:00+00:00,769965,0.0,True,0.0144933311453241,1,CAL_FIT,True
770187_1780757100_H30,770187,2026-06-06T07:45:00-07:00,2026-06-06 14:45:00+00:00,770200,2.90594482421875,False,0.0033142504799162,0,CAL_FIT,True
770275_1780757100_H30,770275,2026-06-06T07:45:00-07:00,2026-06-06 14:45:00+00:00,770545,0.8512420654296875,False,0.0082647826568542,0,CAL_FIT,True
773890_1780757100_H30,773890,2026-06-06T07:45:00-07:00,2026-06-06 14:45:00+00:00,760987,0.0,True,0.0080802658257129,1,CAL_FIT,True
773927_1780757100_H30,773927,2026-06-06T07:45:00-07:00,2026-06-06 14:45:00+00:00,717580,0.0,True,0.006597620421404,1,CAL_FIT,True
774204_1780757100_H30,774204,2026-06-06T07:45:00-07:00,2026-06-06 14:45:00+00:00,718496,1.7756271362304683,False,0.0345797013137698,0,CAL_FIT,True
774491_1780757100_H30,774491,2026-06-06T07:45:00-07:00,2026-06-06 14:45:00+00:00,766642,0.3358650207519531,False,0.0278711071994905,1,CAL_FIT,True
774728_1780757100_H30,774728,2026-06-06T07:45:00-07:00,2026-06-06 14:45:00+00:00,717252,0.8954010009765625,False,0.0041075049258779,0,CAL_FIT,True
774729_1780757100_H30,774729,2026-06-06T07:45:00-07:00,2026-06-06 14:45:00+00:00,717254,1.9980125427246096,False,0.0051911772749052,0,CAL_FIT,True
774877_1780757100_H30,774877,2026-06-06T07:45:00-07:00,2026-06-06 14:45:00+00:00,763558,0.4826583862304694,False,0.0080067353343657,1,CAL_FIT,True
774878_1780757100_H30,774878,2026-06-06T07:45:00-07:00,2026-06-06 14:45:00+00:00,763578,0.0,True,0.0143759550534621,1,CAL_FIT,True
775029_1780757100_H30,775029,2026-06-06T07:45:00-07:00,2026-06-06 14:45:00+00:00,717167,0.5612869262695312,False,0.0269466546493678,0,CAL_FIT,True
775552_1780757100_H30,775552,2026-06-06T07:45:00-07:00,2026-06-06 14:45:00+00:00,717165,0.4066619873046875,False,0.0227305722962928,1,CAL_FIT,True
776465_1780757100_H30,776465,2026-06-06T07:45:00-07:00,2026-06-06 14:45:00+00:00,764829,0.802978515625,False,0.0046635214777786,0,CAL_FIT,True
776493_1780757100_H30,776493,2026-06-06T07:45:00-07:00,2026-06-06 14:45:00+00:00,718320,0.0,True,0.0057207835413396,1,CAL_FIT,True
776751_1780757100_H30,776751,2026-06-06T07:45:00-07:00,2026-06-06 14:45:00+00:00,773024,0.0,True,0.0063181300020007,1,CAL_FIT,True
776752_1780757100_H30,776752,2026-06-06T07:45:00-07:00,2026-06-06 14:45:00+00:00,773023,2.908004760742191,False,0.0136021239326162,0,CAL_FIT,True
777212_1780757100_H30,777212,2026-06-06T07:45:00-07:00,2026-06-06 14:45:00+00:00,777204,4.897880554199219,False,0.0021102690240147,0,CAL_FIT,True
775511_1780813800_H30,775511,2026-06-06T23:30:00-07:00,2026-06-07 06:30:00+00:00,764311,2.6035232543945312,False,0.0163412122152031,0,CAL_FIT,True
775536_1780813800_H30,775536,2026-06-06T23:30:00-07:00,2026-06-07 06:30:00+00:00,768701,3.182025909423829,False,0.0075296148468644,0,CAL_FIT,True
775511_1780814100_H30,775511,2026-06-06T23:35:00-07:00,2026-06-07 06:35:00+00:00,764297,2.824081420898437,False,0.0174062807583835,0,CAL_FIT,True
775536_1780814100_H30,775536,2026-06-06T23:35:00-07:00,2026-06-07 06:35:00+00:00,768701,3.497108459472656,False,0.0052975363301059,0,CAL_FIT,True
775511_1780814400_H30,775511,2026-06-06T23:40:00-07:00,2026-06-07 06:40:00+00:00,764297,2.9034881591796875,False,0.0290847399135695,0,CAL_FIT,True
775536_1780814400_H30,775536,2026-06-06T23:40:00-07:00,2026-06-07 06:40:00+00:00,768701,0.4046821594238281,False,0.00607724037382,1,CAL_FIT,True
775511_1780814700_H30,775511,2026-06-06T23:45:00-07:00,2026-06-07 06:45:00+00:00,764311,4.356491088867188,False,0.0065064173110485,0,CAL_FIT,True
775536_1780814700_H30,775536,2026-06-06T23:45:00-07:00,2026-06-07 06:45:00+00:00,768701,0.0,True,0.0076479384963332,1,CAL_FIT,True
775511_1780815000_H30,775511,2026-06-06T23:50:00-07:00,2026-06-07 06:50:00+00:00,764311,4.425910949707031,False,0.0138815326907455,0,CAL_FIT,True
775536_1780815000_H30,775536,2026-06-06T23:50:00-07:00,2026-06-07 06:50:00+00:00,768701,0.0528602600097656,False,0.0047976870248069,1,CAL_FIT,True
775511_1780815300_H30,775511,2026-06-06T23:55:00-07:00,2026-06-07 06:55:00+00:00,764311,4.270286560058594,False,0.0234980796877636,0,CAL_FIT,True
775536_1780815300_H30,775536,2026-06-06T23:55:00-07:00,2026-06-07 06:55:00+00:00,768701,0.0,True,0.010204393442778,1,CAL_FIT,True
766843_1780900200_H30,766843,2026-06-07T23:30:00-07:00,2026-06-08 06:30:00+00:00,766620,0.9064559936523438,False,0.1631611419122567,0,CAL_FIT,True
766843_1780900500_H30,766843,2026-06-07T23:35:00-07:00,2026-06-08 06:35:00+00:00,766620,0.9059829711914062,False,0.0720947854438625,0,CAL_FIT,True
766843_1780900800_H30,766843,2026-06-07T23:40:00-07:00,2026-06-08 06:40:00+00:00,766620,2.176918029785156,False,0.221087774034435,0,CAL_FIT,True
766843_1780901100_H30,766843,2026-06-07T23:45:00-07:00,2026-06-08 06:45:00+00:00,766620,2.1988525390625,False,0.2144749769624965,0,CAL_FIT,True
766843_1780901400_H30,766843,2026-06-07T23:50:00-07:00,2026-06-08 06:50:00+00:00,766620,2.6216049194335938,False,0.1534331033644827,0,CAL_FIT,True
766843_1780901700_H30,766843,2026-06-07T23:55:00-07:00,2026-06-08 06:55:00+00:00,766620,1.5798568725585933,False,0.1726819551046173,0,CAL_FIT,True
775511_1780986600_H30,775511,2026-06-08T23:30:00-07:00,2026-06-09 06:30:00+00:00,764311,0.0,True,0.0057278951788386,1,CAL_FIT,True
775511_1780986900_H30,775511,2026-06-08T23:35:00-07:00,2026-06-09 06:35:00+00:00,764297,2.340431213378906,False,0.0312821394863703,0,CAL_FIT,True
775511_1780987200_H30,775511,2026-06-08T23:40:00-07:00,2026-06-09 06:40:00+00:00,764297,0.731414794921875,False,0.0040871026072764,0,CAL_FIT,True
775511_1780987500_H30,775511,2026-06-08T23:45:00-07:00,2026-06-09 06:45:00+00:00,764311,0.0,True,0.0110872531393383,1,CAL_FIT,True
775511_1780987800_H30,775511,2026-06-08T23:50:00-07:00,2026-06-09 06:50:00+00:00,764311,0.0,True,0.0151314385676545,1,CAL_FIT,True
775511_1780988100_H30,775511,2026-06-08T23:55:00-07:00,2026-06-09 06:55:00+00:00,764311,0.7690200805664062,False,0.0430672967605392,0,CAL_FIT,True
764839_1781159400_H30,764839,2026-06-10T23:30:00-07:00,2026-06-11 06:30:00+00:00,776465,0.0,True,0.1926645158678937,1,CAL_FIT,True
775511_1781159400_H30,775511,2026-06-10T23:30:00-07:00,2026-06-11 06:30:00+00:00,764311,0.49981689453125,False,0.0231959117181887,1,CAL_FIT,True
775536_1781159400_H30,775536,2026-06-10T23:30:00-07:00,2026-06-11 06:30:00+00:00,768701,1.0635910034179688,False,0.0074805109417888,0,CAL_FIT,True
764839_1781159700_H30,764839,2026-06-10T23:35:00-07:00,2026-06-11 06:35:00+00:00,776465,0.0,True,0.1711137730877017,1,CAL_FIT,True
775511_1781159700_H30,775511,2026-06-10T23:35:00-07:00,2026-06-11 06:35:00+00:00,764297,0.2096023559570312,False,0.0027852962419581,1,CAL_FIT,True
775536_1781159700_H30,775536,2026-06-10T23:35:00-07:00,2026-06-11 06:35:00+00:00,768701,0.1909027099609375,False,0.0089778681441494,1,CAL_FIT,True
764839_1781160000_H30,764839,2026-06-10T23:40:00-07:00,2026-06-11 06:40:00+00:00,776465,0.0,True,0.1164403336399209,1,CAL_FIT,True
775511_1781160000_H30,775511,2026-06-10T23:40:00-07:00,2026-06-11 06:40:00+00:00,764311,0.28118896484375,False,0.0174277511499861,1,CAL_FIT,True
775536_1781160000_H30,775536,2026-06-10T23:40:00-07:00,2026-06-11 06:40:00+00:00,768701,0.911861419677734,False,0.0054109936934245,0,CAL_FIT,True
764839_1781160300_H30,764839,2026-06-10T23:45:00-07:00,2026-06-11 06:45:00+00:00,776465,0.0,True,0.1874281779166422,1,CAL_FIT,True
775511_1781160300_H30,775511,2026-06-10T23:45:00-07:00,2026-06-11 06:45:00+00:00,764311,0.0349273681640625,False,0.0023456134036986,1,CAL_FIT,True
775536_1781160300_H30,775536,2026-06-10T23:45:00-07:00,2026-06-11 06:45:00+00:00,768701,0.0,True,0.0015497192059199,1,CAL_FIT,True
764839_1781160600_H30,764839,2026-06-10T23:50:00-07:00,2026-06-11 06:50:00+00:00,776465,0.415771484375,False,0.0761139314039542,1,CAL_FIT,True
775511_1781160600_H30,775511,2026-06-10T23:50:00-07:00,2026-06-11 06:50:00+00:00,764311,0.2054519653320312,False,0.0055413242830079,1,CAL_FIT,True
775536_1781160600_H30,775536,2026-06-10T23:50:00-07:00,2026-06-11 06:50:00+00:00,768701,1.021392822265625,False,0.004444610175856,0,CAL_FIT,True
764839_1781160900_H30,764839,2026-06-10T23:55:00-07:00,2026-06-11 06:55:00+00:00,776465,0.0,True,0.0999839284689692,1,CAL_FIT,True
775511_1781160900_H30,775511,2026-06-10T23:55:00-07:00,2026-06-11 06:55:00+00:00,764311,0.0347747802734375,False,0.0177635491682325,1,CAL_FIT,True
775536_1781160900_H30,775536,2026-06-10T23:55:00-07:00,2026-06-11 06:55:00+00:00,768701,0.0,True,0.0098868727443604,1,CAL_FIT,True
765501_1781245800_H30,765501,2026-06-11T23:30:00-07:00,2026-06-12 06:30:00+00:00,763616,0.0,True,0.0542483701905643,1,CAL_FIT,True
769866_1781245800_H30,769866,2026-06-11T23:30:00-07:00,2026-06-12 06:30:00+00:00,769847,0.0,True,0.0989885725830281,1,CAL_FIT,True
769867_1781245800_H30,769867,2026-06-11T23:30:00-07:00,2026-06-12 06:30:00+00:00,769926,0.312164306640625,False,0.0040476402351576,1,CAL_FIT,True
765501_1781246100_H30,765501,2026-06-11T23:35:00-07:00,2026-06-12 06:35:00+00:00,773773,1.7107315063476562,False,0.002053983667867,0,CAL_FIT,True
769866_1781246100_H30,769866,2026-06-11T23:35:00-07:00,2026-06-12 06:35:00+00:00,769847,0.0697402954101563,False,0.1218367686696564,1,CAL_FIT,True
769867_1781246100_H30,769867,2026-06-11T23:35:00-07:00,2026-06-12 06:35:00+00:00,769926,3.120269775390625,False,0.063372686596757,0,CAL_FIT,True
765501_1781246400_H30,765501,2026-06-11T23:40:00-07:00,2026-06-12 06:40:00+00:00,763616,0.2480316162109375,False,0.0491764685565159,1,CAL_FIT,True
769866_1781246400_H30,769866,2026-06-11T23:40:00-07:00,2026-06-12 06:40:00+00:00,769880,0.0,True,0.0078925188892906,1,CAL_FIT,True
769867_1781246400_H30,769867,2026-06-11T23:40:00-07:00,2026-06-12 06:40:00+00:00,769926,3.137191772460937,False,0.0711837155540231,0,CAL_FIT,True
765501_1781246700_H30,765501,2026-06-11T23:45:00-07:00,2026-06-12 06:45:00+00:00,763616,0.0,True,0.0864096520217181,1,CAL_FIT,True
769866_1781246700_H30,769866,2026-06-11T23:45:00-07:00,2026-06-12 06:45:00+00:00,769847,1.628173828125,False,0.1062823624644255,0,CAL_FIT,True
769867_1781246700_H30,769867,2026-06-11T23:45:00-07:00,2026-06-12 06:45:00+00:00,769926,3.116218566894531,False,0.1159243689295271,0,CAL_FIT,True
765501_1781247000_H30,765501,2026-06-11T23:50:00-07:00,2026-06-12 06:50:00+00:00,773773,4.840606689453125,False,0.0021970554987017,0,CAL_FIT,True
769866_1781247000_H30,769866,2026-06-11T23:50:00-07:00,2026-06-12 06:50:00+00:00,769847,1.589630126953125,False,0.007552350017008,0,CAL_FIT,True
769867_1781247000_H30,769867,2026-06-11T23:50:00-07:00,2026-06-12 06:50:00+00:00,769926,3.3867416381835938,False,0.0740333630917626,0,CAL_FIT,True
765501_1781247300_H30,765501,2026-06-11T23:55:00-07:00,2026-06-12 06:55:00+00:00,763616,0.0,True,0.0419300098024095,1,CAL_FIT,True
769866_1781247300_H30,769866,2026-06-11T23:55:00-07:00,2026-06-12 06:55:00+00:00,769847,0.0,True,0.0499186057916069,1,CAL_FIT,True
769867_1781247300_H30,769867,2026-06-11T23:55:00-07:00,2026-06-12 06:55:00+00:00,769965,1.1607589721679688,False,0.0380448651944091,0,CAL_FIT,True
718259_1781332200_H30,718259,2026-06-12T23:30:00-07:00,2026-06-13 06:30:00+00:00,773000,0.7032546997070312,False,0.0070407736210352,0,CAL_FIT,True
769895_1781332200_H30,769895,2026-06-12T23:30:00-07:00,2026-06-13 06:30:00+00:00,769847,0.2377700805664062,False,0.0538213343718968,1,CAL_FIT,True
769965_1781332200_H30,769965,2026-06-12T23:30:00-07:00,2026-06-13 06:30:00+00:00,770129,0.289520263671875,False,0.0061980327966497,1,CAL_FIT,True
718259_1781332500_H30,718259,2026-06-12T23:35:00-07:00,2026-06-13 06:35:00+00:00,773000,0.6124877929687496,False,0.0074942543412153,0,CAL_FIT,True
769895_1781332500_H30,769895,2026-06-12T23:35:00-07:00,2026-06-13 06:35:00+00:00,769847,0.0,True,0.0730787657928781,1,CAL_FIT,True
769965_1781332500_H30,769965,2026-06-12T23:35:00-07:00,2026-06-13 06:35:00+00:00,770129,0.6934356689453125,False,0.0807728546975091,0,CAL_FIT,True
718259_1781332800_H30,718259,2026-06-12T23:40:00-07:00,2026-06-13 06:40:00+00:00,773000,0.2602310180664062,False,0.0037518755598383,1,CAL_FIT,True
769895_1781332800_H30,769895,2026-06-12T23:40:00-07:00,2026-06-13 06:40:00+00:00,769880,0.6115112304687504,False,0.0404881462256599,0,CAL_FIT,True
769965_1781332800_H30,769965,2026-06-12T23:40:00-07:00,2026-06-13 06:40:00+00:00,770129,0.4398269653320312,False,0.0285529006350414,1,CAL_FIT,True
718259_1781333100_H30,718259,2026-06-12T23:45:00-07:00,2026-06-13 06:45:00+00:00,773000,0.3284149169921875,False,0.0082665287905049,1,CAL_FIT,True
769895_1781333100_H30,769895,2026-06-12T23:45:00-07:00,2026-06-13 06:45:00+00:00,769866,1.3070678710937502,False,0.0202208075492686,0,CAL_FIT,True
769965_1781333100_H30,769965,2026-06-12T23:45:00-07:00,2026-06-13 06:45:00+00:00,770129,0.4359207153320313,False,0.0979447508071537,1,CAL_FIT,True
718259_1781333400_H30,718259,2026-06-12T23:50:00-07:00,2026-06-13 06:50:00+00:00,773000,0.6606597900390625,False,0.0093112490318405,0,CAL_FIT,True
769895_1781333400_H30,769895,2026-06-12T23:50:00-07:00,2026-06-13 06:50:00+00:00,769847,1.2921676635742183,False,0.059066008945661,0,CAL_FIT,True
769965_1781333400_H30,769965,2026-06-12T23:50:00-07:00,2026-06-13 06:50:00+00:00,770129,0.8827590942382817,False,0.0325936150156625,0,CAL_FIT,True
718259_1781333700_H30,718259,2026-06-12T23:55:00-07:00,2026-06-13 06:55:00+00:00,773000,1.118621826171875,False,0.00647960977466,0,CAL_FIT,True
769895_1781333700_H30,769895,2026-06-12T23:55:00-07:00,2026-06-13 06:55:00+00:00,769847,0.3281173706054688,False,0.0963769328583666,1,CAL_FIT,True
769965_1781333700_H30,769965,2026-06-12T23:55:00-07:00,2026-06-13 06:55:00+00:00,770129,0.6133804321289062,False,0.0433625678973232,0,CAL_FIT,True
769866_1781418600_H30,769866,2026-06-13T23:30:00-07:00,2026-06-14 06:30:00+00:00,769847,0.168212890625,False,0.1372793245477269,1,CAL_FIT,True
769867_1781418600_H30,769867,2026-06-13T23:30:00-07:00,2026-06-14 06:30:00+00:00,769926,0.1649093627929687,False,0.1117903354601459,1,CAL_FIT,True
770141_1781418600_H30,770141,2026-06-13T23:30:00-07:00,2026-06-14 06:30:00+00:00,770129,0.3540878295898438,False,0.1232814868056406,1,CAL_FIT,True
769866_1781418900_H30,769866,2026-06-13T23:35:00-07:00,2026-06-14 06:35:00+00:00,769847,0.1315078735351562,False,0.069159633022123,1,CAL_FIT,True
769867_1781418900_H30,769867,2026-06-13T23:35:00-07:00,2026-06-14 06:35:00+00:00,769926,1.0280609130859375,False,0.0957537723011038,0,CAL_FIT,True
770141_1781418900_H30,770141,2026-06-13T23:35:00-07:00,2026-06-14 06:35:00+00:00,770129,0.3514480590820312,False,0.0530864347761672,1,CAL_FIT,True
769866_1781419200_H30,769866,2026-06-13T23:40:00-07:00,2026-06-14 06:40:00+00:00,769847,0.0,True,0.1018760028922585,1,CAL_FIT,True
769867_1781419200_H30,769867,2026-06-13T23:40:00-07:00,2026-06-14 06:40:00+00:00,769926,0.9982681274414058,False,0.0053655242035923,0,CAL_FIT,True
770141_1781419200_H30,770141,2026-06-13T23:40:00-07:00,2026-06-14 06:40:00+00:00,770129,0.2162017822265625,False,0.0805095925560422,1,CAL_FIT,True
769866_1781419500_H30,769866,2026-06-13T23:45:00-07:00,2026-06-14 06:45:00+00:00,769847,0.0,True,0.0645468976989272,1,CAL_FIT,True
769867_1781419500_H30,769867,2026-06-13T23:45:00-07:00,2026-06-14 06:45:00+00:00,769926,1.0315628051757812,False,0.20720328146393,0,CAL_FIT,True
770141_1781419500_H30,770141,2026-06-13T23:45:00-07:00,2026-06-14 06:45:00+00:00,770129,0.1987075805664062,False,0.1668057137427624,1,CAL_FIT,True
769866_1781419800_H30,769866,2026-06-13T23:50:00-07:00,2026-06-14 06:50:00+00:00,769847,0.4429855346679687,False,0.0933211589826638,1,CAL_FIT,True
769867_1781419800_H30,769867,2026-06-13T23:50:00-07:00,2026-06-14 06:50:00+00:00,769926,0.6893463134765625,False,0.1049653037488061,0,CAL_FIT,True
770141_1781419800_H30,770141,2026-06-13T23:50:00-07:00,2026-06-14 06:50:00+00:00,770129,0.4085311889648437,False,0.0817309280457064,1,CAL_FIT,True
769866_1781420100_H30,769866,2026-06-13T23:55:00-07:00,2026-06-14 06:55:00+00:00,769847,0.0,True,0.0474005233458182,1,CAL_FIT,True
769867_1781420100_H30,769867,2026-06-13T23:55:00-07:00,2026-06-14 06:55:00+00:00,769926,0.0,True,0.0680537481686013,1,CAL_FIT,True
770141_1781420100_H30,770141,2026-06-13T23:55:00-07:00,2026-06-14 06:55:00+00:00,770129,1.1589736938476562,False,0.0440242234849657,0,CAL_FIT,True
767759_1781505000_H30,767759,2026-06-14T23:30:00-07:00,2026-06-15 06:30:00+00:00,760650,0.0,True,0.0007415894690748,1,CAL_FIT,True
767760_1781505000_H30,767760,2026-06-14T23:30:00-07:00,2026-06-15 06:30:00+00:00,767768,0.4889984130859375,False,0.0058279147987682,1,CAL_FIT,True
767759_1781505300_H30,767759,2026-06-14T23:35:00-07:00,2026-06-15 06:35:00+00:00,767767,3.5994873046875,False,0.0009936362394955,0,CAL_EVAL,True
767760_1781505300_H30,767760,2026-06-14T23:35:00-07:00,2026-06-15 06:35:00+00:00,767768,1.3909263610839844,False,0.0058279147987682,0,CAL_EVAL,True
767759_1781505600_H30,767759,2026-06-14T23:40:00-07:00,2026-06-15 06:40:00+00:00,767767,2.9318771362304688,False,0.0017032669102561,0,CAL_EVAL,True
767760_1781505600_H30,767760,2026-06-14T23:40:00-07:00,2026-06-15 06:40:00+00:00,767768,0.69403076171875,False,0.0036325641062519,0,CAL_EVAL,True
767759_1781505900_H30,767759,2026-06-14T23:45:00-07:00,2026-06-15 06:45:00+00:00,767767,3.128387451171875,False,0.001009774772136,0,CAL_EVAL,True
767760_1781505900_H30,767760,2026-06-14T23:45:00-07:00,2026-06-15 06:45:00+00:00,767768,0.0,True,0.0058279147987682,1,CAL_EVAL,True
767759_1781506200_H30,767759,2026-06-14T23:50:00-07:00,2026-06-15 06:50:00+00:00,767767,2.841583251953125,False,0.0060515093750283,0,CAL_EVAL,True
767760_1781506200_H30,767760,2026-06-14T23:50:00-07:00,2026-06-15 06:50:00+00:00,767768,0.0166549682617187,False,0.0048037730648152,1,CAL_EVAL,True
767759_1781506500_H30,767759,2026-06-14T23:55:00-07:00,2026-06-15 06:55:00+00:00,767767,1.5758209228515625,False,0.0052019551751752,0,CAL_EVAL,True
767760_1781506500_H30,767760,2026-06-14T23:55:00-07:00,2026-06-15 06:55:00+00:00,767768,0.1124420166015625,False,0.0054148896313424,1,CAL_EVAL,True
765501_1781591400_H30,765501,2026-06-15T23:30:00-07:00,2026-06-16 06:30:00+00:00,763616,0.0437622070312504,False,0.1288212588237765,1,CAL_EVAL,True
766712_1781591400_H30,766712,2026-06-15T23:30:00-07:00,2026-06-16 06:30:00+00:00,766703,0.8686676025390621,False,0.1770513929300281,0,CAL_EVAL,True
765501_1781591700_H30,765501,2026-06-15T23:35:00-07:00,2026-06-16 06:35:00+00:00,763616,0.0,True,0.0838288388968346,1,CAL_EVAL,True
766712_1781591700_H30,766712,2026-06-15T23:35:00-07:00,2026-06-16 06:35:00+00:00,766703,0.6565780639648438,False,0.0900680687194558,0,CAL_EVAL,True
765501_1781592000_H30,765501,2026-06-15T23:40:00-07:00,2026-06-16 06:40:00+00:00,773773,5.264335632324219,False,0.0027366726714868,0,CAL_EVAL,True
766712_1781592000_H30,766712,2026-06-15T23:40:00-07:00,2026-06-16 06:40:00+00:00,766703,0.0,True,0.0494383525197976,1,CAL_EVAL,True
765501_1781592300_H30,765501,2026-06-15T23:45:00-07:00,2026-06-16 06:45:00+00:00,763616,2.144275665283204,False,0.1132341082020117,0,CAL_EVAL,True
766712_1781592300_H30,766712,2026-06-15T23:45:00-07:00,2026-06-16 06:45:00+00:00,766703,5.8636016845703125,False,0.0268459208696812,0,CAL_EVAL,True
765501_1781592600_H30,765501,2026-06-15T23:50:00-07:00,2026-06-16 06:50:00+00:00,763616,2.3494110107421875,False,0.022806667938584,0,CAL_EVAL,True
766712_1781592600_H30,766712,2026-06-15T23:50:00-07:00,2026-06-16 06:50:00+00:00,766703,1.47406005859375,False,0.0768825972253658,0,CAL_EVAL,True
765501_1781592900_H30,765501,2026-06-15T23:55:00-07:00,2026-06-16 06:55:00+00:00,763616,0.0,True,0.0499566428451283,1,CAL_EVAL,True
766712_1781592900_H30,766712,2026-06-15T23:55:00-07:00,2026-06-16 06:55:00+00:00,766703,3.338294982910156,False,0.0635472410360662,0,CAL_EVAL,True
764311_1781677800_H30,764311,2026-06-16T23:30:00-07:00,2026-06-17 06:30:00+00:00,766703,0.0938873291015625,False,0.1352949916348108,1,CAL_EVAL,True
764311_1781678100_H30,764311,2026-06-16T23:35:00-07:00,2026-06-17 06:35:00+00:00,766703,0.646026611328125,False,0.0072187986390954,0,CAL_EVAL,True
764311_1781678400_H30,764311,2026-06-16T23:40:00-07:00,2026-06-17 06:40:00+00:00,766703,0.0,True,0.0813468793411527,1,CAL_EVAL,True
764311_1781678700_H30,764311,2026-06-16T23:45:00-07:00,2026-06-17 06:45:00+00:00,766703,1.8537368774414065,False,0.0944327846907486,0,CAL_EVAL,True
764311_1781679000_H30,764311,2026-06-16T23:50:00-07:00,2026-06-17 06:50:00+00:00,766703,3.905548095703125,False,0.0715457849884905,0,CAL_EVAL,True
764311_1781679300_H30,764311,2026-06-16T23:55:00-07:00,2026-06-17 06:55:00+00:00,766703,1.7257919311523438,False,0.1499422610779742,0,CAL_EVAL,True
715938_1781720100_H30,715938,2026-06-17T11:15:00-07:00,2026-06-17 18:15:00+00:00,763975,0.0,True,0.0061895575439164,1,CAL_EVAL,True
716085_1781720100_H30,716085,2026-06-17T11:15:00-07:00,2026-06-17 18:15:00+00:00,737344,7.668678283691406,False,0.0041832828052573,0,CAL_EVAL,True
716088_1781720100_H30,716088,2026-06-17T11:15:00-07:00,2026-06-17 18:15:00+00:00,716091,1.6215591430664062,False,0.0319242019480237,0,CAL_EVAL,True
716091_1781720100_H30,716091,2026-06-17T11:15:00-07:00,2026-06-17 18:15:00+00:00,716088,1.0650787353515625,False,0.0555772338945273,0,CAL_EVAL,True
716152_1781720100_H30,716152,2026-06-17T11:15:00-07:00,2026-06-17 18:15:00+00:00,717198,0.2038078308105468,False,0.0145638156959818,1,CAL_EVAL,True
716551_1781720100_H30,716551,2026-06-17T11:15:00-07:00,2026-06-17 18:15:00+00:00,716554,3.427330017089844,False,0.0140669081282363,0,CAL_EVAL,True
716554_1781720100_H30,716554,2026-06-17T11:15:00-07:00,2026-06-17 18:15:00+00:00,717582,0.6224555969238282,False,0.0604741961929362,0,CAL_EVAL,True
716929_1781720100_H30,716929,2026-06-17T11:15:00-07:00,2026-06-17 18:15:00+00:00,715944,3.81435775756836,False,0.0542379304039293,0,CAL_EVAL,True
716930_1781720100_H30,716930,2026-06-17T11:15:00-07:00,2026-06-17 18:15:00+00:00,718085,7.225261688232422,False,0.0011848340362701,0,CAL_EVAL,True
716934_1781720100_H30,716934,2026-06-17T11:15:00-07:00,2026-06-17 18:15:00+00:00,759700,1.5584487915039062,False,0.0038417665739768,0,CAL_EVAL,True
716986_1781720100_H30,716986,2026-06-17T11:15:00-07:00,2026-06-17 18:15:00+00:00,716991,1.7629241943359375,False,0.0027485974824339,0,CAL_EVAL,True
717075_1781720100_H30,717075,2026-06-17T11:15:00-07:00,2026-06-17 18:15:00+00:00,717089,1.083904266357422,False,0.0006544534869494,0,CAL_EVAL,True
717077_1781720100_H30,717077,2026-06-17T11:15:00-07:00,2026-06-17 18:15:00+00:00,717075,0.0,True,0.0246951116242946,1,CAL_EVAL,True
717083_1781720100_H30,717083,2026-06-17T11:15:00-07:00,2026-06-17 18:15:00+00:00,717089,2.6761283874511723,False,0.0104257499803975,0,CAL_EVAL,True
717087_1781720100_H30,717087,2026-06-17T11:15:00-07:00,2026-06-17 18:15:00+00:00,717091,1.0437126159667964,False,0.0631574288528139,0,CAL_EVAL,True
717089_1781720100_H30,717089,2026-06-17T11:15:00-07:00,2026-06-17 18:15:00+00:00,717084,6.362545013427734,False,0.0051084899446746,0,CAL_EVAL,True
717091_1781720100_H30,717091,2026-06-17T11:15:00-07:00,2026-06-17 18:15:00+00:00,716101,1.7647361755371094,False,0.0083392860655304,0,CAL_EVAL,True
717093_1781720100_H30,717093,2026-06-17T11:15:00-07:00,2026-06-17 18:15:00+00:00,717097,0.0,True,0.0198129787545732,1,CAL_EVAL,True
717097_1781720100_H30,717097,2026-06-17T11:15:00-07:00,2026-06-17 18:15:00+00:00,717093,0.0,True,0.0382472193739128,1,CAL_EVAL,True
717101_1781720100_H30,717101,2026-06-17T11:15:00-07:00,2026-06-17 18:15:00+00:00,717091,1.565410614013672,False,0.0019334834109323,0,CAL_EVAL,True
717108_1781720100_H30,717108,2026-06-17T11:15:00-07:00,2026-06-17 18:15:00+00:00,717112,0.0,True,0.0057147298319429,1,CAL_EVAL,True
717112_1781720100_H30,717112,2026-06-17T11:15:00-07:00,2026-06-17 18:15:00+00:00,717108,0.0817794799804687,False,0.0103192433399062,1,CAL_EVAL,True
717142_1781720100_H30,717142,2026-06-17T11:15:00-07:00,2026-06-17 18:15:00+00:00,717135,2.899085998535156,False,0.0008941094399272,0,CAL_EVAL,True
717150_1781720100_H30,717150,2026-06-17T11:15:00-07:00,2026-06-17 18:15:00+00:00,717154,3.830898284912109,False,0.0673999507151826,0,CAL_EVAL,True
717154_1781720100_H30,717154,2026-06-17T11:15:00-07:00,2026-06-17 18:15:00+00:00,717150,2.61123275756836,False,0.0830172127584928,0,CAL_EVAL,True
717160_1781720100_H30,717160,2026-06-17T11:15:00-07:00,2026-06-17 18:15:00+00:00,717162,11.74502944946289,False,0.1701960283156541,0,CAL_EVAL,True
717174_1781720100_H30,717174,2026-06-17T11:15:00-07:00,2026-06-17 18:15:00+00:00,764222,1.6881141662597654,False,0.0375575145653861,0,CAL_EVAL,True
717176_1781720100_H30,717176,2026-06-17T11:15:00-07:00,2026-06-17 18:15:00+00:00,717192,2.908027648925781,False,0.0297477050251472,0,CAL_EVAL,True
717185_1781720100_H30,717185,2026-06-17T11:15:00-07:00,2026-06-17 18:15:00+00:00,717190,2.584442138671875,False,0.0605795788479078,0,CAL_EVAL,True
717187_1781720100_H30,717187,2026-06-17T11:15:00-07:00,2026-06-17 18:15:00+00:00,717192,1.5576171875,False,0.0034059151295488,0,CAL_EVAL,True
717190_1781720100_H30,717190,2026-06-17T11:15:00-07:00,2026-06-17 18:15:00+00:00,717185,0.2092742919921875,False,0.0831918426716364,1,CAL_EVAL,True
717192_1781720100_H30,717192,2026-06-17T11:15:00-07:00,2026-06-17 18:15:00+00:00,717200,2.3312606811523438,False,0.0178555814519483,0,CAL_EVAL,True
717195_1781720100_H30,717195,2026-06-17T11:15:00-07:00,2026-06-17 18:15:00+00:00,717198,2.36184310913086,False,0.0860365162946962,0,CAL_EVAL,True
717196_1781720100_H30,717196,2026-06-17T11:15:00-07:00,2026-06-17 18:15:00+00:00,717200,0.7394142150878906,False,0.0755684969856821,0,CAL_EVAL,True
717198_1781720100_H30,717198,2026-06-17T11:15:00-07:00,2026-06-17 18:15:00+00:00,717195,1.5367088317871094,False,0.0265558284694306,0,CAL_EVAL,True
717200_1781720100_H30,717200,2026-06-17T11:15:00-07:00,2026-06-17 18:15:00+00:00,716153,1.7122306823730469,False,0.0032028537645843,0,CAL_EVAL,True
717219_1781720100_H30,717219,2026-06-17T11:15:00-07:00,2026-06-17 18:15:00+00:00,718118,3.9018478393554688,False,0.0036786942918209,0,CAL_EVAL,True
717240_1781720100_H30,717240,2026-06-17T11:15:00-07:00,2026-06-17 18:15:00+00:00,717245,0.0,True,0.0126233368326346,1,CAL_EVAL,True
717241_1781720100_H30,717241,2026-06-17T11:15:00-07:00,2026-06-17 18:15:00+00:00,717236,0.0,True,0.0045999052897412,1,CAL_EVAL,True
717246_1781720100_H30,717246,2026-06-17T11:15:00-07:00,2026-06-17 18:15:00+00:00,717249,0.1623344421386718,False,0.0166579736059806,1,CAL_EVAL,True
717247_1781720100_H30,717247,2026-06-17T11:15:00-07:00,2026-06-17 18:15:00+00:00,768328,0.2258872985839843,False,0.0164920442132218,1,CAL_EVAL,True
717249_1781720100_H30,717249,2026-06-17T11:15:00-07:00,2026-06-17 18:15:00+00:00,768339,0.0,True,0.0015550110606798,1,CAL_EVAL,True
717251_1781720100_H30,717251,2026-06-17T11:15:00-07:00,2026-06-17 18:15:00+00:00,717254,2.9786148071289062,False,0.0172234051586018,0,CAL_EVAL,True
717252_1781720100_H30,717252,2026-06-17T11:15:00-07:00,2026-06-17 18:15:00+00:00,768339,0.0,True,0.0114627387690322,1,CAL_EVAL,True
717258_1781720100_H30,717258,2026-06-17T11:15:00-07:00,2026-06-17 18:15:00+00:00,774728,0.0,True,0.0496111953777123,1,CAL_EVAL,True
717373_1781720100_H30,717373,2026-06-17T11:15:00-07:00,2026-06-17 18:15:00+00:00,717381,0.0,True,0.0021962996187262,1,CAL_EVAL,True
717374_1781720100_H30,717374,2026-06-17T11:15:00-07:00,2026-06-17 18:15:00+00:00,717368,1.4380722045898438,False,0.0014470092543436,0,CAL_EVAL,True
717434_1781720100_H30,717434,2026-06-17T11:15:00-07:00,2026-06-17 18:15:00+00:00,717436,2.8046798706054688,False,0.0209012039472595,0,CAL_EVAL,True
717435_1781720100_H30,717435,2026-06-17T11:15:00-07:00,2026-06-17 18:15:00+00:00,717440,0.814041137695309,False,0.0055300055366406,0,CAL_EVAL,True
717436_1781720100_H30,717436,2026-06-17T11:15:00-07:00,2026-06-17 18:15:00+00:00,717434,1.8490753173828125,False,0.0228526613823994,0,CAL_EVAL,True
717440_1781720100_H30,717440,2026-06-17T11:15:00-07:00,2026-06-17 18:15:00+00:00,768222,8.002681732177734,False,0.0212358098032754,0,CAL_EVAL,True
717441_1781720100_H30,717441,2026-06-17T11:15:00-07:00,2026-06-17 18:15:00+00:00,717434,1.6733169555664062,False,0.001410803088466,0,CAL_EVAL,True
717578_1781720100_H30,717578,2026-06-17T11:15:00-07:00,2026-06-17 18:15:00+00:00,717580,8.25811004638672,False,0.0800234295437591,0,CAL_EVAL,True
717580_1781720100_H30,717580,2026-06-17T11:15:00-07:00,2026-06-17 18:15:00+00:00,717578,3.6084060668945312,False,0.0265418000290909,0,CAL_EVAL,True
717582_1781720100_H30,717582,2026-06-17T11:15:00-07:00,2026-06-17 18:15:00+00:00,716554,1.6071243286132808,False,0.0745411043211726,0,CAL_EVAL,True
717583_1781720100_H30,717583,2026-06-17T11:15:00-07:00,2026-06-17 18:15:00+00:00,717580,6.973472595214844,False,0.0395948150836913,0,CAL_EVAL,True
717637_1781720100_H30,717637,2026-06-17T11:15:00-07:00,2026-06-17 18:15:00+00:00,764137,17.787342071533203,False,0.005222209193452,0,CAL_EVAL,True
717638_1781720100_H30,717638,2026-06-17T11:15:00-07:00,2026-06-17 18:15:00+00:00,717640,1.9454383850097656,False,0.0191183906202352,0,CAL_EVAL,True
717640_1781720100_H30,717640,2026-06-17T11:15:00-07:00,2026-06-17 18:15:00+00:00,717638,3.4184608459472656,False,0.0084692372081481,0,CAL_EVAL,True
717646_1781720100_H30,717646,2026-06-17T11:15:00-07:00,2026-06-17 18:15:00+00:00,717640,0.0,True,0.0023644054082126,1,CAL_EVAL,True
717650_1781720100_H30,717650,2026-06-17T11:15:00-07:00,2026-06-17 18:15:00+00:00,717646,4.058921813964844,False,0.0184444544623084,0,CAL_EVAL,True
717654_1781720100_H30,717654,2026-06-17T11:15:00-07:00,2026-06-17 18:15:00+00:00,717646,1.3518638610839844,False,0.0011320691663407,0,CAL_EVAL,True
717673_1781720100_H30,717673,2026-06-17T11:15:00-07:00,2026-06-17 18:15:00+00:00,775795,3.860172271728516,False,0.0845198465772932,0,CAL_EVAL,True
717674_1781720100_H30,717674,2026-06-17T11:15:00-07:00,2026-06-17 18:15:00+00:00,772888,1.8457145690917969,False,0.0024549514466943,0,CAL_EVAL,True
717790_1781720100_H30,717790,2026-06-17T11:15:00-07:00,2026-06-17 18:15:00+00:00,772455,5.346900939941406,False,0.0343286455702438,0,CAL_EVAL,True
717956_1781720100_H30,717956,2026-06-17T11:15:00-07:00,2026-06-17 18:15:00+00:00,773785,0.7848396301269533,False,0.0118480703730757,0,CAL_EVAL,True
717989_1781720100_H30,717989,2026-06-17T11:15:00-07:00,2026-06-17 18:15:00+00:00,718002,5.215431213378906,False,0.0002433118644015,0,CAL_EVAL,True
718210_1781720100_H30,718210,2026-06-17T11:15:00-07:00,2026-06-17 18:15:00+00:00,761374,2.308990478515625,False,0.0068658343433765,0,CAL_EVAL,True
718259_1781720100_H30,718259,2026-06-17T11:15:00-07:00,2026-06-17 18:15:00+00:00,716663,5.996124267578125,False,0.0016413460312761,0,CAL_EVAL,True
718287_1781720100_H30,718287,2026-06-17T11:15:00-07:00,2026-06-17 18:15:00+00:00,718290,4.406158447265625,False,0.0004963526615382,0,CAL_EVAL,True
718356_1781720100_H30,718356,2026-06-17T11:15:00-07:00,2026-06-17 18:15:00+00:00,764089,1.6009292602539062,False,0.0030884496139942,0,CAL_EVAL,True
718364_1781720100_H30,718364,2026-06-17T11:15:00-07:00,2026-06-17 18:15:00+00:00,763980,5.497802734375002,False,0.0183836330424082,0,CAL_EVAL,True
718375_1781720100_H30,718375,2026-06-17T11:15:00-07:00,2026-06-17 18:15:00+00:00,716958,13.707965850830078,False,0.0255892499752844,0,CAL_EVAL,True
718496_1781720100_H30,718496,2026-06-17T11:15:00-07:00,2026-06-17 18:15:00+00:00,774204,1.0249710083007812,False,0.0338576285345643,0,CAL_EVAL,True
718499_1781720100_H30,718499,2026-06-17T11:15:00-07:00,2026-06-17 18:15:00+00:00,773906,1.646514892578125,False,0.0329216206603321,0,CAL_EVAL,True
737504_1781720100_H30,737504,2026-06-17T11:15:00-07:00,2026-06-17 18:15:00+00:00,717832,0.3396110534667969,False,0.0037262859506846,1,CAL_EVAL,True
759566_1781720100_H30,759566,2026-06-17T11:15:00-07:00,2026-06-17 18:15:00+00:00,763700,7.668167114257812,False,0.021429002058104,0,CAL_EVAL,True
759762_1781720100_H30,759762,2026-06-17T11:15:00-07:00,2026-06-17 18:15:00+00:00,759783,7.634071350097656,False,0.0019646433676634,0,CAL_EVAL,True
759772_1781720100_H30,759772,2026-06-17T11:15:00-07:00,2026-06-17 18:15:00+00:00,759762,5.7335968017578125,False,0.015790562668967,0,CAL_EVAL,True
759783_1781720100_H30,759783,2026-06-17T11:15:00-07:00,2026-06-17 18:15:00+00:00,759762,3.2174644470214844,False,0.0198589656781792,0,CAL_EVAL,True
759980_1781720100_H30,759980,2026-06-17T11:15:00-07:00,2026-06-17 18:15:00+00:00,717441,0.0,True,0.0304235063317803,1,CAL_EVAL,True
760987_1781720100_H30,760987,2026-06-17T11:15:00-07:00,2026-06-17 18:15:00+00:00,773890,0.8919563293457031,False,0.1056995058095604,0,CAL_EVAL,True
761003_1781720100_H30,761003,2026-06-17T11:15:00-07:00,2026-06-17 18:15:00+00:00,773869,5.1666412353515625,False,0.00639673633194,0,CAL_EVAL,True
761206_1781720100_H30,761206,2026-06-17T11:15:00-07:00,2026-06-17 18:15:00+00:00,769772,0.7808456420898438,False,0.0668510131696199,0,CAL_EVAL,True
761356_1781720100_H30,761356,2026-06-17T11:15:00-07:00,2026-06-17 18:15:00+00:00,718210,2.134735107421876,False,0.0072503650827356,0,CAL_EVAL,True
761374_1781720100_H30,761374,2026-06-17T11:15:00-07:00,2026-06-17 18:15:00+00:00,718210,4.236248016357422,False,6.605348323151611e-05,0,CAL_EVAL,True
761776_1781720100_H30,761776,2026-06-17T11:15:00-07:00,2026-06-17 18:15:00+00:00,716857,1.180011749267578,False,0.0100565873219803,0,CAL_EVAL,True
763479_1781720100_H30,763479,2026-06-17T11:15:00-07:00,2026-06-17 18:15:00+00:00,717219,1.6538734436035154,False,0.0059737652176388,0,CAL_EVAL,True
763558_1781720100_H30,763558,2026-06-17T11:15:00-07:00,2026-06-17 18:15:00+00:00,763563,1.5542373657226562,False,0.0397396838586566,0,CAL_EVAL,True
763563_1781720100_H30,763563,2026-06-17T11:15:00-07:00,2026-06-17 18:15:00+00:00,763558,1.4917945861816406,False,0.0290713259111672,0,CAL_EVAL,True
763573_1781720100_H30,763573,2026-06-17T11:15:00-07:00,2026-06-17 18:15:00+00:00,763578,4.080821990966797,False,0.0867535939628665,0,CAL_EVAL,True
763578_1781720100_H30,763578,2026-06-17T11:15:00-07:00,2026-06-17 18:15:00+00:00,763573,19.947265625,False,0.0185664649429414,0,CAL_EVAL,True
763583_1781720100_H30,763583,2026-06-17T11:15:00-07:00,2026-06-17 18:15:00+00:00,763578,27.56210708618164,False,0.0433615602578322,0,CAL_EVAL,True
763649_1781720100_H30,763649,2026-06-17T11:15:00-07:00,2026-06-17 18:15:00+00:00,774800,1.3190650939941406,False,0.0031853451001432,0,CAL_EVAL,True
764001_1781720100_H30,764001,2026-06-17T11:15:00-07:00,2026-06-17 18:15:00+00:00,717848,0.726402282714844,False,0.0010078663249522,0,CAL_EVAL,True
764096_1781720100_H30,764096,2026-06-17T11:15:00-07:00,2026-06-17 18:15:00+00:00,718356,0.9720497131347656,False,0.0549569740993147,0,CAL_EVAL,True
764222_1781720100_H30,764222,2026-06-17T11:15:00-07:00,2026-06-17 18:15:00+00:00,717174,0.9405288696289062,False,0.022045443507125,0,CAL_EVAL,True
764276_1781720100_H30,764276,2026-06-17T11:15:00-07:00,2026-06-17 18:15:00+00:00,766694,0.8956947326660156,False,0.0084986882717095,0,CAL_EVAL,True
764304_1781720100_H30,764304,2026-06-17T11:15:00-07:00,2026-06-17 18:15:00+00:00,764276,0.9649810791015624,False,0.1010211654713282,0,CAL_EVAL,True
764311_1781720100_H30,764311,2026-06-17T11:15:00-07:00,2026-06-17 18:15:00+00:00,766703,2.4880447387695312,False,0.1113146023178738,0,CAL_EVAL,True
764578_1781720100_H30,764578,2026-06-17T11:15:00-07:00,2026-06-17 18:15:00+00:00,765153,3.108711242675781,False,0.0006582271925299,0,CAL_EVAL,True
764583_1781720100_H30,764583,2026-06-17T11:15:00-07:00,2026-06-17 18:15:00+00:00,717776,11.01885986328125,False,0.0013425523009073,0,CAL_EVAL,True
764814_1781720100_H30,764814,2026-06-17T11:15:00-07:00,2026-06-17 18:15:00+00:00,764824,0.8841629028320312,False,0.0084634909350669,0,CAL_EVAL,True
764819_1781720100_H30,764819,2026-06-17T11:15:00-07:00,2026-06-17 18:15:00+00:00,776465,3.4285926818847656,False,0.0257718341055813,0,CAL_EVAL,True
764824_1781720100_H30,764824,2026-06-17T11:15:00-07:00,2026-06-17 18:15:00+00:00,764814,0.370361328125,False,0.0603753456500851,1,CAL_EVAL,True
764839_1781720100_H30,764839,2026-06-17T11:15:00-07:00,2026-06-17 18:15:00+00:00,776465,3.285720825195312,False,0.0271163891245464,0,CAL_EVAL,True
764848_1781720100_H30,764848,2026-06-17T11:15:00-07:00,2026-06-17 18:15:00+00:00,764824,0.8462600708007812,False,0.0717844790249742,0,CAL_EVAL,True
764915_1781720100_H30,764915,2026-06-17T11:15:00-07:00,2026-06-17 18:15:00+00:00,764910,0.1752548217773437,False,0.0005018281759117,1,CAL_EVAL,True
764932_1781720100_H30,764932,2026-06-17T11:15:00-07:00,2026-06-17 18:15:00+00:00,764915,1.7940750122070317,False,0.0456780244117623,0,CAL_EVAL,True
765153_1781720100_H30,765153,2026-06-17T11:15:00-07:00,2026-06-17 18:15:00+00:00,776843,0.5531730651855469,False,0.0113491608442766,0,CAL_EVAL,True
765456_1781720100_H30,765456,2026-06-17T11:15:00-07:00,2026-06-17 18:15:00+00:00,774491,18.27986145019531,False,0.0714871129221539,0,CAL_EVAL,True
765461_1781720100_H30,765461,2026-06-17T11:15:00-07:00,2026-06-17 18:15:00+00:00,766587,0.0,True,0.0299269541573815,1,CAL_EVAL,True
766585_1781720100_H30,766585,2026-06-17T11:15:00-07:00,2026-06-17 18:15:00+00:00,766600,0.0,True,0.0479147226017294,1,CAL_EVAL,True
766642_1781720100_H30,766642,2026-06-17T11:15:00-07:00,2026-06-17 18:15:00+00:00,766602,12.979171752929688,False,0.0021979461320733,0,CAL_EVAL,True
766703_1781720100_H30,766703,2026-06-17T11:15:00-07:00,2026-06-17 18:15:00+00:00,764311,3.7115974426269527,False,0.0597017376519944,0,CAL_EVAL,True
766721_1781720100_H30,766721,2026-06-17T11:15:00-07:00,2026-06-17 18:15:00+00:00,766694,1.1724929809570308,False,0.0118477611419198,0,CAL_EVAL,True
766788_1781720100_H30,766788,2026-06-17T11:15:00-07:00,2026-06-17 18:15:00+00:00,774946,2.3870239257812464,False,0.0052803105007854,0,CAL_EVAL,True
766843_1781720100_H30,766843,2026-06-17T11:15:00-07:00,2026-06-17 18:15:00+00:00,766600,1.0276565551757817,False,0.0347977266570988,0,CAL_EVAL,True
767471_1781720100_H30,767471,2026-06-17T11:15:00-07:00,2026-06-17 18:15:00+00:00,762329,0.480499267578125,False,0.0288617658027803,1,CAL_EVAL,True
767542_1781720100_H30,767542,2026-06-17T11:15:00-07:00,2026-06-17 18:15:00+00:00,767573,1.0138282775878906,False,0.0006951330595063,0,CAL_EVAL,True
767554_1781720100_H30,767554,2026-06-17T11:15:00-07:00,2026-06-17 18:15:00+00:00,767541,0.1733703613281254,False,0.0745109257461725,1,CAL_EVAL,True
767678_1781720100_H30,767678,2026-06-17T11:15:00-07:00,2026-06-17 18:15:00+00:00,773785,0.0,True,0.0070793706182884,1,CAL_EVAL,True
767759_1781720100_H30,767759,2026-06-17T11:15:00-07:00,2026-06-17 18:15:00+00:00,773012,0.8138999938964844,False,0.000691564496984,0,CAL_EVAL,True
767760_1781720100_H30,767760,2026-06-17T11:15:00-07:00,2026-06-17 18:15:00+00:00,773013,0.0,True,0.0002235007564441,1,CAL_EVAL,True
767810_1781720100_H30,767810,2026-06-17T11:15:00-07:00,2026-06-17 18:15:00+00:00,764915,1.860668182373047,False,0.0615949142133217,0,CAL_EVAL,True
767811_1781720100_H30,767811,2026-06-17T11:15:00-07:00,2026-06-17 18:15:00+00:00,764927,6.130275726318359,False,0.0034116778896309,0,CAL_EVAL,True
768328_1781720100_H30,768328,2026-06-17T11:15:00-07:00,2026-06-17 18:15:00+00:00,717254,2.6539840698242188,False,0.0163091881280062,0,CAL_EVAL,True
768339_1781720100_H30,768339,2026-06-17T11:15:00-07:00,2026-06-17 18:15:00+00:00,717252,1.3759384155273438,False,0.01079590426699,0,CAL_EVAL,True
768349_1781720100_H30,768349,2026-06-17T11:15:00-07:00,2026-06-17 18:15:00+00:00,717252,1.398090362548828,False,0.0132130926673234,0,CAL_EVAL,True
768779_1781720100_H30,768779,2026-06-17T11:15:00-07:00,2026-06-17 18:15:00+00:00,774800,1.3168334960937498,False,0.0366813666689694,0,CAL_EVAL,True
769788_1781720100_H30,769788,2026-06-17T11:15:00-07:00,2026-06-17 18:15:00+00:00,769819,1.018184661865234,False,0.0058313369025329,0,CAL_EVAL,True
769847_1781720100_H30,769847,2026-06-17T11:15:00-07:00,2026-06-17 18:15:00+00:00,769880,2.5955467224121094,False,0.1041352998284831,0,CAL_EVAL,True
769880_1781720100_H30,769880,2026-06-17T11:15:00-07:00,2026-06-17 18:15:00+00:00,769895,1.776596069335938,False,0.0185622423866204,0,CAL_EVAL,True
769895_1781720100_H30,769895,2026-06-17T11:15:00-07:00,2026-06-17 18:15:00+00:00,769880,0.0,True,0.064878432687758,1,CAL_EVAL,True
769926_1781720100_H30,769926,2026-06-17T11:15:00-07:00,2026-06-17 18:15:00+00:00,770386,0.7177085876464844,False,0.0019303282123756,0,CAL_EVAL,True
769965_1781720100_H30,769965,2026-06-17T11:15:00-07:00,2026-06-17 18:15:00+00:00,770129,0.2582435607910156,False,0.0343875976667706,1,CAL_EVAL,True
770061_1781720100_H30,770061,2026-06-17T11:15:00-07:00,2026-06-17 18:15:00+00:00,770331,0.9728279113769532,False,0.0012014515332628,0,CAL_EVAL,True
770089_1781720100_H30,770089,2026-06-17T11:15:00-07:00,2026-06-17 18:15:00+00:00,770061,0.0,True,0.027754383667399,1,CAL_EVAL,True
770129_1781720100_H30,770129,2026-06-17T11:15:00-07:00,2026-06-17 18:15:00+00:00,769965,0.0,True,0.0053429129347617,1,CAL_EVAL,True
770187_1781720100_H30,770187,2026-06-17T11:15:00-07:00,2026-06-17 18:15:00+00:00,770129,0.0,True,0.0500419993172433,1,CAL_EVAL,True
770275_1781720100_H30,770275,2026-06-17T11:15:00-07:00,2026-06-17 18:15:00+00:00,770332,3.680473327636719,False,0.0027178372309826,0,CAL_EVAL,True
773890_1781720100_H30,773890,2026-06-17T11:15:00-07:00,2026-06-17 18:15:00+00:00,760987,1.3861122131347656,False,0.0035946137742353,0,CAL_EVAL,True
773927_1781720100_H30,773927,2026-06-17T11:15:00-07:00,2026-06-17 18:15:00+00:00,717580,13.87896728515625,False,0.0148686203403233,0,CAL_EVAL,True
774204_1781720100_H30,774204,2026-06-17T11:15:00-07:00,2026-06-17 18:15:00+00:00,718496,0.7819175720214846,False,0.0189575788043562,0,CAL_EVAL,True
774491_1781720100_H30,774491,2026-06-17T11:15:00-07:00,2026-06-17 18:15:00+00:00,765456,16.13082504272461,False,0.0300171446775603,0,CAL_EVAL,True
774728_1781720100_H30,774728,2026-06-17T11:15:00-07:00,2026-06-17 18:15:00+00:00,717258,0.0,True,0.0372307522415879,1,CAL_EVAL,True
774729_1781720100_H30,774729,2026-06-17T11:15:00-07:00,2026-06-17 18:15:00+00:00,717254,2.455410003662109,False,0.0281216658263952,0,CAL_EVAL,True
774877_1781720100_H30,774877,2026-06-17T11:15:00-07:00,2026-06-17 18:15:00+00:00,763563,0.4814376831054687,False,0.0059401646470527,1,CAL_EVAL,True
774878_1781720100_H30,774878,2026-06-17T11:15:00-07:00,2026-06-17 18:15:00+00:00,763578,25.5145320892334,False,0.0953272102231584,0,CAL_EVAL,True
775029_1781720100_H30,775029,2026-06-17T11:15:00-07:00,2026-06-17 18:15:00+00:00,717162,11.562503814697262,False,0.1366494105492363,0,CAL_EVAL,True
775536_1781720100_H30,775536,2026-06-17T11:15:00-07:00,2026-06-17 18:15:00+00:00,718405,6.512958526611328,False,0.0031538836974766,0,CAL_EVAL,True
775552_1781720100_H30,775552,2026-06-17T11:15:00-07:00,2026-06-17 18:15:00+00:00,717165,0.3806419372558594,False,0.0216206573925477,1,CAL_EVAL,True
776465_1781720100_H30,776465,2026-06-17T11:15:00-07:00,2026-06-17 18:15:00+00:00,764863,0.0,True,0.001129772945727,1,CAL_EVAL,True
776493_1781720100_H30,776493,2026-06-17T11:15:00-07:00,2026-06-17 18:15:00+00:00,763468,8.103172302246094,False,0.0020538373469349,0,CAL_EVAL,True
776751_1781720100_H30,776751,2026-06-17T11:15:00-07:00,2026-06-17 18:15:00+00:00,773062,0.741539001464842,False,0.0228320922305454,0,CAL_EVAL,True
776752_1781720100_H30,776752,2026-06-17T11:15:00-07:00,2026-06-17 18:15:00+00:00,773023,10.295049667358398,False,0.0089153233199009,0,CAL_EVAL,True
777212_1781720100_H30,777212,2026-06-17T11:15:00-07:00,2026-06-17 18:15:00+00:00,777204,6.9842071533203125,False,0.0017115062395221,0,CAL_EVAL,True
765501_1781758800_H30,765501,2026-06-17T22:00:00-07:00,2026-06-18 05:00:00+00:00,773773,0.0783004760742187,False,0.0070713441320697,1,CAL_EVAL,True
765501_1781759100_H30,765501,2026-06-17T22:05:00-07:00,2026-06-18 05:05:00+00:00,763616,0.0,True,0.0495799394909205,1,CAL_EVAL,True
765501_1781759400_H30,765501,2026-06-17T22:10:00-07:00,2026-06-18 05:10:00+00:00,763616,0.0,True,0.0067432317141197,1,CAL_EVAL,True
765501_1781759700_H30,765501,2026-06-17T22:15:00-07:00,2026-06-18 05:15:00+00:00,763616,0.0,True,0.0102372411018576,1,CAL_EVAL,True
765501_1781760000_H30,765501,2026-06-17T22:20:00-07:00,2026-06-18 05:20:00+00:00,763616,0.0,True,0.0906698948439661,1,CAL_EVAL,True
765501_1781760300_H30,765501,2026-06-17T22:25:00-07:00,2026-06-18 05:25:00+00:00,763616,1.346626281738281,False,0.0281703413308241,0,CAL_EVAL,True
766712_1781764200_H30,766712,2026-06-17T23:30:00-07:00,2026-06-18 06:30:00+00:00,764311,0.5313491821289062,False,0.0430632514077752,0,CAL_EVAL,True
766712_1781764500_H30,766712,2026-06-17T23:35:00-07:00,2026-06-18 06:35:00+00:00,764311,0.4968719482421875,False,0.0669814952968239,1,CAL_EVAL,True
766712_1781764800_H30,766712,2026-06-17T23:40:00-07:00,2026-06-18 06:40:00+00:00,764311,2.9990310668945312,False,0.056635087741644,0,CAL_EVAL,True
766712_1781765100_H30,766712,2026-06-17T23:45:00-07:00,2026-06-18 06:45:00+00:00,764311,2.1813507080078125,False,0.1232708437774822,0,CAL_EVAL,True
766712_1781765400_H30,766712,2026-06-17T23:50:00-07:00,2026-06-18 06:50:00+00:00,764311,2.0144958496093754,False,0.1264827092793047,0,CAL_EVAL,True
766712_1781765700_H30,766712,2026-06-17T23:55:00-07:00,2026-06-18 06:55:00+00:00,766703,0.6196136474609375,False,0.1355543004314606,0,CAL_EVAL,True
765501_1781850600_H30,765501,2026-06-18T23:30:00-07:00,2026-06-19 06:30:00+00:00,763616,0.0,True,0.042858459937281,1,CAL_EVAL,True
775536_1781850600_H30,775536,2026-06-18T23:30:00-07:00,2026-06-19 06:30:00+00:00,768701,2.1332473754882804,False,0.0052876226866642,0,CAL_EVAL,True
765501_1781850900_H30,765501,2026-06-18T23:35:00-07:00,2026-06-19 06:35:00+00:00,763616,0.0,True,0.0752315791778955,1,CAL_EVAL,True
775536_1781850900_H30,775536,2026-06-18T23:35:00-07:00,2026-06-19 06:35:00+00:00,768701,2.227973937988282,False,0.0047021314134598,0,CAL_EVAL,True
765501_1781851200_H30,765501,2026-06-18T23:40:00-07:00,2026-06-19 06:40:00+00:00,763616,0.0,True,0.017888401188784,1,CAL_EVAL,True
775536_1781851200_H30,775536,2026-06-18T23:40:00-07:00,2026-06-19 06:40:00+00:00,768701,1.6486740112304692,False,0.0016078764818779,0,CAL_EVAL,True
765501_1781851500_H30,765501,2026-06-18T23:45:00-07:00,2026-06-19 06:45:00+00:00,763616,1.3807373046875,False,0.015268447575837,0,CAL_EVAL,True
775536_1781851500_H30,775536,2026-06-18T23:45:00-07:00,2026-06-19 06:45:00+00:00,768701,0.0508804321289062,False,0.0048495995915222,1,CAL_EVAL,True
765501_1781851800_H30,765501,2026-06-18T23:50:00-07:00,2026-06-19 06:50:00+00:00,763616,2.5075836181640625,False,0.0956628194605014,0,CAL_EVAL,True
775536_1781851800_H30,775536,2026-06-18T23:50:00-07:00,2026-06-19 06:50:00+00:00,768701,0.0884857177734375,False,0.0049905361660747,1,CAL_EVAL,True
765501_1781852100_H30,765501,2026-06-18T23:55:00-07:00,2026-06-19 06:55:00+00:00,763616,3.1461944580078125,False,0.0974655471563725,0,CAL_EVAL,True
775536_1781852100_H30,775536,2026-06-18T23:55:00-07:00,2026-06-19 06:55:00+00:00,768701,0.5537300109863281,False,0.0096903671493076,0,CAL_EVAL,True
769880_1781937000_H30,769880,2026-06-19T23:30:00-07:00,2026-06-20 06:30:00+00:00,769847,0.5916824340820312,False,0.0861014998455162,0,CAL_EVAL,True
769880_1781937300_H30,769880,2026-06-19T23:35:00-07:00,2026-06-20 06:35:00+00:00,769847,0.0,True,0.0317896358287031,1,CAL_EVAL,True
769880_1781937600_H30,769880,2026-06-19T23:40:00-07:00,2026-06-20 06:40:00+00:00,769847,1.73590087890625,False,0.0501509040855245,0,CAL_EVAL,True
769880_1781937900_H30,769880,2026-06-19T23:45:00-07:00,2026-06-20 06:45:00+00:00,769847,1.4560699462890625,False,0.0513321992873889,0,CAL_EVAL,True
769880_1781938200_H30,769880,2026-06-19T23:50:00-07:00,2026-06-20 06:50:00+00:00,769895,0.3837966918945312,False,0.0155000487525922,1,CAL_EVAL,True
769880_1781938500_H30,769880,2026-06-19T23:55:00-07:00,2026-06-20 06:55:00+00:00,769847,0.0,True,0.0410944109997814,1,CAL_EVAL,True
770141_1782023400_H30,770141,2026-06-20T23:30:00-07:00,2026-06-21 06:30:00+00:00,770129,0.2165451049804687,False,0.1188900246100803,1,CAL_EVAL,True
770141_1782023700_H30,770141,2026-06-20T23:35:00-07:00,2026-06-21 06:35:00+00:00,770129,0.3154983520507811,False,0.1049476953124709,1,CAL_EVAL,True
770141_1782024000_H30,770141,2026-06-20T23:40:00-07:00,2026-06-21 06:40:00+00:00,770129,0.3183212280273433,False,0.1194056916069645,1,CAL_EVAL,True
770141_1782024300_H30,770141,2026-06-20T23:45:00-07:00,2026-06-21 06:45:00+00:00,770129,0.2816238403320312,False,0.0679562786278696,1,CAL_EVAL,True
770141_1782024600_H30,770141,2026-06-20T23:50:00-07:00,2026-06-21 06:50:00+00:00,770129,0.2432708740234366,False,0.1116386685119482,1,CAL_EVAL,True
770141_1782024900_H30,770141,2026-06-20T23:55:00-07:00,2026-06-21 06:55:00+00:00,770129,0.9356460571289062,False,0.1085496146135247,0,CAL_EVAL,True
717674_1782109800_H30,717674,2026-06-21T23:30:00-07:00,2026-06-22 06:30:00+00:00,717675,3.2904052734375004,False,0.0043428931794792,0,CAL_EVAL,True
765456_1782109800_H30,765456,2026-06-21T23:30:00-07:00,2026-06-22 06:30:00+00:00,774491,0.0400238037109375,False,0.0013868528577438,1,CAL_EVAL,True
765461_1782109800_H30,765461,2026-06-21T23:30:00-07:00,2026-06-22 06:30:00+00:00,766642,0.2738418579101562,False,0.0426208898520562,1,CAL_EVAL,True
717674_1782110100_H30,717674,2026-06-21T23:35:00-07:00,2026-06-22 06:35:00+00:00,717675,1.904991149902344,False,0.0043428848154467,0,CAL_EVAL,True
765456_1782110100_H30,765456,2026-06-21T23:35:00-07:00,2026-06-22 06:35:00+00:00,774491,3.098228454589844,False,0.0455865085875253,0,CAL_EVAL,True
765461_1782110100_H30,765461,2026-06-21T23:35:00-07:00,2026-06-22 06:35:00+00:00,766587,0.4151382446289062,False,0.0354965489785998,1,CAL_EVAL,True
717674_1782110400_H30,717674,2026-06-21T23:40:00-07:00,2026-06-22 06:40:00+00:00,717675,1.2599639892578125,False,0.0043428946420553,0,CAL_EVAL,True
765456_1782110400_H30,765456,2026-06-21T23:40:00-07:00,2026-06-22 06:40:00+00:00,774491,1.381256103515625,False,0.1268230907551614,0,CAL_EVAL,True
765461_1782110400_H30,765461,2026-06-21T23:40:00-07:00,2026-06-22 06:40:00+00:00,766587,1.5590209960937498,False,0.0042050096102734,0,CAL_EVAL,True
717674_1782110700_H30,717674,2026-06-21T23:45:00-07:00,2026-06-22 06:45:00+00:00,717675,0.3767471313476562,False,0.0043429152109224,1,CAL_EVAL,True
765456_1782110700_H30,765456,2026-06-21T23:45:00-07:00,2026-06-22 06:45:00+00:00,774491,0.5397262573242188,False,0.0703013858880331,0,CAL_EVAL,True
765461_1782110700_H30,765461,2026-06-21T23:45:00-07:00,2026-06-22 06:45:00+00:00,766642,0.0,True,0.0176456025357151,1,CAL_EVAL,True
717674_1782111000_H30,717674,2026-06-21T23:50:00-07:00,2026-06-22 06:50:00+00:00,717675,0.8328857421875,False,0.0043424611310442,0,CAL_EVAL,True
765456_1782111000_H30,765456,2026-06-21T23:50:00-07:00,2026-06-22 06:50:00+00:00,774491,0.5352630615234375,False,0.0784285319756014,0,CAL_EVAL,True
765461_1782111000_H30,765461,2026-06-21T23:50:00-07:00,2026-06-22 06:50:00+00:00,766642,0.0,True,0.0443332807477409,1,CAL_EVAL,True
717674_1782111300_H30,717674,2026-06-21T23:55:00-07:00,2026-06-22 06:55:00+00:00,717675,0.0,True,0.0043424592996473,1,CAL_EVAL,True
765456_1782111300_H30,765456,2026-06-21T23:55:00-07:00,2026-06-22 06:55:00+00:00,774491,0.0,True,0.1673128028264064,1,CAL_EVAL,True
765461_1782111300_H30,765461,2026-06-21T23:55:00-07:00,2026-06-22 06:55:00+00:00,766587,1.2652893066406248,False,0.0277781803378818,0,CAL_EVAL,True
761356_1782196200_H30,761356,2026-06-22T23:30:00-07:00,2026-06-23 06:30:00+00:00,718210,0.0,True,0.0434427544498629,1,CAL_EVAL,True
775536_1782196200_H30,775536,2026-06-22T23:30:00-07:00,2026-06-23 06:30:00+00:00,768701,1.0868492126464844,False,0.0044827339136853,0,CAL_EVAL,True
761356_1782196500_H30,761356,2026-06-22T23:35:00-07:00,2026-06-23 06:35:00+00:00,718210,0.0,True,0.0073614292140517,1,CAL_EVAL,True
775536_1782196500_H30,775536,2026-06-22T23:35:00-07:00,2026-06-23 06:35:00+00:00,768701,2.5103302001953125,False,0.0030449140728212,0,CAL_EVAL,True
761356_1782196800_H30,761356,2026-06-22T23:40:00-07:00,2026-06-23 06:40:00+00:00,761374,0.553741455078125,False,0.0467679074073889,0,CAL_EVAL,True
775536_1782196800_H30,775536,2026-06-22T23:40:00-07:00,2026-06-23 06:40:00+00:00,768701,2.3793029785156268,False,0.0037637412790456,0,CAL_EVAL,True
761356_1782197100_H30,761356,2026-06-22T23:45:00-07:00,2026-06-23 06:45:00+00:00,761374,2.5776596069335933,False,0.0736399408602622,0,CAL_EVAL,True
775536_1782197100_H30,775536,2026-06-22T23:45:00-07:00,2026-06-23 06:45:00+00:00,768701,1.687480926513672,False,0.0008725624801033,0,CAL_EVAL,True
761356_1782197400_H30,761356,2026-06-22T23:50:00-07:00,2026-06-23 06:50:00+00:00,718210,0.2271728515625,False,0.0050700201798844,1,CAL_EVAL,True
775536_1782197400_H30,775536,2026-06-22T23:50:00-07:00,2026-06-23 06:50:00+00:00,768701,2.738140106201172,False,0.0113485627390526,0,CAL_EVAL,True
761356_1782197700_H30,761356,2026-06-22T23:55:00-07:00,2026-06-23 06:55:00+00:00,718210,0.0,True,0.0464339913185518,1,CAL_EVAL,True
775536_1782197700_H30,775536,2026-06-22T23:55:00-07:00,2026-06-23 06:55:00+00:00,768701,1.7109642028808594,False,0.0066608229751683,0,CAL_EVAL,True
764839_1782282600_H30,764839,2026-06-23T23:30:00-07:00,2026-06-24 06:30:00+00:00,776465,0.0,True,0.1889330953680077,1,CAL_EVAL,True
769866_1782282600_H30,769866,2026-06-23T23:30:00-07:00,2026-06-24 06:30:00+00:00,769847,1.0893707275390625,False,0.0716228732587836,0,CAL_EVAL,True
769867_1782282600_H30,769867,2026-06-23T23:30:00-07:00,2026-06-24 06:30:00+00:00,769965,1.289337158203125,False,0.0074931020032796,0,CAL_EVAL,True
770187_1782282600_H30,770187,2026-06-23T23:30:00-07:00,2026-06-24 06:30:00+00:00,770129,0.59771728515625,False,0.0435100614949082,0,CAL_EVAL,True
775511_1782282600_H30,775511,2026-06-23T23:30:00-07:00,2026-06-24 06:30:00+00:00,764311,0.0,True,0.1101284450123052,1,CAL_EVAL,True
764839_1782282900_H30,764839,2026-06-23T23:35:00-07:00,2026-06-24 06:35:00+00:00,776465,0.0,True,0.1345854088608933,1,CAL_EVAL,True
769866_1782282900_H30,769866,2026-06-23T23:35:00-07:00,2026-06-24 06:35:00+00:00,769895,0.0,True,0.003864071366164,1,CAL_EVAL,True
769867_1782282900_H30,769867,2026-06-23T23:35:00-07:00,2026-06-24 06:35:00+00:00,769926,0.0,True,0.0459912409208679,1,CAL_EVAL,True
770187_1782282900_H30,770187,2026-06-23T23:35:00-07:00,2026-06-24 06:35:00+00:00,770200,2.482040405273437,False,0.0008936781598678,0,CAL_EVAL,True
775511_1782282900_H30,775511,2026-06-23T23:35:00-07:00,2026-06-24 06:35:00+00:00,764311,0.0,True,0.1617879526610257,1,CAL_EVAL,True
764839_1782283200_H30,764839,2026-06-23T23:40:00-07:00,2026-06-24 06:40:00+00:00,776465,0.0,True,0.1199452319342404,1,CAL_EVAL,True
769866_1782283200_H30,769866,2026-06-23T23:40:00-07:00,2026-06-24 06:40:00+00:00,769847,0.8469085693359384,False,0.0219775826902706,0,CAL_EVAL,True
769867_1782283200_H30,769867,2026-06-23T23:40:00-07:00,2026-06-24 06:40:00+00:00,769926,0.0,True,0.0731047222743135,1,CAL_EVAL,True
770187_1782283200_H30,770187,2026-06-23T23:40:00-07:00,2026-06-24 06:40:00+00:00,770200,2.235458374023437,False,0.0093377753557479,0,CAL_EVAL,True
775511_1782283200_H30,775511,2026-06-23T23:40:00-07:00,2026-06-24 06:40:00+00:00,764311,0.0,True,0.1690825385939515,1,CAL_EVAL,True
764839_1782283500_H30,764839,2026-06-23T23:45:00-07:00,2026-06-24 06:45:00+00:00,776465,0.0,True,0.2252666577186678,1,CAL_EVAL,True
769866_1782283500_H30,769866,2026-06-23T23:45:00-07:00,2026-06-24 06:45:00+00:00,769847,0.8809051513671879,False,0.0709976283912117,0,CAL_EVAL,True
769867_1782283500_H30,769867,2026-06-23T23:45:00-07:00,2026-06-24 06:45:00+00:00,769926,0.0166549682617187,False,0.0307548801210606,1,CAL_EVAL,True
770187_1782283500_H30,770187,2026-06-23T23:45:00-07:00,2026-06-24 06:45:00+00:00,770200,1.4425811767578125,False,0.0035186433559759,0,CAL_EVAL,True
775511_1782283500_H30,775511,2026-06-23T23:45:00-07:00,2026-06-24 06:45:00+00:00,764311,1.2322845458984373,False,0.1370180631668305,0,CAL_EVAL,True
764839_1782283800_H30,764839,2026-06-23T23:50:00-07:00,2026-06-24 06:50:00+00:00,776465,0.0,True,0.134329616266068,1,CAL_EVAL,True
769866_1782283800_H30,769866,2026-06-23T23:50:00-07:00,2026-06-24 06:50:00+00:00,769847,0.4806747436523437,False,0.0517664151363619,1,CAL_EVAL,True
769867_1782283800_H30,769867,2026-06-23T23:50:00-07:00,2026-06-24 06:50:00+00:00,769926,0.0060882568359375,False,0.0504634182040846,1,CAL_EVAL,True
770187_1782283800_H30,770187,2026-06-23T23:50:00-07:00,2026-06-24 06:50:00+00:00,770129,0.782806396484375,False,0.023199421412666,0,CAL_EVAL,True
775511_1782283800_H30,775511,2026-06-23T23:50:00-07:00,2026-06-24 06:50:00+00:00,764311,1.7292022705078125,False,0.1670082949690963,0,CAL_EVAL,True
764839_1782284100_H30,764839,2026-06-23T23:55:00-07:00,2026-06-24 06:55:00+00:00,776465,0.0,True,0.1640154562443546,1,CAL_EVAL,True
769866_1782284100_H30,769866,2026-06-23T23:55:00-07:00,2026-06-24 06:55:00+00:00,769880,2.969860076904296,False,0.0929838530093514,0,CAL_EVAL,True
769867_1782284100_H30,769867,2026-06-23T23:55:00-07:00,2026-06-24 06:55:00+00:00,769965,0.0,True,0.0037711048961266,1,CAL_EVAL,True
770187_1782284100_H30,770187,2026-06-23T23:55:00-07:00,2026-06-24 06:55:00+00:00,770200,0.987030029296875,False,0.0002131187993898,0,CAL_EVAL,True
775511_1782284100_H30,775511,2026-06-23T23:55:00-07:00,2026-06-24 06:55:00+00:00,764311,1.328155517578125,False,0.1722684441135147,0,CAL_EVAL,True
768349_1782337800_H30,768349,2026-06-24T14:50:00-07:00,2026-06-24 21:50:00+00:00,717252,10.16277313232422,False,0.0232846999190759,0,CAL_EVAL,True
765501_1782369000_H30,765501,2026-06-24T23:30:00-07:00,2026-06-25 06:30:00+00:00,773773,3.5650634765625,False,7.205998286671789e-06,0,CAL_EVAL,True
765501_1782369300_H30,765501,2026-06-24T23:35:00-07:00,2026-06-25 06:35:00+00:00,763616,0.0,True,0.019298221232277,1,CAL_EVAL,True
765501_1782369600_H30,765501,2026-06-24T23:40:00-07:00,2026-06-25 06:40:00+00:00,763616,0.0,True,0.0361099359606126,1,CAL_EVAL,True
765501_1782369900_H30,765501,2026-06-24T23:45:00-07:00,2026-06-25 06:45:00+00:00,763616,0.0,True,0.0133814244271154,1,CAL_EVAL,True
765501_1782370200_H30,765501,2026-06-24T23:50:00-07:00,2026-06-25 06:50:00+00:00,763616,0.0,True,0.01030772755411,1,CAL_EVAL,True
765501_1782370500_H30,765501,2026-06-24T23:55:00-07:00,2026-06-25 06:55:00+00:00,773773,3.4012985229492188,False,0.0043555297094203,0,CAL_EVAL,True
717089_1782455400_H30,717089,2026-06-25T23:30:00-07:00,2026-06-26 06:30:00+00:00,717075,0.0,True,0.0467878201161215,1,CAL_EVAL,True
717089_1782455700_H30,717089,2026-06-25T23:35:00-07:00,2026-06-26 06:35:00+00:00,717093,0.0,True,0.0331175363348157,1,CAL_EVAL,True
717089_1782456000_H30,717089,2026-06-25T23:40:00-07:00,2026-06-26 06:40:00+00:00,717084,2.043464660644531,False,0.0308740932465259,0,CAL_EVAL,True
717089_1782456300_H30,717089,2026-06-25T23:45:00-07:00,2026-06-26 06:45:00+00:00,717093,0.4142684936523437,False,0.0300189432022205,1,CAL_EVAL,True
717089_1782456600_H30,717089,2026-06-25T23:50:00-07:00,2026-06-26 06:50:00+00:00,717084,1.985755920410156,False,0.0110014754707965,0,CAL_EVAL,True
717089_1782456900_H30,717089,2026-06-25T23:55:00-07:00,2026-06-26 06:55:00+00:00,717093,0.4885101318359375,False,0.0149294994061991,1,CAL_EVAL,True
770141_1782541800_H30,770141,2026-06-26T23:30:00-07:00,2026-06-27 06:30:00+00:00,770129,0.0,True,0.1768244919375051,1,CAL_EVAL,True
775511_1782541800_H30,775511,2026-06-26T23:30:00-07:00,2026-06-27 06:30:00+00:00,764311,0.2417755126953125,False,0.158744534222109,1,CAL_EVAL,True
775536_1782541800_H30,775536,2026-06-26T23:30:00-07:00,2026-06-27 06:30:00+00:00,768701,0.0,True,0.0040201802381335,1,CAL_EVAL,True
770141_1782542100_H30,770141,2026-06-26T23:35:00-07:00,2026-06-27 06:35:00+00:00,770129,0.4742660522460937,False,0.1388364630347966,1,CAL_EVAL,True
775511_1782542100_H30,775511,2026-06-26T23:35:00-07:00,2026-06-27 06:35:00+00:00,764311,0.4513320922851563,False,0.2637179965436399,1,CAL_EVAL,True
775536_1782542100_H30,775536,2026-06-26T23:35:00-07:00,2026-06-27 06:35:00+00:00,768701,0.0,True,0.0035805479292024,1,CAL_EVAL,True
770141_1782542400_H30,770141,2026-06-26T23:40:00-07:00,2026-06-27 06:40:00+00:00,770129,0.9420928955078124,False,0.140647749899765,0,CAL_EVAL,True
775511_1782542400_H30,775511,2026-06-26T23:40:00-07:00,2026-06-27 06:40:00+00:00,764311,0.087127685546875,False,0.1442822524394539,1,CAL_EVAL,True
775536_1782542400_H30,775536,2026-06-26T23:40:00-07:00,2026-06-27 06:40:00+00:00,774344,0.7827873229980469,False,0.0044361970058562,0,CAL_EVAL,True
770141_1782542700_H30,770141,2026-06-26T23:45:00-07:00,2026-06-27 06:45:00+00:00,770129,0.935211181640625,False,0.0194448031444123,0,CAL_EVAL,True
775511_1782542700_H30,775511,2026-06-26T23:45:00-07:00,2026-06-27 06:45:00+00:00,764311,0.0,True,0.1265455055099835,1,CAL_EVAL,True
775536_1782542700_H30,775536,2026-06-26T23:45:00-07:00,2026-06-27 06:45:00+00:00,768701,0.4121513366699219,False,0.0003566897608815,1,CAL_EVAL,True
770141_1782543000_H30,770141,2026-06-26T23:50:00-07:00,2026-06-27 06:50:00+00:00,770129,1.5023574829101562,False,0.0919002009493605,0,CAL_EVAL,True
775511_1782543000_H30,775511,2026-06-26T23:50:00-07:00,2026-06-27 06:50:00+00:00,764311,0.0,True,0.1080008230933478,1,CAL_EVAL,True
775536_1782543000_H30,775536,2026-06-26T23:50:00-07:00,2026-06-27 06:50:00+00:00,768701,0.3421173095703125,False,0.0104831101626896,1,CAL_EVAL,True
770141_1782543300_H30,770141,2026-06-26T23:55:00-07:00,2026-06-27 06:55:00+00:00,770129,0.9108734130859376,False,0.1035246975730639,0,CAL_EVAL,True
775511_1782543300_H30,775511,2026-06-26T23:55:00-07:00,2026-06-27 06:55:00+00:00,764311,0.0,True,0.1604880920557833,1,CAL_EVAL,True
775536_1782543300_H30,775536,2026-06-26T23:55:00-07:00,2026-06-27 06:55:00+00:00,768701,0.3856582641601562,False,0.0034748028963016,1,CAL_EVAL,True
717441_1782552600_H30,717441,2026-06-27T02:30:00-07:00,2026-06-27 09:30:00+00:00,717434,0.3427505493164062,False,0.0070113027759217,1,CAL_EVAL,True
765501_1782628200_H30,765501,2026-06-27T23:30:00-07:00,2026-06-28 06:30:00+00:00,763616,0.0,True,0.0938132917768858,1,CAL_EVAL,True
765501_1782628500_H30,765501,2026-06-27T23:35:00-07:00,2026-06-28 06:35:00+00:00,763616,0.0,True,0.102710489608894,1,CAL_EVAL,True
765501_1782628800_H30,765501,2026-06-27T23:40:00-07:00,2026-06-28 06:40:00+00:00,763616,0.0,True,0.1149498115008789,1,CAL_EVAL,True
765501_1782629100_H30,765501,2026-06-27T23:45:00-07:00,2026-06-28 06:45:00+00:00,763616,0.0,True,0.1353674115446076,1,CAL_EVAL,True
765501_1782629400_H30,765501,2026-06-27T23:50:00-07:00,2026-06-28 06:50:00+00:00,763616,0.0,True,0.086608729943972,1,CAL_EVAL,True
765501_1782629700_H30,765501,2026-06-27T23:55:00-07:00,2026-06-28 06:55:00+00:00,763616,0.0,True,0.1674174835462964,1,CAL_EVAL,True
761356_1782714600_H30,761356,2026-06-28T23:30:00-07:00,2026-06-29 06:30:00+00:00,761374,1.0666198730468746,False,0.0182402425617419,0,CAL_EVAL,True
761356_1782714900_H30,761356,2026-06-28T23:35:00-07:00,2026-06-29 06:35:00+00:00,761374,1.2970046997070312,False,0.0789028208333706,0,CAL_EVAL,True
761356_1782715200_H30,761356,2026-06-28T23:40:00-07:00,2026-06-29 06:40:00+00:00,761374,1.3890533447265625,False,0.0539778721761766,0,CAL_EVAL,True
761356_1782715500_H30,761356,2026-06-28T23:45:00-07:00,2026-06-29 06:45:00+00:00,761374,1.2392730712890625,False,0.0497588849278979,0,CAL_EVAL,True
761356_1782715800_H30,761356,2026-06-28T23:50:00-07:00,2026-06-29 06:50:00+00:00,761374,0.2331466674804687,False,0.0490486773432774,1,CAL_EVAL,True
761356_1782716100_H30,761356,2026-06-28T23:55:00-07:00,2026-06-29 06:55:00+00:00,761374,0.7068023681640625,False,0.088967524595092,0,CAL_EVAL,True
