scope,period,field,N,missing_N,missing_pct,min,P001,P01,P05,P25,median,P75,P95,P99,P999,max,mean,std
date,2026-01-01,samples,551808,0,0.0,0.0,0.0,0.0,0.0,0.0,0.0,20.0,40.0,50.0,60.0,60.0,9.97808295639063,17.31374882943058
date,2026-01-01,percent_observed,551808,0,0.0,0.0,0.0,0.0,0.0,0.0,0.0,0.0,100.0,100.0,100.0,100.0,19.606247100440733,38.0548463805227
date,2026-01-01,total_flow,551808,0,0.0,0.0,5.0,6.0,33.0,113.0,211.0,461.0,581.0,646.0,878.0,1414.0,268.71036302482025,186.91599395797886
date,2026-01-01,avg_occupancy,551808,0,0.0,0.0,0.0022,0.0029,0.0101,0.0307,0.0602,0.11,0.2218,0.361,0.5844192999999971,0.9148,0.07829196024704245,0.07192541486320364
date,2026-01-01,avg_speed,551808,0,0.0,3.0,13.4,19.0,39.4,59.7,64.2,67.6,70.0,72.1,76.1,84.8,61.68749401965902,9.765272187199477
date,2026-01-02,samples,551808,0,0.0,0.0,0.0,0.0,0.0,0.0,0.0,20.0,40.0,50.0,60.0,60.0,9.989126652748782,17.323235155909998
date,2026-01-02,percent_observed,551808,0,0.0,0.0,0.0,0.0,0.0,0.0,0.0,0.0,100.0,100.0,100.0,100.0,18.417262888540943,37.20134209167946
date,2026-01-02,total_flow,551808,0,0.0,0.0,0.0,7.0,30.0,118.0,280.0,480.0,599.0,654.0,892.0,1391.0,293.54957521456737,191.75400447739838
date,2026-01-02,avg_occupancy,551808,0,0.0,0.0,0.0,0.0033,0.0091,0.0361,0.0729,0.116,0.23,0.342,0.42047719999998806,0.8679,0.08533840864938529,0.06807245257557475
date,2026-01-02,avg_speed,551808,0,0.0,3.3,14.1,20.6,34.4,59.3,63.8,67.5,70.0,72.7,76.8,81.9,60.94589331796567,10.321924953859936
date,2026-01-03,samples,551808,0,0.0,0.0,0.0,0.0,0.0,0.0,0.0,20.0,40.0,50.0,60.0,60.0,9.952720873927163,17.278123890632987
date,2026-01-03,percent_observed,551808,0,0.0,0.0,0.0,0.0,0.0,0.0,0.0,0.0,100.0,100.0,100.0,100.0,18.883917956970542,37.600276924355384
date,2026-01-03,total_flow,551808,0,0.0,0.0,0.0,8.0,27.0,119.0,241.0,455.0,569.0,675.0,900.0,1464.0,279.6636638106008,189.35062874314315
date,2026-01-03,avg_occupancy,551808,0,0.0,0.0,0.0,0.0037,0.0094,0.0323,0.0626,0.0932,0.1489,0.2669,0.46447719999998804,0.7612,0.06942598041347715,0.05285540623771184
date,2026-01-03,avg_speed,551808,0,0.0,5.3,19.4,28.4,49.2,61.5,64.7,67.4,69.6,71.5,76.8,83.4,62.881364170146135,7.655232732151452
date,2026-01-04,samples,551808,0,0.0,0.0,0.0,0.0,0.0,0.0,0.0,20.0,40.0,50.0,60.0,60.0,9.98234893296219,17.323941343933104
date,2026-01-04,percent_observed,551808,0,0.0,0.0,0.0,0.0,0.0,0.0,0.0,0.0,100.0,100.0,100.0,100.0,19.153489982022734,37.63988843108274
date,2026-01-04,total_flow,551808,0,0.0,0.0,0.0,7.0,23.0,101.0,197.0,419.0,561.0,679.0,900.0,1469.0,253.23463233588495,184.35803948978432
date,2026-01-04,avg_occupancy,551808,0,0.0,0.0,0.0,0.0031,0.0073,0.0256,0.0509,0.0804,0.1172,0.1848,0.2938,0.7625,0.056236268049756434,0.03887131495605295
date,2026-01-04,avg_speed,551808,0,0.0,7.4,24.8,38.3,55.3,62.7,65.0,68.2,69.9,71.4,74.7,80.2,64.30008318110647,5.53930856593741
date,2026-01-05,samples,551808,0,0.0,0.0,0.0,0.0,0.0,0.0,0.0,20.0,40.0,50.0,60.0,60.0,9.980284809209,17.290201061718534
date,2026-01-05,percent_observed,551808,0,0.0,0.0,0.0,0.0,0.0,0.0,0.0,0.0,100.0,100.0,100.0,100.0,18.50939275980051,37.36960476522178
date,2026-01-05,total_flow,551808,0,0.0,0.0,5.0,7.0,27.0,112.0,280.0,466.0,584.0,666.0,890.0,1401.0,289.9103456274646,191.14640581032825
date,2026-01-05,avg_occupancy,551808,0,0.0,0.0,0.0014,0.0028,0.01,0.0349,0.0691,0.1095,0.206,0.3518,0.652419299999997,0.9936,0.08245939439080259,0.07122076018944616
date,2026-01-05,avg_speed,551808,0,0.0,3.0,11.6,19.9,40.2,59.6,63.9,67.4,69.8,71.9,75.3,82.1,61.581310165854795,9.61364355623585
date,2026-01-06,samples,551808,0,0.0,0.0,0.0,0.0,0.0,0.0,0.0,20.0,40.0,50.0,60.0,60.0,10.004490692414754,17.299432573346955
date,2026-01-06,percent_observed,551808,0,0.0,0.0,0.0,0.0,0.0,0.0,0.0,0.0,100.0,100.0,100.0,100.0,18.583081434122015,37.21528376379235
date,2026-01-06,total_flow,551808,0,0.0,0.0,0.0,5.0,27.0,112.0,295.0,469.0,593.0,666.0,896.1929999999702,1374.0,295.04236256089075,193.24756296570894
date,2026-01-06,avg_occupancy,551808,0,0.0,0.0,0.0,0.0025,0.0095,0.0364,0.0722,0.1142,0.2323,0.3602,0.47453859999999404,0.9274,0.08652351216365112,0.0713470192340965
date,2026-01-06,avg_speed,551808,0,0.0,3.8,12.6,18.4,35.1,59.2,63.3,67.1,69.7,71.6,74.9,81.6,60.72225230514962,10.40375295426702
date,2026-01-07,samples,551808,0,0.0,0.0,0.0,0.0,0.0,0.0,0.0,20.0,40.0,50.0,60.0,60.0,10.003276501971701,17.285456271505502
date,2026-01-07,percent_observed,551808,0,0.0,0.0,0.0,0.0,0.0,0.0,0.0,0.0,100.0,100.0,100.0,100.0,18.653734632335883,37.36034117170702
date,2026-01-07,total_flow,551808,0,0.0,0.0,0.0,5.0,28.0,115.0,294.0,478.0,599.0,661.0,902.0,1379.0,298.05969830085826,194.63676734547963
date,2026-01-07,avg_occupancy,551808,0,0.0,0.0,0.0,0.0026,0.0101,0.037,0.0749,0.1186,0.2476,0.3741930000000051,0.501119299999997,0.9271,0.09061965846816283,0.07598608791941328
date,2026-01-07,avg_speed,551808,0,0.0,3.3,9.8,17.0,32.2,58.6,62.9,66.9,69.8,71.7,76.5,81.9,59.936054569705405,11.311914700580365
date,2026-01-08,samples,551808,0,0.0,0.0,0.0,0.0,0.0,0.0,0.0,20.0,40.0,50.0,60.0,60.0,10.021378812920435,17.27875063612549
date,2026-01-08,percent_observed,551808,0,0.0,0.0,0.0,0.0,0.0,0.0,0.0,0.0,100.0,100.0,100.0,100.0,18.68383568197634,37.41176208639285
date,2026-01-08,total_flow,551808,0,0.0,0.0,4.0,6.0,31.0,117.0,298.0,482.0,601.0,658.0,905.0,1414.0,300.92793870331707,193.64145496675505
date,2026-01-08,avg_occupancy,551808,0,0.0,0.0,0.001,0.0027,0.0105,0.0381,0.0767,0.1216,0.2586,0.3914,0.576238599999994,0.9337,0.09432964545639064,0.08048960517342658
date,2026-01-08,avg_speed,551808,0,0.0,3.0,7.8,15.4,30.0,56.0,61.8,65.9,69.6,71.1,75.5,81.9,58.38951718713756,12.083988650865072
date,2026-01-09,samples,551808,0,0.0,0.0,0.0,0.0,0.0,0.0,0.0,20.0,40.0,50.0,60.0,60.0,10.001872027951752,17.24661711526602
date,2026-01-09,percent_observed,551808,0,0.0,0.0,0.0,0.0,0.0,0.0,0.0,0.0,100.0,100.0,100.0,100.0,18.602548350150776,37.23523381881089
date,2026-01-09,total_flow,551808,0,0.0,0.0,0.0,7.0,33.0,122.0,323.0,488.0,607.0,666.0,900.0,1391.0,310.4468456419624,193.42939396199998
date,2026-01-09,avg_occupancy,551808,0,0.0,0.0,0.0,0.0033,0.011,0.0417,0.07985,0.1222,0.2492,0.3586,0.4654,0.9817,0.09360621864851543,0.07405720794411769
date,2026-01-09,avg_speed,551808,0,0.0,3.0,11.7,18.0,31.7,58.1,63.0,66.9,69.7,71.5,75.0,81.2,59.71613695343308,11.434793649368812
date,2026-01-10,samples,551808,0,0.0,0.0,0.0,0.0,0.0,0.0,0.0,20.0,40.0,50.0,60.0,60.0,10.007680207608443,17.24296731648355
date,2026-01-10,percent_observed,551808,0,0.0,0.0,0.0,0.0,0.0,0.0,0.0,0.0,100.0,100.0,100.0,100.0,18.532435194850382,37.14075745622095
date,2026-01-10,total_flow,551808,0,0.0,0.0,6.0,8.0,29.0,123.0,272.0,478.0,593.0,694.0,903.0,1464.0,293.45556425423337,193.36723331003583
date,2026-01-10,avg_occupancy,551808,0,0.0,0.0,0.0019,0.0038,0.0101,0.034675,0.0674,0.0983,0.1744,0.28969300000000514,0.4999578999999911,0.9564,0.07409374583188355,0.057682852528097496
date,2026-01-10,avg_speed,551808,0,0.0,3.0,15.4,25.6,43.0,61.6,64.7,67.4,69.6,71.4,74.5,82.7,62.653171936615635,8.468714425559945
date,2026-01-11,samples,551808,0,0.0,0.0,0.0,0.0,0.0,0.0,0.0,20.0,40.0,50.0,60.0,60.0,10.008609878798422,17.241953427109294
date,2026-01-11,percent_observed,551808,0,0.0,0.0,0.0,0.0,0.0,0.0,0.0,0.0,100.0,100.0,100.0,100.0,17.90710355775922,36.72160370099166
date,2026-01-11,total_flow,551808,0,0.0,0.0,5.0,7.0,23.0,106.0,222.0,439.0,575.0,690.0,917.0,1469.0,267.62262236140106,189.3443951999159
date,2026-01-11,avg_occupancy,551808,0,0.0,0.0,0.0016,0.0032,0.0077,0.0278,0.0537,0.0845,0.1263,0.2175,0.379219299999997,0.9538,0.05998938688819299,0.04430785871184993
date,2026-01-11,avg_speed,551808,0,0.0,3.0,18.9,32.8,55.5,62.9,65.1,68.3,69.9,71.4,74.3,81.8,64.30626123579216,6.355109312020767
date,2026-01-12,samples,551808,0,0.0,0.0,0.0,0.0,0.0,0.0,0.0,20.0,40.0,50.0,60.0,60.0,10.030816878334493,17.264445888217804
date,2026-01-12,percent_observed,551808,0,0.0,0.0,0.0,0.0,0.0,0.0,0.0,0.0,100.0,100.0,100.0,100.0,18.248624521572722,36.877591364388294
date,2026-01-12,total_flow,551808,0,0.0,0.0,0.0,6.0,26.0,112.0,287.0,468.0,586.0,669.0,890.0,1401.0,291.7401360618186,192.14802954268774
date,2026-01-12,avg_occupancy,551808,0,0.0,0.0,0.0,0.0027,0.0093,0.0345,0.0697,0.1111,0.2191,0.3502,0.49965789999999105,0.9222,0.08388505657765019,0.07021804953464446
date,2026-01-12,avg_speed,551808,0,0.0,3.3,12.0,19.4,36.7,59.4,63.5,67.2,69.7,71.3,74.5,82.3,60.94670881900951,10.247123530876918
date,2026-01-13,samples,551808,0,0.0,0.0,0.0,0.0,0.0,0.0,0.0,20.0,40.0,50.0,60.0,60.0,10.066974382393877,17.2810383231563
date,2026-01-13,percent_observed,551808,0,0.0,0.0,0.0,0.0,0.0,0.0,0.0,0.0,100.0,100.0,100.0,100.0,18.12976796276966,36.85852069529416
date,2026-01-13,total_flow,551808,0,0.0,0.0,4.0,5.0,28.0,111.0,294.0,468.0,591.0,658.0,897.0,1374.0,293.4889073735792,192.64379903703679
date,2026-01-13,avg_occupancy,551808,0,0.0,0.0,0.0011,0.0026,0.0097,0.0363,0.0727,0.1151,0.2506,0.3741,0.5062,0.7895,0.0889250628841916,0.07578674099785761
date,2026-01-13,avg_speed,551808,0,0.0,3.2,10.1,16.9,31.8,58.8,63.0,66.9,69.6,71.5,75.2,81.9,60.08523544421248,11.27199794815546
date,2026-01-14,samples,551808,0,0.0,0.0,0.0,0.0,0.0,0.0,0.0,20.0,40.0,50.0,56.0,60.0,9.163951954302945,15.83458550808814
date,2026-01-14,percent_observed,551808,0,0.0,0.0,0.0,0.0,0.0,0.0,0.0,0.0,100.0,100.0,100.0,100.0,18.03181360183252,36.73867657407141
date,2026-01-14,total_flow,551808,0,0.0,0.0,0.0,5.0,28.0,111.0,273.0,474.0,589.0,654.0,907.0,1379.0,289.27524066341914,194.07461052063425
date,2026-01-14,avg_occupancy,551808,0,0.0,0.0,0.0,0.0026,0.0094,0.0344,0.0729,0.1174,0.2411,0.3668,0.46345789999999104,0.9989,0.08822663045842032,0.07393337021468457
date,2026-01-14,avg_speed,551808,0,0.0,3.2,12.1,17.4,32.5,58.6,62.9,67.0,69.9,71.7,75.8,82.1,59.98933813935282,11.246688346620576
date,2026-01-15,samples,551808,0,0.0,0.0,0.0,0.0,0.0,0.0,0.0,19.0,40.0,50.0,60.0,60.0,9.631790405358386,16.96635803844296
date,2026-01-15,percent_observed,551808,0,0.0,0.0,0.0,0.0,0.0,0.0,0.0,0.0,100.0,100.0,100.0,100.0,16.418814152748784,35.71758919548331
date,2026-01-15,total_flow,551808,0,0.0,0.0,4.0,5.0,31.0,118.0,306.0,482.0,604.0,660.0,886.1929999999702,1414.0,303.4143143992113,193.48923974456693
date,2026-01-15,avg_occupancy,551808,0,0.0,0.0,0.0013,0.0028,0.0109,0.0392,0.0781,0.122,0.2586,0.3802,0.5876192999999971,0.9228,0.09500972602789376,0.07989366292693835
date,2026-01-15,avg_speed,551808,0,0.0,3.0,9.6,16.0,29.9,56.4,62.0,66.2,69.7,71.1,75.2,81.9,58.586416652168865,12.097383409065966
date,2026-01-16,samples,551808,0,0.0,0.0,0.0,0.0,0.0,0.0,0.0,0.0,40.0,50.0,60.0,60.0,9.082403662143355,16.60197769291376
date,2026-01-16,percent_observed,551808,0,0.0,0.0,0.0,0.0,0.0,0.0,0.0,0.0,100.0,100.0,100.0,100.0,17.81082550452331,36.60511016530241
date,2026-01-16,total_flow,551808,0,0.0,0.0,4.0,7.0,36.0,122.0,319.0,488.0,607.0,666.0,897.0,1391.0,309.27736640280676,193.18192333694373
date,2026-01-16,avg_occupancy,551808,0,0.0,0.0,0.0011,0.0034,0.0108,0.0406,0.08,0.1229,0.2545,0.3722,0.494519299999997,0.9989,0.09523595815935978,0.07719266026115866
date,2026-01-16,avg_speed,551808,0,0.0,3.0,10.2,16.8,30.1,57.9,63.0,67.0,69.7,71.3,75.0,81.6,59.44201298277662,11.935290480041322
date,2026-01-17,samples,551808,0,0.0,0.0,0.0,0.0,0.0,0.0,0.0,0.0,40.0,50.0,60.0,60.0,9.086060731268848,16.58130672694018
date,2026-01-17,percent_observed,551808,0,0.0,0.0,0.0,0.0,0.0,0.0,0.0,0.0,100.0,100.0,100.0,100.0,17.74643172987706,36.60746503425681
date,2026-01-17,total_flow,551808,0,0.0,0.0,6.0,8.0,29.0,124.0,283.0,482.0,601.0,702.0,902.0,1464.0,298.0889222338205,194.50915158741668
date,2026-01-17,avg_occupancy,551808,0,0.0,0.0,0.0018,0.0038,0.0107,0.0349,0.069,0.1,0.1803649999999965,0.2903930000000051,0.497719299999997,0.9564,0.0753005565341568,0.058538129313652466
date,2026-01-17,avg_speed,551808,0,0.0,3.0,13.7,25.0,42.5,61.7,64.9,67.8,69.7,71.7,74.9,82.7,62.75790564834145,8.683997113540677
date,2026-01-18,samples,551808,0,0.0,0.0,0.0,0.0,0.0,0.0,0.0,0.0,40.0,50.0,53.0,60.0,9.124005088726513,16.632803853024782
date,2026-01-18,percent_observed,551808,0,0.0,0.0,0.0,0.0,0.0,0.0,0.0,0.0,100.0,100.0,100.0,100.0,17.648198286360472,36.549705185545804
date,2026-01-18,total_flow,551808,0,0.0,0.0,4.0,7.0,23.0,107.0,223.0,440.0,577.0,690.0,902.0,1469.0,268.49187217292973,188.9648412399042
date,2026-01-18,avg_occupancy,551808,0,0.0,0.0,0.0011,0.0031,0.0082,0.0276,0.0538,0.085,0.1231,0.2006,0.3326,0.9868,0.05928318763048017,0.04179638059391977
date,2026-01-18,avg_speed,551808,0,0.0,3.0,21.4,35.5,56.3,62.9,65.2,68.4,70.0,71.6,75.31929999999701,81.4,64.56597784011831,5.876169613313846
date,2026-01-19,samples,551808,0,0.0,0.0,0.0,0.0,0.0,0.0,0.0,0.0,40.0,50.0,59.0,60.0,9.130103224309904,16.638546630057
date,2026-01-19,percent_observed,551808,0,0.0,0.0,0.0,0.0,0.0,0.0,0.0,0.0,100.0,100.0,100.0,100.0,17.265643122245418,36.2370674827096
date,2026-01-19,total_flow,551808,0,0.0,0.0,4.0,6.0,27.0,112.0,279.0,466.0,584.0,661.0,885.0,1401.0,289.3861324953607,191.3292914712324
date,2026-01-19,avg_occupancy,551808,0,0.0,0.0,0.0009,0.0028,0.0095,0.0342,0.0688,0.1091,0.1989,0.3353,0.465419299999997,0.892,0.08032676474425887,0.06470362046917122
date,2026-01-19,avg_speed,551808,0,0.0,3.3,14.9,20.6,40.7,59.6,63.9,67.6,69.9,71.7,74.8,84.0,61.69054000666899,9.405862639120118
date,2026-01-20,samples,551808,0,0.0,0.0,0.0,0.0,0.0,0.0,0.0,0.0,40.0,50.0,50.0,60.0,9.07687456506611,16.5563678551141
date,2026-01-20,percent_observed,551808,0,0.0,0.0,0.0,0.0,0.0,0.0,0.0,0.0,100.0,100.0,100.0,100.0,17.35205542507539,36.356061701469045
date,2026-01-20,total_flow,551808,0,0.0,0.0,4.0,5.0,30.0,112.0,298.0,470.0,592.0,658.0,887.1929999999702,1374.0,296.16147645557874,192.71467842909396
date,2026-01-20,avg_occupancy,551808,0,0.0,0.0,0.0013,0.0026,0.0099,0.0364,0.0736,0.1164,0.253,0.3722,0.5066,0.9315,0.09005667188587334,0.07622630849996333
date,2026-01-20,avg_speed,551808,0,0.0,3.1,10.1,17.3,31.5,58.9,63.2,67.2,69.7,71.5,75.0,81.8,60.1848208072373,11.319002505733032
date,2026-01-21,samples,551808,0,0.0,0.0,0.0,0.0,0.0,0.0,0.0,0.0,40.0,50.0,50.0,60.0,8.1849030822315,15.111648535281304
date,2026-01-21,percent_observed,551808,0,0.0,0.0,0.0,0.0,0.0,0.0,0.0,0.0,100.0,100.0,100.0,100.0,17.402920943516584,36.23816875662066
date,2026-01-21,total_flow,551808,0,0.0,0.0,4.0,5.0,29.0,114.0,296.0,478.0,600.0,660.0,897.0,1379.0,299.0289067936674,194.92381957972955
date,2026-01-21,avg_occupancy,551808,0,0.0,0.0,0.0013,0.0026,0.0103,0.0366,0.0754,0.1193,0.2476,0.3684,0.4676,0.9234,0.09073022301235213,0.07487436239039545
date,2026-01-21,avg_speed,551808,0,0.0,3.2,11.8,17.5,32.1,58.8,62.9,67.1,69.9,71.5,75.7,82.1,60.07002417507539,11.264533289511396
date,2026-01-22,samples,551808,0,0.0,0.0,0.0,0.0,0.0,0.0,0.0,0.0,40.0,50.0,50.0,60.0,9.116455361285084,16.662294325902174
date,2026-01-22,percent_observed,551808,0,0.0,0.0,0.0,0.0,0.0,0.0,0.0,0.0,100.0,100.0,100.0,100.0,17.22991511540246,36.26758930589634
date,2026-01-22,total_flow,551808,0,0.0,0.0,5.0,6.0,30.0,115.0,290.0,479.0,601.0,656.0,891.0,1414.0,296.6835221671306,194.36114685212445
date,2026-01-22,avg_occupancy,551808,0,0.0,0.0,0.0017,0.0028,0.0089,0.036,0.0755,0.1206,0.258,0.3756,0.514457899999991,0.9878,0.09253015287926235,0.07892560614376706
date,2026-01-22,avg_speed,551808,0,0.0,3.0,10.3,16.4,30.4,57.7,62.4,66.7,69.7,71.6,76.1,81.3,59.14828926003247,11.88237005488678
date,2026-01-24,samples,551808,0,0.0,0.0,0.0,0.0,0.0,0.0,0.0,0.0,40.0,50.0,50.0,60.0,9.130221018905127,16.62097325128455
date,2026-01-24,percent_observed,551808,0,0.0,0.0,0.0,0.0,0.0,0.0,0.0,0.0,100.0,100.0,100.0,100.0,16.862106022384598,35.84865016376452
date,2026-01-24,total_flow,551808,0,0.0,0.0,5.0,8.0,29.0,124.0,283.0,484.0,598.0,699.0,900.1929999999702,1464.0,298.22684520702853,194.876705411615
date,2026-01-24,avg_occupancy,551808,0,0.0,0.0,0.0015,0.0038,0.0102,0.0347,0.0682,0.0988,0.1668,0.2762,0.47435789999999106,0.972,0.07364264979848063,0.05533817946743095
date,2026-01-24,avg_speed,551808,0,0.0,3.0,17.7,27.4,46.0,61.8,65.0,67.9,69.7,71.9,76.7,81.9,63.148470482486665,8.059987599999985
date,2026-01-25,samples,551808,0,0.0,0.0,0.0,0.0,0.0,0.0,0.0,0.0,40.0,50.0,50.0,60.0,9.105466031663187,16.581051149937885
date,2026-01-25,percent_observed,551808,0,0.0,0.0,0.0,0.0,0.0,0.0,0.0,0.0,100.0,100.0,100.0,100.0,16.627116678264905,35.710641999637645
date,2026-01-25,total_flow,551808,0,0.0,0.0,5.0,7.0,23.0,106.0,224.0,440.0,577.0,683.0,900.0,1469.0,268.22606232602647,189.0492918391608
date,2026-01-25,avg_occupancy,551808,0,0.0,0.0,0.0016,0.0032,0.0077,0.0274,0.0537,0.0841,0.1201,0.1966,0.406619299999997,0.9676,0.058945349106935746,0.042975658627224904
date,2026-01-25,avg_speed,551808,0,0.0,3.0,21.6807,37.5,57.2,63.0,65.2,68.4,70.0,71.6,76.1,82.6,64.7301487111459,5.520703762052294
date,2026-01-26,samples,551808,0,0.0,0.0,0.0,0.0,0.0,0.0,0.0,0.0,40.0,50.0,50.0,60.0,9.12320770992809,16.622282175594748
date,2026-01-26,percent_observed,551808,0,0.0,0.0,0.0,0.0,0.0,0.0,0.0,0.0,100.0,100.0,100.0,100.0,17.05780090176293,35.97207732502637
date,2026-01-26,total_flow,551808,0,0.0,0.0,5.0,6.0,27.0,110.0,281.0,468.0,587.0,661.0,876.0,1401.0,290.24981696532126,192.86551605394177
date,2026-01-26,avg_occupancy,551808,0,0.0,0.0,0.0014,0.0028,0.0094,0.0333,0.0692,0.1106,0.214,0.3503,0.5012,0.9989,0.08287984860676177,0.06989394534930107
date,2026-01-26,avg_speed,551808,0,0.0,3.3,11.4,19.2,38.0,59.5,63.6,67.4,69.7,71.4,74.71929999999702,83.9,61.103555222106245,10.152308988626597
date,2026-01-27,samples,551808,0,0.0,0.0,0.0,0.0,0.0,0.0,0.0,0.0,40.0,50.0,51.0,60.0,9.114425669798191,16.610364193786506
date,2026-01-27,percent_observed,551808,0,0.0,0.0,0.0,0.0,0.0,0.0,0.0,0.0,100.0,100.0,100.0,100.0,16.075067777197866,35.30800816787576
date,2026-01-27,total_flow,551808,0,0.0,0.0,4.0,5.0,28.0,111.0,300.0,470.0,594.0,662.0,885.0,1374.0,296.6492874333101,193.8616997084916
date,2026-01-27,avg_occupancy,551808,0,0.0,0.0,0.0014,0.0026,0.0097,0.0358,0.0734,0.116,0.2459,0.3683,0.4692,0.7801,0.08893029658866852,0.07410329425915978
date,2026-01-27,avg_speed,551808,0,0.0,3.5,11.6,17.9,32.9,59.0,63.2,67.2,69.7,71.6,76.4,82.9,60.38301601281605,11.006035447216549
date,2026-01-28,samples,551808,0,0.0,0.0,0.0,0.0,0.0,0.0,0.0,0.0,40.0,50.0,50.0,60.0,9.122013453954999,16.60787784667229
date,2026-01-28,percent_observed,551808,0,0.0,0.0,0.0,0.0,0.0,0.0,0.0,0.0,100.0,100.0,100.0,100.0,17.04536360473208,36.099337472194
date,2026-01-28,total_flow,551808,0,0.0,0.0,4.0,5.0,29.0,113.0,292.0,478.0,600.0,660.0,891.0,1379.0,297.5526868041058,195.85404842686904
date,2026-01-28,avg_occupancy,551808,0,0.0,0.0,0.0013,0.0026,0.0093,0.0358,0.0749,0.1184,0.2434,0.3684,0.468619299999997,0.9381,0.08983454009365577,0.07444920248467154
date,2026-01-28,avg_speed,551808,0,0.0,3.3,12.6,17.7,33.3,59.2,63.3,67.3,70.0,72.4,77.2,83.0,60.48299662201345,11.000434288081717
date,2026-01-29,samples,551808,0,0.0,0.0,0.0,0.0,0.0,0.0,0.0,0.0,40.0,50.0,51.0,60.0,9.120199417188587,16.59962412581432
date,2026-01-29,percent_observed,551808,0,0.0,0.0,0.0,0.0,0.0,0.0,0.0,0.0,100.0,100.0,100.0,100.0,15.562826200417536,34.71066492728285
date,2026-01-29,total_flow,551808,0,0.0,0.0,5.0,6.0,32.0,116.0,306.0,482.0,601.0,655.0,893.0,1414.0,302.707108269543,193.95603025753152
date,2026-01-29,avg_occupancy,551808,0,0.0,0.0,0.0017,0.0028,0.0105,0.0386,0.0771,0.1217,0.2584,0.3755,0.48955789999999105,0.7749,0.0940496645572373,0.07800220240556213
date,2026-01-29,avg_speed,551808,0,0.0,3.3,11.1,17.1,31.2,58.7,63.0,67.2,69.8,71.6,75.8,82.6,59.83006009336581,11.612717905078588
date,2026-01-30,samples,551808,0,0.0,0.0,0.0,0.0,0.0,0.0,0.0,0.0,40.0,50.0,51.0,60.0,9.113854819067502,16.605986711063718
date,2026-01-30,percent_observed,551808,0,0.0,0.0,0.0,0.0,0.0,0.0,0.0,0.0,100.0,100.0,100.0,100.0,16.149731428322895,35.09614810571248
date,2026-01-30,total_flow,551808,0,0.0,0.0,5.0,7.0,37.0,121.0,319.0,488.0,606.0,666.0,892.0,1391.0,308.96014193342614,193.56688818960524
date,2026-01-30,avg_occupancy,551808,0,0.0,0.0,0.0015,0.0034,0.0106,0.041,0.0791,0.1216,0.2449,0.3597,0.545419299999997,0.992,0.09265553489619578,0.07460925622371463
date,2026-01-30,avg_speed,551808,0,0.0,3.1,12.5,18.3,32.1,58.6,63.3,67.2,69.8,71.8,75.6,81.9,60.15956745824635,11.171716781148339
date,2026-01-31,samples,551808,0,0.0,0.0,0.0,0.0,0.0,0.0,0.0,0.0,40.0,50.0,52.0,60.0,9.090268716655068,16.56856045403497
date,2026-01-31,percent_observed,551808,0,0.0,0.0,0.0,0.0,0.0,0.0,0.0,0.0,100.0,100.0,100.0,100.0,16.22374267861285,35.46727904179947
date,2026-01-31,total_flow,551808,0,0.0,0.0,2.0,8.0,28.0,123.0,287.0,484.0,597.0,708.0,903.0,1464.0,298.98109124913015,195.14376362397707
date,2026-01-31,avg_occupancy,551808,0,0.0,0.0,0.0007,0.0038,0.0101,0.0347,0.069,0.0997,0.175,0.2798,0.49525789999999104,0.8006,0.07459908826983298,0.056882622170104334
date,2026-01-31,avg_speed,551808,0,0.0,3.0,13.580700000000002,25.5,43.3,61.7,64.9,67.7,69.6,71.5,75.5,80.7,62.81884477934354,8.522275472149177
date,2026-02-02,samples,551808,0,0.0,0.0,0.0,0.0,0.0,0.0,0.0,0.0,40.0,50.0,51.1929999999702,60.0,9.117020775342148,16.612682263107036
date,2026-02-02,percent_observed,551808,0,0.0,0.0,0.0,0.0,0.0,0.0,0.0,0.0,100.0,100.0,100.0,100.0,16.73294334261192,35.78250239997981
date,2026-02-02,total_flow,551808,0,0.0,0.0,4.0,6.0,27.0,111.0,283.0,468.0,586.0,661.0,877.0,1401.0,290.44089067211786,192.29350629171506
date,2026-02-02,avg_occupancy,551808,0,0.0,0.0,0.0013,0.0028,0.0092,0.034,0.0691,0.1106,0.214,0.3454,0.4806771999999881,0.892,0.08268901447604964,0.06892188416563183
date,2026-02-02,avg_speed,551808,0,0.0,3.2,12.5,19.5,38.1,59.5,63.7,67.4,69.8,71.3,74.2,81.2,61.18332282243099,10.053049670470946
date,2026-02-03,samples,551808,0,0.0,0.0,0.0,0.0,0.0,0.0,0.0,0.0,40.0,50.0,50.0,60.0,9.151056164463002,16.625419932876266
date,2026-02-03,percent_observed,551808,0,0.0,0.0,0.0,0.0,0.0,0.0,0.0,0.0,100.0,100.0,100.0,100.0,16.429448286360472,35.511007923715496
date,2026-02-03,total_flow,551808,0,0.0,0.0,0.0,5.0,28.0,112.0,298.0,470.0,592.0,658.0,885.1929999999702,1374.0,296.2940261830202,192.75618229631297
date,2026-02-03,avg_occupancy,551808,0,0.0,0.0,0.0,0.0026,0.0097,0.0364,0.0729,0.1152,0.2446,0.3667,0.4688,0.8106,0.08851154205810717,0.07370043778406035
date,2026-02-03,avg_speed,551808,0,0.0,3.4,11.0,17.8,33.0,59.1,63.3,67.3,69.8,71.8,76.0,82.5,60.46323195749246,10.971615904523512
date,2026-02-04,samples,551808,0,0.0,0.0,0.0,0.0,0.0,0.0,0.0,0.0,40.0,50.0,53.0,60.0,9.20677844467641,16.67411053788012
date,2026-02-04,percent_observed,551808,0,0.0,0.0,0.0,0.0,0.0,0.0,0.0,0.0,100.0,100.0,100.0,100.0,15.166779024588262,34.24657944258238
date,2026-02-04,total_flow,551808,0,0.0,0.0,0.0,5.0,26.0,114.0,304.0,480.0,602.0,665.0,890.0,1379.0,300.8606055004639,196.36723088660665
date,2026-02-04,avg_occupancy,551808,0,0.0,0.0,0.0,0.0026,0.0093,0.037,0.0754,0.1198,0.2501,0.3715,0.472219299999997,0.9922,0.09135345826809325,0.07583378107542857
date,2026-02-04,avg_speed,551808,0,0.0,3.5,12.3,17.5,32.2,59.1,63.3,67.3,69.9,71.9,76.5,82.6,60.28860835652981,11.264703057933504
date,2026-02-05,samples,551808,0,0.0,0.0,0.0,0.0,0.0,0.0,0.0,0.0,40.0,50.0,54.0,60.0,9.21305961493853,16.671146916913834
date,2026-02-05,percent_observed,551808,0,0.0,0.0,0.0,0.0,0.0,0.0,0.0,0.0,100.0,100.0,100.0,100.0,15.387170900023197,34.390104999872385
date,2026-02-05,total_flow,551808,0,0.0,0.0,4.0,5.0,30.0,116.0,312.0,484.0,607.0,665.0,886.1929999999702,1414.0,304.7125032620042,196.50678101352395
date,2026-02-05,avg_occupancy,551808,0,0.0,0.0,0.0011,0.0027,0.0098,0.0383,0.0774,0.1214,0.2533,0.3688,0.4630385999999941,0.9337,0.09301919870679656,0.07599725108236466
date,2026-02-05,avg_speed,551808,0,0.0,3.0,11.5,17.4,32.2,58.9,63.2,67.3,69.9,71.7,77.1,82.1,60.04954005741128,11.378505572098812
date,2026-02-07,samples,551808,0,0.0,0.0,0.0,0.0,0.0,0.0,0.0,0.0,40.0,50.0,52.0,60.0,9.240884510554396,16.70693363082399
date,2026-02-07,percent_observed,551808,0,0.0,0.0,0.0,0.0,0.0,0.0,0.0,0.0,100.0,100.0,100.0,100.0,16.024305555555557,35.118490247729426
date,2026-02-07,total_flow,551808,0,0.0,0.0,4.0,8.0,29.0,124.0,291.0,486.0,601.0,702.0,907.0,1464.0,300.523654966945,195.42453636908397
date,2026-02-07,avg_occupancy,551808,0,0.0,0.0,0.0016,0.0038,0.0104,0.035,0.0689,0.0999,0.1795,0.2807,0.41053859999999404,0.9249,0.07470221399472281,0.05577299523529047
date,2026-02-07,avg_speed,551808,0,0.0,4.0,14.7,25.2,42.6,61.7,64.8,67.7,69.6,71.1,73.9,80.8,62.76358534127812,8.567362265839376
date,2026-02-08,samples,551808,0,0.0,0.0,0.0,0.0,0.0,0.0,0.0,0.0,40.0,50.0,50.0,60.0,9.224112372419393,16.68115843604735
date,2026-02-08,percent_observed,551808,0,0.0,0.0,0.0,0.0,0.0,0.0,0.0,0.0,100.0,100.0,100.0,100.0,16.87765490895384,35.8468820819866
date,2026-02-08,total_flow,551808,0,0.0,0.0,5.0,7.0,22.0,105.0,221.0,439.0,576.0,686.0,900.0,1469.0,266.88687007074924,188.89553907397357
date,2026-02-08,avg_occupancy,551808,0,0.0,0.0,0.0014,0.0032,0.0077,0.0272,0.053,0.0837,0.1209,0.205,0.3569,0.6673,0.05881833318835537,0.04232269855899718
date,2026-02-08,avg_speed,551808,0,0.0,3.0,19.6,34.5,57.0,63.0,65.1,68.3,69.9,71.2,74.1,79.8,64.56775617606124,5.8721841592950454
date,2026-02-09,samples,551808,0,0.0,0.0,0.0,0.0,0.0,0.0,0.0,0.0,40.0,50.0,59.0,60.0,9.25212392716307,16.721429771218176
date,2026-02-09,percent_observed,551808,0,0.0,0.0,0.0,0.0,0.0,0.0,0.0,0.0,100.0,100.0,100.0,100.0,16.297157707028532,35.41882131125872
date,2026-02-09,total_flow,551808,0,0.0,0.0,5.0,6.0,28.0,111.0,283.0,469.0,590.0,666.0,885.0,1401.0,291.74530090176296,193.21309917410903
date,2026-02-09,avg_occupancy,551808,0,0.0,0.0,0.0012,0.0028,0.0097,0.034,0.0691,0.1102,0.2032,0.3372,0.431319299999997,0.9924,0.0814518781895152,0.06562950141405027
date,2026-02-09,avg_speed,551808,0,0.0,3.1,13.6,20.0,39.1,59.5,63.6,67.4,69.8,71.6,74.2,82.8,61.282770818835544,9.778898527148732
date,2026-02-10,samples,551808,0,0.0,0.0,0.0,0.0,0.0,0.0,0.0,0.0,40.0,50.0,60.0,60.0,9.270527067385757,16.743253108116775
date,2026-02-10,percent_observed,551808,0,0.0,0.0,0.0,0.0,0.0,0.0,0.0,0.0,100.0,100.0,100.0,100.0,16.34265360415217,35.517187581370145
date,2026-02-10,total_flow,551808,0,0.0,0.0,0.0,5.0,27.0,111.0,297.0,470.0,592.0,658.0,883.1929999999702,1374.0,295.69878472222223,193.9927160989431
date,2026-02-10,avg_occupancy,551808,0,0.0,0.0,0.0,0.0026,0.0097,0.0354,0.0727,0.1154,0.2388,0.3619,0.4658,0.8014,0.08771875887990026,0.07251661088508939
date,2026-02-10,avg_speed,551808,0,0.0,3.2,11.6,18.1,33.5,59.1,63.2,67.2,69.7,71.6,75.7,82.9,60.51121839480399,10.774947080697464
date,2026-02-11,samples,551808,0,0.0,0.0,0.0,0.0,0.0,0.0,0.0,0.0,40.0,50.0,50.0,60.0,8.388923321155184,15.296028761893135
date,2026-02-11,percent_observed,551808,0,0.0,0.0,0.0,0.0,0.0,0.0,0.0,0.0,100.0,100.0,100.0,100.0,17.001321111691023,35.961724902691834
date,2026-02-11,total_flow,551808,0,0.0,0.0,3.0,5.0,28.0,113.0,295.0,479.0,598.0,659.0,891.0,1379.0,298.3045552076084,195.5244865314886
date,2026-02-11,avg_occupancy,551808,0,0.0,0.0,0.0011,0.0026,0.0099,0.0368,0.075,0.118,0.2407,0.3705930000000051,0.547896499999985,0.9989,0.08991484284388773,0.07532049045647567
date,2026-02-11,avg_speed,551808,0,0.0,3.2,13.1,18.0,34.3,59.3,63.2,67.2,69.9,71.7,76.1,83.2,60.61382183658084,10.687781518134651
date,2026-02-12,samples,551808,0,0.0,0.0,0.0,0.0,0.0,0.0,0.0,0.0,40.0,50.0,60.0,60.0,9.23562543493389,16.68990583529576
date,2026-02-12,percent_observed,551808,0,0.0,0.0,0.0,0.0,0.0,0.0,0.0,0.0,100.0,100.0,100.0,100.0,16.506986125608908,35.60330074751447
date,2026-02-12,total_flow,551808,0,0.0,0.0,5.0,6.0,30.0,116.0,311.0,484.0,605.0,666.0,888.0,1414.0,304.81637091162145,195.73279859590141
date,2026-02-12,avg_occupancy,551808,0,0.0,0.0,0.0013,0.0027,0.0098,0.0388,0.0781,0.1225,0.2602,0.3756,0.48743859999999406,0.9336,0.0949111257901299,0.07864901798597372
date,2026-02-12,avg_speed,551808,0,0.0,3.4,11.3,16.7,30.6,58.7,63.0,67.3,69.9,71.7,76.3,82.7,59.75263823648805,11.826993473539995
date,2026-02-13,samples,551808,0,0.0,0.0,0.0,0.0,0.0,0.0,0.0,0.0,40.0,50.0,60.0,60.0,9.306795117142194,16.77145608988616
date,2026-02-13,percent_observed,551808,0,0.0,0.0,0.0,0.0,0.0,0.0,0.0,0.0,100.0,100.0,100.0,100.0,15.922732182208305,35.122251567716404
date,2026-02-13,total_flow,551808,0,0.0,0.0,0.0,6.0,20.0,116.0,320.0,490.0,608.0,673.0,897.0,1391.0,304.4529202186268,200.57552125226792
date,2026-02-13,avg_occupancy,551808,0,0.0,0.0,0.0,0.0025,0.0064,0.0358,0.0796,0.1238,0.2612,0.3781,0.597938599999994,0.992,0.0951127361328578,0.0816087034202609
date,2026-02-13,avg_speed,551808,0,0.0,3.1,10.1,16.9,29.9,58.2,63.3,67.4,69.8,72.0,76.8,82.2,59.61520927569009,12.04834579426956
date,2026-02-14,samples,551808,0,0.0,0.0,0.0,0.0,0.0,0.0,0.0,0.0,40.0,50.0,60.0,60.0,9.314062137555092,16.77465593434958
date,2026-02-14,percent_observed,551808,0,0.0,0.0,0.0,0.0,0.0,0.0,0.0,0.0,100.0,100.0,100.0,100.0,12.824756074576664,31.84079928037763
date,2026-02-14,total_flow,551808,0,0.0,0.0,6.0,8.0,27.0,124.0,290.0,487.0,601.0,707.0,903.0,1464.0,300.38055084377174,196.17046799059375
date,2026-02-14,avg_occupancy,551808,0,0.0,0.0,0.002,0.0038,0.0098,0.036,0.0699,0.1004,0.1854,0.2823930000000051,0.4358771999999881,0.7907,0.07575023069618418,0.056741401105188743
date,2026-02-14,avg_speed,551808,0,0.0,3.0,13.2,24.9,40.6,61.7,64.9,67.7,69.6,71.2,74.3,82.4,62.65215419131292,8.831999132290846
date,2026-02-15,samples,551808,0,0.0,0.0,0.0,0.0,0.0,0.0,0.0,0.0,40.0,50.0,60.0,60.0,9.33046095743447,16.796796004771863
date,2026-02-15,percent_observed,551808,0,0.0,0.0,0.0,0.0,0.0,0.0,0.0,0.0,100.0,100.0,100.0,100.0,13.332561325678498,32.36091290459746
date,2026-02-15,total_flow,551808,0,0.0,0.0,5.0,7.0,21.0,107.0,229.0,448.0,583.0,695.0,902.0,1469.0,271.66114300626305,191.58858788869486
date,2026-02-15,avg_occupancy,551808,0,0.0,0.0,0.0019,0.0032,0.0075,0.0278,0.0549,0.0853,0.1225,0.1938,0.3196,0.9868,0.059428630248202274,0.041041398278636294
date,2026-02-15,avg_speed,551808,0,0.0,3.0,23.7,36.7,57.2,63.0,65.2,68.4,69.9,71.3,74.9,82.1,64.68327389236836,5.50967810266852
date,2026-02-16,samples,551808,0,0.0,0.0,0.0,0.0,0.0,0.0,0.0,0.0,40.0,50.0,60.0,60.0,9.348476281605196,16.821196929549206
date,2026-02-16,percent_observed,551808,0,0.0,0.0,0.0,0.0,0.0,0.0,0.0,0.0,100.0,100.0,100.0,100.0,13.578326156924147,32.66562243875736
date,2026-02-16,total_flow,551808,0,0.0,0.0,5.0,6.0,26.0,111.0,260.0,460.0,577.0,651.0,867.0,1401.0,280.6210439138251,187.36103851358334
date,2026-02-16,avg_occupancy,551808,0,0.0,0.0,0.0015,0.0028,0.0097,0.0342,0.067,0.1083,0.1897,0.3293,0.4162,0.9901,0.07820052210189052,0.06181533525536553
date,2026-02-16,avg_speed,551808,0,0.0,3.2,15.8,20.6,40.8,59.4,63.4,67.3,69.8,71.7,77.2,81.9,61.21080484516353,9.520163149841679
date,2026-02-17,samples,551808,0,0.0,0.0,0.0,0.0,0.0,0.0,0.0,0.0,40.0,50.0,60.0,60.0,9.341279937949432,16.809096786740874
date,2026-02-17,percent_observed,551808,0,0.0,0.0,0.0,0.0,0.0,0.0,0.0,0.0,100.0,100.0,100.0,100.0,14.500801003247506,33.76482137717563
date,2026-02-17,total_flow,551808,0,0.0,0.0,4.0,5.0,26.0,111.0,297.0,470.0,591.0,664.0,881.1929999999702,1374.0,294.8637605833913,193.65416499145084
date,2026-02-17,avg_occupancy,551808,0,0.0,0.0,0.0014,0.0026,0.0095,0.0372,0.0733,0.1148,0.2352,0.3698,0.6531964999999851,0.9963,0.08826157830259801,0.07532588195581705
date,2026-02-17,avg_speed,551808,0,0.0,3.0,12.7,18.3,35.6,59.0,63.0,66.9,69.6,71.8,77.1,82.5,60.62825765483647,10.348000069001092
date,2026-02-18,samples,551808,0,0.0,0.0,0.0,0.0,0.0,0.0,0.0,0.0,40.0,50.0,60.0,60.0,9.312670349106936,16.773111704506753
date,2026-02-18,percent_observed,551808,0,0.0,0.0,0.0,0.0,0.0,0.0,0.0,0.0,100.0,100.0,100.0,100.0,13.819187108559499,32.928707386774875
date,2026-02-18,total_flow,551808,0,0.0,0.0,0.0,5.0,26.0,113.0,300.0,480.0,599.0,660.9300000000512,886.0,1379.0,299.3765113952679,196.46695106758182
date,2026-02-18,avg_occupancy,551808,0,0.0,0.0,0.0,0.0026,0.0092,0.0378,0.0756,0.1189,0.2458,0.3715,0.5178,0.9037,0.09100297422291811,0.0754858483780254
date,2026-02-18,avg_speed,551808,0,0.0,3.1,12.8,17.8,33.2,59.2,63.1,67.1,69.8,71.4,76.0,81.7,60.37879026762932,10.968959665263487
date,2026-02-19,samples,551808,0,0.0,0.0,0.0,0.0,0.0,0.0,0.0,0.0,40.0,50.0,60.0,60.0,9.318273747390396,16.770597189844587
date,2026-02-19,percent_observed,551808,0,0.0,0.0,0.0,0.0,0.0,0.0,0.0,0.0,100.0,100.0,100.0,100.0,13.000523732892601,32.08061338009961
date,2026-02-19,total_flow,551808,0,0.0,0.0,5.0,5.0,29.0,116.0,300.0,482.0,605.0,665.0,885.0,1414.0,300.8266371636511,195.17362181993934
date,2026-02-19,avg_occupancy,551808,0,0.0,0.0,0.0017807000000000016,0.0027,0.0093,0.0389,0.077,0.1206,0.2492,0.3673,0.5158578999999911,0.8448,0.09254337940008119,0.07575068730885268
date,2026-02-19,avg_speed,551808,0,0.0,3.0,13.1,18.2,32.7,58.6,63.0,67.2,69.8,71.7,77.0,81.7,60.00035990779402,11.190743510438354
date,2026-02-20,samples,551808,0,0.0,0.0,0.0,0.0,0.0,0.0,0.0,0.0,40.0,50.0,60.0,60.0,9.287652589306425,16.744964082144648
date,2026-02-20,percent_observed,551808,0,0.0,0.0,0.0,0.0,0.0,0.0,0.0,0.0,100.0,100.0,100.0,100.0,13.626284867200186,32.819389688226
date,2026-02-20,total_flow,551808,0,0.0,0.0,5.0,7.0,35.0,121.0,334.0,491.0,609.0,676.0,897.0,1391.0,313.5336602586407,195.47859083288307
date,2026-02-20,avg_occupancy,551808,0,0.0,0.0,0.0019,0.0034,0.0106,0.0424,0.0806,0.1236,0.2522,0.3731,0.590938599999994,0.992,0.09620774907214104,0.07839835570941815
date,2026-02-20,avg_speed,551808,0,0.0,3.0,10.6,17.9,31.5,58.5,63.2,67.2,69.8,71.7,76.2,82.8,59.88227481297843,11.573113365253665
date,2026-02-21,samples,551808,0,0.0,0.0,0.0,0.0,0.0,0.0,0.0,0.0,40.0,50.0,60.0,60.0,9.305169551728138,16.767983840605194
date,2026-02-21,percent_observed,551808,0,0.0,0.0,0.0,0.0,0.0,0.0,0.0,0.0,100.0,100.0,100.0,100.0,12.545031967640918,31.59068243072242
date,2026-02-21,total_flow,551808,0,0.0,0.0,6.0,8.0,26.0,124.0,294.0,488.0,600.0,697.0,904.0,1464.0,302.00714378914404,196.30930506004813
date,2026-02-21,avg_occupancy,551808,0,0.0,0.0,0.0013,0.0038,0.0101,0.036,0.0705,0.1015,0.1879,0.2848,0.43443859999999407,0.7397,0.07626932610618185,0.05728751520956568
date,2026-02-21,avg_speed,551808,0,0.0,3.6,12.3,24.8,39.8,61.6,64.8,67.7,69.5,71.0,73.8,80.0,62.53795414347019,8.921707279226181
date,2026-02-22,samples,551808,0,0.0,0.0,0.0,0.0,0.0,0.0,0.0,0.0,40.0,50.0,60.0,60.0,9.304779923451635,16.767250533224328
date,2026-02-22,percent_observed,551808,0,0.0,0.0,0.0,0.0,0.0,0.0,0.0,0.0,100.0,100.0,100.0,100.0,12.200359545349107,31.23750446793932
date,2026-02-22,total_flow,551808,0,0.0,0.0,5.0,7.0,20.0,108.0,230.0,452.0,580.0,690.0,905.0,1469.0,272.90250775632103,191.90812078186858
date,2026-02-22,avg_occupancy,551808,0,0.0,0.0,0.0016,0.0032,0.0076,0.0279,0.0557,0.0865,0.1296,0.21909300000000512,0.3757,0.9676,0.06112238042942473,0.04502276337436593
date,2026-02-22,avg_speed,551808,0,0.0,3.0,17.8,33.2,55.4,62.9,65.1,68.3,69.9,71.2,74.4,80.9,64.32427202940153,6.279410360933959
date,2026-02-23,samples,551808,0,0.0,0.0,0.0,0.0,0.0,0.0,0.0,0.0,40.0,50.0,60.0,60.0,9.305474005451172,16.77065611089615
date,2026-02-23,percent_observed,551808,0,0.0,0.0,0.0,0.0,0.0,0.0,0.0,0.0,100.0,100.0,100.0,100.0,12.213744635815356,31.147606945424723
date,2026-02-23,total_flow,551808,0,0.0,0.0,5.0,6.0,26.0,111.0,292.0,471.0,591.0,673.0,885.0,1401.0,294.6374952882162,194.01617362645726
date,2026-02-23,avg_occupancy,551808,0,0.0,0.0,0.0014,0.0028,0.0095,0.0351,0.0705,0.1115,0.2176,0.34969300000000514,0.5565,0.9901,0.08443537389816748,0.07071727238761977
date,2026-02-23,avg_speed,551808,0,0.0,3.0,9.9,19.1,36.7,59.5,63.6,67.3,69.7,71.3,74.5,83.2,60.98750362444908,10.301514961966236
date,2026-02-24,samples,551808,0,0.0,0.0,0.0,0.0,0.0,0.0,0.0,0.0,40.0,50.0,60.0,60.0,9.287650777081884,16.74508797638488
date,2026-02-24,percent_observed,551808,0,0.0,0.0,0.0,0.0,0.0,0.0,0.0,0.0,100.0,100.0,100.0,100.0,12.447233458014383,31.513948555249208
date,2026-02-24,total_flow,551808,0,0.0,0.0,3.0,5.0,26.0,111.0,299.0,470.0,591.0,664.0,882.0,1374.0,295.319533243447,194.8113028098771
date,2026-02-24,avg_occupancy,551808,0,0.0,0.0,0.001,0.0026,0.009,0.0363,0.0733,0.1162,0.2526,0.372,0.5357543999999761,0.9377,0.0898607381553004,0.07663728251941125
date,2026-02-24,avg_speed,551808,0,0.0,3.0,11.1,17.7,32.1,59.1,63.4,67.3,69.8,72.0,76.8,82.2,60.40232780242403,11.203469851463726
date,2026-02-25,samples,551808,0,0.0,0.0,0.0,0.0,0.0,0.0,0.0,0.0,40.0,50.0,60.0,60.0,9.30660664578984,16.778679560360317
date,2026-02-25,percent_observed,551808,0,0.0,0.0,0.0,0.0,0.0,0.0,0.0,0.0,100.0,100.0,100.0,100.0,12.260835290535839,31.277591412435356
date,2026-02-25,total_flow,551808,0,0.0,0.0,4.0,5.0,27.0,115.0,310.0,480.0,599.0,660.0,890.0,1379.0,302.67447372999305,195.3957577861839
date,2026-02-25,avg_occupancy,551808,0,0.0,0.0,0.0014,0.0026,0.0098,0.0386,0.0768,0.1211,0.2564,0.3825,0.5227385999999941,0.8531,0.0937406293493389,0.0783557847766414
date,2026-02-25,avg_speed,551808,0,0.0,3.0,10.2,16.7,30.7,59.0,63.1,67.4,69.9,71.8,76.3,81.7,60.04519271195778,11.650782710641275
date,2026-02-26,samples,551808,0,0.0,0.0,0.0,0.0,0.0,0.0,0.0,0.0,40.0,50.0,60.0,60.0,8.174328752029691,16.04887479784024
date,2026-02-26,percent_observed,551808,0,0.0,0.0,0.0,0.0,0.0,0.0,0.0,0.0,100.0,100.0,100.0,100.0,12.666066820343309,31.60728354782421
date,2026-02-26,total_flow,551808,0,0.0,0.0,5.0,5.0,30.0,118.0,329.0,484.0,609.0,672.0,891.0,1414.0,309.5585493504987,196.4411226484874
date,2026-02-26,avg_occupancy,551808,0,0.0,0.0,0.0016,0.0027,0.0095,0.0405,0.0801,0.1248,0.2647,0.3815,0.497,0.7494,0.09774675847396196,0.08022531428895054
date,2026-02-26,avg_speed,551808,0,0.0,3.0,11.5,16.6,29.3,58.2,62.7,67.3,69.9,72.1,76.4,83.2,59.34480833913245,12.185012018391356
date,2026-02-27,samples,551808,0,0.0,0.0,0.0,0.0,0.0,0.0,0.0,0.0,40.0,50.0,50.0,60.0,5.7381045581071675,13.752049434890703
date,2026-02-27,percent_observed,551808,0,0.0,0.0,0.0,0.0,0.0,0.0,0.0,0.0,100.0,100.0,100.0,100.0,10.27544544479239,29.07849623008104
date,2026-02-27,total_flow,551808,0,0.0,0.0,0.0,7.0,28.0,120.0,338.0,492.0,610.0,688.0,885.0,1391.0,313.0549810803758,198.02419871577743
date,2026-02-27,avg_occupancy,551808,0,0.0,0.0,0.0,0.0033,0.0092,0.0416,0.0813,0.125,0.2627,0.3744,0.5113,0.8014,0.09733753733182557,0.07870816422761143
date,2026-02-27,avg_speed,551808,0,0.0,3.2,9.4,16.5,29.0,57.4,63.0,67.6,69.9,72.4,76.6,81.6,59.3093358559499,12.312290931568421
date,2026-02-28,samples,551808,0,0.0,0.0,0.0,0.0,0.0,0.0,0.0,0.0,40.0,50.0,50.0,60.0,6.710392020412897,14.900926896535513
date,2026-02-28,percent_observed,551808,0,0.0,0.0,0.0,0.0,0.0,0.0,0.0,0.0,0.0,0.0,0.0,75.0,0.0023558919044305267,0.3010077687814991
date,2026-02-28,total_flow,551808,0,0.0,0.0,6.0,7.0,19.0,121.0,291.0,495.0,607.0,717.0,907.0,1464.0,300.7437858820459,202.14195109171342
date,2026-02-28,avg_occupancy,551808,0,0.0,0.0,0.0022,0.0038,0.008,0.0339,0.0711,0.1008,0.1677,0.2649,0.342719299999997,0.5211,0.07398264251333797,0.05290650033490359
date,2026-02-28,avg_speed,551808,0,0.0,7.0,18.9,27.6,45.8,62.0,65.1,68.0,69.6,70.9,73.1,81.8,63.288229601600555,8.053266342711378
date,2026-03-01,samples,551808,0,0.0,0.0,0.0,0.0,0.0,0.0,0.0,0.0,40.0,50.0,50.0,60.0,6.7566363662723266,14.959907898784294
date,2026-03-01,percent_observed,551808,0,0.0,0.0,0.0,0.0,0.0,0.0,0.0,0.0,100.0,100.0,100.0,100.0,12.297280938297378,31.284865479633307
date,2026-03-01,total_flow,551808,0,0.0,0.0,0.0,7.0,20.0,109.0,231.0,452.0,581.0,693.0,902.0,1469.0,273.658955651241,191.89663712131835
date,2026-03-01,avg_occupancy,551808,0,0.0,0.0,0.0,0.0031,0.0074,0.0279,0.0557,0.0862,0.1265,0.2042,0.335619299999997,0.7117,0.06037824134481559,0.04245225710925914
date,2026-03-01,avg_speed,551808,0,0.0,3.3,20.8,34.5,56.1,62.9,65.1,68.3,69.9,71.1,73.4,80.2,64.41651788303177,5.9763550922175845
date,2026-03-02,samples,551808,0,0.0,0.0,0.0,0.0,0.0,0.0,0.0,0.0,40.0,50.0,50.0,60.0,6.759969047204825,14.95450764660278
date,2026-03-02,percent_observed,551808,0,0.0,0.0,0.0,0.0,0.0,0.0,0.0,0.0,100.0,100.0,100.0,100.0,12.380251826722338,31.37288796619263
date,2026-03-02,total_flow,551808,0,0.0,0.0,5.0,6.0,25.0,112.0,293.0,471.0,589.0,666.0,878.0,1401.0,294.7866993591974,193.49972964260712
date,2026-03-02,avg_occupancy,551808,0,0.0,0.0,0.0016,0.0028,0.0095,0.0357,0.0709,0.1118,0.2191,0.3457,0.4601,0.9924,0.08465868780445372,0.06924858698364969
date,2026-03-02,avg_speed,551808,0,0.0,3.0,11.6,19.1,35.4,59.4,63.4,67.2,69.7,70.9,74.0,81.9,60.826468989213645,10.436086676421821
date,2026-03-03,samples,551808,0,0.0,0.0,0.0,0.0,0.0,0.0,0.0,0.0,40.0,50.0,50.0,60.0,6.801751696242171,14.986972520429337
date,2026-03-03,percent_observed,551808,0,0.0,0.0,0.0,0.0,0.0,0.0,0.0,0.0,100.0,100.0,100.0,100.0,12.68543587624681,31.781712568967677
date,2026-03-03,total_flow,551808,0,0.0,0.0,4.0,5.0,26.0,111.0,297.0,470.0,592.0,669.0,889.1929999999702,1374.0,295.2471294363257,194.51433320576558
date,2026-03-03,avg_occupancy,551808,0,0.0,0.0,0.0016,0.0026,0.0089,0.0371,0.0735,0.1168,0.2596,0.3823,0.6144157999999821,0.9377,0.09138718014236837,0.07981428038651757
date,2026-03-03,avg_speed,551808,0,0.0,3.0,6.5,16.1,30.9,58.9,63.2,67.1,69.7,71.7,75.6,83.7,60.11777121752494,11.536546065261065
date,2026-03-04,samples,551808,0,0.0,0.0,0.0,0.0,0.0,0.0,0.0,0.0,40.0,50.0,50.0,60.0,7.175653488169798,15.310199230097973
date,2026-03-04,percent_observed,551808,0,0.0,0.0,0.0,0.0,0.0,0.0,0.0,0.0,100.0,100.0,100.0,100.0,12.032804888656925,30.93763849511472
date,2026-03-04,total_flow,551808,0,0.0,0.0,4.0,5.0,27.0,115.0,307.0,480.0,600.0,665.0,890.0,1379.0,302.4118425249362,195.59674515191386
date,2026-03-04,avg_occupancy,551808,0,0.0,0.0,0.0011,0.0026,0.0099,0.0389,0.0767,0.1205,0.2549,0.3836,0.533519299999997,0.9418,0.09362567777197867,0.07843364984606557
date,2026-03-04,avg_speed,551808,0,0.0,3.0,8.9,16.6,31.1,59.1,63.3,67.3,69.9,71.7,75.8,82.8,60.1422286374971,11.573767179685355
date,2026-03-05,samples,551808,0,0.0,0.0,0.0,0.0,0.0,0.0,0.0,0.0,40.0,50.0,50.0,60.0,6.560562731964741,14.103886851328918
date,2026-03-05,percent_observed,551808,0,0.0,0.0,0.0,0.0,0.0,0.0,0.0,0.0,100.0,100.0,100.0,100.0,12.89768180236604,31.878771282379358
date,2026-03-05,total_flow,551808,0,0.0,0.0,5.0,5.0,30.0,119.0,318.0,484.0,606.0,665.0,891.0,1414.0,307.00656025284155,195.3800062867471
date,2026-03-05,avg_occupancy,551808,0,0.0,0.0,0.0013,0.0027,0.0099,0.041,0.0796,0.1241,0.2659,0.3898,0.5147192999999971,0.9594,0.09767163687369519,0.08096211911409007
date,2026-03-05,avg_speed,551808,0,0.0,3.7,8.7,16.1,29.2,58.2,62.7,66.9,69.8,71.3,75.41929999999702,83.2,59.258226955752725,12.170280592328071
date,2026-03-06,samples,551808,0,0.0,0.0,0.0,0.0,0.0,0.0,0.0,0.0,40.0,50.0,50.0,60.0,7.092878319995361,15.14493983151418
date,2026-03-06,percent_observed,551808,0,0.0,0.0,0.0,0.0,0.0,0.0,0.0,0.0,100.0,100.0,100.0,100.0,12.913719989561587,32.00143701107368
date,2026-03-06,total_flow,551808,0,0.0,0.0,0.0,7.0,31.0,121.0,332.0,490.0,609.0,687.0,901.0,1391.0,311.4490710536998,196.46805783966514
date,2026-03-06,avg_occupancy,551808,0,0.0,0.0,0.0,0.0033,0.01,0.0418,0.0806,0.1239,0.2579,0.3668,0.4749,0.8718,0.09631603909330781,0.0772600982247502
date,2026-03-06,avg_speed,551808,0,0.0,3.0,11.6,17.5,29.3,57.2,62.6,66.8,69.6,71.1,74.6,81.6,59.04269474164927,12.05795178716065
date,2026-03-07,samples,551808,0,0.0,0.0,0.0,0.0,0.0,0.0,0.0,0.0,40.0,50.0,50.0,60.0,7.262361183600093,15.418630572801076
date,2026-03-07,percent_observed,551808,0,0.0,0.0,0.0,0.0,0.0,0.0,0.0,0.0,100.0,100.0,100.0,100.0,12.978246056599398,32.152530825158514
date,2026-03-07,total_flow,551808,0,0.0,0.0,5.807000000000016,8.0,26.0,125.0,300.0,488.0,602.0,708.0,903.0,1464.0,303.967970743447,196.01791947378962
date,2026-03-07,avg_occupancy,551808,0,0.0,0.0,0.002,0.0038,0.0101,0.0369,0.0711,0.101,0.1848,0.2812,0.4353,0.7767,0.07638469123318256,0.05660062983528233
date,2026-03-07,avg_speed,551808,0,0.0,3.3,13.8,25.1,41.1,61.7,64.8,67.6,69.6,71.0,74.3,80.8,62.62795555700533,8.73285469215279
date,2026-03-08,samples,528816,0,0.0,0.0,0.0,0.0,0.0,0.0,0.0,0.0,40.0,50.0,50.0,60.0,7.2377934858249375,15.385214122549518
date,2026-03-08,percent_observed,528816,0,0.0,0.0,0.0,0.0,0.0,0.0,0.0,0.0,100.0,100.0,100.0,100.0,13.1259700916765,32.23947404022934
date,2026-03-08,total_flow,528816,0,0.0,0.0,0.0,7.0,23.0,115.0,247.0,457.0,583.0,694.0,907.0,1469.0,280.8493143172673,190.86324233673975
date,2026-03-08,avg_occupancy,528816,0,0.0,0.0,0.0,0.0031,0.0094,0.0309,0.0582,0.0874,0.1275,0.21028499999999767,0.38867400000002233,0.8272,0.06239616199207285,0.04383452941736043
date,2026-03-08,avg_speed,528816,0,0.0,6.3,18.3,33.8,56.1,62.8,65.1,68.2,69.8,71.1,73.7,81.1,64.29543054673081,6.031768105641784
date,2026-03-09,samples,551808,0,0.0,0.0,0.0,0.0,0.0,0.0,0.0,0.0,40.0,50.0,50.0,60.0,7.284530126420784,15.441192068746982
date,2026-03-09,percent_observed,551808,0,0.0,0.0,0.0,0.0,0.0,0.0,0.0,0.0,100.0,100.0,100.0,100.0,12.798373709696126,31.91371682291828
date,2026-03-09,total_flow,551808,0,0.0,0.0,5.0,6.0,26.0,112.0,296.0,472.0,592.0,679.0,901.0,1401.0,296.67307106819766,193.71848425673969
date,2026-03-09,avg_occupancy,551808,0,0.0,0.0,0.0012,0.0028,0.0098,0.0366,0.0711,0.1117,0.2198,0.3519,0.49313859999999404,0.9924,0.08529818143267223,0.07058213780323638
date,2026-03-09,avg_speed,551808,0,0.0,3.1,12.0,19.2,35.5,59.5,63.6,67.3,69.7,71.2,74.1,82.0,60.982036324228716,10.364145142388235
date,2026-03-10,samples,551808,0,0.0,0.0,0.0,0.0,0.0,0.0,0.0,0.0,40.0,50.0,50.0,60.0,7.307141252029692,15.464732323645302
date,2026-03-10,percent_observed,551808,0,0.0,0.0,0.0,0.0,0.0,0.0,0.0,0.0,100.0,100.0,100.0,100.0,13.487977702389237,32.61300684724757
date,2026-03-10,total_flow,551808,0,0.0,0.0,3.0,5.0,26.0,112.0,306.0,471.0,593.0,665.0,905.0,1374.0,298.3242178438877,194.49924330618512
date,2026-03-10,avg_occupancy,551808,0,0.0,0.0,0.001,0.0026,0.0097,0.038,0.0741,0.1162,0.2504,0.3722,0.5565157999999821,0.9377,0.09021812514497797,0.07609072519853732
date,2026-03-10,avg_speed,551808,0,0.0,3.0,11.0,18.0,32.6,59.1,63.3,67.1,69.7,71.8,76.3,82.1,60.42754853137323,11.009955872013542
date,2026-03-11,samples,551808,0,0.0,0.0,0.0,0.0,0.0,0.0,0.0,0.0,40.0,50.0,50.0,60.0,7.318991388308977,15.461561969858304
date,2026-03-11,percent_observed,551808,0,0.0,0.0,0.0,0.0,0.0,0.0,0.0,0.0,100.0,100.0,100.0,100.0,13.110210435513801,32.18256431981979
date,2026-03-11,total_flow,551808,0,0.0,0.0,3.0,5.0,26.0,115.0,306.0,480.0,599.0,664.0,897.0,1379.0,300.769347309209,195.40568997839077
date,2026-03-11,avg_occupancy,551808,0,0.0,0.0,0.0009,0.0026,0.0093,0.0385,0.0761,0.1202,0.2526,0.3784,0.5037,0.9418,0.09274128247506379,0.07710947122660532
date,2026-03-11,avg_speed,551808,0,0.0,3.3,11.9,17.5,31.9,59.1,63.2,67.2,69.9,71.5,75.7,84.8,60.16936724367896,11.371797698357064
date,2026-03-12,samples,551808,0,0.0,0.0,0.0,0.0,0.0,0.0,0.0,0.0,40.0,50.0,50.0,60.0,7.322757190906982,15.461346448319937
date,2026-03-12,percent_observed,551808,0,0.0,0.0,0.0,0.0,0.0,0.0,0.0,0.0,100.0,100.0,100.0,100.0,12.935198474831825,32.1553412599894
date,2026-03-12,total_flow,551808,0,0.0,0.0,0.0,5.0,29.0,117.0,318.0,484.0,607.0,679.9300000000512,908.0,1414.0,306.50474984052425,196.2904064232131
date,2026-03-12,avg_occupancy,551808,0,0.0,0.0,0.0,0.0027,0.0095,0.0402,0.0792,0.1235,0.2613,0.3759,0.487519299999997,0.7298,0.0962749983689979,0.07877501503410063
date,2026-03-12,avg_speed,551808,0,0.0,3.4,11.4,17.1,30.3,58.5,62.8,67.0,69.8,71.3,75.5,81.9,59.50786414839944,11.889969591986187
date,2026-03-13,samples,551808,0,0.0,0.0,0.0,0.0,0.0,0.0,0.0,0.0,40.0,50.0,50.0,60.0,7.340000507422872,15.477641589500818
date,2026-03-13,percent_observed,551808,0,0.0,0.0,0.0,0.0,0.0,0.0,0.0,0.0,100.0,100.0,100.0,100.0,12.378100716191138,31.526784292654106
date,2026-03-13,total_flow,551808,0,0.0,0.0,0.0,6.0,18.0,118.0,330.0,492.0,612.0,730.0,908.0,1391.0,308.6457445343308,202.12936210757465
date,2026-03-13,avg_occupancy,551808,0,0.0,0.0,0.0,0.0024,0.0059,0.0391,0.0805,0.124,0.256,0.3678,0.4722,0.8182,0.09552700268934122,0.07825777444663622
date,2026-03-13,avg_speed,551808,0,0.0,3.1,12.3,17.6,29.7,57.1,62.6,66.9,69.7,71.4,74.7,81.6,59.05902922755741,12.042982421257486
date,2026-03-14,samples,551808,0,0.0,0.0,0.0,0.0,0.0,0.0,0.0,0.0,40.0,50.0,50.0,60.0,7.370070749246114,15.49798634699071
date,2026-03-14,percent_observed,551808,0,0.0,0.0,0.0,0.0,0.0,0.0,0.0,0.0,100.0,100.0,100.0,100.0,11.341272689051264,30.680604062948873
date,2026-03-14,total_flow,551808,0,0.0,0.0,7.0,7.0,23.0,124.0,294.0,490.0,605.0,716.0,907.0,1464.0,302.5227107979587,198.8989988172595
date,2026-03-14,avg_occupancy,551808,0,0.0,0.0,0.0034,0.0038,0.0104,0.0372,0.0717,0.101,0.1745,0.2733,0.361419299999997,0.6533,0.07567487423161678,0.053546096721035594
date,2026-03-14,avg_speed,551808,0,0.0,5.5,17.8,26.1,43.2,61.7,64.9,67.5,69.5,70.9,74.1,80.1,62.801509401820915,8.34336748591495
date,2026-03-15,samples,551808,0,0.0,0.0,0.0,0.0,0.0,0.0,0.0,0.0,40.0,50.0,50.0,60.0,7.363586609835305,15.49564546732889
date,2026-03-15,percent_observed,551808,0,0.0,0.0,0.0,0.0,0.0,0.0,0.0,0.0,100.0,100.0,100.0,100.0,10.662248463233588,29.924809904311466
date,2026-03-15,total_flow,551808,0,0.0,0.0,5.0,7.0,18.0,105.0,227.0,455.0,583.0,702.0,907.0,1469.0,272.75262953781026,194.39833845988332
date,2026-03-15,avg_occupancy,551808,0,0.0,0.0,0.0027,0.0032,0.0077,0.0282,0.0569,0.0864,0.1225,0.1914,0.2971,0.7691,0.060078140222686156,0.039921743544998584
date,2026-03-15,avg_speed,551808,0,0.0,3.7,24.4,36.8,57.1,62.9,65.1,68.3,69.9,70.9,73.3,82.2,64.55399613633728,5.44275345795277
date,2026-03-16,samples,551808,0,0.0,0.0,0.0,0.0,0.0,0.0,0.0,0.0,40.0,50.0,50.0,60.0,7.370085247042449,15.505970929003293
date,2026-03-16,percent_observed,551808,0,0.0,0.0,0.0,0.0,0.0,0.0,0.0,0.0,100.0,100.0,100.0,100.0,12.440905169914172,31.606021588835574
date,2026-03-16,total_flow,551808,0,0.0,0.0,5.0,6.0,26.0,112.0,297.0,472.0,592.0,673.0,886.0,1401.0,295.5594536505451,194.8996091459372
date,2026-03-16,avg_occupancy,551808,0,0.0,0.0,0.0025,0.0029,0.0103,0.0371,0.071,0.1117,0.2158,0.3464,0.4611771999999881,0.8006,0.08476692273399443,0.06820285087113126
date,2026-03-16,avg_speed,551808,0,0.0,3.4,11.5,19.4,36.9,59.5,63.5,67.1,69.7,71.3,74.8,84.5,61.063550002899554,10.18457245886182
date,2026-03-17,samples,551808,0,0.0,0.0,0.0,0.0,0.0,0.0,0.0,0.0,40.0,50.0,50.0,60.0,7.359516353514266,15.484323445046696
date,2026-03-17,percent_observed,551808,0,0.0,0.0,0.0,0.0,0.0,0.0,0.0,0.0,100.0,100.0,100.0,100.0,11.954217771398747,31.021314266109897
date,2026-03-17,total_flow,551808,0,0.0,0.0,4.0,5.0,26.0,111.0,305.0,472.0,596.0,678.0,895.0,1374.0,296.96271529227556,195.94220934284462
date,2026-03-17,avg_occupancy,551808,0,0.0,0.0,0.0024,0.0026,0.0107,0.0391,0.0743,0.117,0.2529,0.3721930000000051,0.5481,0.9377,0.09101085794334261,0.07634750770997784
date,2026-03-17,avg_speed,551808,0,0.0,3.3,11.7,17.9,32.3,59.1,63.1,66.9,69.6,71.5,76.1,84.8,60.33416387584087,11.034309225324458
date,2026-03-18,samples,551808,0,0.0,0.0,0.0,0.0,0.0,0.0,0.0,0.0,40.0,50.0,50.0,60.0,7.370284591742055,15.5048249826123
date,2026-03-18,percent_observed,551808,0,0.0,0.0,0.0,0.0,0.0,0.0,0.0,0.0,100.0,100.0,100.0,100.0,12.491620273718395,31.57109604425364
date,2026-03-18,total_flow,551808,0,0.0,0.0,4.0,5.0,26.0,115.0,313.0,482.0,604.0,679.0,893.0,1379.0,302.3436376420784,197.62607369023047
date,2026-03-18,avg_occupancy,551808,0,0.0,0.0,0.0021,0.0026,0.0106,0.0402,0.0774,0.1211,0.2535,0.377,0.49343859999999407,0.8386,0.09385110563819299,0.07677032079544031
date,2026-03-18,avg_speed,551808,0,0.0,3.0,11.2,17.1,31.2,59.1,63.0,66.9,69.9,71.5,75.8,82.8,60.068487046218976,11.448919433323463
date,2026-03-19,samples,551808,0,0.0,0.0,0.0,0.0,0.0,0.0,0.0,0.0,40.0,50.0,50.0,60.0,7.372801771630712,15.510785068445431
date,2026-03-19,percent_observed,551808,0,0.0,0.0,0.0,0.0,0.0,0.0,0.0,0.0,100.0,100.0,100.0,100.0,12.871567646717699,32.16342624594358
date,2026-03-19,total_flow,551808,0,0.0,0.0,5.0,5.0,30.0,117.0,324.0,484.0,609.0,696.0,903.0,1414.0,307.22388946880073,197.46005506288617
date,2026-03-19,avg_occupancy,551808,0,0.0,0.0,0.0026,0.0027,0.0117,0.0422,0.08,0.1241,0.2621,0.3768,0.4936,0.8233,0.09737331263772907,0.07882514252203626
date,2026-03-19,avg_speed,551808,0,0.0,3.0,11.3,17.2,30.3,58.5,62.7,66.7,69.7,71.3,75.8,82.9,59.46486495302714,11.834354272764285
date,2026-03-20,samples,551808,0,0.0,0.0,0.0,0.0,0.0,0.0,0.0,0.0,40.0,50.0,50.0,60.0,7.370384264091858,15.504550558206802
date,2026-03-20,percent_observed,551808,0,0.0,0.0,0.0,0.0,0.0,0.0,0.0,0.0,100.0,100.0,100.0,100.0,12.03194770644862,31.134492041368244
date,2026-03-20,total_flow,551808,0,0.0,0.0,5.0,7.0,34.0,120.0,336.0,491.0,609.0,693.0,905.0,1391.0,312.6118939921132,197.00635652440448
date,2026-03-20,avg_occupancy,551808,0,0.0,0.0,0.0018,0.0034,0.0115,0.0444,0.0814,0.1238,0.2511,0.3603,0.4609,0.754,0.09642680570053351,0.07493204116660213
date,2026-03-20,avg_speed,551808,0,0.0,3.6,12.0,18.0,30.6,57.5,62.5,66.4,69.6,71.1,74.7,79.2,59.23771257393876,11.724655692959274
date,2026-03-21,samples,551808,0,0.0,0.0,0.0,0.0,0.0,0.0,0.0,0.0,40.0,50.0,50.0,60.0,7.3653263453955,15.492512760888152
date,2026-03-21,percent_observed,551808,0,0.0,0.0,0.0,0.0,0.0,0.0,0.0,0.0,100.0,100.0,100.0,100.0,11.788701867316169,30.877011356486374
date,2026-03-21,total_flow,551808,0,0.0,0.0,4.0,7.0,24.0,123.0,291.0,488.0,601.0,712.0,907.0,1464.0,300.4537520296915,197.77273341787898
date,2026-03-21,avg_occupancy,551808,0,0.0,0.0,0.0016,0.0038,0.0104,0.037,0.0711,0.1008,0.181,0.2833930000000051,0.537719299999997,0.9453,0.07630808868302018,0.05791791080386486
date,2026-03-21,avg_speed,551808,0,0.0,3.1,8.8,24.9,42.0,61.7,64.9,67.6,69.6,71.5,76.71929999999702,84.8,62.72722939863141,8.734288993009743
date,2026-03-22,samples,551808,0,0.0,0.0,0.0,0.0,0.0,0.0,0.0,0.0,40.0,50.0,50.0,60.0,7.366107414173046,15.495837030918933
date,2026-03-22,percent_observed,551808,0,0.0,0.0,0.0,0.0,0.0,0.0,0.0,0.0,100.0,100.0,100.0,100.0,11.46207014033867,30.570315555121613
date,2026-03-22,total_flow,551808,0,0.0,0.0,1.0,7.0,18.0,106.0,227.0,452.0,580.0,695.0,907.0,1469.0,272.08218257074924,192.64428395497387
date,2026-03-22,avg_occupancy,551808,0,0.0,0.0,0.0004,0.0032,0.0078,0.0284,0.0565,0.0862,0.1271,0.2245,0.47275789999999107,0.7913,0.06155024283808862,0.04647554203792674
date,2026-03-22,avg_speed,551808,0,0.0,3.0,10.4,31.9,56.2,62.9,65.1,68.3,69.8,71.0,73.9,80.3,64.24524200446533,6.5075032956554715
date,2026-03-23,samples,551808,0,0.0,0.0,0.0,0.0,0.0,0.0,0.0,0.0,40.0,50.0,50.0,60.0,7.378149646253769,15.517656853983672
date,2026-03-23,percent_observed,551808,0,0.0,0.0,0.0,0.0,0.0,0.0,0.0,0.0,100.0,100.0,100.0,100.0,12.319301278705638,31.48753697625967
date,2026-03-23,total_flow,551808,0,0.0,0.0,5.0,6.0,26.0,112.0,296.0,473.0,593.0,680.0,891.0,1401.0,295.88583529053585,195.2727546498661
date,2026-03-23,avg_occupancy,551808,0,0.0,0.0,0.0025,0.0029,0.0105,0.0372,0.0712,0.1117,0.2137,0.3422,0.44263859999999405,0.8353,0.08447544290767803,0.06714015258507015
date,2026-03-23,avg_speed,551808,0,0.0,3.6,13.6,19.8,37.8,59.5,63.5,67.0,69.7,71.2,75.0,81.9,61.125511953433076,9.975906145634363
date,2026-03-24,samples,551808,0,0.0,0.0,0.0,0.0,0.0,0.0,0.0,0.0,40.0,50.0,50.0,60.0,7.392404604500116,15.53810748813969
date,2026-03-24,percent_observed,551808,0,0.0,0.0,0.0,0.0,0.0,0.0,0.0,0.0,100.0,100.0,100.0,100.0,12.729835377522617,32.00015911088741
date,2026-03-24,total_flow,551808,0,0.0,0.0,4.0,5.0,26.0,111.0,306.0,475.0,598.0,685.0,898.0,1374.0,297.8870241098353,197.1371834077611
date,2026-03-24,avg_occupancy,551808,0,0.0,0.0,0.002,0.0026,0.0103,0.0383,0.0742,0.1165,0.2449,0.3628,0.466,0.7617,0.08975432197430991,0.07309689649007799
date,2026-03-24,avg_speed,551808,0,0.0,3.3,12.580700000000002,18.1,33.0,59.1,63.2,66.9,69.6,71.4,75.3,81.0,60.43668522384597,10.838205741591997
date,2026-03-25,samples,551808,0,0.0,0.0,0.0,0.0,0.0,0.0,0.0,0.0,40.0,50.0,50.0,60.0,7.3736662027371835,15.513841145799956
date,2026-03-25,percent_observed,551808,0,0.0,0.0,0.0,0.0,0.0,0.0,0.0,0.0,100.0,100.0,100.0,100.0,12.69289861691023,31.926574049854576
date,2026-03-25,total_flow,551808,0,0.0,0.0,5.0,5.0,27.0,113.0,308.0,482.0,605.0,682.0,905.0,1379.0,301.4718543406402,198.47952479114497
date,2026-03-25,avg_occupancy,551808,0,0.0,0.0,0.0024,0.0026,0.0104,0.0388,0.0767,0.1205,0.2505,0.3715,0.4911,0.7944,0.09281219627116678,0.07582322337628808
date,2026-03-25,avg_speed,551808,0,0.0,3.3,11.8,17.5,31.9,59.2,63.1,67.0,69.9,71.7,76.0,82.7,60.21686872970308,11.287889960769778
date,2026-03-26,samples,551808,0,0.0,0.0,0.0,0.0,0.0,0.0,0.0,0.0,40.0,50.0,50.0,60.0,6.642033098469033,14.09450349757657
date,2026-03-26,percent_observed,551808,0,0.0,0.0,0.0,0.0,0.0,0.0,0.0,0.0,100.0,100.0,100.0,100.0,12.131712479703085,31.347616763529267
date,2026-03-26,total_flow,551808,0,0.0,0.0,5.0,5.0,29.0,116.0,304.0,484.0,607.0,679.0,906.0,1414.0,301.6382799814428,197.6618123207508
date,2026-03-26,avg_occupancy,551808,0,0.0,0.0,0.0026,0.0027,0.01,0.0402,0.0781,0.1223,0.2581,0.3686,0.4651,0.8149,0.09458145224425887,0.0766487053919758
date,2026-03-26,avg_speed,551808,0,0.0,3.0,12.3,17.5,31.2,58.8,63.0,67.0,69.8,72.0,76.5,83.1,59.853182266295526,11.559324542791893
date,2026-03-27,samples,551808,0,0.0,0.0,0.0,0.0,0.0,0.0,0.0,0.0,40.0,50.0,50.0,60.0,7.375384191602876,15.510920062698192
date,2026-03-27,percent_observed,551808,0,0.0,0.0,0.0,0.0,0.0,0.0,0.0,0.0,100.0,100.0,100.0,100.0,11.103679178264903,30.107018069894544
date,2026-03-27,total_flow,551808,0,0.0,0.0,0.0,7.0,35.0,120.0,333.0,492.0,611.0,701.0,908.0,1391.0,312.49559085768965,197.48286720761308
date,2026-03-27,avg_occupancy,551808,0,0.0,0.0,0.0,0.0034,0.0116,0.0449,0.0813,0.1238,0.2527,0.3678,0.4878,0.8338,0.09685068882654838,0.07614142833849429
date,2026-03-27,avg_speed,551808,0,0.0,3.0,11.1,17.5,31.4,58.5,63.1,66.9,69.7,71.2,74.9,80.7,59.72681965466249,11.623842346159073
date,2026-03-28,samples,551808,0,0.0,0.0,0.0,0.0,0.0,0.0,0.0,0.0,40.0,50.0,50.0,60.0,7.359925916260728,15.478461601920564
date,2026-03-28,percent_observed,551808,0,0.0,0.0,0.0,0.0,0.0,0.0,0.0,0.0,100.0,100.0,100.0,100.0,12.287397065646022,31.413828746973017
date,2026-03-28,total_flow,551808,0,0.0,0.0,7.0,7.0,24.0,124.0,298.0,489.0,603.0,712.0,907.5789999999106,1464.0,303.25936013975877,198.18688591909827
date,2026-03-28,avg_occupancy,551808,0,0.0,0.0,0.0027,0.0038,0.0109,0.0379,0.0716,0.101,0.1763,0.2756,0.37603859999999406,0.719,0.07597097631784969,0.053943935330705114
date,2026-03-28,avg_speed,551808,0,0.0,4.0,17.5,26.2,43.3,61.7,64.8,67.3,69.5,70.7,73.5,80.7,62.70382469989562,8.340966754154435
date,2026-03-29,samples,551808,0,0.0,0.0,0.0,0.0,0.0,0.0,0.0,0.0,40.0,50.0,50.0,60.0,7.356555178612851,15.47669526449244
date,2026-03-29,percent_observed,551808,0,0.0,0.0,0.0,0.0,0.0,0.0,0.0,0.0,100.0,100.0,100.0,100.0,12.416920378102528,31.658780599340112
date,2026-03-29,total_flow,551808,0,0.0,0.0,5.0,7.0,18.0,109.0,235.0,455.0,583.0,705.0,907.0,1469.0,275.6309114764556,193.82203537758005
date,2026-03-29,avg_occupancy,551808,0,0.0,0.0,0.0017,0.0032,0.0078,0.0289,0.0577,0.0869,0.1289,0.21109300000000514,0.3372,0.9418,0.061591830491765254,0.04293900511567101
date,2026-03-29,avg_speed,551808,0,0.0,6.8,21.3,33.4,56.0,62.8,65.1,68.3,69.8,71.0,73.8,81.0,64.27908711000927,6.085095739581896
date,2026-03-30,samples,551808,0,0.0,0.0,0.0,0.0,0.0,0.0,0.0,0.0,40.0,50.0,50.0,60.0,7.3661019774994205,15.491469137263074
date,2026-03-30,percent_observed,551808,0,0.0,0.0,0.0,0.0,0.0,0.0,0.0,0.0,100.0,100.0,100.0,100.0,12.540160708072372,31.767485292478757
date,2026-03-30,total_flow,551808,0,0.0,0.0,5.0,6.0,25.350000000002183,111.0,291.0,472.0,593.0,681.0,897.0,1401.0,293.52755124971003,196.2760570116074
date,2026-03-30,avg_occupancy,551808,0,0.0,0.0,0.0025,0.0029,0.0101,0.0359,0.0699,0.1108,0.2039,0.3359,0.426419299999997,0.8717,0.08244358146311762,0.06512300827907413
date,2026-03-30,avg_speed,551808,0,0.0,3.1,14.9,20.3,40.0,59.5,63.6,67.1,69.7,71.4,76.1,83.2,61.41631654488517,9.562684866186157
date,2026-03-31,samples,551808,0,0.0,0.0,0.0,0.0,0.0,0.0,0.0,0.0,40.0,50.0,50.0,60.0,7.4205575127580605,15.577409633566061
date,2026-03-31,percent_observed,551808,0,0.0,0.0,0.0,0.0,0.0,0.0,0.0,0.0,100.0,100.0,100.0,100.0,12.107327186267687,31.19353445527174
date,2026-03-31,total_flow,551808,0,0.0,0.0,5.0,5.0,26.0,111.0,304.0,475.0,597.0,678.0,897.0,1374.0,297.7368649965205,196.52329251474578
date,2026-03-31,avg_occupancy,551808,0,0.0,0.0,0.0024,0.0026,0.0107,0.0391,0.0737,0.1151,0.2301,0.3545,0.44,0.9442,0.08759262352122478,0.06945685246568487
date,2026-03-31,avg_speed,551808,0,0.0,4.1,13.9,18.6,36.3,59.4,63.1,66.6,69.5,71.1,75.8,82.9,60.82373488604732,10.054042396276152
date,2026-04-01,samples,551808,0,0.0,0.0,0.0,0.0,0.0,0.0,0.0,0.0,40.0,50.0,50.0,60.0,7.405604848063095,15.553984007651854
date,2026-04-01,percent_observed,551808,0,0.0,0.0,0.0,0.0,0.0,0.0,0.0,0.0,100.0,100.0,100.0,100.0,13.20411447459986,32.458114474825024
date,2026-04-01,total_flow,551808,0,0.0,0.0,5.0,5.0,27.0,115.0,314.0,482.0,603.0,689.0,915.0,1379.0,302.9243305642542,198.04484724697454
date,2026-04-01,avg_occupancy,551808,0,0.0,0.0,0.0024,0.0026,0.011,0.0405,0.0774,0.1205,0.2504,0.3805,0.585438599999994,0.8893,0.09356865069009511,0.07757871789033717
date,2026-04-01,avg_speed,551808,0,0.0,3.0,11.0,17.6,32.8,59.2,63.0,66.8,69.8,71.5,76.7,81.9,60.31183926293203,11.01042341156302
date,2026-04-02,samples,551808,0,0.0,0.0,0.0,0.0,0.0,0.0,0.0,0.0,40.0,50.0,50.0,60.0,7.5116290448851775,15.612968887932238
date,2026-04-02,percent_observed,551808,0,0.0,0.0,0.0,0.0,0.0,0.0,0.0,0.0,100.0,100.0,100.0,100.0,12.496551336696822,31.573231710547073
date,2026-04-02,total_flow,551808,0,0.0,0.0,3.0,5.0,29.0,116.0,318.0,486.0,610.0,697.0,907.0,1414.0,306.83854891556484,198.86515990045427
date,2026-04-02,avg_occupancy,551808,0,0.0,0.0,0.0012,0.0027,0.0109,0.0417,0.079,0.1219,0.2524,0.364,0.442719299999997,0.6785,0.09409387758060775,0.0743313941286672
date,2026-04-02,avg_speed,551808,0,0.0,3.5,13.0,18.3,32.8,59.0,63.0,67.0,69.8,71.7,76.1,81.8,60.16080013337973,11.03436099216978
date,2026-04-03,samples,551808,0,0.0,0.0,0.0,0.0,0.0,0.0,0.0,0.0,40.0,50.0,50.0,60.0,7.469237488401763,15.560805255438668
date,2026-04-03,percent_observed,551808,0,0.0,0.0,0.0,0.0,0.0,0.0,0.0,0.0,100.0,100.0,100.0,100.0,12.30563710565994,31.45565006233763
date,2026-04-03,total_flow,551808,0,0.0,0.0,0.0,7.0,35.0,120.0,335.0,492.0,610.0,688.0,904.0,1391.0,312.60006379030386,197.42827875193763
date,2026-04-03,avg_occupancy,551808,0,0.0,0.0,0.0,0.0034,0.0116,0.0446,0.0807,0.1222,0.244,0.348,0.4342,0.7907,0.0937914363329274,0.07131068797152218
date,2026-04-03,avg_speed,551808,0,0.0,3.0,13.9,19.6,32.3,59.1,63.4,67.1,69.8,71.9,76.1,81.7,60.38402777777778,10.876941455508753
date,2026-04-04,samples,551808,0,0.0,0.0,0.0,0.0,0.0,0.0,0.0,0.0,40.0,50.0,50.0,60.0,7.413459029227558,15.475585618061903
date,2026-04-04,percent_observed,551808,0,0.0,0.0,0.0,0.0,0.0,0.0,0.0,0.0,100.0,100.0,100.0,100.0,12.70947503479471,31.911732078910095
date,2026-04-04,total_flow,551808,0,0.0,0.0,7.0,7.0,23.0,124.0,293.0,488.0,603.0,710.0,905.0,1464.0,301.2063616330318,197.6409405561967
date,2026-04-04,avg_occupancy,551808,0,0.0,0.0,0.0033,0.0038,0.0104,0.0377,0.0711,0.1,0.1667,0.2662,0.347419299999997,0.718,0.07464826733211552,0.05194076357478974
date,2026-04-04,avg_speed,551808,0,0.0,3.7,19.3,27.8,46.3,61.8,64.9,67.4,69.6,71.3,74.81929999999701,81.5,63.024766404256546,7.9015080036595275
date,2026-04-05,samples,551808,0,0.0,0.0,0.0,0.0,0.0,0.0,0.0,0.0,40.0,50.0,50.0,60.0,7.455064080259801,15.536949761500601
date,2026-04-05,percent_observed,551808,0,0.0,0.0,0.0,0.0,0.0,0.0,0.0,0.0,100.0,100.0,100.0,100.0,12.6159841829042,31.801230834994474
date,2026-04-05,total_flow,551808,0,0.0,0.0,0.0,7.0,18.0,106.0,227.0,452.0,583.0,699.0,907.0,1469.0,271.95346569821385,193.55672453663655
date,2026-04-05,avg_occupancy,551808,0,0.0,0.0,0.0,0.0032,0.0077,0.0282,0.0563,0.0858,0.1234,0.1945,0.299619299999997,0.9062,0.0599930945183832,0.04033126150750709
date,2026-04-05,avg_speed,551808,0,0.0,3.8,23.8,36.7,57.0,63.0,65.1,68.3,69.9,71.3,75.0,80.2,64.58520028705637,5.530558505539208
date,2026-04-06,samples,551808,0,0.0,0.0,0.0,0.0,0.0,0.0,0.0,0.0,40.0,50.0,50.0,60.0,7.477533852354442,15.584073952744985
date,2026-04-06,percent_observed,551808,0,0.0,0.0,0.0,0.0,0.0,0.0,0.0,0.0,100.0,100.0,100.0,100.0,12.453043449895615,31.61760202977167
date,2026-04-06,total_flow,551808,0,0.0,0.0,5.0,6.0,24.0,111.0,296.0,473.0,593.0,679.0,893.0,1401.0,295.5002645847831,195.80611901679893
date,2026-04-06,avg_occupancy,551808,0,0.0,0.0,0.0025,0.0029,0.0101,0.037,0.0709,0.1115,0.2093,0.3418,0.44603859999999407,0.9216,0.08393491449924612,0.06689430901644662
date,2026-04-06,avg_speed,551808,0,0.0,3.0,13.4,19.7,38.3,59.5,63.5,67.0,69.7,71.2,74.9,80.9,61.17405383756668,9.905682079519291
date,2026-04-11,samples,551808,0,0.0,0.0,0.0,0.0,0.0,0.0,0.0,0.0,40.0,50.0,60.0,60.0,6.79148544421248,15.066488039318273
date,2026-04-11,percent_observed,551808,0,0.0,0.0,0.0,0.0,0.0,0.0,0.0,0.0,100.0,100.0,100.0,100.0,12.63687369519833,31.747090267493554
date,2026-04-11,total_flow,551808,0,0.0,0.0,7.0,7.0,23.0,123.0,292.0,488.0,603.0,721.0,945.1929999999702,1464.0,300.4328860763164,198.83385829977306
date,2026-04-11,avg_occupancy,551808,0,0.0,0.0,0.0035,0.0038,0.0104,0.0373,0.0711,0.1002,0.1717,0.2762,0.416519299999997,0.9473,0.0753196483197054,0.05463470123638173
date,2026-04-11,avg_speed,551808,0,0.0,3.1,17.1,26.5,44.5,61.7,64.8,67.2,69.5,70.9,74.4,82.4,62.809058223150075,8.17863722258394
date,2026-04-12,samples,551808,0,0.0,0.0,0.0,0.0,0.0,0.0,0.0,0.0,40.0,50.0,60.0,60.0,6.802313485850151,15.076728844018817
date,2026-04-12,percent_observed,551808,0,0.0,0.0,0.0,0.0,0.0,0.0,0.0,0.0,100.0,100.0,100.0,100.0,12.063757683832058,31.19112480141389
date,2026-04-12,total_flow,551808,0,0.0,0.0,5.0,7.0,18.0,105.0,219.0,441.0,578.0,694.0,905.0,1469.0,266.9667855485966,191.18288376698538
date,2026-04-12,avg_occupancy,551808,0,0.0,0.0,0.0027,0.0032,0.0077,0.0282,0.0558,0.0842,0.1193,0.1881,0.322019299999997,0.7287,0.059206615163245185,0.03998682588627698
date,2026-04-12,avg_speed,551808,0,0.0,3.7,23.1,37.6,57.1,62.9,65.1,68.2,69.8,70.9,73.8,83.1,64.46152901009046,5.377563838780735
date,2026-04-13,samples,551808,0,0.0,0.0,0.0,0.0,0.0,0.0,0.0,0.0,40.0,50.0,60.0,60.0,6.364025168174438,14.222798525047034
date,2026-04-13,percent_observed,551808,0,0.0,0.0,0.0,0.0,0.0,0.0,0.0,0.0,100.0,100.0,100.0,100.0,12.59689964625377,31.823009971620696
date,2026-04-13,total_flow,551808,0,0.0,0.0,5.0,6.0,23.0,109.0,283.0,471.0,592.0,690.0,900.1929999999702,1401.0,291.01803344641615,196.60171757333214
date,2026-04-13,avg_occupancy,551808,0,0.0,0.0,0.0015,0.0028,0.0095,0.0355,0.0697,0.1111,0.211,0.3422,0.4715157999999821,0.7169,0.08339097330955694,0.06756385210189415
date,2026-04-13,avg_speed,551808,0,0.0,3.0,14.3,19.9,38.3,59.5,63.6,66.9,69.7,71.4,75.7,81.9,61.20041318719555,9.876059411461936
date,2026-04-15,samples,551808,0,0.0,0.0,0.0,0.0,0.0,0.0,0.0,0.0,40.0,50.0,60.0,60.0,6.762738126304802,15.038279220318216
date,2026-04-15,percent_observed,551808,0,0.0,0.0,0.0,0.0,0.0,0.0,0.0,0.0,100.0,100.0,100.0,100.0,12.307501884713524,31.501133812699276
date,2026-04-15,total_flow,551808,0,0.0,0.0,5.0,5.0,26.0,113.0,296.0,480.0,603.0,686.0,905.1929999999702,1379.0,297.8370918870332,198.66857487310665
date,2026-04-15,avg_occupancy,551808,0,0.0,0.0,0.0021,0.0026,0.0103,0.0386,0.0761,0.1198,0.2501,0.3698,0.492819299999997,0.9442,0.0920000541855138,0.0753913582726731
date,2026-04-15,avg_speed,551808,0,0.0,3.0,12.3,17.7,32.5,59.2,63.0,66.8,69.8,71.6,76.2,83.5,60.26934984632336,11.105368405899736
date,2026-04-16,samples,551808,0,0.0,0.0,0.0,0.0,0.0,0.0,0.0,0.0,40.0,50.0,60.0,60.0,6.6756915448851775,14.947152629303382
date,2026-04-16,percent_observed,551808,0,0.0,0.0,0.0,0.0,0.0,0.0,0.0,0.0,100.0,100.0,100.0,100.0,11.971747419392253,31.091253471545848
date,2026-04-16,total_flow,551808,0,0.0,0.0,5.0,5.0,30.0,116.0,314.0,484.0,609.0,698.0,942.0,1414.0,305.1076932556251,198.40779642107157
date,2026-04-16,avg_occupancy,551808,0,0.0,0.0,0.0026,0.0027,0.0117,0.042,0.0794,0.1226,0.2584,0.3715,0.4943385999999941,0.9989,0.0958680744026908,0.07752189936817402
date,2026-04-16,avg_speed,551808,0,0.0,3.0,10.9,17.3,31.2,58.7,62.7,66.7,69.7,71.4,75.9,83.3,59.71562010699373,11.54533898574432
date,2026-04-18,samples,551808,0,0.0,0.0,0.0,0.0,0.0,0.0,0.0,0.0,40.0,50.0,60.0,60.0,6.645989184643934,14.888446866083855
date,2026-04-18,percent_observed,551808,0,0.0,0.0,0.0,0.0,0.0,0.0,0.0,0.0,100.0,100.0,100.0,100.0,11.44270470888425,30.431749668063503
date,2026-04-18,total_flow,551808,0,0.0,0.0,7.0,7.0,23.0,123.0,292.0,488.0,602.0,715.0,907.0,1464.0,300.4365938877291,198.27462598294792
date,2026-04-18,avg_occupancy,551808,0,0.0,0.0,0.0036,0.0038,0.0104,0.0377,0.0715,0.1004,0.1785,0.2781,0.4273578999999911,0.9989,0.0759503417855486,0.055393192704727846
date,2026-04-18,avg_speed,551808,0,0.0,3.0,14.3,25.5,42.4,61.7,64.8,67.2,69.4,70.6,73.5,82.4,62.62608026704941,8.484796618794764
date,2026-04-19,samples,551808,0,0.0,0.0,0.0,0.0,0.0,0.0,0.0,0.0,40.0,50.0,60.0,60.0,6.633812847947112,14.869630179596792
date,2026-04-19,percent_observed,551808,0,0.0,0.0,0.0,0.0,0.0,0.0,0.0,0.0,100.0,100.0,100.0,100.0,12.193367983066574,31.16213596738071
date,2026-04-19,total_flow,551808,0,0.0,0.0,5.0,7.0,18.0,105.0,219.0,448.0,579.0,693.0,907.0,1469.0,268.44100484226396,192.42372306873705
date,2026-04-19,avg_occupancy,551808,0,0.0,0.0,0.0027,0.0032,0.0076,0.0279,0.0559,0.0855,0.1231,0.2082,0.548,0.7795,0.06068313489474599,0.046155026467208336
date,2026-04-19,avg_speed,551808,0,0.0,7.3,15.9,33.0,56.8,62.9,65.1,68.2,69.8,71.0,73.8,83.3,64.3215138236488,6.192687814939022
date,2026-04-20,samples,551808,0,0.0,0.0,0.0,0.0,0.0,0.0,0.0,0.0,40.0,50.0,60.0,60.0,6.680267411853398,14.944841042418785
date,2026-04-20,percent_observed,551808,0,0.0,0.0,0.0,0.0,0.0,0.0,0.0,0.0,100.0,100.0,100.0,100.0,11.641288274182324,30.764065556658828
date,2026-04-20,total_flow,551808,0,0.0,0.0,5.0,6.0,23.0,111.0,289.0,472.0,592.0,683.0,897.0,1401.0,292.9067012439109,195.87253347030963
date,2026-04-20,avg_occupancy,551808,0,0.0,0.0,0.0025,0.0029,0.0098,0.0366,0.0703,0.1113,0.2114,0.3424,0.4437,0.7918,0.08375523877870564,0.0671311435501158
date,2026-04-20,avg_speed,551808,0,0.0,3.2,13.0,19.7,37.8,59.5,63.5,66.9,69.7,71.2,74.7,83.5,61.12186865721411,10.011414859363605
date,2026-04-21,samples,551808,0,0.0,0.0,0.0,0.0,0.0,0.0,0.0,0.0,40.0,50.0,60.0,60.0,6.291891382509858,14.140150260171307
date,2026-04-21,percent_observed,551808,0,0.0,0.0,0.0,0.0,0.0,0.0,0.0,0.0,100.0,100.0,100.0,100.0,12.55020949315704,31.767171389510526
date,2026-04-21,total_flow,551808,0,0.0,0.0,4.0,5.0,24.0,109.0,287.0,470.0,595.0,698.0,952.0,1374.0,292.09960892194385,197.5189465181468
date,2026-04-21,avg_occupancy,551808,0,0.0,0.0,0.0024,0.0026,0.0097,0.0372,0.0727,0.1151,0.2401,0.3628,0.47893859999999405,0.8205,0.08801126134452562,0.07284431304416737
date,2026-04-21,avg_speed,551808,0,0.0,3.2,12.3,18.2,33.6,59.4,63.3,66.8,69.6,71.6,75.7,84.2,60.62066950823475,10.667063979178717
date,2026-04-22,samples,551808,0,0.0,0.0,0.0,0.0,0.0,0.0,0.0,0.0,40.0,50.0,60.0,60.0,6.486843249826026,14.507307327853646
date,2026-04-22,percent_observed,551808,0,0.0,0.0,0.0,0.0,0.0,0.0,0.0,0.0,100.0,100.0,100.0,100.0,12.043101948503827,31.086774218064143
date,2026-04-22,total_flow,551808,0,0.0,0.0,5.0,5.0,26.0,113.0,302.0,480.0,600.0,673.0,900.0,1379.0,299.0714505770123,197.29483811259072
date,2026-04-22,avg_occupancy,551808,0,0.0,0.0,0.0024,0.0026,0.0105,0.04,0.0764,0.12,0.2524,0.3789,0.529538599999994,0.8636,0.09315585185426815,0.07733990500669959
date,2026-04-22,avg_speed,551808,0,0.0,3.0,11.9,17.5,32.1,59.2,63.0,66.8,69.8,71.6,76.3,81.9,60.20048621984458,11.228977989271062
date,2026-04-23,samples,551808,0,0.0,0.0,0.0,0.0,0.0,0.0,0.0,0.0,40.0,50.0,60.0,60.0,6.7513809151009045,15.003831395909746
date,2026-04-23,percent_observed,551808,0,0.0,0.0,0.0,0.0,0.0,0.0,0.0,0.0,100.0,100.0,100.0,100.0,12.32781510960334,31.48114786195273
date,2026-04-23,total_flow,551808,0,0.0,0.0,5.0,5.0,28.0,116.0,309.0,484.0,609.0,707.0,973.1929999999702,1414.0,303.72996223324054,199.15425171485737
date,2026-04-23,avg_occupancy,551808,0,0.0,0.0,0.0026,0.0027,0.0109,0.0413,0.079,0.1225,0.2604,0.3776930000000051,0.502238599999994,0.9376,0.09579726390338669,0.07848593512044437
date,2026-04-23,avg_speed,551808,0,0.0,3.4,11.4,17.1,30.8,58.9,62.8,66.6,69.7,71.2,75.4,81.7,59.72454440675017,11.617191785635693
date,2026-04-24,samples,551808,0,0.0,0.0,0.0,0.0,0.0,0.0,0.0,0.0,40.0,50.0,60.0,60.0,6.786592437949432,15.052834124909726
date,2026-04-24,percent_observed,551808,0,0.0,0.0,0.0,0.0,0.0,0.0,0.0,0.0,100.0,100.0,100.0,100.0,12.050642614822547,31.219416889103126
date,2026-04-24,total_flow,551808,0,0.0,0.0,5.0,7.0,34.0,120.0,332.0,491.0,610.0,708.0,967.0,1391.0,311.70423951809323,197.88462022172135
date,2026-04-24,avg_occupancy,551808,0,0.0,0.0,0.0028,0.0034,0.0112,0.045,0.081,0.123,0.2498,0.3584,0.46923859999999407,0.9112,0.09558674901414985,0.07415805386968408
date,2026-04-24,avg_speed,551808,0,0.0,3.8,12.5,18.7,31.7,58.5,63.0,66.6,69.6,71.2,74.8,81.9,59.78846682179309,11.351106650956213
date,2026-04-25,samples,551808,0,0.0,0.0,0.0,0.0,0.0,0.0,0.0,0.0,40.0,50.0,60.0,60.0,6.759590292275574,15.000126688951996
date,2026-04-25,percent_observed,551808,0,0.0,0.0,0.0,0.0,0.0,0.0,0.0,0.0,100.0,100.0,100.0,100.0,12.450011598237069,31.67617681701579
date,2026-04-25,total_flow,551808,0,0.0,0.0,7.0,7.0,23.0,123.0,287.0,488.0,601.0,715.0,910.0,1464.0,298.8364956651589,198.0172155181209
date,2026-04-25,avg_occupancy,551808,0,0.0,0.0,0.0019,0.0038,0.0104,0.0372,0.0709,0.0999,0.1678,0.2688,0.35915789999999104,0.7182,0.07452035907417072,0.052453203060211284
date,2026-04-25,avg_speed,551808,0,0.0,4.2,19.4,27.6,44.3,61.7,64.8,67.2,69.5,70.9,74.6,81.6,62.787215299524476,8.059121379466756
date,2026-04-26,samples,551808,0,0.0,0.0,0.0,0.0,0.0,0.0,0.0,0.0,40.0,50.0,60.0,60.0,6.78133698677801,15.04158113268758
date,2026-04-26,percent_observed,551808,0,0.0,0.0,0.0,0.0,0.0,0.0,0.0,0.0,100.0,100.0,100.0,100.0,11.75087349222918,30.873163379177807
date,2026-04-26,total_flow,551808,0,0.0,0.0,5.0,7.0,18.0,105.0,224.0,451.0,581.0,697.0,907.0,1469.0,270.3168584000232,193.13492860467468
date,2026-04-26,avg_occupancy,551808,0,0.0,0.0,0.0027,0.0032,0.0074,0.0282,0.0564,0.0854,0.1234,0.2023,0.366519299999997,0.9442,0.06033790829418928,0.042438029749171796
date,2026-04-26,avg_speed,551808,0,0.0,3.5,20.0,34.9,56.8,62.9,65.1,68.2,69.8,70.9,74.0,81.9,64.35225150777083,5.830391429152013
date,2026-04-27,samples,551808,0,0.0,0.0,0.0,0.0,0.0,0.0,0.0,0.0,40.0,50.0,60.0,60.0,6.780945546276966,15.045305549316948
date,2026-04-27,percent_observed,551808,0,0.0,0.0,0.0,0.0,0.0,0.0,0.0,0.0,100.0,100.0,100.0,100.0,12.126799538970076,31.335119951576704
date,2026-04-27,total_flow,551808,0,0.0,0.0,5.0,6.0,24.0,111.0,288.0,472.0,592.0,683.0,894.0,1401.0,292.47790173393645,195.49769285552912
date,2026-04-27,avg_occupancy,551808,0,0.0,0.0,0.0025,0.0029,0.0101,0.0364,0.0699,0.1107,0.2056,0.3385,0.4322,0.6707,0.0826927440341568,0.06524006822195498
date,2026-04-27,avg_speed,551808,0,0.0,4.0,13.6,19.9,39.0,59.5,63.5,66.8,69.7,71.1,74.9,81.9,61.28471624188124,9.689805850883522
date,2026-04-28,samples,551808,0,0.0,0.0,0.0,0.0,0.0,0.0,0.0,0.0,40.0,50.0,60.0,60.0,6.77852622651357,15.026434488992287
date,2026-04-28,percent_observed,551808,0,0.0,0.0,0.0,0.0,0.0,0.0,0.0,0.0,100.0,100.0,100.0,100.0,12.1427761105312,31.286127121940083
date,2026-04-28,total_flow,551808,0,0.0,0.0,4.0,5.0,26.0,111.0,298.0,471.0,594.0,674.0,897.0,1374.0,294.4524073590814,195.87504382701877
date,2026-04-28,avg_occupancy,551808,0,0.0,0.0,0.0024,0.0026,0.0101,0.0389,0.0734,0.1158,0.2411,0.3611,0.476019299999997,0.7852,0.08888719409649733,0.0725115492293374
date,2026-04-28,avg_speed,551808,0,0.0,3.9,12.1,18.1,33.4,59.2,63.1,66.6,69.5,71.2,75.4,81.9,60.4600870230225,10.711695515885218
date,2026-04-29,samples,551808,0,0.0,0.0,0.0,0.0,0.0,0.0,0.0,0.0,40.0,50.0,60.0,60.0,6.784502943052656,15.024706586732506
date,2026-04-29,percent_observed,551808,0,0.0,0.0,0.0,0.0,0.0,0.0,0.0,0.0,100.0,100.0,100.0,100.0,12.09527226861517,31.219300721909974
date,2026-04-29,total_flow,551808,0,0.0,0.0,5.0,5.0,26.0,113.0,304.0,481.0,602.0,678.0,904.0,1379.0,299.8164379639295,197.8709555397349
date,2026-04-29,avg_occupancy,551808,0,0.0,0.0,0.0024,0.0026,0.0106,0.0401,0.0767,0.1204,0.2535,0.3787,0.5055,0.814,0.09338619864155648,0.07714410371943795
date,2026-04-29,avg_speed,551808,0,0.0,3.2,10.5,17.1,31.6,59.2,63.0,66.7,69.8,71.4,76.0,81.9,60.09470341133148,11.34526610575667
date,2026-04-30,samples,551808,0,0.0,0.0,0.0,0.0,0.0,0.0,0.0,0.0,40.0,50.0,60.0,60.0,6.799948532823011,15.053019958767381
date,2026-04-30,percent_observed,551808,0,0.0,0.0,0.0,0.0,0.0,0.0,0.0,0.0,100.0,100.0,100.0,100.0,12.008809223498028,31.16711119670209
date,2026-04-30,total_flow,551808,0,0.0,0.0,5.0,5.0,29.0,116.0,315.0,484.0,609.0,702.0,904.0,1414.0,304.9992080578752,198.39496757027464
date,2026-04-30,avg_occupancy,551808,0,0.0,0.0,0.0026,0.0027,0.0109,0.0421,0.0792,0.1225,0.2586,0.3695,0.475,0.9027,0.0956526099657852,0.07700811804618264
date,2026-04-30,avg_speed,551808,0,0.0,3.4,11.7,17.4,31.0,58.9,62.8,66.7,69.7,71.3,75.9,81.9,59.77584975208769,11.560298134350578
date,2026-05-01,samples,551808,0,0.0,0.0,0.0,0.0,0.0,0.0,0.0,0.0,40.0,50.0,60.0,60.0,6.796900371143586,15.048025490874945
date,2026-05-01,percent_observed,551808,0,0.0,0.0,0.0,0.0,0.0,0.0,0.0,0.0,100.0,100.0,100.0,100.0,12.161307918696359,31.277968834548023
date,2026-05-01,total_flow,551808,0,0.0,0.0,5.0,7.0,37.0,120.0,332.0,490.0,610.0,705.0,912.1929999999702,1391.0,311.6099313529344,197.04371690370468
date,2026-05-01,avg_occupancy,551808,0,0.0,0.0,0.003,0.0034,0.0117,0.0451,0.0809,0.1229,0.2499,0.3586,0.46681579999998213,0.7408,0.0954568101586059,0.07401959950322871
date,2026-05-01,avg_speed,551808,0,0.0,3.8,12.5,18.5,31.6,58.6,63.0,66.7,69.6,71.2,74.8,81.9,59.838634090118305,11.403619423060064
date,2026-05-02,samples,551808,0,0.0,0.0,0.0,0.0,0.0,0.0,0.0,0.0,40.0,50.0,60.0,60.0,6.786918638366968,15.031339278340143
date,2026-05-02,percent_observed,551808,0,0.0,0.0,0.0,0.0,0.0,0.0,0.0,0.0,100.0,100.0,100.0,100.0,12.257089422407795,31.36658472780472
date,2026-05-02,total_flow,551808,0,0.0,0.0,7.0,7.0,23.0,123.0,291.0,488.0,597.0,715.0,907.0,1464.0,299.51478775226167,197.56878798924447
date,2026-05-02,avg_occupancy,551808,0,0.0,0.0,0.0036,0.0038,0.0104,0.0376,0.0711,0.1,0.1731,0.2778,0.420619299999997,0.7366,0.075397751210566,0.05459876129694297
date,2026-05-02,avg_speed,551808,0,0.0,3.5,16.1,26.2,43.7,61.7,64.8,67.3,69.5,70.9,74.4,81.8,62.796281677684995,8.282955519737605
date,2026-05-03,samples,551808,0,0.0,0.0,0.0,0.0,0.0,0.0,0.0,0.0,40.0,50.0,60.0,60.0,6.814415521340756,15.044237969437118
date,2026-05-03,percent_observed,551808,0,0.0,0.0,0.0,0.0,0.0,0.0,0.0,0.0,100.0,100.0,100.0,100.0,12.322284200301555,31.518045574163065
date,2026-05-03,total_flow,551808,0,0.0,0.0,5.0,7.0,18.0,105.0,223.0,449.0,581.0,701.0,907.0,1469.0,269.81368881929944,192.63170850427073
date,2026-05-03,avg_occupancy,551808,0,0.0,0.0,0.0027,0.0032,0.0077,0.0285,0.0563,0.0851,0.1225,0.1993,0.3444,0.7184,0.06000103115576432,0.041316309205984655
date,2026-05-03,avg_speed,551808,0,0.0,3.1,22.2,35.7,57.0,62.9,65.1,68.3,69.9,71.0,73.8,81.8,64.4929149269311,5.614732675088962
date,2026-05-08,samples,551808,0,0.0,0.0,0.0,0.0,0.0,0.0,0.0,0.0,40.0,50.0,60.0,60.0,6.727378001043841,14.968261621177676
date,2026-05-08,percent_observed,551808,0,0.0,0.0,0.0,0.0,0.0,0.0,0.0,0.0,100.0,100.0,100.0,100.0,11.724106935745766,30.776329103590065
date,2026-05-08,total_flow,551808,0,0.0,0.0,5.0,7.0,33.0,120.0,332.0,490.0,609.0,683.0,914.1929999999702,1391.0,310.8573833652285,196.93456480700235
date,2026-05-08,avg_occupancy,551808,0,0.0,0.0,0.003,0.0034,0.0113,0.0449,0.0809,0.1229,0.2499,0.3603930000000051,0.4771,0.9442,0.0954670584696126,0.07419588793451161
date,2026-05-08,avg_speed,551808,0,0.0,3.0,10.9,18.4,31.6,58.6,63.0,66.6,69.6,71.2,74.7,81.8,59.80792685136859,11.411270636350094
date,2026-05-09,samples,551808,0,0.0,0.0,0.0,0.0,0.0,0.0,0.0,0.0,40.0,50.0,60.0,60.0,6.719134191602876,14.94981336840898
date,2026-05-09,percent_observed,551808,0,0.0,0.0,0.0,0.0,0.0,0.0,0.0,0.0,100.0,100.0,100.0,100.0,12.318056280445372,31.457680615064245
date,2026-05-09,total_flow,551808,0,0.0,0.0,7.0,7.0,23.0,123.0,296.0,488.0,597.0,708.0,912.0,1464.0,301.099984052424,197.45182184474365
date,2026-05-09,avg_occupancy,551808,0,0.0,0.0,0.0036,0.0038,0.0104,0.038,0.0717,0.1019,0.1958,0.2919,0.44563859999999406,0.9256,0.07766878624449083,0.05833511152434198
date,2026-05-09,avg_speed,551808,0,0.0,3.1,13.280700000000001,24.3,37.4,61.6,64.8,67.2,69.5,71.0,74.7,81.4,62.29730739677569,9.187368100600285
date,2026-05-10,samples,551808,0,0.0,0.0,0.0,0.0,0.0,0.0,0.0,0.0,40.0,50.0,60.0,60.0,6.789968612270934,15.025432642765969
date,2026-05-10,percent_observed,551808,0,0.0,0.0,0.0,0.0,0.0,0.0,0.0,0.0,100.0,100.0,100.0,100.0,12.116156344235677,31.16534924392559
date,2026-05-10,total_flow,551808,0,0.0,0.0,5.0,7.0,18.0,106.0,233.0,449.0,578.0,680.0,907.0,1469.0,271.6416797146834,191.3503755302496
date,2026-05-10,avg_occupancy,551808,0,0.0,0.0,0.0027,0.0032,0.0077,0.0289,0.0571,0.0855,0.1241,0.2034,0.3305,0.6827,0.060723899798480634,0.04157564888459046
date,2026-05-10,avg_speed,551808,0,0.0,5.7,19.9,33.7,56.0,62.8,65.1,68.2,69.8,71.0,74.2,81.1,64.27685281837161,6.001140751191687
date,2026-05-11,samples,551808,0,0.0,0.0,0.0,0.0,0.0,0.0,0.0,0.0,40.0,50.0,60.0,60.0,6.344324475179772,14.156719882768053
date,2026-05-11,percent_observed,551808,0,0.0,0.0,0.0,0.0,0.0,0.0,0.0,0.0,100.0,100.0,100.0,100.0,11.176099295407099,30.187995544513907
date,2026-05-11,total_flow,551808,0,0.0,0.0,5.0,6.0,23.0,110.0,288.0,472.0,591.0,675.0,924.0,1401.0,292.1047357051728,196.12742054834115
date,2026-05-11,avg_occupancy,551808,0,0.0,0.0,0.0025,0.0029,0.01,0.0364,0.0698,0.1111,0.2086,0.3431,0.499019299999997,0.9105,0.08338261877319647,0.06776108916018193
date,2026-05-11,avg_speed,551808,0,0.0,3.6,13.4,19.6,38.3,59.5,63.6,67.1,69.8,71.4,75.0,81.9,61.239343394803996,9.955520968038092
date,2026-05-12,samples,551808,0,0.0,0.0,0.0,0.0,0.0,0.0,0.0,0.0,40.0,50.0,60.0,60.0,6.656663187195546,14.69723949233958
date,2026-05-12,percent_observed,551808,0,0.0,0.0,0.0,0.0,0.0,0.0,0.0,0.0,100.0,100.0,100.0,100.0,12.084194139990721,31.101965640490914
date,2026-05-12,total_flow,551808,0,0.0,0.0,4.0,5.0,24.0,110.0,299.0,472.0,594.0,676.0,967.0,1374.0,294.76988916434703,196.99176293707856
date,2026-05-12,avg_occupancy,551808,0,0.0,0.0,0.002,0.0026,0.0101,0.0384,0.0731,0.115,0.2388,0.3621,0.499519299999997,0.899,0.08841758274617258,0.0728199172251626
date,2026-05-12,avg_speed,551808,0,0.0,3.1,12.2,18.2,34.0,59.4,63.2,66.7,69.6,71.3,75.2,81.9,60.64987713117606,10.561133060311768
date,2026-05-13,samples,551808,0,0.0,0.0,0.0,0.0,0.0,0.0,0.0,0.0,40.0,50.0,60.0,60.0,6.885913216191139,15.123951795805066
date,2026-05-13,percent_observed,551808,0,0.0,0.0,0.0,0.0,0.0,0.0,0.0,0.0,100.0,100.0,100.0,100.0,12.574165289376015,31.591543760188898
date,2026-05-13,total_flow,551808,0,0.0,0.0,5.0,5.0,26.0,113.0,297.0,482.0,601.0,671.0,910.0,1379.0,298.1926086609835,198.68626171593223
date,2026-05-13,avg_occupancy,551808,0,0.0,0.0,0.0024,0.0026,0.0101,0.0386,0.0756,0.1188,0.2427,0.36739300000000513,0.4741385999999941,0.839,0.0907936269499536,0.07360331202852638
date,2026-05-13,avg_speed,551808,0,0.0,3.2,11.9,17.8,33.4,59.4,63.3,66.9,69.9,71.6,75.6,81.9,60.537403589654375,10.8566514145973
date,2026-05-14,samples,551808,0,0.0,0.0,0.0,0.0,0.0,0.0,0.0,0.0,40.0,50.0,60.0,60.0,7.03919841684064,15.264244807909572
date,2026-05-14,percent_observed,551808,0,0.0,0.0,0.0,0.0,0.0,0.0,0.0,0.0,100.0,100.0,100.0,100.0,11.863285780561355,30.8000865265187
date,2026-05-14,total_flow,551808,0,0.0,0.0,5.0,5.0,29.0,116.0,313.0,484.0,609.0,691.0,907.0,1414.0,304.46113503247506,197.90363873404561
date,2026-05-14,avg_occupancy,551808,0,0.0,0.0,0.0026,0.0027,0.0115,0.0421,0.079,0.1222,0.2581,0.3715,0.495519299999997,0.9989,0.095321089763106,0.07690192397558344
date,2026-05-14,avg_speed,551808,0,0.0,3.3,10.6,17.3,31.5,59.0,62.9,66.8,69.8,71.4,75.6,81.9,59.89564033141962,11.47182431906707
date,2026-05-15,samples,551808,0,0.0,0.0,0.0,0.0,0.0,0.0,0.0,0.0,40.0,50.0,60.0,60.0,7.393955868707956,15.622193712362979
date,2026-05-15,percent_observed,551808,0,0.0,0.0,0.0,0.0,0.0,0.0,0.0,0.0,100.0,100.0,100.0,100.0,12.496237821851079,31.62323741394758
date,2026-05-15,total_flow,551808,0,0.0,0.0,5.0,7.0,32.0,119.0,321.0,490.0,607.0,672.9300000000512,914.0,1391.0,307.62752624101137,197.07612368019144
date,2026-05-15,avg_occupancy,551808,0,0.0,0.0,0.003,0.0034,0.011,0.0435,0.0802,0.1225,0.2498,0.3606,0.475119299999997,0.759,0.09459588117606124,0.07426838048796058
date,2026-05-15,avg_speed,551808,0,0.0,3.2,12.0,18.5,31.7,58.9,63.2,66.7,69.6,71.2,74.6,81.9,59.97352503044537,11.291241588187187
date,2026-05-16,samples,551808,0,0.0,0.0,0.0,0.0,0.0,0.0,0.0,0.0,40.0,50.0,60.0,60.0,7.488037505799118,15.693173765849554
date,2026-05-16,percent_observed,551808,0,0.0,0.0,0.0,0.0,0.0,0.0,0.0,0.0,100.0,100.0,100.0,100.0,13.293866707260497,32.461892872793044
date,2026-05-16,total_flow,551808,0,0.0,0.0,6.0,7.0,23.0,123.0,291.0,486.0,597.0,706.0,912.0,1464.0,298.97024870969614,196.97608419671502
date,2026-05-16,avg_occupancy,551808,0,0.0,0.0,0.0023,0.0038,0.0101,0.0384,0.0715,0.1004,0.1879,0.2925,0.5391964999999851,0.8547,0.07711526835421016,0.05935561962853044
date,2026-05-16,avg_speed,551808,0,0.0,3.0,13.2,24.8,41.6,61.7,64.8,67.2,69.5,71.5,74.9,81.1,62.55205161940385,8.70872403227527
date,2026-05-17,samples,551808,0,0.0,0.0,0.0,0.0,0.0,0.0,0.0,0.0,40.0,50.0,60.0,60.0,7.530873057295291,15.741196574545283
date,2026-05-17,percent_observed,551808,0,0.0,0.0,0.0,0.0,0.0,0.0,0.0,0.0,100.0,100.0,100.0,100.0,13.304350426235212,32.48944069593829
date,2026-05-17,total_flow,551808,0,0.0,0.0,5.0,7.0,18.0,107.0,225.0,447.0,578.0,690.0,907.0,1469.0,270.02843017861284,191.27746181981885
date,2026-05-17,avg_occupancy,551808,0,0.0,0.0,0.0027,0.0032,0.0078,0.0288,0.0565,0.0855,0.1276,0.2103,0.34393859999999404,0.717,0.060906645608617485,0.04264166570703881
date,2026-05-17,avg_speed,551808,0,0.0,8.1,19.7,33.8,56.3,62.9,65.1,68.2,69.9,71.4,75.7,82.4,64.29892788796103,6.033310785474149
date,2026-05-18,samples,551808,0,0.0,0.0,0.0,0.0,0.0,0.0,0.0,0.0,40.0,50.0,60.0,60.0,7.527897384597541,15.73807683404
date,2026-05-18,percent_observed,551808,0,0.0,0.0,0.0,0.0,0.0,0.0,0.0,0.0,100.0,100.0,100.0,100.0,13.603499768035258,32.7387486881918
date,2026-05-18,total_flow,551808,0,0.0,0.0,5.0,6.0,24.0,111.0,284.0,469.0,587.0,669.0,891.0,1401.0,290.56601934006034,194.1210386300468
date,2026-05-18,avg_occupancy,551808,0,0.0,0.0,0.0025,0.0029,0.010135000000000218,0.0368,0.0703,0.1111,0.2097,0.3483,0.5753578999999911,0.9227,0.08406820270818836,0.0695429232002321
date,2026-05-18,avg_speed,551808,0,0.0,3.2,12.4,19.8,38.6,59.5,63.5,66.9,69.8,72.0,76.7,82.4,61.211804105775926,9.875548687146606
date,2026-05-19,samples,551808,0,0.0,0.0,0.0,0.0,0.0,0.0,0.0,0.0,40.0,50.0,60.0,60.0,7.076559237995824,14.903587140245499
date,2026-05-19,percent_observed,551808,0,0.0,0.0,0.0,0.0,0.0,0.0,0.0,0.0,100.0,100.0,100.0,100.0,13.28613575736488,32.61956208032768
date,2026-05-19,total_flow,551808,0,0.0,0.0,4.0,5.0,24.0,109.0,285.0,470.0,592.0,666.0,898.0,1374.0,290.62057454766875,195.68236458345368
date,2026-05-19,avg_occupancy,551808,0,0.0,0.0,0.0021,0.0026,0.0095,0.0371,0.0727,0.1151,0.2386,0.3614,0.48505789999999105,0.7732,0.08799114492722107,0.07252985679082251
date,2026-05-19,avg_speed,551808,0,0.0,3.5,11.380700000000003,18.10699999999997,33.7,59.3,63.2,66.6,69.6,71.6,75.8,84.8,60.54847519427047,10.642965523852464
date,2026-05-20,samples,551808,0,0.0,0.0,0.0,0.0,0.0,0.0,0.0,0.0,40.0,50.0,60.0,60.0,7.351915883785664,15.31382568942947
date,2026-05-20,percent_observed,551808,0,0.0,0.0,0.0,0.0,0.0,0.0,0.0,0.0,100.0,100.0,100.0,100.0,13.077059411969381,32.37002870122598
date,2026-05-20,total_flow,551808,0,0.0,0.0,5.0,5.0,26.0,113.0,295.0,480.0,601.0,660.0,900.0,1379.0,297.4508415970773,196.97254465366558
date,2026-05-20,avg_occupancy,551808,0,0.0,0.0,0.0015,0.0026,0.0103,0.0392,0.076,0.1197,0.2476,0.3698,0.4933,0.9458,0.09191363753334493,0.07493685310968852
date,2026-05-20,avg_speed,551808,0,0.0,3.1,11.4,17.7,32.4,59.3,63.0,66.8,69.9,71.6,76.4,81.9,60.29904495766643,11.099675533326213
date,2026-05-21,samples,551808,0,0.0,0.0,0.0,0.0,0.0,0.0,0.0,0.0,40.0,50.0,60.0,60.0,7.6834460536998375,15.902206305889406
date,2026-05-21,percent_observed,551808,0,0.0,0.0,0.0,0.0,0.0,0.0,0.0,0.0,100.0,100.0,100.0,100.0,13.214268368707957,32.37908417406572
date,2026-05-21,total_flow,551808,0,0.0,0.0,5.0,5.0,30.0,116.0,306.0,483.0,606.0,677.0,902.0,1414.0,302.94175147877525,196.36749596785666
date,2026-05-21,avg_occupancy,551808,0,0.0,0.0,0.0026,0.0027,0.0117,0.0421,0.0789,0.1223,0.2561,0.3687,0.4849,0.7639,0.09507186448909766,0.07616316275894969
date,2026-05-21,avg_speed,551808,0,0.0,3.1,11.1,17.8,31.5,58.8,62.7,66.6,69.8,71.7,76.1,82.0,59.79139900110184,11.45022535849241
date,2026-05-22,samples,551808,0,0.0,0.0,0.0,0.0,0.0,0.0,0.0,0.0,40.0,50.0,60.0,60.0,7.684076707840409,15.89234212998178
date,2026-05-22,percent_observed,551808,0,0.0,0.0,0.0,0.0,0.0,0.0,0.0,0.0,100.0,100.0,100.0,100.0,12.337648239967525,31.566968848769665
date,2026-05-22,total_flow,551808,0,0.0,0.0,5.0,7.0,36.0,120.0,323.0,490.0,609.0,680.0,902.0,1391.0,309.5338722889121,196.22834207476032
date,2026-05-22,avg_occupancy,551808,0,0.0,0.0,0.003,0.0034,0.0117,0.0448,0.0805,0.1228,0.2493,0.3584,0.46751929999999703,0.7346,0.09501078781025285,0.07361339049734844
date,2026-05-22,avg_speed,551808,0,0.0,4.0,12.6,18.9,31.8,58.7,63.1,66.7,69.7,71.3,75.5,83.1,59.90497056947344,11.301468350684678
date,2026-05-23,samples,551808,0,0.0,0.0,0.0,0.0,0.0,0.0,0.0,0.0,40.0,50.0,60.0,60.0,7.676365692414753,15.883184926328955
date,2026-05-23,percent_observed,551808,0,0.0,0.0,0.0,0.0,0.0,0.0,0.0,0.0,100.0,100.0,100.0,100.0,11.783486285084667,30.865767169425084
date,2026-05-23,total_flow,551808,0,0.0,0.0,7.0,7.0,23.0,123.0,291.0,486.0,594.0,693.0,903.0,1464.0,298.62135380422177,196.11703449420318
date,2026-05-23,avg_occupancy,551808,0,0.0,0.0,0.0036,0.0038,0.0101,0.0377,0.071,0.0998,0.1695,0.2743,0.394719299999997,0.8441,0.07497438801177221,0.053629507779293664
date,2026-05-23,avg_speed,551808,0,0.0,3.1,17.3807,27.1,44.5,61.7,64.8,67.3,69.5,71.0,74.61929999999701,82.4,62.828467329215954,8.14379558903961
date,2026-05-24,samples,551808,0,0.0,0.0,0.0,0.0,0.0,0.0,0.0,0.0,40.0,50.0,60.0,60.0,7.671284214799351,15.87220629715873
date,2026-05-24,percent_observed,551808,0,0.0,0.0,0.0,0.0,0.0,0.0,0.0,0.0,100.0,100.0,100.0,100.0,12.03370193980515,31.31168159434527
date,2026-05-24,total_flow,551808,0,0.0,0.0,5.0,7.0,18.0,106.0,226.0,443.0,576.0,685.0,903.3859999999404,1469.0,268.7361201722338,190.48673783705127
date,2026-05-24,avg_occupancy,551808,0,0.0,0.0,0.0027,0.0032,0.0076,0.0287,0.0561,0.0845,0.1208,0.1935,0.300519299999997,0.7269,0.05960740837392716,0.039944934188574144
date,2026-05-24,avg_speed,551808,0,0.0,5.3,24.4,37.2,57.4,62.9,65.1,68.3,69.9,71.6,74.9,82.4,64.57540539463001,5.432970925976831
date,2026-05-25,samples,551808,0,0.0,0.0,0.0,0.0,0.0,0.0,0.0,0.0,40.0,50.0,60.0,60.0,7.665760554395732,15.870084498222058
date,2026-05-25,percent_observed,551808,0,0.0,0.0,0.0,0.0,0.0,0.0,0.0,0.0,100.0,100.0,100.0,100.0,11.820832608443517,31.022342769483416
date,2026-05-25,total_flow,551808,0,0.0,0.0,5.0,6.0,23.0,109.0,248.0,464.0,583.0,660.0,872.0,1401.0,280.14743533982835,192.11959761901844
date,2026-05-25,avg_occupancy,551808,0,0.0,0.0,0.0025,0.0029,0.0097,0.034,0.0646,0.1065,0.1788,0.3207,0.41505789999999104,0.8929,0.0751852084420668,0.05917210933830317
date,2026-05-25,avg_speed,551808,0,0.0,4.0,16.6,22.3,45.7,60.7,64.8,68.0,70.3,73.3,78.0,82.4,62.77974476629552,8.50473774565681
date,2026-05-26,samples,551808,0,0.0,0.0,0.0,0.0,0.0,0.0,0.0,0.0,40.0,50.0,50.0,60.0,2.9353670117142197,10.491303750072806
date,2026-05-26,percent_observed,551808,0,0.0,0.0,0.0,0.0,0.0,0.0,0.0,0.0,40.0,100.0,100.0,100.0,4.776646949663651,20.626049270353548
date,2026-05-26,total_flow,551808,0,0.0,0.0,4.0,5.0,23.0,107.0,287.0,478.0,598.0,669.0,887.1929999999702,1374.0,292.7448659678729,200.2834263681359
date,2026-05-26,avg_occupancy,551808,0,0.0,0.0,0.0024,0.0026,0.0096,0.0372,0.0728,0.1154,0.2301649999999965,0.3559,0.4530385999999941,0.742,0.08727837164376015,0.07021929236010575
date,2026-05-26,avg_speed,551808,0,0.0,5.2,12.9,18.4,35.9,59.6,63.5,67.3,69.8,72.2,76.2,81.7,61.05971044276271,10.25852618358649
date,2026-05-27,samples,551808,0,0.0,0.0,0.0,0.0,0.0,0.0,0.0,0.0,0.0,0.0,0.0,0.0,0.0,0.0
date,2026-05-27,percent_observed,551808,0,0.0,0.0,0.0,0.0,0.0,0.0,0.0,0.0,0.0,0.0,0.0,0.0,0.0,0.0
date,2026-05-27,total_flow,551808,0,0.0,0.0,5.0,5.0,18.0,111.0,290.0,488.0,607.0,664.0,886.0,1379.0,297.8494675684296,203.96920551571463
date,2026-05-27,avg_occupancy,551808,0,0.0,0.0,0.0024,0.0026,0.0082,0.0378,0.0764,0.1205,0.2383,0.3643,0.44403509999997914,0.6876,0.09064957938268382,0.07262112367542255
date,2026-05-27,avg_speed,551808,0,0.0,5.9,13.5,18.0,34.4,59.5,63.5,67.6,69.9,71.4,75.4,81.6,60.90325167449548,10.613613667362701
date,2026-05-28,samples,551808,0,0.0,0.0,0.0,0.0,0.0,0.0,0.0,0.0,40.0,50.0,50.0,60.0,3.046637598585015,10.611662592123675
date,2026-05-28,percent_observed,551808,0,0.0,0.0,0.0,0.0,0.0,0.0,0.0,0.0,75.0,100.0,100.0,100.0,5.457593945720251,21.94518555049281
date,2026-05-28,total_flow,551808,0,0.0,0.0,5.0,5.0,18.0,115.0,306.0,486.0,609.0,665.0,888.0,1414.0,302.68333913245186,200.59336940288267
date,2026-05-28,avg_occupancy,551808,0,0.0,0.0,0.0026,0.0027,0.0081,0.0405,0.0785,0.1222,0.2542,0.3675,0.4908,0.7963,0.0943030621158084,0.07624748691242261
date,2026-05-28,avg_speed,551808,0,0.0,3.1,11.4,18.0,32.3,59.1,63.2,67.4,69.8,71.6,75.8,81.7,60.250300285606585,11.272112216459904
date,2026-05-29,samples,551808,0,0.0,0.0,0.0,0.0,0.0,0.0,0.0,0.0,40.0,50.0,60.0,60.0,6.604632408373927,14.976076281028787
date,2026-05-29,percent_observed,551808,0,0.0,0.0,0.0,0.0,0.0,0.0,0.0,0.0,100.0,100.0,100.0,100.0,11.472961609835306,30.706986737485177
date,2026-05-29,total_flow,551808,0,0.0,0.0,5.0,7.0,33.0,121.0,333.0,491.0,609.0,672.0,902.0,1391.0,311.5446459638135,196.39314737605497
date,2026-05-29,avg_occupancy,551808,0,0.0,0.0,0.003,0.0034,0.0111,0.0456,0.0812,0.1229,0.2498,0.3584,0.4842771999999881,0.9989,0.09553148595163535,0.0738876246853186
date,2026-05-29,avg_speed,551808,0,0.0,3.3,11.4,18.9,31.73500000000022,58.6,63.0,66.7,69.7,71.3,74.7,81.7,59.90289104181164,11.2973895801756
date,2026-05-30,samples,551808,0,0.0,0.0,0.0,0.0,0.0,0.0,0.0,0.0,40.0,50.0,60.0,60.0,6.6133256495012755,14.969540936427725
date,2026-05-30,percent_observed,551808,0,0.0,0.0,0.0,0.0,0.0,0.0,0.0,0.0,100.0,100.0,100.0,100.0,12.187929497216423,31.40732979024012
date,2026-05-30,total_flow,551808,0,0.0,0.0,7.0,7.0,23.0,125.0,299.0,486.0,593.0,690.0,905.0,1464.0,301.17414934180005,195.45657074337586
date,2026-05-30,avg_occupancy,551808,0,0.0,0.0,0.0036,0.0038,0.0105,0.0389,0.0718,0.1009,0.184,0.2864,0.4726,0.7257,0.07703353014091859,0.05702059765300291
date,2026-05-30,avg_speed,551808,0,0.0,3.0,12.4,24.8,41.3,61.6,64.7,67.2,69.5,70.8,73.6,80.6,62.47298281286245,8.713086420252004
date,2026-05-31,samples,551808,0,0.0,0.0,0.0,0.0,0.0,0.0,0.0,0.0,40.0,50.0,60.0,60.0,6.6184759916492695,14.952870493780548
date,2026-05-31,percent_observed,551808,0,0.0,0.0,0.0,0.0,0.0,0.0,0.0,0.0,100.0,100.0,100.0,100.0,12.129566805845512,31.3721868535125
date,2026-05-31,total_flow,551808,0,0.0,0.0,5.0,7.0,18.0,109.0,232.0,449.0,576.0,686.0,905.0,1469.0,271.8811941834841,190.71206200844242
date,2026-05-31,avg_occupancy,551808,0,0.0,0.0,0.0027,0.0032,0.0078,0.0292,0.0572,0.0855,0.1248,0.2053,0.385919299999997,0.7592,0.06097875547291812,0.04278220758276357
date,2026-05-31,avg_speed,551808,0,0.0,6.9,19.4,34.2,56.2,62.8,65.1,68.2,69.8,70.9,74.2,82.4,64.25968416550684,5.957343939270909
date,2026-06-01,samples,551808,0,0.0,0.0,0.0,0.0,0.0,0.0,0.0,0.0,40.0,50.0,60.0,60.0,6.6158718249826025,14.96131804326299
date,2026-06-01,percent_observed,551808,0,0.0,0.0,0.0,0.0,0.0,0.0,0.0,0.0,100.0,100.0,100.0,100.0,11.678205100324751,30.85297028751462
date,2026-06-01,total_flow,551808,0,0.0,0.0,5.0,6.0,24.0,112.0,291.0,470.0,587.0,666.0,889.0,1401.0,292.6431403676641,193.79245904667943
date,2026-06-01,avg_occupancy,551808,0,0.0,0.0,0.0025,0.0029,0.0102,0.0374,0.0704,0.1111,0.2104,0.3435,0.479219299999997,0.8238,0.08381666648544421,0.06738999658337624
date,2026-06-01,avg_speed,551808,0,0.0,3.2,11.1,19.4,37.1,59.4,63.0,66.2,69.6,70.8,75.1,82.4,60.62410494229877,10.191502651432996
date,2026-06-02,samples,551808,0,0.0,0.0,0.0,0.0,0.0,0.0,0.0,0.0,40.0,50.0,60.0,60.0,6.048897442588727,13.78909431507863
date,2026-06-02,percent_observed,551808,0,0.0,0.0,0.0,0.0,0.0,0.0,0.0,0.0,100.0,100.0,100.0,100.0,11.791777212363721,30.988144451923983
date,2026-06-02,total_flow,551808,0,0.0,0.0,4.0,5.0,26.0,111.0,301.0,471.0,592.0,658.0,897.0,1374.0,295.0700497274414,195.2320460776454
date,2026-06-02,avg_occupancy,551808,0,0.0,0.0,0.0024,0.0026,0.0104,0.0391,0.0734,0.1151,0.2378,0.3614,0.4791,0.7356,0.0883969940631524,0.07178605159525171
date,2026-06-02,avg_speed,551808,0,0.0,3.1,11.7,18.3,34.3,59.3,63.1,66.6,69.6,71.6,76.2,83.1,60.59631520383902,10.526538065730982
date,2026-06-03,samples,551808,0,0.0,0.0,0.0,0.0,0.0,0.0,0.0,0.0,40.0,50.0,60.0,60.0,6.534624362096961,14.876173329029264
date,2026-06-03,percent_observed,551808,0,0.0,0.0,0.0,0.0,0.0,0.0,0.0,0.0,100.0,100.0,100.0,100.0,11.637049480978892,30.785581511909147
date,2026-06-03,total_flow,551808,0,0.0,0.0,5.0,5.0,26.0,114.0,301.0,481.0,601.0,660.0,900.0,1379.0,299.3244498086291,196.96411059338956
date,2026-06-03,avg_occupancy,551808,0,0.0,0.0,0.0024,0.0026,0.0106,0.04,0.0761,0.1194,0.2463,0.3715,0.5129,0.8969,0.09192125938732312,0.07510857406127948
date,2026-06-03,avg_speed,551808,0,0.0,3.1,10.480700000000002,17.8,32.7,59.4,63.3,67.0,69.9,72.1,76.9,81.9,60.50512950156576,11.03782625560192
date,2026-06-04,samples,551808,0,0.0,0.0,0.0,0.0,0.0,0.0,0.0,0.0,40.0,50.0,60.0,60.0,6.508169508234748,14.871576979295412
date,2026-06-04,percent_observed,551808,0,0.0,0.0,0.0,0.0,0.0,0.0,0.0,0.0,100.0,100.0,100.0,100.0,11.511029198561818,30.50828938122723
date,2026-06-04,total_flow,551808,0,0.0,0.0,5.0,5.0,29.0,116.0,315.0,484.0,607.0,671.0,908.0,1414.0,304.47712428960796,197.2968284204529
date,2026-06-04,avg_occupancy,551808,0,0.0,0.0,0.0026,0.0027,0.0116,0.0421,0.0788,0.122,0.2548,0.3678,0.48497719999998806,0.8451,0.09472001783228949,0.07579137808285481
date,2026-06-04,avg_speed,551808,0,0.0,3.2,10.8,18.1,31.9,59.0,63.0,66.9,69.8,72.0,77.1,81.9,60.037176336696824,11.364709832787918
date,2026-06-05,samples,551808,0,0.0,0.0,0.0,0.0,0.0,0.0,0.0,0.0,40.0,50.0,60.0,60.0,6.517455346787289,14.87141153739706
date,2026-06-05,percent_observed,551808,0,0.0,0.0,0.0,0.0,0.0,0.0,0.0,0.0,100.0,100.0,100.0,100.0,11.477349005451172,30.574785121431447
date,2026-06-05,total_flow,551808,0,0.0,0.0,5.0,7.0,37.0,121.0,333.0,490.0,607.0,664.0,897.0,1391.0,310.95696147935513,195.61287627465197
date,2026-06-05,avg_occupancy,551808,0,0.0,0.0,0.003,0.0034,0.0117,0.0456,0.081,0.1231,0.2499,0.3617,0.510457899999991,0.8203,0.0959813967901879,0.074859839243622
date,2026-06-05,avg_speed,551808,0,0.0,3.0,10.6,18.4,31.6,58.6,63.1,66.8,69.7,71.5,75.11929999999701,81.6,59.8825071401647,11.412921747606067
date,2026-06-06,samples,550930,0,0.0,0.0,0.0,0.0,0.0,0.0,0.0,0.0,40.0,50.0,60.0,60.0,6.307861252790736,14.641207491378879
date,2026-06-06,percent_observed,550930,0,0.0,0.0,0.0,0.0,0.0,0.0,0.0,0.0,100.0,100.0,100.0,100.0,10.926057756883814,29.831979366610085
date,2026-06-06,total_flow,550930,0,0.0,0.0,7.0,7.0,23.0,124.0,299.0,487.0,593.0,687.0,907.0,1464.0,300.59670557058064,196.02974553213537
date,2026-06-06,avg_occupancy,550930,0,0.0,0.0,0.0036,0.0038,0.0104,0.0387,0.0715,0.1002,0.177,0.2797,0.4168,0.6694,0.07610405096836259,0.054923248795666194
date,2026-06-06,avg_speed,550930,0,0.0,3.0,16.3,25.9,43.6,61.7,64.8,67.2,69.5,70.9,74.8,81.6,62.6859559290654,8.345979048855645
date,2026-06-07,samples,551808,0,0.0,0.0,0.0,0.0,0.0,0.0,0.0,0.0,40.0,50.0,60.0,60.0,6.586720381002087,14.921706806449578
date,2026-06-07,percent_observed,551808,0,0.0,0.0,0.0,0.0,0.0,0.0,0.0,0.0,100.0,100.0,100.0,100.0,11.45106087624681,30.459440175317734
date,2026-06-07,total_flow,551808,0,0.0,0.0,5.0,7.0,18.0,109.0,232.0,449.0,576.0,684.0,907.0,1469.0,271.92690029865463,190.6277177916076
date,2026-06-07,avg_occupancy,551808,0,0.0,0.0,0.0027,0.0032,0.0078,0.0294,0.0572,0.0855,0.1261,0.2091,0.3482,0.605,0.06111994588697518,0.04248006579070446
date,2026-06-07,avg_speed,551808,0,0.0,6.2,19.9,33.3,56.2,62.9,65.1,68.2,69.8,71.0,74.7,83.1,64.28192831564601,6.066408296298407
date,2026-06-08,samples,551808,0,0.0,0.0,0.0,0.0,0.0,0.0,0.0,0.0,40.0,50.0,60.0,60.0,6.602243896427743,14.957468377566542
date,2026-06-08,percent_observed,551808,0,0.0,0.0,0.0,0.0,0.0,0.0,0.0,0.0,100.0,100.0,100.0,100.0,11.359106790767804,30.371257193606606
date,2026-06-08,total_flow,551808,0,0.0,0.0,5.0,6.0,23.0,111.0,290.0,470.0,586.0,665.0,895.0,1401.0,292.1400251536766,193.73204425367538
date,2026-06-08,avg_occupancy,551808,0,0.0,0.0,0.0025,0.0029,0.0103,0.0374,0.0703,0.1109,0.2088,0.3435,0.481319299999997,0.8055,0.0836430486691023,0.06724422762032901
date,2026-06-08,avg_speed,551808,0,0.0,3.2,10.7,19.5,37.8,59.4,63.0,66.2,69.6,70.8,74.9,82.5,60.68239931280445,10.083757489070175
date,2026-06-09,samples,551808,0,0.0,0.0,0.0,0.0,0.0,0.0,0.0,0.0,40.0,50.0,60.0,60.0,6.112955955694734,13.95103215913989
date,2026-06-09,percent_observed,551808,0,0.0,0.0,0.0,0.0,0.0,0.0,0.0,0.0,100.0,100.0,100.0,100.0,11.359202838668523,30.420566077053678
date,2026-06-09,total_flow,551808,0,0.0,0.0,4.0,5.0,26.0,111.0,302.0,470.0,591.0,659.0,895.1929999999702,1374.0,294.7441483269543,194.74076465500326
date,2026-06-09,avg_occupancy,551808,0,0.0,0.0,0.0024,0.0026,0.0103,0.0394,0.0736,0.116,0.2427,0.3642,0.4892385999999941,0.7423,0.0893908912157852,0.07326630992708671
date,2026-06-09,avg_speed,551808,0,0.0,3.3,11.1,18.1,33.0,59.2,63.1,66.7,69.6,71.7,75.6,83.1,60.441950461029926,10.844435438371931
date,2026-06-10,samples,551808,0,0.0,0.0,0.0,0.0,0.0,0.0,0.0,0.0,40.0,50.0,60.0,60.0,6.445191080955695,14.65068491079487
date,2026-06-10,percent_observed,551808,0,0.0,0.0,0.0,0.0,0.0,0.0,0.0,0.0,100.0,100.0,100.0,100.0,11.302371477035491,30.250888546603836
date,2026-06-10,total_flow,551808,0,0.0,0.0,4.0,5.0,26.0,115.0,307.0,480.0,601.0,659.0,902.0,1379.0,300.28960073068896,196.87542915568147
date,2026-06-10,avg_occupancy,551808,0,0.0,0.0,0.002,0.0026,0.0103,0.0402,0.0767,0.12,0.2504,0.3715,0.5038,0.837,0.09279485418841336,0.07561299459515589
date,2026-06-10,avg_speed,551808,0,0.0,3.3,11.180700000000002,17.6,31.8,59.3,63.2,67.0,69.9,71.9,76.1,82.2,60.30504124623057,11.280357475633345
date,2026-06-11,samples,551808,0,0.0,0.0,0.0,0.0,0.0,0.0,0.0,0.0,40.0,50.0,60.0,60.0,6.627805323590814,15.002539234628697
date,2026-06-11,percent_observed,551808,0,0.0,0.0,0.0,0.0,0.0,0.0,0.0,0.0,100.0,100.0,100.0,100.0,11.571113503247506,30.626749077670553
date,2026-06-11,total_flow,551808,0,0.0,0.0,5.0,5.0,29.0,117.0,314.0,484.0,605.0,656.0,902.0,1414.0,303.8250170349107,195.80829691587613
date,2026-06-11,avg_occupancy,551808,0,0.0,0.0,0.0026,0.0027,0.0117,0.0426,0.079,0.1222,0.257,0.3678,0.4761,0.7914,0.09508100226890512,0.07595682848647207
date,2026-06-11,avg_speed,551808,0,0.0,3.1,11.2,17.9,31.2,59.0,62.9,66.9,69.8,71.8,76.6,82.0,59.891708891498496,11.51879840525942
date,2026-06-12,samples,551808,0,0.0,0.0,0.0,0.0,0.0,0.0,0.0,0.0,40.0,50.0,60.0,60.0,6.634581231152865,15.004123065358367
date,2026-06-12,percent_observed,551808,0,0.0,0.0,0.0,0.0,0.0,0.0,0.0,0.0,100.0,100.0,100.0,100.0,11.721174756437021,30.928437081382764
date,2026-06-12,total_flow,551808,0,0.0,0.0,5.0,7.0,37.0,121.0,333.0,490.0,607.0,676.0,900.1929999999702,1391.0,311.1464078085131,195.6566310454557
date,2026-06-12,avg_occupancy,551808,0,0.0,0.0,0.003,0.0034,0.0117,0.0457,0.0814,0.1235,0.2521,0.36669300000000515,0.5171,0.7885,0.09670859447488982,0.07575080828767475
date,2026-06-12,avg_speed,551808,0,0.0,3.0,10.4,17.7,31.2,58.6,63.0,66.8,69.7,71.5,75.5,81.9,59.73773160229645,11.618506851739463
date,2026-06-13,samples,551808,0,0.0,0.0,0.0,0.0,0.0,0.0,0.0,0.0,40.0,50.0,60.0,60.0,6.622486444560427,14.980418653132302
date,2026-06-13,percent_observed,551808,0,0.0,0.0,0.0,0.0,0.0,0.0,0.0,0.0,100.0,100.0,100.0,100.0,11.734333318835537,30.85557391622955
date,2026-06-13,total_flow,551808,0,0.0,0.0,7.0,7.0,23.0,124.0,296.0,486.0,593.0,697.0,907.0,1464.0,300.3496469786592,195.8081591381849
date,2026-06-13,avg_occupancy,551808,0,0.0,0.0,0.0036,0.0038,0.0104,0.0387,0.0715,0.1003,0.1774,0.2797,0.40593859999999404,0.7472,0.07612955828839016,0.05502007949303603
date,2026-06-13,avg_speed,551808,0,0.0,3.1,16.280700000000003,25.7,43.0,61.7,64.8,67.2,69.5,71.0,74.2,82.4,62.67335431889352,8.424693289723784
date,2026-06-14,samples,551808,0,0.0,0.0,0.0,0.0,0.0,0.0,0.0,0.0,40.0,50.0,60.0,60.0,6.630400429134771,14.995591110223529
date,2026-06-14,percent_observed,551808,0,0.0,0.0,0.0,0.0,0.0,0.0,0.0,0.0,100.0,100.0,100.0,100.0,11.627437442008814,30.7508305613955
date,2026-06-14,total_flow,551808,0,0.0,0.0,5.0,7.0,18.0,108.0,233.0,448.0,576.0,688.0,907.0,1469.0,271.77407540303875,190.70816573432296
date,2026-06-14,avg_occupancy,551808,0,0.0,0.0,0.0027,0.0032,0.0078,0.0293,0.0571,0.0855,0.1267,0.2107,0.368419299999997,0.6691,0.06121810738517745,0.043163524182941684
date,2026-06-14,avg_speed,551808,0,0.0,3.3,18.9,33.1,56.2,62.9,65.1,68.2,69.8,71.0,73.9,82.4,64.29559466336117,6.118762493573056
date,2026-06-15,samples,551808,0,0.0,0.0,0.0,0.0,0.0,0.0,0.0,0.0,40.0,50.0,60.0,60.0,6.6550738662723266,15.019015228247062
date,2026-06-15,percent_observed,551808,0,0.0,0.0,0.0,0.0,0.0,0.0,0.0,0.0,100.0,100.0,100.0,100.0,11.613090060310833,30.742135493525513
date,2026-06-15,total_flow,551808,0,0.0,0.0,5.0,6.0,23.0,112.0,290.0,469.0,586.0,670.0,897.0,1401.0,292.3246292188587,193.48738074214404
date,2026-06-15,avg_occupancy,551808,0,0.0,0.0,0.0025,0.0029,0.0103,0.0375,0.0705,0.111,0.2116,0.3457,0.4976,0.8055,0.08410353565008119,0.06813819735801475
date,2026-06-15,avg_speed,551808,0,0.0,3.0,11.1,19.3,36.8,59.4,63.0,66.2,69.6,70.8,75.1,82.4,60.620348925713294,10.22896708392307
date,2026-06-16,samples,551808,0,0.0,0.0,0.0,0.0,0.0,0.0,0.0,0.0,40.0,50.0,60.0,60.0,6.687119432846208,15.041893599849226
date,2026-06-16,percent_observed,551808,0,0.0,0.0,0.0,0.0,0.0,0.0,0.0,0.0,100.0,100.0,100.0,100.0,11.689170871027605,30.88329612127379
date,2026-06-16,total_flow,551808,0,0.0,0.0,4.0,5.0,26.0,111.0,302.0,470.0,591.0,660.0,897.0,1374.0,295.2642005915101,194.52201344707183
date,2026-06-16,avg_occupancy,551808,0,0.0,0.0,0.0024,0.0026,0.0107,0.0397,0.0739,0.116,0.2475,0.3718,0.5213,0.7731,0.0900557733849455,0.07466519693858951
date,2026-06-16,avg_speed,551808,0,0.0,3.3,9.5,17.5,32.4,59.1,63.0,66.6,69.6,71.4,75.8,81.6,60.27929406605196,11.007850765927323
date,2026-06-17,samples,551808,0,0.0,0.0,0.0,0.0,0.0,0.0,0.0,0.0,40.0,50.0,60.0,60.0,6.630344250173974,14.99541056352418
date,2026-06-17,percent_observed,551808,0,0.0,0.0,0.0,0.0,0.0,0.0,0.0,0.0,100.0,100.0,100.0,100.0,11.677614315124101,30.81387166387131
date,2026-06-17,total_flow,551808,0,0.0,0.0,5.0,5.0,26.0,115.0,306.0,480.0,600.0,663.0,908.0,1379.0,300.37552192066806,196.81149738136827
date,2026-06-17,avg_occupancy,551808,0,0.0,0.0,0.0024,0.0026,0.0104,0.0405,0.0767,0.119925,0.249,0.3698,0.494319299999997,0.9002,0.09241413027719786,0.0748480600496633
date,2026-06-17,avg_speed,551808,0,0.0,3.3,11.1,17.7,32.5,59.3,63.1,66.9,69.9,71.8,76.4,82.1,60.360119461841805,11.09588998997721
date,2026-06-18,samples,551808,0,0.0,0.0,0.0,0.0,0.0,0.0,0.0,0.0,40.0,50.0,60.0,60.0,6.655414564486198,15.02591934699662
date,2026-06-18,percent_observed,551808,0,0.0,0.0,0.0,0.0,0.0,0.0,0.0,0.0,100.0,100.0,100.0,100.0,11.697708260844351,30.79973121009104
date,2026-06-18,total_flow,551808,0,0.0,0.0,5.0,5.0,29.0,117.0,317.0,484.0,606.0,674.0,908.0,1414.0,305.51323286360474,196.85141473833264
date,2026-06-18,avg_occupancy,551808,0,0.0,0.0,0.0026,0.0027,0.0117,0.043,0.0794,0.1226,0.2589,0.37439300000000514,0.518419299999997,0.7798,0.09616763276356993,0.07758411712760294
date,2026-06-18,avg_speed,551808,0,0.0,3.1,9.6,17.1,31.0,58.8,62.7,66.8,69.8,71.69300000000513,76.2,82.0,59.766075519021115,11.585547104295419
date,2026-06-19,samples,551808,0,0.0,0.0,0.0,0.0,0.0,0.0,0.0,0.0,40.0,50.0,60.0,60.0,6.651690443052656,15.020332843561116
date,2026-06-19,percent_observed,551808,0,0.0,0.0,0.0,0.0,0.0,0.0,0.0,0.0,100.0,100.0,100.0,100.0,11.850221453839016,31.02832954438709
date,2026-06-19,total_flow,551808,0,0.0,0.0,5.0,7.0,37.0,121.0,330.0,489.0,607.0,661.0,900.0,1391.0,310.2280412752262,194.623203873161
date,2026-06-19,avg_occupancy,551808,0,0.0,0.0,0.003,0.0034,0.0121,0.0456,0.0806,0.1224,0.2476,0.3546,0.467619299999997,0.745,0.09462895662984226,0.0725871449510016
date,2026-06-19,avg_speed,551808,0,0.0,3.4,12.6,19.0,31.9,58.9,63.2,66.9,69.7,71.5,74.8,81.6,60.070808324634655,11.16701344759566
date,2026-06-20,samples,551808,0,0.0,0.0,0.0,0.0,0.0,0.0,0.0,0.0,40.0,50.0,60.0,60.0,6.667418739851542,15.016622743261019
date,2026-06-20,percent_observed,551808,0,0.0,0.0,0.0,0.0,0.0,0.0,0.0,0.0,100.0,100.0,100.0,100.0,11.802655996288564,31.00079538179363
date,2026-06-20,total_flow,551808,0,0.0,0.0,7.0,7.0,23.0,124.0,292.0,484.0,590.0,684.9300000000512,907.0,1464.0,298.5787955230805,194.87843073972076
date,2026-06-20,avg_occupancy,551808,0,0.0,0.0,0.0036,0.0038,0.0104,0.0386,0.0716,0.1008,0.1879,0.292,0.506638599999994,0.8616,0.0771113766020065,0.058304845007458646
date,2026-06-20,avg_speed,551808,0,0.0,3.0,10.6,23.7,39.7,61.7,64.8,67.2,69.5,70.9,73.8,80.9,62.43089697865924,9.01743785661491
date,2026-06-21,samples,551808,0,0.0,0.0,0.0,0.0,0.0,0.0,0.0,0.0,40.0,50.0,60.0,60.0,6.677955013337972,15.027170681441438
date,2026-06-21,percent_observed,551808,0,0.0,0.0,0.0,0.0,0.0,0.0,0.0,0.0,100.0,100.0,100.0,100.0,11.415900095685457,30.460360890032568
date,2026-06-21,total_flow,551808,0,0.0,0.0,5.0,7.0,18.0,108.0,231.0,451.0,575.0,679.0,907.0,1469.0,271.9466118649965,190.97512478797879
date,2026-06-21,avg_occupancy,551808,0,0.0,0.0,0.0027,0.0032,0.0078,0.0292,0.0575,0.0864,0.1263,0.2052,0.3335,0.7957,0.06114388265483646,0.04220414205869964
date,2026-06-21,avg_speed,551808,0,0.0,6.1,19.4,33.4,56.2,62.9,65.1,68.3,69.8,70.9,73.2,80.0,64.32445905097426,6.035521587141488
date,2026-06-22,samples,551808,0,0.0,0.0,0.0,0.0,0.0,0.0,0.0,0.0,40.0,50.0,60.0,60.0,6.284357965089306,14.236915843120638
date,2026-06-22,percent_observed,551808,0,0.0,0.0,0.0,0.0,0.0,0.0,0.0,0.0,100.0,100.0,100.0,100.0,11.678525864068662,30.814889472373373
date,2026-06-22,total_flow,551808,0,0.0,0.0,5.0,6.0,23.0,111.0,290.0,469.0,584.0,653.0,891.0,1401.0,291.65945401299,193.1939696444928
date,2026-06-22,avg_occupancy,551808,0,0.0,0.0,0.0025,0.0029,0.0103,0.0374,0.0703,0.1104,0.2036,0.339,0.4365964999999851,0.8941,0.08269915695314313,0.06502420286195612
date,2026-06-22,avg_speed,551808,0,0.0,3.9,12.9,20.0,38.9,59.5,63.6,66.9,69.7,71.3,74.9,81.6,61.302692603224315,9.723334902879621
date,2026-06-23,samples,551808,0,0.0,0.0,0.0,0.0,0.0,0.0,0.0,0.0,40.0,50.0,60.0,60.0,6.419247274414289,14.500571255573826
date,2026-06-23,percent_observed,551808,0,0.0,0.0,0.0,0.0,0.0,0.0,0.0,0.0,100.0,100.0,100.0,100.0,11.872406706680584,31.046599287324238
date,2026-06-23,total_flow,551808,0,0.0,0.0,4.0,5.0,26.0,111.0,301.0,470.0,591.0,652.0,897.0,1374.0,294.39626283054974,194.64533738923495
date,2026-06-23,avg_occupancy,551808,0,0.0,0.0,0.0024,0.0026,0.0107,0.0393,0.0735,0.1151,0.2343,0.3605,0.47373859999999407,0.7684,0.08815582104645094,0.07102779392405159
date,2026-06-23,avg_speed,551808,0,0.0,3.0,11.580700000000002,18.2,34.4,59.3,63.1,66.7,69.6,71.3,75.4,81.5,60.63238934556947,10.506458339283574
date,2026-06-24,samples,551808,0,0.0,0.0,0.0,0.0,0.0,0.0,0.0,0.0,40.0,50.0,60.0,60.0,6.687605109023428,15.047978916272006
date,2026-06-24,percent_observed,551808,0,0.0,0.0,0.0,0.0,0.0,0.0,0.0,0.0,100.0,100.0,100.0,100.0,12.019999710044074,31.30639342418537
date,2026-06-24,total_flow,551808,0,0.0,0.0,5.0,5.0,26.0,115.0,306.0,482.0,599.0,656.0,905.0,1379.0,300.36580477267455,196.59447832668036
date,2026-06-24,avg_occupancy,551808,0,0.0,0.0,0.0024,0.0026,0.0107,0.0409,0.0767,0.1196,0.2427,0.3672,0.484319299999997,0.7707,0.09171774421537926,0.07337583092055308
date,2026-06-24,avg_speed,551808,0,0.0,3.1,11.8,17.8,32.7,59.3,63.0,66.8,69.8,71.3,75.31929999999701,82.2,60.3289386888193,10.97050144630573
date,2026-06-25,samples,551808,0,0.0,0.0,0.0,0.0,0.0,0.0,0.0,0.0,40.0,50.0,60.0,60.0,6.701187731964741,15.065619966085832
date,2026-06-25,percent_observed,551808,0,0.0,0.0,0.0,0.0,0.0,0.0,0.0,0.0,100.0,100.0,100.0,100.0,11.793295856529808,31.053945431958258
date,2026-06-25,total_flow,551808,0,0.0,0.0,5.0,5.0,29.0,116.0,314.0,484.0,604.0,653.0,907.0,1414.0,303.8136996926467,196.0926813608505
date,2026-06-25,avg_occupancy,551808,0,0.0,0.0,0.0026,0.0027,0.0118,0.0426,0.0792,0.1218,0.2542,0.36828600000001027,0.4849,0.7002,0.09468271463987474,0.07543073797647876
date,2026-06-25,avg_speed,551808,0,0.0,3.0,11.1,17.5,31.6,58.8,62.7,66.6,69.7,71.1,75.2,81.6,59.834124731790766,11.347559077508915
date,2026-06-26,samples,551808,0,0.0,0.0,0.0,0.0,0.0,0.0,0.0,0.0,40.0,50.0,60.0,60.0,6.703188427858965,15.064639194071901
date,2026-06-26,percent_observed,551808,0,0.0,0.0,0.0,0.0,0.0,0.0,0.0,0.0,100.0,100.0,100.0,100.0,11.68771384249594,30.932119611526673
date,2026-06-26,total_flow,551808,0,0.0,0.0,6.0,7.0,37.0,121.0,330.0,490.0,607.0,660.0,904.0,1391.0,310.220696329158,195.14076237410407
date,2026-06-26,avg_occupancy,551808,0,0.0,0.0,0.003,0.0034,0.012,0.0457,0.0813,0.1228,0.2497,0.367,0.529719299999997,0.9989,0.09555972403444676,0.0745662242025431
date,2026-06-26,avg_speed,551808,0,0.0,3.0,10.5,18.0,31.6,58.5,62.9,66.5,69.6,70.9,73.6,81.9,59.78652139874739,11.34699835419939
date,2026-06-27,samples,551808,0,0.0,0.0,0.0,0.0,0.0,0.0,0.0,0.0,40.0,50.0,60.0,60.0,6.704176090234284,15.053844602477719
date,2026-06-27,percent_observed,551808,0,0.0,0.0,0.0,0.0,0.0,0.0,0.0,0.0,100.0,100.0,100.0,100.0,11.91373267513338,31.154293958780286
date,2026-06-27,total_flow,551808,0,0.0,0.0,7.0,7.0,23.0,124.0,292.0,487.0,592.0,685.0,904.1929999999702,1464.0,299.15849715843194,195.48396607675107
date,2026-06-27,avg_occupancy,551808,0,0.0,0.0,0.0036,0.0038,0.0105,0.0385,0.0715,0.1001,0.1682,0.2762,0.39575439999997614,0.7606,0.07530181820488285,0.05337488344142338
date,2026-06-27,avg_speed,551808,0,0.0,3.2,15.2,26.2,44.3,61.7,64.7,67.2,69.4,70.6,73.4,81.6,62.7200633191255,8.21733963611207
date,2026-06-28,samples,551808,0,0.0,0.0,0.0,0.0,0.0,0.0,0.0,0.0,40.0,50.0,60.0,60.0,6.722392571329158,15.07670396629032
date,2026-06-28,percent_observed,551808,0,0.0,0.0,0.0,0.0,0.0,0.0,0.0,0.0,100.0,100.0,100.0,100.0,11.826974237415913,30.90329855760441
date,2026-06-28,total_flow,551808,0,0.0,0.0,5.0,7.0,18.0,108.0,230.0,449.0,575.0,683.0,905.0,1469.0,271.0714976948504,190.5185257617984
date,2026-06-28,avg_occupancy,551808,0,0.0,0.0,0.0027,0.0032,0.0078,0.0294,0.0571,0.0854,0.1231,0.203,0.3552771999999881,0.6493,0.060720699228717236,0.04172643763963855
date,2026-06-28,avg_speed,551808,0,0.0,4.2,19.8,34.7,57.0,62.9,65.1,68.2,69.7,70.8,73.1,81.4,64.39699351948505,5.760992559128902
date,2026-06-29,samples,551808,0,0.0,0.0,0.0,0.0,0.0,0.0,0.0,0.0,40.0,50.0,60.0,60.0,6.7486825127580605,15.107616050958423
date,2026-06-29,percent_observed,551808,0,0.0,0.0,0.0,0.0,0.0,0.0,0.0,0.0,100.0,100.0,100.0,100.0,11.838579723382045,30.984465484042246
date,2026-06-29,total_flow,551808,0,0.0,0.0,5.0,6.0,23.0,112.0,288.0,470.0,585.0,658.0,893.0,1401.0,291.87345598469034,193.48545208370993
date,2026-06-29,avg_occupancy,551808,0,0.0,0.0,0.0025,0.0029,0.0106,0.0375,0.0704,0.1102,0.2003,0.3354,0.427719299999997,0.7129,0.08237330683861054,0.0640095949201344
date,2026-06-29,avg_speed,551808,0,0.0,3.0,13.6,20.3,40.0,59.5,63.4,66.7,69.6,70.8,73.9,82.0,61.28925060890744,9.519951611931507
date,2026-07-01,samples,551808,0,0.0,0.0,0.0,0.0,0.0,0.0,0.0,0.0,40.0,50.0,60.0,60.0,6.784425017397355,15.144758856696232
date,2026-07-01,percent_observed,551808,0,0.0,0.0,0.0,0.0,0.0,0.0,0.0,0.0,100.0,100.0,100.0,100.0,12.290224135931338,31.399436979065086
date,2026-07-01,total_flow,551808,0,0.0,0.0,5.0,5.0,26.0,115.0,306.0,481.0,597.0,656.0,900.0,1379.0,299.7554729181164,196.24424641195642
date,2026-07-01,avg_occupancy,551808,0,0.0,0.0,0.0024,0.0026,0.0106,0.0411,0.0767,0.1186,0.2394,0.3674,0.5055,0.8224,0.09117365931628392,0.0731142560650575
date,2026-07-01,avg_speed,551808,0,0.0,3.3,12.3,17.9,33.9,59.3,63.1,66.8,69.8,71.4,75.7,81.7,60.56694176235212,10.685441451954105
date,2026-07-02,samples,551808,0,0.0,0.0,0.0,0.0,0.0,0.0,0.0,0.0,40.0,50.0,60.0,60.0,6.803051061238691,15.159543787030666
date,2026-07-02,percent_observed,551808,0,0.0,0.0,0.0,0.0,0.0,0.0,0.0,0.0,100.0,100.0,100.0,100.0,12.07072931164463,31.25051323243869
date,2026-07-02,total_flow,551808,0,0.0,0.0,5.0,5.0,29.0,117.0,316.0,484.0,605.0,653.0,906.0,1414.0,304.2692875057991,195.83686209704697
date,2026-07-02,avg_occupancy,551808,0,0.0,0.0,0.0026,0.0027,0.0117,0.043,0.0794,0.1222,0.2561,0.3678,0.4833,0.7561,0.09524005451171422,0.07572813591705475
date,2026-07-02,avg_speed,551808,0,0.0,3.1,11.3,17.8,31.3,58.8,62.7,66.7,69.7,71.2,75.51929999999702,82.0,59.791485987879845,11.44002669238251
date,2026-07-03,samples,551808,0,0.0,0.0,0.0,0.0,0.0,0.0,0.0,0.0,40.0,50.0,60.0,60.0,6.949148979355138,15.235143640484273
date,2026-07-03,percent_observed,551808,0,0.0,0.0,0.0,0.0,0.0,0.0,0.0,0.0,100.0,100.0,100.0,100.0,12.05077128276502,31.25735472463923
date,2026-07-03,total_flow,551808,0,0.0,0.0,6.0,7.0,37.0,119.0,306.0,488.0,606.0,655.0,893.0,1391.0,304.1061383669682,194.22320177231535
date,2026-07-03,avg_occupancy,551808,0,0.0,0.0,0.003,0.0034,0.0117,0.0433,0.0767,0.1184,0.2351,0.3417,0.4152,0.8647,0.0892261407953491,0.06769776312300897
date,2026-07-03,avg_speed,551808,0,0.0,4.0,14.1,20.8,33.6,59.7,64.1,67.5,69.9,72.1,75.6,81.6,61.08143720279518,10.34615239694964
date,2026-07-04,samples,551808,0,0.0,0.0,0.0,0.0,0.0,0.0,0.0,0.0,40.0,50.0,60.0,60.0,7.005462044769195,15.283873411213264
date,2026-07-04,percent_observed,551808,0,0.0,0.0,0.0,0.0,0.0,0.0,0.0,0.0,100.0,100.0,100.0,100.0,12.6706716829042,31.981359932808274
date,2026-07-04,total_flow,551808,0,0.0,0.0,7.0,7.0,23.0,122.0,253.0,471.0,577.0,667.9300000000512,899.1929999999702,1464.0,285.4621371926467,191.5615081941146
date,2026-07-04,avg_occupancy,551808,0,0.0,0.0,0.0036,0.0038,0.0101,0.035,0.0644,0.0921,0.1385,0.2547,0.3268,0.7149,0.06890618131668987,0.04696207891693306
date,2026-07-04,avg_speed,551808,0,0.0,7.9,20.7,29.4,55.9,62.3,65.1,68.0,69.8,71.9,74.7,81.4,63.94395170059151,6.869047313000817
date,2026-07-05,samples,551808,0,0.0,0.0,0.0,0.0,0.0,0.0,0.0,0.0,40.0,50.0,60.0,60.0,7.010166579679889,15.290926370259566
date,2026-07-05,percent_observed,551808,0,0.0,0.0,0.0,0.0,0.0,0.0,0.0,0.0,100.0,100.0,100.0,100.0,12.7516491243331,32.14591558447797
date,2026-07-05,total_flow,551808,0,0.0,0.0,5.0,7.0,18.0,106.0,219.0,439.0,572.0,679.0,903.0,1469.0,265.99873687949434,188.49932956282743
date,2026-07-05,avg_occupancy,551808,0,0.0,0.0,0.0027,0.0032,0.0078,0.0287,0.0552,0.0836,0.1182,0.1897,0.3004,0.7177,0.058894892426351195,0.03922696076050245
date,2026-07-05,avg_speed,551808,0,0.0,9.3,24.5,37.1,57.6,63.1,65.1,68.4,69.9,71.3,73.9,78.9,64.70793301293203,5.36776485747386
date,2026-07-06,samples,551808,0,0.0,0.0,0.0,0.0,0.0,0.0,0.0,0.0,40.0,50.0,60.0,60.0,7.036402154372535,15.326685901052825
date,2026-07-06,percent_observed,551808,0,0.0,0.0,0.0,0.0,0.0,0.0,0.0,0.0,100.0,100.0,100.0,100.0,12.181117345163536,31.513352021565296
date,2026-07-06,total_flow,551808,0,0.0,0.0,5.0,6.0,25.0,112.0,289.0,469.0,584.0,654.0,891.0,1401.0,291.9235458710276,192.6260527692956
date,2026-07-06,avg_occupancy,551808,0,0.0,0.0,0.0025,0.0029,0.0107,0.0374,0.0703,0.1101,0.2,0.3352,0.443019299999997,0.7265,0.0821018892440849,0.06404220742417582
date,2026-07-06,avg_speed,551808,0,0.0,3.0,13.5,20.3,40.2,59.5,63.7,67.2,69.7,71.2,74.3,81.4,61.46860937137555,9.518183332439945
date,2026-07-07,samples,551808,0,0.0,0.0,0.0,0.0,0.0,0.0,0.0,0.0,40.0,50.0,60.0,60.0,7.073328041637671,15.363064029859888
date,2026-07-07,percent_observed,551808,0,0.0,0.0,0.0,0.0,0.0,0.0,0.0,0.0,100.0,100.0,100.0,100.0,12.135143020760845,31.459533468155087
date,2026-07-07,total_flow,551808,0,0.0,0.0,4.0,5.0,26.0,111.0,302.0,470.0,590.0,649.0,895.0,1374.0,294.51781416724657,193.93667120545203
date,2026-07-07,avg_occupancy,551808,0,0.0,0.0,0.0024,0.0026,0.0107,0.0395,0.0736,0.115,0.2318,0.3602,0.4768,0.7414,0.08796861245215727,0.07050121492929486
date,2026-07-07,avg_speed,551808,0,0.0,3.7,12.2,18.3,34.2,59.3,63.2,66.8,69.6,71.2,75.3,81.6,60.64575649501276,10.508349777288625
date,2026-07-08,samples,551808,0,0.0,0.0,0.0,0.0,0.0,0.0,0.0,0.0,40.0,50.0,60.0,60.0,7.119405662839249,15.409914395701032
date,2026-07-08,percent_observed,551808,0,0.0,0.0,0.0,0.0,0.0,0.0,0.0,0.0,100.0,100.0,100.0,100.0,12.093039607979588,31.44717715428574
date,2026-07-08,total_flow,551808,0,0.0,0.0,5.0,5.0,27.0,115.0,308.0,481.0,599.0,656.0,900.0,1379.0,300.950680309093,195.98469056484393
date,2026-07-08,avg_occupancy,551808,0,0.0,0.0,0.0024,0.0026,0.0111,0.0409,0.077,0.1198,0.2407,0.3657,0.468719299999997,0.7703,0.0915989652197866,0.07252237425723765
date,2026-07-08,avg_speed,551808,0,0.0,3.4,12.4,17.9,33.1,59.2,63.0,66.8,69.8,71.3,75.3,81.6,60.359651726687545,10.89008895831707
date,2026-07-09,samples,551808,0,0.0,0.0,0.0,0.0,0.0,0.0,0.0,0.0,40.0,50.0,60.0,60.0,7.113698967756901,15.395093223253449
date,2026-07-09,percent_observed,551808,0,0.0,0.0,0.0,0.0,0.0,0.0,0.0,0.0,100.0,100.0,100.0,100.0,12.322691950823474,31.550236807761365
date,2026-07-09,total_flow,551808,0,0.0,0.0,5.0,5.0,30.0,117.0,315.0,484.0,605.0,653.0,897.0,1414.0,304.6773171102992,195.1872475947687
date,2026-07-09,avg_occupancy,551808,0,0.0,0.0,0.0026,0.0028,0.0124,0.043,0.0794,0.1218,0.2525,0.3659,0.4746,0.7699,0.09461766556483414,0.07454803478827618
date,2026-07-09,avg_speed,551808,0,0.0,3.1,11.7,18.1,32.1,58.9,62.8,66.8,69.7,71.2,75.3,81.8,59.934307947691956,11.283969072369684
date,2026-07-10,samples,551808,0,0.0,0.0,0.0,0.0,0.0,0.0,0.0,0.0,40.0,50.0,60.0,60.0,7.125148602412433,15.418751239559455
date,2026-07-10,percent_observed,551808,0,0.0,0.0,0.0,0.0,0.0,0.0,0.0,0.0,100.0,100.0,100.0,100.0,12.432583434817907,31.689048696721553
date,2026-07-10,total_flow,551808,0,0.0,0.0,6.0,7.0,38.0,121.0,332.0,490.0,606.0,659.0,905.0,1391.0,310.94287324576663,194.1800438585454
date,2026-07-10,avg_occupancy,551808,0,0.0,0.0,0.003,0.0034,0.0135,0.046,0.0814,0.123,0.2498,0.3606,0.49547719999998807,0.7969,0.09588340201664347,0.07402071805887864
date,2026-07-10,avg_speed,551808,0,0.0,3.0,10.4,18.1,31.2,58.1,62.6,66.3,69.5,70.9,73.7,81.9,59.48337265860589,11.52382337555906
date,2026-07-11,samples,551808,0,0.0,0.0,0.0,0.0,0.0,0.0,0.0,0.0,40.0,50.0,60.0,60.0,7.098778923103688,15.373704270107805
date,2026-07-11,percent_observed,551808,0,0.0,0.0,0.0,0.0,0.0,0.0,0.0,0.0,100.0,100.0,100.0,100.0,12.232178583855253,31.424279387369072
date,2026-07-11,total_flow,551808,0,0.0,0.0,7.0,8.0,25.0,124.0,293.0,485.0,592.0,680.0,903.0,1464.0,299.4005034359777,194.63908765780704
date,2026-07-11,avg_occupancy,551808,0,0.0,0.0,0.0036,0.0038,0.0109,0.0387,0.0715,0.1001,0.169,0.2713,0.383019299999997,0.9442,0.07528734342379959,0.05296682806730927
date,2026-07-11,avg_speed,551808,0,0.0,3.1,15.6,25.9,43.0,61.5,64.6,67.0,69.3,70.3,72.9,80.8,62.44578259104616,8.373715473039011
date,2026-07-12,samples,551808,0,0.0,0.0,0.0,0.0,0.0,0.0,0.0,0.0,40.0,50.0,60.0,60.0,7.118751449779634,15.386242788012979
date,2026-07-12,percent_observed,551808,0,0.0,0.0,0.0,0.0,0.0,0.0,0.0,0.0,100.0,100.0,100.0,100.0,12.088599657852006,31.213413933701894
date,2026-07-12,total_flow,551808,0,0.0,0.0,5.0,7.0,19.0,108.0,231.0,446.0,573.0,676.0,902.0,1469.0,270.39073917014616,189.47812964684363
date,2026-07-12,avg_occupancy,551808,0,0.0,0.0,0.0027,0.0032,0.0083,0.0292,0.0565,0.0853,0.1209,0.1966,0.313019299999997,0.9203,0.060192200548016696,0.04036752589825994
date,2026-07-12,avg_speed,551808,0,0.0,3.7,22.4,35.3,57.1,62.9,65.1,68.2,69.7,70.8,72.9,80.3,64.4244130204709,5.617842838819348
date,2026-07-13,samples,551808,0,0.0,0.0,0.0,0.0,0.0,0.0,0.0,0.0,40.0,50.0,60.0,60.0,6.4178862937833445,13.959863784766661
date,2026-07-13,percent_observed,551808,0,0.0,0.0,0.0,0.0,0.0,0.0,0.0,0.0,100.0,100.0,100.0,100.0,12.627002508118766,31.894764930230693
date,2026-07-13,total_flow,551808,0,0.0,0.0,5.0,6.0,26.0,112.0,291.0,470.0,584.0,658.0,890.0,1401.0,293.0366087479703,192.9765513358548
date,2026-07-13,avg_occupancy,551808,0,0.0,0.0,0.0025,0.0029,0.0108,0.0378,0.0709,0.1109,0.2039,0.3418,0.5081578999999911,0.7948,0.08346172618012063,0.0663926717030668
date,2026-07-13,avg_speed,551808,0,0.0,3.0,13.5,20.0,39.3,59.5,63.5,67.0,69.7,71.3,75.5,82.2,61.33662252087683,9.659823631546082
date,2026-07-14,samples,551808,0,0.0,0.0,0.0,0.0,0.0,0.0,0.0,0.0,40.0,50.0,60.0,60.0,7.133521079795871,15.423959278875106
date,2026-07-14,percent_observed,551808,0,0.0,0.0,0.0,0.0,0.0,0.0,0.0,0.0,100.0,100.0,100.0,100.0,12.172190327070286,31.403152693538203
date,2026-07-14,total_flow,551808,0,0.0,0.0,4.0,5.0,26.0,111.0,301.0,470.0,591.0,650.0,891.0,1374.0,294.8125163100209,193.58619568865484
date,2026-07-14,avg_occupancy,551808,0,0.0,0.0,0.0024,0.0026,0.0112,0.0396,0.0737,0.1151,0.2346,0.3608,0.476019299999997,0.7541,0.08837564352093481,0.07121577260925661
date,2026-07-14,avg_speed,551808,0,0.0,3.2,11.2,18.1,33.8,59.2,63.1,66.7,69.5,71.0,74.9,82.2,60.54735777661795,10.60184822136533
date,2026-07-15,samples,551808,0,0.0,0.0,0.0,0.0,0.0,0.0,0.0,0.0,40.0,50.0,60.0,60.0,7.13447974657852,15.418344342352288
date,2026-07-15,percent_observed,551808,0,0.0,0.0,0.0,0.0,0.0,0.0,0.0,0.0,100.0,100.0,100.0,100.0,12.495688717814891,31.81315032187073
date,2026-07-15,total_flow,551808,0,0.0,0.0,5.0,5.0,27.0,115.0,309.0,480.0,598.0,656.0,897.0,1379.0,301.19345859429365,195.61441959223853
date,2026-07-15,avg_occupancy,551808,0,0.0,0.0,0.0024,0.0026,0.0112,0.0416,0.0771,0.1194,0.2368,0.3649,0.4696,0.7987,0.09138505802742983,0.0720139038963399
date,2026-07-15,avg_speed,551808,0,0.0,3.5,12.4,17.9,33.3,59.2,62.9,66.8,69.8,71.3,75.3,81.0,60.34984795436093,10.83039605635967
date,2026-07-16,samples,551808,0,0.0,0.0,0.0,0.0,0.0,0.0,0.0,0.0,40.0,50.0,60.0,60.0,6.878622636859197,15.157871133611486
date,2026-07-16,percent_observed,551808,0,0.0,0.0,0.0,0.0,0.0,0.0,0.0,0.0,100.0,100.0,100.0,100.0,11.765972947112038,31.071417598396774
date,2026-07-16,total_flow,551808,0,0.0,0.0,5.0,5.0,30.0,117.0,316.0,484.0,606.0,653.0,896.0,1414.0,304.7582075649501,195.85639092301238
date,2026-07-16,avg_occupancy,551808,0,0.0,0.0,0.0026,0.0027,0.0123,0.0426,0.0794,0.1223,0.2566649999999965,0.3687,0.4683,0.7826,0.09529818270122942,0.07575020581074356
date,2026-07-16,avg_speed,551808,0,0.0,3.5,11.0,17.7,31.2,58.9,62.8,66.9,69.7,71.1,75.2,81.3,59.8341906967641,11.4727822501711
date,2026-07-17,samples,557508,0,0.0,0.0,0.0,0.0,0.0,0.0,0.0,0.0,40.0,50.0,59.0,60.0,6.626891452678706,14.894183872484167
date,2026-07-17,percent_observed,557508,0,0.0,0.0,0.0,0.0,0.0,0.0,0.0,0.0,100.0,100.0,100.0,100.0,11.549114990278166,30.757991493582626
date,2026-07-17,total_flow,557508,0,0.0,0.0,6.0,7.0,38.0,122.0,338.0,492.0,611.0,666.0,902.0,1391.0,314.35344604920465,195.89517376840035
date,2026-07-17,avg_occupancy,557508,0,0.0,0.0,0.003,0.0034,0.0135,0.0461,0.0822,0.1235,0.2497,0.3593,0.5081986000000034,0.7349,0.09645734213679445,0.07422998885824382
date,2026-07-17,avg_speed,557508,0,0.0,3.5,10.4,18.1,31.5,58.0,62.6,66.5,69.6,70.9,73.8,81.9,59.51202888568415,11.530772876301313
date,2026-07-18,samples,557568,0,0.0,0.0,0.0,0.0,0.0,0.0,0.0,0.0,40.0,50.0,50.0,60.0,6.636609346303948,14.894870957246088
date,2026-07-18,percent_observed,557568,0,0.0,0.0,0.0,0.0,0.0,0.0,0.0,0.0,100.0,100.0,100.0,100.0,12.219022612488521,31.45731254383001
date,2026-07-18,total_flow,557568,0,0.0,0.0,7.0,7.0,25.0,125.0,298.0,488.0,606.0,708.0,905.0,1464.0,302.7428439221763,196.43106195612145
date,2026-07-18,avg_occupancy,557568,0,0.0,0.0,0.0036,0.0038,0.0111,0.0388,0.0718,0.1005,0.1712,0.2771,0.4426,0.9322,0.07612059228650138,0.0545136646065022
date,2026-07-18,avg_speed,557568,0,0.0,3.0,14.4,25.4,43.1,61.5,64.6,67.0,69.4,70.4,73.5,81.9,62.423310161271814,8.469861662667672
date,2026-07-19,samples,557568,0,0.0,0.0,0.0,0.0,0.0,0.0,0.0,0.0,40.0,50.0,52.432999999960884,60.0,6.667036128328742,14.90504367971251
date,2026-07-19,percent_observed,557568,0,0.0,0.0,0.0,0.0,0.0,0.0,0.0,0.0,100.0,100.0,100.0,100.0,12.341084854224059,31.64793018667476
date,2026-07-19,total_flow,557568,0,0.0,0.0,5.0,7.0,19.0,109.0,233.0,445.0,579.0,697.0,903.8659999999218,1469.0,272.33582988980714,190.6378584576039
date,2026-07-19,avg_occupancy,557568,0,0.0,0.0,0.0027,0.0033,0.0085,0.0293,0.0571,0.0853,0.12,0.1905,0.31808659999999217,0.7613,0.060122878106347574,0.039749830862915454
date,2026-07-19,avg_speed,557568,0,0.0,5.2,23.8,36.6,57.3,62.9,65.1,68.3,69.8,70.9,73.4,81.9,64.54228703942837,5.42929124041466
date,2026-07-20,samples,557568,0,0.0,0.0,0.0,0.0,0.0,0.0,0.0,0.0,40.0,50.0,50.0,60.0,6.714348743112947,14.967886087589797
date,2026-07-20,percent_observed,557568,0,0.0,0.0,0.0,0.0,0.0,0.0,0.0,0.0,100.0,100.0,100.0,100.0,11.954005610078053,31.150113188958773
date,2026-07-20,total_flow,557568,0,0.0,0.0,5.0,6.0,26.0,112.0,293.0,472.0,594.0,672.0,891.0,1401.0,295.57558181244264,194.53543679565598
date,2026-07-20,avg_occupancy,557568,0,0.0,0.0,0.0025,0.0029,0.0108,0.0379,0.071,0.1113,0.2029,0.3353,0.43358659999999216,0.7212,0.08328417861139807,0.06452805806970326
date,2026-07-20,avg_speed,557568,0,0.0,4.8,14.2,20.3,40.1,59.5,63.5,67.1,69.7,71.1,74.9,82.9,61.323632812499994,9.573351204588894
date,2026-07-21,samples,557568,0,0.0,0.0,0.0,0.0,0.0,0.0,0.0,0.0,40.0,50.0,50.0,60.0,6.392839976469237,14.289080732069609
date,2026-07-21,percent_observed,557568,0,0.0,0.0,0.0,0.0,0.0,0.0,0.0,0.0,100.0,100.0,100.0,100.0,12.385389764118457,31.70993797315769
date,2026-07-21,total_flow,557568,0,0.0,0.0,4.0,5.0,27.0,112.0,304.0,472.0,597.0,658.0,897.0,1374.0,297.36388924758955,194.95463878635948
date,2026-07-21,avg_occupancy,557568,0,0.0,0.0,0.0024,0.0026,0.0112,0.0398,0.0745,0.1163,0.2379,0.3602,0.4671865999999922,0.745,0.08932387744633838,0.07138059188580821
date,2026-07-21,avg_speed,557568,0,0.0,3.6,12.0,18.2,33.8,59.1,63.0,66.8,69.6,71.2,75.9,81.3,60.47104389061065,10.644899701201586
date,2026-07-22,samples,557568,0,0.0,0.0,0.0,0.0,0.0,0.0,0.0,0.0,40.0,50.0,50.0,60.0,6.725240688131313,14.936266901247844
date,2026-07-22,percent_observed,557568,0,0.0,0.0,0.0,0.0,0.0,0.0,0.0,0.0,100.0,100.0,100.0,100.0,12.447977645775941,31.817422064330547
date,2026-07-22,total_flow,557568,0,0.0,0.0,5.0,5.0,27.0,115.0,313.0,482.0,606.0,660.0,900.0,1379.0,303.4480457988981,196.6568328873533
date,2026-07-22,avg_occupancy,557568,0,0.0,0.0,0.0024,0.0026,0.0116,0.0417,0.0777,0.1207,0.2476,0.3676,0.4849,0.9421,0.09324895869203398,0.07441213504798956
date,2026-07-22,avg_speed,557568,0,0.0,3.2,11.2,17.8,32.4,59.1,63.0,67.0,69.8,71.4,76.1,83.1,60.23329118600781,11.116827328626774
date,2026-07-25,samples,557568,0,0.0,0.0,0.0,0.0,0.0,0.0,0.0,0.0,40.0,50.0,50.0,60.0,7.182225307047751,15.394922703541209
date,2026-07-25,percent_observed,557568,0,0.0,0.0,0.0,0.0,0.0,0.0,0.0,0.0,100.0,100.0,100.0,100.0,13.436536888774105,32.74186903668557
date,2026-07-25,total_flow,557568,0,0.0,0.0,7.0,8.0,25.0,125.0,297.0,488.0,607.0,709.0,903.0,1464.0,302.82385466884756,196.8402116787217
date,2026-07-25,avg_occupancy,557568,0,0.0,0.0,0.0036,0.0038,0.0111,0.0388,0.0716,0.1003,0.1682,0.2706329999999958,0.3906,0.7985,0.07565229622216484,0.053075718527100156
date,2026-07-25,avg_speed,557568,0,0.0,3.0,16.0,26.2,43.9,61.5,64.6,67.0,69.4,70.7,74.3,82.2,62.47650367309459,8.300232088962606
date,2026-07-26,samples,557568,0,0.0,0.0,0.0,0.0,0.0,0.0,0.0,0.0,40.0,50.0,57.0,60.0,7.202929508149679,15.429444306890261
date,2026-07-26,percent_observed,557568,0,0.0,0.0,0.0,0.0,0.0,0.0,0.0,0.0,100.0,100.0,100.0,100.0,13.383594467401286,32.7026638222813
date,2026-07-26,total_flow,557568,0,0.0,0.0,5.0,7.0,19.0,109.0,236.0,449.0,583.0,701.0,905.0,1469.0,274.2938672951102,191.6638390455248
date,2026-07-26,avg_occupancy,557568,0,0.0,0.0,0.0027,0.0033,0.0085,0.0296,0.0575,0.0857,0.1225,0.1957,0.3042432999999961,0.7954,0.060604020137454084,0.04018714629035264
date,2026-07-26,avg_speed,557568,0,0.0,3.2,23.7,35.5,56.8,62.9,65.1,68.3,69.8,71.0,73.8,81.6,64.41159535697888,5.624897457503594
date,2026-07-27,samples,557568,0,0.0,0.0,0.0,0.0,0.0,0.0,0.0,0.0,40.0,50.0,58.0,60.0,7.20993134469697,15.442658288955135
date,2026-07-27,percent_observed,557568,0,0.0,0.0,0.0,0.0,0.0,0.0,0.0,0.0,100.0,100.0,100.0,100.0,13.329118600780532,32.80807479129732
date,2026-07-27,total_flow,557568,0,0.0,0.0,5.0,6.0,26.0,113.0,293.0,470.0,593.0,671.0,887.0,1401.0,295.4880875516529,193.6359755158388
date,2026-07-27,avg_occupancy,557568,0,0.0,0.0,0.0025,0.0029,0.0108,0.0382,0.0711,0.1115,0.2086,0.339,0.4431,0.7895,0.08420886779729109,0.06594536429147832
date,2026-07-27,avg_speed,557568,0,0.0,3.0,13.0,19.8,38.1,59.5,63.3,66.8,69.7,71.1,75.0,82.8,61.03935143336777,9.953270617319413
date,2026-07-28,samples,557568,0,0.0,0.0,0.0,0.0,0.0,0.0,0.0,0.0,40.0,50.0,58.0,60.0,7.270686266069789,15.50677231628042
date,2026-07-28,percent_observed,557568,0,0.0,0.0,0.0,0.0,0.0,0.0,0.0,0.0,100.0,100.0,100.0,100.0,13.420827594123049,32.869686955376174
date,2026-07-28,total_flow,557568,0,0.0,0.0,4.0,5.0,28.0,112.0,306.0,473.0,598.0,661.0,897.0,1374.0,298.6564831554178,195.15698872707176
date,2026-07-28,avg_occupancy,557568,0,0.0,0.0,0.0024,0.0026,0.0112,0.0403,0.0747,0.1171,0.2411,0.3602,0.4635,0.9448,0.09024830531881313,0.07218332134686746
date,2026-07-28,avg_speed,557568,0,0.0,3.4,12.0,18.1,33.2,59.0,63.0,66.8,69.6,71.3,75.8,82.6,60.351125781967404,10.817051517423518
date,2026-07-29,samples,557568,0,0.0,0.0,0.0,0.0,0.0,0.0,0.0,0.0,40.0,50.0,52.432999999960884,60.0,7.273797994146006,15.50273703328869
date,2026-07-29,percent_observed,557568,0,0.0,0.0,0.0,0.0,0.0,0.0,0.0,0.0,100.0,100.0,100.0,100.0,12.20198791896235,31.500897983344625
date,2026-07-29,total_flow,557568,0,0.0,0.0,5.0,5.0,27.0,115.0,313.0,482.0,607.0,661.0,900.0,1379.0,303.62318676825066,197.403446672584
date,2026-07-29,avg_occupancy,557568,0,0.0,0.0,0.0024,0.0026,0.0116,0.0412,0.0776,0.1205,0.245,0.3659,0.4647,0.9437,0.09265915278495179,0.073427312415528
date,2026-07-29,avg_speed,557568,0,0.0,3.3,12.3,17.9,32.9,59.1,63.0,67.0,69.8,71.4,75.64329999999609,83.0,60.299475938360885,10.991724600355615
date,2026-07-30,samples,557568,0,0.0,0.0,0.0,0.0,0.0,0.0,0.0,0.0,40.0,50.0,50.0,60.0,7.275715249081727,15.489659277995544
date,2026-07-30,percent_observed,557568,0,0.0,0.0,0.0,0.0,0.0,0.0,0.0,0.0,100.0,100.0,100.0,100.0,12.146249426078972,31.512182142582283
date,2026-07-30,total_flow,557568,0,0.0,0.0,5.0,5.0,30.0,118.0,319.0,484.0,610.0,659.0,888.0,1414.0,306.97310103879704,196.83501477217786
date,2026-07-30,avg_occupancy,557568,0,0.0,0.0,0.0026,0.0028,0.0124,0.0432,0.0801,0.1231,0.2576,0.3687,0.4716432999999961,0.7305,0.09636430641643709,0.07626091533382225
date,2026-07-30,avg_speed,557568,0,0.0,3.0,11.6,17.7,31.2,58.7,62.7,66.9,69.8,71.3,75.4,82.4,59.74756836834251,11.55618530280901
date,2026-07-31,samples,557568,0,0.0,0.0,0.0,0.0,0.0,0.0,0.0,0.0,40.0,50.0,54.0,60.0,7.267472308310376,15.475927929280237
date,2026-07-31,percent_observed,557568,0,0.0,0.0,0.0,0.0,0.0,0.0,0.0,0.0,100.0,100.0,100.0,100.0,12.268035468319558,31.528630448930024
date,2026-07-31,total_flow,557568,0,0.0,0.0,5.0,7.0,38.0,123.0,338.0,490.0,611.0,665.3299999999581,900.0,1391.0,314.29276787764,195.70945828232374
date,2026-07-31,avg_occupancy,557568,0,0.0,0.0,0.003,0.0034,0.0135,0.0461,0.0823,0.1238,0.2498,0.3581,0.4661,0.7213,0.09667019717774335,0.07378803244198058
date,2026-07-31,avg_speed,557568,0,0.0,3.0,11.3,18.3,31.6,58.3,63.0,66.9,69.7,71.2,74.9,83.0,59.684306846877874,11.54524336469111
date,2026-08-01,samples,557568,0,0.0,0.0,0.0,0.0,0.0,0.0,0.0,0.0,40.0,50.0,50.0,60.0,7.246154729109275,15.427147347430074
date,2026-08-01,percent_observed,557568,0,0.0,0.0,0.0,0.0,0.0,0.0,0.0,0.0,100.0,100.0,100.0,100.0,11.83496721476125,31.086753567689538
date,2026-08-01,total_flow,557568,0,0.0,0.0,7.0,7.0,25.0,126.0,298.0,488.0,607.0,708.0,903.0,1464.0,303.13139563246096,196.43218673823813
date,2026-08-01,avg_occupancy,557568,0,0.0,0.0,0.0036,0.0038,0.0111,0.0391,0.0718,0.1008,0.1698,0.2732,0.3980432999999961,0.7495,0.0759490444214876,0.053409190634491906
date,2026-08-01,avg_speed,557568,0,0.0,3.2,15.7,26.3,43.6,61.6,64.8,67.3,69.5,70.9,74.1,84.7,62.688253271349865,8.324671570619675
date,2026-08-02,samples,557568,0,0.0,0.0,0.0,0.0,0.0,0.0,0.0,0.0,40.0,50.0,53.0,60.0,7.263029800849403,15.441995089627653
date,2026-08-02,percent_observed,557568,0,0.0,0.0,0.0,0.0,0.0,0.0,0.0,0.0,100.0,100.0,100.0,100.0,12.022056502525253,31.3280913268224
date,2026-08-02,total_flow,557568,0,0.0,0.0,5.0,7.0,19.0,109.0,232.0,447.0,582.0,699.0,905.0,1469.0,272.61812908918733,191.45655542871103
date,2026-08-02,avg_occupancy,557568,0,0.0,0.0,0.0027,0.0032,0.0082,0.029,0.0568,0.0855,0.1231,0.2007,0.32234329999999606,0.8616,0.060453648164887505,0.040792323411976514
date,2026-08-02,avg_speed,557568,0,0.0,5.8,22.6567,35.1,56.7,62.9,65.1,68.3,69.8,71.0,73.6,79.5,64.4218615487259,5.745021233824994
date,2026-08-03,samples,557568,0,0.0,0.0,0.0,0.0,0.0,0.0,0.0,0.0,40.0,50.0,54.432999999960884,60.0,7.285773215105602,15.482229587990814
date,2026-08-03,percent_observed,557568,0,0.0,0.0,0.0,0.0,0.0,0.0,0.0,0.0,100.0,100.0,100.0,100.0,12.052205291551882,31.264684864884043
date,2026-08-03,total_flow,557568,0,0.0,0.0,5.0,6.0,26.0,112.0,293.0,472.0,597.0,674.0,887.0,1401.0,296.0357857696281,194.52412557099743
date,2026-08-03,avg_occupancy,557568,0,0.0,0.0,0.0025,0.0029,0.0108,0.038,0.0711,0.111525,0.2086,0.3382,0.4358,0.9401,0.0841057856620179,0.0658318860571264
date,2026-08-03,avg_speed,557568,0,0.0,3.3,13.5,20.0,38.3,59.5,63.5,67.1,69.7,71.4,75.4,84.8,61.15008429465106,9.894326483437176
date,2026-08-04,samples,557568,0,0.0,0.0,0.0,0.0,0.0,0.0,0.0,0.0,40.0,50.0,50.0,60.0,7.276581511134068,15.462520023162837
date,2026-08-04,percent_observed,557568,0,0.0,0.0,0.0,0.0,0.0,0.0,0.0,0.0,100.0,100.0,100.0,100.0,12.00581812442608,31.278999891380536
date,2026-08-04,total_flow,557568,0,0.0,0.0,5.0,5.0,26.0,111.0,304.0,475.0,600.0,664.0,891.0,1374.0,297.6332411472681,196.36245380509655
date,2026-08-04,avg_occupancy,557568,0,0.0,0.0,0.0024,0.0026,0.0112,0.0391,0.0743,0.1164,0.2378,0.357,0.45,0.6862,0.08912808697773186,0.07112142366476243
date,2026-08-04,avg_speed,557568,0,0.0,3.0,12.3,18.3,34.1,59.1,63.1,66.8,69.6,71.4,75.9,82.9,60.527966274965564,10.579989491038795
date,2026-08-05,samples,557568,0,0.0,0.0,0.0,0.0,0.0,0.0,0.0,0.0,40.0,50.0,50.0,60.0,7.281484948921029,15.474772579903224
date,2026-08-05,percent_observed,557568,0,0.0,0.0,0.0,0.0,0.0,0.0,0.0,0.0,100.0,100.0,100.0,100.0,11.69860716540404,31.024184254828537
date,2026-08-05,total_flow,557568,0,0.0,0.0,5.0,5.0,27.0,115.0,312.0,483.0,609.0,666.0,904.0,1379.0,303.90408165461434,198.30532078899554
date,2026-08-05,avg_occupancy,557568,0,0.0,0.0,0.0024,0.0026,0.0111,0.0412,0.0776,0.1208,0.242,0.3654,0.463,0.7689,0.09246242144455923,0.07301431893524099
date,2026-08-05,avg_speed,557568,0,0.0,3.0,12.8,18.0,33.5,59.2,63.0,66.9,69.8,71.2,75.6,81.9,60.356953232610195,10.863872946895436
date,2026-08-06,samples,557568,0,0.0,0.0,0.0,0.0,0.0,0.0,0.0,0.0,40.0,50.0,53.432999999960884,60.0,7.270019082874197,15.459888848700288
date,2026-08-06,percent_observed,557568,0,0.0,0.0,0.0,0.0,0.0,0.0,0.0,0.0,100.0,100.0,100.0,100.0,11.858933798209366,31.091555585376966
date,2026-08-06,total_flow,557568,0,0.0,0.0,5.0,5.0,30.0,118.0,319.0,484.0,611.0,666.0,897.0,1414.0,307.2950653552571,197.41140861064534
date,2026-08-06,avg_occupancy,557568,0,0.0,0.0,0.0026,0.0028,0.0124,0.0432,0.0801,0.1235,0.2581,0.3686,0.4812,0.9438,0.09658189261220156,0.07653662206446195
date,2026-08-06,avg_speed,557568,0,0.0,3.2,11.9,17.8,31.2,58.7,62.7,66.9,69.7,71.2,75.4,83.0,59.72738105486685,11.514858184352024
date,2026-08-07,samples,557568,0,0.0,0.0,0.0,0.0,0.0,0.0,0.0,0.0,40.0,50.0,50.0,60.0,7.26513537362259,15.44857698716012
date,2026-08-07,percent_observed,557568,0,0.0,0.0,0.0,0.0,0.0,0.0,0.0,0.0,100.0,100.0,100.0,100.0,11.625720988292011,30.74221396245644
date,2026-08-07,total_flow,557568,0,0.0,0.0,5.0,7.0,38.0,122.0,336.0,492.0,612.0,683.0,898.0,1391.0,314.28742682506885,196.74906708886942
date,2026-08-07,avg_occupancy,557568,0,0.0,0.0,0.003,0.0034,0.0135,0.046,0.082,0.1238,0.2492,0.3577,0.4724,0.7349,0.09636433798209366,0.07365222506849789
date,2026-08-07,avg_speed,557568,0,0.0,3.0,11.9,18.9,31.8,58.3,62.9,66.8,69.7,71.1,74.7,82.6,59.76964890381084,11.348188050082676
date,2026-08-08,samples,557568,0,0.0,0.0,0.0,0.0,0.0,0.0,0.0,0.0,40.0,50.0,54.432999999960884,60.0,7.256359762396694,15.4272273718196
date,2026-08-08,percent_observed,557568,0,0.0,0.0,0.0,0.0,0.0,0.0,0.0,0.0,100.0,100.0,100.0,100.0,11.753773530762167,31.060520199798503
date,2026-08-08,total_flow,557568,0,0.0,0.0,7.0,7.0,25.0,125.0,300.0,489.0,611.0,713.0,905.0,1464.0,304.09784456783746,197.74770254798898
date,2026-08-08,avg_occupancy,557568,0,0.0,0.0,0.0036,0.0038,0.011,0.0389,0.0719,0.1004,0.1668,0.2681,0.37724329999999606,0.7527,0.07550905342487374,0.052456391004494105
date,2026-08-08,avg_speed,557568,0,0.0,3.0,18.3,27.3,45.3,61.7,64.8,67.3,69.5,70.8,74.5,82.2,62.851973032885674,8.017169522663274
date,2026-08-09,samples,557568,0,0.0,0.0,0.0,0.0,0.0,0.0,0.0,0.0,40.0,50.0,53.432999999960884,60.0,7.258574738865932,15.433288512587126
date,2026-08-09,percent_observed,557568,0,0.0,0.0,0.0,0.0,0.0,0.0,0.0,0.0,100.0,100.0,100.0,100.0,11.57078419134527,30.71851890864112
date,2026-08-09,total_flow,557568,0,0.0,0.0,5.0,7.0,19.0,109.0,234.0,452.0,583.0,705.0,907.0,1469.0,274.86483980429296,192.5666882702568
date,2026-08-09,avg_occupancy,557568,0,0.0,0.0,0.0027,0.0032,0.0084,0.0293,0.0574,0.0861,0.1235,0.1994,0.3115432999999961,0.801,0.06075815362431129,0.0407894412410673
date,2026-08-09,avg_speed,557568,0,0.0,3.7,23.1,35.0,56.7,62.9,65.1,68.3,69.8,70.9,74.1,81.7,64.42395923008495,5.728921084932026
date,2026-08-10,samples,557568,0,0.0,0.0,0.0,0.0,0.0,0.0,0.0,0.0,40.0,50.0,57.0,60.0,7.2819925103305785,15.475004000618508
date,2026-08-10,percent_observed,557568,0,0.0,0.0,0.0,0.0,0.0,0.0,0.0,0.0,100.0,100.0,100.0,100.0,11.709906235651975,30.946689522601226
date,2026-08-10,total_flow,557568,0,0.0,0.0,5.0,6.0,26.0,112.0,296.0,473.0,597.0,675.0,885.0,1401.0,296.8329082730716,195.14702917059438
date,2026-08-10,avg_occupancy,557568,0,0.0,0.0,0.0025,0.0029,0.0107,0.037975,0.0715,0.1117,0.2066,0.3361,0.43791649999998045,0.943,0.08406274284033516,0.06541957412777913
date,2026-08-10,avg_speed,557568,0,0.0,3.0,13.6,20.1,38.6,59.5,63.4,67.0,69.7,71.3,75.2,82.6,61.134878795052806,9.8172294218463
date,2026-08-11,samples,557568,0,0.0,0.0,0.0,0.0,0.0,0.0,0.0,0.0,40.0,50.0,50.0,60.0,6.6749042269283745,14.283836973110418
date,2026-08-11,percent_observed,557568,0,0.0,0.0,0.0,0.0,0.0,0.0,0.0,0.0,100.0,100.0,100.0,100.0,11.46913919019743,30.704454127151045
date,2026-08-11,total_flow,557568,0,0.0,0.0,5.0,5.0,26.0,112.0,306.0,475.0,600.0,664.0,897.0,1374.0,298.7365505193985,196.28330650215648
date,2026-08-11,avg_occupancy,557568,0,0.0,0.0,0.0024,0.0026,0.0112,0.0397,0.0747,0.1171,0.2405,0.3602,0.4665865999999922,0.7582,0.08990361893078512,0.07205537174336592
date,2026-08-11,avg_speed,557568,0,0.0,3.4,12.2,18.2,33.4,59.1,63.0,66.8,69.6,71.3,75.7,82.7,60.42153782139577,10.73348463291748
date,2026-08-12,samples,557568,0,0.0,0.0,0.0,0.0,0.0,0.0,0.0,0.0,40.0,50.0,60.0,60.0,6.809922735881543,14.851330583387101
date,2026-08-12,percent_observed,557568,0,0.0,0.0,0.0,0.0,0.0,0.0,0.0,0.0,100.0,100.0,100.0,100.0,11.817667082759412,31.03850026630726
date,2026-08-12,total_flow,557568,0,0.0,0.0,5.0,5.0,27.0,115.0,314.0,484.0,609.0,671.0,900.0,1379.0,304.32648932506885,198.74313433253786
date,2026-08-12,avg_occupancy,557568,0,0.0,0.0,0.0024,0.0026,0.0111,0.0412,0.0777,0.1211,0.2451,0.3673,0.4913432999999961,0.8477,0.09309599169966713,0.07422944777973972
date,2026-08-12,avg_speed,557568,0,0.0,3.0,11.7,17.7,32.6,59.1,63.0,66.9,69.8,71.2,75.6,81.9,60.22548047951103,11.07090767008177
date,2026-08-13,samples,557568,0,0.0,0.0,0.0,0.0,0.0,0.0,0.0,0.0,40.0,50.0,60.0,60.0,6.723092071280992,14.958830538136548
date,2026-08-13,percent_observed,557568,0,0.0,0.0,0.0,0.0,0.0,0.0,0.0,0.0,100.0,100.0,100.0,100.0,11.828055053374655,31.05638270627878
date,2026-08-13,total_flow,557568,0,0.0,0.0,0.0,5.0,30.0,118.0,320.0,486.0,611.0,673.0,904.0,1414.0,307.95613987890266,198.12445978206756
date,2026-08-13,avg_occupancy,557568,0,0.0,0.0,0.0,0.0027,0.0124,0.043,0.0801,0.1231,0.2568,0.3675,0.4746,0.7962,0.09615390445649678,0.07599399243652454
date,2026-08-13,avg_speed,557568,0,0.0,3.5,12.4,18.0,32.1,58.8,62.8,66.9,69.7,71.3,75.4,82.9,59.86604091339532,11.376591276449473
date,2026-08-14,samples,557568,0,0.0,0.0,0.0,0.0,0.0,0.0,0.0,0.0,40.0,50.0,60.0,60.0,6.791209323347108,15.045447788481969
date,2026-08-14,percent_observed,557568,0,0.0,0.0,0.0,0.0,0.0,0.0,0.0,0.0,100.0,100.0,100.0,100.0,12.442518221992653,31.678746713485403
date,2026-08-14,total_flow,557568,0,0.0,2.0,6.0,7.0,38.0,123.0,340.0,492.0,612.0,684.0,903.0,1391.0,315.338712049472,196.26731885433588
date,2026-08-14,avg_occupancy,557568,0,0.0,0.0006,0.003,0.0034,0.0138,0.0463,0.0827,0.1239,0.2499,0.3610329999999958,0.4858865999999922,0.9007,0.09741040178058999,0.07485200941286412
date,2026-08-14,avg_speed,557568,0,0.0,3.3,10.9,18.2,31.6,58.2,62.8,66.7,69.6,71.1,74.7,82.3,59.58425286243113,11.562719459777721
date,2026-08-15,samples,557568,0,0.0,0.0,0.0,0.0,0.0,0.0,0.0,0.0,40.0,50.0,60.0,60.0,6.796657986111111,15.024279013060138
date,2026-08-15,percent_observed,557568,0,0.0,0.0,0.0,0.0,0.0,0.0,0.0,0.0,100.0,100.0,100.0,100.0,12.348486641988062,31.536774680563315
date,2026-08-15,total_flow,557568,0,0.0,0.0,7.0,8.0,25.0,126.0,306.0,489.0,608.0,712.0,907.0,1464.0,305.6096189164371,197.24832721174374
date,2026-08-15,avg_occupancy,557568,0,0.0,0.0,0.0036,0.0038,0.0111,0.0392,0.0728,0.1024,0.18,0.2798,0.4390030999999726,0.748,0.07741198759613177,0.05567501638435584
date,2026-08-15,avg_speed,557568,0,0.0,3.0,16.3,25.6,41.8,61.6,64.8,67.3,69.5,71.0,75.0,82.6,62.56884415891873,8.584372950567522
date,2026-08-16,samples,557568,0,0.0,0.0,0.0,0.0,0.0,0.0,0.0,0.0,40.0,50.0,60.0,60.0,6.7846702106290175,15.003005866692533
date,2026-08-16,percent_observed,557568,0,0.0,0.0,0.0,0.0,0.0,0.0,0.0,0.0,100.0,100.0,100.0,100.0,12.338190140036732,31.607194915424024
date,2026-08-16,total_flow,557568,0,0.0,0.0,5.0,7.0,19.0,109.0,240.0,455.0,583.0,702.0,907.0,1469.0,276.3112445477502,192.76862619003643
date,2026-08-16,avg_occupancy,557568,0,0.0,0.0,0.0027,0.0032,0.0083,0.0296,0.0581,0.087,0.1279,0.2069,0.32278659999999215,0.7381,0.061622440312213034,0.042039927916339564
date,2026-08-16,avg_speed,557568,0,0.0,4.5,22.4,33.7,55.9,62.9,65.1,68.3,69.8,71.1,73.9,81.9,64.30223847136133,6.034507869898926
date,2026-08-18,samples,557568,0,0.0,0.0,0.0,0.0,0.0,0.0,0.0,0.0,40.0,50.0,60.0,60.0,6.230023961202939,13.890238703935058
date,2026-08-18,percent_observed,557568,0,0.0,0.0,0.0,0.0,0.0,0.0,0.0,0.0,100.0,100.0,100.0,100.0,12.189646823347108,31.402081030926393
date,2026-08-18,total_flow,557568,0,0.0,0.0,4.0,5.0,26.0,112.0,305.0,474.0,598.0,667.0,897.0,1374.0,298.05828168044076,195.81644188038763
date,2026-08-18,avg_occupancy,557568,0,0.0,0.0,0.0024,0.0026,0.0112,0.0398,0.0747,0.1171,0.2442,0.3611329999999958,0.4768,0.981,0.09042765904786502,0.0730496261233217
date,2026-08-18,avg_speed,557568,0,0.0,3.2,11.5,18.1,33.0,59.1,63.0,66.8,69.6,71.5,76.2,82.6,60.34053711834252,10.889985213811231
date,2026-08-19,samples,557568,0,0.0,0.0,0.0,0.0,0.0,0.0,0.0,0.0,40.0,50.0,60.0,60.0,6.787554163797061,15.017083084473109
date,2026-08-19,percent_observed,557568,0,0.0,0.0,0.0,0.0,0.0,0.0,0.0,0.0,100.0,100.0,100.0,100.0,12.2396945305326,31.429900897280707
date,2026-08-19,total_flow,557568,0,0.0,0.0,5.0,5.0,27.0,115.0,307.0,482.0,607.0,667.3299999999581,903.0,1379.0,302.173492739899,197.15409173424942
date,2026-08-19,avg_occupancy,557568,0,0.0,0.0,0.0024,0.0026,0.0112,0.0408,0.0775,0.1218,0.2523,0.3776,0.5168,0.8819,0.09426905112918962,0.0771825707875345
date,2026-08-19,avg_speed,557568,0,0.0,3.0,9.8,17.1,31.2,59.0,62.9,66.8,69.8,71.3,75.4,82.0,59.95526393193297,11.488110290907603
date,2026-08-20,samples,557568,0,0.0,0.0,0.0,0.0,0.0,0.0,0.0,0.0,40.0,50.0,60.0,60.0,6.827660482667585,15.062000413906528
date,2026-08-20,percent_observed,557568,0,0.0,0.0,0.0,0.0,0.0,0.0,0.0,0.0,100.0,100.0,100.0,100.0,11.831062758264462,30.955555015473756
date,2026-08-20,total_flow,557568,0,0.0,0.0,5.0,5.0,30.0,118.0,318.0,484.0,610.0,676.0,900.0,1414.0,307.01871520603765,197.17181605054628
date,2026-08-20,avg_occupancy,557568,0,0.0,0.0,0.0026,0.0028,0.0124,0.0431,0.0801,0.1241,0.2595,0.3754,0.5083865999999921,0.7878,0.09733350909664831,0.07823422704772359
date,2026-08-20,avg_speed,557568,0,0.0,3.0,10.5,17.1,30.7,58.7,62.7,66.8,69.7,71.2,75.7,82.9,59.58395316804408,11.75359642835166
date,2026-08-21,samples,557568,0,0.0,0.0,0.0,0.0,0.0,0.0,0.0,0.0,40.0,50.0,60.0,60.0,6.823709395087236,15.053823535535965
date,2026-08-21,percent_observed,557568,0,0.0,0.0,0.0,0.0,0.0,0.0,0.0,0.0,100.0,100.0,100.0,100.0,12.266995236455463,31.50527037902563
date,2026-08-21,total_flow,557568,0,0.0,0.0,5.0,7.0,37.0,122.0,337.0,491.0,611.0,671.0,900.0,1391.0,313.9711263917585,195.94779862853534
date,2026-08-21,avg_occupancy,557568,0,0.0,0.0,0.003,0.0034,0.0135,0.046,0.0824,0.1241,0.2501,0.3601329999999958,0.49474329999999606,0.9212,0.0973091561926079,0.0749897811800793
date,2026-08-21,avg_speed,557568,0,0.0,3.0,10.5,18.2,31.4,58.0,62.7,66.6,69.6,71.0,74.9,82.6,59.460000932621675,11.630800662410346
date,2026-08-22,samples,557568,0,0.0,0.0,0.0,0.0,0.0,0.0,0.0,0.0,40.0,50.0,60.0,60.0,6.808954244146006,15.032336002808503
date,2026-08-22,percent_observed,557568,0,0.0,0.0,0.0,0.0,0.0,0.0,0.0,0.0,100.0,100.0,100.0,100.0,12.421593419995409,31.729174927836986
date,2026-08-22,total_flow,557568,0,0.0,0.0,6.0,7.0,25.0,126.0,301.0,488.0,605.6500000000233,709.0,905.0,1464.0,303.8123080951561,196.68578431539498
date,2026-08-22,avg_occupancy,557568,0,0.0,0.0,0.0026,0.0038,0.0111,0.0391,0.0722,0.1016,0.1764,0.2772,0.39894329999999606,0.9386,0.07671295070735767,0.0545747752760368
date,2026-08-22,avg_speed,557568,0,0.0,3.0,15.6,25.5,42.1,61.6,64.8,67.4,69.5,71.0,74.3,82.2,62.57685788997934,8.56687298897455
date,2026-08-23,samples,557568,0,0.0,0.0,0.0,0.0,0.0,0.0,0.0,0.0,40.0,50.0,60.0,60.0,6.5661192894857665,14.543959689690844
date,2026-08-23,percent_observed,557568,0,0.0,0.0,0.0,0.0,0.0,0.0,0.0,0.0,100.0,100.0,100.0,100.0,12.383278810835629,31.596175909227767
date,2026-08-23,total_flow,557568,0,0.0,0.0,5.0,7.0,19.0,109.0,234.0,451.0,582.0,700.0,905.0,1469.0,274.48416336662075,191.88270202528193
date,2026-08-23,avg_occupancy,557568,0,0.0,0.0,0.0027,0.0033,0.0085,0.0293,0.0575,0.0861,0.1228,0.1966,0.3024432999999961,0.7172,0.060648315183080816,0.04017851188912483
date,2026-08-23,avg_speed,557568,0,0.0,6.1,23.8,35.3,56.9,62.9,65.1,68.3,69.9,71.2,74.2,81.9,64.47030335313362,5.656959276877408
date,2026-08-24,samples,557568,0,0.0,0.0,0.0,0.0,0.0,0.0,0.0,0.0,40.0,50.0,60.0,60.0,6.432842272153351,14.243990640541274
date,2026-08-24,percent_observed,557568,0,0.0,0.0,0.0,0.0,0.0,0.0,0.0,0.0,100.0,100.0,100.0,100.0,12.453404786501377,31.80210439591849
date,2026-08-24,total_flow,557568,0,0.0,0.0,5.0,6.0,26.0,112.0,293.0,472.0,594.0,673.0,886.0,1401.0,295.5817012454086,194.3096581479659
date,2026-08-24,avg_occupancy,557568,0,0.0,0.0,0.0025,0.0029,0.0108,0.0377,0.0711,0.1123,0.214,0.3427,0.4520865999999922,0.8045,0.08498030536185722,0.06751478763162395
date,2026-08-24,avg_speed,557568,0,0.0,3.0,11.6,19.4,36.4,59.5,63.4,66.9,69.7,71.2,75.3,82.8,60.91568239210285,10.256351414348856
date,2026-08-25,samples,556707,0,0.0,0.0,0.0,0.0,0.0,0.0,0.0,0.0,40.0,50.0,60.0,60.0,6.873439708859418,15.119090379335878
date,2026-08-25,percent_observed,556707,0,0.0,0.0,0.0,0.0,0.0,0.0,0.0,0.0,100.0,100.0,100.0,100.0,12.527065404243166,31.853025786020922
date,2026-08-25,total_flow,556707,0,0.0,0.0,4.0,5.0,27.0,112.0,304.0,471.0,597.0,663.0,896.0,1374.0,297.2112242166885,195.04830089630062
date,2026-08-25,avg_occupancy,556707,0,0.0,0.0,0.0024,0.0026,0.0112,0.0397,0.0745,0.1172,0.2482,0.3637,0.4816,0.7784,0.09069437208441784,0.0738714926751949
date,2026-08-25,avg_speed,556707,0,0.0,3.0,10.8,17.9,32.3,59.0,63.0,66.7,69.6,71.3,75.9,82.6,60.217263838967355,11.070270392752125
date,2026-08-27,samples,556704,0,0.0,0.0,0.0,0.0,0.0,0.0,0.0,0.0,40.0,50.0,60.0,60.0,6.763813444846813,15.006849041260546
date,2026-08-27,percent_observed,556704,0,0.0,0.0,0.0,0.0,0.0,0.0,0.0,0.0,100.0,100.0,100.0,100.0,12.350248965338851,31.629365405458014
date,2026-08-27,total_flow,556704,0,0.0,0.0,5.0,5.0,30.0,118.0,317.0,484.0,611.0,679.0,896.0,1414.0,306.8728911593953,197.3006439552831
date,2026-08-27,avg_occupancy,556704,0,0.0,0.0,0.0026,0.0028,0.0124,0.043,0.08,0.1235,0.2584,0.3713,0.48482970000000203,0.805,0.09671786532879233,0.07724469942095583
date,2026-08-27,avg_speed,556704,0,0.0,3.0,10.5,17.3,30.9,58.8,62.8,66.8,69.7,71.3,76.1,82.9,59.703224873541416,11.643338466555837
date,2026-08-28,samples,556704,0,0.0,0.0,0.0,0.0,0.0,0.0,0.0,0.0,40.0,50.0,60.0,60.0,6.836888184744496,15.079992681798432
date,2026-08-28,percent_observed,556704,0,0.0,0.0,0.0,0.0,0.0,0.0,0.0,0.0,100.0,100.0,100.0,100.0,12.648955279645916,31.854489853047532
date,2026-08-28,total_flow,556704,0,0.0,0.0,5.0,7.0,38.0,122.0,336.0,491.0,611.0,676.0,900.0,1391.0,313.95347437776627,196.1129050119387
date,2026-08-28,avg_occupancy,556704,0,0.0,0.0,0.003,0.0034,0.0134,0.046,0.0821,0.1238,0.2492,0.3564969999999972,0.4661,0.7531,0.0963354759441283,0.07340047029185966
date,2026-08-28,avg_speed,556704,0,0.0,3.0,11.4,18.8,31.8,58.3,63.0,66.8,69.7,71.2,74.9,82.9,59.78306101626717,11.362749442826622
date,2026-08-29,samples,556704,0,0.0,0.0,0.0,0.0,0.0,0.0,0.0,0.0,40.0,50.0,60.0,60.0,6.497064867505892,14.736329537523165
date,2026-08-29,percent_observed,556704,0,0.0,0.0,0.0,0.0,0.0,0.0,0.0,0.0,100.0,100.0,100.0,100.0,11.839778410070702,31.15072323012285
date,2026-08-29,total_flow,556704,0,0.0,0.0,7.0,7.0,25.0,125.0,297.0,488.0,606.0,712.0,905.0,1464.0,302.8900870121285,197.19062642236386
date,2026-08-29,avg_occupancy,556704,0,0.0,0.0,0.0036,0.0038,0.0111,0.0385,0.0718,0.1007,0.1668,0.2688,0.3599,0.7504,0.07542055113669023,0.05215068871565796
date,2026-08-29,avg_speed,556704,0,0.0,3.0,18.1,27.1,45.2,61.7,64.8,67.4,69.5,70.7,73.8,81.7,62.858581220900156,8.049639646308329
date,2026-08-30,samples,556704,0,0.0,0.0,0.0,0.0,0.0,0.0,0.0,0.0,0.0,0.0,24.0,48.0,0.04699445306662068,1.0820230737564913
date,2026-08-30,percent_observed,556704,0,0.0,0.0,0.0,0.0,0.0,0.0,0.0,0.0,0.0,0.0,100.0,100.0,0.17194954589871816,4.006950783867601
date,2026-08-30,total_flow,556704,0,0.0,0.0,5.0,7.0,14.0,104.0,218.0,462.0,588.0,712.0,905.0,1469.0,272.0725071132954,198.49771382626366
date,2026-08-30,avg_occupancy,556704,0,0.0,0.0,0.0027,0.0031,0.0071,0.0263,0.0568,0.0864,0.1194,0.181,0.2855,0.5001,0.05913122341495661,0.03876992720391264
date,2026-08-30,avg_speed,556704,0,0.0,9.9,25.8,39.6,58.2,63.3,65.2,68.4,69.9,70.8,72.9,81.5,64.9194498333046,5.0771896879917495
date,2026-08-31,samples,556704,0,0.0,0.0,0.0,0.0,0.0,0.0,0.0,0.0,0.0,0.0,0.0,0.0,0.0,0.0
date,2026-08-31,percent_observed,556704,0,0.0,0.0,0.0,0.0,0.0,0.0,0.0,0.0,0.0,0.0,0.0,0.0,0.0,0.0
date,2026-08-31,total_flow,556704,0,0.0,0.0,5.0,6.0,20.0,109.0,290.0,478.0,600.0,679.0,876.0,1401.0,293.62798722480886,201.2186847863333
date,2026-08-31,avg_occupancy,556704,0,0.0,0.0,0.0025,0.0028,0.0089,0.0348,0.0704,0.1117,0.2,0.3314,0.4124,0.6039,0.08225864139650514,0.06387922509710864
date,2026-08-31,avg_speed,556704,0,0.0,3.3,14.9,20.2,40.6,59.6,63.9,67.8,69.7,70.8,73.5,82.9,61.62762329712019,9.42862367338291
overall,all,samples,124369609,0,0.0,0.0,0.0,0.0,0.0,0.0,0.0,0.0,40.0,50.0,60.0,60.0,7.386844048050356,15.469137271689059
overall,all,percent_observed,124369609,0,0.0,0.0,0.0,0.0,0.0,0.0,0.0,0.0,100.0,100.0,100.0,100.0,12.86685661285628,32.10905702065758
overall,all,total_flow,124369609,0,0.0,0.0,5.0,6.0,25.0,115.0,288.0,478.0,597.0,680.0,902.0,1469.0,295.8314192979412,195.54098231553314
overall,all,avg_occupancy,124369609,0,0.0,0.0,0.002,0.0031,0.0099,0.0365,0.0712,0.1114,0.2215,0.3464,0.4722,0.9989,0.08372356046001563,0.06795904315651798
overall,all,avg_speed,124369609,0,0.0,3.0,12.4,19.6,35.8,59.9,64.1,67.4,69.7,71.3,75.3,84.8,61.31203458475134,10.10632307713569
month,2026-01,samples,16554240,0,0.0,0.0,0.0,0.0,0.0,0.0,0.0,10.0,40.0,50.0,60.0,60.0,9.484795617316168,16.850215602617638
month,2026-01,percent_observed,16554240,0,0.0,0.0,0.0,0.0,0.0,0.0,0.0,0.0,100.0,100.0,100.0,100.0,17.68072717321967,36.56310430880869
month,2026-01,total_flow,16554240,0,0.0,0.0,4.0,7.0,28.0,115.0,275.0,474.0,592.0,671.0,897.0,1469.0,291.5737816414405,192.91620337402603
month,2026-01,avg_occupancy,16554240,0,0.0,0.0,0.001,0.003,0.0095,0.0341,0.069,0.11,0.2204,0.3505,0.49067609999999406,0.9989,0.08219870473063094,0.06893349941072119
month,2026-01,avg_speed,16554240,0,0.0,3.0,11.9,19.3,36.0,59.8,64.1,67.5,69.8,71.6,75.6,84.8,61.24144893996946,10.19207997849724
month,2026-02,samples,14347008,0,0.0,0.0,0.0,0.0,0.0,0.0,0.0,0.0,40.0,50.0,60.0,60.0,8.96124188402209,16.50673345875799
month,2026-02,percent_observed,14347008,0,0.0,0.0,0.0,0.0,0.0,0.0,0.0,0.0,100.0,100.0,100.0,100.0,13.768564079702193,32.95145898407365
month,2026-02,total_flow,14347008,0,0.0,0.0,3.0,6.0,26.0,115.0,290.0,478.0,597.0,676.0,895.0,1469.0,296.4191638423844,195.22072288587282
month,2026-02,avg_occupancy,14347008,0,0.0,0.0,0.001,0.0029,0.0091,0.0351,0.0712,0.1124,0.2271,0.3526,0.4877,0.9989,0.08438821357038347,0.0701031985208923
month,2026-02,avg_speed,14347008,0,0.0,3.0,12.3,19.1,35.0,59.7,64.1,67.6,69.8,71.6,75.8,83.2,61.183355498233496,10.375349246885138
month,2026-03,samples,17083056,0,0.0,0.0,0.0,0.0,0.0,0.0,0.0,0.0,40.0,50.0,50.0,60.0,7.232055786739797,15.337204827713995
month,2026-03,percent_observed,17083056,0,0.0,0.0,0.0,0.0,0.0,0.0,0.0,0.0,100.0,100.0,100.0,100.0,12.366561111782342,31.510875140351224
month,2026-03,total_flow,17083056,0,0.0,0.0,4.0,6.0,24.0,115.0,294.0,478.0,597.0,689.0,902.0,1469.0,297.5172680461856,196.26413144248167
month,2026-03,avg_occupancy,17083056,0,0.0,0.0,0.0013,0.003,0.0097,0.0365,0.0717,0.1121,0.2276,0.3518,0.4778,0.9924,0.08473943033963012,0.06951317911337421
month,2026-03,avg_speed,17083056,0,0.0,3.0,12.0,19.2,34.7,59.8,64.1,67.4,69.7,71.3,75.2,84.8,61.15551925252718,10.352902054892501
month,2026-04,samples,13243392,0,0.0,0.0,0.0,0.0,0.0,0.0,0.0,0.0,40.0,50.0,60.0,60.0,6.878767086257056,15.062078082434827
month,2026-04,percent_observed,13243392,0,0.0,0.0,0.0,0.0,0.0,0.0,0.0,0.0,100.0,100.0,100.0,100.0,12.257719094926738,31.406699442174975
month,2026-04,total_flow,13243392,0,0.0,0.0,5.0,6.0,23.0,115.0,285.0,478.0,597.0,696.0,912.0,1469.0,295.0697664918474,197.18442123538475
month,2026-04,avg_occupancy,13243392,0,0.0,0.0,0.0024,0.0031,0.0098,0.0365,0.0709,0.1105,0.2182,0.3446,0.4673,0.9989,0.08309301925065724,0.06726212539086955
month,2026-04,avg_speed,13243392,0,0.0,3.0,13.0,19.9,36.7,60.1,64.2,67.2,69.7,71.3,75.4,84.2,61.46896295903649,9.899543868432364
month,2026-05,samples,14898816,0,0.0,0.0,0.0,0.0,0.0,0.0,0.0,0.0,40.0,50.0,60.0,60.0,6.523312053790046,14.792973423541467
month,2026-05,percent_observed,14898816,0,0.0,0.0,0.0,0.0,0.0,0.0,0.0,0.0,100.0,100.0,100.0,100.0,11.365649324080518,30.418972989757243
month,2026-05,total_flow,14898816,0,0.0,0.0,5.0,7.0,23.0,115.0,283.0,479.0,597.0,683.0,906.0,1469.0,294.3402836842874,196.53550612127097
month,2026-05,avg_occupancy,14898816,0,0.0,0.0,0.0024,0.0032,0.0097,0.0367,0.0706,0.1095,0.2158,0.3404,0.4664,0.9989,0.08240168434860866,0.06628019738894839
month,2026-05,avg_speed,14898816,0,0.0,3.0,12.9,20.5,36.8,60.3,64.3,67.4,69.7,71.5,75.4,84.8,61.60906735139222,9.81209404634917
month,2026-06,samples,16001554,0,0.0,0.0,0.0,0.0,0.0,0.0,0.0,0.0,40.0,50.0,60.0,60.0,6.565225102511919,14.858953015689677
month,2026-06,percent_observed,16001554,0,0.0,0.0,0.0,0.0,0.0,0.0,0.0,0.0,100.0,100.0,100.0,100.0,11.638827328895681,30.765432737790768
month,2026-06,total_flow,16001554,0,0.0,0.0,5.0,6.0,23.0,115.0,292.0,478.0,593.0,669.0,903.0,1469.0,296.0706018302972,195.0344155872893
month,2026-06,avg_occupancy,16001554,0,0.0,0.0,0.0024,0.0031,0.0102,0.0382,0.0721,0.112,0.2228,0.3477,0.4766,0.9989,0.08461642087387261,0.06801823107246006
month,2026-06,avg_speed,16001554,0,0.0,3.0,11.8,19.5,35.4,59.9,64.0,67.1,69.7,71.3,75.2,83.1,61.199362380678785,10.157371051071552
month,2026-07,samples,16077252,0,0.0,0.0,0.0,0.0,0.0,0.0,0.0,0.0,40.0,50.0,60.0,60.0,6.973992508172416,15.20869308411366
month,2026-07,percent_observed,16077252,0,0.0,0.0,0.0,0.0,0.0,0.0,0.0,0.0,100.0,100.0,100.0,100.0,12.39598247262654,31.68854515994116
month,2026-07,total_flow,16077252,0,0.0,0.0,5.0,6.0,26.0,116.0,292.0,478.0,597.0,671.0,900.0,1469.0,296.8415696911388,194.7691093008666
month,2026-07,avg_occupancy,16077252,0,0.0,0.0,0.0025,0.0031,0.0107,0.0382,0.0724,0.1122,0.2196,0.3431,0.4557,0.9448,0.08429538393750377,0.0667709556586207
month,2026-07,avg_speed,16077252,0,0.0,3.0,12.7,19.9,36.0,59.9,64.0,67.2,69.7,71.2,74.9,83.1,61.290848473358515,10.0148585027034
month,2026-08,samples,16164291,0,0.0,0.0,0.0,0.0,0.0,0.0,0.0,0.0,40.0,50.0,60.0,60.0,6.440642896122076,14.64148619025407
month,2026-08,percent_observed,16164291,0,0.0,0.0,0.0,0.0,0.0,0.0,0.0,0.0,100.0,100.0,100.0,100.0,11.232006092936585,30.366066883968806
month,2026-08,total_flow,16164291,0,0.0,0.0,5.0,6.0,24.0,116.0,294.0,480.0,603.0,690.0,901.0,1469.0,298.6453638455284,196.63684477515304
month,2026-08,avg_occupancy,16164291,0,0.0,0.0,0.0025,0.0031,0.0106,0.0378,0.0722,0.1114,0.2189,0.3404,0.4539,0.981,0.08390403674989518,0.0665019155755178
month,2026-08,avg_speed,16164291,0,0.0,3.0,12.7,20.2,36.1,60.0,64.2,67.4,69.7,71.1,75.0,84.8,61.39420682911487,9.97814624909
