split,target_station,timestamp,sample_id,candidate_station,candidate_rank,Q,S,D,C,jev_score,predicted_rank
validation,765501,2026-06-03T15:25:00-07:00,765501_1780525500_H30,773773,1,0.125,0.9565892009411555,0.8922927198566069,0.587312241651227,0.5300063967174329,1
validation,765501,2026-06-03T15:25:00-07:00,765501_1780525500_H30,717951,3,0.125,0.9565892009411555,0.7067502546636377,0.587312241651227,0.5208627784699336,2
validation,765501,2026-06-03T15:25:00-07:00,765501_1780525500_H30,763616,5,0.7189131466540104,0.0,0.6357676720344021,0.6303338173183168,0.40895629028359354,3
validation,765501,2026-06-03T15:25:00-07:00,765501_1780525500_H30,776019,4,0.125,0.34587206792231573,0.6661976829962216,0.15881358996859582,0.24588550449713878,4
validation,765501,2026-06-03T15:25:00-07:00,765501_1780525500_H30,773784,2,0.125,0.0,0.784128931913251,0.8116940377532137,0.13043946534254902,5
validation,765501,2026-06-03T15:30:00-07:00,765501_1780525800_H30,773773,1,0.125,0.9739985637607478,0.8922927198566069,0.9144484957609937,0.5495121795425977,1
validation,765501,2026-06-03T15:30:00-07:00,765501_1780525800_H30,717951,3,0.125,0.9739985637607478,0.7067502546636377,0.9144484957609937,0.5403685612950984,2
validation,765501,2026-06-03T15:30:00-07:00,765501_1780525800_H30,763616,5,0.7189131466540104,0.03531478347098671,0.6357676720344021,0.07579810195094121,0.40317418382569487,3
validation,765501,2026-06-03T15:30:00-07:00,765501_1780525800_H30,776019,4,0.125,0.29874756310683426,0.6661976829962216,0.16692270642760976,0.22635458289737917,4
validation,765501,2026-06-03T15:30:00-07:00,765501_1780525800_H30,773784,2,0.125,0.07895166370444462,0.784128931913251,0.07693180222729495,0.13631275999610232,5
validation,765501,2026-06-03T15:35:00-07:00,765501_1780526100_H30,773773,1,0.125,0.9440121118689699,0.8922927198566069,0.15098742892041775,0.508469368400364,1
validation,765501,2026-06-03T15:35:00-07:00,765501_1780526100_H30,717951,3,0.125,0.9440121118689699,0.7067502546636377,0.15098742892041775,0.4993257501528647,2
validation,765501,2026-06-03T15:35:00-07:00,765501_1780526100_H30,763616,5,0.7189131466540104,0.0,0.6357676720344021,0.07353497926757939,0.3882273545787517,3
validation,765501,2026-06-03T15:35:00-07:00,765501_1780526100_H30,776019,4,0.125,0.27406333065515276,0.6661976829962216,0.17597868386184273,0.21630312238055655,4
validation,765501,2026-06-03T15:35:00-07:00,765501_1780526100_H30,773784,2,0.125,0.0,0.784128931913251,0.07114898584539892,0.1028698841608134,5
validation,765501,2026-06-03T15:40:00-07:00,765501_1780526400_H30,773773,1,0.125,0.9060444520789557,0.8922927198566069,0.09068291422425233,0.49024524029542155,1
validation,765501,2026-06-03T15:40:00-07:00,765501_1780526400_H30,717951,3,0.125,0.9060444520789557,0.7067502546636377,0.09068291422425233,0.4811016220479222,2
validation,765501,2026-06-03T15:40:00-07:00,765501_1780526400_H30,763616,5,0.7189131466540104,0.0,0.6357676720344021,0.1358756752861184,0.390548221993072,3
validation,765501,2026-06-03T15:40:00-07:00,765501_1780526400_H30,776019,4,0.125,0.2228833250346589,0.6661976829962216,0.17631272356951033,0.19477594660644554,4
validation,765501,2026-06-03T15:40:00-07:00,765501_1780526400_H30,773784,2,0.125,0.0,0.784128931913251,0.12089512321871332,0.10472187165199724,5
validation,765501,2026-06-03T15:45:00-07:00,765501_1780526700_H30,773773,1,0.125,0.8305007171176961,0.8922927198566069,0.07356857569519196,0.45781476635625346,1
validation,765501,2026-06-03T15:45:00-07:00,765501_1780526700_H30,717951,3,0.125,0.8305007171176961,0.7067502546636377,0.07356857569519196,0.4486711481087541,2
validation,765501,2026-06-03T15:45:00-07:00,765501_1780526700_H30,763616,5,0.7189131466540104,0.0,0.6357676720344021,0.1889347975624159,0.3925235478361918,3
validation,765501,2026-06-03T15:45:00-07:00,765501_1780526700_H30,776019,4,0.125,0.18381008310328306,0.6661976829962216,0.1810954109386749,0.1785096397757714,4
validation,765501,2026-06-03T15:45:00-07:00,765501_1780526700_H30,773784,2,0.125,0.0,0.784128931913251,0.1769028482954812,0.10680697034967984,5
validation,765501,2026-06-03T15:50:00-07:00,765501_1780527000_H30,773773,1,0.125,0.7616108515234032,0.8922927198566069,0.08590252366880047,0.4292809626392391,1
validation,765501,2026-06-03T15:50:00-07:00,765501_1780527000_H30,717951,3,0.125,0.7616108515234032,0.7067502546636377,0.08590252366880047,0.4201373443917397,2
validation,765501,2026-06-03T15:50:00-07:00,765501_1780527000_H30,763616,5,0.7189131466540104,0.028571376670747717,0.6357676720344021,0.23889233494246248,0.4064079520025742,3
validation,765501,2026-06-03T15:50:00-07:00,765501_1780527000_H30,776019,4,0.125,0.19336956425501994,0.6661976829962216,0.20417708028101966,0.18339214413722987,4
validation,765501,2026-06-03T15:50:00-07:00,765501_1780527000_H30,773784,2,0.125,0.0,0.784128931913251,0.22017429290687204,0.1084179129952236,5
validation,765501,2026-06-06T07:20:00-07:00,765501_1780755600_H30,763616,5,0.46891314665401046,0.7166909765769534,0.6357676720344021,0.6973857850212775,0.5899213206985198,1
validation,765501,2026-06-06T07:20:00-07:00,765501_1780755600_H30,717951,3,0.125,0.8251367831379939,0.7067502546636377,0.2190606332091308,0.45183017373165496,2
validation,765501,2026-06-06T07:20:00-07:00,765501_1780755600_H30,776019,4,0.125,0.7611417778596731,0.6661976829962216,0.14883537402628078,0.4202843932593295,3
validation,765501,2026-06-06T07:20:00-07:00,765501_1780755600_H30,773784,2,0.125,0.4645656641266819,0.784128931913251,0.3821161286698251,0.3099638637460016,4
validation,765501,2026-06-06T07:20:00-07:00,765501_1780755600_H30,773773,1,0.125,0.2507772937535844,0.8922927198566069,0.27069457287531973,0.22117118709240824,5
validation,765501,2026-06-06T07:25:00-07:00,765501_1780755900_H30,763616,5,0.45328814665401046,0.7353459581653679,0.6357676720344021,0.6550529211796045,0.5884990963569058,1
validation,765501,2026-06-06T07:25:00-07:00,765501_1780755900_H30,717951,3,0.125,0.8161797375081024,0.7067502546636377,0.24806021558892472,0.44914013124460683,2
validation,765501,2026-06-06T07:25:00-07:00,765501_1780755900_H30,776019,4,0.125,0.778822014828843,0.6661976829962216,0.21481000049773108,0.43018145006302827,3
validation,765501,2026-06-06T07:25:00-07:00,765501_1780755900_H30,773784,2,0.125,0.49621914887484775,0.784128931913251,0.4438678695896388,0.325584487273637,4
validation,765501,2026-06-06T07:25:00-07:00,765501_1780755900_H30,773773,1,0.125,0.2568570889931483,0.8922927198566069,0.3392429477861009,0.22628190072520174,5
validation,765501,2026-06-06T07:30:00-07:00,765501_1780756200_H30,763616,5,0.43766314665401046,0.6869994064890699,0.6357676720344021,0.7113093786290311,0.5625489730670978,1
validation,765501,2026-06-06T07:30:00-07:00,765501_1780756200_H30,717951,3,0.125,0.8278832423866588,0.7067502546636377,0.27365882866846963,0.4550186719198748,2
validation,765501,2026-06-06T07:30:00-07:00,765501_1780756200_H30,776019,4,0.125,0.7572261955459432,0.6661976829962216,0.246715867019595,0.42228045203854636,3
validation,765501,2026-06-06T07:30:00-07:00,765501_1780756200_H30,773784,2,0.125,0.381514962068483,0.784128931913251,0.5262142680836037,0.28037575065403975,4
validation,765501,2026-06-06T07:30:00-07:00,765501_1780756200_H30,773773,1,0.125,0.25115484383945963,0.8922927198566069,0.4070002873464821,0.2264045768322761,5
validation,765501,2026-06-06T07:35:00-07:00,765501_1780756500_H30,763616,5,0.42203814665401046,0.7823417702147195,0.6357676720344021,0.6737222629609555,0.5935780704904233,1
validation,765501,2026-06-06T07:35:00-07:00,765501_1780756500_H30,717951,3,0.125,0.8424398116056004,0.7067502546636377,0.3353499274162257,0.4634416317830557,2
validation,765501,2026-06-06T07:35:00-07:00,765501_1780756500_H30,776019,4,0.125,0.7222935108453508,0.6661976829962216,0.15424127988947736,0.40413597100583243,3
validation,765501,2026-06-06T07:35:00-07:00,765501_1780756500_H30,773784,2,0.125,0.5670453808220292,0.784128931913251,0.8502831982677646,0.37052275030355164,4
validation,765501,2026-06-06T07:35:00-07:00,765501_1780756500_H30,773773,1,0.125,0.4267780394637767,0.8922927198566069,0.46246422513625013,0.30238219022191903,5
validation,765501,2026-06-06T07:40:00-07:00,765501_1780756800_H30,763616,5,0.40641314665401046,0.7804238683891453,0.6357676720344021,0.9194814627639939,0.5942228577342725,1
validation,765501,2026-06-06T07:40:00-07:00,765501_1780756800_H30,717951,3,0.125,0.848131619168518,0.7067502546636377,0.3440784410135974,0.4661620371243214,2
validation,765501,2026-06-06T07:40:00-07:00,765501_1780756800_H30,776019,4,0.125,0.7322817031212765,0.6661976829962216,0.1965115833210628,0.40991327192406574,3
validation,765501,2026-06-06T07:40:00-07:00,765501_1780756800_H30,773784,2,0.125,0.5957642515271868,0.784128931913251,0.932525859173815,0.3856711642215214,4
validation,765501,2026-06-06T07:40:00-07:00,765501_1780756800_H30,773773,1,0.125,0.43805601599471977,0.8922927198566069,0.5419772370225647,0.3100888098186656,5
validation,765501,2026-06-06T07:45:00-07:00,765501_1780757100_H30,763616,5,0.39078814665401046,0.7642453891044702,0.6357676720344021,0.4145893007493066,0.5609201132165152,1
validation,765501,2026-06-06T07:45:00-07:00,765501_1780757100_H30,717951,3,0.125,0.8666486585452615,0.7067502546636377,0.3982738663732577,0.4759727453339704,2
validation,765501,2026-06-06T07:45:00-07:00,765501_1780757100_H30,776019,4,0.125,0.6926582651951886,0.6661976829962216,0.24073076079843017,0.3948835816738033,3
validation,765501,2026-06-06T07:45:00-07:00,765501_1780757100_H30,773784,2,0.125,0.5870235965107993,0.784128931913251,0.981423404346323,0.38381296853888996,4
validation,765501,2026-06-06T07:45:00-07:00,765501_1780757100_H30,773773,1,0.125,0.45384475887410214,0.8922927198566069,0.6091215576536937,0.31923335889762816,5
validation,765501,2026-06-11T23:30:00-07:00,765501_1781245800_H30,763616,5,0.7189131466540104,0.6364657602055119,0.6357676720344021,0.30993488712948153,0.6648911436964843,1
validation,765501,2026-06-11T23:30:00-07:00,765501_1781245800_H30,773773,1,0.125,0.956163216532206,0.8922927198566069,0.23134781022620282,0.5165749991299285,2
validation,765501,2026-06-11T23:30:00-07:00,765501_1781245800_H30,776019,4,0.125,0.9693706576466803,0.6661976829962216,0.35491855922312354,0.5155918006516449,3
validation,765501,2026-06-11T23:30:00-07:00,765501_1781245800_H30,717951,3,0.125,0.956163216532206,0.7067502546636377,0.23134781022620282,0.5074313808824292,4
validation,765501,2026-06-11T23:30:00-07:00,765501_1781245800_H30,773784,2,0.125,0.6126942198880602,0.784128931913251,0.3417491216333328,0.3708024177857421,5
validation,765501,2026-06-11T23:35:00-07:00,765501_1781246100_H30,763616,5,0.7189131466540104,0.3863390610029215,0.6357676720344021,0.16646239035220264,0.5542815434299261,1
validation,765501,2026-06-11T23:35:00-07:00,765501_1781246100_H30,776019,4,0.125,0.970335775509106,0.6661976829962216,0.5987133021885771,0.525074158388662,2
validation,765501,2026-06-11T23:35:00-07:00,765501_1781246100_H30,773773,1,0.125,0.954953358420073,0.8922927198566069,0.2815377792017859,0.5179343291706519,3
validation,765501,2026-06-11T23:35:00-07:00,765501_1781246100_H30,717951,3,0.125,0.954953358420073,0.7067502546636377,0.2815377792017859,0.5087907109231524,4
validation,765501,2026-06-11T23:35:00-07:00,765501_1781246100_H30,773784,2,0.125,0.4277905825522319,0.784128931913251,0.25244390222756424,0.28965916941616776,5
validation,765501,2026-06-11T23:40:00-07:00,765501_1781246400_H30,763616,5,0.7189131466540104,0.5687247065270383,0.6357676720344021,0.7414563541749053,0.6524466644428053,1
validation,765501,2026-06-11T23:40:00-07:00,765501_1781246400_H30,773773,1,0.125,0.9629532972662069,0.8922927198566069,0.5346737016456817,0.5307251215297614,2
validation,765501,2026-06-11T23:40:00-07:00,765501_1781246400_H30,776019,4,0.125,0.9713020026013344,0.6661976829962216,0.6590118457094254,0.5277256452081018,3
validation,765501,2026-06-11T23:40:00-07:00,765501_1781246400_H30,717951,3,0.125,0.9629532972662069,0.7067502546636377,0.5346737016456817,0.521581503282262,4
validation,765501,2026-06-11T23:40:00-07:00,765501_1781246400_H30,773784,2,0.125,0.5936063319499609,0.784128931913251,0.5114833852393483,0.3690880891289627,5
validation,765501,2026-06-11T23:45:00-07:00,765501_1781246700_H30,763616,5,0.7189131466540104,0.6615128318709068,0.6357676720344021,0.7753055499681417,0.6927576288107714,1
validation,765501,2026-06-11T23:45:00-07:00,765501_1781246700_H30,773773,1,0.125,0.9629533659139787,0.8922927198566069,0.3738653574838055,0.5247384536119982,2
validation,765501,2026-06-11T23:45:00-07:00,765501_1781246700_H30,717951,3,0.125,0.9629533659139787,0.7067502546636377,0.3738653574838055,0.5155948353644989,3
validation,765501,2026-06-11T23:45:00-07:00,765501_1781246700_H30,776019,4,0.125,0.951451671374064,0.6661976829962216,0.23233290823746516,0.5034867050482806,4
validation,765501,2026-06-11T23:45:00-07:00,765501_1781246700_H30,773784,2,0.125,0.669810921707877,0.784128931913251,0.5588108572768161,0.40292148813574696,5
validation,765501,2026-06-11T23:50:00-07:00,765501_1781247000_H30,763616,5,0.7189131466540104,0.48629059107573624,0.6357676720344021,0.15096797706708515,0.5957702956837542,1
validation,765501,2026-06-11T23:50:00-07:00,765501_1781247000_H30,773773,1,0.125,0.9670372931695799,0.8922927198566069,0.4251330430939917,0.5283658476576629,2
validation,765501,2026-06-11T23:50:00-07:00,765501_1781247000_H30,717951,3,0.125,0.9670372931695799,0.7067502546636377,0.4251330430939917,0.5192222294101635,3
validation,765501,2026-06-11T23:50:00-07:00,765501_1781247000_H30,776019,4,0.125,0.944025599182805,0.6661976829962216,0.12429263029521669,0.4963391624798426,4
validation,765501,2026-06-11T23:50:00-07:00,765501_1781247000_H30,773784,2,0.125,0.3617867403584516,0.784128931913251,0.0979558670725346,0.2561294000081824,5
validation,765501,2026-06-11T23:55:00-07:00,765501_1781247300_H30,763616,5,0.7189131466540104,0.5108911570929594,0.6357676720344021,0.401057261883335,0.6154342036382628,1
validation,765501,2026-06-11T23:55:00-07:00,765501_1781247300_H30,773773,1,0.125,0.9651063220002629,0.8922927198566069,0.17944608793035494,0.5184065562696483,2
validation,765501,2026-06-11T23:55:00-07:00,765501_1781247300_H30,717951,3,0.125,0.9651063220002629,0.7067502546636377,0.17944608793035494,0.5092629380221488,3
validation,765501,2026-06-11T23:55:00-07:00,765501_1781247300_H30,776019,4,0.125,0.9629296496408648,0.6661976829962216,0.25339128427080726,0.5091013031786525,4
validation,765501,2026-06-11T23:55:00-07:00,765501_1781247300_H30,773784,2,0.125,0.44836441176587605,0.784128931913251,0.3684257742324333,0.30263573136743444,5
validation,765501,2026-06-15T23:30:00-07:00,765501_1781591400_H30,763616,5,0.7189131466540104,0.7640200112489695,0.6357676720344021,0.7592111246651496,0.735299613647143,1
validation,765501,2026-06-15T23:30:00-07:00,765501_1781591400_H30,773773,1,0.125,0.9564740058676477,0.8922927198566069,0.1310727864350811,0.5129726821299504,2
validation,765501,2026-06-15T23:30:00-07:00,765501_1781591400_H30,717951,3,0.125,0.9564740058676477,0.7067502546636377,0.1310727864350811,0.5038290638824511,3
validation,765501,2026-06-15T23:30:00-07:00,765501_1781591400_H30,776019,4,0.125,0.9395029447194394,0.6661976829962216,0.1296851398150588,0.4946365151037241,4
validation,765501,2026-06-15T23:30:00-07:00,765501_1781591400_H30,773784,2,0.125,0.6406510958764938,0.784128931913251,0.6171405800744884,0.39282083078830143,5
validation,765501,2026-06-15T23:35:00-07:00,765501_1781591700_H30,763616,5,0.7189131466540104,0.7641143956733711,0.6357676720344021,0.26381634898761624,0.7168963982570599,1
validation,765501,2026-06-15T23:35:00-07:00,765501_1781591700_H30,773773,1,0.125,0.9583062577465666,0.8922927198566069,0.19642682696595556,0.5161768539818321,2
validation,765501,2026-06-15T23:35:00-07:00,765501_1781591700_H30,776019,4,0.125,0.9599446614639413,0.6661976829962216,0.4441968872903953,0.5149484992256925,3
validation,765501,2026-06-15T23:35:00-07:00,765501_1781591700_H30,717951,3,0.125,0.9583062577465666,0.7067502546636377,0.19642682696595556,0.5070332357343327,4
validation,765501,2026-06-15T23:35:00-07:00,765501_1781591700_H30,773784,2,0.125,0.7141421944765806,0.784128931913251,0.40561705551704097,0.41587552606223904,5
validation,765501,2026-06-15T23:40:00-07:00,765501_1781592000_H30,763616,5,0.7189131466540104,0.354833223330696,0.6357676720344021,0.14172084168248664,0.5401009025582139,1
validation,765501,2026-06-15T23:40:00-07:00,765501_1781592000_H30,776019,4,0.125,0.9577456832298091,0.6661976829962216,0.7629993613581774,0.5258916613658807,2
validation,765501,2026-06-15T23:40:00-07:00,765501_1781592000_H30,773773,1,0.125,0.9622978676113371,0.8922927198566069,0.25698698042774565,0.5201113424858086,3
validation,765501,2026-06-15T23:40:00-07:00,765501_1781592000_H30,717951,3,0.125,0.9622978676113371,0.7067502546636377,0.25698698042774565,0.5109677242383092,4
validation,765501,2026-06-15T23:40:00-07:00,765501_1781592000_H30,773784,2,0.125,0.39179655997417195,0.784128931913251,0.16059336921506975,0.27109124660549944,5
validation,765501,2026-06-15T23:45:00-07:00,765501_1781592300_H30,763616,5,0.7189131466540104,0.677985873696203,0.6357676720344021,0.9531399024778752,0.7063110255741869,1
validation,765501,2026-06-15T23:45:00-07:00,765501_1781592300_H30,773773,1,0.125,0.9678301741319434,0.8922927198566069,0.3127119019142816,0.5245142386810719,2
validation,765501,2026-06-15T23:45:00-07:00,765501_1781592300_H30,717951,3,0.125,0.9678301741319434,0.7067502546636377,0.3127119019142816,0.5153706204335725,3
validation,765501,2026-06-15T23:45:00-07:00,765501_1781592300_H30,776019,4,0.125,0.9534909605192767,0.6661976829962216,0.5053465922427445,0.5145089236223788,4
validation,765501,2026-06-15T23:45:00-07:00,765501_1781592300_H30,773784,2,0.125,0.5301856407439784,0.784128931913251,0.6680540581321426,0.3482257973695468,5
validation,765501,2026-06-15T23:50:00-07:00,765501_1781592600_H30,763616,5,0.7189131466540104,0.44934763319939,0.6357676720344021,0.368987064734511,0.5883390688073808,1
validation,765501,2026-06-15T23:50:00-07:00,765501_1781592600_H30,773773,1,0.125,0.9572058046374992,0.8922927198566069,0.20541018749037002,0.5160481568646904,2
validation,765501,2026-06-15T23:50:00-07:00,765501_1781592600_H30,717951,3,0.125,0.9572058046374992,0.7067502546636377,0.20541018749037002,0.5069045386171911,3
validation,765501,2026-06-15T23:50:00-07:00,765501_1781592600_H30,776019,4,0.125,0.9493066049907912,0.6661976829962216,0.222783634065671,0.5022284249120627,4
validation,765501,2026-06-15T23:50:00-07:00,765501_1781592600_H30,773784,2,0.125,0.3870055640082889,0.784128931913251,0.35991654400225526,0.2764954651263437,5
validation,765501,2026-06-15T23:55:00-07:00,765501_1781592900_H30,763616,5,0.7189131466540104,0.5931806304911242,0.6357676720344021,0.3293367418958771,0.6473964758424805,1
validation,765501,2026-06-15T23:55:00-07:00,765501_1781592900_H30,773773,1,0.125,0.9524443053341818,0.8922927198566069,0.14450243950988714,0.5117767122581208,2
validation,765501,2026-06-15T23:55:00-07:00,765501_1781592900_H30,776019,4,0.125,0.9558030503933187,0.6661976829962216,0.22729924604083535,0.5051306289037593,3
validation,765501,2026-06-15T23:55:00-07:00,765501_1781592900_H30,717951,3,0.125,0.9524443053341818,0.7067502546636377,0.14450243950988714,0.5026330940106214,4
validation,765501,2026-06-15T23:55:00-07:00,765501_1781592900_H30,773784,2,0.125,0.47215075789159533,0.784128931913251,0.2370272253041077,0.3077546441243706,5
validation,765501,2026-06-17T22:00:00-07:00,765501_1781758800_H30,763616,5,0.7189131466540104,0.33675016603389096,0.6357676720344021,0.19770205356351062,0.5345745806529882,1
validation,765501,2026-06-17T22:00:00-07:00,765501_1781758800_H30,773773,1,0.125,0.9035519703037758,0.8922927198566069,0.6176018495231397,0.5088127983705315,2
validation,765501,2026-06-17T22:00:00-07:00,765501_1781758800_H30,717951,3,0.125,0.9035519703037758,0.7067502546636377,0.6176018495231397,0.49966918012303213,3
validation,765501,2026-06-17T22:00:00-07:00,765501_1781758800_H30,776019,4,0.125,0.8981135426651058,0.6661976829962216,0.7277155420610595,0.49948131191840583,4
validation,765501,2026-06-17T22:00:00-07:00,765501_1781758800_H30,773784,2,0.125,0.31689680788141084,0.784128931913251,0.2446463271196027,0.24269813320608807,5
validation,765501,2026-06-17T22:05:00-07:00,765501_1781759100_H30,763616,5,0.7189131466540104,0.6770686486434094,0.6357676720344021,0.7294141235715955,0.697595966840735,1
validation,765501,2026-06-17T22:05:00-07:00,765501_1781759100_H30,773773,1,0.125,0.9271814437929167,0.8922927198566069,0.9716754990486246,0.531939222393112,2
validation,765501,2026-06-17T22:05:00-07:00,765501_1781759100_H30,717951,3,0.125,0.9271814437929167,0.7067502546636377,0.9716754990486246,0.5227956041456125,3
validation,765501,2026-06-17T22:05:00-07:00,765501_1781759100_H30,776019,4,0.125,0.9244872854806555,0.6661976829962216,0.6074468487423622,0.5061035069991326,4
validation,765501,2026-06-17T22:05:00-07:00,765501_1781759100_H30,773784,2,0.125,0.5971239034824634,0.784128931913251,0.9237178113900623,0.3859154744148496,5
validation,765501,2026-06-17T22:10:00-07:00,765501_1781759400_H30,763616,5,0.7189131466540104,0.4825167946252895,0.6357676720344021,0.6515895926991423,0.6128195829451141,1
validation,765501,2026-06-17T22:10:00-07:00,765501_1781759400_H30,773773,1,0.125,0.9433994766161747,0.8922927198566069,0.8039582388519786,0.5325208346902776,2
validation,765501,2026-06-17T22:10:00-07:00,765501_1781759400_H30,717951,3,0.125,0.9433994766161747,0.7067502546636377,0.8039582388519786,0.5233772164427781,3
validation,765501,2026-06-17T22:10:00-07:00,765501_1781759400_H30,776019,4,0.125,0.9127458669477696,0.6661976829962216,0.37427680076062503,0.4924813808434112,4
validation,765501,2026-06-17T22:10:00-07:00,765501_1781759400_H30,773784,2,0.125,0.37008179738835123,0.784128931913251,0.5446949890500188,0.27625200470084543,5
validation,765501,2026-06-17T22:15:00-07:00,765501_1781759700_H30,763616,5,0.7189131466540104,0.5290125839427987,0.6357676720344021,0.7858947687075667,0.6373878123026891,1
validation,765501,2026-06-17T22:15:00-07:00,765501_1781759700_H30,773773,1,0.125,0.9671115561189148,0.8922927198566069,0.9558845044188187,0.5481563258702463,2
validation,765501,2026-06-17T22:15:00-07:00,765501_1781759700_H30,717951,3,0.125,0.9671115561189148,0.7067502546636377,0.9558845044188187,0.5390127076227469,3
validation,765501,2026-06-17T22:15:00-07:00,765501_1781759700_H30,776019,4,0.125,0.939290834776248,0.6661976829962216,0.3481922022091951,0.5026819956371141,4
validation,765501,2026-06-17T22:15:00-07:00,765501_1781759700_H30,773784,2,0.125,0.5232333948281794,0.784128931913251,0.6061556377754523,0.34299547386551377,5
validation,765501,2026-06-17T22:20:00-07:00,765501_1781760000_H30,763616,5,0.7189131466540104,0.7409223188332131,0.6357676720344021,0.8470784481577392,0.7288499136504999,1
validation,765501,2026-06-17T22:20:00-07:00,765501_1781760000_H30,773773,1,0.125,0.9665313590701802,0.8922927198566069,0.632879953787601,0.5358870821787928,2
validation,765501,2026-06-17T22:20:00-07:00,765501_1781760000_H30,717951,3,0.125,0.9665313590701802,0.7067502546636377,0.632879953787601,0.5267434639312933,3
validation,765501,2026-06-17T22:20:00-07:00,765501_1781760000_H30,776019,4,0.125,0.9553174236122124,0.6661976829962216,0.4563623410023691,0.5134539852754392,4
validation,765501,2026-06-17T22:20:00-07:00,765501_1781760000_H30,773784,2,0.125,0.6730022279601959,0.784128931913251,0.8576584138667437,0.4153903077982783,5
validation,765501,2026-06-17T22:25:00-07:00,765501_1781760300_H30,763616,5,0.7189131466540104,0.6182002515340872,0.6357676720344021,0.560197122872482,0.66652087881764,1
validation,765501,2026-06-17T22:25:00-07:00,765501_1781760300_H30,773773,1,0.125,0.9755097172860907,0.8922927198566069,0.7293698615885752,0.5432579136068191,2
validation,765501,2026-06-17T22:25:00-07:00,765501_1781760300_H30,717951,3,0.125,0.9755097172860907,0.7067502546636377,0.7293698615885752,0.5341142953593196,3
validation,765501,2026-06-17T22:25:00-07:00,765501_1781760300_H30,776019,4,0.125,0.94650325470692,0.6661976829962216,0.5171699318127999,0.5120082468914676,4
validation,765501,2026-06-17T22:25:00-07:00,765501_1781760300_H30,773784,2,0.125,0.5517449055786983,0.784128931913251,0.47214473479803964,0.3500057641710514,5
validation,765501,2026-06-18T23:30:00-07:00,765501_1781850600_H30,763616,5,0.7189131466540104,0.49956142697083994,0.6357676720344021,0.45777397252794777,0.6127774679955871,1
validation,765501,2026-06-18T23:30:00-07:00,765501_1781850600_H30,773773,1,0.125,0.956163216532206,0.8922927198566069,0.23134781022620282,0.5165749991299285,2
validation,765501,2026-06-18T23:30:00-07:00,765501_1781850600_H30,776019,4,0.125,0.9693706576466803,0.6661976829962216,0.35491855922312354,0.5155918006516449,3
validation,765501,2026-06-18T23:30:00-07:00,765501_1781850600_H30,717951,3,0.125,0.956163216532206,0.7067502546636377,0.23134781022620282,0.5074313808824292,4
validation,765501,2026-06-18T23:30:00-07:00,765501_1781850600_H30,773784,2,0.125,0.44801483076557,0.784128931913251,0.5033771676337903,0.30751268108937635,5
validation,765501,2026-06-18T23:35:00-07:00,765501_1781850900_H30,763616,5,0.7189131466540104,0.5546561068090397,0.6357676720344021,0.7178193701531639,0.6456457792441641,1
validation,765501,2026-06-18T23:35:00-07:00,765501_1781850900_H30,776019,4,0.125,0.970335775509106,0.6661976829962216,0.5987133021885771,0.525074158388662,2
validation,765501,2026-06-18T23:35:00-07:00,765501_1781850900_H30,773773,1,0.125,0.954953358420073,0.8922927198566069,0.2815377792017859,0.5179343291706519,3
validation,765501,2026-06-18T23:35:00-07:00,765501_1781850900_H30,717951,3,0.125,0.954953358420073,0.7067502546636377,0.2815377792017859,0.5087907109231524,4
validation,765501,2026-06-18T23:35:00-07:00,765501_1781850900_H30,773784,2,0.125,0.5546780024051801,0.784128931913251,0.7997414153616266,0.3634362083575664,5
validation,765501,2026-06-18T23:40:00-07:00,765501_1781851200_H30,763616,5,0.7189131466540104,0.5456420970229476,0.6357676720344021,0.30981849278222523,0.626662773358457,1
validation,765501,2026-06-18T23:40:00-07:00,765501_1781851200_H30,773773,1,0.125,0.9629532972662069,0.8922927198566069,0.5346737016456817,0.5307251215297614,2
validation,765501,2026-06-18T23:40:00-07:00,765501_1781851200_H30,776019,4,0.125,0.9713020026013344,0.6661976829962216,0.6590118457094254,0.5277256452081018,3
validation,765501,2026-06-18T23:40:00-07:00,765501_1781851200_H30,717951,3,0.125,0.9629532972662069,0.7067502546636377,0.5346737016456817,0.521581503282262,4
validation,765501,2026-06-18T23:40:00-07:00,765501_1781851200_H30,773784,2,0.125,0.4452728765522115,0.784128931913251,0.2767096328508407,0.2979201490856301,5
validation,765501,2026-06-18T23:45:00-07:00,765501_1781851500_H30,763616,5,0.7189131466540104,0.4147652717988952,0.6357676720344021,0.5120506054959263,0.5791108195173018,1
validation,765501,2026-06-18T23:45:00-07:00,765501_1781851500_H30,773773,1,0.125,0.9629533659139787,0.8922927198566069,0.3738653574838055,0.5247384536119982,2
validation,765501,2026-06-18T23:45:00-07:00,765501_1781851500_H30,717951,3,0.125,0.9629533659139787,0.7067502546636377,0.3738653574838055,0.5155948353644989,3
validation,765501,2026-06-18T23:45:00-07:00,765501_1781851500_H30,776019,4,0.125,0.951451671374064,0.6661976829962216,0.23233290823746516,0.5034867050482806,4
validation,765501,2026-06-18T23:45:00-07:00,765501_1781851500_H30,773784,2,0.125,0.3809843607084299,0.784128931913251,0.37277912373661853,0.2744402401716315,5
validation,765501,2026-06-18T23:50:00-07:00,765501_1781851800_H30,763616,5,0.7189131466540104,0.7657133417228363,0.6357676720344021,0.6614749565283708,0.7323736712344305,1
validation,765501,2026-06-18T23:50:00-07:00,765501_1781851800_H30,773773,1,0.125,0.9670372931695799,0.8922927198566069,0.4251330430939917,0.5283658476576629,2
validation,765501,2026-06-18T23:50:00-07:00,765501_1781851800_H30,717951,3,0.125,0.9670372931695799,0.7067502546636377,0.4251330430939917,0.5192222294101635,3
validation,765501,2026-06-18T23:50:00-07:00,765501_1781851800_H30,776019,4,0.125,0.944025599182805,0.6661976829962216,0.12429263029521669,0.4963391624798426,4
validation,765501,2026-06-18T23:50:00-07:00,765501_1781851800_H30,773784,2,0.125,0.7099583854728237,0.784128931913251,0.5536170416660476,0.4196245860531548,5
validation,765501,2026-06-18T23:55:00-07:00,765501_1781852100_H30,763616,5,0.7189131466540104,0.6743582331352096,0.6357676720344021,0.6948853193309578,0.6951697967607287,1
validation,765501,2026-06-18T23:55:00-07:00,765501_1781852100_H30,773773,1,0.125,0.9651063220002629,0.8922927198566069,0.17944608793035494,0.5184065562696483,2
validation,765501,2026-06-18T23:55:00-07:00,765501_1781852100_H30,717951,3,0.125,0.9651063220002629,0.7067502546636377,0.17944608793035494,0.5092629380221488,3
validation,765501,2026-06-18T23:55:00-07:00,765501_1781852100_H30,776019,4,0.125,0.9629296496408648,0.6661976829962216,0.25339128427080726,0.5091013031786525,4
validation,765501,2026-06-18T23:55:00-07:00,765501_1781852100_H30,773784,2,0.125,0.6308779312223851,0.784128931913251,0.6588524165275499,0.3902605781156087,5
validation,765501,2026-06-24T23:30:00-07:00,765501_1782369000_H30,776019,4,0.125,0.9790617200689924,0.6661976829962216,0.7775686336654746,0.5354051224209192,1
validation,765501,2026-06-24T23:30:00-07:00,765501_1782369000_H30,773773,1,0.125,0.9699766208293148,0.8922927198566069,0.11256775247760739,0.517966471563335,2
validation,765501,2026-06-24T23:30:00-07:00,765501_1782369000_H30,717951,3,0.125,0.9699766208293148,0.7067502546636377,0.11256775247760739,0.5088228533158355,3
validation,765501,2026-06-24T23:30:00-07:00,765501_1782369000_H30,763616,5,0.7189131466540104,0.24509457592518857,0.6357676720344021,0.24846073317487022,0.4978901020496048,4
validation,765501,2026-06-24T23:30:00-07:00,765501_1782369000_H30,773784,2,0.125,0.20637146082391955,0.784128931913251,0.3048109903309375,0.19842230391966476,5
validation,765501,2026-06-24T23:35:00-07:00,765501_1782369300_H30,776019,4,0.125,0.9798388306984837,0.6661976829962216,0.6016978205726164,0.5291847231212402,1
validation,765501,2026-06-24T23:35:00-07:00,765501_1782369300_H30,763616,5,0.7189131466540104,0.26063252269602044,0.6357676720344021,0.45359331701237127,0.5120662343759761,2
validation,765501,2026-06-24T23:35:00-07:00,765501_1782369300_H30,773773,1,0.125,0.9524512547655485,0.8922927198566069,0.10935339762308943,0.5104710814098691,3
validation,765501,2026-06-24T23:35:00-07:00,765501_1782369300_H30,717951,3,0.125,0.9524512547655485,0.7067502546636377,0.10935339762308943,0.5013274631623696,4
validation,765501,2026-06-24T23:35:00-07:00,765501_1782369300_H30,773784,2,0.125,0.15238091778049845,0.784128931913251,0.41750596836659587,0.1798953451630329,5
validation,765501,2026-06-24T23:40:00-07:00,765501_1782369600_H30,763616,5,0.7189131466540104,0.3388014187867563,0.6357676720344021,0.6128469317310403,0.5508932037227923,1
validation,765501,2026-06-24T23:40:00-07:00,765501_1782369600_H30,776019,4,0.125,0.9824394232334145,0.6661976829962216,0.6016978205726164,0.530279208215819,2
validation,765501,2026-06-24T23:40:00-07:00,765501_1782369600_H30,773773,1,0.125,0.9519863281123296,0.8922927198566069,0.17819769640278058,0.5128384009722579,3
validation,765501,2026-06-24T23:40:00-07:00,765501_1782369600_H30,717951,3,0.125,0.9519863281123296,0.7067502546636377,0.17819769640278058,0.5036947827247584,4
validation,765501,2026-06-24T23:40:00-07:00,765501_1782369600_H30,773784,2,0.125,0.25210200736183563,0.784128931913251,0.5857093374532385,0.22812595668868083,5
validation,765501,2026-06-24T23:45:00-07:00,765501_1782369900_H30,776019,4,0.125,0.9783060457875485,0.6661976829962216,0.8716734144347914,0.5385904946339832,1
validation,765501,2026-06-24T23:45:00-07:00,765501_1782369900_H30,773773,1,0.125,0.9548554834083637,0.8922927198566069,0.24241225279527032,0.5164365422922041,2
validation,765501,2026-06-24T23:45:00-07:00,765501_1782369900_H30,763616,5,0.7189131466540104,0.23534701784283607,0.6357676720344021,0.7604227346500193,0.5128474612457253,3
validation,765501,2026-06-24T23:45:00-07:00,765501_1782369900_H30,717951,3,0.125,0.9548554834083637,0.7067502546636377,0.24241225279527032,0.5072929240447047,4
validation,765501,2026-06-24T23:45:00-07:00,765501_1782369900_H30,773784,2,0.125,0.2062161632936389,0.784128931913251,0.6961916815916335,0.21292756703340143,5
validation,765501,2026-06-24T23:50:00-07:00,765501_1782370200_H30,776019,4,0.125,0.980901356326404,0.6661976829962216,0.8066889295056012,0.5372634643254808,1
validation,765501,2026-06-24T23:50:00-07:00,765501_1782370200_H30,773773,1,0.125,0.9592425371680922,0.8922927198566069,0.3029801647052029,0.520537746108765,2
validation,765501,2026-06-24T23:50:00-07:00,765501_1782370200_H30,717951,3,0.125,0.9592425371680922,0.7067502546636377,0.3029801647052029,0.5113941278612656,3
validation,765501,2026-06-24T23:50:00-07:00,765501_1782370200_H30,763616,5,0.7189131466540104,0.2085214084471001,0.6357676720344021,0.7639234580051179,0.5016879657838399,4
validation,765501,2026-06-24T23:50:00-07:00,765501_1782370200_H30,773784,2,0.125,0.053556494705231605,0.784128931913251,0.6341446033594231,0.14636929894319262,5
validation,765501,2026-06-24T23:55:00-07:00,765501_1782370500_H30,763616,5,0.7189131466540104,0.2796120514672946,0.6357676720344021,0.20832105561548347,0.5109227722829411,1
validation,765501,2026-06-24T23:55:00-07:00,765501_1782370500_H30,773773,1,0.125,0.9448592260168782,0.8922927198566069,0.1326130879595199,0.5081418306617339,2
validation,765501,2026-06-24T23:55:00-07:00,765501_1782370500_H30,717951,3,0.125,0.9448592260168782,0.7067502546636377,0.1326130879595199,0.49899821241423453,3
validation,765501,2026-06-24T23:55:00-07:00,765501_1782370500_H30,776019,4,0.125,0.9434412656696609,0.6661976829962216,0.0520898076027048,0.4934052176834325,4
validation,765501,2026-06-24T23:55:00-07:00,765501_1782370500_H30,773784,2,0.125,0.235071867079242,0.784128931913251,0.2507499231743208,0.20848852679147822,5
validation,765501,2026-06-27T23:30:00-07:00,765501_1782628200_H30,763616,5,0.7189131466540104,0.820502995815722,0.6357676720344021,0.675017068618792,0.7559365953359037,1
validation,765501,2026-06-27T23:30:00-07:00,765501_1782628200_H30,776019,4,0.125,0.9627619849687168,0.6661976829962216,0.9642639088657396,0.5354956530619568,2
validation,765501,2026-06-27T23:30:00-07:00,765501_1782628200_H30,773773,1,0.125,0.95891106235598,0.8922927198566069,0.600046284418831,0.5314576478081827,3
validation,765501,2026-06-27T23:30:00-07:00,765501_1782628200_H30,717951,3,0.125,0.95891106235598,0.7067502546636377,0.600046284418831,0.5223140295606834,4
validation,765501,2026-06-27T23:30:00-07:00,765501_1782628200_H30,773784,2,0.125,0.7895983496113724,0.784128931913251,0.48363967741096425,0.45053668161859567,5
validation,765501,2026-06-27T23:35:00-07:00,765501_1782628500_H30,763616,5,0.7189131466540104,0.76391287271672,0.6357676720344021,0.5618486479131398,0.7279069611437496,1
validation,765501,2026-06-27T23:35:00-07:00,765501_1782628500_H30,773773,1,0.125,0.9392901469353125,0.8922927198566069,0.28002675247161846,0.5112860580034934,2
validation,765501,2026-06-27T23:35:00-07:00,765501_1782628500_H30,717951,3,0.125,0.9392901469353125,0.7067502546636377,0.28002675247161846,0.5021424397559939,3
validation,765501,2026-06-27T23:35:00-07:00,765501_1782628500_H30,776019,4,0.125,0.9176247091348128,0.6661976829962216,0.23442154248042255,0.4893280506412748,4
validation,765501,2026-06-27T23:35:00-07:00,765501_1782628500_H30,773784,2,0.125,0.6291161959064097,0.784128931913251,0.3862373730438507,0.3793700117124013,5
validation,765501,2026-06-27T23:40:00-07:00,765501_1782628800_H30,763616,5,0.7189131466540104,0.8656586378563607,0.6357676720344021,0.41222396510396786,0.7651573300624247,1
validation,765501,2026-06-27T23:40:00-07:00,765501_1782628800_H30,773773,1,0.125,0.9300990509671077,0.8922927198566069,0.23789659012532705,0.5058494402317946,2
validation,765501,2026-06-27T23:40:00-07:00,765501_1782628800_H30,717951,3,0.125,0.9300990509671077,0.7067502546636377,0.23789659012532705,0.4967058219842952,3
validation,765501,2026-06-27T23:40:00-07:00,765501_1782628800_H30,776019,4,0.125,0.9213210658595815,0.6661976829962216,0.2250646385961411,0.49053535291523925,4
validation,765501,2026-06-27T23:40:00-07:00,765501_1782628800_H30,773784,2,0.125,0.839380535710113,0.784128931913251,0.654718703185413,0.4778570687556087,5
validation,765501,2026-06-27T23:45:00-07:00,765501_1782629100_H30,763616,5,0.7189131466540104,0.9075606936673233,0.6357676720344021,0.5266360907695977,0.7870516474408309,1
validation,765501,2026-06-27T23:45:00-07:00,765501_1782629100_H30,773773,1,0.125,0.919425790556504,0.8922927198566069,0.21649691749880298,0.5005608095195779,2
validation,765501,2026-06-27T23:45:00-07:00,765501_1782629100_H30,717951,3,0.125,0.919425790556504,0.7067502546636377,0.21649691749880298,0.49141719127207856,3
validation,765501,2026-06-27T23:45:00-07:00,765501_1782629100_H30,773784,2,0.125,0.8680045471849238,0.784128931913251,0.5913915490746253,0.4875461751111774,4
validation,765501,2026-06-27T23:45:00-07:00,765501_1782629100_H30,776019,4,0.125,0.8956778147918588,0.6661976829962216,0.220216143823617,0.4795626335333729,5
validation,765501,2026-06-27T23:50:00-07:00,765501_1782629400_H30,763616,5,0.7189131466540104,0.7870885916894831,0.6357676720344021,0.13321475742763686,0.7217031793485248,1
validation,765501,2026-06-27T23:50:00-07:00,765501_1782629400_H30,773773,1,0.125,0.8963309700982555,0.8922927198566069,0.15734084449867658,0.48863881804775455,2
validation,765501,2026-06-27T23:50:00-07:00,765501_1782629400_H30,717951,3,0.125,0.8963309700982555,0.7067502546636377,0.15734084449867658,0.4794951998002552,3
validation,765501,2026-06-27T23:50:00-07:00,765501_1782629400_H30,776019,4,0.125,0.8811471177670289,0.6661976829962216,0.17521717851383556,0.4717719898304023,4
validation,765501,2026-06-27T23:50:00-07:00,765501_1782629400_H30,773784,2,0.125,0.770855108143057,0.784128931913251,0.33642740575254226,0.4371678712729688,5
validation,765501,2026-06-27T23:55:00-07:00,765501_1782629700_H30,763616,5,0.7189131466540104,0.887748554651347,0.6357676720344021,0.8464677130227692,0.7906204505492916,1
validation,765501,2026-06-27T23:55:00-07:00,765501_1782629700_H30,773784,2,0.125,0.8544530649297447,0.784128931913251,0.6060481119480146,0.482388545550257,2
validation,765501,2026-06-27T23:55:00-07:00,765501_1782629700_H30,773773,1,0.125,0.8638454550645678,0.8922927198566069,0.13922315395002946,0.4742924683554947,3
validation,765501,2026-06-27T23:55:00-07:00,765501_1782629700_H30,717951,3,0.125,0.8638454550645678,0.7067502546636377,0.13922315395002946,0.46514885010799534,4
validation,765501,2026-06-27T23:55:00-07:00,765501_1782629700_H30,776019,4,0.125,0.8507881023047831,0.6661976829962216,0.15402079694969809,0.4582059826403331,5
validation,769895,2026-06-03T17:30:00-07:00,769895_1780533000_H30,769880,2,0.7658937862112813,0.7928078044164684,0.6556829452252355,0.9909468544799747,0.7801680247976417,1
validation,769895,2026-06-03T17:30:00-07:00,769895_1780533000_H30,769847,4,0.7658937862112813,0.7316557523332806,0.4441076408043507,0.8577094486476056,0.7390447854689498,2
validation,769895,2026-06-03T17:30:00-07:00,769895_1780533000_H30,769866,3,0.7493720392939975,0.6027369077839693,0.5758269762031877,0.4734013389495421,0.6688327632327621,3
validation,769895,2026-06-03T17:30:00-07:00,769895_1780533000_H30,770116,1,0.125,0.8320027457195982,0.6578152456099651,0.13130182828957046,0.4490410898563341,4
validation,769895,2026-06-03T17:30:00-07:00,769895_1780533000_H30,770385,5,0.23285029237671376,0.6502110113662679,0.33157670652330645,0.5449457427311092,0.4249848925459306,5
validation,769895,2026-06-03T17:35:00-07:00,769895_1780533300_H30,769880,2,0.7658937862112813,0.6994529087739831,0.6556829452252355,0.32444378456037715,0.7160656041701061,1
validation,769895,2026-06-03T17:35:00-07:00,769895_1780533300_H30,769847,4,0.7658937862112813,0.7103316042876993,0.4441076408043507,0.473408838480038,0.7157632679084874,2
validation,769895,2026-06-03T17:35:00-07:00,769895_1780533300_H30,769866,3,0.7493720392939975,0.5460346566236145,0.5758269762031877,0.6424291743799092,0.651261758263525,3
validation,769895,2026-06-03T17:35:00-07:00,769895_1780533300_H30,770116,1,0.125,0.8316095727592305,0.6578152456099651,0.19903359113880043,0.45139718932625394,4
validation,769895,2026-06-03T17:35:00-07:00,769895_1780533300_H30,770385,5,0.23285029237671376,0.6364002181571844,0.33157670652330645,0.5770637413047246,0.420368197172958,5
validation,769895,2026-06-03T17:40:00-07:00,769895_1780533600_H30,769880,2,0.7658937862112813,0.843199151116369,0.6556829452252355,0.6079257681476676,0.7871163177415289,1
validation,769895,2026-06-03T17:40:00-07:00,769895_1780533600_H30,769847,4,0.7658937862112813,0.822535273851939,0.4441076408043507,0.7137473369893872,0.7719327988230988,2
validation,769895,2026-06-03T17:40:00-07:00,769895_1780533600_H30,769866,3,0.7493720392939975,0.6767953550006088,0.5758269762031877,0.5332108177590859,0.7022276266757975,3
validation,769895,2026-06-03T17:40:00-07:00,769895_1780533600_H30,770385,5,0.23285029237671376,0.7551799457263316,0.33157670652330645,0.5223130603716291,0.4683195200531629,4
validation,769895,2026-06-03T17:40:00-07:00,769895_1780533600_H30,770116,1,0.125,0.8557504353855102,0.6578152456099651,0.2639989134500735,0.46397568919709187,5
validation,769895,2026-06-03T17:45:00-07:00,769895_1780533900_H30,769847,4,0.7658937862112813,0.781447262455683,0.4441076408043507,0.9673324214280282,0.7640811634706545,1
validation,769895,2026-06-03T17:45:00-07:00,769895_1780533900_H30,769866,3,0.7493720392939975,0.5279053771410384,0.5758269762031877,0.5596809242420905,0.6405512561036011,2
validation,769895,2026-06-03T17:45:00-07:00,769895_1780533900_H30,769880,2,0.7658937862112813,0.49101624659799936,0.6556829452252355,0.09368321113832347,0.6197520407011512,3
validation,769895,2026-06-03T17:45:00-07:00,769895_1780533900_H30,770116,1,0.125,0.8702300309199424,0.6578152456099651,0.45063903463165644,0.47701795230273114,4
validation,769895,2026-06-03T17:45:00-07:00,769895_1780533900_H30,770385,5,0.23285029237671376,0.697863726707427,0.33157670652330645,0.9874556552888749,0.4615141088194267,5
validation,769895,2026-06-03T17:50:00-07:00,769895_1780534200_H30,769866,3,0.7493720392939975,0.6878369299398766,0.5758269762031877,0.9544557147789479,0.7225570119710875,1
validation,769895,2026-06-03T17:50:00-07:00,769895_1780534200_H30,769847,4,0.7658937862112813,0.6649577045243324,0.4441076408043507,0.24775382886844888,0.6882663549516866,2
validation,769895,2026-06-03T17:50:00-07:00,769895_1780534200_H30,769880,2,0.7658937862112813,0.4853532477198851,0.6556829452252355,0.16422025984724412,0.6199947191432363,3
validation,769895,2026-06-03T17:50:00-07:00,769895_1780534200_H30,770116,1,0.125,0.8841755706287663,0.6578152456099651,0.7374173233217738,0.49356347350628244,4
validation,769895,2026-06-03T17:50:00-07:00,769895_1780534200_H30,770385,5,0.23285029237671376,0.6038098372221681,0.33157670652330645,0.2979214702685865,0.3962600896386302,5
validation,769895,2026-06-03T17:55:00-07:00,769895_1780534500_H30,769847,4,0.7658937862112813,0.8661522648131248,0.4441076408043507,0.5873992145138967,0.7855856557961111,1
validation,769895,2026-06-03T17:55:00-07:00,769895_1780534500_H30,769866,3,0.7493720392939975,0.7592894285874179,0.5758269762031877,0.5657521032143747,0.7381575456355826,2
validation,769895,2026-06-03T17:55:00-07:00,769895_1780534500_H30,769880,2,0.7658937862112813,0.6269673233996651,0.6556829452252355,0.514123781338639,0.6926208814193464,3
validation,769895,2026-06-03T17:55:00-07:00,769895_1780534500_H30,770385,5,0.23285029237671376,0.8758750619657111,0.33157670652330645,0.9591553308882855,0.5353783539733503,4
validation,769895,2026-06-03T17:55:00-07:00,769895_1780534500_H30,770116,1,0.125,0.8546866099868637,0.6578152456099651,0.5577655488953728,0.4744645381675013,5
validation,769895,2026-06-04T23:30:00-07:00,769895_1780641000_H30,769880,2,0.7658937862112813,0.45401669781764853,0.6556829452252355,0.713199418409595,0.6272442407794955,1
validation,769895,2026-06-04T23:30:00-07:00,769895_1780641000_H30,769847,4,0.7658937862112813,0.41647229356478577,0.4441076408043507,0.8408712650003345,0.6057698440460316,2
validation,769895,2026-06-04T23:30:00-07:00,769895_1780641000_H30,769866,3,0.7493720392939975,0.4090111713525262,0.5758269762031877,0.696983744459679,0.5956250685130544,3
validation,769895,2026-06-04T23:30:00-07:00,769895_1780641000_H30,770116,1,0.125,0.9741480273724976,0.6578152456099651,0.17692734255365591,0.5105629195686996,4
validation,769895,2026-06-04T23:30:00-07:00,769895_1780641000_H30,770385,5,0.23285029237671376,0.6360399862010204,0.33157670652330645,0.6280017020732983,0.42211294760050266,5
validation,769895,2026-06-04T23:35:00-07:00,769895_1780641300_H30,769847,4,0.7658937862112813,0.32552144487108603,0.4441076408043507,0.9805406685172673,0.5726919997019316,1
validation,769895,2026-06-04T23:35:00-07:00,769895_1780641300_H30,769880,2,0.7658937862112813,0.24927845141988203,0.6556829452252355,0.9189767118781391,0.5487389598841836,2
validation,769895,2026-06-04T23:35:00-07:00,769895_1780641300_H30,769866,3,0.7493720392939975,0.3007200199934912,0.5758269762031877,0.5170163381568582,0.5433497010771511,3
validation,769895,2026-06-04T23:35:00-07:00,769895_1780641300_H30,770116,1,0.125,0.9805310006847898,0.6578152456099651,0.5613958991228868,0.5275625483756172,4
validation,769895,2026-06-04T23:35:00-07:00,769895_1780641300_H30,770385,5,0.23285029237671376,0.5049748570959174,0.33157670652330645,0.8736970957681084,0.376099828685789,5
validation,769895,2026-06-04T23:40:00-07:00,769895_1780641600_H30,769847,4,0.7658937862112813,0.3709874706661459,0.4441076408043507,0.9419724454458621,0.5903909789345098,1
validation,769895,2026-06-04T23:40:00-07:00,769895_1780641600_H30,769880,2,0.7658937862112813,0.2251246590419992,0.6556829452252355,0.8807126657200628,0.5371490740597838,2
validation,769895,2026-06-04T23:40:00-07:00,769895_1780641600_H30,770116,1,0.125,0.9910980103040599,0.6578152456099651,0.5613958991228868,0.5320097789075887,3
validation,769895,2026-06-04T23:40:00-07:00,769895_1780641600_H30,769866,3,0.7493720392939975,0.19784713272550858,0.5758269762031877,0.7089696544206835,0.5072008146068839,4
validation,769895,2026-06-04T23:40:00-07:00,769895_1780641600_H30,770385,5,0.23285029237671376,0.5673799249171186,0.33157670652330645,0.8120366024225989,0.4000680745122065,5
validation,769895,2026-06-04T23:45:00-07:00,769895_1780641900_H30,769866,3,0.7493720392939975,0.39032466483064565,0.5758269762031877,0.8571484217043966,0.5937234012692767,1
validation,769895,2026-06-04T23:45:00-07:00,769895_1780641900_H30,769847,4,0.7658937862112813,0.32480907717938057,0.4441076408043507,0.40912669647468686,0.5511191535496129,2
validation,769895,2026-06-04T23:45:00-07:00,769895_1780641900_H30,769880,2,0.7658937862112813,0.261911391770669,0.6556829452252355,0.5558659715918587,0.5405374916799612,3
validation,769895,2026-06-04T23:45:00-07:00,769895_1780641900_H30,770116,1,0.125,0.9867041439672121,0.6578152456099651,0.5613958991228868,0.530160576793587,4
validation,769895,2026-06-04T23:45:00-07:00,769895_1780641900_H30,770385,5,0.23285029237671376,0.5425992028933311,0.33157670652330645,0.7599298976689022,0.3876989939957137,5
validation,769895,2026-06-04T23:50:00-07:00,769895_1780642200_H30,769880,2,0.7658937862112813,0.5465395379885069,0.6556829452252355,0.8711514120974035,0.6720637517386436,1
validation,769895,2026-06-04T23:50:00-07:00,769895_1780642200_H30,769866,3,0.7493720392939975,0.4587615737980355,0.5758269762031877,0.6355341769955826,0.6142753257414233,2
validation,769895,2026-06-04T23:50:00-07:00,769895_1780642200_H30,770116,1,0.125,0.9918716950645153,0.6578152456099651,0.46378244769865906,0.5287013630910588,3
validation,769895,2026-06-04T23:50:00-07:00,769895_1780642200_H30,769847,4,0.7658937862112813,0.25723423181182303,0.4441076408043507,0.5457572978525391,0.5277662005864914,4
validation,769895,2026-06-04T23:50:00-07:00,769895_1780642200_H30,770385,5,0.23285029237671376,0.3083511075280657,0.33157670652330645,0.3052385823922151,0.2721857675157516,5
validation,769895,2026-06-04T23:55:00-07:00,769895_1780642500_H30,769847,4,0.7658937862112813,0.6409268483311094,0.4441076408043507,0.3852093032011226,0.6832700295949371,1
validation,769895,2026-06-04T23:55:00-07:00,769895_1780642500_H30,769866,3,0.7493720392939975,0.5141789456357814,0.5758269762031877,0.47360013344401636,0.6315696696812023,2
validation,769895,2026-06-04T23:55:00-07:00,769895_1780642500_H30,769880,2,0.7658937862112813,0.4893509863339164,0.6556829452252355,0.2843479344949542,0.6261494125191374,3
validation,769895,2026-06-04T23:55:00-07:00,769895_1780642500_H30,770116,1,0.125,0.995893193190871,0.6578152456099651,0.5196264456759219,0.5324728536992412,4
validation,769895,2026-06-04T23:55:00-07:00,769895_1780642500_H30,770385,5,0.23285029237671376,0.76195430670183,0.33157670652330645,0.7874959485060724,0.481043009552581,5
validation,769895,2026-06-06T07:20:00-07:00,769895_1780755600_H30,769847,4,0.4325604528779481,0.7183546268686078,0.4441076408043507,0.3113245780636761,0.5488953464933551,1
validation,769895,2026-06-06T07:20:00-07:00,769895_1780755600_H30,770385,5,0.23285029237671376,0.8315473153978651,0.33157670652330645,0.6592507107400672,0.5055575032877521,2
validation,769895,2026-06-06T07:20:00-07:00,769895_1780755600_H30,769880,2,0.4325604528779481,0.5585128302965323,0.6556829452252355,0.3680827174015854,0.49416390944475497,3
validation,769895,2026-06-06T07:20:00-07:00,769895_1780755600_H30,769866,3,0.24937203929399754,0.5834037363872677,0.5758269762031877,0.9470236501175541,0.4320131443881413,4
validation,769895,2026-06-06T07:20:00-07:00,769895_1780755600_H30,770116,1,0.125,0.7416493293575683,0.6578152456099651,0.3396407583198181,0.41877116280630233,5
validation,769895,2026-06-06T07:25:00-07:00,769895_1780755900_H30,769847,4,0.4117271195446147,0.6707508645738679,0.4441076408043507,0.5506815719502229,0.5275086553475578,1
validation,769895,2026-06-06T07:25:00-07:00,769895_1780755900_H30,770385,5,0.23285029237671376,0.8440662385320098,0.33157670652330645,0.7378926469733057,0.5137539584635985,2
validation,769895,2026-06-06T07:25:00-07:00,769895_1780755900_H30,769880,2,0.4117271195446147,0.42665105413780735,0.6556829452252355,0.19387655648431612,0.4219199522034044,3
validation,769895,2026-06-06T07:25:00-07:00,769895_1780755900_H30,770116,1,0.125,0.7446907089042196,0.6578152456099651,0.36347707318757444,0.4209385541516747,4
validation,769895,2026-06-06T07:25:00-07:00,769895_1780755900_H30,769866,3,0.24937203929399754,0.5739547871737909,0.5758269762031877,0.2822283079829426,0.4032869479557263,5
validation,769895,2026-06-06T07:30:00-07:00,769895_1780756200_H30,769847,4,0.39089378621128135,0.7546464888199489,0.4441076408043507,0.35413426917440477,0.5452366012128107,1
validation,769895,2026-06-06T07:30:00-07:00,769895_1780756200_H30,770385,5,0.23285029237671376,0.7563517659633927,0.33157670652330645,0.8472725935266957,0.4809105358101575,2
validation,769895,2026-06-06T07:30:00-07:00,769895_1780756200_H30,770116,1,0.125,0.7590876939558726,0.6578152456099651,0.38357774978047493,0.427745991191705,3
validation,769895,2026-06-06T07:30:00-07:00,769895_1780756200_H30,769866,3,0.24937203929399754,0.48408230635064853,0.5758269762031877,0.23026840329831028,0.3635288220169789,4
validation,769895,2026-06-06T07:30:00-07:00,769895_1780756200_H30,769880,2,0.39089378621128135,0.21238248878763888,0.6556829452252355,0.16980622309547533,0.3205836546702209,5
validation,769895,2026-06-06T07:35:00-07:00,769895_1780756500_H30,769847,4,0.37006045287794803,0.6973178730287932,0.4441076408043507,0.8584604961815437,0.5296215878248322,1
validation,769895,2026-06-06T07:35:00-07:00,769895_1780756500_H30,770385,5,0.23285029237671376,0.8533868169942362,0.33157670652330645,0.9637960179040567,0.5260867206811887,2
validation,769895,2026-06-06T07:35:00-07:00,769895_1780756500_H30,769880,2,0.37006045287794803,0.5236736381780908,0.6556829452252355,0.6191026559252617,0.45805722448110997,3
validation,769895,2026-06-06T07:35:00-07:00,769895_1780756500_H30,770116,1,0.125,0.810408815996042,0.6578152456099651,0.3888427445927081,0.44954100237364636,4
validation,769895,2026-06-06T07:35:00-07:00,769895_1780756500_H30,769866,3,0.24937203929399754,0.5833505367406836,0.5758269762031877,0.656220794756938,0.42116452226350415,5
validation,769895,2026-06-06T07:40:00-07:00,769895_1780756800_H30,769847,4,0.3492271195446147,0.7669864129692331,0.4441076408043507,0.7471831671931369,0.5445364207347289,1
validation,769895,2026-06-06T07:40:00-07:00,769895_1780756800_H30,770385,5,0.23285029237671376,0.8648653832513997,0.33157670652330645,0.9999975198483257,0.5322653262200293,2
validation,769895,2026-06-06T07:40:00-07:00,769895_1780756800_H30,770116,1,0.125,0.8292543060702094,0.6578152456099651,0.4494698613029803,0.4597293862644931,3
validation,769895,2026-06-06T07:40:00-07:00,769895_1780756800_H30,769880,2,0.3492271195446147,0.4580205443278055,0.6556829452252355,0.8697004443863094,0.42949277455023654,4
validation,769895,2026-06-06T07:40:00-07:00,769895_1780756800_H30,769866,3,0.24937203929399754,0.568809551025295,0.5758269762031877,0.7785498122485621,0.4195989633975544,5
validation,769895,2026-06-06T07:45:00-07:00,769895_1780757100_H30,770385,5,0.23285029237671376,0.8638930117502814,0.33157670652330645,0.8853976025986218,0.5275896801289822,1
validation,769895,2026-06-06T07:45:00-07:00,769895_1780757100_H30,769847,4,0.32839378621128135,0.695037416976093,0.4441076408043507,0.38683353670749665,0.4905774573530874,2
validation,769895,2026-06-06T07:45:00-07:00,769895_1780757100_H30,770116,1,0.125,0.8325397971052644,0.6578152456099651,0.5065032804191688,0.4632354016930264,3
validation,769895,2026-06-06T07:45:00-07:00,769895_1780757100_H30,769866,3,0.24937203929399754,0.6748675885299341,0.5758269762031877,0.6275256897102593,0.4586120953806443,4
validation,769895,2026-06-06T07:45:00-07:00,769895_1780757100_H30,769880,2,0.32839378621128135,0.5373677948233967,0.6556829452252355,0.9172108186910622,0.4543924593788405,5
validation,769895,2026-06-12T23:30:00-07:00,769895_1781332200_H30,769847,4,0.7658937862112813,0.6666772695780823,0.4441076408043507,0.3912491947263602,0.6943322068422323,1
validation,769895,2026-06-12T23:30:00-07:00,769895_1781332200_H30,769880,2,0.7658937862112813,0.4065156216496628,0.6556829452252355,0.14296456170116986,0.5860238008228001,2
validation,769895,2026-06-12T23:30:00-07:00,769895_1781332200_H30,769866,3,0.7493720392939975,0.3584564489408013,0.5758269762031877,0.19458789373064309,0.5556450340561444,3
validation,769895,2026-06-12T23:30:00-07:00,769895_1781332200_H30,770116,1,0.125,0.9790449828828665,0.6578152456099651,0.36788545882194623,0.5197329874689459,4
validation,769895,2026-06-12T23:30:00-07:00,769895_1781332200_H30,770385,5,0.23285029237671376,0.3913706544021279,0.33157670652330645,0.48501150005535154,0.31381808963308744,5
validation,769895,2026-06-12T23:35:00-07:00,769895_1781332500_H30,769847,4,0.7658937862112813,0.6211389574648323,0.4441076408043507,0.5121772767611709,0.679668961418514,1
validation,769895,2026-06-12T23:35:00-07:00,769895_1781332500_H30,770116,1,0.125,0.9790449004252293,0.6578152456099651,0.999974569682892,0.5432648526969417,2
validation,769895,2026-06-12T23:35:00-07:00,769895_1781332500_H30,769866,3,0.7493720392939975,0.3071064951440192,0.5758269762031877,0.19283214247783328,0.5339685335644717,3
validation,769895,2026-06-12T23:35:00-07:00,769895_1781332500_H30,769880,2,0.7658937862112813,0.2318568918402797,0.6556829452252355,0.10592783112626886,0.511138114665722,4
validation,769895,2026-06-12T23:35:00-07:00,769895_1781332500_H30,770385,5,0.23285029237671376,0.3840770563585221,0.33157670652330645,0.5307813997370782,0.312452463798757,5
validation,769895,2026-06-12T23:40:00-07:00,769895_1781332800_H30,769847,4,0.7658937862112813,0.5654799239678441,0.4441076408043507,0.35431193580294007,0.6503671741462456,1
validation,769895,2026-06-12T23:40:00-07:00,769895_1781332800_H30,769880,2,0.7658937862112813,0.43848398422767976,0.6556829452252355,0.745501086496359,0.6219096959702057,2
validation,769895,2026-06-12T23:40:00-07:00,769895_1781332800_H30,769866,3,0.7493720392939975,0.3648983107684869,0.5758269762031877,0.5938773017982282,0.5732212087443433,3
validation,769895,2026-06-12T23:40:00-07:00,769895_1781332800_H30,770116,1,0.125,0.9810793045903188,0.6578152456099651,0.9163591576853966,0.5410081528993802,4
validation,769895,2026-06-12T23:40:00-07:00,769895_1781332800_H30,770385,5,0.23285029237671376,0.3950140833932885,0.33157670652330645,0.383627671850077,0.31157706757605275,5
validation,769895,2026-06-12T23:45:00-07:00,769895_1781333100_H30,769847,4,0.7658937862112813,0.6554504226467681,0.4441076408043507,0.40972879881934576,0.690295250174794,1
validation,769895,2026-06-12T23:45:00-07:00,769895_1781333100_H30,769866,3,0.7493720392939975,0.43973355340911613,0.5758269762031877,0.8467868894780516,0.6141318737060156,2
validation,769895,2026-06-12T23:45:00-07:00,769895_1781333100_H30,769880,2,0.7658937862112813,0.38326238940011703,0.6556829452252355,0.3744905192035975,0.5848568745478107,3
validation,769895,2026-06-12T23:45:00-07:00,769895_1781333100_H30,770116,1,0.125,0.9736199479108513,0.6578152456099651,0.19746874269050158,0.5111054031580439,4
validation,769895,2026-06-12T23:45:00-07:00,769895_1781333100_H30,770385,5,0.23285029237671376,0.6470380844679919,0.33157670652330645,0.9027517839966729,0.4369702135763194,5
validation,769895,2026-06-12T23:50:00-07:00,769895_1781333400_H30,769847,4,0.7658937862112813,0.6774739057199879,0.4441076408043507,0.6016325525871419,0.7067083915440038,1
validation,769895,2026-06-12T23:50:00-07:00,769895_1781333400_H30,769880,2,0.7658937862112813,0.3147422956428778,0.6556829452252355,0.36105292499628705,0.5555192501579913,2
validation,769895,2026-06-12T23:50:00-07:00,769895_1781333400_H30,769866,3,0.7493720392939975,0.3066558521624386,0.5758269762031877,0.6258055546279896,0.549897943450065,3
validation,769895,2026-06-12T23:50:00-07:00,769895_1781333400_H30,770116,1,0.125,0.9906326410124437,0.6578152456099651,0.5196363326203228,0.5302592663539332,4
validation,769895,2026-06-12T23:50:00-07:00,769895_1781333400_H30,770385,5,0.23285029237671376,0.6108813287403811,0.33157670652330645,0.7963329569174101,0.41779144324525963,5
validation,769895,2026-06-12T23:55:00-07:00,769895_1781333700_H30,769847,4,0.7658937862112813,0.6554583150893564,0.4441076408043507,0.9129580650116594,0.7090331782391242,1
validation,769895,2026-06-12T23:55:00-07:00,769895_1781333700_H30,769866,3,0.7493720392939975,0.32701948073855247,0.5758269762031877,0.39660919161477726,0.5499354793705145,2
validation,769895,2026-06-12T23:55:00-07:00,769895_1781333700_H30,769880,2,0.7658937862112813,0.2934479964669079,0.6556829452252355,0.2499388094562583,0.5424206918801922,3
validation,769895,2026-06-12T23:55:00-07:00,769895_1781333700_H30,770116,1,0.125,0.9822264727400959,0.6578152456099651,0.14029684824414299,0.5125991049810973,4
validation,769895,2026-06-12T23:55:00-07:00,769895_1781333700_H30,770385,5,0.23285029237671376,0.5337301897699083,0.33157670652330645,0.5000052486146253,0.3742897071902674,5
validation,769895,2026-06-17T11:15:00-07:00,769895_1781720100_H30,769880,2,0.4950604528779481,0.8524200304246061,0.6556829452252355,0.9383748006331158,0.6698783644993671,1
validation,769895,2026-06-17T11:15:00-07:00,769895_1781720100_H30,769847,4,0.4950604528779481,0.753880428220935,0.4441076408043507,0.5247833733198864,0.6025829695506205,2
validation,769895,2026-06-17T11:15:00-07:00,769895_1781720100_H30,770116,1,0.125,0.8283453288021188,0.6578152456099651,0.12728216232973355,0.44735218254752357,3
validation,769895,2026-06-17T11:15:00-07:00,769895_1781720100_H30,769866,3,0.24937203929399754,0.6594326306163555,0.5758269762031877,0.27498008722708056,0.43899130161335453,4
validation,769895,2026-06-17T11:15:00-07:00,769895_1781720100_H30,770385,5,0.23285029237671376,0.22957717657162535,0.33157670652330645,0.1386650940802068,0.23283165337226333,5
validation,769965,2026-06-03T17:30:00-07:00,769965_1780533000_H30,769926,5,0.6527984948132077,0.811893815016474,0.4299201246592394,0.8052485515887173,0.7144473133559185,1
validation,769965,2026-06-03T17:30:00-07:00,769965_1780533000_H30,769867,4,0.6527984948132077,0.708769499076559,0.5056967074374724,0.2821755237705963,0.6553073645001274,2
validation,769965,2026-06-03T17:30:00-07:00,769965_1780533000_H30,770129,1,0.6527984948132077,0.6616355226738793,0.6996725373751304,0.323516144054331,0.6465688430426632,3
validation,769965,2026-06-03T17:30:00-07:00,769965_1780533000_H30,770141,3,0.6527984948132077,0.5632635412219182,0.655682945225236,0.5007146996611055,0.6095970783368562,4
validation,769965,2026-06-03T17:30:00-07:00,769965_1780533000_H30,769911,2,0.5416790968879246,0.39564355645953797,0.655682945225236,0.42020722115167486,0.48131450878154897,5
validation,769965,2026-06-03T17:35:00-07:00,769965_1780533300_H30,769926,5,0.6527984948132077,0.7703600522029341,0.4299201246592394,0.79562893707278,0.6966092919915149,1
validation,769965,2026-06-03T17:35:00-07:00,769965_1780533300_H30,769867,4,0.6527984948132077,0.7045436976642613,0.5056967074374724,0.2856374004763108,0.6536577755827663,2
validation,769965,2026-06-03T17:35:00-07:00,769965_1780533300_H30,770129,1,0.6527984948132077,0.6325318807038418,0.6996725373751304,0.3235161440543311,0.6343202874130092,3
validation,769965,2026-06-03T17:35:00-07:00,769965_1780533300_H30,769911,2,0.5416790968879246,0.6741187618404645,0.655682945225236,0.8569736980533803,0.6147738323468693,4
validation,769965,2026-06-03T17:35:00-07:00,769965_1780533300_H30,770141,3,0.6527984948132077,0.5305407825179791,0.655682945225236,0.599907802876663,0.5995182188221184,5
validation,769965,2026-06-03T17:40:00-07:00,769965_1780533600_H30,769867,4,0.6527984948132077,0.8421880632148957,0.5056967074374724,0.5065075177507002,0.7198094911930631,1
validation,769965,2026-06-03T17:40:00-07:00,769965_1780533600_H30,769926,5,0.6527984948132077,0.739749157999927,0.4299201246592394,0.1962352682545006,0.6614117054997612,2
validation,769965,2026-06-03T17:40:00-07:00,769965_1780533600_H30,770129,1,0.6527984948132077,0.6577678014318921,0.6996725373751304,0.5706102448740171,0.6541400836676055,3
validation,769965,2026-06-03T17:40:00-07:00,769965_1780533600_H30,770141,3,0.6527984948132077,0.5439034827553342,0.655682945225236,0.6568661432796198,0.6072625323436878,4
validation,769965,2026-06-03T17:40:00-07:00,769965_1780533600_H30,769911,2,0.5416790968879246,0.5728035989757073,0.655682945225236,0.5005942387698891,0.5588667749876931,5
validation,769965,2026-06-03T17:45:00-07:00,769965_1780533900_H30,769926,5,0.6527984948132077,0.8607484836967967,0.4299201246592394,0.801053895264854,0.7348521220685983,1
validation,769965,2026-06-03T17:45:00-07:00,769965_1780533900_H30,769867,4,0.6527984948132077,0.7717680179568834,0.5056967074374724,0.5581766254407726,0.6920960958290946,2
validation,769965,2026-06-03T17:45:00-07:00,769965_1780533900_H30,770129,1,0.6527984948132077,0.7218338034803297,0.6996725373751304,0.510839554470368,0.6788777051327578,3
validation,769965,2026-06-03T17:45:00-07:00,769965_1780533900_H30,770141,3,0.6527984948132077,0.5952783308242229,0.655682945225236,0.7873039223687583,0.6337401834134623,4
validation,769965,2026-06-03T17:45:00-07:00,769965_1780533900_H30,769911,2,0.5416790968879246,0.6179905679936827,0.655682945225236,0.38618423818874653,0.5736248143473704,5
validation,769965,2026-06-03T17:50:00-07:00,769965_1780534200_H30,770129,1,0.6527984948132077,0.7323507516306066,0.6996725373751304,0.575803554262209,0.6857223965865932,1
validation,769965,2026-06-03T17:50:00-07:00,769965_1780534200_H30,770141,3,0.6527984948132077,0.6814728487478836,0.655682945225236,0.980204774530843,0.6771974603552428,2
validation,769965,2026-06-03T17:50:00-07:00,769965_1780534200_H30,769867,4,0.6527984948132077,0.6986625291798155,0.5056967074374724,0.2493883649761559,0.6498331206527931,3
validation,769965,2026-06-03T17:50:00-07:00,769965_1780534200_H30,769911,2,0.5416790968879246,0.6699591015153084,0.655682945225236,0.38802557267998944,0.5955648363941904,4
validation,769965,2026-06-03T17:50:00-07:00,769965_1780534200_H30,769926,5,0.6527984948132077,0.3768708364642622,0.4299201246592394,0.07172224352651096,0.5040553074019561,5
validation,769965,2026-06-03T17:55:00-07:00,769965_1780534500_H30,770141,3,0.6527984948132077,0.7638873659020831,0.655682945225236,0.29334859742810493,0.6863116147549986,1
validation,769965,2026-06-03T17:55:00-07:00,769965_1780534500_H30,769867,4,0.6527984948132077,0.7756592531848024,0.5056967074374724,0.2348932940207935,0.6816983199789495,2
validation,769965,2026-06-03T17:55:00-07:00,769965_1780534500_H30,769926,5,0.6527984948132077,0.694567534317049,0.4299201246592394,0.6098980473803067,0.6577967285484428,3
validation,769965,2026-06-03T17:55:00-07:00,769965_1780534500_H30,770129,1,0.6527984948132077,0.6482251807030136,0.6996725373751304,0.20234675693853665,0.6364139807566961,4
validation,769965,2026-06-03T17:55:00-07:00,769965_1780534500_H30,769911,2,0.5416790968879246,0.5975334621137675,0.655682945225236,0.6280601260266911,0.5740199806883606,5
validation,769965,2026-06-04T23:30:00-07:00,769965_1780641000_H30,770129,1,0.6527984948132077,0.4762692746944611,0.6996725373751304,0.6186085577124739,0.5795415513576748,1
validation,769965,2026-06-04T23:30:00-07:00,769965_1780641000_H30,769867,4,0.6527984948132077,0.3640199079052351,0.5056967074374724,0.7709492565959978,0.5284125333640756,2
validation,769965,2026-06-04T23:30:00-07:00,769965_1780641000_H30,769926,5,0.6527984948132077,0.2698326618892781,0.4299201246592394,0.39281544294235693,0.47096113753112556,3
validation,769965,2026-06-04T23:30:00-07:00,769965_1780641000_H30,770141,3,0.15279849481320767,0.7924955210050929,0.655682945225236,0.21790001501277753,0.44922734358525657,4
validation,769965,2026-06-04T23:30:00-07:00,769965_1780641000_H30,769911,2,0.4708457635545913,0.21332491165773404,0.655682945225236,0.667915518821673,0.37891109160128345,5
validation,769965,2026-06-04T23:35:00-07:00,769965_1780641300_H30,770129,1,0.6527984948132077,0.4509786326153232,0.6996725373751304,0.7286176446104736,0.5729932374118608,1
validation,769965,2026-06-04T23:35:00-07:00,769965_1780641300_H30,769867,4,0.6527984948132077,0.36722484072995853,0.5056967074374724,0.398149122347437,0.5158824707100914,2
validation,769965,2026-06-04T23:35:00-07:00,769965_1780641300_H30,770141,3,0.15279849481320767,0.8403170120658019,0.655682945225236,0.8624514958019436,0.4933493498012045,3
validation,769965,2026-06-04T23:35:00-07:00,769965_1780641300_H30,769926,5,0.6527984948132077,0.24527205250981887,0.4299201246592394,0.14950468985165308,0.4515664021193285,4
validation,769965,2026-06-04T23:35:00-07:00,769965_1780641300_H30,769911,2,0.4666790968879246,0.24192468535869482,0.655682945225236,0.5925465186016842,0.3860890654815964,5
validation,769965,2026-06-04T23:40:00-07:00,769965_1780641600_H30,769867,4,0.6527984948132077,0.5009209604251539,0.5056967074374724,0.8886305569531974,0.5904098256327218,1
validation,769965,2026-06-04T23:40:00-07:00,769965_1780641600_H30,770129,1,0.6527984948132077,0.3698805515486363,0.6996725373751304,0.3961853728572644,0.5264862632533025,2
validation,769965,2026-06-04T23:40:00-07:00,769965_1780641600_H30,769926,5,0.6527984948132077,0.2906785149958575,0.4299201246592394,0.6313476754844267,0.488614582576451,3
validation,769965,2026-06-04T23:40:00-07:00,769965_1780641600_H30,770141,3,0.15279849481320767,0.8466442921850503,0.655682945225236,0.6609086093585549,0.4885090545299063,4
validation,769965,2026-06-04T23:40:00-07:00,769965_1780641600_H30,769911,2,0.46251243022125793,0.26806682187646436,0.655682945225236,0.828583783626991,0.4038259905697899,5
validation,769965,2026-06-04T23:45:00-07:00,769965_1780641900_H30,770129,1,0.6527984948132077,0.6110666844532351,0.6996725373751304,0.5274282636110648,0.6328778445631377,1
validation,769965,2026-06-04T23:45:00-07:00,769965_1780641900_H30,769867,4,0.6527984948132077,0.5811584057575828,0.5056967074374724,0.466877827531371,0.6084772130171412,2
validation,769965,2026-06-04T23:45:00-07:00,769965_1780641900_H30,769926,5,0.6527984948132077,0.4488827669735498,0.4299201246592394,0.7931540766747543,0.5612202602943293,3
validation,769965,2026-06-04T23:45:00-07:00,769965_1780641900_H30,769911,2,0.4583457635545913,0.6321684040875813,0.655682945225236,0.521570594015766,0.5435793913226226,4
validation,769965,2026-06-04T23:45:00-07:00,769965_1780641900_H30,770141,3,0.15279849481320767,0.8057086445644313,0.655682945225236,0.6998524815551642,0.4727307147233847,5
validation,769965,2026-06-04T23:50:00-07:00,769965_1780642200_H30,770129,1,0.6527984948132077,0.6327001597531788,0.6996725373751304,0.35961030533674354,0.6357348505331134,1
validation,769965,2026-06-04T23:50:00-07:00,769965_1780642200_H30,769867,4,0.6527984948132077,0.5906798409611668,0.5056967074374724,0.8519757336124095,0.6268211244661411,2
validation,769965,2026-06-04T23:50:00-07:00,769965_1780642200_H30,769926,5,0.6527984948132077,0.40730115194683625,0.4299201246592394,0.6679189177317661,0.5390578753767031,3
validation,769965,2026-06-04T23:50:00-07:00,769965_1780642200_H30,770141,3,0.15279849481320767,0.9116833227048349,0.655682945225236,0.481773921127183,0.5092124098685931,4
validation,769965,2026-06-04T23:50:00-07:00,769965_1780642200_H30,769911,2,0.46251243022125793,0.3950349150387671,0.655682945225236,0.4665474339213178,0.4437836007215032,5
validation,769965,2026-06-04T23:55:00-07:00,769965_1780642500_H30,770129,1,0.6527984948132077,0.6698493615163605,0.6996725373751304,0.6215794094863712,0.6611222470360724,1
validation,769965,2026-06-04T23:55:00-07:00,769965_1780642500_H30,769926,5,0.6527984948132077,0.40288662980818246,0.4299201246592394,0.7403550350591634,0.539896687593315,2
validation,769965,2026-06-04T23:55:00-07:00,769965_1780642500_H30,770141,3,0.15279849481320767,0.9240357514802862,0.655682945225236,0.8354140626449779,0.5275766390959463,3
validation,769965,2026-06-04T23:55:00-07:00,769965_1780642500_H30,769867,4,0.6527984948132077,0.36903489948533896,0.5056967074374724,0.17982427400541992,0.5085162863469335,4
validation,769965,2026-06-04T23:55:00-07:00,769965_1780642500_H30,769911,2,0.4583457635545913,0.3972976247717701,0.655682945225236,0.21299365166234702,0.4332437604799976,5
validation,769965,2026-06-06T07:20:00-07:00,769965_1780755600_H30,770129,1,0.31946516147987436,0.7177211986172318,0.6996725373751304,0.8722708893450012,0.5263922263822668,1
validation,769965,2026-06-06T07:20:00-07:00,769965_1780755600_H30,769926,5,0.31946516147987436,0.6004034613085864,0.4299201246592394,0.5279210486303577,0.45090465186793266,2
validation,769965,2026-06-06T07:20:00-07:00,769965_1780755600_H30,769867,4,0.15279849481320767,0.6743133722335821,0.5056967074374724,0.45239350198877704,0.40082773021873025,3
validation,769965,2026-06-06T07:20:00-07:00,769965_1780755600_H30,770141,3,0.15279849481320767,0.5357540552399624,0.655682945225236,0.17372701553360698,0.33953065148968686,4
validation,769965,2026-06-06T07:20:00-07:00,769965_1780755600_H30,769911,2,0.2416790968879246,0.12380954110975073,0.655682945225236,0.4871798259669848,0.22161451898403547,5
validation,769965,2026-06-06T07:25:00-07:00,769965_1780755900_H30,770129,1,0.29863182814654105,0.7614756028677309,0.6996725373751304,0.6551773876677917,0.5264614330101529,1
validation,769965,2026-06-06T07:25:00-07:00,769965_1780755900_H30,769867,4,0.15279849481320767,0.7105117949254522,0.5056967074374724,0.4953194079962443,0.4176602731684294,2
validation,769965,2026-06-06T07:25:00-07:00,769965_1780755900_H30,769926,5,0.29863182814654105,0.5173847053612164,0.4299201246592394,0.5511947557556474,0.40656869538562224,3
validation,769965,2026-06-06T07:25:00-07:00,769965_1780755900_H30,770141,3,0.15279849481320767,0.5027979287003637,0.655682945225236,0.1929322072242062,0.3263757252766708,4
validation,769965,2026-06-06T07:25:00-07:00,769965_1780755900_H30,769911,2,0.2291790968879246,0.023809359457368062,0.655682945225236,0.2556479834227559,0.16475092168748562,5
validation,769965,2026-06-06T07:30:00-07:00,769965_1780756200_H30,770129,1,0.2777984948132077,0.7483886377193125,0.6996725373751304,0.6031635916238041,0.5087541013669616,1
validation,769965,2026-06-06T07:30:00-07:00,769965_1780756200_H30,769867,4,0.15279849481320767,0.6585085620293094,0.5056967074374724,0.8057587158263634,0.40733147165786754,2
validation,769965,2026-06-06T07:30:00-07:00,769965_1780756200_H30,769926,5,0.2777984948132077,0.4535132032309305,0.4299201246592394,0.6944328047536785,0.37475717494010263,3
validation,769965,2026-06-06T07:30:00-07:00,769965_1780756200_H30,770141,3,0.15279849481320767,0.5618914811027041,0.655682945225236,0.3091781611163167,0.35557352523041363,4
validation,769965,2026-06-06T07:30:00-07:00,769965_1780756200_H30,769911,2,0.2166790968879246,0.0,0.655682945225236,0.2572678445189712,0.1486329367036432,5
validation,769965,2026-06-06T07:35:00-07:00,769965_1780756500_H30,769926,5,0.25696516147987436,0.6860931663247587,0.4299201246592394,0.8402688673641062,0.46780690711832484,1
validation,769965,2026-06-06T07:35:00-07:00,769965_1780756500_H30,769867,4,0.15279849481320767,0.7504593698888818,0.5056967074374724,0.4565639235894748,0.43302978626834543,2
validation,769965,2026-06-06T07:35:00-07:00,769965_1780756500_H30,770129,1,0.25696516147987436,0.5989778704400284,0.6996725373751304,0.20673102220286838,0.4208512618288855,3
validation,769965,2026-06-06T07:35:00-07:00,769965_1780756500_H30,770141,3,0.15279849481320767,0.4223964964251955,0.655682945225236,0.14417124648401553,0.2907226765586462,4
validation,769965,2026-06-06T07:35:00-07:00,769965_1780756500_H30,769911,2,0.2041790968879246,0.20751115924726116,0.655682945225236,0.47125219756998143,0.23777454910630905,5
validation,769965,2026-06-06T07:40:00-07:00,769965_1780756800_H30,770129,1,0.23613182814654102,0.7420799263408395,0.6996725373751304,0.5208085430424683,0.4825067541090031,1
validation,769965,2026-06-06T07:40:00-07:00,769965_1780756800_H30,769867,4,0.15279849481320767,0.8302261957045127,0.5056967074374724,0.5616552657013141,0.47051286537462916,2
validation,769965,2026-06-06T07:40:00-07:00,769965_1780756800_H30,769926,5,0.23613182814654102,0.6974057850981732,0.4299201246592394,0.9706949757207107,0.4671603949234985,3
validation,769965,2026-06-06T07:40:00-07:00,769965_1780756800_H30,770141,3,0.15279849481320767,0.5800978795077736,0.655682945225236,0.38530926903654544,0.3660701355881471,4
validation,769965,2026-06-06T07:40:00-07:00,769965_1780756800_H30,769911,2,0.1916790968879246,0.24056578028185127,0.655682945225236,0.38962550604018653,0.24248916610195212,5
validation,769965,2026-06-06T07:45:00-07:00,769965_1780757100_H30,770129,1,0.21529849481320767,0.7867406968510768,0.6996725373751304,0.8669718543422419,0.5039267721095184,1
validation,769965,2026-06-06T07:45:00-07:00,769965_1780757100_H30,769867,4,0.15279849481320767,0.8059166065303413,0.5056967074374724,0.9825681271442368,0.47595200226684,2
validation,769965,2026-06-06T07:45:00-07:00,769965_1780757100_H30,769926,5,0.21529849481320767,0.7649143696433119,0.4299201246592394,0.4506329616705301,0.465947638345497,3
validation,769965,2026-06-06T07:45:00-07:00,769965_1780757100_H30,770141,3,0.15279849481320767,0.6074222814080643,0.655682945225236,0.44527302268057056,0.3798022572074858,4
validation,769965,2026-06-06T07:45:00-07:00,769965_1780757100_H30,769911,2,0.1791790968879246,0.10794976474970908,0.655682945225236,0.9716651185764305,0.20218713679298966,5
validation,769965,2026-06-12T23:30:00-07:00,769965_1781332200_H30,769926,5,0.6527984948132077,0.5176856550812378,0.4299201246592394,0.055058305036696314,0.5626982388934799,1
validation,769965,2026-06-12T23:30:00-07:00,769965_1781332200_H30,770129,1,0.6527984948132077,0.35766091347943674,0.6996725373751304,0.10406070856137226,0.5104680658420991,2
validation,769965,2026-06-12T23:30:00-07:00,769965_1781332200_H30,769867,4,0.6527984948132077,0.3792315560296864,0.5056967074374724,0.06694548908094955,0.5086053118369047,3
validation,769965,2026-06-12T23:30:00-07:00,769965_1781332200_H30,769911,2,0.4416790968879246,0.5142838921439739,0.655682945225236,0.10871980796580832,0.4703860868620779,4
validation,769965,2026-06-12T23:30:00-07:00,769965_1781332200_H30,770141,3,0.15279849481320767,0.6956636523264648,0.655682945225236,0.5990423615029135,0.42266415438280663,5
validation,769965,2026-06-12T23:35:00-07:00,769965_1781332500_H30,770129,1,0.6527984948132077,0.4348712234905946,0.6996725373751304,0.17144102002981124,0.5454712747072901,1
validation,769965,2026-06-12T23:35:00-07:00,769965_1781332500_H30,769867,4,0.6527984948132077,0.29095490495515697,0.5056967074374724,0.17076853851990562,0.47531841435506494,2
validation,769965,2026-06-12T23:35:00-07:00,769965_1781332500_H30,769926,5,0.6527984948132077,0.244817367514219,0.4299201246592394,0.06805691892214387,0.4483428431353684,3
validation,769965,2026-06-12T23:35:00-07:00,769965_1781332500_H30,770141,3,0.15279849481320767,0.719919772642933,0.655682945225236,0.4154731534157091,0.4260385268007968,4
validation,769965,2026-06-12T23:35:00-07:00,769965_1781332500_H30,769911,2,0.4416790968879246,0.27745556047308406,0.655682945225236,0.11624242799826125,0.37099459855264094,5
validation,769965,2026-06-12T23:40:00-07:00,769965_1781332800_H30,769867,4,0.6527984948132077,0.6564963933628021,0.5056967074374724,0.4618813016706219,0.6399979358681818,1
validation,769965,2026-06-12T23:40:00-07:00,769965_1781332800_H30,770129,1,0.6527984948132077,0.520750893429954,0.6996725373751304,0.6539214891375069,0.5995767376261268,2
validation,769965,2026-06-12T23:40:00-07:00,769965_1781332800_H30,769926,5,0.6527984948132077,0.5501901161346642,0.4299201246592394,0.6634339321719984,0.5990271389838034,3
validation,769965,2026-06-12T23:40:00-07:00,769965_1781332800_H30,769911,2,0.4416790968879246,0.4637650107987008,0.655682945225236,0.8103192040568553,0.4752443982229439,4
validation,769965,2026-06-12T23:40:00-07:00,769965_1781332800_H30,770141,3,0.15279849481320767,0.7739435405182493,0.655682945225236,0.5476140462652161,0.45369440680537376,5
validation,769965,2026-06-12T23:45:00-07:00,769965_1781333100_H30,770129,1,0.6527984948132077,0.5326271606659638,0.6996725373751304,0.8880548673994172,0.613291479793678,1
validation,769965,2026-06-12T23:45:00-07:00,769965_1781333100_H30,769867,4,0.6527984948132077,0.5123027312617584,0.5056967074374724,0.228520218092273,0.5706248607082802,2
validation,769965,2026-06-12T23:45:00-07:00,769965_1781333100_H30,769926,5,0.6527984948132077,0.3175594638103847,0.4299201246592394,0.17274620169095478,0.4828545271568587,3
validation,769965,2026-06-12T23:45:00-07:00,769965_1781333100_H30,770141,3,0.15279849481320767,0.8464594905559706,0.655682945225236,0.40062293201105453,0.47874116340087447,4
validation,769965,2026-06-12T23:45:00-07:00,769965_1781333100_H30,769911,2,0.4416790968879246,0.3184988892833017,0.655682945225236,0.14612061274969923,0.38938041756067254,5
validation,769965,2026-06-12T23:50:00-07:00,769965_1781333400_H30,770129,1,0.6527984948132077,0.6185572866375826,0.6996725373751304,0.5126240208792205,0.6354791948498073,1
validation,769965,2026-06-12T23:50:00-07:00,769965_1781333400_H30,769867,4,0.6527984948132077,0.5126106685482716,0.5056967074374724,0.8822991002547471,0.5950938425930639,2
validation,769965,2026-06-12T23:50:00-07:00,769965_1781333400_H30,769926,5,0.6527984948132077,0.3300838760681615,0.4299201246592394,0.38557387785097536,0.4960488624919564,3
validation,769965,2026-06-12T23:50:00-07:00,769965_1781333400_H30,770141,3,0.15279849481320767,0.8332336940820386,0.655682945225236,0.8595591956738822,0.4902605885809713,4
validation,769965,2026-06-12T23:50:00-07:00,769965_1781333400_H30,769911,2,0.4416790968879246,0.3385468121173879,0.655682945225236,0.5097062367963874,0.41135362966846933,5
validation,769965,2026-06-12T23:55:00-07:00,769965_1781333700_H30,770129,1,0.6527984948132077,0.6790412306789154,0.6996725373751304,0.5246498648997071,0.6613821684118482,1
validation,769965,2026-06-12T23:55:00-07:00,769965_1781333700_H30,769867,4,0.6527984948132077,0.5721469361499999,0.5056967074374724,0.7276896273578775,0.6143943493150932,2
validation,769965,2026-06-12T23:55:00-07:00,769965_1781333700_H30,769911,2,0.4416790968879246,0.4493212443911456,0.655682945225236,0.7476688373553875,0.4668332001731133,3
validation,769965,2026-06-12T23:55:00-07:00,769965_1781333700_H30,770141,3,0.15279849481320767,0.8102228909586789,0.655682945225236,0.26793516770335624,0.45855082977335765,4
validation,769965,2026-06-12T23:55:00-07:00,769965_1781333700_H30,769926,5,0.6527984948132077,0.16610877469849394,0.4299201246592394,0.2372230157731494,0.42151539888623796,5
validation,769965,2026-06-17T11:15:00-07:00,769965_1781720100_H30,770129,1,0.38196516147987436,0.714703779069722,0.6996725373751304,0.5881753103212264,0.5453352164288536,1
validation,769965,2026-06-17T11:15:00-07:00,769965_1781720100_H30,769926,5,0.38196516147987436,0.6828071573104717,0.4299201246592394,0.4606861575271543,0.5138714200234764,2
validation,769965,2026-06-17T11:15:00-07:00,769965_1781720100_H30,770141,3,0.15279849481320767,0.7283082485325022,0.655682945225236,0.8779293881623135,0.44678557651615003,3
validation,769965,2026-06-17T11:15:00-07:00,769965_1781720100_H30,769911,2,0.27917909688792464,0.1858236492826254,0.655682945225236,0.09929813237748739,0.2517470695197602,4
validation,769965,2026-06-17T11:15:00-07:00,769965_1781720100_H30,769867,4,0.15279849481320767,0.2660521954729249,0.5056967074374724,0.7124258507164207,0.2386876596948002,5
validation,775511,2026-06-06T23:30:00-07:00,775511_1780813800_H30,764311,4,0.375,0.9295333503376033,0.14630264057470097,0.8708983296857526,0.6155722195564719,1
validation,775511,2026-06-06T23:30:00-07:00,775511_1780813800_H30,764297,3,0.2982237778832464,0.9096020594814471,0.21460395078470418,0.6751299062135395,0.5654393035332869,2
validation,775511,2026-06-06T23:30:00-07:00,775511_1780813800_H30,764283,1,0.125,0.9860190616678058,0.36787944117144233,0.7629805076199491,0.5230888299468571,3
validation,775511,2026-06-06T23:30:00-07:00,775511_1780813800_H30,764290,2,0.125,0.9860190616678058,0.3403019123393269,0.7629805076199491,0.5217297966086505,4
validation,775511,2026-06-06T23:30:00-07:00,775511_1780813800_H30,764322,5,0.125,0.2370786385938346,0.1289022003850519,0.3536548640714625,0.18087424529270796,5
validation,775511,2026-06-06T23:35:00-07:00,775511_1780814100_H30,764297,3,0.2982237778832464,0.9596189904693364,0.21460395078470418,0.5573187120076474,0.5821034579140765,1
validation,775511,2026-06-06T23:35:00-07:00,775511_1780814100_H30,764311,4,0.375,0.877296261498151,0.14630264057470097,0.12400143746793617,0.5657816715834295,2
validation,775511,2026-06-06T23:35:00-07:00,775511_1780814100_H30,764283,1,0.125,0.9747425535619829,0.36787944117144233,0.44418534795830206,0.5064746483811539,3
validation,775511,2026-06-06T23:35:00-07:00,775511_1780814100_H30,764290,2,0.125,0.9747425535619829,0.3403019123393269,0.44418534795830206,0.5051156150429473,4
validation,775511,2026-06-06T23:35:00-07:00,775511_1780814100_H30,764322,5,0.125,0.2566030016395473,0.1289022003850519,0.8976987717829183,0.2093453519652855,5
validation,775511,2026-06-06T23:40:00-07:00,775511_1780814400_H30,764297,3,0.2982237778832464,0.9475006974399578,0.21460395078470418,0.7942213178889669,0.5858229469660119,1
validation,775511,2026-06-06T23:40:00-07:00,775511_1780814400_H30,764311,4,0.375,0.8293952312294051,0.14630264057470097,0.12896982059929005,0.5458070159272082,2
validation,775511,2026-06-06T23:40:00-07:00,775511_1780814400_H30,764283,1,0.125,0.9861203072793785,0.36787944117144233,0.444185347958302,0.5112630885870737,3
validation,775511,2026-06-06T23:40:00-07:00,775511_1780814400_H30,764290,2,0.125,0.9861203072793785,0.3403019123393269,0.444185347958302,0.5099040552488671,4
validation,775511,2026-06-06T23:40:00-07:00,775511_1780814400_H30,764322,5,0.125,0.3346083838897924,0.1289022003850519,0.3748991765690639,0.2227115030266196,5
validation,775511,2026-06-06T23:45:00-07:00,775511_1780814700_H30,764311,4,0.375,0.7980541688737479,0.14630264057470097,0.2575424005442499,0.5374034187617578,1
validation,775511,2026-06-06T23:45:00-07:00,775511_1780814700_H30,764297,3,0.2982237778832464,0.8492966581489603,0.21460395078470418,0.07876395244728039,0.5178572080707744,2
validation,775511,2026-06-06T23:45:00-07:00,775511_1780814700_H30,764283,1,0.125,0.9866606934012784,0.36787944117144233,0.444185347958302,0.5114905154322225,3
validation,775511,2026-06-06T23:45:00-07:00,775511_1780814700_H30,764290,2,0.125,0.9866606934012784,0.3403019123393269,0.444185347958302,0.5101314820940158,4
validation,775511,2026-06-06T23:45:00-07:00,775511_1780814700_H30,764322,5,0.125,0.2271787799439483,0.1289022003850519,0.21051674674816212,0.17137893584243186,5
validation,775511,2026-06-06T23:50:00-07:00,775511_1780815000_H30,764311,4,0.375,0.8794926768464159,0.14630264057470097,0.4335831806325115,0.5782314021268582,1
validation,775511,2026-06-06T23:50:00-07:00,775511_1780815000_H30,764297,3,0.2982237778832464,0.8867046078547035,0.21460395078470418,0.2588737323748143,0.5403059792766597,2
validation,775511,2026-06-06T23:50:00-07:00,775511_1780815000_H30,764283,1,0.125,0.9856891823240596,0.36787944117144233,0.3525469491169986,0.5076700605396189,3
validation,775511,2026-06-06T23:50:00-07:00,775511_1780815000_H30,764290,2,0.125,0.9856891823240596,0.3403019123393269,0.3525469491169986,0.5063110272014124,4
validation,775511,2026-06-06T23:50:00-07:00,775511_1780815000_H30,764322,5,0.125,0.25564516756290023,0.1289022003850519,0.7976380048776474,0.20521709877278324,5
validation,775511,2026-06-06T23:55:00-07:00,775511_1780815300_H30,764311,4,0.375,0.8688586313649824,0.14630264057470097,0.7298900920483626,0.5847871006514778,1
validation,775511,2026-06-06T23:55:00-07:00,775511_1780815300_H30,764297,3,0.2982237778832464,0.8674633942130767,0.21460395078470418,0.31923535559672056,0.534455313141655,2
validation,775511,2026-06-06T23:55:00-07:00,775511_1780815300_H30,764283,1,0.125,0.9871711437206653,0.36787944117144233,0.3525469491169986,0.5082937586536218,3
validation,775511,2026-06-06T23:55:00-07:00,775511_1780815300_H30,764290,2,0.125,0.9871711437206653,0.3403019123393269,0.3525469491169986,0.5069347253154152,4
validation,775511,2026-06-06T23:55:00-07:00,775511_1780815300_H30,764322,5,0.125,0.3486431429943879,0.1289022003850519,0.43423118368907904,0.230827027862309,5
validation,775511,2026-06-08T23:30:00-07:00,775511_1780986600_H30,764311,4,0.375,0.729292046445125,0.14630264057470097,0.18624508208627558,0.5058098878629366,1
validation,775511,2026-06-08T23:30:00-07:00,775511_1780986600_H30,764283,1,0.125,0.9796835064651328,0.36787944117144233,0.24004794982792202,0.5009543131087263,2
validation,775511,2026-06-08T23:30:00-07:00,775511_1780986600_H30,764290,2,0.125,0.9796835064651328,0.3403019123393269,0.24004794982792202,0.4995952797705197,3
validation,775511,2026-06-08T23:30:00-07:00,775511_1780986600_H30,764297,3,0.2982237778832464,0.7016891794641498,0.21460395078470418,0.3211959011928897,0.46476058365053186,4
validation,775511,2026-06-08T23:30:00-07:00,775511_1780986600_H30,764322,5,0.125,0.6434199673147905,0.1289022003850519,0.5517446687523663,0.35926165291574597,5
validation,775511,2026-06-08T23:35:00-07:00,775511_1780986900_H30,764297,3,0.2982237778832464,0.8507450872855654,0.21460395078470418,0.8329897415981192,0.54654569199917,1
validation,775511,2026-06-08T23:35:00-07:00,775511_1780986900_H30,764283,1,0.125,0.9886293783331083,0.36787944117144233,0.2989763049953341,0.5069131019437016,2
validation,775511,2026-06-08T23:35:00-07:00,775511_1780986900_H30,764290,2,0.125,0.9886293783331083,0.3403019123393269,0.2989763049953341,0.505554068605495,3
validation,775511,2026-06-08T23:35:00-07:00,775511_1780986900_H30,764311,4,0.375,0.6200208044202078,0.14630264057470097,0.2991859515451391,0.46402665431309725,4
validation,775511,2026-06-08T23:35:00-07:00,775511_1780986900_H30,764322,5,0.125,0.4983257816357801,0.1289022003850519,0.7408296920521363,0.3052367323186061,5
validation,775511,2026-06-08T23:40:00-07:00,775511_1780987200_H30,764297,3,0.2982237778832464,0.7846521062026842,0.21460395078470418,0.5211762982576315,0.5071213762203542,1
validation,775511,2026-06-08T23:40:00-07:00,775511_1780987200_H30,764311,4,0.375,0.7151596441773829,0.14630264057470097,0.3733042797637058,0.5068261103528824,2
validation,775511,2026-06-08T23:40:00-07:00,775511_1780987200_H30,764283,1,0.125,0.9805171597292577,0.36787944117144233,0.29383706341424015,0.5033076668532889,3
validation,775511,2026-06-08T23:40:00-07:00,775511_1780987200_H30,764290,2,0.125,0.9805171597292577,0.3403019123393269,0.29383706341424015,0.5019486335150823,4
validation,775511,2026-06-08T23:40:00-07:00,775511_1780987200_H30,764322,5,0.125,0.2841646429316548,0.1289022003850519,0.17206203031314365,0.19393037822946818,5
validation,775511,2026-06-08T23:45:00-07:00,775511_1780987500_H30,764311,4,0.375,0.7269874132610938,0.14630264057470097,0.38617284368822996,0.5122830247800473,1
validation,775511,2026-06-08T23:45:00-07:00,775511_1780987500_H30,764283,1,0.125,0.9904144838369963,0.36787944117144233,0.35255133829849294,0.5096589138300134,2
validation,775511,2026-06-08T23:45:00-07:00,775511_1780987500_H30,764290,2,0.125,0.9904144838369963,0.3403019123393269,0.35255133829849294,0.5082998804918067,3
validation,775511,2026-06-08T23:45:00-07:00,775511_1780987500_H30,764297,3,0.2982237778832464,0.5677614429294833,0.21460395078470418,0.11642855506905804,0.40077253448671973,4
validation,775511,2026-06-08T23:45:00-07:00,775511_1780987500_H30,764322,5,0.125,0.17493132509567533,0.1289022003850519,0.16870166256370628,0.14783335347514398,5
validation,775511,2026-06-08T23:50:00-07:00,775511_1780987800_H30,764283,1,0.125,0.9934731970780601,0.36787944117144233,0.4047348471790398,0.5128889313893812,1
validation,775511,2026-06-08T23:50:00-07:00,775511_1780987800_H30,764290,2,0.125,0.9934731970780601,0.3403019123393269,0.4047348471790398,0.5115298980511745,2
validation,775511,2026-06-08T23:50:00-07:00,775511_1780987800_H30,764311,4,0.375,0.6818611956302296,0.14630264057470097,0.6596585106114027,0.5034727445879732,3
validation,775511,2026-06-08T23:50:00-07:00,775511_1780987800_H30,764297,3,0.2982237778832464,0.4102904251559375,0.21460395078470418,0.1358553220435961,0.33522253351474607,4
validation,775511,2026-06-08T23:50:00-07:00,775511_1780987800_H30,764322,5,0.125,0.3128033521362862,0.1289022003850519,0.2606690907136518,0.2092819941499346,5
validation,775511,2026-06-08T23:55:00-07:00,775511_1780988100_H30,764311,4,0.375,0.813593032646208,0.14630264057470097,0.6247765589098431,0.5576147792016513,1
validation,775511,2026-06-08T23:55:00-07:00,775511_1780988100_H30,764283,1,0.125,0.9653362466577715,0.36787944117144233,0.07450479284357976,0.48875315882418474,2
validation,775511,2026-06-08T23:55:00-07:00,775511_1780988100_H30,764290,2,0.125,0.9653362466577715,0.3403019123393269,0.07450479284357976,0.48739412548597816,3
validation,775511,2026-06-08T23:55:00-07:00,775511_1780988100_H30,764297,3,0.2982237778832464,0.4295154537443342,0.21460395078470418,0.16461748992598105,0.34438435710281284,4
validation,775511,2026-06-08T23:55:00-07:00,775511_1780988100_H30,764322,5,0.125,0.08731562892826616,0.1289022003850519,0.17631625283988694,0.111242902836139,5
validation,775511,2026-06-10T23:30:00-07:00,775511_1781159400_H30,764311,4,0.375,0.7478092173168418,0.14630264057470097,0.6552010957268591,0.5310616778306919,1
validation,775511,2026-06-10T23:30:00-07:00,775511_1781159400_H30,764283,1,0.125,0.9952381644390029,0.36787944117144233,0.30629948186424255,0.5099671078185519,2
validation,775511,2026-06-10T23:30:00-07:00,775511_1781159400_H30,764290,2,0.125,0.9952381644390029,0.3403019123393269,0.30629948186424255,0.5086080744803453,3
validation,775511,2026-06-10T23:30:00-07:00,775511_1781159400_H30,764297,3,0.2982237778832464,0.7375875421391183,0.21460395078470418,0.23784571307092314,0.4767657397482273,4
validation,775511,2026-06-10T23:30:00-07:00,775511_1781159400_H30,764322,5,0.125,0.13883236047816394,0.1289022003850519,0.8148559463129208,0.15669627612156334,5
validation,775511,2026-06-10T23:35:00-07:00,775511_1781159700_H30,764311,4,0.375,0.7590441578495766,0.14630264057470097,0.6725086147913878,0.5364343513362134,1
validation,775511,2026-06-10T23:35:00-07:00,775511_1781159700_H30,764297,3,0.2982237778832464,0.7800897977766137,0.21460395078470418,0.8478466117998965,0.5173628174538647,2
validation,775511,2026-06-10T23:35:00-07:00,775511_1781159700_H30,764283,1,0.125,0.9910541281320254,0.36787944117144233,0.3678867987989577,0.510499034786276,3
validation,775511,2026-06-10T23:35:00-07:00,775511_1781159700_H30,764290,2,0.125,0.9910541281320254,0.3403019123393269,0.3678867987989577,0.5091400014480695,4
validation,775511,2026-06-10T23:35:00-07:00,775511_1781159700_H30,764322,5,0.125,0.2387798343991816,0.1289022003850519,0.5648551994949346,0.18945293902209706,5
validation,775511,2026-06-10T23:40:00-07:00,775511_1781160000_H30,764311,4,0.375,0.8165667025710561,0.14630264057470097,0.4051159473384383,0.550688583288513,1
validation,775511,2026-06-10T23:40:00-07:00,775511_1781160000_H30,764283,1,0.125,0.994292488725675,0.36787944117144233,0.3678867987989577,0.5118619308774605,2
validation,775511,2026-06-10T23:40:00-07:00,775511_1781160000_H30,764290,2,0.125,0.994292488725675,0.3403019123393269,0.3678867987989577,0.5105028975392539,3
validation,775511,2026-06-10T23:40:00-07:00,775511_1781160000_H30,764297,3,0.2982237778832464,0.7701711986918878,0.21460395078470418,0.3089511567121165,0.4931260621258686,4
validation,775511,2026-06-10T23:40:00-07:00,775511_1781160000_H30,764322,5,0.125,0.47871796200766503,0.1289022003850519,0.6571334436161991,0.2938686791017294,5
validation,775511,2026-06-10T23:45:00-07:00,775511_1781160300_H30,764311,4,0.375,0.7885637845117801,0.14630264057470097,0.5216973275585345,0.5432434595597971,1
validation,775511,2026-06-10T23:45:00-07:00,775511_1781160300_H30,764297,3,0.2982237778832464,0.8449567936062196,0.21460395078470418,0.4975627419769515,0.5316220968274262,2
validation,775511,2026-06-10T23:45:00-07:00,775511_1781160300_H30,764283,1,0.125,0.9950053845101703,0.36787944117144233,0.42949846479807785,0.5144556866442882,3
validation,775511,2026-06-10T23:45:00-07:00,775511_1781160300_H30,764290,2,0.125,0.9950053845101703,0.3403019123393269,0.42949846479807785,0.5130966533060817,4
validation,775511,2026-06-10T23:45:00-07:00,775511_1781160300_H30,764322,5,0.125,0.5581206467531935,0.1289022003850519,0.6567041042397661,0.3272701006878668,5
validation,775511,2026-06-10T23:50:00-07:00,775511_1781160600_H30,764311,4,0.375,0.7977198725189196,0.14630264057470097,0.500145985686748,0.5462945598307887,1
validation,775511,2026-06-10T23:50:00-07:00,775511_1781160600_H30,764297,3,0.2982237778832464,0.8289029181434351,0.21460395078470418,0.4721508136256926,0.5239196096986802,2
validation,775511,2026-06-10T23:50:00-07:00,775511_1781160600_H30,764283,1,0.125,0.9857658486873562,0.36787944117144233,0.10934606531366364,0.49864825664577817,3
validation,775511,2026-06-10T23:50:00-07:00,775511_1781160600_H30,764290,2,0.125,0.9857658486873562,0.3403019123393269,0.10934606531366364,0.4972892233075716,4
validation,775511,2026-06-10T23:50:00-07:00,775511_1781160600_H30,764322,5,0.125,0.5608949943367418,0.1289022003850519,0.7633640733657525,0.3324085317391381,5
validation,775511,2026-06-10T23:55:00-07:00,775511_1781160900_H30,764311,4,0.375,0.8022559628919024,0.14630264057470097,0.49419790431799976,0.5479821785859752,1
validation,775511,2026-06-10T23:55:00-07:00,775511_1781160900_H30,764283,1,0.125,0.9952576896095852,0.36787944117144233,0.46089879676205214,0.5157308674681367,2
validation,775511,2026-06-10T23:55:00-07:00,775511_1781160900_H30,764290,2,0.125,0.9952576896095852,0.3403019123393269,0.46089879676205214,0.5143718341299301,3
validation,775511,2026-06-10T23:55:00-07:00,775511_1781160900_H30,764297,3,0.2982237778832464,0.7498902941659451,0.21460395078470418,0.40789624092608356,0.4882742465801752,4
validation,775511,2026-06-10T23:55:00-07:00,775511_1781160900_H30,764322,5,0.125,0.5414634535303959,0.1289022003850519,0.43441168748067766,0.311984082952349,5
validation,775511,2026-06-23T23:30:00-07:00,775511_1782282600_H30,764311,4,0.875,0.4990828748309637,0.14630264057470097,0.5996261331641746,0.67062918695056,1
validation,775511,2026-06-23T23:30:00-07:00,775511_1782282600_H30,764283,1,0.125,0.9883311690413434,0.36787944117144233,0.5859540459252339,0.5174714258361615,2
validation,775511,2026-06-23T23:30:00-07:00,775511_1782282600_H30,764290,2,0.125,0.9883311690413434,0.3403019123393269,0.5859540459252339,0.5161123924979548,3
validation,775511,2026-06-23T23:30:00-07:00,775511_1782282600_H30,764297,3,0.2982237778832464,0.7676547789553958,0.21460395078470418,0.6438079017504276,0.504533306625997,4
validation,775511,2026-06-23T23:30:00-07:00,775511_1782282600_H30,764322,5,0.125,0.555826136988299,0.1289022003850519,0.6850748542581542,0.32736064167330503,5
validation,775511,2026-06-23T23:35:00-07:00,775511_1782282900_H30,764311,4,0.875,0.7471984460960467,0.14630264057470097,0.5311743216471965,0.772502702864651,1
validation,775511,2026-06-23T23:35:00-07:00,775511_1782282900_H30,764297,3,0.2982237778832464,0.846171012939725,0.21460395078470418,0.4987249440101546,0.532176380397372,2
validation,775511,2026-06-23T23:35:00-07:00,775511_1782282900_H30,764283,1,0.125,0.9981239837377842,0.36787944117144233,0.6569962512355448,0.5242376426758589,3
validation,775511,2026-06-23T23:35:00-07:00,775511_1782282900_H30,764290,2,0.125,0.9981239837377842,0.3403019123393269,0.6569962512355448,0.5228786093376523,4
validation,775511,2026-06-23T23:35:00-07:00,775511_1782282900_H30,764322,5,0.125,0.5536224368775904,0.1289022003850519,0.701214973268182,0.32703406945507774,5
validation,775511,2026-06-23T23:40:00-07:00,775511_1782283200_H30,764311,4,0.875,0.7626677594315858,0.14630264057470097,0.8477111492871388,0.7907973930657138,1
validation,775511,2026-06-23T23:40:00-07:00,775511_1782283200_H30,764297,3,0.2982237778832464,0.8266100522472959,0.21460395078470418,0.7724412729847917,0.5341340787554658,2
validation,775511,2026-06-23T23:40:00-07:00,775511_1782283200_H30,764283,1,0.125,0.9945626817866252,0.36787944117144233,0.7397034694530482,0.5258179214983123,3
validation,775511,2026-06-23T23:40:00-07:00,775511_1782283200_H30,764290,2,0.125,0.9945626817866252,0.3403019123393269,0.7397034694530482,0.5244588881601057,4
validation,775511,2026-06-23T23:40:00-07:00,775511_1782283200_H30,764322,5,0.125,0.6059869748799692,0.1289022003850519,0.6051695394709173,0.34549654995287643,5
validation,775511,2026-06-23T23:45:00-07:00,775511_1782283500_H30,764311,4,0.875,0.7475941708985743,0.14630264057470097,0.7511554233883702,0.7808588733351199,1
validation,775511,2026-06-23T23:45:00-07:00,775511_1782283500_H30,764297,3,0.2982237778832464,0.8591199316287237,0.21460395078470418,0.9134422203635311,0.5530654748916455,2
validation,775511,2026-06-23T23:45:00-07:00,775511_1782283500_H30,764283,1,0.125,0.9946000949187435,0.36787944117144233,0.7397034694530482,0.5258336671850721,3
validation,775511,2026-06-23T23:45:00-07:00,775511_1782283500_H30,764290,2,0.125,0.9946000949187435,0.3403019123393269,0.7397034694530482,0.5244746338468655,4
validation,775511,2026-06-23T23:45:00-07:00,775511_1782283500_H30,764322,5,0.125,0.6146663425035329,0.1289022003850519,0.9170205614694598,0.3607591775527692,5
validation,775511,2026-06-23T23:50:00-07:00,775511_1782283800_H30,764311,4,0.875,0.7343528566476007,0.14630264057470097,0.7185890532360737,0.7740737293494455,1
validation,775511,2026-06-23T23:50:00-07:00,775511_1782283800_H30,764283,1,0.125,1.0,0.36787944117144233,0.8444857452497851,0.5320071858699709,2
validation,775511,2026-06-23T23:50:00-07:00,775511_1782283800_H30,764290,2,0.125,1.0,0.3403019123393269,0.8444857452497851,0.5306481525317642,3
validation,775511,2026-06-23T23:50:00-07:00,775511_1782283800_H30,764297,3,0.2982237778832464,0.7849094771638653,0.21460395078470418,0.30821360659941677,0.4993013543353254,4
validation,775511,2026-06-23T23:50:00-07:00,775511_1782283800_H30,764322,5,0.125,0.4874545444567818,0.1289022003850519,0.32033864328491635,0.2850071001977628,5
validation,775511,2026-06-23T23:55:00-07:00,775511_1782284100_H30,764311,4,0.875,0.7791487348814843,0.14630264057470097,0.7937065840472194,0.795723051099699,1
validation,775511,2026-06-23T23:55:00-07:00,775511_1782284100_H30,764297,3,0.2982237778832464,0.8731603952375062,0.21460395078470418,0.60777857262384,0.54759506135213,2
validation,775511,2026-06-23T23:55:00-07:00,775511_1782284100_H30,764283,1,0.125,0.9955457706320715,0.36787944117144233,0.8444857452497851,0.5301325793771999,3
validation,775511,2026-06-23T23:55:00-07:00,775511_1782284100_H30,764290,2,0.125,0.9955457706320715,0.3403019123393269,0.8444857452497851,0.5287735460389934,4
validation,775511,2026-06-23T23:55:00-07:00,775511_1782284100_H30,764322,5,0.125,0.6450888099384903,0.1289022003850519,0.5394224402047391,0.35950526043423237,5
validation,775511,2026-06-26T23:30:00-07:00,775511_1782541800_H30,764311,4,0.875,0.7675202945911599,0.14630264057470097,0.2938328066385559,0.7722194212369846,1
validation,775511,2026-06-26T23:30:00-07:00,775511_1782541800_H30,764297,3,0.2982237778832464,0.8299960742611514,0.21460395078470418,0.2822645657515086,0.5173104438756237,2
validation,775511,2026-06-26T23:30:00-07:00,775511_1782541800_H30,764283,1,0.125,0.9799318566187032,0.36787944117144233,0.27257628378489673,0.502269823580898,3
validation,775511,2026-06-26T23:30:00-07:00,775511_1782541800_H30,764290,2,0.125,0.9799318566187032,0.3403019123393269,0.27257628378489673,0.5009107902426914,4
validation,775511,2026-06-26T23:30:00-07:00,775511_1782541800_H30,764322,5,0.125,0.3854154839735874,0.1289022003850519,0.23747816176967937,0.23897815839362,5
validation,775511,2026-06-26T23:35:00-07:00,775511_1782542100_H30,764311,4,0.875,0.8940854031652967,0.14630264057470097,0.7964726345680129,0.8441982616109226,1
validation,775511,2026-06-26T23:35:00-07:00,775511_1782542100_H30,764283,1,0.125,0.9843312285334427,0.36787944117144233,0.334398936174895,0.5064229240592037,2
validation,775511,2026-06-26T23:35:00-07:00,775511_1782542100_H30,764290,2,0.125,0.9843312285334427,0.3403019123393269,0.334398936174895,0.5050638907209972,3
validation,775511,2026-06-26T23:35:00-07:00,775511_1782542100_H30,764297,3,0.2982237778832464,0.727496825977736,0.21460395078470418,0.19694466828037271,0.47099626645317794,4
validation,775511,2026-06-26T23:35:00-07:00,775511_1782542100_H30,764322,5,0.125,0.12064285407902808,0.1289022003850519,0.13982335516172664,0.12391040954608015,5
validation,775511,2026-06-26T23:40:00-07:00,775511_1782542400_H30,764311,4,0.875,0.6955694410515645,0.14630264057470097,0.13587671115178507,0.7360576816541938,1
validation,775511,2026-06-26T23:40:00-07:00,775511_1782542400_H30,764283,1,0.125,0.9825988234199071,0.36787944117144233,0.3824888265585487,0.5074841516828849,2
validation,775511,2026-06-26T23:40:00-07:00,775511_1782542400_H30,764290,2,0.125,0.9825988234199071,0.3403019123393269,0.3824888265585487,0.5061251183446783,3
validation,775511,2026-06-26T23:40:00-07:00,775511_1782542400_H30,764297,3,0.2982237778832464,0.6414844683462573,0.21460395078470418,0.11905857431639674,0.4318975114161581,4
validation,775511,2026-06-26T23:40:00-07:00,775511_1782542400_H30,764322,5,0.125,0.15514236678361437,0.1289022003850519,0.14960134587458032,0.13879389331706415,5
validation,775511,2026-06-26T23:45:00-07:00,775511_1782542700_H30,764311,4,0.875,0.801613248219863,0.14630264057470097,0.37484988705278355,0.7895839442623545,1
validation,775511,2026-06-26T23:45:00-07:00,775511_1782542700_H30,764297,3,0.2982237778832464,0.8376239325608686,0.21460395078470418,0.7914971435543712,0.5394788058564408,2
validation,775511,2026-06-26T23:45:00-07:00,775511_1782542700_H30,764283,1,0.125,0.9843861904616802,0.36787944117144233,0.8305441281521289,0.52491693041479,3
validation,775511,2026-06-26T23:45:00-07:00,775511_1782542700_H30,764290,2,0.125,0.9843861904616802,0.3403019123393269,0.8305441281521289,0.5235578970765835,4
validation,775511,2026-06-26T23:45:00-07:00,775511_1782542700_H30,764322,5,0.125,0.4724398066178337,0.1289022003850519,0.6405684141468238,0.29060975963252333,5
validation,775511,2026-06-26T23:50:00-07:00,775511_1782543000_H30,764311,4,0.875,0.6991193207570952,0.14630264057470097,0.27222090726164266,0.7426276103206962,1
validation,775511,2026-06-26T23:50:00-07:00,775511_1782543000_H30,764297,3,0.2982237778832464,0.810827428839995,0.21460395078470418,0.6808711244011417,0.5240827615935602,2
validation,775511,2026-06-26T23:50:00-07:00,775511_1782543000_H30,764283,1,0.125,0.9951510362881387,0.36787944117144233,0.402002070904741,0.5134933287203699,3
validation,775511,2026-06-26T23:50:00-07:00,775511_1782543000_H30,764290,2,0.125,0.9951510362881387,0.3403019123393269,0.402002070904741,0.5121342953821634,4
validation,775511,2026-06-26T23:50:00-07:00,775511_1782543000_H30,764322,5,0.125,0.3723246694711817,0.1289022003850519,0.5424250834746009,0.24482155832544,5
validation,775511,2026-06-26T23:55:00-07:00,775511_1782543300_H30,764311,4,0.875,0.7037201183559583,0.14630264057470097,0.7507909746857584,0.762380476323513,1
validation,775511,2026-06-26T23:55:00-07:00,775511_1782543300_H30,764297,3,0.2982237778832464,0.7509549997169538,0.21460395078470418,0.8114204212053345,0.5037450472153937,2
validation,775511,2026-06-26T23:55:00-07:00,775511_1782543300_H30,764283,1,0.125,0.9815818123803787,0.36787944117144233,0.10934606531366364,0.4968873635755821,3
validation,775511,2026-06-26T23:55:00-07:00,775511_1782543300_H30,764290,2,0.125,0.9815818123803787,0.3403019123393269,0.10934606531366364,0.4955283302373755,4
validation,775511,2026-06-26T23:55:00-07:00,775511_1782543300_H30,764322,5,0.125,0.3825381664849836,0.1289022003850519,0.805101890399017,0.2588991439278981,5
validation,775536,2026-06-02T23:30:00-07:00,775536_1780468200_H30,768701,1,0.125,0.991053394069728,0.8229949661357914,0.30629948130341045,0.5306342087365752,1
validation,775536,2026-06-02T23:30:00-07:00,775536_1780468200_H30,774344,2,0.125,0.9675332690910439,0.7712518849544838,0.2007097588768934,0.514254633107805,2
validation,775536,2026-06-02T23:30:00-07:00,775536_1780468200_H30,718405,3,0.125,0.9675327022037958,0.6368006006002778,0.20071370326877958,0.5076287200774562,3
validation,775536,2026-06-02T23:30:00-07:00,775536_1780468200_H30,759870,5,0.125,0.9804083708173214,0.29119380591962934,0.3824855569856269,0.5027830528452071,4
validation,775536,2026-06-02T23:30:00-07:00,775536_1780468200_H30,759858,4,0.125,0.9675327022037958,0.4652130807137347,0.20071370326877958,0.4991728079699717,5
validation,775536,2026-06-02T23:35:00-07:00,775536_1780468500_H30,768701,1,0.125,0.9999999484639772,0.8229949661357914,0.42949846423642823,0.5389860012183318,1
validation,775536,2026-06-02T23:35:00-07:00,775536_1780468500_H30,774344,2,0.125,0.9737302704992994,0.7712518849544838,0.26354600335568873,0.519202018527864,2
validation,775536,2026-06-02T23:35:00-07:00,775536_1780468500_H30,718405,3,0.125,0.9737296141009335,0.6368006006002778,0.2635493401889693,0.5125760452072166,3
validation,775536,2026-06-02T23:35:00-07:00,775536_1780468500_H30,759858,4,0.125,0.9737296141009335,0.4652130807137347,0.2635493401889693,0.5041201330997319,4
validation,775536,2026-06-02T23:35:00-07:00,775536_1780468500_H30,759870,5,0.125,0.9750687360023039,0.29119380591962934,0.3824855569856269,0.5005358147111924,5
validation,775536,2026-06-02T23:40:00-07:00,775536_1780468800_H30,774344,2,0.125,0.9799711382004033,0.7712518849544838,0.6881735675846605,0.5376369112296389,1
validation,775536,2026-06-02T23:40:00-07:00,775536_1780468800_H30,768701,1,0.125,0.9958156444715144,0.8229949661357914,0.3678867982376552,0.5349312689664332,2
validation,775536,2026-06-02T23:40:00-07:00,775536_1780468800_H30,718405,3,0.125,0.9799705529395396,0.6368006006002778,0.6881680429827477,0.5310106379475829,3
validation,775536,2026-06-02T23:40:00-07:00,775536_1780468800_H30,759858,4,0.125,0.9799705529395396,0.4652130807137347,0.6881680429827477,0.5225547258400983,4
validation,775536,2026-06-02T23:40:00-07:00,775536_1780468800_H30,759870,5,0.125,0.9842300511342864,0.29119380591962934,0.44419399305645385,0.5066887739667583,5
validation,775536,2026-06-02T23:45:00-07:00,775536_1780469100_H30,768701,1,0.125,0.9952378011342374,0.8229949661357914,0.42949846423642823,0.5369818044052671,1
validation,775536,2026-06-02T23:45:00-07:00,775536_1780469100_H30,718405,3,0.125,0.9785774274098962,0.6368006006002778,0.7807966205200825,0.5338727752667448,2
validation,775536,2026-06-02T23:45:00-07:00,775536_1780469100_H30,774344,2,0.125,0.979383627252195,0.7712518849544838,0.5226311255179894,0.5312267099857184,3
validation,775536,2026-06-02T23:45:00-07:00,775536_1780469100_H30,759858,4,0.125,0.9785774274098962,0.4652130807137347,0.7807966205200825,0.5254168631592602,4
validation,775536,2026-06-02T23:45:00-07:00,775536_1780469100_H30,759870,5,0.125,0.9818999531218463,0.29119380591962934,0.44419399305645385,0.5057081291678256,5
validation,775536,2026-06-02T23:50:00-07:00,775536_1780469400_H30,774344,2,0.125,0.9861119259538872,0.7712518849544838,0.321164005680268,0.5265580080494138,1
validation,775536,2026-06-02T23:50:00-07:00,775536_1780469400_H30,718405,3,0.125,0.9851419946184312,0.6368006006002778,0.33439800470840914,0.5200166670586643,2
validation,775536,2026-06-02T23:50:00-07:00,775536_1780469400_H30,768701,1,0.125,0.9792524267036583,0.8229949661357914,0.09791075732375595,0.5179095990691839,3
validation,775536,2026-06-02T23:50:00-07:00,775536_1780469400_H30,759858,4,0.125,0.9851419946184312,0.4652130807137347,0.33439800470840914,0.5115607549511798,4
validation,775536,2026-06-02T23:50:00-07:00,775536_1780469400_H30,759870,5,0.125,0.982515165507983,0.29119380591962934,0.44419399305645385,0.505967047386494,5
validation,775536,2026-06-02T23:55:00-07:00,775536_1780469700_H30,768701,1,0.125,0.9844073214669654,0.8229949661357914,0.15475030174546583,0.5221951538334012,1
validation,775536,2026-06-02T23:55:00-07:00,775536_1780469700_H30,774344,2,0.125,0.963625477757082,0.7712518849544838,0.08962699345372832,0.5084745257768984,2
validation,775536,2026-06-02T23:55:00-07:00,775536_1780469700_H30,759870,5,0.125,0.98845150057338,0.29119380591962934,0.44419399305645385,0.5084654127237133,3
validation,775536,2026-06-02T23:55:00-07:00,775536_1780469700_H30,718405,3,0.125,0.9630903688451364,0.6368006006002778,0.08291362137158552,0.501373568019582,4
validation,775536,2026-06-02T23:55:00-07:00,775536_1780469700_H30,759858,4,0.125,0.9630903688451364,0.4652130807137347,0.08291362137158552,0.4929176559120975,5
validation,775536,2026-06-03T19:05:00-07:00,775536_1780538700_H30,768701,1,0.125,0.7325322782543562,0.8229949661357914,0.22528970113871613,0.41881714528802544,1
validation,775536,2026-06-03T19:05:00-07:00,775536_1780538700_H30,759870,5,0.125,0.7260308940436895,0.29119380591962934,0.217511558670938,0.3895839963385346,2
validation,775536,2026-06-03T19:05:00-07:00,775536_1780538700_H30,774344,2,0.125,0.23161901855213007,0.7712518849544838,0.24311667012111254,0.20611659789941808,3
validation,775536,2026-06-03T19:05:00-07:00,775536_1780538700_H30,718405,3,0.125,0.21888581371508775,0.6368006006002778,0.2404875245497121,0.19403400153099548,4
validation,775536,2026-06-03T19:05:00-07:00,775536_1780538700_H30,759858,4,0.125,0.21888581371508775,0.4652130807137347,0.2404875245497121,0.18557808942351095,5
validation,775536,2026-06-03T19:10:00-07:00,775536_1780539000_H30,768701,1,0.125,0.7362439536119102,0.8229949661357914,0.22573934381327496,0.4203959802234191,1
validation,775536,2026-06-03T19:10:00-07:00,775536_1780539000_H30,759870,5,0.125,0.7452054817568913,0.29119380591962934,0.23797400179453718,0.39841560284376515,2
validation,775536,2026-06-03T19:10:00-07:00,775536_1780539000_H30,774344,2,0.125,0.28242928441527515,0.7712518849544838,0.2615976229889749,0.22818862406430665,3
validation,775536,2026-06-03T19:10:00-07:00,775536_1780539000_H30,718405,3,0.125,0.27412633311695633,0.6368006006002778,0.2599697465343019,0.21800781974109734,4
validation,775536,2026-06-03T19:10:00-07:00,775536_1780539000_H30,759858,4,0.125,0.27412633311695633,0.4652130807137347,0.2599697465343019,0.2095519076336128,5
validation,775536,2026-06-03T19:15:00-07:00,775536_1780539300_H30,768701,1,0.125,0.7607894768530323,0.8229949661357914,0.24396985869842922,0.4314049061349794,1
validation,775536,2026-06-03T19:15:00-07:00,775536_1780539300_H30,759870,5,0.125,0.7709059224959607,0.29119380591962934,0.2542438238777766,0.4098375930285565,2
validation,775536,2026-06-03T19:15:00-07:00,775536_1780539300_H30,774344,2,0.125,0.3415629213074689,0.7712518849544838,0.28944465865326074,0.2541123110046862,3
validation,775536,2026-06-03T19:15:00-07:00,775536_1780539300_H30,718405,3,0.125,0.33303419629836095,0.6368006006002778,0.2885717105671664,0.24386459263619967,4
validation,775536,2026-06-03T19:15:00-07:00,775536_1780539300_H30,759858,4,0.125,0.33303419629836095,0.4652130807137347,0.2885717105671664,0.23540868052871514,5
validation,775536,2026-06-03T19:20:00-07:00,775536_1780539600_H30,768701,1,0.125,0.7819269664664499,0.8229949661357914,0.2582108468039983,0.4408310022068448,1
validation,775536,2026-06-03T19:20:00-07:00,775536_1780539600_H30,759870,5,0.125,0.7963918177060694,0.29119380591962934,0.26682889970787516,0.42103211103548177,2
validation,775536,2026-06-03T19:20:00-07:00,775536_1780539600_H30,774344,2,0.125,0.39725597393687073,0.7712518849544838,0.30981173588363475,0.27830952437241485,3
validation,775536,2026-06-03T19:20:00-07:00,775536_1780539600_H30,718405,3,0.125,0.38859743942333547,0.6368006006002778,0.3098608141048828,0.26804150029489815,4
validation,775536,2026-06-03T19:20:00-07:00,775536_1780539600_H30,759858,4,0.125,0.38859743942333547,0.4652130807137347,0.3098608141048828,0.2595855881874136,5
validation,775536,2026-06-03T19:25:00-07:00,775536_1780539900_H30,768701,1,0.125,0.7881218286575044,0.8229949661357914,0.24065349438331302,0.4427845326127491,1
validation,775536,2026-06-03T19:25:00-07:00,775536_1780539900_H30,759870,5,0.125,0.7934040523463242,0.29119380591962934,0.2463820819337851,0.41901347055770616,2
validation,775536,2026-06-03T19:25:00-07:00,775536_1780539900_H30,774344,2,0.125,0.44808235236316585,0.7712518849544838,0.3089062140867637,0.2996665970685247,3
validation,775536,2026-06-03T19:25:00-07:00,775536_1780539900_H30,718405,3,0.125,0.44358232874130865,0.6368006006002778,0.3103131223530339,0.291199273779689,4
validation,775536,2026-06-03T19:25:00-07:00,775536_1780539900_H30,759858,4,0.125,0.44358232874130865,0.4652130807137347,0.3103131223530339,0.2827433616722045,5
validation,775536,2026-06-03T19:30:00-07:00,775536_1780540200_H30,768701,1,0.125,0.8046058559248661,0.8229949661357914,0.24873482699016042,0.4500228566261699,1
validation,775536,2026-06-03T19:30:00-07:00,775536_1780540200_H30,759870,5,0.125,0.8115073819951466,0.29119380591962934,0.2545104685801413,0.4269350457612458,2
validation,775536,2026-06-03T19:30:00-07:00,775536_1780540200_H30,774344,2,0.125,0.5234478846448255,0.7712518849544838,0.3239638672434983,0.3319455047810718,3
validation,775536,2026-06-03T19:30:00-07:00,775536_1780540200_H30,718405,3,0.125,0.5147048682041927,0.6368006006002778,0.32658718365589107,0.32173776136954474,4
validation,775536,2026-06-03T19:30:00-07:00,775536_1780540200_H30,759858,4,0.125,0.5147048682041927,0.4652130807137347,0.32658718365589107,0.3132818492620602,5
validation,775536,2026-06-06T23:30:00-07:00,775536_1780813800_H30,768701,1,0.125,0.9885549641462144,0.8229949661357914,0.9078757827737943,0.5519786653653961,1
validation,775536,2026-06-06T23:30:00-07:00,775536_1780813800_H30,774344,2,0.125,0.95891106235598,0.7712518849544838,0.600046284418831,0.5254926996463021,2
validation,775536,2026-06-06T23:30:00-07:00,775536_1780813800_H30,718405,3,0.125,0.9589116890124096,0.6368006006002778,0.60005204529853,0.5188673565562236,3
validation,775536,2026-06-06T23:30:00-07:00,775536_1780813800_H30,759858,4,0.125,0.9589116890124096,0.4652130807137347,0.60005204529853,0.5104114444487391,4
validation,775536,2026-06-06T23:30:00-07:00,775536_1780813800_H30,759870,5,0.125,0.9923919326094549,0.29119380591962934,0.4047382325726835,0.508654893106704,5
validation,775536,2026-06-06T23:35:00-07:00,775536_1780814100_H30,768701,1,0.125,0.9806112487788539,0.8229949661357914,0.39516102088334537,0.5295477343836474,1
validation,775536,2026-06-06T23:35:00-07:00,775536_1780814100_H30,774344,2,0.125,0.9392901469353125,0.7712518849544838,0.28002675247161846,0.5053211098416126,2
validation,775536,2026-06-06T23:35:00-07:00,775536_1780814100_H30,718405,3,0.125,0.9392900484365586,0.6368006006002778,0.2800194268692322,0.498694974369174,3
validation,775536,2026-06-06T23:35:00-07:00,775536_1780814100_H30,759870,5,0.125,0.976384704683947,0.29119380591962934,0.27256949276160375,0.49699761330891995,4
validation,775536,2026-06-06T23:35:00-07:00,775536_1780814100_H30,759858,4,0.125,0.9392900484365586,0.4652130807137347,0.2800194268692322,0.49023906226168945,5
validation,775536,2026-06-06T23:40:00-07:00,775536_1780814400_H30,768701,1,0.125,0.9823300773812716,0.8229949661357914,0.39516102088334537,0.5302711204044152,1
validation,775536,2026-06-06T23:40:00-07:00,775536_1780814400_H30,759870,5,0.125,0.992223482156666,0.29119380591962934,0.7397268742968275,0.5210552140584066,2
validation,775536,2026-06-06T23:40:00-07:00,775536_1780814400_H30,774344,2,0.125,0.9300990509671077,0.7712518849544838,0.23789659012532705,0.4998844920699139,3
validation,775536,2026-06-06T23:40:00-07:00,775536_1780814400_H30,718405,3,0.125,0.9300996164863375,0.6368006006002778,0.23789810144241402,0.49325896504365235,4
validation,775536,2026-06-06T23:40:00-07:00,775536_1780814400_H30,759858,4,0.125,0.9300996164863375,0.4652130807137347,0.23789810144241402,0.4848030529361678,5
validation,775536,2026-06-06T23:45:00-07:00,775536_1780814700_H30,768701,1,0.125,0.9869315897744616,0.8229949661357914,0.4441948873675209,0.5340331829376544,1
validation,775536,2026-06-06T23:45:00-07:00,775536_1780814700_H30,759870,5,0.125,0.9800324346932366,0.29119380591962934,0.27256949276160375,0.49853279656834637,2
validation,775536,2026-06-06T23:45:00-07:00,775536_1780814700_H30,774344,2,0.125,0.919425790556504,0.7712518849544838,0.21649691749880298,0.4945958613576973,3
validation,775536,2026-06-06T23:45:00-07:00,775536_1780814700_H30,718405,3,0.125,0.9194264755467509,0.6368006006002778,0.21649770091018186,0.48797035751296114,4
validation,775536,2026-06-06T23:45:00-07:00,775536_1780814700_H30,759858,4,0.125,0.9194264755467509,0.4652130807137347,0.21649770091018186,0.4795144454054766,5
validation,775536,2026-06-06T23:50:00-07:00,775536_1780815000_H30,768701,1,0.125,0.9770734373442921,0.8229949661357914,0.15055097753213087,0.5189522804762442,1
validation,775536,2026-06-06T23:50:00-07:00,775536_1780815000_H30,759870,5,0.125,0.9861789115572469,0.29119380591962934,0.27256949276160375,0.5011196021603309,2
validation,775536,2026-06-06T23:50:00-07:00,775536_1780815000_H30,774344,2,0.125,0.8963309700982555,0.7712518849544838,0.15734084449867658,0.4826738698858739,3
validation,775536,2026-06-06T23:50:00-07:00,775536_1780815000_H30,718405,3,0.125,0.8963306863567543,0.6368006006002778,0.1573378367660149,0.47604781720117006,4
validation,775536,2026-06-06T23:50:00-07:00,775536_1780815000_H30,759858,4,0.125,0.8963306863567543,0.4652130807137347,0.1573378367660149,0.46759190509368553,5
validation,775536,2026-06-06T23:55:00-07:00,775536_1780815300_H30,768701,1,0.125,0.9794031542919966,0.8229949661357914,0.4441948873675209,0.5308647663901253,1
validation,775536,2026-06-06T23:55:00-07:00,775536_1780815300_H30,759870,5,0.125,0.9644728260432349,0.29119380591962934,0.13425494189654452,0.486835100786434,2
validation,775536,2026-06-06T23:55:00-07:00,775536_1780815300_H30,774344,2,0.125,0.8638454550645678,0.7712518849544838,0.13922315395002946,0.46832752019361407,3
validation,775536,2026-06-06T23:55:00-07:00,775536_1780815300_H30,718405,3,0.125,0.8638457516137725,0.6368006006002778,0.13922361536672437,0.46170184088215677,4
validation,775536,2026-06-06T23:55:00-07:00,775536_1780815300_H30,759858,4,0.125,0.8638457516137725,0.4652130807137347,0.13922361536672437,0.45324592877467224,5
validation,775536,2026-06-10T23:30:00-07:00,775536_1781159400_H30,768701,1,0.125,0.99581559293549,0.8229949661357914,0.4294984642364282,0.5372249738006056,1
validation,775536,2026-06-10T23:30:00-07:00,775536_1781159400_H30,774344,2,0.125,0.9699766208293148,0.7712518849544838,0.11256775247760739,0.5120015234014542,2
validation,775536,2026-06-10T23:30:00-07:00,775536_1781159400_H30,718405,3,0.125,0.9699760463934899,0.6368006006002778,0.11255888613954954,0.5053751302664976,3
validation,775536,2026-06-10T23:30:00-07:00,775536_1781159400_H30,759870,5,0.125,0.9933420566853433,0.29119380591962934,0.2214544085820006,0.5022313309520531,4
validation,775536,2026-06-10T23:30:00-07:00,775536_1781159400_H30,759858,4,0.125,0.9699760463934899,0.4652130807137347,0.11255888613954954,0.496919218159013,5
validation,775536,2026-06-10T23:35:00-07:00,775536_1781159700_H30,768701,1,0.125,0.9958156444715144,0.8229949661357914,0.4930760868727612,0.5395919121605476,1
validation,775536,2026-06-10T23:35:00-07:00,775536_1781159700_H30,759870,5,0.125,0.9921044749933496,0.29119380591962934,0.46378244769865906,0.5107320572116908,2
validation,775536,2026-06-10T23:35:00-07:00,775536_1781159700_H30,774344,2,0.125,0.9524512547655485,0.7712518849544838,0.10935339762308943,0.5045061332479883,3
validation,775536,2026-06-10T23:35:00-07:00,775536_1781159700_H30,718405,3,0.125,0.9524505775658247,0.6368006006002778,0.10934975259542919,0.49787989124679066,4
validation,775536,2026-06-10T23:35:00-07:00,775536_1781159700_H30,759858,4,0.125,0.9524505775658247,0.4652130807137347,0.10934975259542919,0.48942397913930613,5
validation,775536,2026-06-10T23:40:00-07:00,775536_1781160000_H30,768701,1,0.125,0.9958156444715144,0.8229949661357914,0.30629948130341045,0.5326384489285304,1
validation,775536,2026-06-10T23:40:00-07:00,775536_1781160000_H30,759870,5,0.125,0.9987576619810016,0.29119380591962934,0.46378244769865906,0.5135321167718188,2
validation,775536,2026-06-10T23:40:00-07:00,775536_1781160000_H30,774344,2,0.125,0.9519863281123296,0.7712518849544838,0.17819769640278058,0.5068734528103771,3
validation,775536,2026-06-10T23:40:00-07:00,775536_1781160000_H30,718405,3,0.125,0.9519856072645938,0.6368006006002778,0.17819446445438958,0.5002472078179148,4
validation,775536,2026-06-10T23:40:00-07:00,775536_1781160000_H30,759858,4,0.125,0.9519856072645938,0.4652130807137347,0.17819446445438958,0.4917912957104302,5
validation,775536,2026-06-10T23:45:00-07:00,775536_1781160300_H30,768701,1,0.125,0.9886009208614838,0.8229949661357914,0.11789155367172867,0.5225878657805326,1
validation,775536,2026-06-10T23:45:00-07:00,775536_1781160300_H30,774344,2,0.125,0.9548554834083637,0.7712518849544838,0.24241225279527032,0.5104715941303235,2
validation,775536,2026-06-10T23:45:00-07:00,775536_1781160300_H30,759870,5,0.125,0.9803255321231498,0.29119380591962934,0.46378244769865906,0.5057747725820664,3
validation,775536,2026-06-10T23:45:00-07:00,775536_1781160300_H30,718405,3,0.125,0.9548549561529269,0.6368006006002778,0.24240946098574961,0.5038454469989239,4
validation,775536,2026-06-10T23:45:00-07:00,775536_1781160300_H30,759858,4,0.125,0.9548549561529269,0.4652130807137347,0.24240946098574961,0.4953895348914393,5
validation,775536,2026-06-10T23:50:00-07:00,775536_1781160600_H30,768701,1,0.125,0.988906318889785,0.8229949661357914,0.4019939498885934,0.5332931782387047,1
validation,775536,2026-06-10T23:50:00-07:00,775536_1781160600_H30,774344,2,0.125,0.9592425371680922,0.7712518849544838,0.3029801647052029,0.5145727979468843,2
validation,775536,2026-06-10T23:50:00-07:00,775536_1781160600_H30,718405,3,0.125,0.9462075864380645,0.6368006006002778,0.193314653583479,0.4983783766329795,3
validation,775536,2026-06-10T23:50:00-07:00,775536_1781160600_H30,759858,4,0.125,0.9462075864380645,0.4652130807137347,0.193314653583479,0.489922464525495,4
validation,775536,2026-06-10T23:50:00-07:00,775536_1781160600_H30,759870,5,0.125,0.9702740638424258,0.29119380591962934,0.10786223953480553,0.48829404126503323,5
validation,775536,2026-06-10T23:55:00-07:00,775536_1781160900_H30,768701,1,0.125,0.9894108381324712,0.8229949661357914,0.5859412453400829,0.5403536416501856,1
validation,775536,2026-06-10T23:55:00-07:00,775536_1781160900_H30,759870,5,0.125,0.9953593806879286,0.29119380591962934,0.4760177469297223,0.5125574216094212,2
validation,775536,2026-06-10T23:55:00-07:00,775536_1781160900_H30,774344,2,0.125,0.9448592260168782,0.7712518849544838,0.1326130879595199,0.5021768824998533,3
validation,775536,2026-06-10T23:55:00-07:00,775536_1781160900_H30,718405,3,0.125,0.9431128997502245,0.6368006006002778,0.15414205325197186,0.49561759941048583,4
validation,775536,2026-06-10T23:55:00-07:00,775536_1781160900_H30,759858,4,0.125,0.9431128997502245,0.4652130807137347,0.15414205325197186,0.4871616873030013,5
validation,775536,2026-06-17T11:15:00-07:00,775536_1781720100_H30,718405,3,0.125,0.9888758858221443,0.6368006006002778,0.49307613010488394,0.5274955034941627,1
validation,775536,2026-06-17T11:15:00-07:00,775536_1781720100_H30,759858,4,0.125,0.9888758858221443,0.4652130807137347,0.49307613010488394,0.5190395913866781,2
validation,775536,2026-06-17T11:15:00-07:00,775536_1781720100_H30,759870,5,0.125,0.9921680328441598,0.29119380591962934,0.24312402772401412,0.5025439646647935,3
validation,775536,2026-06-17T11:15:00-07:00,775536_1781720100_H30,768701,1,0.125,0.49824792472441914,0.8229949661357914,0.06163972031582915,0.3141237700111115,4
validation,775536,2026-06-17T11:15:00-07:00,775536_1781720100_H30,774344,2,0.125,0.4739707490410844,0.7712518849544838,0.05632940181938741,0.3011588609376501,5
validation,775536,2026-06-18T23:30:00-07:00,775536_1781850600_H30,768701,1,0.125,0.9935187766949316,0.8229949661357914,0.3678867982376552,0.5339646094409897,1
validation,775536,2026-06-18T23:30:00-07:00,775536_1781850600_H30,774344,2,0.125,0.956163216532206,0.7712518849544838,0.23134781022620282,0.5106100509680479,2
validation,775536,2026-06-18T23:30:00-07:00,775536_1781850600_H30,718405,3,0.125,0.9561628786670247,0.6368006006002778,0.23133993609954706,0.5039837943349967,3
validation,775536,2026-06-18T23:30:00-07:00,775536_1781850600_H30,759858,4,0.125,0.9561628786670247,0.4652130807137347,0.23133993609954706,0.49552788222751215,4
validation,775536,2026-06-18T23:30:00-07:00,775536_1781850600_H30,759870,5,0.125,0.9741480273724976,0.29119380591962934,0.17692734255365591,0.4924956459535159,5
validation,775536,2026-06-18T23:35:00-07:00,775536_1781850900_H30,768701,1,0.125,0.9960818501712585,0.8229949661357914,0.3678867982376552,0.5350433042685993,1
validation,775536,2026-06-18T23:35:00-07:00,775536_1781850900_H30,774344,2,0.125,0.954953358420073,0.7712518849544838,0.2815377792017859,0.5119693810087712,2
validation,775536,2026-06-18T23:35:00-07:00,775536_1781850900_H30,759870,5,0.125,0.9805310006847898,0.29119380591962934,0.5613958991228868,0.5094952747604337,3
validation,775536,2026-06-18T23:35:00-07:00,775536_1781850900_H30,718405,3,0.125,0.954952655799719,0.6368006006002778,0.2815312758316001,0.5053430218964742,4
validation,775536,2026-06-18T23:35:00-07:00,775536_1781850900_H30,759858,4,0.125,0.954952655799719,0.4652130807137347,0.2815312758316001,0.49688710978898964,5
validation,775536,2026-06-18T23:40:00-07:00,775536_1781851200_H30,768701,1,0.125,0.9920326014804532,0.8229949661357914,0.42949846423642823,0.5356328644236683,1
validation,775536,2026-06-18T23:40:00-07:00,775536_1781851200_H30,774344,2,0.125,0.9629532972662069,0.7712518849544838,0.5346737016456817,0.5247601733678807,2
validation,775536,2026-06-18T23:40:00-07:00,775536_1781851200_H30,718405,3,0.125,0.962953270036095,0.6368006006002778,0.5346821080156774,0.5181346535715317,3
validation,775536,2026-06-18T23:40:00-07:00,775536_1781851200_H30,759870,5,0.125,0.9910980103040599,0.29119380591962934,0.5613958991228868,0.5139425052924051,4
validation,775536,2026-06-18T23:40:00-07:00,775536_1781851200_H30,759858,4,0.125,0.962953270036095,0.4652130807137347,0.5346821080156774,0.5096787414640471,5
validation,775536,2026-06-18T23:45:00-07:00,775536_1781851500_H30,768701,1,0.125,0.9966222775219793,0.8229949661357914,0.4930760868727612,0.5399313916594195,1
validation,775536,2026-06-18T23:45:00-07:00,775536_1781851500_H30,774344,2,0.125,0.9629533659139787,0.7712518849544838,0.3738653574838055,0.5187735054501176,2
validation,775536,2026-06-18T23:45:00-07:00,775536_1781851500_H30,718405,3,0.125,0.9629528272485961,0.6368006006002778,0.3738572141122315,0.5121471542846582,3
validation,775536,2026-06-18T23:45:00-07:00,775536_1781851500_H30,759870,5,0.125,0.9867041439672121,0.29119380591962934,0.5613958991228868,0.5120933031784033,4
validation,775536,2026-06-18T23:45:00-07:00,775536_1781851500_H30,759858,4,0.125,0.9629528272485961,0.4652130807137347,0.3738572141122315,0.5036912421771736,5
validation,775536,2026-06-18T23:50:00-07:00,775536_1781851800_H30,768701,1,0.125,0.9972978117103778,0.8229949661357914,0.5613913983380076,0.5427589919020664,1
validation,775536,2026-06-18T23:50:00-07:00,775536_1781851800_H30,774344,2,0.125,0.9670372931695799,0.7712518849544838,0.4251330430939917,0.5224008994957822,2
validation,775536,2026-06-18T23:50:00-07:00,775536_1781851800_H30,718405,3,0.125,0.967036539824318,0.6368006006002778,0.4251250609934471,0.5157744639840939,3
validation,775536,2026-06-18T23:50:00-07:00,775536_1781851800_H30,759870,5,0.125,0.9918716950645153,0.29119380591962934,0.46378244769865906,0.5106340894758751,4
validation,775536,2026-06-18T23:50:00-07:00,775536_1781851800_H30,759858,4,0.125,0.967036539824318,0.4652130807137347,0.4251250609934471,0.5073185518766093,5
validation,775536,2026-06-18T23:55:00-07:00,775536_1781852100_H30,768701,1,0.125,0.9982435595741382,0.8229949661357914,0.6394149914216959,0.5460617416235148,1
validation,775536,2026-06-18T23:55:00-07:00,775536_1781852100_H30,759870,5,0.125,0.995893193190871,0.29119380591962934,0.5196264456759219,0.5144055800840576,2
validation,775536,2026-06-18T23:55:00-07:00,775536_1781852100_H30,774344,2,0.125,0.9651063220002629,0.7712518849544838,0.17944608793035494,0.5124416081077675,3
validation,775536,2026-06-18T23:55:00-07:00,775536_1781852100_H30,718405,3,0.125,0.9651053257673846,0.6368006006002778,0.1794448363135245,0.5058153209420513,4
validation,775536,2026-06-18T23:55:00-07:00,775536_1781852100_H30,759858,4,0.125,0.9651053257673846,0.4652130807137347,0.1794448363135245,0.49735940883456675,5
validation,775536,2026-06-22T23:30:00-07:00,775536_1782196200_H30,768701,1,0.125,0.9874062043352021,0.8229949661357914,0.2214619790861544,0.5259408570260994,1
validation,775536,2026-06-22T23:30:00-07:00,775536_1782196200_H30,759870,5,0.125,0.9848626001852497,0.29119380591962934,0.6460699830605973,0.5144705832299057,2
validation,775536,2026-06-22T23:30:00-07:00,775536_1782196200_H30,774344,2,0.125,0.9564740058676477,0.7712518849544838,0.1310727864350811,0.5070077339680698,3
validation,775536,2026-06-22T23:30:00-07:00,775536_1782196200_H30,718405,3,0.125,0.9564751648339309,0.6368006006002778,0.1310748758077729,0.5003824782201702,4
validation,775536,2026-06-22T23:30:00-07:00,775536_1782196200_H30,759858,4,0.125,0.9564751648339309,0.4652130807137347,0.1310748758077729,0.4919265661126857,5
validation,775536,2026-06-22T23:35:00-07:00,775536_1782196500_H30,768701,1,0.125,0.9889064810495041,0.8229949661357914,0.1840639872721862,0.5251799820986683,1
validation,775536,2026-06-22T23:35:00-07:00,775536_1782196500_H30,759870,5,0.125,0.9755775453787692,0.29119380591962934,0.7021911345506271,0.5126521974860796,2
validation,775536,2026-06-22T23:35:00-07:00,775536_1782196500_H30,774344,2,0.125,0.9583062577465666,0.7712518849544838,0.19642682696595556,0.5102119058199515,3
validation,775536,2026-06-22T23:35:00-07:00,775536_1782196500_H30,718405,3,0.125,0.9583075226460316,0.6368006006002778,0.19642873386891788,0.5035866878619558,4
validation,775536,2026-06-22T23:35:00-07:00,775536_1782196500_H30,759858,4,0.125,0.9583075226460316,0.4652130807137347,0.19642873386891788,0.4951307757544713,5
validation,775536,2026-06-22T23:40:00-07:00,775536_1782196800_H30,768701,1,0.125,0.9986642383041978,0.8229949661357914,0.28359352852577946,0.5329919931360853,1
validation,775536,2026-06-22T23:40:00-07:00,775536_1782196800_H30,774344,2,0.125,0.9622978676113371,0.7712518849544838,0.25698698042774565,0.5141463943239278,2
validation,775536,2026-06-22T23:40:00-07:00,775536_1782196800_H30,718405,3,0.125,0.962298842576714,0.6368006006002778,0.25698868812687253,0.5075210469281896,3
validation,775536,2026-06-22T23:40:00-07:00,775536_1782196800_H30,759858,4,0.125,0.962298842576714,0.4652130807137347,0.25698868812687253,0.499065134820705,4
validation,775536,2026-06-22T23:40:00-07:00,775536_1782196800_H30,759870,5,0.125,0.9598960115280084,0.29119380591962934,0.13063033233118634,0.4847739633670334,5
validation,775536,2026-06-22T23:45:00-07:00,775536_1782197100_H30,768701,1,0.125,0.9854824162004551,0.8229949661357914,0.1830924883024877,0.5237027628231316,1
validation,775536,2026-06-22T23:45:00-07:00,775536_1782197100_H30,774344,2,0.125,0.9678301741319434,0.7712518849544838,0.3127119019142816,0.5185492905191912,2
validation,775536,2026-06-22T23:45:00-07:00,775536_1782197100_H30,718405,3,0.125,0.9678311937680258,0.6368006006002778,0.3127133635999175,0.5119239527647815,3
validation,775536,2026-06-22T23:45:00-07:00,775536_1782197100_H30,759870,5,0.125,0.9866893349337216,0.29119380591962934,0.5471582382487036,0.5115570200525673,4
validation,775536,2026-06-22T23:45:00-07:00,775536_1782197100_H30,759858,4,0.125,0.9678311937680258,0.4652130807137347,0.3127133635999175,0.503468040657297,5
validation,775536,2026-06-22T23:50:00-07:00,775536_1782197400_H30,768701,1,0.125,0.9940231733976467,0.8229949661357914,0.7846590606756525,0.5496928083540794,1
validation,775536,2026-06-22T23:50:00-07:00,775536_1782197400_H30,759870,5,0.125,0.9845317465838749,0.29119380591962934,0.5471582382487036,0.5106489776516817,2
validation,775536,2026-06-22T23:50:00-07:00,775536_1782197400_H30,774344,2,0.125,0.9572058046374992,0.7712518849544838,0.20541018749037002,0.5100832087028098,3
validation,775536,2026-06-22T23:50:00-07:00,775536_1782197400_H30,718405,3,0.125,0.9572058403226148,0.6368006006002778,0.20540022434928637,0.5034570315106593,4
validation,775536,2026-06-22T23:50:00-07:00,775536_1782197400_H30,759858,4,0.125,0.9572058403226148,0.4652130807137347,0.20540022434928637,0.4950011194031748,5
validation,775536,2026-06-22T23:55:00-07:00,775536_1782197700_H30,768701,1,0.125,0.9989831560183979,0.8229949661357914,0.3537368550505733,0.5357375625593919,1
validation,775536,2026-06-22T23:55:00-07:00,775536_1782197700_H30,774344,2,0.125,0.9524443053341818,0.7712518849544838,0.14450243950988714,0.5058117640962401,2
validation,775536,2026-06-22T23:55:00-07:00,775536_1782197700_H30,759870,5,0.125,0.9783719433954294,0.29119380591962934,0.4760177469297223,0.5054080905773584,3
validation,775536,2026-06-22T23:55:00-07:00,775536_1782197700_H30,718405,3,0.125,0.9524438514353086,0.6368006006002778,0.14449678977332248,0.4991855414405682,4
validation,775536,2026-06-22T23:55:00-07:00,775536_1782197700_H30,759858,4,0.125,0.9524438514353086,0.4652130807137347,0.14449678977332248,0.4907296293330837,5
validation,775536,2026-06-26T23:30:00-07:00,775536_1782541800_H30,768701,1,0.125,0.9905281104024529,0.8229949661357914,0.7229450251670042,0.5459243389032629,1
validation,775536,2026-06-26T23:30:00-07:00,775536_1782541800_H30,774344,2,0.125,0.9484001688098715,0.7712518849544838,0.6928964995600984,0.5245257853939063,2
validation,775536,2026-06-26T23:30:00-07:00,775536_1782541800_H30,718405,3,0.125,0.9483994795576085,0.6368006006002778,0.6929087609314082,0.517900130495942,3
validation,775536,2026-06-26T23:30:00-07:00,775536_1782541800_H30,759858,4,0.125,0.9483994795576085,0.4652130807137347,0.6929087609314082,0.5094442183884574,4
validation,775536,2026-06-26T23:30:00-07:00,775536_1782541800_H30,759870,5,0.125,0.9790449828828665,0.29119380591962934,0.36788545882194623,0.5016657138537624,5
validation,775536,2026-06-26T23:35:00-07:00,775536_1782542100_H30,768701,1,0.125,0.9852630238589823,0.8229949661357914,0.7229450251670042,0.5437084751467943,1
validation,775536,2026-06-26T23:35:00-07:00,775536_1782542100_H30,774344,2,0.125,0.9543738345497518,0.7712518849544838,0.6928964995600982,0.5270398617147739,2
validation,775536,2026-06-26T23:35:00-07:00,775536_1782542100_H30,759870,5,0.125,0.9790449004252293,0.29119380591962934,0.999974569682892,0.5251975790817581,3
validation,775536,2026-06-26T23:35:00-07:00,775536_1782542100_H30,718405,3,0.125,0.954373268983944,0.6368006006002778,0.6929087609314082,0.5204142588714779,4
validation,775536,2026-06-26T23:35:00-07:00,775536_1782542100_H30,759858,4,0.125,0.954373268983944,0.4652130807137347,0.6929087609314082,0.5119583467639933,5
validation,775536,2026-06-26T23:40:00-07:00,775536_1782542400_H30,774344,2,0.125,0.9392123762914758,0.7712518849544838,0.9349534765618484,0.5296704954710765,1
validation,775536,2026-06-26T23:40:00-07:00,775536_1782542400_H30,768701,1,0.125,0.9823210199244314,0.8229949661357914,0.3175571041389643,0.5273782101406698,2
validation,775536,2026-06-26T23:40:00-07:00,775536_1782542400_H30,718405,3,0.125,0.939211470060519,0.6368006006002778,0.9349419478115598,0.5230438635785246,3
validation,775536,2026-06-26T23:40:00-07:00,775536_1782542400_H30,759870,5,0.125,0.9810793045903188,0.29119380591962934,0.9163591576853966,0.5229408792841965,4
validation,775536,2026-06-26T23:40:00-07:00,775536_1782542400_H30,759858,4,0.125,0.939211470060519,0.4652130807137347,0.9349419478115598,0.5145879514710401,5
validation,775536,2026-06-26T23:45:00-07:00,775536_1782542700_H30,768701,1,0.125,0.9793145935226049,0.8229949661357914,0.3678737645851555,0.5279861532117794,1
validation,775536,2026-06-26T23:45:00-07:00,775536_1782542700_H30,774344,2,0.125,0.9409167009674881,0.7712518849544838,0.5965197517489992,0.5177883061749206,2
validation,775536,2026-06-26T23:45:00-07:00,775536_1782542700_H30,718405,3,0.125,0.9409166843825207,0.6368006006002778,0.5965333180664896,0.5111629829571828,3
validation,775536,2026-06-26T23:45:00-07:00,775536_1782542700_H30,759858,4,0.125,0.9409166843825207,0.4652130807137347,0.5965333180664896,0.5027070708496982,4
validation,775536,2026-06-26T23:45:00-07:00,775536_1782542700_H30,759870,5,0.125,0.9736199479108513,0.29119380591962934,0.19746874269050158,0.4930381295428603,5
validation,775536,2026-06-26T23:50:00-07:00,775536_1782543000_H30,768701,1,0.125,0.9929815440361962,0.8229949661357914,0.811771238359135,0.5502637813517811,1
validation,775536,2026-06-26T23:50:00-07:00,775536_1782543000_H30,759870,5,0.125,0.9906326410124437,0.29119380591962934,0.5196363326203228,0.5121919927387496,2
validation,775536,2026-06-26T23:50:00-07:00,775536_1782543000_H30,774344,2,0.125,0.9478767844695983,0.7712518849544838,0.32967050901100015,0.5107830571695671,3
validation,775536,2026-06-26T23:50:00-07:00,775536_1782543000_H30,718405,3,0.125,0.9478769247626094,0.6368006006002778,0.3296784901566103,0.5041575920464009,4
validation,775536,2026-06-26T23:50:00-07:00,775536_1782543000_H30,759858,4,0.125,0.9478769247626094,0.4652130807137347,0.3296784901566103,0.4957016799389163,5
validation,775536,2026-06-26T23:55:00-07:00,775536_1782543300_H30,768701,1,0.125,0.9813120134979263,0.8229949661357914,0.12241792751956906,0.5196887683408747,1
validation,775536,2026-06-26T23:55:00-07:00,775536_1782543300_H30,774344,2,0.125,0.9359550310765591,0.7712518849544838,0.13672369828739697,0.49858249694002044,2
validation,775536,2026-06-26T23:55:00-07:00,775536_1782543300_H30,759870,5,0.125,0.9822264727400959,0.29119380591962934,0.14029684824414299,0.49453183136591367,3
validation,775536,2026-06-26T23:55:00-07:00,775536_1782543300_H30,718405,3,0.125,0.935955509530808,0.6368006006002778,0.1367260673488649,0.4919569652043683,4
validation,775536,2026-06-26T23:55:00-07:00,775536_1782543300_H30,759858,4,0.125,0.935955509530808,0.4652130807137347,0.1367260673488649,0.4835010530968838,5
